4,0633
3,249
1,6644999999999999
2,4450000000000003
1,4168
1,4229
1,3224
1,3256999999999999
1,3656
1,2861
1,3229
1,2985
1,3006
1,2927
1,5635000000000001
1,5877000000000001
1,3994
1,4322
1,6656
1,2871
1,5549
1,5927
2,1254999999999997
1,2116
2,4211
1,7309999999999999
2,8324000000000003
1,2657
1,2502
1,2164000000000001
2,0563000000000002
1,0975
1,1966999999999999
1,1694
2,0824
1,467
1,3324
1,3275
1,5716
1,2677
1,2114999999999998
1,1798
1,5841
1,0894
1,0656999999999999
1,1731999999999998
1,908
1,1663999999999999
1,3947
1,1029
1,8104
1,25
1,1576
1,1328
1,5008000000000001
1,1172
1,1023999999999998
1,0383
1,3311
1,3461
1,2957
1,4632
1,2067
1,8256
1,2110999999999998
1,1846999999999999
1,2098
1,3148000000000002
1,163
1,0746
1,3394
2,0471999999999997
1,217
1,3838
1,2707
1,2107
1,4291
1,1245
1,1282
1,0987
1,0915
1,2939
1,557
1,1419
1,0583
1,2106000000000001
1,5363
1,1491
1,0347
1,0626
1,0649
1,1987
0,9353
0,9364
1,0198
1,0839
1,8155000000000001
1,0418999999999998
1,0404
1,1654
1,1914
1,2454
0,9483
1,044
0,9156000000000001
0,8842
1,1833
0,8786
0,977
0,9768000000000001
0,9387
1,1406999999999998
0,8445
0,8938
0,869
0,8533
1,4989999999999999
0,9362
0,8959
0,8310000000000001
0,8934000000000001
1,1478
0,8185
0,8901
0,8288
0,8204
1,2934
0,8592
0,8057
0,8085
0,7923
0,9365
0,9607
0,8273
1,2030999999999998
0,8107
0,7229
0,7931
1,0153
0,7988999999999999
0,8329
0,7862
0,7755000000000001
0,8622000000000001
1,287
0,8092
1,7447000000000001
1,4541
0,7583
0,8845
1,6695
0,8523
0,7174
0,8005
0,7893
0,8559
0,9650000000000001
0,7778
0,7663
0,7110000000000001
1,2497
0,8166
0,9263
0,7617
0,8321999999999999
0,7917
0,7691
0,8418
1,1715
2,3621
0,7621
0,7671
0,7557
0,7571
0,9885
0,7603
0,8662
0,7464000000000001
0,7638
0,7492
1,0301
0,8065
0,7581
0,7584
0,7691
0,7599
0,9676
1,135
0,7763
0,7427999999999999
0,963
0,9646
0,9358
1,8306
0,9631000000000001
0,7878
0,7551
0,7554000000000001
1,1032
1,677
0,7664
0,7106
0,6395
0,7524
0,9502999999999999
0,6367999999999999
0,6252
0,6072
0,6032000000000001
0,6062
0,5944
0,8172999999999999
0,6995
1,1942000000000002
0,6209
0,5827
0,5649000000000001
0,562
0,7488
0,5214
0,5235
0,5176000000000001
0,5218
0,5222
0,5578
0,5490999999999999
0,7492
0,5224
0,6533
0,9609
0,5733999999999999
0,5609999999999999
0,5441
0,9469
0,5447
0,5373
0,5511
0,7291
0,5967
0,637
0,794
0,606
0,6201
0,6142
0,6037
0,5923
0,6539999999999999
0,7782
0,5804
0,5869
0,5301
0,5353
0,5331
0,5432
1,2046
0,647
0,5183
0,5113
0,5054000000000001
0,5012000000000001
0,488
0,5296
1,0792
0,4925
0,4612
0,4616
0,455
0,4587
0,4657
0,4656
0,6775
0,4541
0,4667
0,4575
0,4595
0,46309999999999996
0,458
0,5021
0,704
0,44260000000000005
0,4515
0,4514
0,4423
0,4444
0,5463
0,6972
0,6891
0,47350000000000003
0,46890000000000004
0,4706
0,4702
0,4622
0,4632
1,0129
0,7152000000000001
0,44329999999999997
0,45830000000000004
0,45830000000000004
0,45130000000000003
0,44930000000000003
0,46059999999999995
0,4662
0,8749
0,467
0,47869999999999996
0,4751
0,475
0,5323
0,5368
0,5421999999999999
0,7368
0,5115999999999999
0,516
0,5173000000000001
0,6706000000000001
1,028
0,5165000000000001
0,7657999999999999
0,6769000000000001
0,6008
0,536
0,5277
0,5279
0,5603
0,7541
0,5327
0,518
0,5199
0,5328
0,5281
0,5241
0,7288
0,5176000000000001
0,5785
0,5146999999999999
0,5162
0,5125000000000001
0,5445
0,7454000000000001
0,5264
0,5135
0,5128
0,6639
0,7581
0,5312
0,5328
1,0062
0,7424000000000001
0,5059
0,5111
0,5117
0,5112
0,5046
0,6243000000000001
0,905
0,49759999999999993
0,4956
0,495
0,49269999999999997
0,5054000000000001
0,4819
0,4749
0,6917
0,4702
0,4799
0,4607
0,4728
0,4729
0,47100000000000003
0,4797
0,9997999999999999
0,4719
0,481
0,4712
0,5860000000000001
0,5446
0,4893
0,4726
0,7001000000000001
0,4738
0,4572
0,45380000000000004
0,4392
0,45239999999999997
0,442
0,46
0,6646
0,4593
0,4557
0,5186999999999999
0,4642
0,4723
0,48710000000000003
0,5153
0,7127
0,49529999999999996
0,49030000000000007
0,4859
0,4983
0,5049
0,5051
0,6734
1,1157000000000001
0,7954
0,5691999999999999
0,5567000000000001
0,5172
0,5114
0,5527000000000001
0,708
0,4748
0,4774
0,49240000000000006
0,4975
0,5155
0,5292
0,5857
0,7605999999999999
0,5432
0,5313
0,5347999999999999
0,7392
0,5209
0,5013
0,7343999999999999
0,5235
0,5163
0,6926
0,5937
0,6286
0,5361
0,7414999999999999
0,5223
0,5245
0,535
0,5315
0,5324
0,7327
0,7504000000000001
0,5364
0,5416000000000001
0,5285
0,5875
0,5278
0,7461
0,9717
0,5075000000000001
0,5067999999999999
0,5167
0,5183
0,5214
0,5393
0,8106
0,5382
0,6650999999999999
1,2731000000000001
0,6135
0,5244
0,517
0,7522
0,6545
0,4908
0,5001
0,4908
0,4799
0,4957
0,4885999999999999
0,7586999999999999
0,4716
0,4711
0,4747
0,4849
0,4912
0,49319999999999997
0,5362
0,7302
0,5072
0,5099
0,5352
0,5346
0,5291
0,5220999999999999
1,1771
0,5741
0,5264
0,5035000000000001
0,5284000000000001
0,579
0,5472
0,7288
0,4788
0,6664
0,4752
0,48069999999999996
0,4774
0,4798
0,4994
0,7046
0,4541
0,4563
0,45830000000000004
0,46099999999999997
0,4682
0,4591
0,48519999999999996
0,9112
0,4605
0,45790000000000003
0,45489999999999997
0,4458
0,4525
0,683
0,6218
1,2573
0,4788
0,45899999999999996
0,4598
0,45239999999999997
0,45740000000000003
0,4607
0,45790000000000003
0,6653
0,4609
0,458
0,4522
0,5133
0,4395
0,4231
0,4206
0,6346999999999999
0,4321
0,42969999999999997
0,41800000000000004
0,4028
0,3969
0,383
0,366
0,3585
0,5497
0,3525
0,34900000000000003
0,3479
0,3591
0,507
0,5877
0,3964
0,6605
0,6123
0,6474
0,3766
0,3883
0,40240000000000004
0,3957
0,402
0,39609999999999995
0,40440000000000004
0,3993
0,5883
0,3734
0,3748
0,4364
0,40059999999999996
0,3987
0,4164
0,4144
0,4476
0,6346999999999999
0,4133
0,4122
0,4038
0,4211
0,41140000000000004
0,4104
0,4036
0,3976
0,6288
0,3885
0,45849999999999996
0,6648000000000001
0,4944
0,398
0,5236999999999999
0,6174999999999999
0,4763
0,4281
0,6145
0,4177
0,42250000000000004
0,4231
0,43110000000000004
0,42460000000000003
0,4233
0,4361
0,4502
0,6135
0,4296
0,4214
0,4153
0,4107
0,48119999999999996
0,42939999999999995
0,4263
0,45
0,6453
0,4133
0,4153
0,4095
0,4151
0,4194
0,4229
0,4921
0,5469999999999999
0,6648999999999999
0,4285
0,4442
0,6927
0,5909
0,4581
0,4469
0,5951
0,7024
0,6419
0,4642
0,449
0,4897
0,446
0,4393
0,4282
0,6518999999999999
0,44329999999999997
0,4497
0,442
0,44539999999999996
0,4349
0,4598
0,4616
0,652
0,4424
0,4349
0,433
0,4761
0,4421
0,4112
0,4123
0,4115
0,755
0,49490000000000006
0,5352
0,5723
0,4209
0,4231
0,4128
0,4532
0,4412
0,6472
0,4131
0,4199
0,3992
0,3832
0,36860000000000004
0,37139999999999995
0,3688
0,3793
0,5842
0,3796
0,3831
0,3896
0,39239999999999997
0,4
0,3952
0,38939999999999997
0,4211
0,6134
0,3967
0,5544
0,4284
0,4375
0,4012
0,39609999999999995
0,39149999999999996
0,3921
0,6185999999999999
0,3989
0,5107
0,5284000000000001
0,4086
0,4053
0,4143
0,467
0,4307
0,6446
0,4618
0,4178
0,4281
0,4375
0,44289999999999996
0,4502
0,4536
0,662
0,4656
0,4769
0,465
0,4593
0,4564
0,4703
0,4788
0,6853
0,8619
0,6492
0,4777
0,46040000000000003
0,5113
0,4473
0,4431
0,8027000000000001
0,5942999999999999
0,7376
0,42769999999999997
0,4197
0,4215
0,4154
0,4387
0,43679999999999997
0,6476000000000001
0,40900000000000003
0,41
0,4084
0,4122
0,4086
0,4143
0,4205
0,4143
0,6303
0,42260000000000003
0,4263
0,4404
0,44289999999999996
0,435
0,5006
0,5942000000000001
0,7319
0,437
0,4369
0,4244
0,4307
0,4312
0,4197
0,42700000000000005
0,4254
0,8318000000000001
0,6428
0,4373
0,43379999999999996
0,4224
0,46490000000000004
0,42069999999999996
0,4236
0,4282
0,8040999999999999
0,4314
0,438
0,4376
0,4198
0,4375
0,4292
0,48710000000000003
0,6593
0,4275
0,4313
0,4304
0,5978
0,5461
0,4456
0,4275
0,6371
0,4123
0,4237
0,42460000000000003
0,42939999999999995
0,4261
0,419
0,4088
0,6607
0,6645000000000001
0,3971
0,44630000000000003
0,37970000000000004
0,3832
0,3942
0,3925
0,3832
0,3744
0,6352000000000001
0,36689999999999995
0,3775
0,3692
0,3553
0,34680000000000005
0,3508
0,34469999999999995
0,38880000000000003
0,3546
0,5592
0,3418
0,35579999999999995
0,4699
0,363
0,3659
0,3689
0,3636
0,3578
0,3559
0,626
0,3459
0,3524
0,3482
0,35369999999999996
0,35579999999999995
0,3454
0,3448
0,33540000000000003
0,36729999999999996
0,6944
0,4731
0,4354
0,3076
0,3019
0,3057
0,30019999999999997
0,3031
0,31629999999999997
0,305
0,3117
0,5261
0,313
0,3162
0,3156
0,3217
0,3239
0,3109
0,3043
0,2893
0,2898
0,3067
0,5153
0,2985
0,3038
0,4597
0,4929
0,32449999999999996
0,33399999999999996
0,317
0,3199
0,3257
0,3311
0,5687
0,33290000000000003
0,3371
0,3498
0,3514
0,3567
0,3531
0,34459999999999996
0,39809999999999995
0,3545
0,8182
0,3435
0,3408
0,3476
0,3482
0,3511
0,3429
0,3548
0,3654
0,3649
0,5860000000000001
0,3467
0,3459
0,3452
0,3453
0,34059999999999996
0,3404
0,3455
0,3923
0,35
0,559
0,4496
0,32380000000000003
0,3148
0,31320000000000003
0,3157
0,3199
0,3309
0,3384
0,3487
0,5392
0,3412
0,3332
0,333
0,328
0,32689999999999997
0,3348
0,3414
0,34230000000000005
0,3557
0,5677
0,3352
0,38739999999999997
0,4022
0,4819
0,35760000000000003
0,3094
0,3123
0,3088
0,3227
0,31589999999999996
0,553
0,3091
0,3031
0,3018
0,3069
0,3063
0,30729999999999996
0,30519999999999997
0,2986
0,2983
0,2942
0,5493
0,29
0,2902
0,46930000000000005
0,3469
0,3421
0,35050000000000003
0,32220000000000004
0,3728
0,47909999999999997
0,3189
0,5568
0,3361
0,3351
0,3355
0,3331
0,3524
0,36279999999999996
0,3658
0,3679
0,4209
0,5769
0,5659000000000001
0,3457
0,43970000000000004
0,5172
0,3319
0,3305
0,3307
0,3384
0,3343
0,3284
0,5429
0,3361
0,3396
0,3422
0,3443
0,35819999999999996
0,3503
0,3388
0,324
0,3495
0,5569999999999999
0,3643
0,32830000000000004
0,328
0,3277
0,3202
0,33359999999999995
0,3293
0,3279
0,3382
0,569
0,33599999999999997
0,33149999999999996
0,3301
0,3241
0,3248
0,3305
0,33490000000000003
0,3416
0,3487
0,5616
0,3638
0,49879999999999997
0,6462
0,5129
0,5195
0,4209
0,34440000000000004
0,3387
0,3493
0,5812999999999999
0,3498
0,4627
0,33780000000000004
0,34230000000000005
0,3306
0,3262
0,3212
0,3289
0,3361
0,5618
0,3271
0,3302
0,3352
0,337
0,3436
0,3393
0,34049999999999997
0,34640000000000004
0,34400000000000003
0,5484
0,32180000000000003
0,3237
0,31579999999999997
0,30519999999999997
0,29819999999999997
0,2806
0,28509999999999996
0,2814
0,28850000000000003
0,2918
0,6541
0,41159999999999997
0,2837
0,2884
0,2923
0,3004
0,303
0,377
0,5231
0,3994
0,3466
0,5647
0,3323
0,3264
0,32699999999999996
0,3256
0,3264
0,3639
0,3105
0,3026
0,3045
0,30479999999999996
0,5095
0,4259
0,41100000000000003
0,2927
0,3036
0,29760000000000003
0,299
0,2985
0,2952
0,2942
0,2853
0,519
0,27530000000000004
0,2706
0,2741
0,2817
0,2725
0,2752
0,275
0,2736
0,2816
0,2722
0,2845
0,5169
0,2894
0,49280000000000007
0,3461
0,3235
0,3513
0,3383
0,3392
0,3383
0,4749
0,7842
0,5937
0,4737
0,47600000000000003
0,3498
0,3531
0,34640000000000004
0,3479
0,3441
0,3409
0,4041
0,5599
0,33780000000000004
0,3404
0,3376
0,3313
0,3325
0,3389
0,3473
0,3448
0,35100000000000003
0,5846
0,3484
0,3568
0,3634
0,36019999999999996
0,3721
0,3657
0,3514
0,33349999999999996
0,36729999999999996
0,7536
0,3125
0,3074
0,3067
0,29100000000000004
0,2803
0,2806
0,2873
0,2837
0,3858
0,4504
0,506
0,5267
0,29100000000000004
0,2842
0,3018
0,2824
0,2771
0,2742
0,2771
0,2797
0,2787
0,34459999999999996
0,2859
0,49069999999999997
0,2675
0,28009999999999996
0,2745
0,27490000000000003
0,2934
0,2881
0,2924
0,294
0,2965
0,3054
0,3049
0,5184
0,2938
0,39599999999999996
0,2817
0,2949
0,2999
0,29550000000000004
0,3275
0,27769999999999995
0,2716
0,2745
0,5680000000000001
0,6502
0,28459999999999996
0,2808
0,2941
0,2922
0,289
0,2904
0,28200000000000003
0,2845
0,29550000000000004
0,4436
0,6920999999999999
0,3617
0,3124
0,31070000000000003
0,3084
0,3024
0,3119
0,312
0,3157
0,3248
0,3255
0,6269
0,3069
0,31139999999999995
0,31520000000000004
0,3237
0,3265
0,3217
0,3223
0,3217
0,3676
0,3305
0,5078
0,3108
0,305
0,2993
0,2903
0,2797
0,2717
0,2716
0,26170000000000004
0,2544
0,2611
0,3861
0,5023
0,4731
0,26689999999999997
0,262
0,2665
0,26630000000000004
0,2632
0,2693
0,2706
0,26489999999999997
0,27090000000000003
0,2852
0,5072
0,4218
0,4948
0,30870000000000003
0,3095
0,3186
0,30519999999999997
0,3045
0,3001
0,29619999999999996
0,34049999999999997
0,49989999999999996
0,29
0,28400000000000003
0,2778
0,27040000000000003
0,2713
0,2694
0,2701
0,2816
0,2791
0,2827
0,3069
0,5149
0,2986
0,30029999999999996
0,3088
0,3042
0,3038
0,292
0,2918
0,27980000000000005
0,28190000000000004
0,28509999999999996
0,5934999999999999
0,5321
0,2758
0,27799999999999997
0,2964
0,2766
0,2697
0,2615
0,2621
0,27090000000000003
0,2667
0,2884
0,5059
0,2771
0,2748
0,2772
0,47350000000000003
0,5403
0,32870000000000005
0,28350000000000003
0,2904
0,2845
0,2772
0,4048
0,6532
0,34450000000000003
0,3407
0,36460000000000004
0,2639
0,2641
0,27280000000000004
0,27090000000000003
0,2727
0,2855
0,30029999999999996
0,3257
0,49240000000000006
0,2727
0,2648
0,2557
0,2475
0,2439
0,2437
0,2519
0,2532
0,2585
0,2521
0,24869999999999998
0,3525
0,4671
0,2253
0,28200000000000003
0,3004
0,2257
0,2271
0,2299
0,2239
0,2306
0,23
0,2263
0,2321
0,22910000000000003
0,2333
0,4703
0,2385
0,2339
0,23479999999999998
0,23020000000000002
0,2187
0,2129
0,35100000000000003
0,2743
0,3994
0,2478
0,2468
0,252
0,494
0,2589
0,2529
0,2566
0,2615
0,2583
0,2584
0,2696
0,2631
0,2596
0,26289999999999997
0,3572
0,5653
0,2516
0,25520000000000004
0,2587
0,2535
0,2549
0,263
0,26659999999999995
0,26489999999999997
0,2592
0,29910000000000003
0,2783
0,4768
0,2651
0,6311
0,3751
0,2759
0,29329999999999995
0,2757
0,2858
0,2961
0,29569999999999996
0,2899
0,2877
0,5418000000000001
0,29710000000000003
0,3
0,2998
0,2961
0,2917
0,2841
0,2852
0,27940000000000004
0,2783
0,42210000000000003
0,7734000000000001
0,36319999999999997
0,27559999999999996
0,2778
0,2744
0,3351
0,2888
0,2811
0,2804
0,2684
0,2834
0,2825
0,5085
0,27559999999999996
0,2804
0,2759
0,2834
0,2751
0,2762
0,2795
0,2816
0,28259999999999996
0,2821
0,2733
0,5199
0,2793
0,3925
0,27280000000000004
0,277
0,2761
0,2718
0,2637
0,25589999999999996
0,25179999999999997
0,252
0,24600000000000002
0,49160000000000004
0,2392
0,2411
0,2384
0,2459
0,2541
0,2536
0,2529
0,24760000000000001
0,2498
0,2571
0,24850000000000003
0,24630000000000002
0,4653
0,24330000000000002
0,24669999999999997
0,3786
0,3747
0,5049
0,2859
0,29359999999999997
0,2922
0,2636
0,2614
0,25589999999999996
0,2631
0,5005
0,3528
0,2653
0,2595
0,25720000000000004
0,24250000000000002
0,2509
0,24250000000000002
0,25060000000000004
0,2448
0,24130000000000001
0,2356
0,2403
0,45780000000000004
0,2415
0,2893
0,25070000000000003
0,24669999999999997
0,24459999999999998
0,2417
0,2369
0,22870000000000001
0,216
0,2108
0,20980000000000001
0,21139999999999998
0,2257
0,4171
0,20570000000000002
0,2021
0,2089
0,20359999999999998
0,2016
0,2009
0,19619999999999999
0,18939999999999999
0,19770000000000001
0,19269999999999998
0,20049999999999998
0,1988
0,2014
0,2095
0,4229
0,21509999999999999
0,22
0,2266
0,2333
0,2257
0,4844
0,34640000000000004
0,22440000000000002
0,2179
0,2107
0,20379999999999998
0,20350000000000001
0,2945
0,4142
0,19560000000000002
0,1907
0,1912
0,1881
0,1903
0,1867
0,1803
0,18780000000000002
0,17679999999999998
0,1899
0,1849
0,18939999999999999
0,18359999999999999
0,1936
0,1898
0,4075
0,19190000000000002
0,1953
0,1999
0,207
0,2108
0,21130000000000002
0,2103
0,2199
0,2585
0,2252
0,2277
0,2256
0,2375
0,2368
0,4235
0,2228
0,21660000000000001
0,2608
0,2049
0,2974
0,1959
0,183
0,1784
0,17980000000000002
0,1797
0,1766
0,17809999999999998
0,1777
0,17880000000000001
0,18080000000000002
0,4364
0,18939999999999999
0,17789999999999997
0,1714
0,1675
0,1653
0,1605
0,1671
0,171
0,178
0,1848
0,35359999999999997
0,2127
0,4042
0,432
0,23729999999999998
0,632
0,20120000000000002
0,1912
0,19039999999999999
0,1862
0,1958
0,1955
0,1939
0,1942
0,1951
0,183
0,1853
0,1874
0,2455
0,2608
0,2566
0,49240000000000006
0,18139999999999998
0,1842
0,1897
0,19799999999999998
0,1959
0,20029999999999998
0,2029
0,21359999999999998
0,212
0,20929999999999999
0,2562
0,2144
0,2141
0,2657
0,43770000000000003
0,21350000000000002
0,2053
0,2006
0,1957
0,1963
0,1965
0,1888
0,19090000000000001
0,1968
0,2028
0,2062
0,2076
0,2087
0,21469999999999997
0,423
0,2284
0,3372
0,2094
0,21350000000000002
0,2075
0,2006
0,2004
0,19019999999999998
0,1981
0,1984
0,2009
0,1953
0,1946
0,2908
0,4844
0,2132
0,214
0,2043
0,3325
0,3639
0,2372
0,2142
0,20929999999999999
0,2177
0,22949999999999998
0,229
0,2386
0,23650000000000002
0,442
0,2221
0,222
0,2164
0,22
0,2125
0,21230000000000002
0,2061
0,2154
0,2198
0,2337
0,2306
0,2356
0,26180000000000003
0,5811
0,2331
0,22890000000000002
0,2278
0,225
0,22130000000000002
0,2177
0,2195
0,2094
0,2128
0,21230000000000002
0,2146
0,20909999999999998
0,24810000000000001
0,4078
0,1961
0,19799999999999998
0,19039999999999999
0,19349999999999998
0,1926
0,1884
0,1885
0,1847
0,19190000000000002
0,2018
0,204
0,2103
0,2002
0,1978
0,41159999999999997
0,1995
0,1932
0,1959
0,1941
0,1872
0,3439
0,21469999999999997
0,19090000000000001
0,1872
0,1853
0,17579999999999998
0,1776
0,1776
0,1817
0,2275
0,4863
0,272
0,1889
0,2397
0,1875
0,18760000000000002
0,1912
0,189
0,1915
0,1907
0,1828
0,18080000000000002
0,1741
0,1757
0,16990000000000002
0,1751
0,3945
0,1724
0,17229999999999998
0,1762
0,1738
0,174
0,1756
0,184
0,1914
0,1984
0,3063
0,2046
0,2018
0,20909999999999998
0,228
0,21230000000000002
0,4034
0,1942
0,1915
0,2
0,2039
0,2146
0,21689999999999998
0,2215
0,2241
0,2281
0,2311
0,2283
0,2231
0,21910000000000002
0,4668
0,2233
0,2186
0,2205
0,2086
0,2052
0,2016
0,19469999999999998
0,1993
0,20249999999999999
0,2024
0,196
0,196
0,3236
0,1986
0,4011
0,1875
0,19010000000000002
0,19870000000000002
0,19799999999999998
0,1946
0,1996
0,1981
0,1936
0,1916
0,3166
0,25680000000000003
0,192
0,1739
0,1717
0,174
0,3834
0,187
0,1733
0,1733
0,1749
0,16970000000000002
0,1681
0,16620000000000001
0,17049999999999998
0,179
0,183
0,1778
0,17809999999999998
0,1739
0,1753
0,1741
0,17479999999999998
0,37
0,22890000000000002
0,29159999999999997
0,24939999999999998
0,2455
0,26689999999999997
0,2059
0,1778
0,1775
0,174
0,1818
0,1753
0,1706
0,1707
0,18760000000000002
0,2375
0,2334
0,4415
0,165
0,1613
0,165
0,1692
0,1627
0,1655
0,1615
0,1582
0,15880000000000002
0,148
0,1528
0,1523
0,1532
0,1522
0,1544
0,1561
0,2014
0,37070000000000003
0,1549
0,1536
0,1522
0,15510000000000002
0,2771
0,183
0,15339999999999998
0,1553
0,20450000000000002
0,1573
0,1548
0,1516
0,1565
0,1558
0,15100000000000002
0,1509
0,155
0,15510000000000002
0,3687
0,15330000000000002
0,1564
0,25999999999999995
0,163
0,1838
0,1531
0,15589999999999998
0,1535
0,1535
0,1497
0,1502
0,1538
0,15430000000000002
0,1546
0,1577
0,162
0,1627
0,1852
0,4391
0,156
0,1565
0,1516
0,14909999999999998
0,1459
0,1482
0,14300000000000002
0,1435
0,20029999999999998
0,13640000000000002
0,1328
0,1393
0,1297
0,1316
0,13190000000000002
0,1271
0,12469999999999999
0,1255
0,12840000000000001
0,32239999999999996
0,1476
0,1326
0,12999999999999998
0,1288
0,1292
0,134
0,1392
0,1351
0,1392
0,1424
0,1402
0,1452
0,1431
0,1359
0,1344
0,13210000000000002
0,1288
0,1282
0,13019999999999998
0,3434
0,1205
0,1178
0,1155
0,1173
0,1189
0,1194
0,1264
0,12769999999999998
0,1263
0,131
0,13090000000000002
0,12669999999999998
0,1275
0,12589999999999998
0,1187
0,1226
0,12329999999999999
0,11620000000000001
0,1207
0,1211
0,1197
0,4466
0,14229999999999998
0,1273
0,136
0,1341
0,12669999999999998
0,1343
0,1365
0,1361
0,1441
0,1454
0,1493
0,15669999999999998
0,1591
0,1565
0,1631
0,15919999999999998
0,1593
0,1615
0,1661
0,3989
0,15589999999999998
0,2648
0,1593
0,1789
0,1532
0,15410000000000001
0,15259999999999999
0,14809999999999998
0,1428
0,15080000000000002
0,1518
0,1503
0,15239999999999998
0,153
0,15760000000000002
0,1536
0,15860000000000002
0,15919999999999998
0,3904
0,1622
0,1509
0,156
0,21910000000000002
0,1622
0,16019999999999998
0,155
0,1563
0,162
0,1672
0,1626
0,1584
0,1538
0,1591
0,1544
0,155
0,2187
0,2205
0,3841
0,1572
0,157
0,1573
0,15660000000000002
0,15510000000000002
0,1552
0,1518
0,1571
0,1587
0,1583
0,1673
0,15880000000000002
0,1608
0,1577
0,1546
0,1494
0,1505
0,1509
0,392
0,15100000000000002
0,1519
0,1522
0,1485
0,1479
0,1401
0,1422
0,14809999999999998
0,14109999999999998
0,2515
0,1957
0,1254
0,125
0,1185
0,1145
0,114
0,1121
0,1098
0,10919999999999999
0,1154
0,3386
0,1072
0,108
0,1087
0,1017
0,0982
0,0953
0,0959
0,09509999999999999
0,0968
0,0979
0,0932
0,0925
0,0971
0,09780000000000001
0,0984
0,1004
0,103
0,1012
0,1021
0,0986
0,0968
0,1008
0,0984
0,09899999999999999
0,17909999999999998
0,3651
0,12999999999999998
0,1052
0,10569999999999999
0,2703
0,1176
0,1153
0,11900000000000001
0,1216
0,1712
0,1313
0,133
0,1359
0,13660000000000003
0,1368
0,1386
0,14320000000000002
0,14889999999999998
0,1916
0,24640000000000004
0,1582
0,15430000000000002
0,3573
0,1454
0,1443
0,1435
0,1416
0,1395
0,1342
0,1254
0,1173
0,1106
0,10919999999999999
0,1061
0,1075
0,1061
0,1091
0,11170000000000001
0,1152
0,1234
0,12530000000000002
0,1224
0,12310000000000001
0,1254
0,32880000000000004
0,1258
0,1327
0,12469999999999999
0,1234
0,1141
0,1104
0,1098
0,1105
0,1121
0,1172
0,1129
0,1178
0,1181
0,1207
0,1205
0,1237
0,1215
0,1264
0,1234
0,1234
0,125
0,1343
0,3188
0,1196
0,1226
0,12229999999999999
0,2352
0,21910000000000002
0,20149999999999998
0,1922
0,2092
0,1739
0,1324
0,1218
0,121
0,1225
0,1239
0,1289
0,1261
0,1318
0,13329999999999997
0,13660000000000003
0,132
0,1331
0,3535
0,1405
0,1388
0,1382
0,135
0,1385
0,1421
0,1408
0,135
0,131
0,1327
0,1371
0,1381
0,1384
0,2325
0,1895
0,19699999999999998
0,1373
0,132
0,1368
0,3649
0,1291
0,1342
0,13540000000000002
0,13190000000000002
0,12999999999999998
0,1304
0,1338
0,1472
0,1519
0,1426
0,1439
0,19
0,15100000000000002
0,152
0,1539
0,1542
0,1519
0,1512
0,1535
0,3655
0,1625
0,2171
0,1539
0,1507
0,1549
0,1589
0,1575
0,1608
0,16190000000000002
0,16090000000000002
0,1664
0,1688
0,1737
0,1818
0,1834
0,19249999999999998
0,1959
0,4218
0,20829999999999999
0,2115
0,20729999999999998
0,2034
0,2021
0,19890000000000002
0,19799999999999998
0,1967
0,1957
0,1949
0,3098
0,2033
0,1862
0,1795
0,1782
0,38420000000000004
0,1738
0,1683
0,1693
0,17909999999999998
0,1785
0,1789
0,17789999999999997
0,1772
0,1724
0,16190000000000002
0,157
0,1547
0,1523
0,148
0,1482
0,1486
0,1479
0,4198
0,1514
0,1512
0,1546
0,1606
0,162
0,1684
0,1651
0,2182
0,2453
0,1617
0,1691
0,1681
0,1656
0,17029999999999998
0,17029999999999998
0,1648
0,1895
0,34890000000000004
0,16679999999999998
0,1531
0,1527
0,1472
0,14909999999999998
0,1407
0,1375
0,13349999999999998
0,1287
0,1241
0,1192
0,1218
0,1239
0,12510000000000002
0,1305
0,13290000000000002
0,1317
0,1296
0,1289
0,1316
0,32989999999999997
0,1187
0,1167
0,1148
0,11510000000000001
0,1192
0,1214
0,1204
0,1264
0,1248
0,12459999999999999
0,1242
0,12669999999999998
0,1831
0,12469999999999999
0,129
0,1274
0,128
0,12689999999999999
0,1271
0,1301
0,1242
0,32689999999999997
0,1295
0,13620000000000002
0,13770000000000002
0,1351
0,1305
0,1291
0,2405
0,1476
0,133
0,13660000000000003
0,1359
0,1422
0,13770000000000002
0,1404
0,1374
0,13620000000000002
0,1368
0,14100000000000001
0,1461
0,1462
0,3469
0,135
0,1336
0,1301
0,1318
0,1357
0,135
0,1331
0,1282
0,1258
0,1255
0,1315
0,12530000000000002
0,13210000000000002
0,1293
0,12689999999999999
0,1228
0,1262
0,1225
0,1189
0,1237
0,1303
0,3276
0,1235
0,1166
0,115
0,1144
0,11620000000000001
0,1159
0,1199
0,2197
0,22130000000000002
0,1493
0,13349999999999998
0,13870000000000002
0,14200000000000002
0,14200000000000002
0,1761
0,145
0,13990000000000002
0,2283
0,2251
0,29510000000000003
0,1963
0,5025000000000001
0,196
0,153
0,1402
0,1383
0,1436
0,1467
0,1474
0,15
0,14679999999999999
0,1467
0,1483
0,1479
0,149
0,161
0,1496
0,1476
0,1454
0,1436
0,1469
0,3613
0,1603
0,1441
0,1472
0,2405
0,24600000000000002
0,2369
0,22469999999999998
0,2536
0,201
0,2142
0,2271
0,2111
0,1893
0,2099
0,2363
0,2249
0,1822
0,2412
0,1854
0,47459999999999997
0,1822
0,1682
0,1589
0,1429
0,1395
0,1426
0,1463
0,1525
0,152
0,18139999999999998
0,1487
0,1409
0,1445
0,1546
0,1507
0,1382
0,1418
0,1385
0,1535
0,2935
0,2521
0,3799
0,2719
0,3211
0,1847
0,1564
0,1555
0,15510000000000002
0,16990000000000002
0,15109999999999998
0,15
0,1474
0,1388
0,13520000000000001
0,1444
0,1314
0,1283
0,1271
0,1298
0,126
0,12219999999999999
0,1168
0,335
0,124
0,1263
0,1641
0,1893
0,1425
0,1451
0,1427
0,1402
0,1368
0,14100000000000001
0,1401
0,1461
0,1429
0,1414
0,1415
0,13990000000000002
0,1384
0,1347
0,13090000000000002
0,1356
0,3261
0,16469999999999999
0,1388
0,365
0,34190000000000004
0,23220000000000002
0,1986
0,1584
0,12290000000000001
0,1225
0,1287
0,1252
0,1257
0,1235
0,1254
0,1273
0,132
0,13779999999999998
0,1415
0,1492
0,1447
0,13999999999999999
0,3413
0,1298
0,13329999999999997
0,1325
0,1297
0,1249
0,1252
0,1236
0,1226
0,12430000000000001
0,12290000000000001
0,1189
0,1187
0,12079999999999999
0,1224
0,128
0,1211
0,1242
0,1209
0,1292
0,1358
0,1738
0,1726
0,4292
0,1159
0,1183
0,11069999999999999
0,115
0,1116
0,22790000000000002
0,12079999999999999
0,1176
0,165
0,1129
0,1219
0,11299999999999999
0,1166
0,1187
0,11699999999999999
0,1118
0,1033
0,1044
0,1014
0,0987
0,10110000000000001
0,1086
0,15880000000000002
0,1237
0,3119
0,11900000000000001
0,12029999999999999
0,1204
0,1206
0,1172
0,118
0,12329999999999999
0,1282
0,1363
0,1295
0,1275
0,1264
0,1257
0,1237
0,128
0,12459999999999999
0,1265
0,1292
0,1316
0,1313
0,131
0,1274
0,3081
0,1252
0,12000000000000001
0,1168
0,11510000000000001
0,11610000000000001
0,1216
0,12029999999999999
0,12469999999999999
0,12380000000000001
0,12589999999999998
0,1313
0,1324
0,1938
0,28350000000000003
0,1389
0,1436
0,1436
0,1407
0,1401
0,13549999999999998
0,1627
0,2118
0,3613
0,1454
0,1392
0,1454
0,1248
0,1313
0,1325
0,13449999999999998
0,1324
0,13190000000000002
0,1361
0,13369999999999999
0,1326
0,1281
0,1268
0,1249
0,1301
0,1283
0,12380000000000001
0,1235
0,1324
0,1274
0,3262
0,13970000000000002
0,12990000000000002
0,1339
0,13870000000000002
0,13699999999999998
0,1388
0,1356
0,13210000000000002
0,1347
0,124
0,1242
0,12860000000000002
0,1273
0,1306
0,1429
0,1405
0,12940000000000002
0,1257
0,1224
0,1686
0,1769
0,39599999999999996
0,1439
0,1327
0,1369
0,1375
0,1382
0,135
0,13870000000000002
0,13799999999999998
0,1367
0,13019999999999998
0,1342
0,1293
0,1288
0,129
0,1274
0,1334
0,1334
0,1343
0,2964
0,13549999999999998
0,1394
0,3569
0,1454
0,1545
0,1476
0,1421
0,1424
0,1371
0,13540000000000002
0,1424
0,14200000000000002
0,1517
0,15789999999999998
0,15660000000000002
0,1553
0,1577
0,1556
0,1572
0,14909999999999998
0,1485
0,2672
0,3456
0,15339999999999998
0,1549
0,1527
0,1556
0,1549
0,1556
0,1528
0,1519
0,15100000000000002
0,1457
0,1474
0,14550000000000002
0,1519
0,15259999999999999
0,15880000000000002
0,1507
0,1578
0,1631
0,1564
0,3511
0,14100000000000001
0,1402
0,1382
0,1375
0,1412
0,1419
0,1461
0,14550000000000002
0,1506
0,1464
0,1447
0,1427
0,1466
0,1412
0,1407
0,13620000000000002
0,133
0,13190000000000002
0,13019999999999998
0,1443
0,3943
0,12760000000000002
0,12940000000000002
0,1683
0,1263
0,1211
0,1194
0,1119
0,1115
0,1113
0,1079
0,1087
0,10959999999999999
0,11019999999999999
0,17880000000000001
0,1164
0,1973
0,1266
0,1153
0,1124
0,1104
0,10959999999999999
0,1075
0,14880000000000002
0,1139
0,31339999999999996
0,1175
0,14980000000000002
0,10289999999999999
0,1071
0,1119
0,1137
0,1104
0,1111
0,1142
0,1163
0,112
0,1093
0,1166
0,116
0,1181
0,12300000000000001
0,1235
0,1316
0,1326
0,1327
0,1263
0,126
0,1217
0,12290000000000001
0,3513
0,132
0,1301
0,1257
0,1225
0,1266
0,131
0,1261
0,127
0,2575
0,1496
0,122
0,1305
0,1257
0,12530000000000002
0,121
0,12789999999999999
0,128
0,12940000000000002
0,1317
0,1288
0,1293
0,1537
0,4112
0,1381
0,13970000000000002
0,1409
0,1372
0,13899999999999998
0,1303
0,12689999999999999
0,1342
0,14320000000000002
0,1445
0,1487
0,14750000000000002
0,14880000000000002
0,1461
0,1428
0,13549999999999998
0,1434
0,14329999999999998
0,1394
0,1389
0,1402
0,34900000000000003
0,1408
0,1373
0,1385
0,1383
0,14329999999999998
0,13999999999999999
0,1409
0,13369999999999999
0,13190000000000002
0,12380000000000001
0,1274
0,16540000000000002
0,1239
0,1234
0,1202
0,1268
0,128
0,12789999999999999
0,1216
0,1206
0,1196
0,11950000000000001
0,30229999999999996
0,1261
0,16540000000000002
0,1214
0,1658
0,12769999999999998
0,102
0,104
0,10629999999999999
0,10569999999999999
0,1069
0,11069999999999999
0,1124
0,1125
0,1146
0,1143
0,115
0,1081
0,1033
0,1007
0,1038
0,1561
0,1062
0,1077
0,1067
0,1176
0,1154
0,31579999999999997
0,1255
0,1157
0,1146
0,1158
0,1168
0,1173
0,1189
0,1184
0,1217
0,12129999999999999
0,1241
0,1199
0,12589999999999998
0,1242
0,12990000000000002
0,12940000000000002
0,1308
0,1515
0,2603
0,2203
0,2028
0,2079
0,1988
0,3977
0,1224
0,1187
0,1155
0,11560000000000001
0,1182
0,12229999999999999
0,1214
0,12290000000000001
0,1214
0,1235
0,1216
0,1224
0,1209
0,12300000000000001
0,1227
0,1159
0,12210000000000001
0,1181
0,1218
0,1155
0,1171
0,12000000000000001
0,1761
0,1786
0,3304
0,1228
0,12439999999999998
0,1271
0,1275
0,13210000000000002
0,1344
0,1339
0,1332
0,1373
0,1422
0,1457
0,1453
0,14559999999999998
0,1426
0,1496
0,1443
0,1445
0,2033
0,1392
0,1361
0,1346
0,31789999999999996
0,128
0,12290000000000001
0,1211
0,121
0,1181
0,11620000000000001
0,1219
0,1216
0,1281
0,1255
0,1265
0,1258
0,1332
0,1971
0,1627
0,2278
0,1528
0,1422
0,14229999999999998
0,1454
0,1493
0,1806
0,39490000000000003
0,1452
0,1419
0,1445
0,1422
0,1415
0,1381
0,1339
0,13210000000000002
0,13620000000000002
0,1241
0,1258
0,1686
0,12290000000000001
0,1173
0,1157
0,11230000000000001
0,1119
0,11220000000000001
0,11309999999999999
0,1082
0,1044
0,1093
0,1109
0,3745
0,12430000000000001
0,13019999999999998
0,1281
0,1307
0,127
0,12430000000000001
0,122
0,1404
0,13090000000000002
0,1297
0,1017
0,12840000000000001
0,1009
0,1194
0,1747
0,11689999999999999
0,12210000000000001
0,133
0,1323
0,1273
0,2037
0,1184
0,1268
0,1285
0,13449999999999998
0,1374
0,4042
0,1349
0,1191
0,1157
0,11689999999999999
0,1198
0,115
0,1082
0,1098
0,10959999999999999
0,1146
0,1189
0,12079999999999999
0,12290000000000001
0,12459999999999999
0,1209
0,121
0,1126
0,1081
0,10919999999999999
0,1095
0,1154
0,115
0,115
0,11170000000000001
0,3792
0,1051
0,0988
0,0975
0,0955
0,0988
0,0999
0,1067
0,10830000000000001
0,10500000000000001
0,0996
0,0982
0,0991
0,0941
0,0923
0,0942
0,0966
0,0992
0,1025
0,108
0,1108
0,11699999999999999
0,111
0,1109
0,111
0,10969999999999999
0,10900000000000001
0,3925
0,225
0,1752
0,12860000000000002
0,1115
0,1109
0,1137
0,116
0,11699999999999999
0,1143
0,10880000000000001
0,1041
0,1073
0,1075
0,10890000000000001
0,1104
0,10840000000000001
0,1099
0,1064
0,10969999999999999
0,11069999999999999
0,16440000000000002
0,1163
0,118
0,1147
0,11349999999999999
0,3388
0,11220000000000001
0,11120000000000001
0,10890000000000001
0,10629999999999999
0,1283
0,112
0,1157
0,12029999999999999
0,1178
0,12459999999999999
0,1212
0,12029999999999999
0,1353
0,1384
0,1381
0,1438
0,1391
0,1374
0,14129999999999998
0,14329999999999998
0,1323
0,1298
0,3467
0,12229999999999999
0,1225
0,1217
0,1272
0,1439
0,1304
0,13290000000000002
0,1334
0,13640000000000002
0,1334
0,1348
0,1332
0,1317
0,13329999999999997
0,13899999999999998
0,1495
0,1529
0,15430000000000002
0,1638
0,16
0,15669999999999998
0,3341
0,1581
0,13549999999999998
0,1316
0,1307
0,136
0,13219999999999998
0,1278
0,12510000000000002
0,1219
0,12310000000000001
0,2043
0,14559999999999998
0,1186
0,1106
0,1116
0,1133
0,1207
0,1265
0,1292
0,1283
0,14320000000000002
0,134
0,3563
0,12789999999999999
0,1274
0,1298
0,1327
0,1315
0,13210000000000002
0,1324
0,13119999999999998
0,12760000000000002
0,1256
0,1263
0,12449999999999999
0,1216
0,1252
0,2109
0,13970000000000002
0,1555
0,2647
0,2029
0,1851
0,1889
0,42700000000000005
0,1356
0,1324
0,1313
0,13640000000000002
0,1379
0,14229999999999998
0,1474
0,1479
0,1422
0,1426
0,1386
0,13090000000000002
0,1289
0,16190000000000002
0,1311
0,1274
0,17909999999999998
0,1301
0,1907
0,1503
0,1519
0,35340000000000005
0,1483
0,1492
0,1545
0,16
0,163
0,1672
0,1759
0,175
0,1787
0,184
0,1864
0,1817
0,1802
0,1776
0,1672
0,16090000000000002
0,1614
0,1556
0,4113
0,14889999999999998
0,14559999999999998
0,1396
0,1383
0,1374
0,13870000000000002
0,1353
0,1348
0,1392
0,1398
0,1444
0,1482
0,1556
0,1509
0,1482
0,1502
0,1523
0,3246
0,32489999999999997
0,27109999999999995
0,44020000000000004
0,1478
0,1544
0,1574
0,163
0,15669999999999998
0,1555
0,1505
0,14730000000000001
0,1416
0,1356
0,1278
0,1202
0,12329999999999999
0,12840000000000001
0,1235
0,13090000000000002
0,12990000000000002
0,1271
0,1296
0,2288
0,1799
0,4703
0,1575
0,1394
0,1431
0,1514
0,146
0,1538
0,157
0,1617
0,16770000000000002
0,1855
0,1771
0,1741
0,1736
0,2146
0,1825
0,1895
0,192
0,1865
0,39530000000000004
0,1938
0,1916
0,1844
0,17450000000000002
0,176
0,1724
0,3499
0,1822
0,1718
0,17980000000000002
0,1783
0,1825
0,1862
0,1787
0,1736
0,1757
0,18560000000000001
0,4132
0,1751
0,1731
0,1669
0,16870000000000002
0,1624
0,1627
0,15569999999999998
0,2069
0,15430000000000002
0,1538
0,15569999999999998
0,15860000000000002
0,161
0,16369999999999998
0,1658
0,177
0,27149999999999996
0,17229999999999998
0,35050000000000003
0,157
0,147
0,1371
0,1385
0,1324
0,13369999999999999
0,1365
0,1343
0,1315
0,13119999999999998
0,1295
0,1291
0,1262
0,127
0,1219
0,1216
0,1256
0,1256
0,1316
0,12789999999999999
0,1613
0,3286
0,127
0,1239
0,12210000000000001
0,1189
0,1225
0,1224
0,1204
0,11510000000000001
0,24059999999999998
0,1562
0,16540000000000002
0,1157
0,11230000000000001
0,1149
0,10679999999999999
0,1021
0,1008
0,1012
0,1066
0,1067
0,1079
0,1093
0,1093
0,1141
0,3301
0,1657
0,1207
0,1212
0,1202
0,1193
0,1237
0,12029999999999999
0,1182
0,1141
0,1093
0,1087
0,10959999999999999
0,108
0,107
0,111
0,11309999999999999
0,11699999999999999
0,1216
0,1187
0,1171
0,11309999999999999
0,11900000000000001
0,1212
0,1464
0,3493
0,1256
0,116
0,1144
0,12029999999999999
0,1219
0,1202
0,1198
0,1207
0,1202
0,1268
0,1248
0,1264
0,1271
0,1342
0,1318
0,12940000000000002
0,1324
0,1303
0,1291
0,134
0,1342
0,1402
0,33799999999999997
0,1385
0,1349
0,1426
0,1363
0,1346
0,1811
0,13520000000000001
0,2594
0,1404
0,13799999999999998
0,1371
0,1462
0,1327
0,1339
0,12860000000000002
0,12229999999999999
0,1178
0,1209
0,122
0,1278
0,1266
0,3413
0,1266
0,1305
0,1288
0,1263
0,127
0,12430000000000001
0,12689999999999999
0,129
0,1357
0,14320000000000002
0,1476
0,1581
0,1638
0,16870000000000002
0,1652
0,1661
0,17
0,1634
0,164
0,3858
0,2362
0,1905
0,1922
0,1537
0,1504
0,1441
0,1443
0,1437
0,1467
0,15339999999999998
0,157
0,2064
0,1462
0,1417
0,1365
0,13329999999999997
0,1336
0,13520000000000001
0,1414
0,1515
0,3725
0,1615
0,1589
0,15789999999999998
0,1671
0,1784
0,1671
0,16670000000000001
0,176
0,1796
0,1733
0,1728
0,1725
0,17049999999999998
0,1793
0,17579999999999998
0,1787
0,17679999999999998
0,3754
0,2008
0,1946
0,1981
0,1898
0,1828
0,1893
0,1929
0,1986
0,1926
0,1986
0,19770000000000001
0,2118
0,2351
0,3765
0,2321
0,423
0,2142
0,2125
0,21489999999999998
0,2142
0,2085
0,2079
0,20249999999999999
0,1997
0,1958
0,20120000000000002
0,20129999999999998
0,2301
0,2698
0,27090000000000003
0,4632
0,18230000000000002
0,1761
0,1749
0,1806
0,186
0,2353
0,18760000000000002
0,18660000000000002
0,1884
0,2821
0,2097
0,2265
0,196
0,187
0,3076
0,1996
0,40549999999999997
0,1985
0,1975
0,1908
0,1897
0,1888
0,188
0,1861
0,18569999999999998
0,1841
0,1862
0,19269999999999998
0,2008
0,2029
0,21139999999999998
0,2077
0,4163
0,2107
0,2072
0,2146
0,21800000000000003
0,2138
0,217
0,21780000000000002
0,21780000000000002
0,2161
0,21359999999999998
0,2177
0,2177
0,2251
0,23900000000000002
0,43560000000000004
0,44880000000000003
0,3119
0,3539
0,24250000000000002
0,1933
0,189
0,1813
0,18009999999999998
0,1796
0,1793
0,1815
0,1897
0,19019999999999998
0,1963
0,19369999999999998
0,45389999999999997
0,193
0,18919999999999998
0,18589999999999998
0,1963
0,1984
0,2017
0,2059
0,2077
0,2101
0,2039
0,202
0,1975
0,19269999999999998
0,19340000000000002
0,2419
0,47409999999999997
0,2725
0,20379999999999998
0,2069
0,213
0,2102
0,2231
0,23220000000000002
0,22619999999999998
0,22540000000000002
0,21689999999999998
0,21509999999999999
0,21660000000000001
0,211
0,2132
0,42979999999999996
0,2156
0,21660000000000001
0,2186
0,211
0,2097
0,2122
0,21259999999999998
0,2115
0,2109
0,2161
0,21680000000000002
0,2172
0,2228
0,2327
0,4416
0,2206
0,2193
0,224
0,3053
0,25539999999999996
0,22249999999999998
0,2334
0,2665
0,22719999999999999
0,22240000000000001
0,21919999999999998
0,2111
0,2156
0,211
0,4627
0,2223
0,2228
0,2249
0,2172
0,2157
0,21760000000000002
0,2193
0,2326
0,22619999999999998
0,23399999999999999
0,2403
0,2404
0,2828
0,4692
0,2308
0,225
0,2267
0,2256
0,2163
0,43679999999999997
0,2495
0,2157
0,21910000000000002
0,2199
0,2207
0,2275
0,2331
0,4613
0,24250000000000002
0,23809999999999998
0,2395
0,2387
0,2419
0,2479
0,2515
0,24330000000000002
0,2374
0,2333
0,2356
0,2379
0,2452
0,4478
0,24130000000000001
0,2394
0,2316
0,23900000000000002
0,2325
0,2479
0,2882
0,25270000000000004
0,259
0,2584
0,24659999999999999
0,2375
0,4483
0,23479999999999998
0,2382
0,24489999999999998
0,25789999999999996
0,2539
0,2544
0,2409
0,2438
0,2496
0,2556
0,2581
0,2578
0,4639
0,2546
0,25179999999999997
0,2491
0,2418
0,2457
0,2453
0,2468
0,24459999999999998
0,2404
0,3744
0,3001
0,2883
0,5427000000000001
0,2334
0,2386
0,2382
0,24439999999999998
0,2354
0,2301
0,2317
0,2316
0,22910000000000003
0,2317
0,2415
0,2387
0,2461
0,4652
0,24459999999999998
0,2428
0,24640000000000004
0,2379
0,2421
0,2546
0,2508
0,24489999999999998
0,2419
0,2931
0,287
0,25930000000000003
0,4602
0,4306
0,2587
0,2648
0,2677
0,26689999999999997
0,2632
0,26420000000000005
0,2712
0,26830000000000004
0,2889
0,2852
0,2949
0,5021
0,2845
0,2765
0,28009999999999996
0,2828
0,2807
0,28650000000000003
0,2917
0,2823
0,27809999999999996
0,27980000000000005
0,5779
0,6944
0,3499
0,33349999999999996
0,2813
0,28390000000000004
0,2842
0,2765
0,2804
0,28350000000000003
0,2833
0,2872
0,3289
0,5154
0,28430000000000005
0,2759
0,2746
0,27349999999999997
0,2765
0,2759
0,27490000000000003
0,2656
0,2637
0,3035
0,2799
0,2789
0,49160000000000004
0,3126
0,3741
0,2652
0,2667
0,2747
0,2619
0,2623
0,2532
0,2532
0,259
0,2603
0,2665
0,4813
0,2571
0,24830000000000002
0,2526
0,25589999999999996
0,2594
0,2553
0,2654
0,25539999999999996
0,248
0,2473
0,3388
0,26739999999999997
0,4504
0,232
0,2313
0,2321
0,2385
0,29100000000000004
0,34049999999999997
0,2619
0,2515
0,24860000000000002
0,25789999999999996
0,2523
0,2499
0,28709999999999997
0,5683
0,25720000000000004
0,2472
0,2358
0,2286
0,225
0,2249
0,2152
0,222
0,2267
0,2353
0,2398
0,2491
0,4573
0,4349
0,26170000000000004
0,263
0,2589
0,2532
0,30650000000000005
0,2539
0,2603
0,26739999999999997
0,2823
0,2824
0,2802
0,2812
0,27980000000000005
0,4407
0,2762
0,2757
0,2837
0,2811
0,2877
0,2782
0,2824
0,28959999999999997
0,2828
0,3181
0,3565
0,27280000000000004
0,46749999999999997
0,2529
0,2549
0,27099999999999996
0,2607
0,25970000000000004
0,3604
0,3031
0,28200000000000003
0,2847
0,289
0,2898
0,2763
0,5271
0,2722
0,27849999999999997
0,29300000000000004
0,2705
0,2764
0,2844
0,2862
0,28959999999999997
0,2844
0,3472
0,3314
0,5019
0,287
0,289
0,27240000000000003
0,2789
0,2845
0,28009999999999996
0,28800000000000003
0,2868
0,2879
0,2953
0,29460000000000003
0,5015
0,2953
0,2952
0,29369999999999996
0,3028
0,3076
0,31070000000000003
0,316
0,3148
0,30860000000000004
0,41209999999999997
0,5346
0,2854
0,2848
0,28190000000000004
0,2722
0,2695
0,2673
0,2634
0,26580000000000004
0,2641
0,3559
0,29550000000000004
0,4943
0,2679
0,2692
0,263
0,2592
0,2497
0,25070000000000003
0,2508
0,24580000000000002
0,2419
0,2301
0,2261
0,2346
0,4376
0,223
0,2297
0,2241
0,24000000000000002
0,2521
0,25539999999999996
0,2536
0,25549999999999995
0,2582
0,2789
0,27490000000000003
0,2738
0,4964
0,28650000000000003
0,2889
0,2883
0,3404
0,2923
0,29500000000000004
0,3038
0,3063
0,3063
0,3012
0,5231
0,3116
0,4842
0,4507
0,4385
0,3075
0,2966
0,2884
0,28219999999999995
0,2804
0,2765
0,4674
0,2626
0,36519999999999997
0,3331
0,262
0,2703
0,26630000000000004
0,27809999999999996
0,2766
0,2712
0,2628
0,2695
0,263
0,4835
0,2468
0,3896
0,24760000000000001
0,24449999999999997
0,2477
0,25589999999999996
0,24630000000000002
0,2528
0,255
0,2459
0,2517
0,24330000000000002
0,464
0,25379999999999997
0,25980000000000003
0,2761
0,28400000000000003
0,2898
0,2761
0,27549999999999997
0,2824
0,2898
0,2934
0,3096
0,504
0,2884
0,2881
0,3765
0,2967
0,27109999999999995
0,2723
0,2727
0,275
0,27559999999999996
0,2786
0,2808
0,5271
0,2947
0,306
0,3062
0,3094
0,2987
0,3996
0,3592
0,27540000000000003
0,27490000000000003
0,3056
0,28259999999999996
0,5151
0,2737
0,27149999999999996
0,2768
0,32449999999999996
0,2907
0,2853
0,2888
0,2894
0,2938
0,296
0,2927
0,5155
0,29109999999999997
0,2825
0,2841
0,2817
0,2894
0,29109999999999997
0,2961
0,3006
0,3085
0,33809999999999996
0,31629999999999997
0,5304
0,31070000000000003
0,47709999999999997
0,41590000000000005
0,3182
0,32289999999999996
0,33290000000000003
0,3402
0,3892
0,3276
0,3126
0,5302
0,313
0,2986
0,29819999999999997
0,29329999999999995
0,29300000000000004
0,2992
0,3926
0,4124
0,29960000000000003
0,3054
0,5175
0,3028
0,29510000000000003
0,3397
0,2842
0,2786
0,2783
0,2763
0,2746
0,2664
0,2515
0,2517
0,49879999999999997
0,25930000000000003
0,2622
0,2692
0,27809999999999996
0,2852
0,2862
0,2943
0,2942
0,2876
0,2817
0,2886
0,4982
0,2668
0,25020000000000003
0,25060000000000004
0,2491
0,44670000000000004
0,3281
0,2576
0,2529
0,2556
0,2607
0,258
0,2633
0,47619999999999996
0,26380000000000003
0,26039999999999996
0,2484
0,2496
0,24420000000000003
0,2437
0,2405
0,2339
0,2314
0,2376
0,2252
0,2229
0,2301
0,509
0,22890000000000002
0,21509999999999999
0,2252
0,23
0,2339
0,2834
0,24449999999999997
0,2374
0,241
0,2377
0,2387
0,23
0,22699999999999998
0,4229
0,22110000000000002
0,2189
0,2259
0,23
0,2391
0,24630000000000002
0,2395
0,2438
0,2427
0,244
0,241
0,27080000000000004
0,2387
0,44670000000000004
0,23729999999999998
0,23709999999999998
0,2375
0,2396
0,24420000000000003
0,24810000000000001
0,24259999999999998
0,27980000000000005
0,4346
0,38949999999999996
0,3925
0,2574
0,4829
0,2656
0,26180000000000003
0,2643
0,2641
0,26489999999999997
0,309
0,2542
0,2504
0,2514
0,24630000000000002
0,2621
0,2619
0,4557
0,25339999999999996
0,2564
0,25339999999999996
0,3729
0,2888
0,2717
0,2827
0,315
0,29109999999999997
0,2849
0,283
0,3191
0,5172
0,3982
0,379
0,2721
0,2625
0,2651
0,2631
0,26380000000000003
0,2609
0,2616
0,268
0,275
0,2677
0,5134
0,2768
0,27559999999999996
0,2771
0,27099999999999996
0,2707
0,25999999999999995
0,3946
0,2587
0,26289999999999997
0,2693
0,258
0,2585
0,4521
0,2382
0,24000000000000002
0,2375
0,2421
0,24760000000000001
0,2497
0,24810000000000001
0,24879999999999997
0,237
0,2274
0,22440000000000002
0,2253
0,2223
0,5266
0,2124
0,21509999999999999
0,2094
0,215
0,2171
0,2157
0,3211
0,367
0,22240000000000001
0,2236
0,2172
0,21159999999999998
0,28909999999999997
0,21939999999999998
0,4465
0,20379999999999998
0,2059
0,2061
0,21589999999999998
0,22139999999999999
0,21330000000000002
0,2076
0,2037
0,2024
0,20570000000000002
0,2042
0,2033
0,202
0,2071
0,2122
0,4248
0,21919999999999998
0,2189
0,2154
0,207
0,20479999999999998
0,2054
0,1998
0,1957
0,1896
0,1913
0,27290000000000003
0,189
0,191
0,1913
0,2054
0,4062
0,1787
0,186
0,17670000000000002
0,1815
0,2327
0,1865
0,1899
0,1923
0,1839
0,179
0,1761
0,17980000000000002
0,1802
0,18780000000000002
0,19019999999999998
0,187
0,1848
0,3753
0,18000000000000002
0,1795
0,1786
0,17880000000000001
0,1819
0,1766
0,1803
0,1839
0,1889
0,1761
0,17880000000000001
0,1718
0,1764
0,1784
0,3171
0,20049999999999998
0,22460000000000002
0,4973
0,1888
0,1831
0,18660000000000002
0,1794
0,18080000000000002
0,1847
0,1799
0,1741
0,17320000000000002
0,17479999999999998
0,17579999999999998
0,1751
0,1773
0,1675
0,1674
0,1716
0,1646
0,3615
0,1618
0,158
0,1529
0,1535
0,1571
0,1634
0,1598
0,1615
0,16679999999999998
0,1638
0,1623
0,1615
0,1671
0,1664
0,1615
0,1628
0,1651
0,1682
0,4868
0,1444
0,1361
0,1347
0,1328
0,1313
0,1293
0,12840000000000001
0,13019999999999998
0,13870000000000002
0,13620000000000002
0,14479999999999998
0,1412
0,15259999999999999
0,1555
0,1578
0,1549
0,1538
0,14880000000000002
0,1657
0,252
0,4889
0,15330000000000002
0,15589999999999998
0,1564
0,1613
0,155
0,1496
0,1504
0,1548
0,1573
0,15669999999999998
0,1506
0,1505
0,1401
0,1373
0,13999999999999999
0,1406
0,13990000000000002
0,1429
0,2418
0,4481
0,1412
0,1787
0,1917
0,15339999999999998
0,1554
0,25539999999999996
0,25179999999999997
0,17550000000000002
0,1658
0,1672
0,1664
0,16349999999999998
0,1639
0,1634
0,1646
0,1702
0,1704
0,16890000000000002
0,3966
0,17149999999999999
0,1721
0,171
0,18080000000000002
0,1849
0,17670000000000002
0,1782
0,16990000000000002
0,1632
0,15789999999999998
0,15689999999999998
0,1596
0,16799999999999998
0,1676
0,17049999999999998
0,1665
0,1729
0,3776
0,1708
0,17
0,1782
0,1769
0,3147
0,32880000000000004
0,2566
0,266
0,25129999999999997
0,177
0,1555
0,1606
0,1735
0,1684
0,174
0,1763
0,18780000000000002
0,4123
0,18159999999999998
0,176
0,1837
0,1853
0,193
0,1996
0,20120000000000002
0,2019
0,20320000000000002
0,1985
0,1942
0,1915
0,20379999999999998
0,19010000000000002
0,1847
0,4109
0,2505
0,2738
0,2001
0,2018
0,2337
0,2021
0,2018
0,1974
0,1991
0,2019
0,2082
0,2967
0,2682
0,1949
0,1958
0,40059999999999996
0,1991
0,19699999999999998
0,2088
0,2068
0,2172
0,2139
0,2242
0,2273
0,22269999999999998
0,2319
0,2375
0,2448
0,2587
0,2504
0,4634
0,23650000000000002
0,22340000000000002
0,2187
0,21359999999999998
0,2161
0,3589
0,39
0,25989999999999996
0,2128
0,217
0,2189
0,2164
0,2668
0,2684
0,41340000000000005
0,3035
0,29159999999999997
0,2887
0,2021
0,20479999999999998
0,204
0,2144
0,2215
0,2174
0,2209
0,2253
0,2195
0,2139
0,2086
0,4334
0,2075
0,2043
0,214
0,2472
0,2125
0,2148
0,2164
0,2226
0,2198
0,222
0,2257
0,2366
0,3255
0,3262
0,4548
0,2293
0,2284
0,22699999999999998
0,2268
0,2317
0,22870000000000001
0,231
0,23020000000000002
0,2318
0,2242
0,22890000000000002
0,2218
0,3004
0,5604
0,2267
0,2313
0,23299999999999998
0,2363
0,3367
0,2356
0,2268
0,2249
0,221
0,22110000000000002
0,2309
0,229
0,2857
0,458
0,2344
0,2314
0,2264
0,2218
0,223
0,2241
0,2195
0,2141
0,2185
0,21139999999999998
0,2104
0,2024
0,19870000000000002
0,18939999999999999
0,3893
0,18230000000000002
0,2327
0,2654
0,1789
0,1827
0,1829
0,1864
0,1916
0,2258
0,1899
0,19190000000000002
0,1996
0,20350000000000001
0,2031
0,2092
0,2088
0,4475
0,2195
0,2236
0,31020000000000003
0,31129999999999997
0,206
0,21230000000000002
0,2084
0,2108
0,2074
0,2163
0,22240000000000001
0,22949999999999998
0,23120000000000002
0,2233
0,4301
0,21000000000000002
0,2174
0,2188
0,21330000000000002
0,25470000000000004
0,20249999999999999
0,2002
0,19269999999999998
0,2581
0,2196
0,18939999999999999
0,1793
0,1773
0,17670000000000002
0,24130000000000001
0,4674
0,1831
0,1871
0,1874
0,1918
0,1928
0,1978
0,19340000000000002
0,1924
0,19010000000000002
0,19369999999999998
0,19010000000000002
0,1863
0,1815
0,1793
0,1806
0,2388
0,3873
0,1822
0,1842
0,187
0,1884
0,1864
0,1812
0,1782
0,17880000000000001
0,1804
0,1811
0,186
0,1905
0,2167
0,18359999999999999
0,1787
0,1749
0,3761
0,1743
0,17450000000000002
0,1763
0,17450000000000002
0,16890000000000002
0,1673
0,1649
0,1706
0,1686
0,1678
0,1641
0,1666
0,2307
0,21760000000000002
0,232
0,1774
0,1839
0,4054
0,1907
0,1908
0,1848
0,1888
0,1803
0,1782
0,176
0,1695
0,1712
0,17579999999999998
0,1638
0,1656
0,1665
0,1669
0,1653
0,1634
0,15760000000000002
0,5902999999999999
0,21760000000000002
0,32870000000000005
0,1717
0,2356
0,16110000000000002
0,16770000000000002
0,1688
0,1707
0,1681
0,1721
0,164
0,1636
0,1661
0,1716
0,1776
0,1803
0,1793
0,37379999999999997
0,1796
0,1834
0,1749
0,1783
0,1832
0,1918
0,1916
0,2002
0,193
0,1922
0,1948
0,1889
0,2493
0,1844
0,1855
0,17579999999999998
0,3844
0,16670000000000001
0,16440000000000002
0,1629
0,1696
0,175
0,1797
0,1815
0,1812
0,1753
0,17980000000000002
0,1849
0,19010000000000002
0,1957
0,1973
0,2608
0,2707
0,4712
0,2034
0,3019
0,23809999999999998
0,201
0,1991
0,2014
0,2076
0,2026
0,20729999999999998
0,20900000000000002
0,2092
0,2107
0,2046
0,2018
0,2855
0,41159999999999997
0,1886
0,3236
0,1932
0,19010000000000002
0,18080000000000002
0,1838
0,1906
0,1844
0,1772
0,18430000000000002
0,1882
0,1936
0,1941
0,1984
0,2016
0,2044
0,4231
0,2129
0,2208
0,2034
0,1961
0,1888
0,1875
0,1862
0,18689999999999998
0,1819
0,182
0,18689999999999998
0,1897
0,1948
0,201
0,2039
0,4126
0,1998
0,2037
0,19770000000000001
0,1971
0,2515
0,18660000000000002
0,17980000000000002
0,1737
0,17029999999999998
0,1753
0,17200000000000001
0,1743
0,1724
0,18359999999999999
0,18589999999999998
0,1835
0,4094
0,176
0,1817
0,1804
0,18450000000000003
0,1899
0,1875
0,1923
0,19349999999999998
0,2009
0,2047
0,3097
0,30200000000000005
0,1917
0,1896
0,24689999999999998
0,5057
0,1936
0,1974
0,1957
0,1951
0,1936
0,1885
0,2115
0,2256
0,2612
0,2019
0,2008
0,2024
0,1993
0,2429
0,2023
0,4
0,18330000000000002
0,1785
0,1817
0,1736
0,1704
0,16990000000000002
0,1686
0,1719
0,17579999999999998
0,185
0,1847
0,1872
0,188
0,1867
0,1837
0,1819
0,40299999999999997
0,1834
0,1838
0,1848
0,18239999999999998
0,18239999999999998
0,1852
0,186
0,1806
0,1757
0,1708
0,1698
0,2132
0,175
0,1739
0,1776
0,2068
0,3886
0,1735
0,17220000000000002
0,1704
0,1656
0,1676
0,1698
0,1646
0,16670000000000001
0,16369999999999998
0,1615
0,1681
0,1717
0,17479999999999998
0,17220000000000002
0,1681
0,3332
0,1704
0,378
0,1706
0,2084
0,2614
0,20570000000000002
0,1725
0,16770000000000002
0,166
0,1661
0,1661
0,16870000000000002
0,1736
0,1721
0,17200000000000001
0,1751
0,1757
0,2884
0,1789
0,3896
0,1762
0,1652
0,1603
0,1631
0,1671
0,171
0,17149999999999999
0,1743
0,1743
0,17300000000000001
0,16870000000000002
0,1678
0,16890000000000002
0,1696
0,1683
0,1817
0,1773
0,38039999999999996
0,1714
0,1678
0,1704
0,1692
0,1738
0,1794
0,18330000000000002
0,17880000000000001
0,1782
0,1749
0,17029999999999998
0,1709
0,1736
0,1795
0,1799
0,1774
0,2525
0,4193
0,2532
0,25989999999999996
0,1838
0,1832
0,1828
0,18230000000000002
0,1819
0,18359999999999999
0,1874
0,1872
0,1891
0,18330000000000002
0,1784
0,1783
0,1811
0,183
0,4158
0,1829
0,17980000000000002
0,17679999999999998
0,1741
0,1782
0,1813
0,1761
0,17670000000000002
0,17149999999999999
0,16899999999999998
0,16770000000000002
0,1651
0,2503
0,2503
0,186
0,1606
0,1636
0,4568
0,175
0,1712
0,3836
0,2776
0,2117
0,1607
0,16349999999999998
0,1555
0,1502
0,1535
0,16019999999999998
0,1603
0,1633
0,1553
0,1529
0,1478
0,1471
0,1442
0,3611
0,13970000000000002
0,14229999999999998
0,1436
0,1415
0,14479999999999998
0,1474
0,1438
0,1431
0,1393
0,1338
0,13660000000000003
0,1272
0,1293
0,1325
0,1328
0,1342
0,1356
0,1369
0,13770000000000002
0,14109999999999998
0,3585
0,1306
0,12760000000000002
0,1297
0,13449999999999998
0,1334
0,1388
0,1817
0,14559999999999998
0,1417
0,1453
0,1445
0,1516
0,14889999999999998
0,149
0,1528
0,1548
0,1525
0,1507
0,1474
0,1544
0,36460000000000004
0,1623
0,208
0,1549
0,1605
0,1568
0,161
0,15510000000000002
0,1519
0,1502
0,1496
0,15510000000000002
0,1562
0,16090000000000002
0,1658
0,2148
0,1685
0,1726
0,17809999999999998
0,3813
0,1774
0,1738
0,16970000000000002
0,2995
0,24489999999999998
0,1698
0,1615
0,16540000000000002
0,1983
0,2584
0,165
0,2328
0,163
0,1607
0,1554
0,159
0,1683
0,36210000000000003
0,17650000000000002
0,15990000000000001
0,16110000000000002
0,1634
0,16349999999999998
0,16469999999999999
0,1613
0,16190000000000002
0,16019999999999998
0,1585
0,1613
0,1698
0,17650000000000002
0,1757
0,1702
0,17029999999999998
0,1675
0,17809999999999998
0,39130000000000004
0,16540000000000002
0,1658
0,1627
0,1666
0,1681
0,1605
0,164
0,1616
0,1594
0,1537
0,1506
0,1512
0,14229999999999998
0,20249999999999999
0,2095
0,2152
0,2248
0,23120000000000002
0,43770000000000003
0,1698
0,16670000000000001
0,1673
0,1747
0,1744
0,176
0,1726
0,1671
0,1615
0,1593
0,159
0,1577
0,1597
0,1522
0,1593
0,15919999999999998
0,2068
0,3703
0,16449999999999998
0,1556
0,1553
0,1594
0,1536
0,1546
0,1539
0,15880000000000002
0,1597
0,1601
0,156
0,15589999999999998
0,1547
0,1563
0,2585
0,179
0,3051
0,1659
0,37120000000000003
0,1616
0,2163
0,1631
0,1627
0,1624
0,1661
0,1692
0,1708
0,1776
0,1806
0,193
0,1834
0,1844
0,18000000000000002
0,2396
0,1773
0,1711
0,4004
0,1775
0,1844
0,18330000000000002
0,184
0,1886
0,1796
0,1812
0,1718
0,159
0,15510000000000002
0,1531
0,15569999999999998
0,1578
0,1565
0,171
0,1679
0,1716
0,382
0,2185
0,1618
0,1561
0,1542
0,1504
0,1497
0,1499
0,1466
0,1485
0,1531
0,1527
0,1553
0,15239999999999998
0,159
0,16440000000000002
0,1676
0,1642
0,1818
0,4769
0,161
0,1598
0,1564
0,1517
0,1518
0,1487
0,1525
0,15689999999999998
0,1571
0,1595
0,162
0,1638
0,15330000000000002
0,1545
0,1554
0,1545
0,2131
0,1663
0,3658
0,1639
0,1672
0,1666
0,16870000000000002
0,1572
0,2927
0,2569
0,2274
0,178
0,17220000000000002
0,1731
0,1741
0,1763
0,182
0,1829
0,1914
0,1973
0,4156
0,2008
0,2071
0,2068
0,2054
0,1975
0,1907
0,1903
0,18230000000000002
0,18100000000000002
0,1753
0,1658
0,16620000000000001
0,1639
0,166
0,18230000000000002
0,1763
0,36729999999999996
0,1605
0,1537
0,1538
0,1553
0,16119999999999998
0,1597
0,1676
0,1672
0,18450000000000003
0,1738
0,1782
0,17909999999999998
0,1822
0,1834
0,18760000000000002
0,1864
0,18430000000000002
0,4385
0,1835
0,1807
0,1827
0,17880000000000001
0,18009999999999998
0,1782
0,18689999999999998
0,1874
0,19110000000000002
0,1849
0,1817
0,184
0,1838
0,1827
0,2085
0,1948
0,4046
0,1795
0,16870000000000002
0,17300000000000001
0,1776
0,1855
0,1831
0,1893
0,18689999999999998
0,1868
0,1838
0,18450000000000003
0,183
0,4012
0,2932
0,3623
0,29619999999999996
0,4091
0,17670000000000002
0,18139999999999998
0,1822
0,1815
0,1863
0,1882
0,19349999999999998
0,19110000000000002
0,189
0,184
0,1851
0,1809
0,17809999999999998
0,1739
0,1712
0,1838
0,4025
0,1835
0,1844
0,1777
0,18100000000000002
0,1827
0,1864
0,1834
0,1868
0,182
0,18139999999999998
0,17980000000000002
0,17880000000000001
0,1827
0,2439
0,1886
0,1941
0,4138
0,2001
0,24919999999999998
0,2006
0,1998
0,20729999999999998
0,199
0,2026
0,2021
0,20450000000000002
0,2019
0,2019
0,1971
0,1974
0,1886
0,38680000000000003
0,1773
0,179
0,18000000000000002
0,18939999999999999
0,1811
0,1787
0,1773
0,1803
0,18450000000000003
0,18569999999999998
0,1885
0,2062
0,206
0,2222
0,2212
0,4281
0,376
0,21000000000000002
0,21159999999999998
0,21469999999999997
0,21689999999999998
0,2963
0,2321
0,2219
0,2056
0,2021
0,37179999999999996
0,19699999999999998
0,25
0,2384
0,5052
0,19440000000000002
0,19560000000000002
0,2011
0,2031
0,2037
0,2031
0,1963
0,1949
0,1958
0,1966
0,1898
0,1932
0,1895
0,1972
0,2409
0,3951
0,1877
0,2299
0,1886
0,1862
0,185
0,187
0,1828
0,1872
0,1981
0,20320000000000002
0,2019
0,20220000000000002
0,1969
0,1952
0,1893
0,3859
0,1889
0,1864
0,1818
0,1761
0,1721
0,1701
0,1606
0,1625
0,1618
0,1571
0,1575
0,159
0,1605
0,16799999999999998
0,1736
0,1739
0,3898
0,1682
0,1631
0,15239999999999998
0,16369999999999998
0,1641
0,1663
0,16090000000000002
0,164
0,27849999999999997
0,1676
0,1628
0,166
0,1628
0,16190000000000002
0,16110000000000002
0,1536
0,1571
0,3848
0,2571
0,2394
0,174
0,16440000000000002
0,1675
0,16970000000000002
0,1549
0,1556
0,1544
0,1564
0,1601
0,1627
0,1623
0,15919999999999998
0,1587
0,15760000000000002
0,1634
0,39849999999999997
0,1695
0,16970000000000002
0,1681
0,16990000000000002
0,1615
0,1627
0,16699999999999998
0,1712
0,17459999999999998
0,1756
0,175
0,1747
0,1809
0,2158
0,1782
0,1825
0,18139999999999998
0,3957
0,21130000000000002
0,1924
0,188
0,18239999999999998
0,1803
0,1806
0,22460000000000002
0,1716
0,171
0,1753
0,1683
0,17
0,16970000000000002
0,17650000000000002
0,1726
0,1762
0,3768
0,1671
0,1633
0,2
0,2288
0,158
0,1626
0,1673
0,1672
0,1721
0,17679999999999998
0,1787
0,1754
0,1787
0,1716
0,174
0,1753
0,1766
0,5128
0,2008
0,1613
0,1622
0,1596
0,1597
0,16090000000000002
0,16190000000000002
0,1627
0,16679999999999998
0,1669
0,177
0,1819
0,2792
0,2634
0,2089
0,1964
0,193
0,3993
0,1896
0,19090000000000001
0,18660000000000002
0,1831
0,18689999999999998
0,1906
0,19010000000000002
0,1941
0,1957
0,19619999999999999
0,2042
0,2071
0,2153
0,2771
0,297
0,5364
0,2196
0,2223
0,2185
0,2105
0,20909999999999998
0,2074
0,21139999999999998
0,21139999999999998
0,215
0,21939999999999998
0,22440000000000002
0,2209
0,2747
0,23020000000000002
0,4391
0,215
0,2138
0,2154
0,2097
0,2087
0,2059
0,2061
0,20670000000000002
0,20579999999999998
0,2141
0,2125
0,2047
0,1959
0,19440000000000002
0,3893
0,1917
0,18939999999999999
0,1986
0,3207
0,3355
0,3281
0,299
0,2236
0,23049999999999998
0,2216
0,21589999999999998
0,21259999999999998
0,21489999999999998
0,23399999999999999
0,4308
0,3143
0,30479999999999996
0,2128
0,2059
0,2574
0,2141
0,21469999999999997
0,2182
0,2259
0,22910000000000003
0,232
0,2286
0,2341
0,2386
0,4652
0,2768
0,2397
0,3549
0,23240000000000002
0,237
0,2395
0,24649999999999997
0,24869999999999998
0,2403
0,23240000000000002
0,237
0,24130000000000001
0,2415
0,4486
0,25070000000000003
0,24689999999999998
0,2414
0,231
0,22910000000000003
0,2251
0,22690000000000002
0,2273
0,225
0,2206
0,2313
0,24509999999999998
0,2521
0,44539999999999996
0,2437
0,24689999999999998
0,2473
0,27559999999999996
0,3683
0,27740000000000004
0,2782
0,2685
0,2692
0,27290000000000003
0,2717
0,31179999999999997
0,47009999999999996
0,3565
0,3721
0,2563
0,3681
0,3268
0,2574
0,2587
0,258
0,25339999999999996
0,24580000000000002
0,2387
0,243
0,474
0,2591
0,2619
0,2605
0,3463
0,2719
0,2549
0,25989999999999996
0,2557
0,2581
0,253
0,25379999999999997
0,3067
0,5764
0,2564
0,25060000000000004
0,2516
0,2411
0,2429
0,2401
0,2431
0,24689999999999998
0,2431
0,24469999999999997
0,241
0,2396
0,248
0,45
0,2656
0,2606
0,2691
0,261
0,31579999999999997
0,2536
0,2495
0,2496
0,2501
0,2543
0,2628
0,2725
0,4707
0,2505
0,24250000000000002
0,24350000000000002
0,24860000000000002
0,25
0,24669999999999997
0,2557
0,3476
0,3982
0,29300000000000004
0,277
0,2772
0,4747
0,2675
0,2703
0,2668
0,2602
0,30219999999999997
0,29910000000000003
0,24939999999999998
0,25270000000000004
0,24939999999999998
0,24449999999999997
0,2397
0,2405
0,4472
0,2226
0,2268
0,22690000000000002
0,22540000000000002
0,22010000000000002
0,22010000000000002
0,22249999999999998
0,2177
0,22269999999999998
0,22130000000000002
0,22240000000000001
0,21359999999999998
0,21359999999999998
0,2182
0,47419999999999995
0,2181
0,2127
0,2086
0,2059
0,19870000000000002
0,19019999999999998
0,1867
0,1847
0,25310000000000005
0,20149999999999998
0,204
0,2085
0,2101
0,25539999999999996
0,224
0,4123
0,20350000000000001
0,2066
0,21130000000000002
0,21680000000000002
0,2216
0,2229
0,2208
0,22790000000000002
0,229
0,23550000000000001
0,2337
0,2267
0,2242
0,22540000000000002
0,5267
0,2503
0,22910000000000003
0,23240000000000002
0,2273
0,2258
0,2195
0,2216
0,223
0,2293
0,5776
0,6650999999999999
0,31179999999999997
0,308
0,5698
0,3069
0,2977
0,2243
0,2236
0,22369999999999998
0,2216
0,2187
0,2208
0,22240000000000001
0,2333
0,2399
0,2379
0,2415
0,2314
0,4595
0,2236
0,2334
0,2181
0,2452
0,2193
0,2261
0,2983
0,2258
0,2206
0,2185
0,2209
0,211
0,2092
0,1997
0,3887
0,1896
0,185
0,19090000000000001
0,2456
0,1893
0,1774
0,1724
0,1666
0,1632
0,1688
0,17220000000000002
0,17679999999999998
0,17220000000000002
0,1782
0,1829
0,1799
0,38949999999999996
0,1753
0,2882
0,2626
0,1959
0,18009999999999998
0,178
0,17909999999999998
0,1811
0,177
0,1875
0,33359999999999995
0,2983
0,2155
0,23650000000000002
0,2745
0,2821
0,49910000000000004
0,1953
0,1959
0,2031
0,2092
0,215
0,21509999999999999
0,2101
0,2061
0,1959
0,1897
0,1933
0,19770000000000001
0,19790000000000002
0,2088
0,25070000000000003
0,4126
0,2042
0,20149999999999998
0,19890000000000002
0,2049
0,1995
0,2097
0,2118
0,2029
0,20149999999999998
0,2359
0,1973
0,2024
0,202
0,1938
0,1928
0,4137
0,2144
0,21259999999999998
0,2122
0,217
0,2122
0,21660000000000001
0,21130000000000002
0,2041
0,2096
0,21680000000000002
0,2265
0,21689999999999998
0,2188
0,2271
0,45609999999999995
0,2218
0,2174
0,21660000000000001
0,216
0,20829999999999999
0,2109
0,325
0,2838
0,223
0,2202
0,21910000000000002
0,3696
0,22
0,2111
0,4411
0,2033
0,2043
0,1971
0,2153
0,2037
0,20479999999999998
0,2069
0,20829999999999999
0,2139
0,2158
0,2238
0,2257
0,22540000000000002
0,2233
0,4702
0,2099
0,2104
0,2128
0,2103
0,2549
0,21350000000000002
0,2182
0,2156
0,2185
0,2263
0,2263
0,2259
0,2193
0,272
0,4271
0,21489999999999998
0,2033
0,20650000000000002
0,2106
0,21589999999999998
0,2174
0,21350000000000002
0,2128
0,2074
0,2017
0,196
0,1932
0,1953
0,19560000000000002
0,1923
0,39189999999999997
0,19110000000000002
0,19790000000000002
0,2027
0,1978
0,1972
0,19190000000000002
0,192
0,1965
0,1943
0,1966
0,1966
0,1887
0,1858
0,18239999999999998
0,18430000000000002
0,5366000000000001
0,3039
0,18450000000000003
0,1764
0,1782
0,182
0,18569999999999998
0,1871
0,1842
0,1822
0,18159999999999998
0,1776
0,1805
0,17229999999999998
0,1738
0,1707
0,1727
0,38949999999999996
0,1773
0,2042
0,1846
0,1821
0,1829
0,17789999999999997
0,17550000000000002
0,17220000000000002
0,16699999999999998
0,16990000000000002
0,1762
0,17459999999999998
0,18000000000000002
0,187
0,1877
0,1883
0,3944
0,1819
0,1747
0,1721
0,1646
0,1815
0,21489999999999998
0,157
0,1582
0,15880000000000002
0,15410000000000001
0,1537
0,1594
0,1605
0,1608
0,1598
0,16679999999999998
0,1684
0,38949999999999996
0,17880000000000001
0,18430000000000002
0,1846
0,187
0,185
0,18430000000000002
0,1938
0,1969
0,2004
0,20029999999999998
0,2052
0,2049
0,204
0,1996
0,2363
0,42410000000000003
0,1966
0,2439
0,2062
0,20729999999999998
0,20929999999999999
0,207
0,21509999999999999
0,20479999999999998
0,46059999999999995
0,3726
0,37829999999999997
0,2586
0,2221
0,2209
0,46099999999999997
0,2124
0,2063
0,2052
0,1988
0,19619999999999999
0,1924
0,19039999999999999
0,1964
0,1907
0,1958
0,1864
0,1875
0,1932
0,1982
0,2069
0,4278
0,179
0,1778
0,1698
0,1676
0,1653
0,1702
0,17450000000000002
0,1706
0,1664
0,1648
0,19190000000000002
0,1624
0,1539
0,1548
0,1515
0,1492
0,153
0,3542
0,1596
0,1469
0,15109999999999998
0,1593
0,1641
0,1608
0,16
0,1584
0,1631
0,1676
0,16770000000000002
0,1736
0,17220000000000002
0,18000000000000002
0,1842
0,18569999999999998
0,1968
0,4041
0,1837
0,1898
0,1888
0,18789999999999998
0,1842
0,1812
0,1733
0,1694
0,1639
0,1632
0,1629
0,1675
0,1664
0,1655
0,1595
0,16679999999999998
0,4642
0,1638
0,16210000000000002
0,2535
0,26739999999999997
0,18000000000000002
0,17029999999999998
0,1712
0,1681
0,1706
0,1739
0,17679999999999998
0,1854
0,1819
0,1807
0,1805
0,21589999999999998
0,1982
0,40900000000000003
0,1957
0,189
0,19870000000000002
0,1906
0,1943
0,1995
0,1926
0,18560000000000001
0,1837
0,18589999999999998
0,1778
0,23900000000000002
0,17229999999999998
0,17
0,1706
0,391
0,16110000000000002
0,1923
0,2235
0,1628
0,1615
0,15919999999999998
0,1636
0,1634
0,161
0,1709
0,1663
0,1617
0,16110000000000002
0,1638
0,159
0,1659
0,18009999999999998
0,37589999999999996
0,16799999999999998
0,163
0,1527
0,1443
0,1434
0,1443
0,14650000000000002
0,14750000000000002
0,1462
0,1419
0,14129999999999998
0,1368
0,1401
0,1445
0,1447
0,1374
0,1334
0,1307
0,13019999999999998
0,3325
0,12689999999999999
0,1289
0,1326
0,1407
0,1447
0,14329999999999998
0,1461
0,1404
0,1381
0,18780000000000002
0,14679999999999999
0,14909999999999998
0,1554
0,1577
0,1601
0,1558
0,1527
0,14650000000000002
0,2681
0,47
0,1402
0,13770000000000002
0,128
0,1288
0,1301
0,12999999999999998
0,1348
0,13699999999999998
0,1369
0,13640000000000002
0,1346
0,1288
0,1342
0,1308
0,131
0,13620000000000002
0,1328
0,1348
0,13449999999999998
0,13779999999999998
0,33780000000000004
0,1405
0,14129999999999998
0,14400000000000002
0,14650000000000002
0,1421
0,1384
0,133
0,1341
0,135
0,1318
0,1349
0,13799999999999998
0,2995
0,1373
0,1341
0,148
0,16870000000000002
0,1215
0,1198
0,1199
0,3786
0,12449999999999999
0,1248
0,1274
0,12129999999999999
0,12589999999999998
0,12760000000000002
0,129
0,1799
0,1304
0,12940000000000002
0,1295
0,13290000000000002
0,1342
0,1347
0,1344
0,1402
0,1401
0,1418
0,1454
0,1486
0,3746
0,1435
0,14100000000000001
0,13449999999999998
0,1381
0,1403
0,14300000000000002
0,1428
0,1445
0,1425
0,1391
0,13349999999999998
0,1324
0,1273
0,1308
0,13640000000000002
0,14109999999999998
0,1419
0,1407
0,1347
0,35619999999999996
0,13779999999999998
0,1372
0,1973
0,1403
0,1436
0,1437
0,1388
0,1441
0,14559999999999998
0,1522
0,1523
0,15239999999999998
0,153
0,1482
0,1401
0,24420000000000003
0,1463
0,1714
0,1447
0,3643
0,1398
0,1373
0,1359
0,1332
0,13329999999999997
0,1343
0,1371
0,14329999999999998
0,1496
0,1553
0,1608
0,1593
0,1652
0,1725
0,1679
0,1638
0,1688
0,16890000000000002
0,20149999999999998
0,3851
0,231
0,22249999999999998
0,1615
0,1626
0,1561
0,1484
0,2852
0,2472
0,24659999999999999
0,21839999999999998
0,22599999999999998
0,23379999999999998
0,1882
0,1376
0,1382
0,1416
0,14579999999999999
0,1476
0,1496
0,3745
0,14320000000000002
0,1338
0,1343
0,1367
0,1339
0,1332
0,1359
0,14320000000000002
0,145
0,1466
0,1434
0,1445
0,1452
0,14479999999999998
0,152
0,155
0,1523
0,1537
0,1998
0,3786
0,1417
0,1359
0,1314
0,1291
0,1324
0,1274
0,131
0,12689999999999999
0,1268
0,1275
0,1754
0,1368
0,13779999999999998
0,14650000000000002
0,1422
0,1429
0,14730000000000001
0,1419
0,1389
0,1373
0,3644
0,1248
0,12769999999999998
0,12469999999999999
0,1254
0,125
0,13019999999999998
0,221
0,1775
0,1847
0,1207
0,116
0,11689999999999999
0,11560000000000001
0,1168
0,1163
0,1183
0,12010000000000001
0,1224
0,1178
0,1132
0,1132
0,1584
0,11270000000000001
0,3313
0,1065
0,1118
0,11220000000000001
0,1126
0,1106
0,1116
0,1051
0,1028
0,10450000000000001
0,1038
0,10490000000000001
0,10450000000000001
0,1051
0,1069
0,1034
0,1041
0,1053
0,101
0,1003
0,0992
0,0998
0,1881
0,1001
0,09780000000000001
0,0992
0,2921
0,1121
0,1001
0,0974
0,0963
0,0941
0,0925
0,0901
0,0924
0,0953
0,0934
0,0979
0,09770000000000001
0,102
0,10160000000000001
0,0971
0,0976
0,09670000000000001
0,0963
0,0979
0,0993
0,1022
0,0998
0,0999
0,102
0,10490000000000001
0,10900000000000001
0,316
0,1199
0,1047
0,1044
0,1073
0,10959999999999999
0,1104
0,1076
0,10490000000000001
0,1032
0,1035
0,1059
0,10500000000000001
0,15569999999999998
0,1094
0,1119
0,1098
0,1121
0,1132
0,1141
0,1137
0,1144
0,1111
0,1113
0,1183
0,3168
0,12789999999999999
0,1134
0,1142
0,116
0,1507
0,11689999999999999
0,115
0,1185
0,11689999999999999
0,12129999999999999
0,1207
0,1197
0,1197
0,1177
0,1181
0,1178
0,1199
0,11649999999999999
0,12000000000000001
0,1183
0,1186
0,1207
0,1145
0,32489999999999997
0,12510000000000002
0,1235
0,12300000000000001
0,12380000000000001
0,2107
0,1327
0,175
0,1385
0,1268
0,1307
0,1328
0,134
0,1389
0,1388
0,14329999999999998
0,1384
0,1425
0,1396
0,13019999999999998
0,1339
0,1924
0,4073
0,13090000000000002
0,1289
0,12769999999999998
0,1316
0,12510000000000002
0,1311
0,1249
0,1236
0,1192
0,1237
0,13770000000000002
0,2027
0,1561
0,131
0,1315
0,132
0,13090000000000002
0,13019999999999998
0,1283
0,1262
0,1278
0,1264
0,32
0,1451
0,1291
0,1252
0,12669999999999998
0,1306
0,1281
0,126
0,1252
0,12219999999999999
0,1211
0,1214
0,12459999999999999
0,12290000000000001
0,1242
0,12990000000000002
0,1316
0,1341
0,1365
0,1304
0,1234
0,13119999999999998
0,1332
0,3246
0,12940000000000002
0,1316
0,12840000000000001
0,12530000000000002
0,1209
0,125
0,12210000000000001
0,1711
0,12439999999999998
0,1211
0,12029999999999999
0,1235
0,1188
0,1177
0,12210000000000001
0,12459999999999999
0,1235
0,11950000000000001
0,1315
0,1139
0,112
0,1154
0,3064
0,1144
0,1145
0,1176
0,1191
0,12029999999999999
0,12210000000000001
0,1207
0,1179
0,1211
0,1215
0,2581
0,1682
0,1256
0,13620000000000002
0,1359
0,14100000000000001
0,1395
0,13990000000000002
0,13870000000000002
0,1561
0,1389
0,2264
0,4369
0,1256
0,1296
0,12329999999999999
0,1185
0,1152
0,1163
0,1111
0,1087
0,1072
0,1055
0,1052
0,1061
0,1072
0,1091
0,11560000000000001
0,1193
0,1173
0,1202
0,1148
0,1172
0,1275
0,1212
0,133
0,34099999999999997
0,1627
0,1283
0,1263
0,124
0,1189
0,1212
0,1147
0,1166
0,1132
0,1132
0,1133
0,1126
0,1152
0,1153
0,11739999999999999
0,1224
0,1205
0,1202
0,1204
0,1196
0,12010000000000001
0,1625
0,1669
0,3435
0,1114
0,1086
0,1082
0,10629999999999999
0,1044
0,10450000000000001
0,1064
0,11270000000000001
0,1095
0,10679999999999999
0,11230000000000001
0,1086
0,1075
0,1082
0,10969999999999999
0,11510000000000001
0,1177
0,1207
0,1176
0,1189
0,12459999999999999
0,12840000000000001
0,1308
0,1315
0,3853
0,124
0,1271
0,1271
0,12769999999999998
0,1268
0,1252
0,1266
0,1379
0,12320000000000002
0,121
0,1205
0,1237
0,1303
0,1252
0,1234
0,1198
0,118
0,1153
0,11309999999999999
0,118
0,1214
0,1308
0,1371
0,3382
0,13190000000000002
0,134
0,132
0,1303
0,128
0,1291
0,1316
0,1342
0,13899999999999998
0,1373
0,13990000000000002
0,14479999999999998
0,1461
0,1466
0,21660000000000001
0,1682
0,2316
0,1326
0,1298
0,13369999999999999
0,1342
0,3388
0,1419
0,13620000000000002
0,1374
0,1436
0,1469
0,14559999999999998
0,1409
0,1358
0,13019999999999998
0,12789999999999999
0,1248
0,19
0,185
0,1906
0,18660000000000002
0,16970000000000002
0,1881
0,2082
0,13369999999999999
0,14479999999999998
0,21230000000000002
0,4268
0,1548
0,1525
0,1514
0,1518
0,1471
0,15109999999999998
0,14650000000000002
0,14650000000000002
0,1431
0,14889999999999998
0,1512
0,15339999999999998
0,15100000000000002
0,15239999999999998
0,15080000000000002
0,14889999999999998
0,1479
0,14329999999999998
0,1391
0,3615
0,155
0,14320000000000002
0,1418
0,1457
0,1485
0,15259999999999999
0,1516
0,1563
0,1578
0,1522
0,15510000000000002
0,1506
0,1474
0,1796
0,1479
0,1436
0,1361
0,1315
0,134
0,3449
0,1376
0,1353
0,13349999999999998
0,13210000000000002
0,19210000000000002
0,1347
0,13640000000000002
0,1317
0,132
0,1311
0,1334
0,12589999999999998
0,1186
0,1185
0,1204
0,1148
0,1109
0,1094
0,1098
0,10969999999999999
0,11349999999999999
0,11649999999999999
0,3228
0,1118
0,1108
0,1134
0,1159
0,1137
0,1142
0,2089
0,1804
0,1307
0,114
0,1197
0,10900000000000001
0,10840000000000001
0,10840000000000001
0,11
0,1073
0,1076
0,1085
0,1125
0,104
0,10289999999999999
0,1082
0,1076
0,1104
0,3936
0,1368
0,1047
0,10179999999999999
0,10160000000000001
0,1028
0,103
0,1031
0,1036
0,0992
0,0974
0,10179999999999999
0,09380000000000001
0,0955
0,0973
0,09330000000000001
0,0925
0,0897
0,09119999999999999
0,0923
0,0922
0,09330000000000001
0,0982
0,09390000000000001
0,095
0,093
0,0937
0,0942
0,2857
0,0924
0,09380000000000001
0,0976
0,0975
0,0961
0,0956
0,0922
0,0968
0,0976
0,09670000000000001
0,0966
0,0954
0,096
0,094
0,093
0,0955
0,0944
0,0956
0,0955
0,0948
0,24000000000000002
0,1007
0,1012
0,13660000000000003
0,1395
0,13640000000000002
0,13349999999999998
0,33149999999999996
0,0922
0,0911
0,0916
0,0876
0,0892
0,0885
0,0903
0,0931
0,1994
0,14229999999999998
0,1033
0,089
0,1386
0,09129999999999999
0,0927
0,093
0,0935
0,0929
0,09330000000000001
0,0929
0,0963
0,09770000000000001
0,0954
0,0941
0,0911
0,09079999999999999
0,09179999999999999
0,1326
0,1291
0,3271
0,08650000000000001
0,0826
0,081
0,0841
0,0863
0,08650000000000001
0,0859
0,0829
0,0799
0,079
0,0789
0,0832
0,0856
0,0878
0,0889
0,0929
0,0923
0,0957
0,0916
0,0969
0,0984
0,0924
0,093
0,0888
0,083
0,082
0,083
0,0821
0,0821
0,08270000000000001
0,2707
0,20049999999999998
0,0863
0,1192
0,1072
0,0922
0,0931
0,0949
0,0931
0,0936
0,0854
0,08670000000000001
0,0859
0,0823
0,0789
0,0746
0,0678
0,0708
0,0863
0,1007
0,075
0,0772
0,07830000000000001
0,08310000000000001
0,0805
0,0819
0,0818
0,0818
0,08339999999999999
0,0869
0,0869
0,08940000000000001
0,29750000000000004
0,1074
0,0983
0,1007
0,10060000000000001
0,098
0,1043
0,10500000000000001
0,1043
0,102
0,1026
0,1012
0,0992
0,0996
0,1025
0,1026
0,10579999999999999
0,102
0,1009
0,1042
0,1062
0,1069
0,1093
0,10959999999999999
0,1154
0,1125
0,1126
0,3121
0,12300000000000001
0,1091
0,1078
0,1017
0,1493
0,1061
0,1094
0,10579999999999999
0,1028
0,10060000000000001
0,0991
0,101
0,1002
0,0992
0,10239999999999999
0,1041
0,10679999999999999
0,1098
0,10679999999999999
0,1078
0,1033
0,10189999999999999
0,0971
0,09670000000000001
0,09899999999999999
0,1572
0,30519999999999997
0,1204
0,0949
0,0934
0,09079999999999999
0,0915
0,0906
0,088
0,0909
0,09079999999999999
0,08940000000000001
0,08940000000000001
0,088
0,08789999999999999
0,0857
0,0825
0,08
0,0786
0,0758
0,0804
0,0786
0,0818
0,0815
0,0819
0,0798
0,0799
0,0837
0,0892
0,0864
0,08789999999999999
0,0851
0,27599999999999997
0,09670000000000001
0,0817
0,08
0,0797
0,0795
0,08059999999999999
0,08
0,0807
0,07830000000000001
0,0817
0,0791
0,0765
0,0758
0,0764
0,0756
0,0738
0,0753
0,07490000000000001
0,07629999999999999
0,0805
0,0818
0,0792
0,0797
0,0786
0,0758
0,0768
0,07490000000000001
0,077
0,0771
0,10830000000000001
0,1185
0,1264
0,3768
0,1502
0,11620000000000001
0,0837
0,0837
0,0826
0,0837
0,0813
0,0826
0,11349999999999999
0,0823
0,07930000000000001
0,07550000000000001
0,07540000000000001
0,07339999999999999
0,1111
0,1188
0,1129
0,0984
0,1283
0,1217
0,0769
0,0758
0,1048
0,1071
0,14479999999999998
0,2054
0,0731
0,0684
0,0652
0,063
0,0608
0,059500000000000004
0,0601
0,059
0,061099999999999995
0,063
0,06430000000000001
0,06499999999999999
0,068
0,0687
0,24689999999999998
0,1204
0,06849999999999999
0,067
0,0668
0,0663
0,0692
0,0679
0,07200000000000001
0,0735
0,0712
0,0725
0,073
0,074
0,0759
0,07880000000000001
0,0771
0,0764
0,0792
0,0736
0,0722
0,0746
0,0733
0,0704
0,0696
0,0684
0,0719
0,0731
0,0718
0,06820000000000001
0,0673
0,066
0,0667
0,0699
0,0717
0,0765
0,0891
0,27149999999999996
0,0871
0,0721
0,0742
0,0725
0,07339999999999999
0,0733
0,07669999999999999
0,0756
0,0752
0,10579999999999999
0,1108
0,08339999999999999
0,0701
0,0702
0,0719
0,0747
0,0736
0,0752
0,0769
0,07619999999999999
0,0765
0,075
0,0769
0,0773
0,0766
0,0739
0,0732
0,0739
0,0727
0,0751
0,0781
0,07880000000000001
0,1037
0,3217
0,08739999999999999
0,0854
0,0893
0,0914
0,0931
0,1496
0,09509999999999999
0,0942
0,0965
0,09519999999999999
0,09899999999999999
0,098
0,1021
0,0986
0,0999
0,0948
0,0915
0,0901
0,0871
0,0909
0,0931
0,09119999999999999
0,093
0,09390000000000001
0,09179999999999999
0,0901
0,1327
0,1296
0,28350000000000003
0,0923
0,0941
0,0965
0,1007
0,0987
0,0965
0,0956
0,0965
0,0956
0,0953
0,0999
0,103
0,10579999999999999
0,1851
0,1248
0,1409
0,1091
0,16210000000000002
0,1325
0,1307
0,0987
0,0991
0,1685
0,205
0,1191
0,1059
0,1074
0,32
0,1181
0,1042
0,1014
0,1005
0,1002
0,1021
0,1093
0,0976
0,0953
0,0968
0,09770000000000001
0,09809999999999999
0,0931
0,0889
0,0858
0,0805
0,0797
0,0789
0,07959999999999999
0,078
0,07930000000000001
0,07669999999999999
0,0813
0,0812
0,0802
0,078
0,0771
0,0747
0,07490000000000001
0,09050000000000001
0,2944
0,0775
0,0777
0,0785
0,0798
0,0785
0,0786
0,08310000000000001
0,0839
0,0842
0,08610000000000001
0,0836
0,0844
0,0886
0,0875
0,0847
0,08650000000000001
0,0856
0,08660000000000001
0,0854
0,0868
0,0844
0,0856
0,0838
0,0856
0,0895
0,0855
0,08660000000000001
0,08449999999999999
0,2007
0,1568
0,08670000000000001
0,27349999999999997
0,1007
0,0891
0,0889
0,0893
0,0897
0,0868
0,0872
0,0851
0,08729999999999999
0,0887
0,0871
0,0877
0,0892
0,0857
0,0895
0,085
0,0824
0,0789
0,0758
0,0722
0,0691
0,0726
0,0726
0,07160000000000001
0,0725
0,0736
0,0745
0,0756
0,07629999999999999
0,0826
0,0771
0,2792
0,09129999999999999
0,0742
0,0733
0,0722
0,0711
0,0702
0,0701
0,06999999999999999
0,0698
0,0674
0,0679
0,0684
0,0674
0,0686
0,06830000000000001
0,0687
0,0692
0,06999999999999999
0,0711
0,0701
0,0711
0,0732
0,0707
0,07150000000000001
0,0717
0,0731
0,07289999999999999
0,0725
0,0727
0,0717
0,0703
0,0701
0,06999999999999999
0,2696
0,1043
0,0692
0,06760000000000001
0,06770000000000001
0,06609999999999999
0,0649
0,06499999999999999
0,06380000000000001
0,0653
0,0859
0,1297
0,0737
0,07279999999999999
0,1496
0,1172
0,078
0,0778
0,08059999999999999
0,0816
0,0853
0,08660000000000001
0,0872
0,0826
0,08059999999999999
0,0819
0,0826
0,08650000000000001
0,0855
0,0858
0,08449999999999999
0,0854
0,0877
0,311
0,0968
0,088
0,09050000000000001
0,09469999999999999
0,0919
0,0911
0,0929
0,09179999999999999
0,0916
0,0941
0,1403
0,0898
0,08990000000000001
0,0823
0,082
0,0815
0,0833
0,0855
0,0809
0,0774
0,0802
0,0826
0,0856
0,085
0,0853
0,0843
0,0832
0,08310000000000001
0,0829
0,2783
0,0857
0,12129999999999999
0,0869
0,0872
0,0836
0,0825
0,0798
0,07629999999999999
0,07150000000000001
0,06899999999999999
0,0684
0,06889999999999999
0,0698
0,0721
0,0735
0,0772
0,0803
0,0837
0,08270000000000001
0,0839
0,0841
0,1073
0,1702
0,0878
0,0823
0,07880000000000001
0,0758
0,07239999999999999
0,1053
0,06830000000000001
0,0694
0,2627
0,1106
0,0693
0,0686
0,0703
0,0736
0,07279999999999999
0,07490000000000001
0,0786
0,0797
0,0829
0,0849
0,08670000000000001
0,0909
0,0942
0,09179999999999999
0,0919
0,0916
0,093
0,09390000000000001
0,0963
0,0962
0,09390000000000001
0,0961
0,0944
0,0931
0,0895
0,088
0,0949
0,0948
0,3084
0,0911
0,0915
0,0923
0,09000000000000001
0,0875
0,08729999999999999
0,0844
0,08650000000000001
0,0841
0,0836
0,0836
0,08339999999999999
0,08449999999999999
0,081
0,0807
0,07940000000000001
0,0787
0,0804
0,0813
0,0807
0,08
0,0813
0,0836
0,0839
0,0816
0,0798
0,0772
0,0774
0,0797
0,1099
0,3035
0,1255
0,1042
0,12990000000000002
0,0669
0,0663
0,0636
0,0641
0,06430000000000001
0,06430000000000001
0,0665
0,0691
0,13090000000000002
0,0786
0,1371
0,1192
0,0766
0,0743
0,07930000000000001
0,08220000000000001
0,08
0,0784
0,0753
0,075
0,0753
0,0746
0,08
0,0792
0,082
0,0836
0,0848
0,0842
0,0862
0,28400000000000003
0,1015
0,09040000000000001
0,0941
0,09129999999999999
0,0916
0,0888
0,0883
0,089
0,0863
0,0895
0,0878
0,0883
0,08839999999999999
0,09040000000000001
0,0911
0,0929
0,0937
0,0955
0,09519999999999999
0,09519999999999999
0,0984
0,0984
0,1026
0,103
0,10239999999999999
0,1051
0,102
0,09809999999999999
0,2906
0,1091
0,09000000000000001
0,08789999999999999
0,0856
0,0857
0,0897
0,0922
0,09119999999999999
0,0919
0,0927
0,09069999999999999
0,0927
0,09849999999999999
0,1001
0,1982
0,1829
0,1516
0,1716
0,1653
0,1809
0,1555
0,11309999999999999
0,0992
0,1051
0,1071
0,1039
0,14980000000000002
0,3454
0,16970000000000002
0,15259999999999999
0,107
0,10629999999999999
0,1041
0,0998
0,1048
0,1017
0,106
0,1053
0,1075
0,1055
0,1091
0,1062
0,10900000000000001
0,1044
0,106
0,106
0,1067
0,1044
0,1035
0,15760000000000002
0,1007
0,0993
0,0996
0,2922
0,1113
0,0994
0,1043
0,101
0,1036
0,10880000000000001
0,1076
0,11170000000000001
0,1121
0,1104
0,11230000000000001
0,1055
0,1062
0,10880000000000001
0,1115
0,1134
0,11620000000000001
0,2076
0,1391
0,1292
0,12320000000000002
0,1255
0,1356
0,13620000000000002
0,3366
0,2203
0,1285
0,2167
0,131
0,1236
0,1214
0,1249
0,12449999999999999
0,127
0,12229999999999999
0,1225
0,1187
0,1164
0,12510000000000002
0,12669999999999998
0,1265
0,1228
0,12459999999999999
0,1237
0,1212
0,12459999999999999
0,1266
0,365
0,1304
0,13349999999999998
0,1382
0,13090000000000002
0,1306
0,1271
0,1173
0,1175
0,12229999999999999
0,1237
0,1242
0,12310000000000001
0,1209
0,12300000000000001
0,127
0,12079999999999999
0,1278
0,1293
0,1265
0,1282
0,1844
0,2251
0,37
0,13799999999999998
0,1381
0,13870000000000002
0,1285
0,1271
0,1264
0,12760000000000002
0,1325
0,1338
0,1367
0,1313
0,12840000000000001
0,13090000000000002
0,1293
0,1298
0,1298
0,12669999999999998
0,1188
0,1158
0,11120000000000001
0,1133
0,1082
0,3108
0,1081
0,2662
0,1441
0,1153
0,1153
0,1178
0,1198
0,1212
0,1228
0,1187
0,11900000000000001
0,11739999999999999
0,1137
0,15919999999999998
0,1144
0,1171
0,1118
0,1126
0,1155
0,1212
0,1182
0,1181
0,1101
0,11610000000000001
0,3248
0,1336
0,12229999999999999
0,2173
0,1425
0,1289
0,1307
0,1314
0,1356
0,1429
0,146
0,1476
0,1476
0,1441
0,1453
0,1497
0,2478
0,1632
0,2131
0,15589999999999998
0,1603
0,39599999999999996
0,1663
0,1672
0,1679
0,1596
0,1554
0,1516
0,1577
0,1553
0,14459999999999998
0,1429
0,1332
0,1343
0,1384
0,13770000000000002
0,1323
0,1293
0,1252
0,12029999999999999
0,12029999999999999
0,1583
0,3506
0,1842
0,1882
0,1431
0,1474
0,1495
0,14809999999999998
0,2077
0,1493
0,1463
0,1452
0,1436
0,14550000000000002
0,147
0,15239999999999998
0,1522
0,1503
0,1505
0,15330000000000002
0,1505
0,36729999999999996
0,14559999999999998
0,1439
0,1369
0,13290000000000002
0,1316
0,132
0,1417
0,13699999999999998
0,1376
0,1336
0,1268
0,12449999999999999
0,1214
0,1219
0,11649999999999999
0,1149
0,1146
0,1113
0,11649999999999999
0,111
0,1076
0,1076
0,2966
0,1158
0,10179999999999999
0,1047
0,1032
0,1061
0,106
0,10830000000000001
0,11170000000000001
0,1066
0,1032
0,0984
0,0966
0,0957
0,09280000000000001
0,0926
0,1419
0,0932
0,0935
0,1896
0,1215
0,1513
0,1288
0,12210000000000001
0,1304
0,1224
0,37120000000000003
0,12229999999999999
0,1435
0,1325
0,1023
0,1027
0,1015
0,1023
0,2414
0,1091
0,132
0,1436
0,1313
0,1239
0,13770000000000002
0,1027
0,0876
0,1143
0,1141
0,114
0,1146
0,1256
0,08990000000000001
0,08660000000000001
0,0864
0,1339
0,0906
0,2934
0,1014
0,0864
0,0855
0,0843
0,0851
0,0811
0,0797
0,0785
0,0786
0,0792
0,0782
0,0791
0,07830000000000001
0,07830000000000001
0,0799
0,0789
0,0792
0,0789
0,0829
0,0786
0,0773
0,075
0,1194
0,0725
0,07239999999999999
0,0717
0,0727
0,0745
0,0735
0,272
0,08940000000000001
0,0742
0,0751
0,0766
0,0779
0,0751
0,0764
0,0761
0,077
0,0771
0,0785
0,0777
0,0772
0,07550000000000001
0,075
0,0732
0,0752
0,0772
0,0777
0,0785
0,0787
0,0797
0,0818
0,0824
0,0837
0,08660000000000001
0,08600000000000001
0,0876
0,1256
0,3342
0,0903
0,0887
0,0878
0,08729999999999999
0,0871
0,08670000000000001
0,0868
0,089
0,0898
0,08660000000000001
0,0847
0,0811
0,0817
0,0847
0,1338
0,0843
0,0857
0,0855
0,0864
0,0855
0,0859
0,0848
0,0869
0,0878
0,0859
0,0832
0,0856
0,2809
0,1044
0,0902
0,0925
0,0944
0,0942
0,0959
0,0955
0,0955
0,09809999999999999
0,1159
0,1931
0,1658
0,1514
0,1802
0,1301
0,1385
0,1236
0,08940000000000001
0,0885
0,0888
0,08990000000000001
0,08940000000000001
0,09129999999999999
0,09179999999999999
0,093
0,09380000000000001
0,28959999999999997
0,09069999999999999
0,089
0,08670000000000001
0,0895
0,08600000000000001
0,0857
0,0849
0,0882
0,0878
0,14400000000000002
0,1076
0,0988
0,0829
0,16620000000000001
0,31179999999999997
0,1002
0,12210000000000001
0,079
0,0773
0,0768
0,076
0,0777
0,08009999999999999
0,08
0,0791
0,07959999999999999
0,076
0,0769
0,27099999999999996
0,08990000000000001
0,07339999999999999
0,07200000000000001
0,07050000000000001
0,07050000000000001
0,0701
0,0697
0,0692
0,0692
0,0688
0,06849999999999999
0,06770000000000001
0,0688
0,06820000000000001
0,06760000000000001
0,06770000000000001
0,06810000000000001
0,068
0,06760000000000001
0,068
0,0686
0,06820000000000001
0,0684
0,06810000000000001
0,1194
0,0687
0,068
0,06849999999999999
0,0688
0,0694
0,0698
0,24449999999999997
0,0826
0,06820000000000001
0,06849999999999999
0,0678
0,0684
0,0674
0,06820000000000001
0,06760000000000001
0,068
0,06810000000000001
0,1171
0,06849999999999999
0,06820000000000001
0,068
0,0678
0,06760000000000001
0,0679
0,06760000000000001
0,0675
0,06760000000000001
0,0684
0,068
0,068
0,06770000000000001
0,06889999999999999
0,06820000000000001
0,0678
0,0673
0,0679
0,0678
0,068
0,2524
0,0837
0,06810000000000001
0,06810000000000001
0,0679
0,0678
0,06760000000000001
0,0679
0,0672
0,06760000000000001
0,0675
0,06760000000000001
0,0673
0,0675
0,0672
0,0674
0,067
0,06770000000000001
0,0673
0,0679
0,0675
0,06949999999999999
0,06849999999999999
0,0692
0,06830000000000001
0,06820000000000001
0,0665
0,0668
0,0652
0,0659
0,0655
0,0664
0,2682
0,0814
0,0657
0,066
0,0655
0,0655
0,0649
0,0658
0,06499999999999999
0,0654
0,0652
0,0659
0,0649
0,0655
0,06499999999999999
0,06509999999999999
0,0648
0,0655
0,06509999999999999
0,1051
0,1145
0,0802
0,0663
0,066
0,0663
0,06609999999999999
0,0659
0,0655
0,0655
0,0655
0,0652
0,0655
0,0654
0,28640000000000004
0,0798
0,0663
0,06509999999999999
0,0662
0,0655
0,0659
0,06509999999999999
0,0655
0,0652
0,0653
0,06499999999999999
0,0653
0,0654
0,0655
0,06509999999999999
0,06559999999999999
0,06470000000000001
0,0653
0,0649
0,0655
0,06470000000000001
0,06559999999999999
0,0653
0,0659
0,06509999999999999
0,11230000000000001
0,066
0,0664
0,0654
0,1643
0,0859
0,0696
0,32489999999999997
0,166
0,10450000000000001
0,0832
0,11560000000000001
0,0667
0,0659
0,0666
0,06609999999999999
0,066
0,06609999999999999
0,0664
0,0662
0,0665
0,0659
0,0657
0,0658
0,066
0,0659
0,06810000000000001
0,0654
0,0664
0,0664
0,0665
0,0662
0,067
0,0668
0,066
0,06609999999999999
0,0668
0,0666
0,0703
0,0745
0,2504
0,0963
0,0976
0,0658
0,0658
0,0652
0,0653
0,0658
0,0659
0,0649
0,0653
0,06499999999999999
0,0655
0,0649
0,0655
0,0646
0,0653
0,06499999999999999
0,0653
0,0644
0,0655
0,06509999999999999
0,0658
0,0652
0,0659
0,0664
0,0659
0,0649
0,06509999999999999
0,0646
0,0658
0,06509999999999999
0,06509999999999999
0,28650000000000003
0,0664
0,06499999999999999
0,0654
0,06509999999999999
0,0649
0,0649
0,0652
0,06470000000000001
0,06470000000000001
0,0645
0,0653
0,06470000000000001
0,06499999999999999
0,0649
0,0649
0,0648
0,06499999999999999
0,0649
0,0649
0,06499999999999999
0,0655
0,0655
0,0655
0,0654
0,0657
0,0653
0,06509999999999999
0,0646
0,0652
0,06499999999999999
0,0652
0,1009
0,30160000000000003
0,0657
0,0655
0,0652
0,06559999999999999
0,0648
0,1119
0,06559999999999999
0,066
0,06509999999999999
0,0657
0,06499999999999999
0,06499999999999999
0,06470000000000001
0,0653
0,0645
0,06499999999999999
0,06470000000000001
0,0655
0,0646
0,06559999999999999
0,0652
0,0659
0,06499999999999999
0,06559999999999999
0,0654
0,066
0,0648
0,0654
0,06499999999999999
0,0653
0,0646
0,1514
0,2632
0,083
0,0659
0,0657
0,06559999999999999
0,0654
0,0652
0,0652
0,0653
0,06509999999999999
0,06509999999999999
0,0652
0,0649
0,0649
0,0648
0,06470000000000001
0,0649
0,06509999999999999
0,06499999999999999
0,0648
0,06499999999999999
0,0674
0,0654
0,0653
0,06559999999999999
0,06559999999999999
0,0655
0,06559999999999999
0,0652
0,0653
0,0652
0,0654
0,0654
0,2452
0,0795
0,0663
0,0652
0,066
0,0649
0,0655
0,0649
0,0653
0,0649
0,06509999999999999
0,06470000000000001
0,0652
0,0646
0,0652
0,0645
0,0649
0,0648
0,06509999999999999
0,0644
0,1617
0,0698
0,0698
0,1376
0,0833
0,06609999999999999
0,0662
0,0655
0,06559999999999999
0,06499999999999999
0,06559999999999999
0,06509999999999999
0,0655
0,2542
0,08270000000000001
0,06609999999999999
0,0659
0,0658
0,06499999999999999
0,06559999999999999
0,0655
0,06509999999999999
0,0655
0,06499999999999999
0,0687
0,06499999999999999
0,0659
0,0653
0,06509999999999999
0,0652
0,0652
0,0653
0,1111
0,0658
0,0701
0,0792
0,0654
0,0655
0,0657
0,06559999999999999
0,06499999999999999
0,06499999999999999
0,06499999999999999
0,0649
0,0649
0,0653
0,2482
0,07940000000000001
0,0655
0,0648
0,0655
0,0648
0,0649
0,0646
0,06509999999999999
0,06470000000000001
0,0653
0,0652
0,0654
0,0646
0,0652
0,0644
0,06499999999999999
0,06509999999999999
0,0653
0,0649
0,0654
0,0657
0,0653
0,0649
0,0654
0,06559999999999999
0,0657
0,0654
0,0652
0,0649
0,0653
0,06509999999999999
0,0657
0,24459999999999998
0,0811
0,06609999999999999
0,0662
0,066
0,0657
0,0652
0,0655
0,06509999999999999
0,0653
0,06499999999999999
0,0652
0,06499999999999999
0,0649
0,06499999999999999
0,06509999999999999
0,0649
0,0648
0,0649
0,06499999999999999
0,06509999999999999
0,0653
0,0652
0,0653
0,0653
0,0657
0,0653
0,06499999999999999
0,0649
0,06499999999999999
0,06509999999999999
0,0649
0,06499999999999999
0,26449999999999996
0,0818
0,0652
0,0653
0,06509999999999999
0,0646
0,06499999999999999
0,0652
0,06509999999999999
0,0646
0,0652
0,06470000000000001
0,06499999999999999
0,06470000000000001
0,0649
0,0644
0,0807
0,1536
0,11510000000000001
0,0679
0,0658
0,0657
0,06609999999999999
0,0653
0,0658
0,06559999999999999
0,0659
0,06499999999999999
0,068
0,06470000000000001
0,0653
0,06470000000000001
0,1241
0,2412
0,0949
0,0708
0,0664
0,0663
0,0659
0,0659
0,06559999999999999
0,0653
0,0653
0,06499999999999999
0,0653
0,0653
0,0657
0,0653
0,06499999999999999
0,0648
0,06499999999999999
0,06509999999999999
0,06499999999999999
0,0653
0,0655
0,0653
0,0653
0,0653
0,0655
0,0653
0,0654
0,0655
0,0652
0,0652
0,0654
0,0652
0,24230000000000002
0,0818
0,06559999999999999
0,0652
0,0654
0,0649
0,0653
0,06509999999999999
0,06499999999999999
0,0644
0,06470000000000001
0,06470000000000001
0,1893
0,0687
0,06889999999999999
0,1104
0,0671
0,0653
0,0655
0,06470000000000001
0,0658
0,0655
0,0657
0,06499999999999999
0,0659
0,0655
0,0658
0,0652
0,0657
0,06509999999999999
0,06559999999999999
0,0652
0,0658
0,2614
0,0826
0,0664
0,0669
0,0666
0,0659
0,098
0,0659
0,0655
0,0655
0,06509999999999999
0,0654
0,0655
0,0654
0,06509999999999999
0,06499999999999999
0,0654
0,06499999999999999
0,06509999999999999
0,0649
0,06499999999999999
0,06559999999999999
0,0654
0,06509999999999999
0,0653
0,06559999999999999
0,0655
0,06509999999999999
0,0649
0,0649
0,06499999999999999
0,0649
0,0664
0,2636
0,08339999999999999
0,0666
0,06559999999999999
0,0659
0,06499999999999999
0,0652
0,06509999999999999
0,0652
0,0648
0,0649
0,06470000000000001
0,1103
0,0652
0,0653
0,06470000000000001
0,0649
0,06509999999999999
0,0657
0,06470000000000001
0,06559999999999999
0,06470000000000001
0,0653
0,0648
0,0654
0,06509999999999999
0,06559999999999999
0,0648
0,0654
0,0648
0,06509999999999999
0,06430000000000001
0,0653
0,2471
0,08220000000000001
0,0654
0,06559999999999999
0,0653
0,06499999999999999
0,0648
0,0654
0,06499999999999999
0,0648
0,0648
0,0654
0,0645
0,06509999999999999
0,06499999999999999
0,0648
0,0646
0,06499999999999999
0,0648
0,0649
0,0649
0,06559999999999999
0,0652
0,0652
0,06499999999999999
0,066
0,0653
0,0674
0,0652
0,0654
0,0652
0,066
0,0653
0,2327
0,15339999999999998
0,11270000000000001
0,1028
0,0897
0,08220000000000001
0,1274
0,1032
0,1004
0,0965
0,0984
0,1159
0,06609999999999999
0,06499999999999999
0,0659
0,0648
0,0659
0,0648
0,0657
0,0648
0,0657
0,06509999999999999
0,06559999999999999
0,0648
0,06609999999999999
0,0653
0,1834
0,0803
0,0664
0,0657
0,0663
0,0657
0,0663
0,2493
0,09459999999999999
0,0663
0,0662
0,066
0,0657
0,0653
0,0654
0,0653
0,06499999999999999
0,0652
0,0654
0,0649
0,06499999999999999
0,0649
0,06499999999999999
0,06509999999999999
0,06509999999999999
0,06509999999999999
0,0649
0,06499999999999999
0,0654
0,0655
0,06499999999999999
0,0657
0,1116
0,06609999999999999
0,0657
0,0654
0,06559999999999999
0,0649
0,0654
0,0654
0,3271
0,0725
0,13770000000000002
0,0675
0,0658
0,06499999999999999
0,06509999999999999
0,0652
0,0652
0,0653
0,0653
0,0652
0,06509999999999999
0,06499999999999999
0,0652
0,06509999999999999
0,0652
0,0652
0,0655
0,06509999999999999
0,09809999999999999
0,066
0,066
0,0654
0,06609999999999999
0,0662
0,0659
0,0654
0,0658
0,0652
0,0657
0,066
0,06609999999999999
0,25070000000000003
0,0948
0,0662
0,066
0,06559999999999999
0,0653
0,06499999999999999
0,0659
0,0655
0,0652
0,0653
0,0652
0,06499999999999999
0,06509999999999999
0,0649
0,06499999999999999
0,0649
0,06509999999999999
0,06509999999999999
0,0648
0,06499999999999999
0,06509999999999999
0,06509999999999999
0,06509999999999999
0,0655
0,0659
0,0653
0,06509999999999999
0,06499999999999999
0,06470000000000001
0,06470000000000001
0,0649
0,0678
0,2478
0,0821
0,0657
0,0655
0,0659
0,06499999999999999
0,0652
0,0652
0,06509999999999999
0,0648
0,0649
0,0648
0,06499999999999999
0,0646
0,0649
0,0644
0,0649
0,0645
0,06470000000000001
0,06430000000000001
0,06499999999999999
0,06499999999999999
0,0655
0,0649
0,0654
0,0653
0,0654
0,0645
0,06470000000000001
0,0645
0,06499999999999999
0,0646
0,0663
0,264
0,0954
0,0652
0,0663
0,0648
0,1109
0,0653
0,06559999999999999
0,0652
0,0653
0,0649
0,0652
0,06470000000000001
0,0653
0,125
0,1211
0,0799
0,0658
0,0658
0,0653
0,0653
0,06559999999999999
0,0658
0,0652
0,0653
0,0659
0,0653
0,0654
0,0648
0,06509999999999999
0,0648
0,06499999999999999
0,0653
0,2499
0,0808
0,0654
0,06509999999999999
0,0653
0,0646
0,0649
0,0648
0,06499999999999999
0,0645
0,06499999999999999
0,06470000000000001
0,06509999999999999
0,0646
0,0649
0,06420000000000001
0,0649
0,0645
0,06559999999999999
0,0645
0,06499999999999999
0,06499999999999999
0,0653
0,0646
0,0655
0,0652
0,0655
0,0646
0,0652
0,0649
0,0654
0,06470000000000001
0,0654
0,2589
0,0813
0,066
0,0659
0,066
0,0654
0,0652
0,0654
0,06509999999999999
0,06499999999999999
0,0648
0,0652
0,06499999999999999
0,06499999999999999
0,06470000000000001
0,0648
0,0645
0,0648
0,0648
0,06470000000000001
0,0649
0,06509999999999999
0,0652
0,06509999999999999
0,0652
0,0655
0,0653
0,06499999999999999
0,156
0,0688
0,0958
0,1106
0,07959999999999999
0,2535
0,0954
0,066
0,0655
0,0659
0,0971
0,0655
0,0652
0,0652
0,0648
0,06509999999999999
0,06499999999999999
0,0653
0,0648
0,0653
0,0646
0,0655
0,0653
0,11069999999999999
0,0654
0,0659
0,0657
0,0659
0,0654
0,06559999999999999
0,06559999999999999
0,066
0,0645
0,06499999999999999
0,0654
0,06499999999999999
0,06430000000000001
0,0654
0,2557
0,0811
0,0664
0,0662
0,0657
0,0653
0,0649
0,0652
0,0648
0,0649
0,0649
0,0653
0,06499999999999999
0,0648
0,0644
0,06559999999999999
0,0648
0,0655
0,0649
0,0653
0,0648
0,0658
0,0654
0,0655
0,0654
0,0663
0,0658
0,06499999999999999
0,06499999999999999
0,06509999999999999
0,06470000000000001
0,06509999999999999
0,0652
0,2508
0,0816
0,0655
0,0653
0,0654
0,06499999999999999
0,0652
0,06509999999999999
0,0652
0,0648
0,06509999999999999
0,0649
0,06509999999999999
0,0646
0,06499999999999999
0,06470000000000001
0,0652
0,0648
0,06509999999999999
0,06470000000000001
0,0652
0,06509999999999999
0,0654
0,06499999999999999
0,0658
0,0654
0,0659
0,0649
0,06499999999999999
0,06470000000000001
0,06499999999999999
0,06499999999999999
0,0657
0,31520000000000004
0,0819
0,0659
0,06609999999999999
0,06559999999999999
0,0653
0,0648
0,0652
0,0649
0,06499999999999999
0,0648
0,06499999999999999
0,0646
0,06470000000000001
0,0645
0,0644
0,0646
0,06499999999999999
0,06470000000000001
0,0644
0,0648
0,0652
0,06509999999999999
0,06499999999999999
0,0654
0,0654
0,06509999999999999
0,06499999999999999
0,0646
0,0648
0,06499999999999999
0,1093
0,0654
0,24159999999999998
0,0804
0,0667
0,06559999999999999
0,06609999999999999
0,0653
0,06509999999999999
0,06470000000000001
0,06509999999999999
0,06470000000000001
0,0652
0,0649
0,06499999999999999
0,0648
0,06499999999999999
0,06470000000000001
0,0649
0,0648
0,06509999999999999
0,0646
0,06509999999999999
0,0652
0,0653
0,0648
0,0652
0,0652
0,06559999999999999
0,06499999999999999
0,06509999999999999
0,06499999999999999
0,06499999999999999
0,06499999999999999
0,0652
0,23829999999999998
0,0813
0,06609999999999999
0,0663
0,0654
0,06499999999999999
0,06499999999999999
0,06509999999999999
0,06470000000000001
0,0655
0,0649
0,06499999999999999
0,06470000000000001
0,0648
0,06470000000000001
0,06470000000000001
0,0648
0,0648
0,0646
0,0646
0,06470000000000001
0,0654
0,0648
0,1104
0,0694
0,11120000000000001
0,0953
0,0973
0,0655
0,0654
0,06509999999999999
0,0653
0,0657
0,2524
0,0817
0,06559999999999999
0,06999999999999999
0,0658
0,06509999999999999
0,06559999999999999
0,06509999999999999
0,0652
0,0648
0,0653
0,06509999999999999
0,0653
0,06470000000000001
0,0653
0,0648
0,0657
0,06499999999999999
0,0662
0,0649
0,0659
0,0655
0,0658
0,0652
0,066
0,0659
0,0659
0,0648
0,0649
0,06470000000000001
0,06499999999999999
0,0646
0,0662
0,2392
0,0956
0,0652
0,0654
0,06509999999999999
0,06509999999999999
0,0648
0,0652
0,0648
0,06509999999999999
0,0658
0,1095
0,0654
0,0653
0,0652
0,06499999999999999
0,06470000000000001
0,0652
0,06470000000000001
0,06470000000000001
0,0649
0,0654
0,06509999999999999
0,0652
0,06499999999999999
0,0657
0,0654
0,0655
0,0645
0,0648
0,0646
0,0658
0,0649
0,2478
0,0931
0,0657
0,0652
0,06559999999999999
0,06470000000000001
0,06509999999999999
0,06499999999999999
0,06499999999999999
0,0645
0,0649
0,0648
0,0649
0,0649
0,0649
0,0648
0,06499999999999999
0,0648
0,0653
0,06499999999999999
0,06509999999999999
0,0974
0,1034
0,0798
0,0663
0,066
0,06609999999999999
0,0654
0,06559999999999999
0,0654
0,0658
0,0657
0,06609999999999999
0,25470000000000004
0,0815
0,06509999999999999
0,0655
0,0649
0,06499999999999999
0,0649
0,06559999999999999
0,0649
0,06499999999999999
0,0648
0,06499999999999999
0,0648
0,0649
0,06470000000000001
0,0646
0,0645
0,06499999999999999
0,06470000000000001
0,06470000000000001
0,0648
0,06499999999999999
0,06509999999999999
0,0652
0,0655
0,0658
0,06509999999999999
0,06499999999999999
0,0646
0,0649
0,0648
0,06499999999999999
0,066
0,2569
0,0809
0,0664
0,0655
0,0658
0,0649
0,0652
0,06499999999999999
0,06509999999999999
0,0646
0,06509999999999999
0,06509999999999999
0,06509999999999999
0,0646
0,0648
0,0644
0,06499999999999999
0,06499999999999999
0,0657
0,06470000000000001
0,0653
0,0649
0,0657
0,06499999999999999
0,1082
0,0659
0,06609999999999999
0,06470000000000001
0,06509999999999999
0,0646
0,06499999999999999
0,0645
0,0649
0,2421
0,081
0,0662
0,066
0,0657
0,06559999999999999
0,06509999999999999
0,06559999999999999
0,0648
0,0653
0,06470000000000001
0,0652
0,0648
0,0655
0,08009999999999999
0,1528
0,0829
0,0687
0,0844
0,0671
0,07880000000000001
0,0665
0,066
0,0659
0,06609999999999999
0,0663
0,06559999999999999
0,0655
0,0654
0,0655
0,0654
0,0653
0,06559999999999999
0,2681
0,082
0,0671
0,066
0,0662
0,0653
0,0657
0,0653
0,0654
0,06509999999999999
0,066
0,0652
0,0659
0,0652
0,0654
0,0648
0,0657
0,06499999999999999
0,0669
0,0646
0,0655
0,0652
0,0655
0,06509999999999999
0,0659
0,0655
0,06559999999999999
0,06470000000000001
0,0652
0,0646
0,06509999999999999
0,0648
0,0653
0,24459999999999998
0,0808
0,0662
0,0663
0,0658
0,0658
0,06509999999999999
0,0655
0,0652
0,0657
0,06499999999999999
0,0655
0,06509999999999999
0,0654
0,0648
0,0646
0,0648
0,0655
0,0648
0,06509999999999999
0,0649
0,0652
0,06499999999999999
0,0654
0,0654
0,0655
0,0652
0,0649
0,0646
0,0649
0,0649
0,0652
0,0657
0,2372
0,0813
0,06559999999999999
0,06509999999999999
0,10840000000000001
0,0655
0,06559999999999999
0,154
0,13520000000000001
0,1167
0,11900000000000001
0,08310000000000001
0,0957
0,0654
0,0658
0,0648
0,0654
0,0649
0,066
0,0648
0,0657
0,06509999999999999
0,0657
0,06499999999999999
0,0659
0,0657
0,06609999999999999
0,06499999999999999
0,0654
0,0649
0,0655
0,0645
0,0659
0,25070000000000003
0,0809
0,0665
0,066
0,0662
0,0657
0,0653
0,0655
0,06499999999999999
0,06509999999999999
0,0649
0,06509999999999999
0,06499999999999999
0,0653
0,0648
0,06509999999999999
0,0652
0,0652
0,0649
0,0648
0,0649
0,0657
0,0653
0,0653
0,06509999999999999
0,06559999999999999
0,0654
0,0652
0,0648
0,0655
0,06509999999999999
0,0655
0,06509999999999999
0,2418
0,07930000000000001
0,0662
0,0654
0,0658
0,0649
0,0658
0,0652
0,06559999999999999
0,0646
0,0655
0,0648
0,0653
0,06470000000000001
0,06509999999999999
0,0645
0,0654
0,0649
0,0652
0,06470000000000001
0,0652
0,0653
0,0657
0,0648
0,0657
0,0652
0,0659
0,06470000000000001
0,0652
0,0648
0,09809999999999999
0,0779
0,06509999999999999
0,2358
0,0823
0,06559999999999999
0,0657
0,1565
0,06889999999999999
0,0686
0,1114
0,08
0,0658
0,0654
0,0659
0,06509999999999999
0,06509999999999999
0,06509999999999999
0,0648
0,0652
0,1126
0,0657
0,0655
0,0657
0,0658
0,0658
0,0654
0,0655
0,0659
0,06559999999999999
0,06509999999999999
0,0648
0,0653
0,06509999999999999
0,06499999999999999
0,0653
0,2409
0,0829
0,0664
0,06609999999999999
0,0662
0,06499999999999999
0,0655
0,06499999999999999
0,06509999999999999
0,0645
0,0653
0,0649
0,0652
0,0646
0,0652
0,0644
0,0653
0,0652
0,0653
0,06509999999999999
0,0655
0,06559999999999999
0,0658
0,0653
0,0658
0,0658
0,06559999999999999
0,0653
0,06559999999999999
0,06509999999999999
0,0655
0,06509999999999999
0,0657
0,2417
0,08
0,0658
0,066
0,06559999999999999
0,0652
0,06470000000000001
0,06509999999999999
0,0648
0,06499999999999999
0,0646
0,0657
0,0648
0,0652
0,06470000000000001
0,06509999999999999
0,0648
0,0653
0,06470000000000001
0,06509999999999999
0,0649
0,0657
0,0652
0,1852
0,0664
0,0662
0,0658
0,0654
0,06509999999999999
0,0655
0,0648
0,06499999999999999
0,06499999999999999
0,262
0,0819
0,0665
0,0657
0,0662
0,06509999999999999
0,0658
0,06509999999999999
0,06499999999999999
0,06470000000000001
0,06499999999999999
0,0649
0,0653
0,0645
0,0652
0,06430000000000001
0,0653
0,0648
0,0662
0,0646
0,0653
0,0652
0,0658
0,0648
0,06559999999999999
0,0654
0,06559999999999999
0,0646
0,06509999999999999
0,0646
0,12459999999999999
0,06559999999999999
0,06559999999999999
0,25999999999999995
0,09380000000000001
0,06559999999999999
0,066
0,0653
0,06559999999999999
0,0649
0,0653
0,06509999999999999
0,06499999999999999
0,0648
0,0655
0,0649
0,0667
0,06499999999999999
0,06499999999999999
0,06470000000000001
0,0652
0,0649
0,06499999999999999
0,06499999999999999
0,0658
0,0654
0,06499999999999999
0,0652
0,066
0,0654
0,0652
0,0649
0,0652
0,0648
0,06559999999999999
0,0646
0,2581
0,0819
0,0666
0,0657
0,0664
0,06509999999999999
0,0657
0,0652
0,0653
0,0649
0,0654
0,06499999999999999
0,0655
0,06470000000000001
0,06499999999999999
0,1351
0,0653
0,06509999999999999
0,0655
0,06559999999999999
0,0655
0,0653
0,0654
0,06499999999999999
0,0657
0,06559999999999999
0,0655
0,0646
0,0654
0,0646
0,06559999999999999
0,0644
0,0649
0,29550000000000004
0,1119
0,07940000000000001
0,066
0,0655
0,0658
0,06499999999999999
0,0653
0,06470000000000001
0,0658
0,06509999999999999
0,0653
0,0649
0,0652
0,06499999999999999
0,0649
0,0648
0,06509999999999999
0,06509999999999999
0,0649
0,0652
0,0659
0,0655
0,06559999999999999
0,0658
0,06820000000000001
0,0658
0,0659
0,0658
0,0655
0,06559999999999999
0,0658
0,0664
0,2436
0,0818
0,0655
0,0654
0,0654
0,0648
0,0654
0,0649
0,0652
0,0648
0,11359999999999999
0,06559999999999999
0,06559999999999999
0,06509999999999999
0,0652
0,0649
0,0652
0,06509999999999999
0,0652
0,06470000000000001
0,0654
0,0649
0,0658
0,06470000000000001
0,0659
0,0654
0,0663
0,0649
0,06499999999999999
0,0646
0,0653
0,0644
0,0657
0,2412
0,0812
0,0662
0,0662
0,0657
0,0655
0,0649
0,1323
0,0941
0,0654
0,06559999999999999
0,0658
0,06499999999999999
0,06499999999999999
0,06499999999999999
0,0648
0,0648
0,06499999999999999
0,0648
0,0649
0,06509999999999999
0,0653
0,06509999999999999
0,06559999999999999
0,06559999999999999
0,0659
0,0655
0,06559999999999999
0,06499999999999999
0,0652
0,0655
0,0655
0,0655
0,2591
0,0825
0,0665
0,0655
0,06609999999999999
0,0649
0,0658
0,0649
0,0654
0,06470000000000001
0,06499999999999999
0,0649
0,06499999999999999
0,06470000000000001
0,06509999999999999
0,0646
0,0654
0,0649
0,06509999999999999
0,0645
0,06509999999999999
0,0649
0,0653
0,0646
0,06609999999999999
0,0652
0,0655
0,0645
0,06509999999999999
0,06430000000000001
0,0652
0,0644
0,0648
0,2503
0,0809
0,0659
0,0659
0,0657
0,06499999999999999
0,06499999999999999
0,06509999999999999
0,06499999999999999
0,0648
0,0646
0,0655
0,0649
0,0649
0,06470000000000001
0,06470000000000001
0,0646
0,06499999999999999
0,0648
0,06499999999999999
0,0649
0,06499999999999999
0,0652
0,108
0,06559999999999999
0,0658
0,0655
0,06509999999999999
0,0644
0,06470000000000001
0,06470000000000001
0,0648
0,0648
0,24020000000000002
0,12449999999999999
0,10239999999999999
