9,8509
4,2463
2,8465000000000003
2,755
2,8295
2,9473
3,3854
3,323
3,5195
2,2547
2,7374
2,6676
2,4981
2,3373
2,4329
2,9104
2,5777
2,9053
2,2689
2,4181
2,2496
2,2531
2,3249
3,6625
2,509
2,2416
2,2070000000000003
2,2392
2,2028999999999996
2,5421
3,1033
2,4426
2,1755
2,2238
2,2085
2,2065
2,7428
2,4379
2,1809
2,5096
2,2335
2,2244
2,227
2,6633
2,2007
2,1358
2,5604
2,3979
2,2247999999999997
2,1515000000000004
2,6293
2,1597999999999997
2,0918
3,3628
2,4304
2,274
2,2997
2,4092
2,1589
2,3822
2,2908999999999997
1,951
1,7373
2,4727
2,1086
1,7179
1,6199999999999999
1,6148
1,6161
1,6439
1,6315
1,7512999999999999
2,2593
2,0261
1,6440000000000001
1,5812000000000002
1,5888
2,7266
1,5058
1,7583
1,7756
1,5602
1,6884000000000001
1,5149
1,462
1,5125
1,4742
1,6256000000000002
1,4401
1,5211000000000001
2,0368999999999997
1,6329
3,2352000000000003
1,4867000000000001
1,5289
1,6675
1,4022999999999999
1,3607
1,3735
1,4818
1,36
1,3705
1,6647
1,6987
1,4746
1,3476
1,397
1,3796
1,4004
1,3369
2,0457
1,585
1,471
1,8487
1,4038
1,2126000000000001
1,2428000000000001
1,219
1,264
1,575
1,9868
1,5211999999999999
1,3613
2,7656
1,3845
1,1287
1,1331
1,2948
1,1094
1,1067
1,0916000000000001
1,248
1,1145
1,077
1,0578
1,0667
1,6186
1,4595
1,3531000000000002
1,2834
1,1118000000000001
1,1322
1,2091
1,6707
1,4661
1,1280999999999999
1,4179
1,0534
1,2021
1,4364
1,0403
1,0258
1,0231000000000001
1,0771000000000002
1,0866
1,1114
1,3905
1,1271
1,1761
1,1896
1,4009999999999998
1,0819
1,2310999999999999
1,3166
1,0668
1,0905
1,1047
1,1116
1,0278
1,7337
1,4109
1,1097
1,0659
1,1176000000000001
1,0983
1,3072
1,4416
1,1511
1,1322
1,234
1,066
1,0704
1,438
1,062
1,5807
1,0139
0,9977
1,0196
1,0111
1,1605999999999999
1,149
1,5616
0,9576
0,9795999999999999
0,9676
1,1841
1,3083
1,0204
1,4220000000000002
1,0209
0,9882000000000001
0,9646
1,4065
1,3320999999999998
1,502
0,9724999999999999
0,9256
0,9075
1,0698
0,9558
0,8802
0,8761
1,2719
1,4763
1,0727
0,8321
1,6703
1,0761
1,2162
0,8739
0,7779
0,7785
0,7964
0,9264
0,8184
0,7965
0,7998000000000001
1,3256
0,8222
0,8358
0,8599
0,8241
1,0315999999999999
0,9293
0,8017000000000001
1,1427
0,9825
0,9290999999999999
0,8306
0,8402000000000001
1,3444
1,0845
0,8817
1,4170999999999998
0,8507
0,8329
0,8400000000000001
0,8315
0,8229
0,8165
0,8172999999999999
1,4211
1,1844
0,9917999999999999
0,8310000000000001
1,0013999999999998
1,4927
0,7935000000000001
1,1612
0,7836
0,7633
0,7364999999999999
0,7329
0,7366
0,7205999999999999
0,7316
0,7132
0,7269000000000001
1,361
1,0365000000000002
0,9528
0,7226
0,9409000000000001
1,2144
1,3663
0,8727
0,7014
0,7485
0,6926
0,6948
0,8706
0,6913
0,6696
0,7102999999999999
0,8634
0,7267
1,0471
0,8511000000000001
0,7173
0,9486
0,7345
0,7272
0,7289
1,2112
0,7054
0,7096
0,7242000000000001
0,7287
0,9308
0,8441
0,7266
0,7119
1,1029
0,7511
1,1125
1,2735999999999998
0,9967000000000001
0,8034
0,8185
0,8025
1,1624999999999999
0,8027000000000001
0,7998999999999999
0,8030999999999999
0,7911
1,1911999999999998
1,1438
1,2499
0,8156
0,7805000000000001
0,9877
1,0405
0,8156
0,9226
0,8032999999999999
1,0689
0,7934
0,7990999999999999
0,9712
0,7936
0,8149000000000001
0,8
0,8076
0,8068
1,304
0,8265
0,7863
0,8151
1,0235
1,4927
0,9571999999999999
0,777
1,0392000000000001
0,8331000000000001
0,7649999999999999
0,8084
0,7797000000000001
1,1521000000000001
0,7406
0,7628
0,8231999999999999
0,7767
0,9257
0,7413
0,7596
0,9284
0,8481
0,8076
0,7274
0,9781
0,7213999999999999
0,7121999999999999
0,7198
0,7558
0,7355
0,9417
0,873
0,782
0,7723
1,5203
0,8003
0,8815999999999999
0,7351000000000001
1,1469
0,9445
0,9406
1,435
0,753
0,7714
0,7378
0,7166
0,7054
0,7121999999999999
0,7031000000000001
0,7043
0,8369
0,8767
0,7216
0,7263999999999999
0,7056
0,7266
1,4243000000000001
1,0985
1,4395
0,7766
0,8792
0,7545
0,7462000000000001
0,7907
0,7692
0,9348
0,7777
1,052
0,8188
0,7945
0,8028
0,7854
0,9831
0,7741
0,9963000000000001
1,2482000000000002
1,0209
0,7638
0,7925
0,8106
0,8474999999999999
0,8184
0,841
0,8862
1,6850999999999998
0,8495
0,8179
0,7885
1,7499
1,8722
0,924
0,7946
0,7782
0,7707999999999999
0,8034
0,7834
0,7921
0,8015
1,0114
0,8219
0,8103
0,8025
0,8237
0,9341
1,1309
1,1263
1,4810999999999999
1,1504
1,2853999999999999
1,0897999999999999
0,8466
0,7818
0,7887000000000001
1,3612
0,8270000000000001
0,8624999999999999
0,8365999999999999
0,8367
1,1885000000000001
1,2062
1,1093
0,8711
0,8199000000000001
0,9652999999999999
0,9229
0,7633
0,7738
1,0227000000000002
0,7642
0,7488
0,7573000000000001
0,7661
0,8496
0,7255999999999999
0,7268
0,7512000000000001
0,7404
1,2431
1,2352
1,0196999999999998
0,7739
1,2248999999999999
1,1074
0,8270000000000001
1,3472
0,8243
0,8164
0,812
0,7804
0,7863
0,7734000000000001
0,8026
0,7682
1,0212999999999999
0,7528
0,9415
0,9609
0,7446
1,21
1,1727
0,9330999999999999
0,9267000000000001
0,7263999999999999
0,7239
0,7617
0,7262
0,7327
0,7935000000000001
0,9681
0,7108
0,7245
0,9193
0,8219
0,7814
0,9684
0,8015
0,707
1,067
0,7316
0,7634
0,8109000000000001
0,7088
0,6918
0,735
0,6999000000000001
0,8799
0,705
0,9485
0,6975
0,7041000000000001
0,6917
1,0418
1,0081
1,0602
1,0363
0,8434999999999999
0,6847
0,6631
0,6489999999999999
0,6451
0,6632
0,5522
0,5485000000000001
0,5412
0,6851999999999999
0,7711
0,6329
0,5594
0,6116999999999999
0,8419
1,0733
0,7368
0,6196
0,5847
0,6223
0,7324999999999999
0,7262
0,6625
0,6394000000000001
0,6415000000000001
0,8019000000000001
0,6103999999999999
0,5836
0,5989
0,6131
0,8677
0,6468
0,6568
0,7763
0,6697
0,6811
0,9137000000000001
0,8054
1,0813000000000001
0,662
1,1509999999999998
0,6581
0,6484000000000001
0,6625
0,6327
0,63
0,9395
0,9127000000000001
1,1953
0,6346999999999999
0,6009
0,6161
0,6394000000000001
0,6675
0,7775
0,9828
0,7195
0,8118
0,8949
0,6623
0,6421
0,6488
0,8276
0,7298
0,7978
0,6912
0,6713
0,7146
0,9825
1,2616999999999998
0,6915
0,6761999999999999
0,6643
0,6665
0,7856
0,9298000000000001
0,756
0,9114
0,6439
0,6927
0,6621
0,7836
0,6698000000000001
1,2483
0,7835
0,7541
1,2011
0,6856
0,8321
0,6932
0,7726000000000001
0,7049
0,7159
0,8404
1,0564
0,6962999999999999
0,6827
0,6765
0,6851
0,6959
0,7380000000000001
0,7117
0,9519
0,7246
1,0235
0,7914
0,7067
0,71
0,7102
0,7584
1,0148
0,7985
1,0636
0,7756
0,6583
0,6689
0,661
0,6674
0,7362
0,6764
0,7021
0,7135
0,9808
0,6556
0,6664
0,6633
0,6413
0,6533
0,8548
0,8016
0,7875
0,7187
0,9703999999999999
0,7433
0,7981
0,6322
0,7508
0,6764
0,6541
0,6177999999999999
0,6716
1,0929
0,6462
0,6599
0,6452
0,6417
0,6481
0,6662
0,6621
0,632
0,6456
0,6782999999999999
1,1742000000000001
0,8555
0,731
0,6591
0,9906999999999999
0,8587999999999999
1,1922
0,6725
0,6652
0,6667
0,6687000000000001
0,7086
0,7996
0,6973
0,7068000000000001
0,7062999999999999
0,9473
0,8855
0,8899
0,7523
0,7139
0,9023
0,7014
0,7121999999999999
0,7027
0,9812
0,7141
0,7738
0,7234
0,7343999999999999
0,8796999999999999
0,7007
0,7119
1,1047
0,8407
0,8581
0,781
0,771
0,743
0,6465000000000001
0,803
0,6305
0,6719
0,6552
0,6641
0,6523
0,6905
0,6778
0,6798000000000001
0,8212999999999999
0,9053000000000001
0,6578
0,8782
0,7988999999999999
1,1093
0,7398
0,6885
0,6904
0,703
1,1504
0,6830999999999999
0,662
0,6722
0,6558
0,7781
0,6662
0,6614
0,6799
0,7376
0,703
0,6715
0,6717
0,7996
1,1638
1,3600999999999999
0,6886
0,6915
1,0043
0,855
0,6899000000000001
0,6764
0,6819000000000001
0,7316999999999999
0,6964
0,7201
0,7036
0,8217
0,6767
0,7041000000000001
0,6944
0,8577
1,0196999999999998
0,8822
0,6883
0,6774
1,0491000000000001
0,6886
0,7836
0,6663
0,6591
0,655
0,7546
0,825
0,6183
0,6613
0,9432
0,5928
0,611
0,6915
0,6072
0,8352999999999999
0,8993
0,7097
0,643
0,6032000000000001
0,6039
0,6312
0,5820000000000001
0,6262000000000001
0,6194
0,6246999999999999
0,8936000000000001
0,5991
0,6693
0,6145999999999999
0,6432
0,8207000000000001
0,5751000000000001
0,6457999999999999
0,6082000000000001
0,6018
0,5865
0,6332
0,8761
0,8727
0,7257
0,6962999999999999
0,6021000000000001
0,5831000000000001
0,5902999999999999
0,5873
0,5228
0,5783
0,5106
0,7712
0,754
0,4671
0,5141
0,5002
0,5043
0,6777000000000001
0,5006
0,5106
0,5182
0,5168
0,5287
0,5672999999999999
0,5115000000000001
0,5295
0,5407
0,5463
0,5663
0,4998
0,5205000000000001
0,5941
0,5199999999999999
0,6114
0,5426
0,5946
0,9962000000000001
0,5294
0,6307
0,5626
0,6244
0,7773
0,5524
0,6244999999999999
0,5882
0,6027
0,6008
0,6244999999999999
0,7134
0,5829
0,781
0,7411
1,1284
0,6843
0,5715
0,6248
0,6114999999999999
0,7755000000000001
0,6031
0,6311
0,7881
0,5546
0,6769000000000001
0,5950000000000001
0,5977
0,7987
0,5469999999999999
0,8296
0,5540999999999999
0,6669
0,9763999999999999
0,8614999999999999
0,5546
0,6111
0,5247
0,5892000000000001
0,8114
0,5557
0,6174999999999999
0,6189
0,6036
0,614
0,5892999999999999
0,5191
0,6846000000000001
0,5182
0,5404
0,5316000000000001
0,7303999999999999
0,8220000000000001
0,5257000000000001
0,5376
0,5139
0,8746999999999999
0,5537
0,7506999999999999
0,6535
0,5075000000000001
0,5705
0,516
0,5664999999999999
0,49720000000000003
0,5728000000000001
0,509
0,5646
0,9398
0,5046
0,5069
0,7031000000000001
0,5093
0,5712999999999999
0,46900000000000003
0,6643
0,4621
0,5473
0,4954
0,7812
0,9873
0,8105
0,6703
0,6021000000000001
0,5862
0,6459
0,5966
0,5982999999999999
0,6216
0,5957
0,6069
0,6227999999999999
0,6166
0,6348
0,6334
0,6315000000000001
0,585
0,6012
0,8919
0,5228999999999999
0,6041
0,5341
0,6830999999999999
0,9543
0,6574000000000001
0,6225999999999999
0,5344
0,6546
0,5855
0,5982999999999999
0,6560999999999999
0,6246999999999999
0,6081
0,6278
0,601
0,6026
0,5988
0,5994
0,6013999999999999
0,5929000000000001
0,6351
0,6162
0,7454999999999999
0,5444
0,8289000000000001
0,7795000000000001
0,6325999999999999
1,0885
0,6662
1,0181
0,6441
0,7554000000000001
0,5294
0,5406
0,5646
0,5535
0,5741
0,6738
0,6177
0,6
0,6278
0,6188
0,8474
0,5696
0,5670999999999999
0,8725
0,7983
0,6752
0,5931000000000001
0,6329
0,5435
0,7886
0,858
0,5297000000000001
0,5183
0,5877
0,6266
0,5639
0,6778
0,6291
0,5547
0,6074
0,6299
0,8742
0,6772
0,5363
0,5913
0,7567
0,6586
0,7293
0,728
0,5031
0,5630000000000001
0,4614
0,8407
0,47169999999999995
0,46480000000000005
0,5542
0,4577
0,5413
0,4808
0,7664
0,4802
0,5457
0,8986000000000001
0,5810000000000001
0,6830999999999999
0,6767
0,6288
0,9964999999999999
0,9395
0,9103
0,5645
0,6801
0,5113
0,4942
0,49629999999999996
0,4867
0,49379999999999996
0,44789999999999996
0,4634
0,47409999999999997
0,4982
0,6221
0,4968
0,49470000000000003
0,5058
0,5764
0,5324
0,5
0,5327
0,4809
0,4968
0,458
0,8935
0,8216
0,5898
0,6565
0,5099
0,5342
0,43970000000000004
0,4936
0,46480000000000005
0,6167
0,7726999999999999
0,5255000000000001
0,5783999999999999
0,5760000000000001
0,6039
0,6095
0,9317000000000001
0,7705000000000001
0,5415
0,5944
0,5941
0,6077
0,6384
0,6099
0,7321
0,8553000000000001
0,7345
0,6677000000000001
0,5778
0,7191
0,5404
0,6204999999999999
0,5954
0,6053999999999999
0,78
0,5773
0,5974
0,6123
0,7981
0,6684
0,8564
0,5966
0,5821999999999999
0,6299
0,6457999999999999
0,642
0,8646
0,6943
0,7837000000000001
0,9032
0,5268999999999999
0,4929
0,4931
0,6331
0,4436
0,5063
0,4348
0,5109999999999999
0,426
0,6839
0,4785
0,6036
0,4752
0,4716
0,512
0,4423
0,5152
0,4472
0,5194000000000001
0,4498
0,5252
0,4679
0,5522
0,6926
1,7514
0,5563
0,45439999999999997
0,483
0,4622
0,5347999999999999
0,49450000000000005
0,5381
0,5081
0,5343
0,5414
0,5233
0,6568
0,5107
0,5053
0,5211
0,5295
0,5418000000000001
0,5011
0,4548
0,6432
0,429
0,503
0,4931
0,7378
1,0430000000000001
0,5639
0,6108
0,5859
0,5838
0,536
0,5278
0,5508000000000001
0,5128
0,5931000000000001
0,6482
0,5730999999999999
0,8543999999999999
0,5316000000000001
0,7441
0,5468
0,6062
0,6163
0,5979
0,6047
0,5472
0,6589999999999999
0,5322
0,8337
0,7503
0,6849
0,6637000000000001
0,5614
0,6017
0,5966
0,6211
0,5989
0,5971000000000001
0,919
0,615
0,4879
0,537
0,4473
0,508
0,4322
0,5105
0,4355
0,5167
0,4734
0,5318999999999999
0,4331
0,6145
0,4307
0,5105
0,5764
0,7718999999999999
0,5719
0,5694
0,594
0,45130000000000003
0,5777
0,4642
0,594
0,5199999999999999
0,6153000000000001
0,6872999999999999
0,5289999999999999
0,6263
0,4948
0,5680999999999999
0,5062000000000001
0,5588000000000001
0,48939999999999995
0,5669
0,4666
0,5226999999999999
0,4596
0,5314
0,4986
0,7058
0,4605
0,5551
0,61
0,5680000000000001
0,622
0,7785
0,5287999999999999
0,6083
0,5146000000000001
0,597
0,49950000000000006
0,5837
0,4752
0,596
0,4652
1,0099
0,4732
0,43520000000000003
0,5143
0,4423
0,5084
0,41819999999999996
0,481
0,42069999999999996
0,49520000000000003
0,6156999999999999
0,4317
0,5107999999999999
0,45389999999999997
0,6119
0,558
0,47800000000000004
0,5504
0,4584
0,5468
0,516
0,5324
0,4441
0,5022
0,4653
0,4808
0,4652
0,4588
0,7399
0,6219
0,4374
0,5065
0,484
0,5339
0,5437000000000001
0,6679999999999999
0,5619000000000001
0,6109
0,5741
0,5946
0,5220999999999999
1,075
0,55
0,6478999999999999
0,5946
0,5206
0,5497
0,4419
0,4596
0,4308
0,42569999999999997
0,38470000000000004
0,4127
0,4668
0,6729
0,4087
0,4165
0,4716
0,4102
0,4436
0,45370000000000005
0,4748
0,4551
0,5768
0,4769
0,4664
0,4476
0,45
0,4334
0,4301
0,4112
0,4168
0,42769999999999997
0,6082000000000001
0,4939
0,5848
0,5417
0,4748
0,6895
0,4452
0,49260000000000004
0,4656
0,488
0,4453
3,8747
0,455
0,47459999999999997
0,45330000000000004
0,4817
0,4616
0,4683
0,4616
0,49410000000000004
0,5641
0,5146999999999999
0,5466
0,4372
0,6032000000000001
0,5625
0,5952000000000001
0,6602
0,6195
0,5157
0,475
0,5464000000000001
0,4517
0,5303
0,5441
0,6288
0,6468
0,5497
0,5467
0,5216
0,6033
0,5317
0,6183
0,6024
0,6454
0,5493
0,5022
0,4618
0,5343
0,5226999999999999
0,944
0,5908000000000001
0,5594
0,4848
0,6934
0,5526
0,5637
0,5366000000000001
0,5337000000000001
0,42729999999999996
0,5176999999999999
0,496
0,5014000000000001
0,4366
0,5157
0,435
0,5115999999999999
0,4244
0,5088
0,4344
0,5061
0,541
0,5142
0,4254
0,5194000000000001
0,42939999999999995
0,505
0,4263
0,8233
0,5521
0,6218
0,4703
0,609
0,4459
0,42939999999999995
0,5203
0,457
0,4034
0,4184
0,4425
0,46749999999999997
0,4657
0,48919999999999997
0,455
0,4699
0,4743
0,4994
0,4514
0,8058
0,4075
0,5028
0,4475
0,4056
0,5327
0,449
0,7194
0,49019999999999997
0,5852999999999999
0,46509999999999996
0,5651999999999999
0,4253
0,4642
0,43019999999999997
0,5003
0,4169
0,49030000000000007
0,39149999999999996
0,4527
0,3857
0,42319999999999997
0,3942
0,5322
0,37589999999999996
0,3923
0,3791
0,4008
0,3925
0,4505
0,48210000000000003
0,5109
0,3855
0,4151
0,4523
0,4152
0,4455
0,3872
0,4393
0,4
0,4353
0,4942
0,5065
0,5941
0,61
0,6088
0,4998
0,4053
0,3564
0,4021
0,36479999999999996
0,39490000000000003
0,36769999999999997
0,40509999999999996
0,5733999999999999
0,3907
0,3997
0,4279
0,4142
0,4706
0,44920000000000004
0,4278
0,4082
0,41859999999999997
0,4171
0,3881
0,3809
0,37589999999999996
0,3705
0,3991
0,36910000000000004
0,4075
0,3574
0,3962
0,3615
0,4002
0,7538999999999999
0,46759999999999996
0,404
0,46599999999999997
0,6567
0,3617
0,38289999999999996
0,345
0,3745
0,4967
0,3569
0,4039
0,3709
0,3733
0,38880000000000003
0,3991
0,6313
0,3852
0,3635
0,3937
0,3785
0,4017
0,37570000000000003
0,4063
0,3563
0,38739999999999997
0,3706
0,3682
0,3477
0,3754
0,4292
0,33599999999999997
0,3115
0,398
0,6286
0,6097
0,34
0,3313
0,3389
0,40890000000000004
0,37179999999999996
0,386
0,36769999999999997
0,31760000000000005
0,3528
0,33940000000000003
0,3524
0,3036
0,3401
0,33740000000000003
0,3657
0,372
0,9053000000000001
0,438
0,3473
0,4258
0,3565
0,4608
0,3569
0,37320000000000003
0,4393
0,4149
0,4185
0,3699
0,38020000000000004
0,36029999999999995
0,3725
0,3951
0,3704
0,5619000000000001
0,46030000000000004
0,5717
0,44260000000000005
0,6523
0,4185
0,4179
0,4483
0,3873
0,3902
0,3877
0,4354
0,40059999999999996
0,45790000000000003
0,3651
0,3789
0,3523
0,3721
0,5479
0,4079
0,3455
0,3528
0,3369
0,3395
0,321
0,33940000000000003
0,3301
0,3363
0,32949999999999996
0,366
0,34190000000000004
0,3773
0,34709999999999996
0,38020000000000004
0,3433
0,48569999999999997
0,34049999999999997
0,39649999999999996
0,4323
0,5812999999999999
0,44289999999999996
0,4475
0,3726
0,4633
0,4665
0,4125
0,3976
0,4638
0,3442
0,5042
0,37520000000000003
0,4522
0,40549999999999997
0,4255
0,5701
0,439
0,4068
0,4123
0,4145
0,431
0,4061
0,40650000000000003
0,4526
0,43970000000000004
0,388
0,5312
0,3835
0,4132
0,36929999999999996
0,8220999999999999
0,42860000000000004
0,5419
0,7605
0,5612
0,5328
0,5096999999999999
0,425
0,3918
0,378
0,4073
0,3701
0,3779
0,35579999999999995
0,3857
0,3586
0,3746
0,3437
0,4986
0,348
0,3779
0,3393
0,3379
0,3235
0,33940000000000003
0,5412
0,5841000000000001
0,46059999999999995
0,3567
0,368
0,3187
0,3429
0,3682
0,37879999999999997
0,3366
0,3593
0,49850000000000005
0,4048
0,4718
0,3857
0,4654
0,3604
0,40709999999999996
0,31789999999999996
0,38220000000000004
0,3103
0,3296
0,3191
0,44079999999999997
0,2986
0,3174
0,3501
0,3474
0,3614
0,3771
0,3254
0,3794
0,34190000000000004
0,36210000000000003
0,3856
0,3877
0,3816
0,358
0,3103
0,32870000000000005
0,335
0,3484
0,3508
0,3655
0,3713
0,49339999999999995
0,30479999999999996
0,3395
0,35960000000000003
0,35159999999999997
0,3408
0,3873
0,48910000000000003
0,4407
0,5802
0,4057
0,4282
0,4154
0,3952
0,41750000000000004
0,3434
0,3964
0,4088
0,4691
0,3709
0,5075000000000001
0,3839
0,4754
0,3708
0,5823
0,38499999999999995
0,45370000000000005
0,3795
0,4115
0,4275
0,5368999999999999
0,3935
0,39580000000000004
0,4013
0,3751
0,4043
0,3906
0,3989
0,37629999999999997
0,4243
0,36479999999999996
0,39740000000000003
0,3533
0,3793
0,9588
0,4957
0,4529
0,43879999999999997
0,4249
0,45380000000000004
0,38880000000000003
0,37
0,504
0,39239999999999997
0,3997
0,3377
0,3857
0,3306
0,3664
0,3626
0,523
0,41590000000000005
0,45609999999999995
0,4667
0,639
0,398
0,3286
0,36019999999999996
0,3634
0,366
0,3515
0,406
0,3664
0,36269999999999997
0,3611
0,3587
0,3271
0,3482
0,37379999999999997
0,6091
0,4971
0,4486
0,5738
0,4191
0,4128
0,4728
0,38039999999999996
0,3473
0,3816
0,3698
0,3473
0,3284
0,3605
0,3597
0,3338
0,3592
0,4392
0,4014
0,3421
0,3747
0,36279999999999996
0,3782
0,36019999999999996
0,36000000000000004
0,4576
0,3393
0,3264
0,3605
0,3533
0,3497
0,35960000000000003
0,3392
0,35369999999999996
0,3637
0,36029999999999995
0,35359999999999997
0,433
0,3998
0,36019999999999996
0,36450000000000005
0,446
0,3237
0,36029999999999995
0,3484
0,372
0,33849999999999997
0,33530000000000004
0,28190000000000004
0,3122
0,31720000000000004
0,32
0,2809
0,3214
0,2802
0,4124
0,2633
0,2713
0,2831
0,32630000000000003
0,31320000000000003
0,3187
0,31
0,31339999999999996
0,32249999999999995
0,3125
0,3206
0,3203
0,3331
0,3499
0,3264
0,34440000000000004
0,2766
0,2873
0,3104
0,3091
0,30729999999999996
0,4111
0,24669999999999997
0,2472
0,2631
0,2498
0,3235
0,31179999999999997
0,2782
0,29510000000000003
0,3549
0,34450000000000003
0,3593
0,3072
0,30200000000000005
0,3338
0,289
0,2882
0,2841
0,30889999999999995
0,2824
0,3587
0,2919
0,2596
0,2738
0,3001
0,3032
0,2974
0,2977
0,294
0,2919
0,3832
0,2459
0,2299
0,2561
0,2698
0,231
0,231
0,2306
0,22890000000000002
0,2387
0,2428
0,27980000000000005
0,24760000000000001
0,2472
0,24620000000000003
0,24489999999999998
0,24439999999999998
0,27280000000000004
0,2424
0,2386
0,26870000000000005
0,24860000000000002
0,4007
0,3079
0,2988
0,3043
0,3209
0,3946
0,3151
0,3129
0,38289999999999996
0,44920000000000004
0,4806
0,29779999999999995
0,4373
0,38739999999999997
0,3507
0,3869
0,35760000000000003
0,36860000000000004
0,3796
0,4046
0,36460000000000004
0,3479
0,3441
0,342
0,3147
0,31020000000000003
0,31179999999999997
0,3057
0,304
0,31379999999999997
0,4129
0,2611
0,2457
0,2726
0,2734
0,2718
0,386
0,27809999999999996
0,2807
0,3173
0,3125
0,3199
0,319
0,3272
0,3341
0,3146
0,3151
0,31310000000000004
0,3217
0,3364
0,2832
0,3215
0,5342
0,3421
0,4709
0,3341
0,393
0,3473
0,3187
0,3625
0,30929999999999996
0,31770000000000004
0,3713
0,3223
0,314
0,32420000000000004
0,3147
0,3195
0,25999999999999995
0,2759
0,2778
0,2845
0,3409
0,3236
0,3178
0,3256
0,3117
0,328
0,30210000000000004
0,35369999999999996
0,3345
0,5335
0,45189999999999997
0,3277
0,3154
0,3119
0,2973
0,3214
0,2988
0,3291
0,29540000000000005
0,2917
0,30860000000000004
0,28190000000000004
0,27399999999999997
0,2853
0,262
0,3812
0,3316
0,5103
0,4128
0,3969
0,3062
0,3386
0,5122
0,2985
0,3019
0,2802
0,1752
0,2342
0,2082
0,2325
0,17450000000000002
0,2189
0,1741
0,1931
0,1968
0,1753
0,2336
0,1815
0,2342
0,1764
0,2256
0,188
0,1917
0,1975
0,17670000000000002
0,3345
0,1952
0,19110000000000002
0,2472
0,2427
0,21800000000000003
0,2298
0,223
0,2375
0,2332
0,27399999999999997
0,2508
0,2821
0,3036
0,3361
0,31589999999999996
0,3208
0,3227
0,4421
0,32670000000000005
0,2873
0,3499
0,3268
0,381
0,4171
0,45130000000000003
0,3634
0,3276
0,33809999999999996
0,36719999999999997
0,29619999999999996
0,34259999999999996
0,319
0,2977
0,3303
0,3105
0,2459
0,33080000000000004
0,26659999999999995
0,2565
0,29359999999999997
0,3344
0,229
0,228
0,2473
0,27290000000000003
0,2405
0,5952000000000001
0,2964
0,21760000000000002
0,2431
0,2562
0,217
0,2376
0,26739999999999997
0,22870000000000001
0,22540000000000002
0,2351
0,25880000000000003
0,2394
0,26580000000000004
0,2401
0,2698
0,3196
0,236
0,2216
0,2806
0,2356
0,2395
0,2672
0,2394
0,2698
0,235
0,2284
0,45790000000000003
0,3418
0,5006
0,46480000000000005
0,44129999999999997
0,4371
0,4042
0,4307
0,38420000000000004
0,4229
0,5653
0,3502
0,25930000000000003
0,3338
0,3106
0,2953
0,31520000000000004
0,3369
0,3604
0,3359
0,3341
0,2927
0,3377
0,3174
0,3115
0,30820000000000003
0,3361
0,3165
0,3202
0,3206
0,3216
0,30650000000000005
0,3185
0,3154
0,3128
0,3059
0,3069
0,3148
0,3306
0,4118
0,3745
0,3129
0,3828
0,4851
0,3384
0,3625
0,35
0,3637
0,3386
0,3734
0,307
0,35050000000000003
0,2768
0,2577
0,2743
0,2748
0,2804
0,3195
0,3189
0,3036
0,311
0,5246
0,2646
0,2868
0,3014
0,294
0,3006
0,3342
0,29460000000000003
0,31520000000000004
0,34640000000000004
0,3217
0,3332
0,3401
0,3721
0,3292
0,3532
0,32249999999999995
0,3944
0,3761
0,36479999999999996
0,432
0,3574
0,48660000000000003
0,4094
0,3901
0,5086
0,5043
0,5400999999999999
0,4042
0,4556
0,3619
0,3976
0,41300000000000003
0,4996
0,3898
0,3486
0,3713
0,3789
0,357
0,4502
0,505
0,37839999999999996
0,4677
0,5115000000000001
0,5267
0,4007
0,4767
0,425
0,4153
0,4439
0,5242
0,4865
0,3129
0,40059999999999996
0,3457
0,3813
0,31179999999999997
0,4149
0,3753
0,3742
0,3456
0,3499
0,3062
0,2886
0,27399999999999997
0,2793
0,2712
0,26830000000000004
0,2727
0,2637
0,26830000000000004
0,2577
0,5189
0,3175
0,2898
0,3532
0,4785
0,2216
0,2172
0,29960000000000003
0,2787
0,287
0,281
0,2844
0,2684
0,2377
0,2311
0,2607
0,2258
0,2332
0,2266
0,2655
0,2385
0,26990000000000003
0,3234
0,2778
0,2764
0,36910000000000004
0,3892
0,2626
0,22110000000000002
0,3013
0,2861
0,27490000000000003
0,2727
0,3024
0,3411
0,3548
0,319
0,3403
0,3033
0,3145
0,2949
0,3203
0,32420000000000004
0,3037
0,2548
0,2849
0,2639
0,2922
0,30210000000000004
0,301
0,29540000000000005
0,2914
0,25379999999999997
0,2915
0,2959
0,4014
0,24000000000000002
0,2392
0,2677
0,2475
0,32899999999999996
0,29500000000000004
0,28659999999999997
0,2567
0,2505
0,2367
0,2389
0,24059999999999998
0,2427
0,2396
0,24850000000000003
0,2761
0,27320000000000005
0,2431
0,23550000000000001
0,264
0,2382
0,37120000000000003
0,2537
0,2235
0,2474
0,2578
0,2275
0,22249999999999998
0,2236
0,2966
0,3035
0,3411
0,37270000000000003
0,2807
0,3276
0,296
0,36469999999999997
0,29569999999999996
0,3011
0,3092
0,2986
0,3038
0,28600000000000003
0,2974
0,2761
0,2784
0,2498
0,29
0,2827
0,2842
0,3618
0,2646
0,24879999999999997
0,2778
0,26420000000000005
0,3161
0,2603
0,2995
0,3054
0,31020000000000003
0,2932
0,297
0,2897
0,2895
0,3011
0,2886
0,29910000000000003
0,29329999999999995
0,305
0,3062
0,32239999999999996
0,3067
0,40299999999999997
0,2454
0,2419
0,26039999999999996
0,2557
0,2853
0,25379999999999997
0,3805
0,27399999999999997
0,3772
0,36160000000000003
0,3304
0,3656
0,33599999999999997
0,34900000000000003
0,3487
0,3185
0,3483
0,32430000000000003
0,4105
0,3292
0,3063
0,30729999999999996
0,303
0,3008
0,2989
0,29540000000000005
0,30269999999999997
0,3105
0,7349
0,4455
0,3359
0,3148
0,30519999999999997
0,2981
0,28909999999999997
0,2985
0,2914
0,2958
0,3083
0,3024
0,3055
0,30200000000000005
0,29819999999999997
0,2932
0,2917
0,2786
0,2793
0,24459999999999998
0,2407
0,2363
0,3413
0,3547
0,2762
0,3078
0,2849
0,3674
0,25589999999999996
0,3099
0,32249999999999995
0,3307
0,36019999999999996
0,2934
0,3578
0,3013
0,3436
0,2923
0,2965
0,2903
0,30069999999999997
0,2943
0,29159999999999997
0,29100000000000004
0,28259999999999996
0,2787
0,3036
0,2814
0,29540000000000005
0,28190000000000004
0,2875
0,3708
0,2614
0,2352
0,25980000000000003
0,265
0,2276
0,2309
0,24420000000000003
0,2327
0,2415
0,2614
0,23929999999999998
0,2678
0,24000000000000002
0,2766
0,24489999999999998
0,257
0,2765
0,2455
0,2403
0,2436
0,28390000000000004
0,4748
0,22240000000000001
0,2146
0,2743
0,2333
0,3397
0,3247
0,3689
0,2415
0,2615
0,3009
0,28640000000000004
0,2882
0,2979
0,25930000000000003
0,3001
0,2766
0,3072
0,26899999999999996
0,2367
0,2137
0,22249999999999998
0,2505
0,1867
0,2153
0,24159999999999998
0,374
0,2436
0,2031
0,21000000000000002
0,2366
0,19890000000000002
0,2398
0,2129
0,2622
0,2158
0,27490000000000003
0,22949999999999998
0,19440000000000002
0,22240000000000001
0,1691
0,1929
0,25270000000000004
0,2052
0,2592
0,2233
0,2336
0,2275
0,2321
0,2217
0,22139999999999999
0,2795
0,2308
0,2576
0,2484
0,2688
0,31379999999999997
0,2301
0,2337
0,2419
0,2392
0,3216
0,3208
0,3147
0,2814
0,3395
0,2913
0,2852
0,3563
0,332
0,2938
0,3156
0,2841
0,3141
0,2944
0,29569999999999996
0,3175
0,2952
0,2814
0,33849999999999997
0,2731
0,3104
0,29119999999999996
0,317
0,4465
0,27980000000000005
0,3015
0,328
0,3427
0,3202
0,32870000000000005
0,30069999999999997
0,29540000000000005
0,2792
0,27149999999999996
0,2397
0,27999999999999997
0,2796
0,245
0,2757
0,2526
0,2804
0,2807
0,3528
0,3258
0,27769999999999995
0,2788
0,2956
0,2773
0,26449999999999996
0,34959999999999997
0,2741
0,3285
0,448
0,31579999999999997
0,3236
0,3014
0,3187
0,3247
0,3012
0,3221
0,3109
0,3026
0,2625
0,23650000000000002
0,237
0,2379
0,2849
0,2697
0,2366
0,2369
0,2267
0,3416
0,2297
0,21359999999999998
0,2654
0,242
0,23479999999999998
0,2548
0,2429
0,2519
0,2779
0,28640000000000004
0,24600000000000002
0,24230000000000002
0,24259999999999998
0,2354
0,2733
0,2304
0,23399999999999999
0,2299
0,24939999999999998
0,23829999999999998
0,2726
0,3344
0,4111
0,2606
0,3272
0,3194
0,3418
0,31839999999999996
0,317
0,3094
0,3037
0,3236
0,3472
0,455
0,3633
0,44329999999999997
0,4304
0,3513
0,3503
0,3387
0,3519
0,3474
0,5054000000000001
0,2949
0,2786
0,3612
0,3495
0,3352
0,2987
0,3125
0,305
0,2972
0,31589999999999996
0,289
0,2872
0,2847
0,2932
0,3038
0,3026
0,30269999999999997
0,29619999999999996
0,29300000000000004
0,3091
0,285
0,29100000000000004
0,2921
0,4101
0,2319
0,23299999999999998
0,2763
0,257
0,24640000000000004
0,27940000000000004
0,2737
0,2368
0,3927
0,2375
0,33990000000000004
0,3119
0,389
0,2746
0,31720000000000004
0,32239999999999996
0,32220000000000004
0,3387
0,3056
0,30729999999999996
0,33359999999999995
0,2535
0,21939999999999998
0,21230000000000002
0,212
0,1974
0,20350000000000001
0,2007
0,1964
0,2027
0,2342
0,20729999999999998
0,22870000000000001
0,2023
0,25060000000000004
0,2089
0,2553
0,28669999999999995
0,2326
0,19799999999999998
0,1913
0,2333
0,189
0,2233
0,1883
0,2242
0,1875
0,23379999999999998
0,2026
0,2331
0,2008
0,24259999999999998
0,2092
0,2947
0,2337
0,2075
0,2434
0,2107
0,2457
0,2148
0,26130000000000003
0,23800000000000002
0,2733
0,2403
0,23240000000000002
0,24919999999999998
0,2078
0,25060000000000004
0,2321
0,2389
0,38989999999999997
0,3372
0,2817
0,3375
0,24850000000000003
0,25880000000000003
0,3713
0,30200000000000005
0,24879999999999997
0,3401
0,433
0,3416
0,2893
0,2589
0,2772
0,2318
0,2395
0,2399
0,2681
0,2404
0,2358
0,2418
0,251
0,3811
0,2725
0,2294
0,27849999999999997
0,263
0,2702
0,24830000000000002
0,25589999999999996
0,25880000000000003
0,2587
0,25989999999999996
0,25970000000000004
0,2602
0,28219999999999995
0,2411
0,2651
0,2853
0,2821
0,28200000000000003
0,28800000000000003
0,2776
0,25680000000000003
0,2814
0,2829
0,2472
0,2539
0,252
0,2508
0,3396
0,2366
0,2934
0,3668
0,40059999999999996
0,28669999999999995
0,2576
0,3317
0,2615
0,38230000000000003
0,2544
0,2832
0,2478
0,2482
0,27809999999999996
0,2208
0,1985
0,18589999999999998
0,2197
0,1724
0,18430000000000002
0,1917
0,2274
0,1978
0,2335
0,2336
0,2524
0,2094
0,2375
0,2122
0,2167
0,2008
0,2263
0,1675
0,2857
0,2002
0,18100000000000002
0,1957
0,2379
0,2092
0,29960000000000003
0,194
0,17909999999999998
0,20650000000000002
0,2056
0,2396
0,2077
0,24869999999999998
0,20650000000000002
0,2088
0,21430000000000002
0,211
0,2161
0,22269999999999998
0,20909999999999998
0,2215
0,2537
0,2265
0,2331
0,2353
0,23829999999999998
0,243
0,2731
0,3749
0,3498
0,4568
0,3957
0,5044
0,3153
0,2376
0,2988
0,2793
0,2924
0,33809999999999996
0,33290000000000003
0,3325
0,2941
0,3422
0,2939
0,27999999999999997
0,28200000000000003
0,2392
0,2594
0,2809
0,2577
0,2726
0,2713
0,2765
0,31839999999999996
0,2542
0,2988
0,29750000000000004
0,20809999999999998
0,2585
0,2158
0,2301
0,2747
0,2407
0,2761
0,2452
0,38949999999999996
0,2848
0,2422
0,29500000000000004
0,2873
0,28669999999999995
0,3129
0,2906
0,29100000000000004
0,28659999999999997
0,2849
0,2738
0,24600000000000002
0,3291
0,2804
0,36479999999999996
0,3629
0,29109999999999997
0,31139999999999995
0,2479
0,2519
0,29500000000000004
0,30469999999999997
0,2603
0,297
0,3232
0,2779
0,2589
0,2473
0,24429999999999996
0,2632
0,24889999999999998
0,3768
0,2563
0,24059999999999998
0,264
0,2505
0,2317
0,265
0,2832
0,2575
0,2888
0,3251
0,36029999999999995
0,3248
0,264
0,2181
0,2197
0,2103
0,2158
0,2009
0,2043
0,1969
0,20129999999999998
0,2308
0,2043
0,2154
0,2021
0,3098
0,20670000000000002
0,4052
0,2759
0,22599999999999998
0,2255
0,24580000000000002
0,24330000000000002
0,2207
0,2887
0,24659999999999999
0,3157
0,31629999999999997
0,2832
0,23220000000000002
0,2712
0,281
0,3188
0,2837
0,2797
0,2671
0,253
0,2948
0,2696
0,3024
0,26420000000000005
0,3196
0,26449999999999996
0,2382
0,3064
0,2385
0,2066
0,20359999999999998
0,2146
0,21430000000000002
0,1955
0,2028
0,2526
0,2453
0,44020000000000004
0,3167
0,28800000000000003
0,35100000000000003
0,2033
0,2059
0,2434
0,19540000000000002
0,2311
0,19619999999999999
0,23829999999999998
0,213
0,21130000000000002
0,2029
0,2033
0,1938
0,189
0,219
0,1683
0,1766
0,2249
0,17229999999999998
0,20479999999999998
0,1846
0,19369999999999998
0,171
0,1931
0,1828
0,1605
0,1769
0,165
0,42519999999999997
0,30029999999999996
0,3032
0,3178
0,30479999999999996
0,2786
0,3233
0,3247
0,2907
0,4059
0,30469999999999997
0,3194
0,3371
0,31770000000000004
0,25539999999999996
0,27980000000000005
0,2174
0,2725
0,3
0,2757
0,2817
0,26180000000000003
0,32239999999999996
0,1959
0,2189
0,3071
0,3369
0,2853
0,19440000000000002
0,2349
0,19870000000000002
0,2419
0,2047
0,21800000000000003
0,20650000000000002
0,2104
0,2034
0,2163
0,2026
0,2053
0,1942
0,199
0,2356
0,2106
0,2611
0,2208
0,3314
0,24869999999999998
0,1996
0,28009999999999996
0,31930000000000003
0,3976
0,2342
0,3998
0,3077
0,3567
0,3247
0,3058
0,2581
0,2838
0,2842
0,27849999999999997
0,2675
0,29819999999999997
0,2929
0,2856
0,27530000000000004
0,283
0,2471
0,2792
0,24620000000000003
0,2412
0,2419
0,2791
0,2797
0,3476
0,3351
0,425
0,3827
0,3564
0,3373
0,4174
0,326
0,29710000000000003
0,28390000000000004
0,292
0,3044
0,303
0,2869
0,2594
0,2532
0,26580000000000004
0,24850000000000003
0,25930000000000003
0,2525
0,2273
0,241
0,2261
0,2478
0,2493
0,24580000000000002
0,2637
0,26439999999999997
0,5121
0,2831
0,2869
0,2884
0,2759
0,29329999999999995
0,2914
0,29460000000000003
0,3029
0,292
0,2973
0,2931
0,2309
0,2331
0,266
0,2286
0,23020000000000002
0,23570000000000002
0,2468
0,28800000000000003
0,4489
0,3725
0,3044
0,287
0,29100000000000004
0,2437
0,3761
0,2752
0,2296
0,3043
0,2915
0,314
0,3004
0,28650000000000003
0,28800000000000003
0,27559999999999996
0,2672
0,2379
0,2698
0,2385
0,2693
0,2343
0,2766
0,24649999999999997
0,2935
0,3094
0,44079999999999997
0,4392
0,6164999999999999
0,3412
0,431
0,4016
0,3523
0,3278
0,3488
0,35090000000000005
0,3926
0,41750000000000004
0,2968
0,3069
0,2926
0,2752
0,3291
0,2713
0,2681
0,2577
0,3205
0,2498
0,2861
0,29
0,3689
0,281
0,2762
0,24059999999999998
0,2877
0,2878
0,29159999999999997
0,3054
0,30410000000000004
0,29359999999999997
0,294
0,29960000000000003
0,3202
0,3076
0,31
0,3028
0,29329999999999995
0,4027
0,3275
0,3151
0,30889999999999995
0,4344
0,28049999999999997
0,2436
0,3989
0,2762
0,2746
0,3421
0,2828
0,2921
0,3181
0,3594
0,29329999999999995
0,27490000000000003
0,3084
0,3084
0,2361
0,2411
0,2886
0,24850000000000003
0,2661
0,26439999999999997
0,29569999999999996
0,2939
0,305
0,3062
0,3146
0,3253
0,33940000000000003
0,292
0,321
0,32630000000000003
0,30160000000000003
0,34259999999999996
0,31629999999999997
0,3162
0,4484
0,30210000000000004
0,3339
0,3139
0,3099
0,2906
0,3679
0,48710000000000003
0,45439999999999997
0,3785
0,3476
0,3434
0,37579999999999997
0,3831
0,3362
0,3991
0,39
0,5084
0,4148
0,4137
0,3553
0,3742
0,5467
0,35619999999999996
0,3858
0,4323
0,3312
0,33349999999999996
0,3434
0,36269999999999997
0,3045
0,3182
0,3361
0,3239
0,3191
0,3237
0,3392
0,3128
0,31629999999999997
0,3153
0,2935
0,2855
0,27809999999999996
0,2452
0,2536
0,24509999999999998
0,2477
0,24889999999999998
0,3817
0,33849999999999997
0,26899999999999996
0,42010000000000003
0,2121
0,2099
0,27280000000000004
0,2228
0,23399999999999999
0,23800000000000002
0,23120000000000002
0,268
0,2257
0,31110000000000004
0,2759
0,3592
0,3185
0,2736
0,2567
0,27769999999999995
0,20809999999999998
0,2942
0,2635
0,2543
0,23
0,28259999999999996
0,24689999999999998
0,1914
0,1893
0,32870000000000005
0,22440000000000002
0,19469999999999998
0,2282
0,2
0,2656
0,20809999999999998
0,2353
0,2078
0,25179999999999997
0,21780000000000002
0,216
0,2146
0,22619999999999998
0,2286
0,2158
0,21230000000000002
0,2033
0,2026
0,2106
0,19699999999999998
0,2335
0,1985
0,2398
0,2115
0,22340000000000002
0,2207
0,21259999999999998
0,24620000000000003
0,2106
0,2551
0,2264
0,2242
0,2039
0,24420000000000003
0,3088
0,251
0,23
0,2661
0,22369999999999998
0,2259
0,22130000000000002
0,2241
0,23399999999999999
0,225
0,27240000000000003
0,2877
0,4171
0,2992
0,299
0,2601
0,3128
0,299
0,2913
0,3013
0,3412
0,3428
0,381
0,49269999999999997
0,2744
0,27280000000000004
0,28669999999999995
0,2596
0,2722
0,2762
0,2788
0,32380000000000003
0,3171
0,33799999999999997
0,2969
0,307
0,2796
0,2887
0,2874
0,3099
0,32239999999999996
0,32249999999999995
0,34299999999999997
0,30069999999999997
0,3005
0,2915
0,30729999999999996
0,3053
0,2986
0,2983
0,30210000000000004
0,40049999999999997
0,3337
0,3404
0,3611
0,36410000000000003
0,3573
0,3734
0,5163
0,4017
0,479
0,4045
0,5606
0,2964
0,35819999999999996
0,36900000000000005
0,4045
0,3307
0,3417
0,33809999999999996
0,3084
0,3079
0,298
0,4414
0,2553
0,2484
0,2646
0,2456
0,22249999999999998
0,2662
0,2718
0,2875
0,2516
0,2767
0,36929999999999996
0,3145
0,24899999999999997
0,28259999999999996
0,28600000000000003
0,2963
0,3248
0,33740000000000003
0,35960000000000003
0,2931
0,33359999999999995
0,29
0,2812
0,2907
0,3424
0,2966
0,3342
0,3746
0,4256
0,6944
0,4325
0,8442000000000001
0,39
0,46749999999999997
0,406
0,4608
0,4222
0,5103
0,488
0,58
0,617
0,5548000000000001
0,43110000000000004
0,41140000000000004
0,4523
0,45239999999999997
0,3463
0,3807
0,34600000000000003
0,35819999999999996
0,3411
0,4677
0,321
0,363
0,3226
0,3725
0,5038
0,4453
0,3754
0,3583
0,3439
0,3469
0,33080000000000004
0,2886
0,3206
0,3239
0,3201
0,3165
0,32239999999999996
0,32220000000000004
0,3606
0,35710000000000003
0,31339999999999996
0,3143
0,3216
0,3208
0,3268
0,33149999999999996
0,32039999999999996
0,324
0,3748
0,4509
0,3019
0,3227
0,3064
0,3168
0,31720000000000004
0,323
0,34650000000000003
0,3391
0,38230000000000003
0,356
0,36210000000000003
0,40700000000000003
0,3595
0,3986
0,3569
0,40959999999999996
0,523
0,7906000000000001
0,4803
0,426
0,417
0,5843
0,4868
0,4212
0,39490000000000003
0,4843
0,3856
0,4862
0,3864
0,3799
0,3807
0,342
0,37629999999999997
0,4366
0,3782
0,3872
0,4119
0,3685
0,3553
0,35209999999999997
0,39580000000000004
0,3881
0,3994
0,3871
0,35209999999999997
0,3901
0,3932
0,4109
0,3755
0,3893
0,38499999999999995
0,9797
0,4176
0,4419
0,49910000000000004
0,41609999999999997
0,45580000000000004
0,5114
0,40759999999999996
0,39740000000000003
0,4177
0,3729
0,37839999999999996
0,4081
0,4168
0,3936
0,4386
0,3891
0,4626
0,389
0,43570000000000003
0,3765
0,41550000000000004
0,5152
0,3622
0,39
0,42410000000000003
0,3708
0,3929
0,3923
0,3694
0,3928
0,4242
0,4027
0,397
0,3886
0,6539999999999999
0,5760000000000001
0,45849999999999996
0,46940000000000004
0,4438
0,4914
0,3977
0,4707
0,39490000000000003
0,38880000000000003
0,40900000000000003
0,4036
0,3936
0,3791
0,4535
0,3715
0,3952
0,5031
0,39849999999999997
0,3807
0,4198
0,39239999999999997
0,4015
0,4046
0,4098
0,404
0,4483
0,4148
0,4253
0,4106
0,4223
0,39
0,43829999999999997
0,4083
0,7423
0,4317
0,48460000000000003
0,4918
0,5663
0,6411
0,4327
0,4803
0,4233
0,443
0,4559
0,4525
0,45
0,447
0,45489999999999997
0,4306
0,4718
0,46509999999999996
0,4314
0,4163
0,43370000000000003
0,4103
0,43150000000000005
0,4126
0,42979999999999996
0,4528
0,4532
0,4083
0,4392
0,4439
0,4943
0,6055
0,41859999999999997
0,4838
0,4677
0,7069
0,5155
0,5478
0,4486
0,4883
0,5486
0,5144000000000001
0,4436
0,435
0,4457
0,438
0,5831000000000001
0,5025999999999999
0,4517
0,4788
0,45439999999999997
0,4773
0,4404
0,4666
0,4424
0,4695
0,4551
0,6091
0,4048
0,4224
0,4284
0,4325
0,3957
0,4243
0,4525
0,4452
0,4562
0,5779
0,4048
0,5275
0,4827
0,6034999999999999
0,5754
0,4588
0,44289999999999996
0,4306
0,38420000000000004
0,6824
0,5765
0,42250000000000004
0,43629999999999997
0,4485
0,5045
0,599
0,399
0,4195
0,428
0,5640000000000001
0,425
0,4687
0,42460000000000003
0,47409999999999997
0,5848
0,8548
0,48910000000000003
0,5212
0,5025999999999999
0,5304
0,5018
0,5749000000000001
0,49879999999999997
0,5126
0,4646
0,5955
0,4498
0,5293
0,4629
0,5132
0,4526
0,6555000000000001
0,4698
0,525
0,4518
0,5169
0,43379999999999996
0,49129999999999996
0,4723
0,5287999999999999
0,5222
0,6581
0,44329999999999997
0,5266
0,47709999999999997
0,5207
0,43810000000000004
0,5419999999999999
0,623
0,6872
0,5781999999999999
0,4969
0,5366000000000001
0,4584
0,4968
0,4725
0,4838
0,4517
0,4637
0,4562
0,5095
0,5794
0,5256
0,5033000000000001
0,4271
0,4719
0,4752
0,5128
0,4526
0,4645
0,6995
0,45239999999999997
0,451
0,4677
0,49260000000000004
0,46299999999999997
0,4686
0,5039
0,5694
0,5511999999999999
0,648
0,5456000000000001
0,5027
0,732
0,4031
0,43320000000000003
0,441
0,4178
0,4202
0,4154
0,44680000000000003
0,3993
0,4581
0,404
0,4375
0,4595
0,44279999999999997
0,4559
0,4481
0,4548
0,5492
0,7639
0,5162
0,4699
0,4359
0,3994
0,4237
0,3996
0,4131
0,3798
0,41
0,6018
0,4873
0,759
0,4665
0,49129999999999996
0,4861
0,4102
0,4306
0,4557
0,441
0,4007
0,4453
0,4149
0,4362
0,465
0,44680000000000003
0,4918
0,4961
0,4593
0,4464
0,42660000000000003
0,5718
0,4698
0,4194
0,5791000000000001
0,4151
0,48210000000000003
0,45389999999999997
0,47619999999999996
0,4646
0,4681
0,5715
0,5625
0,5954
0,6724
0,47600000000000003
0,5651999999999999
0,4731
0,5587
0,49910000000000004
0,536
0,4728
0,5313
0,4444
0,5011
0,4503
0,5074
0,4808
0,5218999999999999
0,6489
0,6024999999999999
0,5073
0,5908000000000001
0,4486
0,6126
0,4668
0,5463
0,4698
0,5207
0,4536
0,6013000000000001
0,6106
0,8088000000000001
0,5907
0,5086
0,6015
0,4432
0,5155
0,4531
0,5125000000000001
0,4457
0,5082
0,44739999999999996
0,5368999999999999
0,4736
0,5437000000000001
0,6087
0,4679
0,5374000000000001
0,592
0,43110000000000004
0,5067999999999999
0,4354
0,4921
0,4617
0,4904
0,4855
0,48250000000000004
0,44079999999999997
0,46190000000000003
0,4472
0,6057
0,8772
0,5095
0,5622
0,5385
0,4639
0,4683
0,5546
0,39790000000000003
0,4276
0,4287
0,3951
0,41800000000000004
0,3967
0,39990000000000003
0,3885
0,3942
0,39120000000000005
0,4702
0,4634
0,44939999999999997
0,4507
0,4641
0,4867
0,499
0,5006
0,4677
0,5236999999999999
0,6085
0,4864
0,5479
0,8219
0,5522
0,7045
0,5538000000000001
0,6712
0,4716
0,5450999999999999
0,48119999999999996
0,5594
0,488
0,5521
0,4799
0,5508000000000001
0,49200000000000005
0,5375
0,4523
0,5339999999999999
0,4441
0,4777
0,518
0,5083000000000001
0,4667
0,5037
0,4982
0,5191
0,49989999999999996
0,5337999999999999
0,46190000000000003
0,5926
0,4223
0,717
0,5213
0,4753
0,4819
0,4647
0,4639
0,4792
0,42939999999999995
0,4403
0,46690000000000004
0,4664
0,4213
0,4526
0,5861
0,4434
0,4462
0,4369
0,5114
0,4616
0,5406
0,4514
0,5233
0,5672999999999999
0,49169999999999997
0,5534
0,47
0,5575000000000001
0,4515
0,6533
0,5005
0,5982000000000001
0,5638000000000001
0,6839
0,537
0,4931
0,5408000000000001
0,44499999999999995
0,5251
0,4611
0,565
0,4806
0,5622999999999999
0,6880999999999999
0,6338
0,521
0,5297999999999999
0,43770000000000003
0,49839999999999995
0,5025999999999999
0,5178999999999999
0,4569
0,6145
0,4348
0,5224
0,47709999999999997
0,5371
0,46190000000000003
0,5268
0,4514
0,5354
0,5143
0,6005999999999999
0,6634
0,4968
0,6703
0,4477
0,5166
0,48260000000000003
0,5323
0,4725
0,8685999999999999
0,5287
0,5553999999999999
0,6560999999999999
0,488
0,5619000000000001
0,48500000000000004
0,6595000000000001
0,579
0,6019000000000001
0,651
0,5939
0,6801
0,5716
0,6361
0,6185999999999999
0,5645
0,6564
0,6713
0,6071
0,5474
0,5691
0,5639
0,5057
0,5279
0,6601
0,5816
0,5532
0,49520000000000003
0,5364
0,44880000000000003
0,9293
0,4371
0,49850000000000005
0,5008
0,43429999999999996
0,4411
0,4254
0,44680000000000003
0,6608999999999999
0,42910000000000004
0,486
0,4702
0,5406
0,4697
0,5547
0,5686000000000001
0,6919
0,5387000000000001
0,5061
0,5342
0,4504
0,4345
0,7151
0,44329999999999997
0,4979
0,4401
0,4507
0,4816
0,4628
0,4671
0,4639
0,4753
0,512
0,4636
0,4335
0,4406
0,41300000000000003
0,4333
0,7067
0,42269999999999996
0,4032
0,43970000000000004
0,4074
0,6969
0,5008
0,5754999999999999
0,6147
0,4566
0,5846
0,38039999999999996
0,4255
0,41409999999999997
0,4305
0,4249
0,4401
0,4437
0,4084
0,44049999999999995
0,3848
0,4412
0,3896
0,3572
0,3742
0,3569
0,39149999999999996
0,3864
0,555
0,4129
0,5358
0,3595
0,4157
0,3667
0,3852
0,3824
0,3992
0,3566
0,5278
0,4586
0,57
0,5043
0,456
0,45830000000000004
0,5321
0,4893
0,46890000000000004
0,4528
0,465
0,46940000000000004
0,46299999999999997
0,4839
0,5143
0,5651999999999999
0,5103
0,519
0,4485
0,4643
0,4333
0,4556
0,8059000000000001
0,4615
0,46059999999999995
0,4691
0,4658
0,4512
0,4773
0,4965
0,5143
0,5408000000000001
0,5689
0,5599999999999999
0,5894999999999999
0,5476
0,6486999999999999
0,5439
0,5197
0,4504
0,4869
0,4389
0,4806
0,45389999999999997
0,4854
0,4639
0,4933
0,4279
0,4838
0,4616
0,4824
0,8506
0,4757
0,5014000000000001
0,472
0,4994
0,4424
0,4722
0,4415
0,5704
0,4098
0,4231
0,5368999999999999
0,5144000000000001
0,5025000000000001
0,8360000000000001
0,5467
0,5683
0,41659999999999997
0,4319
0,458
0,44260000000000005
0,4306
0,4084
0,3982
0,3936
0,3975
0,38430000000000003
0,393
0,37139999999999995
0,3833
0,5088
0,3662
0,3751
0,4101
0,3948
0,40240000000000004
0,38630000000000003
0,4172
0,3649
0,3944
0,3735
0,4248
0,3567
0,4174
0,36660000000000004
0,5128
0,44270000000000004
0,4996999999999999
0,5639
0,4453
0,3792
0,6638
0,3513
0,3553
0,4233
0,3715
0,429
0,3771
0,4111
0,38079999999999997
0,4638
0,3689
0,3934
0,36729999999999996
0,4451
0,3635
0,3565
0,3695
0,36769999999999997
0,3988
0,37629999999999997
0,37839999999999996
0,3688
0,3798
0,3486
0,3649
0,3667
0,36479999999999996
0,3884
0,3373
0,7064
0,3209
0,5157999999999999
0,465
0,5351
0,3956
0,42250000000000004
0,4289
0,4453
0,4436
0,38
0,3228
0,3655
0,3347
0,3529
0,3865
0,3762
0,33080000000000004
0,36210000000000003
0,3943
0,366
0,4615
0,4897
0,31970000000000004
0,3462
0,37629999999999997
0,392
0,3761
0,414
0,3864
0,3578
0,3871
0,363
0,36479999999999996
0,3403
0,3878
0,3721
0,36019999999999996
0,382
0,3247
0,4658
0,3568
0,3853
0,5293
0,5341
0,3347
0,4074
0,36910000000000004
0,4325
0,34190000000000004
0,3275
0,33980000000000005
0,3367
0,32489999999999997
0,35609999999999997
0,359
0,3687
0,352
0,3546
0,6772
0,3768
0,47009999999999996
0,3303
0,3235
0,30069999999999997
0,4267
0,24000000000000002
0,2334
0,2594
0,27540000000000003
0,2391
0,24429999999999996
0,2635
0,2386
0,2787
0,2484
0,2655
0,2511
0,2602
0,3011
0,3139
0,3077
0,3104
0,3373
0,3038
0,37379999999999997
0,3495
0,4415
0,337
0,3413
0,3146
0,3103
0,3006
0,29369999999999996
0,3341
0,3108
0,31930000000000003
0,3106
0,4056
0,2405
0,2298
0,2586
0,2894
0,3105
0,2565
0,294
0,24939999999999998
0,2439
0,2802
0,2632
0,3032
0,3099
0,3106
0,3271
0,3121
0,3237
0,3252
0,3397
0,31760000000000005
0,32870000000000005
0,4215
0,26870000000000005
0,2886
0,33799999999999997
0,3234
0,34259999999999996
0,3347
0,3853
0,39120000000000005
0,2998
0,35359999999999997
0,6542
0,3644
0,4285
0,3396
0,3572
0,3317
0,3095
0,3228
0,3257
0,419
0,3258
0,2938
0,2935
0,32739999999999997
0,3291
0,3285
0,3594
0,3044
0,438
0,2918
0,2956
0,3171
0,32449999999999996
0,3164
0,3067
0,3246
0,27099999999999996
0,29159999999999997
0,3331
0,3364
0,30029999999999996
0,3045
0,29369999999999996
0,3441
0,3056
0,3332
0,3239
0,3364
0,3383
0,4922
0,4195
0,37070000000000003
0,3211
0,33980000000000005
0,484
0,4638
0,5244
0,5738
0,4434
0,44499999999999995
0,4412
0,43179999999999996
0,45849999999999996
0,35819999999999996
0,3873
0,3937
0,41960000000000003
0,39120000000000005
0,3722
0,4037
0,3511
0,3976
0,3629
0,39120000000000005
0,3482
0,3733
0,399
0,3875
0,3877
0,5197
0,40959999999999996
0,4285
0,395
0,40700000000000003
0,8092
0,7146
0,7274999999999999
0,7875
0,7852
0,7037
0,6682
0,6591
0,653
0,6392
0,3715
0,3765
0,4248
0,37120000000000003
0,3931
0,3782
0,39080000000000004
0,4983
0,36029999999999995
0,3715
0,4106
0,3728
0,40440000000000004
0,3785
0,4435
0,3692
0,43019999999999997
0,46349999999999997
0,7181000000000001
0,4728
0,43520000000000003
0,3982
0,3897
0,3861
0,5488
0,49010000000000004
0,7682
0,426
0,4904
0,5498000000000001
0,3706
0,39740000000000003
0,4293
0,4445
0,443
0,4105
0,5329
0,43110000000000004
0,4509
0,43560000000000004
0,42519999999999997
0,4194
0,4514
0,44739999999999996
0,4535
0,4097
0,4216
0,4106
0,4515
0,4018
0,9703999999999999
0,5455
0,4243
0,44789999999999996
0,40190000000000003
0,46190000000000003
0,4082
0,53
0,6244
0,4348
0,4933
0,47100000000000003
0,5365
0,4476
0,45399999999999996
0,4295
0,419
0,43560000000000004
0,4607
0,43179999999999996
0,4253
0,389
0,4254
0,4062
0,38420000000000004
0,4011
0,404
0,3761
0,3907
0,35710000000000003
0,3946
0,35050000000000003
0,5551
0,3706
0,36019999999999996
0,3678
0,3814
0,5054000000000001
0,3259
0,3442
0,3806
0,3952
0,372
0,4817
0,4906
0,45370000000000005
0,4193
0,49089999999999995
0,5128
0,6819999999999999
0,3877
0,38949999999999996
0,42000000000000004
0,37310000000000004
0,3878
0,37270000000000003
0,3976
0,3736
0,40690000000000004
0,539
0,3852
0,3833
0,4144
0,3807
0,4115
0,3765
0,4545
0,3944
0,4025
0,3512
0,446
0,393
0,35090000000000005
0,3495
0,38699999999999996
0,3412
0,348
0,3525
0,3554
0,33
0,4514
0,4747
0,4212
0,38029999999999997
0,4349
0,5333
0,40759999999999996
0,40099999999999997
0,4666
0,3799
0,3761
0,3119
0,3456
0,3675
0,36689999999999995
0,3554
0,3411
0,3338
0,3499
0,3408
0,3768
0,3833
0,3617
0,3348
0,32670000000000005
0,5640000000000001
0,3257
0,3215
0,3692
0,36479999999999996
0,477
0,3501
0,3266
0,2923
0,3096
0,33240000000000003
0,3301
0,34959999999999997
0,3345
0,31980000000000003
0,4369
0,4109
0,4616
0,4507
0,41159999999999997
0,3498
0,3302
0,3321
0,3649
0,381
0,36719999999999997
0,3835
0,3778
0,404
0,38249999999999995
0,4021
0,37139999999999995
0,3754
0,3593
0,4399
0,361
0,3701
0,3969
0,4614
0,49989999999999996
0,46349999999999997
0,36929999999999996
0,3682
0,3402
0,35300000000000004
0,3675
0,3363
0,3639
0,3556
0,3637
0,3433
0,3668
0,3658
0,3704
0,4124
0,4016
0,7372000000000001
0,44920000000000004
0,3769
0,3775
0,4008
0,3931
0,365
0,3402
0,30069999999999997
0,30729999999999996
0,3547
0,30229999999999996
0,31
0,34850000000000003
0,3322
0,33240000000000003
0,3254
0,32630000000000003
0,32870000000000005
0,3108
0,305
0,3008
0,3038
0,28709999999999997
0,2873
0,2834
0,2855
0,345
0,2938
0,4015
0,28919999999999996
0,3081
0,3053
0,3261
0,3504
0,3859
0,3502
0,4062
0,36000000000000004
0,3898
0,3564
0,481
0,6893999999999999
0,4256
0,3971
0,40259999999999996
0,3658
0,4308
0,6001
0,3352
0,3904
0,4671
0,3618
0,3462
0,37310000000000004
0,37570000000000003
0,3976
0,3247
0,3341
0,4316
0,3665
0,3316
0,3311
0,32449999999999996
0,3535
0,31629999999999997
0,36410000000000003
0,34509999999999996
0,34640000000000004
0,36479999999999996
0,3606
0,3305
0,3668
0,3411
0,3914
0,3503
0,3905
0,3495
0,3515
0,39990000000000003
0,5279
0,372
0,3501
0,4031
0,35159999999999997
0,42450000000000004
0,35300000000000004
0,4136
0,3944
0,4173
0,3987
0,4138
0,4133
0,38989999999999997
0,3935
0,379
0,5584
0,3126
0,3382
0,36010000000000003
0,4211
0,3572
0,4223
0,3583
0,34299999999999997
0,34099999999999997
0,29359999999999997
0,2948
0,3459
0,3448
0,3524
0,323
0,3281
0,3178
0,3391
0,3212
0,3589
0,3873
0,3439
0,39609999999999995
0,5125000000000001
0,4052
0,4105
0,3749
0,40900000000000003
0,4542
0,3966
0,3613
0,40259999999999996
0,34400000000000003
0,41209999999999997
0,4956
0,3649
0,3832
0,4224
0,6103999999999999
0,5134
0,3618
0,40959999999999996
0,3408
0,3841
0,3367
0,4043
0,3203
0,3776
0,3609
0,3402
0,3824
0,3922
0,3805
0,3774
0,3857
0,384
0,5003
0,3244
0,3403
0,378
0,4193
0,4692
0,5231
0,4465
0,4205
0,4353
0,41459999999999997
0,4303
0,3879
0,3597
0,34230000000000005
0,3278
0,37120000000000003
0,36410000000000003
0,5191
0,3515
0,34059999999999996
0,379
0,3876
0,3199
0,3928
0,3881
0,38380000000000003
0,3519
0,357
0,46299999999999997
0,31789999999999996
0,3264
0,3835
0,3518
0,35760000000000003
0,3792
0,35409999999999997
0,37
0,4333
0,3605
0,33980000000000005
0,3599
0,37179999999999996
0,4965
0,45239999999999997
0,4736
0,4854
0,43600000000000005
0,4013
0,4132
0,41859999999999997
0,48819999999999997
0,3214
0,3323
0,3814
0,3655
0,4197
0,3438
0,3663
0,3657
0,36719999999999997
0,3705
0,3799
0,3635
0,3824
0,4016
0,337
0,29460000000000003
0,28919999999999996
0,3321
0,3549
0,32939999999999997
0,2969
0,2948
0,332
0,3296
0,3244
0,4503
0,33340000000000003
0,30860000000000004
0,43110000000000004
0,305
0,30610000000000004
0,2983
0,4335
0,3347
0,3967
0,4031
0,39330000000000004
0,37389999999999995
0,3585
0,38680000000000003
0,38249999999999995
0,3119
0,3092
0,317
0,3094
0,4032
0,3125
0,315
0,3644
0,3187
0,4555
0,2947
0,3105
0,3039
0,3429
0,3081
0,3094
0,35
0,306
0,30410000000000004
0,3455
0,29760000000000003
0,305
0,3439
0,33240000000000003
0,3486
0,2958
0,36450000000000005
0,34900000000000003
0,37579999999999997
0,34
0,3556
0,3196
0,35409999999999997
0,3692
0,3448
0,438
0,4167
0,4835
0,4904
0,3886
0,3504
0,3858
0,3594
0,3845
0,34850000000000003
0,4996999999999999
0,4438
0,5018
0,4407
0,25310000000000005
0,24869999999999998
0,2623
0,2637
0,2367
0,2742
0,2616
0,2415
0,27740000000000004
0,2681
0,2436
0,3866
0,24330000000000002
0,235
0,26870000000000005
0,2419
0,2421
0,2807
0,2432
0,24889999999999998
0,28459999999999996
0,2858
0,2849
0,2812
0,2868
0,243
0,2375
0,2723
0,243
0,2789
0,2551
0,28600000000000003
0,2514
0,294
0,39780000000000004
0,3705
0,44710000000000005
0,3815
0,4223
0,3622
0,5264
0,3497
0,4875
0,3611
0,2956
0,366
0,3668
0,3474
0,3522
0,35050000000000003
0,3508
0,3175
0,36660000000000004
0,3323
0,3474
0,355
0,3706
0,3241
0,3123
0,3268
0,3209
0,2886
0,4011
0,312
0,30160000000000003
0,31310000000000004
0,2972
0,335
0,3227
0,2999
0,34469999999999995
0,3296
0,283
0,2875
0,3227
0,32630000000000003
0,34850000000000003
0,3462
0,4563
0,3636
0,3088
0,319
0,3246
0,34890000000000004
0,37310000000000004
0,3848
0,2902
0,3186
0,3258
0,3215
0,3115
0,4605
0,2591
0,287
0,3192
0,3254
0,3195
0,32249999999999995
0,3201
0,309
0,3298
0,324
0,3305
0,317
0,32699999999999996
0,3219
0,3397
0,2908
0,283
0,28850000000000003
0,34
0,3129
0,31129999999999997
0,41350000000000003
0,24659999999999999
0,2328
0,2792
0,272
0,2556
0,2857
0,28400000000000003
0,3285
0,3428
0,37970000000000004
0,4487
0,36689999999999995
0,3943
0,39239999999999997
0,36200000000000004
0,5651999999999999
0,3586
0,4829
0,3532
0,26449999999999996
0,2797
0,31339999999999996
0,3281
0,31829999999999997
0,28350000000000003
0,3239
0,3178
0,27320000000000005
0,4115
0,25880000000000003
0,2748
0,3108
0,3121
0,319
0,31720000000000004
0,32220000000000004
0,3099
0,31970000000000004
0,3088
0,3241
0,3109
0,3139
0,314
0,32380000000000003
0,3226
0,31839999999999996
0,3326
0,28600000000000003
0,3209
0,3188
0,4614
0,28049999999999997
0,2974
0,3807
0,3796
0,4919
0,3946
0,5968
0,4777
0,41459999999999997
0,3282
0,39399999999999996
0,3483
0,3044
0,3272
0,31020000000000003
0,3271
0,31070000000000003
0,3461
0,312
0,2874
0,318
0,3104
0,3437
0,3122
0,3168
0,3125
0,323
0,31789999999999996
0,426
0,2678
0,28640000000000004
0,3196
0,3148
0,3123
0,3076
0,3038
0,3009
0,29710000000000003
0,3079
0,31110000000000004
0,3088
0,312
0,311
0,3322
0,3361
0,2902
0,3261
0,3835
0,36729999999999996
0,39130000000000004
0,57
0,3075
0,2883
0,4122
0,3248
0,3284
0,3449
0,333
0,3194
0,33
0,31270000000000003
0,2726
0,3133
0,3094
0,3165
0,318
0,316
0,3119
0,3234
0,3266
0,3241
0,331
0,28219999999999995
0,2913
0,3156
0,3256
0,3221
0,33340000000000003
0,3092
0,45389999999999997
0,292
0,3091
0,3782
0,3271
0,32880000000000004
0,332
0,34190000000000004
0,34190000000000004
0,3642
0,3365
0,3262
0,3262
0,3989
0,5295
0,45580000000000004
0,38039999999999996
0,3574
0,3317
0,3542
0,3435
0,3599
0,38949999999999996
0,2849
0,3268
0,31379999999999997
0,3101
0,3146
0,3216
0,3345
0,3518
0,32899999999999996
0,3309
0,3565
0,3343
0,31789999999999996
0,3211
0,3166
0,3282
0,3123
0,3557
0,31789999999999996
0,31310000000000004
0,313
0,3185
0,311
0,306
0,34400000000000003
0,3773
0,3157
0,32239999999999996
0,40700000000000003
0,31789999999999996
0,3139
0,3524
0,314
0,3332
0,5574
0,5559000000000001
0,39790000000000003
0,4348
0,3872
0,4459
0,43810000000000004
0,40190000000000003
0,46190000000000003
0,3865
0,3453
0,38499999999999995
0,3688
0,3817
0,3279
0,3584
0,44680000000000003
0,43810000000000004
0,35369999999999996
0,3948
0,34059999999999996
0,3811
0,3375
0,3814
0,3821
0,39599999999999996
0,3972
0,3441
0,381
0,3429
0,3577
0,3653
0,3638
0,35960000000000003
0,399
0,36910000000000004
0,3886
0,5858
0,4726
0,39649999999999996
0,423
0,3998
0,46030000000000004
0,4392
0,4157
0,5626
0,3481
0,3364
0,40719999999999995
0,393
0,38670000000000004
0,4074
0,4249
0,36200000000000004
0,44939999999999997
0,3659
0,39849999999999997
0,37139999999999995
0,39780000000000004
0,3821
0,4301
0,37
0,3813
0,3657
0,4063
0,3762
0,3929
0,48710000000000003
0,3171
0,34
0,3987
0,3969
0,43879999999999997
0,3355
0,33780000000000004
0,46959999999999996
0,4464
0,44329999999999997
0,4484
0,47350000000000003
0,48710000000000003
0,42700000000000005
0,5678000000000001
0,3799
0,3844
0,43679999999999997
0,3922
0,3858
0,3728
0,4151
0,3687
0,3851
0,37179999999999996
0,374
0,3684
0,3931
0,48660000000000003
0,3595
0,3486
0,4016
0,36019999999999996
0,4144
0,3678
0,41659999999999997
0,3605
0,37829999999999997
0,38470000000000004
0,3316
0,5461
4,2504
0,5962
0,4104
0,4809
0,4664
0,45380000000000004
0,47209999999999996
0,467
0,4188
0,4848
0,3345
0,3481
0,383
0,44020000000000004
0,48769999999999997
0,47800000000000004
0,4414
0,4206
0,3795
0,4045
0,3551
0,395
0,3527
0,381
0,4104
0,3657
0,395
0,37
0,361
0,3515
0,3717
0,36010000000000003
0,4662
0,3547
0,2979
0,40640000000000004
0,37179999999999996
0,3971
0,5061
0,3401
0,3846
0,3284
0,4387
0,368
0,42319999999999997
0,42250000000000004
0,43520000000000003
0,3926
0,3976
0,3503
0,4145
0,3623
0,36450000000000005
0,3694
0,3346
0,32899999999999996
0,312
0,3199
0,3216
0,3404
0,43810000000000004
0,2813
0,2989
0,3103
0,319
0,3137
0,3182
0,4349
0,2758
0,2713
0,3251
0,3133
0,37520000000000003
0,3678
0,2877
0,3325
0,3345
0,3289
0,2899
0,3199
0,29090000000000005
0,3247
0,3392
0,34299999999999997
0,38029999999999997
0,417
0,4018
0,4075
0,39
0,4656
0,3317
0,3762
0,3871
0,3115
0,3235
0,32289999999999996
0,30889999999999995
0,31020000000000003
0,31339999999999996
0,3317
0,297
0,3319
0,3033
0,29779999999999995
0,3504
0,3356
0,35619999999999996
0,3096
0,3029
0,2974
0,3262
0,4222
0,2725
0,2902
0,3194
0,5741
0,2759
0,3004
0,3403
0,3408
0,30729999999999996
0,3072
0,3359
0,3331
0,3015
0,3392
0,3357
0,2973
0,3968
0,35819999999999996
0,3857
0,3331
0,318
0,3737
0,31930000000000003
0,3272
0,355
0,3751
0,3034
0,3566
0,4506
0,326
0,318
0,3144
0,31070000000000003
0,3165
0,3209
0,3252
0,3079
0,317
0,31760000000000005
0,3786
0,32239999999999996
0,3237
0,3321
0,3307
0,3383
0,3453
0,5883
0,40700000000000003
0,3827
0,3362
0,5411
0,4138
0,4191
0,415
0,3761
0,3901
0,38230000000000003
0,4572
0,4752
0,4625
0,4145
0,47390000000000004
0,5601
0,4661
0,5293
0,3929
0,43379999999999996
0,3957
0,3853
0,3729
0,3864
0,3675
0,4531
0,40349999999999997
0,4198
0,4265
0,35960000000000003
0,3696
0,3502
0,49759999999999993
0,4618
0,38420000000000004
0,40190000000000003
0,3897
0,3918
0,43320000000000003
0,40240000000000004
0,4056
0,43320000000000003
0,393
0,46599999999999997
0,3795
0,43179999999999996
0,4708
0,4775
0,5558
0,4734
0,6418
0,4679
0,5061
0,3851
0,5441
0,4171
0,4366
0,4143
0,4016
0,4156
0,3886
0,4131
0,4288
0,43770000000000003
0,41800000000000004
0,499
0,4436
0,4275
0,3749
0,41590000000000005
0,3742
0,3827
0,3552
0,3987
0,36069999999999997
0,4093
0,381
0,41590000000000005
0,3705
0,3845
0,3564
0,4683
0,3938
0,6
0,4557
0,3925
0,4148
0,41169999999999995
0,4123
0,41869999999999996
0,42969999999999997
0,3931
0,43600000000000005
0,4092
0,47
0,43370000000000003
0,5117
0,4438
0,512
0,4642
0,7749
0,633
0,5959
0,6278
0,4802
0,6998
0,7787999999999999
0,7298
0,8067000000000001
0,6433
0,6773
0,5484
0,5505
0,4156
0,4312
0,4732
0,4142
0,48710000000000003
0,4567
0,49200000000000005
0,3902
0,4102
0,3836
0,437
0,39809999999999995
0,5526
0,5505
0,4176
0,4373
0,3959
0,4013
0,3812
0,41800000000000004
0,46099999999999997
0,5136999999999999
0,3737
0,39
0,3776
0,404
0,3696
0,3805
0,6281
0,6854
0,7389
0,5599
0,4986
0,6018
0,41340000000000005
0,4851
0,43560000000000004
0,4761
0,4567
0,467
0,4461
0,4914
0,4678
0,8268000000000001
0,3947
0,4347
0,3963
0,4279
0,4569
0,43520000000000003
0,4535
0,4881
0,4707
0,5268
0,4659
0,5115999999999999
0,43570000000000003
0,4989
0,4354
0,8439
0,5003
0,5086999999999999
0,4521
0,5680000000000001
0,4502
0,441
0,44260000000000005
0,4079
0,4062
0,41169999999999995
0,4188
0,4158
0,5195
0,42569999999999997
0,5254
0,4418
0,4295
0,3792
0,43
0,4078
0,4039
0,377
0,4107
0,39149999999999996
0,38470000000000004
0,4034
0,39120000000000005
0,3699
0,3931
0,3511
0,3966
0,3384
0,3598
0,4049
0,7333
0,4334
0,5112
0,4371
0,47659999999999997
0,48500000000000004
0,3886
0,37520000000000003
0,3879
0,39599999999999996
0,4022
0,40759999999999996
0,3685
0,3889
0,3994
0,5590999999999999
0,4317
0,42660000000000003
0,3775
0,4097
0,4074
0,40640000000000004
0,4132
0,4308
0,4174
0,3945
0,4276
0,4093
0,3651
0,5549
0,39790000000000003
0,4198
0,4432
0,3991
0,41659999999999997
0,5119
0,4809
0,5695
0,49799999999999994
0,4526
0,4948
0,4543
0,4137
0,3972
0,39790000000000003
0,4144
0,4213
0,4082
0,4122
0,5925
0,5220999999999999
0,5101
0,4158
0,4268
0,4108
0,3762
0,408
0,416
0,4098
0,4184
0,3972
0,39580000000000004
0,37970000000000004
0,39790000000000003
0,3723
0,3828
0,39990000000000003
0,3834
0,34640000000000004
0,393
0,4797
0,3903
0,4815
0,3857
0,361
0,3934
0,3724
0,40890000000000004
0,3887
0,3791
0,47390000000000004
0,3279
0,3237
0,3796
0,5035999999999999
0,34259999999999996
0,3546
0,37839999999999996
0,3362
0,3665
0,3898
0,36210000000000003
0,3909
0,356
0,3586
0,3765
0,3966
0,359
0,4247
0,3625
0,37879999999999997
0,37139999999999995
0,5313
0,4103
0,37879999999999997
0,4194
0,3659
0,393
0,3397
0,4487
0,4435
0,5635
0,4849
0,4263
0,455
0,4489
0,5057
0,38989999999999997
0,39189999999999997
0,4037
0,5452
0,3807
0,39120000000000005
0,3716
0,3642
0,388
0,37520000000000003
0,4399
0,3643
0,357
0,35340000000000005
0,5151
0,437
0,4349
0,37070000000000003
0,4206
0,3897
0,3984
0,5599999999999999
0,3694
0,36910000000000004
0,4233
0,4038
0,5131
0,415
0,5427000000000001
0,49030000000000007
0,5876
0,4407
0,4555
0,43379999999999996
0,428
0,37879999999999997
0,5193
0,37879999999999997
0,40690000000000004
0,3841
0,4049
0,44020000000000004
0,6359
0,5630000000000001
0,37179999999999996
0,38039999999999996
0,36000000000000004
0,3585
0,4265
0,3597
0,4045
0,3662
0,4358
0,37120000000000003
0,425
0,4077
0,3776
0,4105
0,3725
0,3991
0,3897
0,36929999999999996
0,3795
0,499
0,4415
0,6531
0,4581
0,4354
0,4919
0,46749999999999997
0,4288
0,4407
0,3754
0,4401
0,3855
0,43150000000000005
0,5823999999999999
0,39399999999999996
0,391
0,40049999999999997
0,3851
0,4376
0,3824
0,4077
0,3556
0,3746
0,368
0,4897
0,3935
0,386
0,3667
0,392
0,3585
0,40299999999999997
0,44279999999999997
0,391
0,3957
0,39490000000000003
0,3702
0,43370000000000003
0,4731
0,5666
0,5046
0,44949999999999996
0,4403
0,3862
0,388
0,3792
0,33530000000000004
0,3805
0,34919999999999995
0,5067999999999999
0,34450000000000003
0,34459999999999996
0,3737
0,42319999999999997
0,48899999999999993
0,3906
0,3909
0,3199
0,3634
0,3762
0,36000000000000004
0,37520000000000003
0,3881
0,4073
0,3931
0,347
0,3798
0,3674
0,4283
0,4178
0,3266
0,3785
0,36729999999999996
0,3798
0,38020000000000004
0,4541
0,5968
0,5407
0,3877
0,43829999999999997
0,4169
0,4473
0,46509999999999996
0,3553
0,3128
0,3424
0,43389999999999995
0,3499
0,38230000000000003
0,4106
0,3721
0,3879
0,355
0,4206
0,3599
0,3715
0,3694
0,3682
0,31930000000000003
0,3289
0,3144
0,333
0,324
0,3368
0,3372
0,6425
0,3901
0,3957
0,3292
0,347
0,3164
0,33780000000000004
0,32870000000000005
0,3462
0,36929999999999996
0,4434
0,472
0,4434
0,4394
0,43600000000000005
0,4396
0,4251
0,3884
0,4817
0,44630000000000003
0,40900000000000003
0,3941
0,5157999999999999
0,41100000000000003
0,4105
0,4137
0,3604
0,3748
0,3775
0,3938
0,35369999999999996
0,40890000000000004
0,345
0,3828
0,3497
0,3909
0,4975
0,3932
0,3855
0,3656
0,3826
0,3403
0,3415
0,3395
0,3679
0,333
0,3341
0,3559
0,3689
0,5207999999999999
0,3494
0,49799999999999994
0,32289999999999996
0,3203
0,3441
0,3938
0,5213
0,28400000000000003
0,29910000000000003
0,3449
0,3525
0,3745
0,3507
0,3882
0,383
0,3634
0,3636
0,3951
0,38420000000000004
0,4027
0,3695
0,4031
0,4249
0,47150000000000003
0,32939999999999997
0,3529
0,4052
0,3817
0,4136
0,3786
0,3827
0,3816
0,3904
0,3639
0,3657
0,35340000000000005
0,359
0,4496
0,3454
0,5527000000000001
0,7166
0,3651
0,3709
0,5134
0,3526
0,40440000000000004
0,3741
0,3781
0,3776
0,36450000000000005
0,37270000000000003
0,34959999999999997
0,4914
0,3453
0,33780000000000004
0,3853
0,371
0,3523
0,38989999999999997
0,39740000000000003
0,3553
0,3964
0,3674
0,3935
0,3658
0,3746
0,3497
0,406
0,3456
0,3973
0,3314
0,3824
0,3776
0,4239
0,4391
0,33599999999999997
0,4178
0,4292
0,5038
0,4258
0,3893
0,45580000000000004
0,3916
0,3855
0,3926
0,37589999999999996
0,33490000000000003
0,3544
0,345
0,3153
0,3463
0,372
0,3482
0,34440000000000004
0,3574
0,3568
0,3006
0,3799
0,3221
0,3293
0,3501
0,3462
0,3261
0,4236
0,3307
0,2821
0,34640000000000004
0,33799999999999997
0,29359999999999997
0,3477
0,3106
0,2796
0,2737
0,29300000000000004
0,3004
0,3064
0,31589999999999996
0,3273
0,3275
0,43810000000000004
0,3793
0,45439999999999997
0,4847
0,34059999999999996
0,35209999999999997
0,45
0,3745
0,4528
0,35169999999999996
0,2888
0,352
0,3466
0,3476
0,32420000000000004
0,2989
0,28509999999999996
0,2854
0,2496
0,2453
0,25730000000000003
0,2522
0,29619999999999996
0,2878
0,294
0,29540000000000005
0,2856
0,2842
0,2849
0,2523
0,29910000000000003
0,2557
0,2524
0,2563
0,29100000000000004
0,4104
0,24919999999999998
0,2473
0,30210000000000004
0,3033
0,2906
0,2913
0,2821
0,2623
0,2526
0,2517
0,2583
0,4093
0,3605
0,5146000000000001
0,34680000000000005
0,4027
0,3421
0,3466
0,3326
0,37
0,3533
0,4881
0,3157
0,2511
0,3494
0,3063
0,30870000000000003
0,30860000000000004
0,31129999999999997
0,3142
0,31629999999999997
0,31139999999999995
0,32989999999999997
0,3211
0,5254
0,36029999999999995
0,3006
0,2987
0,2998
0,3046
0,3064
0,3042
0,2995
0,2968
0,2902
0,31579999999999997
0,29960000000000003
0,3881
0,30069999999999997
0,2719
0,3938
0,2587
0,2349
0,2652
0,2773
0,28669999999999995
0,3115
0,3046
0,34640000000000004
0,3698
0,3237
0,31720000000000004
0,3095
0,29359999999999997
0,2922
0,3326
0,3029
0,2652
0,2571
0,2656
0,30870000000000003
0,30679999999999996
0,41869999999999996
0,2625
0,2581
0,265
0,2539
0,2297
0,2703
0,2833
0,3479
0,2893
0,29359999999999997
0,2869
0,2944
0,28650000000000003
0,2833
0,28669999999999995
0,25980000000000003
0,3
0,3169
0,3185
0,3402
0,3166
0,3345
0,3363
0,3435
0,2899
0,2983
0,3397
0,3244
0,3911
0,2823
0,28430000000000005
0,4554
0,3292
0,33599999999999997
0,3634
0,317
0,3236
0,29779999999999995
0,3014
0,287
0,2897
0,3188
0,3054
0,29
0,2915
0,3035
0,30019999999999997
0,3005
0,3005
0,294
0,38880000000000003
0,25579999999999997
0,2326
0,2671
0,2878
0,2557
0,2614
0,3058
0,30229999999999996
0,29109999999999997
0,29910000000000003
0,3008
0,306
0,31
0,31310000000000004
0,2987
0,2989
0,2956
0,31070000000000003
0,2856
0,2827
0,27999999999999997
0,2419
0,24830000000000002
0,24259999999999998
0,2439
0,2837
0,2364
0,2363
0,48919999999999997
0,2398
0,2632
0,3577
0,3155
0,3942
0,27530000000000004
0,2977
0,35159999999999997
0,31839999999999996
0,3045
0,308
0,3054
0,5103
0,2331
0,21780000000000002
0,26699999999999996
0,2795
0,2378
0,2397
0,2117
0,2264
0,2641
0,3963
0,2415
0,24059999999999998
0,26739999999999997
0,26489999999999997
0,2662
0,22010000000000002
0,2205
0,2049
0,2074
0,2705
0,2037
0,2418
0,208
0,20670000000000002
0,24640000000000004
0,2112
0,2384
0,19870000000000002
0,1998
0,1959
0,2328
0,1993
0,1991
0,2009
0,25339999999999996
0,1955
0,19699999999999998
0,2301
0,1914
0,2394
0,1931
0,3056
0,2255
0,1887
0,2253
0,1655
0,2594
0,2541
0,2583
0,2791
0,2109
0,2281
0,2404
0,2163
0,24020000000000002
0,22690000000000002
0,2408
0,2499
0,2621
0,2374
0,26380000000000003
0,2097
0,2606
0,2071
0,1851
0,2297
0,1903
0,2703
0,1888
0,4049
0,2799
0,266
0,2356
0,19790000000000002
0,23570000000000002
0,20129999999999998
0,25339999999999996
0,2047
0,324
0,24580000000000002
0,2043
0,2021
0,1984
0,2346
0,20149999999999998
0,23929999999999998
0,2059
0,21489999999999998
0,21780000000000002
0,2154
0,2187
0,2222
0,22010000000000002
0,2561
0,2341
0,2068
0,2118
0,2258
0,22460000000000002
0,3404
0,22110000000000002
0,256
0,2229
0,22890000000000002
0,2228
0,3121
0,2643
0,31310000000000004
0,2621
0,36460000000000004
0,2758
0,28219999999999995
0,3012
0,3029
0,2974
0,3173
0,2484
0,31770000000000004
0,2693
0,28459999999999996
0,29710000000000003
0,2776
0,2266
0,23479999999999998
0,2731
0,26659999999999995
0,2358
0,3665
0,2686
0,26870000000000005
0,2395
0,2717
0,2452
0,2767
0,2565
0,29329999999999995
0,2919
0,28800000000000003
0,29050000000000004
0,2967
0,2854
0,2784
0,2861
0,2712
0,2431
0,2778
0,2409
0,2712
0,2571
0,38079999999999997
0,4112
0,22949999999999998
0,2106
0,306
0,235
0,2336
0,2388
0,2429
0,2374
0,2802
0,2901
0,3064
0,2995
0,3209
0,2731
0,26990000000000003
0,2927
0,2766
0,2924
0,30210000000000004
0,3025
0,47800000000000004
0,243
0,21350000000000002
0,2509
0,27090000000000003
0,23399999999999999
0,2329
0,2342
0,23220000000000002
0,2685
0,2342
0,28190000000000004
0,24449999999999997
0,2852
0,27799999999999997
0,2718
0,2323
0,2717
0,2313
0,2768
0,245
0,2775
0,3639
0,2784
0,23220000000000002
0,2286
0,2643
0,236
0,2636
0,2293
0,26489999999999997
0,3347
0,26580000000000004
0,2592
0,2428
0,2695
0,22540000000000002
0,2723
0,2199
0,2042
0,2219
0,2229
0,2197
0,22340000000000002
0,4156
0,2677
0,2656
0,34469999999999995
0,2964
0,2761
0,3074
0,314
0,29760000000000003
0,30160000000000003
0,26830000000000004
0,3083
0,37879999999999997
0,3175
0,237
0,2537
0,2893
0,2574
0,2877
0,2828
0,24330000000000002
0,2705
0,23729999999999998
0,27530000000000004
0,2286
0,2712
0,2219
0,2431
0,2094
0,3045
0,2344
0,1995
0,2453
0,2011
0,20320000000000002
0,2205
0,22910000000000003
0,2567
0,2537
0,2605
0,2202
0,2422
0,232
0,2737
0,28509999999999996
0,24649999999999997
0,2706
0,2759
0,2327
0,2702
0,2273
0,2611
0,22
0,4073
0,27149999999999996
0,28659999999999997
0,3314
0,2681
0,2813
0,2548
0,2873
0,2726
0,2332
0,29819999999999997
0,4261
0,2824
0,2639
0,2614
0,22949999999999998
0,25549999999999995
0,2087
0,2562
0,2042
0,2062
0,1982
0,19560000000000002
0,2069
0,24869999999999998
0,2027
0,23709999999999998
0,2171
0,23900000000000002
0,1988
0,2439
0,2049
0,21660000000000001
0,228
0,2142
0,2259
0,25549999999999995
0,2382
0,272
0,35159999999999997
0,4184
0,2656
0,2692
0,27
0,2509
0,2321
0,27040000000000003
0,2686
0,232
0,2681
0,2304
0,26039999999999996
0,2299
0,2352
0,23809999999999998
0,2659
0,2739
0,3809
0,337
0,38380000000000003
0,3046
0,2986
0,4667
0,2791
0,30650000000000005
0,2875
0,2786
0,297
0,2942
0,332
0,26580000000000004
0,3018
0,3344
0,3698
0,3216
0,31970000000000004
0,35209999999999997
0,3593
0,3318
0,3413
0,33809999999999996
0,3314
0,311
0,30610000000000004
0,2765
0,373
0,3331
0,3286
0,25020000000000003
0,3165
0,2849
0,29619999999999996
0,3013
0,2902
0,294
0,2838
0,27320000000000005
0,2432
0,2733
0,23379999999999998
0,23399999999999999
0,223
0,2243
0,2229
0,228
0,2924
0,3272
0,46190000000000003
0,33780000000000004
0,30229999999999996
0,3636
0,3449
0,3039
0,2894
0,3557
0,2703
0,2981
0,2923
0,3145
0,32039999999999996
0,30650000000000005
0,3055
0,3148
0,3
0,2986
0,3055
0,2965
0,28909999999999997
0,3273
0,3706
0,2906
0,2327
0,3097
0,3033
0,3026
0,3145
0,30820000000000003
0,3166
0,3045
0,3128
0,31070000000000003
0,3042
0,2969
0,3014
0,30029999999999996
0,2921
0,27690000000000003
0,2837
0,2757
0,2512
0,3928
0,2336
0,224
0,33399999999999996
0,33540000000000003
0,4097
0,3328
0,35819999999999996
0,3164
0,28959999999999997
0,3125
0,2987
0,2925
0,2917
0,2694
0,2263
0,2021
0,2033
0,2006
0,20670000000000002
0,2108
0,25
0,205
0,24439999999999998
0,20929999999999999
0,21469999999999997
0,2112
0,2095
0,2223
0,2235
0,2242
0,2297
0,2427
0,2104
0,2054
0,20350000000000001
0,2054
0,2268
0,2062
0,2029
0,2094
0,1986
0,191
0,19619999999999999
0,3357
0,2382
0,20479999999999998
0,208
0,19890000000000002
0,1943
0,1936
0,2316
0,1957
0,22890000000000002
0,1988
0,231
0,1729
0,18760000000000002
0,1682
0,18359999999999999
0,1924
0,1695
0,1968
0,2197
0,16469999999999999
0,2125
0,3414
0,3071
0,23479999999999998
0,3508
0,2017
0,1928
0,18919999999999998
0,2125
0,3685
0,31129999999999997
0,4465
0,35609999999999997
0,4487
0,3384
0,4079
0,3947
0,6313
0,36860000000000004
0,3883
0,3736
0,3708
0,2972
0,1963
0,2607
0,2602
0,1844
0,21800000000000003
0,17229999999999998
0,18239999999999998
0,2153
0,1693
0,2268
0,1741
0,1877
0,22139999999999999
0,162
0,1818
0,1615
0,18689999999999998
0,1778
0,1603
0,16899999999999998
0,1828
0,1564
0,18000000000000002
0,1596
0,1794
0,1761
0,1552
0,1714
0,186
0,2101
0,1606
0,1795
0,27530000000000004
0,24630000000000002
0,26420000000000005
0,2023
0,2319
0,20359999999999998
0,2858
0,229
0,2563
0,2319
0,2004
0,2509
0,2085
0,2482
0,1778
0,1931
0,2422
0,229
0,2139
0,2127
0,2061
0,20450000000000002
0,20120000000000002
0,20220000000000002
0,2054
0,2118
0,2203
0,2167
0,2239
0,2071
0,2539
0,2535
0,25329999999999997
0,2401
0,19560000000000002
0,18569999999999998
0,1872
0,1802
0,2776
0,17670000000000002
0,1761
0,22910000000000003
0,175
0,2074
0,17670000000000002
0,2066
0,17679999999999998
0,215
0,1922
0,2186
0,1971
0,1936
0,1946
0,18589999999999998
0,18780000000000002
0,1813
0,18100000000000002
0,1709
0,1719
0,192
0,13640000000000002
0,19369999999999998
0,2186
0,2358
0,2177
0,1811
0,17880000000000001
0,23809999999999998
0,1982
0,28919999999999996
0,2398
0,22699999999999998
0,2161
0,24889999999999998
0,2119
0,2306
0,2791
0,24439999999999998
0,206
0,2286
0,23029999999999998
0,2276
0,2368
0,2313
0,248
0,2316
0,2292
0,3435
0,252
0,2255
0,2317
0,236
0,2625
0,2296
0,2278
0,2367
0,2328
0,23470000000000002
0,2382
0,2418
0,2503
0,2414
0,25
0,2367
0,2434
0,2367
0,2344
0,2306
0,23049999999999998
0,2408
0,241
0,2248
0,23240000000000002
0,2313
0,31129999999999997
0,2429
0,2417
0,2893
0,2631
0,24429999999999996
0,2309
0,2553
0,2473
0,247
0,2101
0,2054
0,2332
0,2375
0,1924
0,1907
0,19210000000000002
0,19249999999999998
0,1953
0,19190000000000002
0,1928
0,1885
0,18919999999999998
0,2217
0,19010000000000002
0,25070000000000003
0,23550000000000001
0,2122
0,2205
0,22440000000000002
0,2122
0,2235
0,17229999999999998
0,1704
0,1714
0,175
0,175
0,2111
0,2712
0,1872
0,186
0,202
0,1996
0,2394
0,2346
0,2358
0,2309
0,2311
0,2218
0,2337
0,2248
0,2069
0,23399999999999999
0,2472
0,2171
0,21839999999999998
0,2339
0,2175
0,2181
0,24620000000000003
0,20350000000000001
0,29500000000000004
0,1633
0,1829
0,2023
0,24939999999999998
0,22269999999999998
0,1933
0,1946
0,2252
0,1903
0,2042
0,2361
0,2001
0,1923
0,2023
0,3169
0,3025
0,22890000000000002
0,2424
0,3072
0,2052
0,2063
0,2107
0,2274
0,20980000000000001
0,2062
0,23900000000000002
0,2084
0,2171
0,2372
0,1969
0,1981
0,1731
0,1948
0,174
0,199
0,1968
0,2536
0,203
0,2274
0,1707
0,2519
0,1701
0,2182
0,2377
0,1691
0,2053
0,1789
0,2111
0,155
0,20570000000000002
0,1547
0,185
0,28669999999999995
0,19560000000000002
0,159
0,20579999999999998
0,1665
0,2075
0,244
0,2646
0,1992
0,1881
0,2148
0,2125
0,1784
0,2374
0,2128
0,25970000000000004
0,1858
0,2122
0,1733
0,2001
0,1702
0,1685
0,2039
0,1832
0,1978
0,1952
0,17129999999999998
0,19249999999999998
0,177
0,2001
0,19039999999999999
0,1884
0,17029999999999998
0,195
0,1736
0,19340000000000002
0,17049999999999998
0,1886
0,2628
0,1858
0,1632
0,186
0,1946
0,1877
0,16970000000000002
0,195
0,19440000000000002
0,2134
0,1729
0,1971
0,16110000000000002
0,2499
0,18359999999999999
0,1991
0,1709
0,1967
0,17049999999999998
0,19039999999999999
0,1926
0,1946
0,1749
0,1988
0,1783
0,21230000000000002
0,1981
0,2838
0,2556
0,17320000000000002
0,1792
0,14909999999999998
0,1721
0,1874
0,2029
0,1719
0,206
0,1773
0,29550000000000004
0,22130000000000002
0,21760000000000002
0,2138
0,2148
0,2231
0,2263
0,22540000000000002
0,2378
0,2216
0,2275
0,2277
0,2258
0,2309
0,2288
0,2335
0,2283
0,23020000000000002
0,21939999999999998
0,2205
0,216
0,2144
0,2188
0,2198
0,2175
0,2207
0,2223
0,2174
0,21469999999999997
0,23
0,2125
0,2173
0,2033
0,2807
0,29050000000000004
0,26489999999999997
0,2576
0,2228
0,3214
0,2037
0,2206
0,22949999999999998
0,2349
0,2351
0,26039999999999996
0,2468
0,277
0,34650000000000003
0,2902
0,2261
0,2723
0,2557
0,25060000000000004
0,22269999999999998
0,2587
0,277
0,24860000000000002
0,2115
0,255
0,17789999999999997
0,2228
0,2352
0,22699999999999998
0,23020000000000002
0,22690000000000002
0,2285
0,2255
0,2173
0,2215
0,2242
0,2238
0,24259999999999998
0,2118
0,21230000000000002
0,2105
0,20359999999999998
0,2914
0,1978
0,1409
0,1515
0,1924
0,1738
0,1985
0,15760000000000002
0,19340000000000002
0,1881
0,1735
0,1881
0,1827
0,1686
0,18660000000000002
0,13899999999999998
0,19369999999999998
0,19269999999999998
0,17650000000000002
0,2117
0,1437
0,19699999999999998
0,1981
0,20929999999999999
0,1507
0,19699999999999998
0,2018
0,1597
0,2028
0,14880000000000002
0,201
0,2
0,2834
0,1976
0,1717
0,2404
0,21000000000000002
0,2276
0,30479999999999996
0,19349999999999998
0,2207
0,1995
0,1864
0,1938
0,208
0,2691
0,1753
0,1967
0,23149999999999998
0,2142
0,1931
0,1737
0,1572
0,1726
0,1531
0,1731
0,2096
0,155
0,2207
0,2082
0,1518
0,21000000000000002
0,14889999999999998
0,2148
0,1743
0,1695
0,1851
0,1658
0,1865
0,19039999999999999
0,1981
0,189
0,1671
0,1992
0,1922
0,20729999999999998
0,28190000000000004
0,21509999999999999
0,2053
0,1993
0,1993
0,19799999999999998
0,1992
0,2004
0,1942
0,1817
0,2086
0,1938
0,17670000000000002
0,1945
0,1778
0,194
0,16
0,193
0,1783
0,19699999999999998
0,1827
0,1882
0,22460000000000002
0,2387
0,2298
0,1702
0,2008
0,16870000000000002
0,20359999999999998
0,1827
0,2041
0,21760000000000002
0,18259999999999998
0,1484
0,17049999999999998
0,1706
0,2011
0,1719
0,29500000000000004
0,1624
0,15860000000000002
0,1564
0,1614
0,1554
0,13620000000000002
0,1598
0,16369999999999998
0,1981
0,1628
0,1982
0,16970000000000002
0,204
0,21939999999999998
0,20570000000000002
0,2158
0,21139999999999998
0,2223
0,2155
0,2421
0,24420000000000003
0,2103
0,2707
0,2763
0,21589999999999998
0,2189
0,21430000000000002
0,2139
0,2144
0,21489999999999998
0,21139999999999998
0,2115
0,2187
0,22010000000000002
0,2621
0,2142
0,224
0,3317
0,25129999999999997
0,2249
0,2621
0,25329999999999997
0,2675
0,2101
0,2522
0,313
0,2219
0,207
0,21589999999999998
0,20900000000000002
0,2561
0,2293
0,2171
0,214
0,2206
0,1936
0,215
0,1855
0,23470000000000002
0,1813
0,18159999999999998
0,18259999999999998
0,1873
0,1851
0,1882
0,2185
0,2138
0,2105
0,2024
0,1969
0,18000000000000002
0,1991
0,18259999999999998
0,1994
0,1875
0,28200000000000003
0,212
0,21689999999999998
0,2099
0,2551
0,1851
0,1865
0,17909999999999998
0,18100000000000002
0,17880000000000001
0,1794
0,16970000000000002
0,1682
0,1618
0,1953
0,1381
0,1983
0,1964
0,21689999999999998
0,2265
0,2117
0,20149999999999998
0,19619999999999999
0,1997
0,23120000000000002
0,2092
0,1972
0,2127
0,2938
0,2351
0,2049
0,2584
0,2509
0,2917
0,22890000000000002
0,2265
0,2473
0,2181
0,34450000000000003
0,19090000000000001
0,2241
0,2186
0,2245
0,2493
0,2474
0,24659999999999999
0,21800000000000003
0,2165
0,24250000000000002
0,22269999999999998
0,2265
0,2317
0,2197
0,23020000000000002
0,21919999999999998
0,215
0,2141
0,21469999999999997
0,212
0,2395
0,21680000000000002
0,1945
0,2064
0,2127
0,2062
0,21000000000000002
0,2119
0,2102
0,205
0,22110000000000002
0,2095
0,21130000000000002
0,21469999999999997
0,2046
0,2063
0,2078
0,2744
0,2195
0,2018
0,1968
0,19
0,1596
0,19269999999999998
0,1731
0,1885
0,1327
0,1984
0,1825
0,25060000000000004
0,26699999999999996
0,18330000000000002
0,2117
0,1912
0,1825
0,19110000000000002
0,2075
0,2122
0,22110000000000002
0,18009999999999998
0,2095
0,18100000000000002
0,20809999999999998
0,16899999999999998
0,2001
0,1906
0,2075
0,21139999999999998
0,21230000000000002
0,21350000000000002
0,2148
0,2158
0,2138
0,221
0,2199
0,3042
0,2277
0,22130000000000002
0,2195
0,2252
0,2148
0,2196
0,2223
0,219
0,2203
0,222
0,2202
0,22269999999999998
0,21910000000000002
0,223
0,2232
0,2284
0,2277
0,2311
0,2297
0,2378
0,2337
0,2337
0,2283
0,22599999999999998
0,21919999999999998
0,2285
0,2206
0,21839999999999998
0,2131
0,21350000000000002
0,2641
0,243
0,21680000000000002
0,2039
0,3196
0,20570000000000002
0,1995
0,3368
0,25310000000000005
0,211
0,21350000000000002
0,2051
0,20909999999999998
0,25270000000000004
0,2268
0,2358
0,2394
0,232
0,23470000000000002
0,24830000000000002
0,23570000000000002
0,2391
0,2328
0,24659999999999999
0,2403
0,24159999999999998
0,2461
0,2392
0,3312
0,3095
0,2096
0,20350000000000001
0,21159999999999998
0,2064
0,2161
0,24130000000000001
0,25020000000000003
0,2396
0,24230000000000002
0,2367
0,2378
0,23929999999999998
0,2375
0,2331
0,24159999999999998
0,31930000000000003
0,20829999999999999
0,1764
0,2362
0,2271
0,22910000000000003
0,2339
0,2329
0,23399999999999999
0,2392
0,2421
0,26990000000000003
0,2362
0,36010000000000003
0,2784
0,2391
0,2461
0,2475
0,2627
0,228
0,25310000000000005
0,26870000000000005
0,2752
0,29819999999999997
0,2515
0,2403
0,2387
0,2841
0,2503
0,2459
0,3853
0,2226
0,236
0,2514
0,36069999999999997
0,2631
0,24580000000000002
0,2833
0,2917
0,2784
0,258
0,2717
0,2567
0,30269999999999997
0,2852
0,3
0,30479999999999996
0,2998
0,2973
0,2825
0,29460000000000003
0,26580000000000004
0,2997
0,3109
0,2984
0,44329999999999997
0,24159999999999998
0,3026
0,43179999999999996
0,2352
0,3055
0,3316
0,4323
0,3964
0,3084
0,3502
0,3236
0,3323
0,3069
0,3586
0,3501
0,3635
0,268
0,2987
0,2633
0,31270000000000003
0,308
0,3228
0,3754
0,316
0,2596
0,3128
0,3211
0,28709999999999997
0,3064
0,3085
0,303
0,2745
0,27690000000000003
0,2696
0,2395
0,2747
0,2331
0,2167
0,2082
0,2071
0,2087
0,2004
0,1978
0,2019
0,2298
0,23299999999999998
0,2431
0,2205
0,2966
0,26580000000000004
0,33240000000000003
0,3577
0,2243
0,2249
0,21230000000000002
0,2085
0,2994
0,2637
0,3875
0,3532
0,2671
0,2661
0,2989
0,2883
0,2999
0,2519
0,24409999999999998
0,2935
0,2861
0,25339999999999996
0,2698
0,2351
0,27540000000000003
0,3402
0,2799
0,2994
0,29300000000000004
0,3038
0,2967
0,2997
0,2869
0,30200000000000005
0,30210000000000004
0,3254
0,3337
0,3017
0,2983
0,3044
0,32670000000000005
0,3247
0,3277
0,31320000000000003
0,3161
0,30229999999999996
0,3084
0,31070000000000003
0,30660000000000004
0,307
0,2906
0,3547
0,2895
0,4165
0,2332
0,2152
0,2546
0,29750000000000004
0,3109
0,3831
0,3019
0,29750000000000004
0,3316
0,3376
0,32239999999999996
0,2995
0,3032
0,2988
0,3367
0,3032
0,2979
0,2963
0,2942
0,31589999999999996
0,3199
0,3044
0,39490000000000003
0,26699999999999996
0,2681
0,30200000000000005
0,311
0,2973
0,2961
0,2977
0,2816
0,2784
0,2388
0,2475
0,2893
0,2869
0,2807
0,2434
0,2374
0,2707
0,2297
0,2267
0,257
0,2293
0,2841
0,2906
0,2587
0,1948
0,193
0,2329
0,1955
0,2313
0,1953
0,2325
0,2009
0,2363
0,2516
0,32289999999999996
0,3439
0,3542
0,2456
0,2825
0,2743
0,31980000000000003
0,28669999999999995
0,2332
0,28640000000000004
0,2298
0,2953
0,2401
0,275
0,2998
0,224
0,2179
0,2917
0,2228
0,2814
0,2044
0,3848
0,2726
0,2236
0,2422
0,3063
0,225
0,2761
0,2421
0,2874
0,20359999999999998
0,1887
0,1652
0,1754
0,17670000000000002
0,1525
0,1742
0,1728
0,2102
0,1606
0,1766
0,21139999999999998
0,1574
0,1753
0,17650000000000002
0,3459
0,2179
0,1622
0,1736
0,19440000000000002
0,2089
0,19110000000000002
0,20249999999999999
0,204
0,18330000000000002
0,2011
0,1822
0,201
0,2033
0,29550000000000004
0,2697
0,2127
0,23399999999999999
0,2115
0,2077
0,2491
0,1993
0,1865
0,2261
0,2018
0,182
0,1652
0,21259999999999998
0,179
0,2009
0,1643
0,2241
0,1648
0,2103
0,18230000000000002
0,23470000000000002
0,2703
0,1815
0,23450000000000001
0,2523
0,18569999999999998
0,23399999999999999
0,2028
0,206
0,18569999999999998
0,20249999999999999
0,1899
0,2002
0,1848
0,20359999999999998
0,1503
0,17029999999999998
0,3164
0,2344
0,1552
0,193
0,1795
0,21469999999999997
0,1789
0,19890000000000002
0,182
0,255
0,1649
0,2209
0,24350000000000002
0,2163
0,19799999999999998
0,2167
0,1828
0,21919999999999998
0,18760000000000002
0,2122
0,17340000000000003
0,188
0,1563
0,21330000000000002
0,1761
0,24350000000000002
0,2117
0,22599999999999998
0,228
0,24889999999999998
0,24850000000000003
0,34640000000000004
0,205
0,2298
0,22269999999999998
0,26899999999999996
0,2589
0,25730000000000003
0,3417
0,26130000000000003
0,3271
0,27940000000000004
0,2219
0,2368
0,25549999999999995
0,2522
0,23709999999999998
0,2522
0,2368
0,2422
0,23650000000000002
0,22699999999999998
0,2221
0,2179
0,1998
0,2215
0,2189
0,2235
0,2024
0,2053
0,223
0,22599999999999998
0,23709999999999998
0,2253
0,2217
0,2228
0,2158
0,2186
0,2173
0,2109
0,2127
0,216
0,20029999999999998
0,2175
0,18009999999999998
0,19560000000000002
0,30269999999999997
0,1972
0,21469999999999997
0,2112
0,2085
0,203
0,1988
0,186
0,16670000000000001
0,1889
0,2054
0,1884
0,22139999999999999
0,2548
0,22240000000000001
0,19560000000000002
0,252
0,19190000000000002
0,21359999999999998
0,2099
0,25310000000000005
0,2179
0,2078
0,176
0,3071
0,2259
0,20670000000000002
0,20929999999999999
0,17650000000000002
0,2018
0,1804
0,17479999999999998
0,1899
0,1775
0,1601
0,194
0,1958
0,1847
0,2998
0,1774
0,1587
0,192
0,15860000000000002
0,1905
0,17809999999999998
0,1913
0,1529
0,1368
0,15669999999999998
0,154
0,1376
0,1532
0,1375
0,2056
0,188
0,1865
0,19799999999999998
0,1716
0,1993
0,2085
0,1726
0,25539999999999996
0,21359999999999998
0,2404
0,171
0,22249999999999998
0,20359999999999998
0,188
0,25470000000000004
0,2095
0,2066
0,1536
0,2397
0,2271
0,2239
0,179
0,4001
0,2096
0,2714
0,2141
0,1955
0,30660000000000004
0,2076
0,1771
0,28259999999999996
0,261
0,2808
0,20029999999999998
0,1998
0,2063
0,2033
0,1752
0,2078
0,2086
0,2086
0,1733
0,1701
0,1707
0,1709
0,1719
0,1712
0,17
0,17550000000000002
0,2061
0,1889
0,2051
0,1862
0,2008
0,184
0,20149999999999998
0,18589999999999998
0,2
0,22139999999999999
0,21910000000000002
0,3247
0,1865
0,1991
0,1984
0,1983
0,1981
0,2046
0,1982
0,1761
0,19790000000000002
0,1817
0,1984
0,20909999999999998
0,2026
0,1971
0,17670000000000002
0,2
0,1756
0,1994
0,177
0,2421
0,193
0,20929999999999999
0,162
0,1984
0,1728
0,2267
0,2517
0,2852
0,25339999999999996
0,19269999999999998
0,2153
0,175
0,253
0,2137
0,26630000000000004
0,31520000000000004
0,24330000000000002
0,3117
0,1584
0,191
0,1797
0,17129999999999998
0,1728
0,1719
0,17200000000000001
0,1719
0,17220000000000002
0,1729
0,17200000000000001
0,1729
0,17300000000000001
0,17229999999999998
0,1714
0,19249999999999998
0,194
0,1718
0,17320000000000002
0,1828
0,2085
0,1717
0,1735
0,1793
0,2054
0,1719
0,1761
0,1727
0,17200000000000001
0,17129999999999998
0,18080000000000002
0,1727
0,1709
0,1847
0,1717
0,1726
0,1731
0,25880000000000003
0,1461
0,15009999999999998
0,2692
0,1996
0,18919999999999998
0,2608
0,1577
0,2219
0,33809999999999996
0,2221
0,1929
0,21359999999999998
0,17459999999999998
0,1998
0,17340000000000003
0,22130000000000002
0,2328
0,2183
0,1955
0,17220000000000002
0,1865
0,2046
0,1871
0,26659999999999995
0,1679
0,23299999999999998
0,19190000000000002
0,2478
0,2142
0,23470000000000002
0,2137
0,215
0,1926
0,24860000000000002
0,208
0,2419
0,2109
0,2887
0,2167
0,23220000000000002
0,1964
0,23299999999999998
0,2308
0,1855
0,2337
0,184
0,1997
0,215
0,2326
0,1852
0,2331
0,21359999999999998
0,1963
0,21489999999999998
0,19799999999999998
0,1666
0,1993
0,18359999999999999
0,2132
0,2134
0,2331
0,2414
0,2339
0,27149999999999996
0,22
0,1428
0,2703
0,22619999999999998
0,25730000000000003
0,17229999999999998
0,2233
0,2228
0,225
0,2228
0,2206
0,4128
0,1916
0,2046
0,2079
0,2023
0,1341
0,1516
0,1681
0,1851
0,18259999999999998
0,1682
0,15100000000000002
0,1871
0,1844
0,15009999999999998
0,1842
0,1523
0,1862
0,27320000000000005
0,1942
0,1868
0,16670000000000001
0,2202
0,2208
0,185
0,1851
0,1673
0,199
0,2068
0,1686
0,1506
0,23379999999999998
0,2061
0,2011
0,1678
0,2175
0,2171
0,18919999999999998
0,2973
0,1882
0,1422
0,18430000000000002
0,1852
0,1673
0,1838
0,16699999999999998
0,1848
0,1839
0,1721
0,18919999999999998
0,16770000000000002
0,2501
0,21780000000000002
0,1863
0,18009999999999998
0,32689999999999997
0,2601
0,2363
0,21259999999999998
0,22369999999999998
0,24459999999999998
0,1771
0,2285
0,182
0,1733
0,2033
0,15919999999999998
0,1736
0,17220000000000002
0,2188
0,2341
0,157
0,1941
0,1766
0,15760000000000002
0,19019999999999998
0,2803
0,1756
0,1797
0,1711
0,19110000000000002
0,1793
0,19110000000000002
0,2059
0,18789999999999998
0,1867
0,1849
0,1907
0,1552
0,1877
0,1943
0,1899
0,1558
0,1875
0,1891
0,1739
0,17200000000000001
0,1864
0,18789999999999998
0,15339999999999998
0,1903
0,1704
0,1874
0,1844
0,1754
0,175
0,1882
0,17129999999999998
0,1871
0,1752
0,17229999999999998
0,1881
0,1721
0,1544
0,25880000000000003
0,1757
0,3043
0,2281
0,1923
0,2059
0,222
0,3217
0,1563
0,21430000000000002
0,1731
0,1712
0,1552
0,1873
0,2309
0,2238
0,17200000000000001
0,18780000000000002
0,17300000000000001
0,17300000000000001
0,2053
0,2094
0,2009
0,2021
0,1743
0,1799
0,16799999999999998
0,20029999999999998
0,18430000000000002
0,2002
0,1847
0,1998
0,18780000000000002
0,1993
0,20129999999999998
0,1999
0,20149999999999998
0,1883
0,28919999999999996
0,21760000000000002
0,1852
0,2024
0,186
0,1985
0,1842
0,2016
0,20670000000000002
0,19870000000000002
0,20129999999999998
0,1994
0,1999
0,1983
0,20029999999999998
0,1999
0,2007
0,201
0,1984
0,18450000000000003
0,2086
0,19870000000000002
0,1959
0,1998
0,24810000000000001
0,1807
0,17650000000000002
0,19349999999999998
0,19799999999999998
0,17550000000000002
0,1975
0,24449999999999997
0,1793
0,2034
0,2646
0,17229999999999998
0,23450000000000001
0,1897
0,298
0,2037
0,1728
0,17320000000000002
0,17880000000000001
0,20479999999999998
0,1862
0,1803
0,17220000000000002
0,2412
0,21800000000000003
0,19870000000000002
0,2154
0,24020000000000002
0,2325
0,2179
0,17220000000000002
0,1819
0,2041
0,1966
0,16899999999999998
0,19870000000000002
0,1761
0,2008
0,19870000000000002
0,1981
0,1985
0,1974
0,1819
0,2
0,1776
0,20029999999999998
0,1775
0,1983
0,1766
0,1993
0,1981
0,2011
0,2828
0,1991
0,19890000000000002
0,199
0,1972
0,19699999999999998
0,1792
0,2011
0,1754
0,20479999999999998
0,1764
0,1981
0,1868
0,1975
0,17650000000000002
0,1995
0,2695
0,1961
0,2804
0,1924
0,17320000000000002
0,20220000000000002
0,1702
0,1733
0,2047
0,1704
0,2051
0,2042
0,1795
0,1724
0,2056
0,2042
0,2217
0,16870000000000002
0,1665
0,2004
0,1686
0,1838
0,3791
0,219
0,2417
0,1982
0,23240000000000002
0,2353
0,1764
0,1993
0,20829999999999999
0,2001
0,1769
0,2208
0,2311
0,1994
0,17650000000000002
0,1994
0,1964
0,23149999999999998
0,22949999999999998
0,1976
0,1971
0,19699999999999998
0,17479999999999998
0,1978
0,1772
0,1965
0,1757
0,1963
0,1957
0,2286
0,1825
0,3133
0,2478
0,2656
0,2902
0,2218
0,1953
0,2448
0,30469999999999997
0,1759
0,23020000000000002
0,1747
0,2585
0,1943
0,2121
0,196
0,22949999999999998
0,2346
0,2611
0,15009999999999998
0,2152
0,2023
0,2298
0,20049999999999998
0,17980000000000002
0,1583
0,16679999999999998
0,20029999999999998
0,1844
0,1982
0,1846
0,1982
0,18450000000000003
0,2004
0,18450000000000003
0,22440000000000002
0,27809999999999996
0,1615
0,1671
0,2031
0,1848
0,19770000000000001
0,2007
0,1974
0,2016
0,20129999999999998
0,2859
0,1724
0,14550000000000002
0,1997
0,21680000000000002
0,171
0,1985
0,1992
0,2009
0,2011
0,2001
0,1997
0,2016
0,1992
0,1968
0,2039
0,2861
0,30820000000000003
0,27040000000000003
0,3554
0,298
0,2818
0,2337
0,242
0,2797
0,2949
0,27559999999999996
0,2782
0,277
0,2786
0,2787
0,2841
0,25930000000000003
0,16899999999999998
0,1706
0,1691
0,203
0,1686
0,2884
0,2023
0,16770000000000002
0,1952
0,1674
0,2594
0,1686
0,1673
0,1691
0,1665
0,16770000000000002
0,16670000000000001
0,16699999999999998
0,1478
0,1674
0,1678
0,2043
0,2006
0,2
0,2008
0,1994
0,1986
0,1999
0,1998
0,19890000000000002
0,1976
0,20359999999999998
0,2156
0,2007
0,2004
0,2008
0,1982
0,20479999999999998
0,2157
0,1992
0,1996
0,2258
0,1958
0,3598
0,29750000000000004
0,2309
0,23470000000000002
0,1967
0,2263
0,2314
0,214
0,2175
0,2141
0,2142
0,17340000000000003
0,20249999999999999
0,17200000000000001
0,2185
0,1675
0,2017
0,1844
0,20049999999999998
0,1841
0,1982
0,1384
0,2019
0,2034
0,20149999999999998
0,2008
0,2174
0,2571
0,2019
0,199
0,1984
0,16679999999999998
0,1693
0,16699999999999998
0,1686
0,16699999999999998
0,2024
0,19190000000000002
0,30210000000000004
0,19870000000000002
0,1841
0,2014
0,18430000000000002
0,2011
0,1849
0,2001
0,1841
0,2007
0,1846
0,2
0,1847
0,1995
0,19799999999999998
0,1976
0,2004
0,1971
0,20120000000000002
0,20980000000000001
0,2018
0,24159999999999998
0,19369999999999998
0,2127
0,245
0,1998
0,174
0,20350000000000001
0,1776
0,2033
0,1929
0,20249999999999999
0,202
0,205
0,2016
0,2024
0,1762
0,2037
0,2541
0,21159999999999998
0,1691
0,1675
0,2069
0,1841
0,23240000000000002
0,2009
0,21469999999999997
0,1838
0,1844
0,2
0,2
0,1846
0,199
0,184
0,20049999999999998
0,18450000000000003
0,19870000000000002
0,1865
0,2523
0,216
0,1957
0,21489999999999998
0,232
0,2004
0,19799999999999998
0,2301
0,1984
0,1988
0,2316
0,2
0,1986
0,1982
0,22949999999999998
0,19890000000000002
0,2325
0,1993
0,3129
0,1938
0,2499
0,2845
0,1851
0,1847
0,2189
0,28509999999999996
0,1797
0,1968
0,1792
0,18589999999999998
0,1861
0,1855
0,1961
0,2018
0,2021
0,20379999999999998
0,2349
0,2043
0,2219
0,1997
0,1963
0,1992
0,1971
0,1973
0,1972
0,1993
0,1832
0,20029999999999998
0,19890000000000002
0,1984
0,1994
0,1772
0,1993
0,199
0,1999
0,1773
0,2883
0,1997
0,1686
0,1991
0,2009
0,1964
0,2002
0,1978
0,1995
0,1981
0,1998
0,1968
0,20029999999999998
0,1994
0,1996
0,1967
0,18359999999999999
0,19870000000000002
0,20570000000000002
0,2153
0,1831
0,2878
0,2403
0,1842
0,1994
0,1842
0,1976
0,1844
0,2044
0,2103
0,2519
0,16699999999999998
0,1726
0,2046
0,1712
0,1725
0,20479999999999998
0,2068
0,2941
0,17229999999999998
0,14980000000000002
0,2059
0,2033
0,1898
0,2011
0,19190000000000002
0,1973
0,1995
0,19799999999999998
0,1837
0,2548
0,25179999999999997
0,1794
0,2009
0,20149999999999998
0,1995
0,1851
0,2006
0,1981
0,19770000000000001
0,2111
0,1666
0,16699999999999998
0,1674
0,204
0,1838
0,2004
0,1852
0,1984
0,183
0,1999
0,1837
0,2001
0,18589999999999998
0,1991
0,2007
0,2986
0,1973
0,1542
0,1847
0,2392
0,2158
0,2068
0,20929999999999999
0,1757
0,2019
0,1912
0,19770000000000001
0,1976
0,252
0,1923
0,25730000000000003
0,18259999999999998
0,18100000000000002
0,174
0,2024
0,1711
0,20320000000000002
0,1912
0,2014
0,1719
0,1871
0,17200000000000001
0,17200000000000001
0,2063
0,2216
0,2109
0,16699999999999998
0,203
0,1831
0,2363
0,2021
0,2016
0,2039
0,285
0,1988
0,20570000000000002
0,19890000000000002
0,1991
0,1964
0,1995
0,1841
0,20379999999999998
0,2107
0,17789999999999997
0,2006
0,1773
0,19870000000000002
0,1972
0,1992
0,17650000000000002
0,1984
0,1917
0,1998
0,2075
0,1747
0,19770000000000001
0,1982
0,2063
0,2438
0,19369999999999998
0,20829999999999999
0,1991
0,1972
0,202
0,1985
0,20029999999999998
0,2139
0,1998
0,1955
0,201
0,22690000000000002
0,2904
0,28640000000000004
0,1999
0,1726
0,20570000000000002
0,2039
0,2027
0,2054
0,1737
0,17220000000000002
0,1848
0,17300000000000001
0,17320000000000002
0,17300000000000001
0,1731
0,2266
0,1844
0,21839999999999998
0,18450000000000003
0,1982
0,1849
0,1839
0,1998
0,1905
0,199
0,185
0,19870000000000002
0,1996
0,1986
0,1994
0,1976
0,199
0,1981
0,20049999999999998
0,1981
0,1998
0,2066
0,1849
0,2856
0,1978
0,1991
0,20029999999999998
0,20249999999999999
0,1993
0,1968
0,2052
0,1712
0,2137
0,26870000000000005
0,1523
0,1729
0,1716
0,1711
0,1716
0,1716
0,177
0,1717
0,1729
0,1711
0,20149999999999998
0,2099
0,24420000000000003
0,2943
0,2273
0,2389
0,2309
0,229
0,1803
0,2359
0,2162
0,1982
0,2331
0,19799999999999998
0,2812
0,211
0,2202
0,3035
0,2308
0,2174
0,19799999999999998
0,1867
0,1981
0,18569999999999998
0,1998
0,2056
0,2002
0,1678
0,2092
0,1682
0,204
0,1822
0,20320000000000002
0,1463
0,16899999999999998
0,1696
0,1679
0,1461
0,1683
0,1659
0,16770000000000002
0,1661
0,17049999999999998
0,1672
0,20579999999999998
0,1463
0,1673
0,146
0,1685
0,1459
0,1672
0,1671
0,1673
0,1676
0,202
0,2641
0,1415
0,14550000000000002
0,1666
0,2164
0,1649
0,166
0,1453
0,2631
0,23120000000000002
0,2913
0,2203
0,15880000000000002
0,2698
0,2612
0,2251
0,2109
0,25980000000000003
0,2515
0,3539
0,3585
0,3372
0,18000000000000002
0,2042
0,2014
0,1882
0,2154
0,1839
0,1986
0,185
0,2001
0,1877
0,20029999999999998
0,2154
0,2008
0,1851
0,1993
0,18660000000000002
0,32239999999999996
0,1896
0,1597
0,1997
0,1938
0,1733
0,1993
0,1459
0,21760000000000002
0,1665
0,2001
0,2102
0,21660000000000001
0,1999
0,19540000000000002
0,2
0,1966
0,2004
0,1963
0,1992
0,1953
0,1832
0,1982
0,2217
0,21489999999999998
0,215
0,2152
0,2544
0,19190000000000002
0,1873
0,3053
0,1729
0,20249999999999999
0,2343
0,2161
0,223
0,2398
0,2078
0,325
0,1958
0,18939999999999999
0,2179
0,19699999999999998
0,1725
0,1665
0,1664
0,2099
0,16679999999999998
0,199
0,1891
0,20120000000000002
0,1688
0,2002
0,1725
0,1993
0,166
0,2007
0,1678
0,2008
0,1683
0,1665
0,2
0,16620000000000001
0,1999
0,1462
0,20220000000000002
0,1661
0,19799999999999998
0,16699999999999998
0,1674
0,1463
0,1669
0,1459
0,1736
0,1676
0,1678
0,2723
0,1855
0,1848
0,199
0,1968
0,1672
0,16620000000000001
0,1665
0,19890000000000002
0,16670000000000001
0,2009
0,16699999999999998
0,1995
0,1678
0,25
0,2106
0,17909999999999998
0,2432
0,16699999999999998
0,1502
0,2195
0,1709
0,2834
0,2052
0,2023
0,1874
0,203
0,2014
0,1731
0,1719
0,2042
0,1981
0,1704
0,1659
0,2018
0,2068
0,23299999999999998
0,20029999999999998
0,304
0,2307
0,20029999999999998
0,2017
0,2271
0,1831
0,2016
0,1832
0,231
0,20359999999999998
0,22910000000000003
0,1828
0,2084
0,2328
0,32699999999999996
0,3028
0,19440000000000002
0,16870000000000002
0,1985
0,16799999999999998
0,23149999999999998
0,1825
0,23299999999999998
0,18430000000000002
0,1965
0,2154
0,23149999999999998
0,1986
0,1961
0,1991
0,19619999999999999
0,2
0,2318
0,1992
0,2293
0,19890000000000002
0,2455
0,1936
0,3303
0,2419
0,2323
0,21509999999999999
0,1872
0,1996
0,19540000000000002
0,1887
0,1893
0,165
0,1718
0,2014
0,2028
0,19019999999999998
0,1905
0,2052
0,1675
0,1688
0,14479999999999998
0,1683
0,1449
0,1675
0,16679999999999998
0,1671
0,1451
0,1688
0,1676
0,1664
0,2023
0,1672
0,1727
0,16770000000000002
0,1665
0,16799999999999998
0,2007
0,2071
0,16899999999999998
0,1693
0,3233
0,199
0,2014
0,2158
0,20129999999999998
0,21660000000000001
0,1846
0,2326
0,18330000000000002
0,20049999999999998
0,2142
0,1982
0,18430000000000002
0,2006
0,2144
0,1998
0,2145
0,19870000000000002
0,1847
0,1986
0,2145
0,23149999999999998
0,184
0,247
0,18009999999999998
0,2635
0,2832
0,24059999999999998
0,2653
0,2088
0,25880000000000003
0,2293
0,2472
0,19619999999999999
0,19699999999999998
0,1971
0,2335
0,19790000000000002
0,26130000000000003
0,2061
0,2056
0,2004
0,2002
0,1981
0,20029999999999998
0,206
0,19890000000000002
0,1982
0,2041
0,1983
0,1982
0,1776
0,1994
0,162
0,2008
0,1981
0,20029999999999998
0,2119
0,1976
0,1988
0,1982
0,1752
0,1982
0,1749
0,2023
0,1965
0,19870000000000002
0,206
0,1991
0,1461
0,1688
0,1452
0,1688
0,1462
0,18009999999999998
0,1466
0,253
0,20350000000000001
0,16699999999999998
0,2011
0,1663
0,2041
0,1652
0,16770000000000002
0,166
0,2516
0,2403
0,2744
0,2374
0,17980000000000002
0,202
0,2316
0,22949999999999998
0,2339
0,2316
0,2243
0,17229999999999998
0,1719
0,2047
0,1726
0,1718
0,2053
0,1692
0,1666
0,1991
0,1806
0,1991
0,1997
0,2165
0,1994
0,1978
0,1996
0,21430000000000002
0,2007
0,3341
0,1571
0,1463
0,18450000000000003
0,1998
0,1762
0,2009
0,1851
0,20029999999999998
0,1842
0,2001
0,1837
0,1984
0,18919999999999998
0,1981
0,1829
0,20379999999999998
0,2001
0,19790000000000002
0,2097
0,195
0,1998
0,1991
0,1839
0,1975
0,1834
0,1978
0,182
0,19870000000000002
0,1831
0,2085
0,2647
0,2747
0,1999
0,20479999999999998
0,24059999999999998
0,2556
0,1828
0,2924
0,18139999999999998
0,1815
0,203
0,2019
0,1817
0,17229999999999998
0,2056
0,171
0,20379999999999998
0,1827
0,1674
0,2068
0,2011
0,2004
0,20479999999999998
0,2002
0,2
0,1973
0,2008
0,1952
0,1923
0,2108
0,18430000000000002
0,1981
0,18430000000000002
0,1994
0,18450000000000003
0,199
0,1846
0,19890000000000002
0,18789999999999998
0,1997
0,2004
0,1993
0,1834
0,1992
0,1858
0,28400000000000003
0,19790000000000002
0,2006
0,1973
0,19890000000000002
0,2029
0,1995
0,1981
0,2062
0,20049999999999998
0,19870000000000002
0,2007
0,2004
0,1831
0,2776
0,1964
0,1769
0,14650000000000002
0,22130000000000002
0,2023
0,15410000000000001
0,2396
0,2335
0,1716
0,20479999999999998
0,2014
0,20379999999999998
0,2034
0,186
0,2023
0,2021
0,1717
0,1719
0,2047
0,2031
0,1693
0,1786
0,1669
0,25589999999999996
0,148
0,1466
0,16799999999999998
0,1659
0,1712
0,2602
0,2007
0,1991
0,1997
0,2165
0,2087
0,21689999999999998
0,2208
0,2344
0,2167
0,2336
0,2327
0,23049999999999998
0,1889
0,1665
0,1669
0,2019
0,1906
0,1993
0,1842
0,2193
0,1864
0,19799999999999998
0,2072
0,1976
0,1851
0,2002
0,1844
0,2002
0,19249999999999998
0,20049999999999998
0,202
0,28959999999999997
0,2164
0,2017
0,21509999999999999
0,2585
0,2521
0,2343
0,2094
0,22039999999999998
0,2316
0,2259
0,2173
0,2282
0,2461
0,25060000000000004
0,1966
0,1974
0,1828
0,1504
0,1728
0,17679999999999998
0,1819
0,1674
0,1672
0,1685
0,1684
0,25070000000000003
0,1512
0,16620000000000001
0,16870000000000002
0,16699999999999998
0,1671
0,20120000000000002
0,16799999999999998
0,2064
0,18560000000000001
0,2001
0,1854
0,2881
0,1584
0,1483
0,20220000000000002
0,1971
0,19340000000000002
0,2001
0,1846
0,19890000000000002
0,1841
0,1986
0,1863
0,1994
0,18330000000000002
0,1973
0,1846
0,2343
0,1831
0,184
0,18430000000000002
0,1983
0,20249999999999999
0,1976
0,1988
0,1991
0,1832
0,1966
0,1841
0,21910000000000002
0,22949999999999998
0,1772
0,1739
0,1972
0,17479999999999998
0,2002
0,1752
0,2052
0,2117
0,25970000000000004
0,1815
0,152
0,1724
0,1712
0,2138
0,2023
0,20379999999999998
0,2155
0,1666
0,1834
0,3879
0,1871
0,2006
0,1844
0,1995
0,1849
0,20049999999999998
0,1842
0,1992
0,183
0,2001
0,1834
0,2064
0,1832
0,1988
0,1877
0,1996
0,1835
0,2062
0,1852
0,2
0,2028
0,20049999999999998
0,1998
0,2255
0,20029999999999998
0,2007
0,2889
0,20729999999999998
0,20149999999999998
0,2059
0,199
0,1985
0,20320000000000002
0,2
0,1972
0,1998
0,2
0,1992
0,2004
0,24059999999999998
0,1893
0,1834
0,2752
0,18009999999999998
0,216
0,199
0,2259
0,242
0,1757
0,2339
0,1753
0,2318
0,23570000000000002
0,18259999999999998
0,1719
0,2195
0,2146
0,1683
0,1992
0,1862
0,1991
0,184
0,2006
0,1858
0,30610000000000004
0,19890000000000002
0,1846
0,1982
0,202
0,19790000000000002
0,1828
0,199
0,1832
0,199
0,20120000000000002
0,201
0,2148
0,2102
0,2001
0,2002
0,20149999999999998
0,1999
0,1968
0,2031
0,1978
0,2186
0,16670000000000001
0,1669
0,2034
0,2006
0,2049
0,2002
0,1969
0,2078
0,215
0,1993
0,19699999999999998
0,184
0,1969
0,1993
0,2508
0,2286
0,2879
0,2207
0,1983
0,20550000000000002
0,2039
0,18450000000000003
0,2096
0,2026
0,20220000000000002
0,1756
0,1725
0,1717
0,2053
0,1973
0,2539
0,146
0,1673
0,1681
0,1659
0,17459999999999998
0,20220000000000002
0,2017
0,1978
0,2171
0,19699999999999998
0,2146
0,23029999999999998
0,20049999999999998
0,2061
0,2006
0,1997
0,2021
0,2001
0,23220000000000002
0,2313
0,2
0,1975
0,2155
0,30160000000000003
0,22949999999999998
0,20929999999999999
0,2306
0,19770000000000001
0,3156
0,21330000000000002
0,228
0,1829
0,2332
0,1837
0,2296
0,1995
0,2304
0,1984
0,2235
0,147
0,2004
0,231
0,2004
0,2117
0,1985
0,1771
0,2372
0,1807
0,1775
0,1763
0,17029999999999998
0,1712
0,2082
0,2031
0,2033
0,17300000000000001
0,20570000000000002
0,1718
0,1716
0,22369999999999998
0,1614
0,26899999999999996
0,1402
0,1469
