2237.2999999970198
401.90000000596046
362.40000000596046
335.3999999910593
336.5
319.5
305.5
286.20000000298023
307
290.79999999701977
287.1000000089407
294
300.59999999403954
277.79999999701977
280
297.5
299.20000000298023
273.90000000596046
284.19999998807907
279.90000000596046
284.79999999701977
269.79999999701977
287.1000000089407
275.09999999403954
283.1000000089407
275.5
280
273.29999999701977
279.70000000298023
274.59999999403954
270.79999999701977
269.79999999701977
274.80000001192093
274.3999999910593
269.6000000089407
265.5
282.59999999403954
269.20000000298023
263.8999999910593
262.6000000089407
278.5
269.09999999403954
261.1000000089407
263.3999999910593
277.29999999701977
273.70000000298023
257.5
263.70000000298023
274.5
275.79999999701977
257.20000000298023
270.70000000298023
276.09999999403954
264.20000000298023
258.40000000596046
266
288.69999998807907
259.40000000596046
256.79999999701977
265.90000000596046
276.20000000298023
257.09999999403954
256.5
270.79999999701977
288.5
257.40000000596046
263.29999999701977
261.20000000298023
272.09999999403954
254.1000000089407
259.09999999403954
258.59999999403954
298.20000000298023
252.90000000596046
258.79999999701977
261
271.09999999403954
254.30000001192093
251.29999999701977
258.8999999910593
301.70000000298023
268.5
255.1000000089407
260.19999998807907
269.30000001192093
258
252.09999999403954
262
271.70000000298023
264.09999999403954
269.6000000089407
279.69999998807907
267.90000000596046
274.90000000596046
252
263.19999998807907
266.90000000596046
285.59999999403954
261
267.6000000089407
277.20000000298023
254.8999999910593
248.40000000596046
266.79999999701977
276.90000000596046
254.79999999701977
253.29999999701977
255
270.79999999701977
247
249.70000000298023
267.09999999403954
256.30000001192093
245.79999999701977
250.09999999403954
257.29999999701977
258
243.90000000596046
249
255.79999999701977
260.70000000298023
245.5
247
254.90000000596046
256.59999999403954
244.79999999701977
247.79999999701977
257.6000000089407
261.29999999701977
252.70000000298023
248.5
262.59999999403954
257.20000000298023
242.79999999701977
247.1000000089407
261.69999998807907
257.5
243.30000001192093
250.5
261.09999999403954
256.40000000596046
242.19999998807907
247.5
265.30000001192093
255.29999999701977
243.29999999701977
245.70000000298023
261.20000000298023
254.69999998807907
241.80000001192093
246.09999999403954
260.29999999701977
255.1000000089407
244.3999999910593
247
256.79999999701977
259.30000001192093
241.79999999701977
245.8999999910593
248.30000001192093
261.19999998807907
248.40000000596046
242.90000000596046
255.8999999910593
257.1000000089407
247
242.3999999910593
256.70000000298023
257.5
248.09999999403954
242.80000001192093
251.79999999701977
256.5
259
248.20000000298023
250.79999999701977
262.70000000298023
243.29999999701977
246.8999999910593
252.20000000298023
259.29999999701977
240.1000000089407
299.09999999403954
257.79999999701977
258.80000001192093
241.79999999701977
241.79999999701977
257
257.29999999701977
241.90000000596046
241.3999999910593
251.90000000596046
269.59999999403954
239.6000000089407
244.8999999910593
251.70000000298023
263.29999999701977
238.40000000596046
244.5
250.79999999701977
260.1000000089407
255.5
252.8999999910593
246.5
256.5
246.29999999701977
252.5
256.30000001192093
264.3999999910593
248.5
240.40000000596046
246
254.20000000298023
240.09999999403954
246
255.79999999701977
252.20000000298023
244.29999999701977
238.6000000089407
254
245.59999999403954
253.5
240.40000000596046
248.3999999910593
253.5
246.90000000596046
241.09999999403954
251.40000000596046
246.59999999403954
251.5
241
253.29999999701977
248
248.80000001192093
244.19999998807907
252.1000000089407
250.5
245.29999999701977
239.20000000298023
247
246.3999999910593
243.90000000596046
245.09999999403954
252.6000000089407
253.5
238.09999999403954
248.79999999701977
250.80000001192093
247
245
245.8999999910593
253
248.29999999701977
238.5
250.20000000298023
249.5
248.79999999701977
238.80000001192093
246.59999999403954
249.59999999403954
246
238.70000000298023
242.70000000298023
253.79999999701977
253.29999999701977
237.6000000089407
240.79999999701977
247
255.59999999403954
243.30000001192093
237.79999999701977
251.70000000298023
256
238.5
243.29999999701977
249.79999999701977
250.5
236.29999999701977
238.90000000596046
252
255.59999999403954
239.29999999701977
240.5
246.30000001192093
256.79999999701977
237.8999999910593
240.90000000596046
246.20000000298023
257.79999999701977
241.40000000596046
240.09999999403954
247.29999999701977
257.20000000298023
238
243.70000000298023
238.70000000298023
256.5
237.3999999910593
240.79999999701977
244.5
259.20000000298023
247.6000000089407
238.5
240.79999999701977
260.20000000298023
240
240.8999999910593
238.6000000089407
248.09999999403954
248.59999999403954
239.1000000089407
241.09999999403954
249.70000000298023
244.40000000596046
246
240.19999998807907
255
243
237.70000000298023
243.29999999701977
254.40000000596046
245.40000000596046
237.79999999701977
241.79999999701977
248.20000000298023
247.79999999701977
244.90000000596046
238.59999999403954
245.09999999403954
241.20000000298023
245
242.1000000089407
244.5
242.19999998807907
250.80000001192093
238
245.69999998807907
244.1000000089407
245.8999999910593
246.1000000089407
242.5
244.3999999910593
245.20000000298023
239.40000000596046
247.29999999701977
240.90000000596046
244.3999999910593
244.1000000089407
244.69999998807907
243.5
237.20000000298023
249.90000000596046
243.3999999910593
236.5
242
248.90000000596046
246.20000000298023
241.09999999403954
243.6000000089407
254.59999999403954
243.29999999701977
244.20000000298023
248.20000000298023
246.8999999910593
249.80000001192093
235.09999999403954
258.29999999701977
242.70000000298023
249.40000000596046
239.5
246.59999999403954
241.09999999403954
262.5
287.90000000596046
247.59999999403954
237.70000000298023
263.29999999701977
241.6000000089407
236.20000000298023
242.09999999403954
253.29999999701977
236.90000000596046
253.70000000298023
240.19999998807907
257
235.1000000089407
244.5
237.59999999403954
251.29999999701977
252.1000000089407
245.29999999701977
239.40000000596046
252.69999998807907
242.30000001192093
242.29999999701977
239.59999999403954
251.6000000089407
248.59999999403954
246
248.09999999403954
243.80000001192093
245.3999999910593
243.70000000298023
238.79999999701977
249.90000000596046
243.79999999701977
245.29999999701977
238.5
244.5
247.6000000089407
246.59999999403954
239.20000000298023
243.8999999910593
239.70000000298023
255
242.90000000596046
248.79999999701977
235.40000000596046
245.29999999701977
243.8999999910593
267.70000000298023
239.6000000089407
251.3999999910593
254.29999999701977
243.1000000089407
238.09999999403954
244.5
240.6000000089407
249.3999999910593
236.20000000298023
245.09999999403954
244.5
241.70000000298023
239.1000000089407
239
259.29999999701977
242.20000000298023
236.09999999403954
239.90000000596046
248.69999998807907
244.40000000596046
234.40000000596046
236.19999998807907
250.70000000298023
242.70000000298023
236.90000000596046
237
255.19999998807907
246.80000001192093
234.3999999910593
238.40000000596046
242.79999999701977
250.79999999701977
247.5
249.70000000298023
243.40000000596046
247.19999998807907
235.20000000298023
251.5
246.40000000596046
253.29999999701977
233.09999999403954
236.40000000596046
252.59999999403954
252.5
236.6000000089407
234.59999999403954
248.20000000298023
256.59999999403954
232.6000000089407
240
240.29999999701977
253.40000000596046
241.19999998807907
261.1000000089407
240.79999999701977
247.70000000298023
240.70000000298023
239.59999999403954
239.79999999701977
247.20000000298023
241.70000000298023
234.8999999910593
246.30000001192093
250.69999998807907
244.40000000596046
234
238.70000000298023
256.70000000298023
237.5
243.09999999403954
236.5
243.59999999403954
238
241.70000000298023
241.20000000298023
247.40000000596046
233.69999998807907
246.70000000298023
238
246.40000000596046
234.20000000298023
242.5
244.19999998807907
241.80000001192093
246
241.79999999701977
240.3999999910593
248.20000000298023
239.79999999701977
238.5
243.70000000298023
243.40000000596046
237.09999999403954
234.40000000596046
245.20000000298023
243.29999999701977
243.20000000298023
240.19999998807907
244.5
246.80000001192093
242
234.19999998807907
247.6000000089407
243.79999999701977
245.79999999701977
234
235.79999999701977
266.80000001192093
243.5
237.59999999403954
237.29999999701977
249.1000000089407
246.5
235.09999999403954
237.79999999701977
248.29999999701977
233.80000001192093
248
235
248.5
237.19999998807907
242.40000000596046
240.59999999403954
241.20000000298023
248.90000000596046
243.20000000298023
235.29999999701977
245.59999999403954
246.70000000298023
243.59999999403954
234.40000000596046
242.40000000596046
246.29999999701977
240.5
240.5
244.79999999701977
236.90000000596046
247.79999999701977
236.8999999910593
245
232.1000000089407
251
241.70000000298023
240.3999999910593
235.6000000089407
248.3999999910593
237.90000000596046
248
232
245.3999999910593
248.6000000089407
242.59999999403954
237.40000000596046
237.79999999701977
249.09999999403954
241.80000001192093
235.09999999403954
239.09999999403954
258.20000000298023
242.79999999701977
232.1000000089407
238.29999999701977
256.79999999701977
242.1000000089407
234.79999999701977
233.8999999910593
250.70000000298023
247.6000000089407
232.8999999910593
236.5
249.6000000089407
244.8999999910593
237
233.5
245.20000000298023
254.09999999403954
231.30000001192093
240.3999999910593
236.79999999701977
262.6000000089407
231.3999999910593
234.40000000596046
241.5
254
235.20000000298023
235.29999999701977
247.70000000298023
251.3999999910593
236.90000000596046
236.40000000596046
237.09999999403954
248.40000000596046
245.59999999403954
233.40000000596046
238
249.29999999701977
241
237.79999999701977
236.40000000596046
245.79999999701977
242.3999999910593
233.40000000596046
242.09999999403954
250.5
238.40000000596046
238.29999999701977
237.1000000089407
247
242
244.79999999701977
234.29999999701977
240.5
242.5
240.70000000298023
238.3999999910593
240.70000000298023
243.6000000089407
246.29999999701977
233.59999999403954
242.70000000298023
242.59999999403954
235.70000000298023
254.20000000298023
239.70000000298023
237.09999999403954
249.79999999701977
282.6000000089407
246.09999999403954
231.70000000298023
236.40000000596046
259.8999999910593
239.29999999701977
246.5
232.70000000298023
246.70000000298023
238.09999999403954
239.80000001192093
239.79999999701977
243.29999999701977
249.40000000596046
241.59999999403954
233.79999999701977
240.40000000596046
255.79999999701977
233.90000000596046
241.09999999403954
241.20000000298023
253.8999999910593
232.1000000089407
236.79999999701977
237
247.70000000298023
237.5
244.79999999701977
236.79999999701977
245.1000000089407
234.59999999403954
247.79999999701977
233.6000000089407
245.19999998807907
239.1000000089407
242.3999999910593
238
243
242.30000001192093
243
235.8999999910593
245
238.90000000596046
242.70000000298023
240.09999999403954
240
237.20000000298023
241.59999999403954
245.70000000298023
241.09999999403954
233
248
245.30000001192093
243.59999999403954
232.79999999701977
241.20000000298023
250.29999999701977
239
234.40000000596046
242.09999999403954
235.40000000596046
245.3999999910593
233.40000000596046
245.29999999701977
249.5
238.90000000596046
235.59999999403954
235.40000000596046
253.59999999403954
240.5
232.1000000089407
238.8999999910593
245.6000000089407
250.09999999403954
231
233.40000000596046
246
250.5
235.09999999403954
234
235.90000000596046
261.09999999403954
230.90000000596046
236.69999998807907
236.40000000596046
253.20000000298023
235.70000000298023
233.5
238.8999999910593
250.29999999701977
231.20000000298023
241
234.40000000596046
251.3999999910593
239.1000000089407
232.3999999910593
239.6000000089407
240.29999999701977
251.70000000298023
233.09999999403954
237.90000000596046
245.79999999701977
248.5
234.59999999403954
234.6000000089407
240.8999999910593
256.40000000596046
232.59999999403954
235.20000000298023
240.20000000298023
240.20000000298023
257
233.5
244.5
241.3999999910593
241
238.6000000089407
241.3999999910593
243.1000000089407
240.20000000298023
237
245.5
238.5
239.09999999403954
237.70000000298023
241
235.8999999910593
241.80000001192093
244.19999998807907
241.80000001192093
231.59999999403954
240.5
243.70000000298023
252.70000000298023
242
244.19999998807907
247.70000000298023
240
234.70000000298023
243.20000000298023
237.59999999403954
250.90000000596046
232.3999999910593
245.80000001192093
233
247.09999999403954
235.79999999701977
240.6000000089407
239.69999998807907
246
231.20000000298023
247.90000000596046
235
244.20000000298023
239.09999999403954
232.79999999701977
251.6000000089407
239.19999998807907
240.80000001192093
233
243.3999999910593
243.29999999701977
240.90000000596046
235.09999999403954
241.70000000298023
241.40000000596046
244.79999999701977
232.40000000596046
245.19999998807907
239.5
230.5
245
241.1000000089407
246.8999999910593
231.40000000596046
245.59999999403954
249.40000000596046
247
243.20000000298023
254.5
246.3999999910593
249.20000000298023
230.79999999701977
244
248.70000000298023
255.70000000298023
246.79999999701977
239.40000000596046
246.59999999403954
250.5
233.29999999701977
238.70000000298023
250.79999999701977
257.80000001192093
236.79999999701977
241.09999999403954
252.29999999701977
244.90000000596046
233.79999999701977
231.90000000596046
244.70000000298023
245.8999999910593
231.40000000596046
235.5
238.20000000298023
252.3999999910593
237.90000000596046
232.29999999701977
235.20000000298023
252.5
230.20000000298023
236.19999998807907
233.40000000596046
257.09999999403954
232.90000000596046
230.79999999701977
237.79999999701977
249.20000000298023
244
232.29999999701977
236
244.1000000089407
246.3999999910593
235.70000000298023
236.70000000298023
240
255.29999999701977
232.40000000596046
235.29999999701977
239.59999999403954
246.80000001192093
239.3999999910593
232.40000000596046
243.29999999701977
266.20000000298023
233
240
239.70000000298023
238.19999998807907
239.80000001192093
235.8999999910593
245.79999999701977
230
251.20000000298023
233.5
237.90000000596046
239.79999999701977
247.29999999701977
237.70000000298023
241.29999999701977
231.5
239.79999999701977
240
243.70000000298023
230.79999999701977
234.20000000298023
259.29999999701977
239.1000000089407
233.29999999701977
237.90000000596046
242.5
243.3999999910593
230.20000000298023
241.70000000298023
236.70000000298023
244.3999999910593
235.5
232.70000000298023
238.09999999403954
244.20000000298023
230.40000000596046
236.70000000298023
240.59999999403954
250.5
230.79999999701977
232.1000000089407
246.5
239.59999999403954
238.5
231.29999999701977
240.79999999701977
261.5
236.40000000596046
234.90000000596046
236
239.69999998807907
236.40000000596046
236.79999999701977
234.5
244.5
231.79999999701977
244.1000000089407
235.79999999701977
240.79999999701977
231.6000000089407
238.69999998807907
238.70000000298023
247.29999999701977
236.20000000298023
233
235.40000000596046
249.8999999910593
231.90000000596046
236.09999999403954
240.90000000596046
244.29999999701977
236.1000000089407
234.19999998807907
244.40000000596046
249.79999999701977
230.40000000596046
238
234.3999999910593
249.90000000596046
239.29999999701977
235.40000000596046
239
245.20000000298023
233.79999999701977
234.5
235.8999999910593
254.6000000089407
236.59999999403954
236.40000000596046
234.59999999403954
238.1000000089407
249.8999999910593
233.90000000596046
234.59999999403954
238.90000000596046
239.09999999403954
238.40000000596046
235.3999999910593
241.80000001192093
231.59999999403954
245.40000000596046
238.3999999910593
240.40000000596046
231.59999999403954
245.70000000298023
237.09999999403954
250.6000000089407
230.79999999701977
249.40000000596046
235.59999999403954
237
234.59999999403954
241.80000001192093
240.8999999910593
244
229.70000000298023
245.79999999701977
239.40000000596046
242
230.79999999701977
230.5
252.20000000298023
240
231.8999999910593
232.40000000596046
232.09999999403954
249.90000000596046
230.29999999701977
233.20000000298023
234
245.09999999403954
239.20000000298023
231.20000000298023
242.79999999701977
245.20000000298023
231.09999999403954
235.70000000298023
238.29999999701977
240.30000001192093
238.29999999701977
230.59999999403954
235.90000000596046
241.29999999701977
239.79999999701977
230.79999999701977
233.90000000596046
250.20000000298023
229.8999999910593
237.90000000596046
235.20000000298023
246.59999999403954
242
241
236.79999999701977
236.90000000596046
230
245.29999999701977
234.40000000596046
250.8999999910593
229.6000000089407
231.70000000298023
247.8999999910593
237.6000000089407
239.79999999701977
234
244
252.70000000298023
239.19999998807907
234.30000001192093
242
237.5
242.19999998807907
244.70000000298023
239.29999999701977
248.5
236.6000000089407
234.59999999403954
235.20000000298023
249.20000000298023
238.3999999910593
230.40000000596046
241.90000000596046
242
247.79999999701977
232.79999999701977
234.70000000298023
244.59999999403954
235.20000000298023
241.79999999701977
233.6000000089407
243.19999998807907
240.90000000596046
238.90000000596046
242.29999999701977
240.70000000298023
229.79999999701977
253.79999999701977
233
242.20000000298023
229.59999999403954
246.1000000089407
238.3999999910593
237.6000000089407
233.5
237.79999999701977
235
257.70000000298023
232.09999999403954
241.59999999403954
235.40000000596046
237.5
233.79999999701977
231.5
248.29999999701977
236.70000000298023
232.5
235.90000000596046
238.3999999910593
241.40000000596046
234.70000000298023
244.29999999701977
244.20000000298023
245.20000000298023
246.19999998807907
232.30000001192093
235.29999999701977
249.79999999701977
228.70000000298023
234.5
241.5
246.20000000298023
234.59999999403954
234.40000000596046
236.5
242
236.79999999701977
235.29999999701977
235.20000000298023
241.70000000298023
236.59999999403954
232.20000000298023
241.09999999403954
246
233.1000000089407
241.8999999910593
232.40000000596046
248.5
229.79999999701977
242.09999999403954
233.90000000596046
243.90000000596046
235.09999999403954
237.5
236.09999999403954
239.5
237.6000000089407
236.5
241.3999999910593
240.90000000596046
236.29999999701977
230.90000000596046
245.8999999910593
243.90000000596046
240.59999999403954
231.20000000298023
234.79999999701977
250
236.40000000596046
233
233.20000000298023
312.3999999910593
330.1000000089407
234.79999999701977
236
243.40000000596046
241.3999999910593
231
237.29999999701977
245.5
237.30000001192093
238.5
232.5
249.5
231.79999999701977
230.3999999910593
239.5
236.30000001192093
242.3999999910593
246
234.20000000298023
250.09999999403954
236.40000000596046
235.29999999701977
233.5
237.29999999701977
240.1000000089407
240.09999999403954
237.5
239.90000000596046
229.20000000298023
252.8999999910593
234
241.29999999701977
229.90000000596046
242.59999999403954
236.30000001192093
237.59999999403954
233.5
237.40000000596046
241
253.59999999403954
229.90000000596046
233.29999999701977
244.09999999403954
237.79999999701977
236.20000000298023
232.20000000298023
242.90000000596046
238.09999999403954
240.59999999403954
237
240.40000000596046
241.70000000298023
228.79999999701977
233.09999999403954
244.20000000298023
243.90000000596046
231.3999999910593
230.40000000596046
234.59999999403954
244.1000000089407
247.3999999910593
237.90000000596046
233.20000000298023
240.3999999910593
241.80000001192093
231.19999998807907
234.1000000089407
238.8999999910593
236.1000000089407
235.20000000298023
234.69999998807907
242.1000000089407
230.5
236.59999999403954
238.5
244.5
230.79999999701977
237.80000001192093
235.8999999910593
244.6000000089407
236.19999998807907
236
238.90000000596046
236.09999999403954
243.1000000089407
230.59999999403954
241.6000000089407
240.8999999910593
236.40000000596046
235.8999999910593
237.1000000089407
241.79999999701977
236.20000000298023
230.09999999403954
237.6000000089407
241.69999998807907
237.30000001192093
230.79999999701977
232.20000000298023
249.29999999701977
229.29999999701977
242
232.09999999403954
247.30000001192093
235.09999999403954
241.29999999701977
234.1000000089407
239.19999998807907
235.30000001192093
245.5
234.09999999403954
241.40000000596046
238.8999999910593
242.1000000089407
238.5
236.79999999701977
231.29999999701977
250.90000000596046
235
242.3999999910593
230.29999999701977
244.6000000089407
238.29999999701977
238.90000000596046
233.79999999701977
237.20000000298023
236.09999999403954
240.29999999701977
228.29999999701977
239.80000001192093
248.59999999403954
242
228.59999999403954
230.20000000298023
255.70000000298023
240.5
232.20000000298023
232.29999999701977
247.59999999403954
244.40000000596046
229.29999999701977
233.1000000089407
232.79999999701977
253.5
235.09999999403954
242.70000000298023
244.59999999403954
254.1000000089407
229.8999999910593
235.6000000089407
234.8999999910593
246.40000000596046
229.5
231.20000000298023
240
248
238.20000000298023
229.5
232.19999998807907
252.20000000298023
236.5
232.40000000596046
234.09999999403954
239.70000000298023
234.20000000298023
253.09999999403954
242.90000000596046
237.79999999701977
236.90000000596046
244.59999999403954
232.20000000298023
239.70000000298023
237.29999999701977
236.3999999910593
249.5
236.5
239.80000001192093
232
236.29999999701977
243.09999999403954
238
233
240.1000000089407
236.59999999403954
232.59999999403954
230.90000000596046
242.79999999701977
238.40000000596046
230.59999999403954
235.79999999701977
233.5
247.20000000298023
230
232.90000000596046
236.3999999910593
244.6000000089407
232.8999999910593
238.30000001192093
231.8999999910593
242.29999999701977
232.5
238.80000001192093
232.3999999910593
238.6000000089407
240.29999999701977
232.5
241.79999999701977
236.79999999701977
235
235.79999999701977
238.80000001192093
242.59999999403954
228.79999999701977
240.20000000298023
243
235.70000000298023
231.29999999701977
238
240.09999999403954
242.6000000089407
229.29999999701977
231.79999999701977
242.6000000089407
236.29999999701977
234
229.09999999403954
249.1000000089407
239.09999999403954
230
234.70000000298023
239
240.79999999701977
227.90000000596046
232.79999999701977
237.5
253.79999999701977
232
231.09999999403954
233.80000001192093
257.5
231.3999999910593
233.79999999701977
232.40000000596046
242.5
239.59999999403954
232.5
233.70000000298023
239
245.70000000298023
234.59999999403954
234.5
237.90000000596046
243.20000000298023
231.59999999403954
245.6000000089407
253.19999998807907
241.80000001192093
233.59999999403954
233.90000000596046
245.19999998807907
235
245.5
233.40000000596046
236.59999999403954
241.80000001192093
238.09999999403954
235.09999999403954
237.6000000089407
228.5
236.8999999910593
239.90000000596046
241.40000000596046
230.59999999403954
239.20000000298023
250.20000000298023
239.69999998807907
231.5
236.80000001192093
235.8999999910593
242.20000000298023
228.20000000298023
243.29999999701977
232.40000000596046
246.19999998807907
235.5
230.80000001192093
257.29999999701977
244.70000000298023
229.19999998807907
236.20000000298023
238.79999999701977
244.80000001192093
233.19999998807907
229.80000001192093
246
236.5
237.5
231.19999998807907
235.1000000089407
242.29999999701977
235.5
233.20000000298023
239.70000000298023
236.3999999910593
233.1000000089407
236.3999999910593
236.20000000298023
245.59999999403954
228.90000000596046
244
233.09999999403954
237.5
228.6000000089407
230.3999999910593
241.70000000298023
242.6000000089407
230.19999998807907
229.30000001192093
240.59999999403954
254.09999999403954
227.40000000596046
232.20000000298023
240.3999999910593
249.1000000089407
232.29999999701977
229.40000000596046
235.19999998807907
240.80000001192093
235
234.09999999403954
231.90000000596046
247.59999999403954
234.79999999701977
231
234.79999999701977
238.20000000298023
242.29999999701977
229.40000000596046
233.09999999403954
243.1000000089407
236.79999999701977
231.59999999403954
236.90000000596046
238.20000000298023
240.20000000298023
234.5
235.59999999403954
238.40000000596046
227.59999999403954
249.40000000596046
232.69999998807907
239
228.5
244.70000000298023
234.20000000298023
236.5
231
239.40000000596046
237.8999999910593
244.20000000298023
229.29999999701977
233.40000000596046
247.29999999701977
236.5
242.29999999701977
232.29999999701977
247.30000001192093
236.59999999403954
229.20000000298023
239.59999999403954
239.5
245
227.40000000596046
232.20000000298023
249.5
244.8999999910593
231.29999999701977
229.90000000596046
232.59999999403954
250.1000000089407
229
236.70000000298023
238.09999999403954
246
238.79999999701977
229.20000000298023
236
244.90000000596046
235
233.8999999910593
233.29999999701977
257.6000000089407
228.70000000298023
235.69999998807907
234.30000001192093
246.79999999701977
230.29999999701977
237.29999999701977
232.40000000596046
249.3999999910593
227.1000000089407
239.3999999910593
234.20000000298023
236.5
233.29999999701977
230.70000000298023
240
236.90000000596046
237
235.5
239.3999999910593
238.20000000298023
234.6000000089407
230
237.29999999701977
253.3999999910593
231.5
229
232.20000000298023
247.70000000298023
227.90000000596046
240.19999998807907
231.1000000089407
243.70000000298023
232.5
240.29999999701977
234.20000000298023
237.09999999403954
233.5
244.09999999403954
231.40000000596046
236.79999999701977
235.1000000089407
232.79999999701977
237.09999999403954
235.90000000596046
228.59999999403954
252
231.20000000298023
241.5
227.40000000596046
238.09999999403954
237.70000000298023
237
230.59999999403954
235.1000000089407
238.3999999910593
235.29999999701977
227.1000000089407
233.29999999701977
249.5
239.79999999701977
227
229.6000000089407
252.8999999910593
237.20000000298023
229.40000000596046
230.09999999403954
231.09999999403954
249.90000000596046
227.20000000298023
229.79999999701977
232.70000000298023
250.79999999701977
233.09999999403954
229.1000000089407
233.8999999910593
252.1000000089407
228.8999999910593
234.5
231.90000000596046
246.20000000298023
236.3999999910593
239.1000000089407
255
248.09999999403954
243.1000000089407
235.8999999910593
265.1000000089407
284
243.3999999910593
238.1000000089407
232.3999999910593
236.6000000089407
236.3999999910593
233.70000000298023
235.20000000298023
236.59999999403954
238.1000000089407
242.8999999910593
232.90000000596046
251.59999999403954
238.5
236
234.40000000596046
236.29999999701977
237.90000000596046
230.29999999701977
235.59999999403954
242
235.90000000596046
235.5
237.3999999910593
236.1000000089407
232.09999999403954
240.1000000089407
238.69999998807907
238.30000001192093
226.19999998807907
238.5
230.90000000596046
246.20000000298023
227.29999999701977
235.20000000298023
245.79999999701977
241.20000000298023
229.29999999701977
231.20000000298023
233.5
239.8999999910593
235.20000000298023
232.70000000298023
240
236.79999999701977
240.79999999701977
229.80000001192093
244.29999999701977
237.20000000298023
229.19999998807907
238.20000000298023
242.6000000089407
243.5
226.59999999403954
236.70000000298023
245.3999999910593
239.80000001192093
229
235.29999999701977
238
241.5
227
231.8999999910593
237.5
245.5
232.5
230.80000001192093
242.79999999701977
242.79999999701977
228.5
233.70000000298023
238.59999999403954
248.29999999701977
230.40000000596046
229
243.09999999403954
247.80000001192093
229.69999998807907
229.6000000089407
230.09999999403954
249.40000000596046
232.29999999701977
233.90000000596046
230.19999998807907
235.90000000596046
249
229.59999999403954
233.90000000596046
236.09999999403954
238.1000000089407
237
230.3999999910593
244.70000000298023
234.79999999701977
228.80000001192093
236.8999999910593
235.70000000298023
230
239.09999999403954
230.30000001192093
251.8999999910593
227.40000000596046
239.70000000298023
234.09999999403954
238.79999999701977
233.90000000596046
237.79999999701977
242.70000000298023
237
245.5
233.8999999910593
238.5
240.20000000298023
227.29999999701977
236.30000001192093
242.59999999403954
239.5
229.40000000596046
228.69999998807907
237
251.30000001192093
228
232.3999999910593
239.5
244
233.29999999701977
229.80000001192093
243.8999999910593
238.40000000596046
232.29999999701977
235.20000000298023
241.29999999701977
238.59999999403954
235
229.6000000089407
234.3999999910593
236.70000000298023
236.1000000089407
232.8999999910593
230.40000000596046
246.79999999701977
229.90000000596046
238.59999999403954
231.20000000298023
245.20000000298023
232.69999998807907
235.90000000596046
234.29999999701977
242.29999999701977
228.40000000596046
234.70000000298023
235.5
240.09999999403954
236.20000000298023
230
243.5
235.29999999701977
240.1000000089407
230.69999998807907
234.80000001192093
244.19999998807907
233.20000000298023
231
232.90000000596046
241.29999999701977
231.79999999701977
230.6000000089407
232.3999999910593
246.1000000089407
234
237.29999999701977
232.29999999701977
238.20000000298023
233.20000000298023
235.09999999403954
236.09999999403954
238.70000000298023
236.70000000298023
235.59999999403954
229.1000000089407
251.59999999403954
248.5
237.29999999701977
235
236
238.70000000298023
245.29999999701977
235.70000000298023
236.1000000089407
227.8999999910593
242.70000000298023
238.90000000596046
239.29999999701977
228.5
233.8999999910593
240.30000001192093
239.79999999701977
231.09999999403954
289.6000000089407
397.3999999910593
247.1000000089407
227.69999998807907
236.90000000596046
239.29999999701977
250.70000000298023
230
229.29999999701977
246.6000000089407
243.3999999910593
227.90000000596046
230.5
244.09999999403954
237.29999999701977
230.6000000089407
229.3999999910593
243
240
224.6000000089407
231.5
239.8999999910593
243.70000000298023
225.6000000089407
228.5
234.09999999403954
243.40000000596046
232.8999999910593
227.6000000089407
228.79999999701977
245.8999999910593
233.20000000298023
229.90000000596046
230
234.5
232.79999999701977
231.29999999701977
232.20000000298023
239.5
225.40000000596046
238.5
229.5
236.09999999403954
226.70000000298023
229.70000000298023
236
235.29999999701977
234.29999999701977
227.29999999701977
234.90000000596046
240.5
234
230.8999999910593
235.20000000298023
233.90000000596046
230.8999999910593
237.6000000089407
233.29999999701977
240.29999999701977
226.1000000089407
233.29999999701977
232.3999999910593
241
225.5
232.6000000089407
233.5
231.79999999701977
233.79999999701977
236.70000000298023
234.20000000298023
238.8999999910593
232.5
229.1000000089407
236.59999999403954
272.1000000089407
261.5
232
238.3999999910593
236
224.79999999701977
237.30000001192093
238.19999998807907
237.70000000298023
223.1000000089407
232.59999999403954
240.79999999701977
236.29999999701977
244.70000000298023
226.6000000089407
243.79999999701977
238.3999999910593
225.80000001192093
228.69999998807907
235.90000000596046
241.59999999403954
232.30000001192093
227.69999998807907
230.40000000596046
249.09999999403954
226.40000000596046
232.29999999701977
228
249.1000000089407
225.19999998807907
228.30000001192093
231.29999999701977
233.29999999701977
245.90000000596046
226.79999999701977
229.79999999701977
238.79999999701977
241.70000000298023
231.20000000298023
227.70000000298023
232
238.09999999403954
232.79999999701977
232.20000000298023
233.90000000596046
226.59999999403954
237.90000000596046
229.8999999910593
236.70000000298023
225.90000000596046
239.3999999910593
235.90000000596046
236.3999999910593
226.40000000596046
232.79999999701977
238.20000000298023
238.90000000596046
224.09999999403954
239.20000000298023
235.8999999910593
233.40000000596046
230.90000000596046
236.69999998807907
232
240.6000000089407
225.20000000298023
231.5
237.3999999910593
241.6000000089407
225.59999999403954
226.70000000298023
239.79999999701977
234.20000000298023
235.59999999403954
227
229.70000000298023
238.90000000596046
232.5
227.8999999910593
227.90000000596046
242.09999999403954
232.29999999701977
232.5
233.6000000089407
235.29999999701977
226.09999999403954
239.30000001192093
229.3999999910593
244.40000000596046
225.3999999910593
229
236.90000000596046
233.59999999403954
229.1000000089407
226.09999999403954
234.1000000089407
242.09999999403954
232.90000000596046
230.3999999910593
228.29999999701977
240.1000000089407
241.09999999403954
226.1000000089407
232.69999998807907
243.70000000298023
233.6000000089407
231.3999999910593
231.70000000298023
241.29999999701977
225.90000000596046
236.3999999910593
244.40000000596046
232.59999999403954
232.5
227.1000000089407
228.29999999701977
240.20000000298023
233.20000000298023
238.59999999403954
230
232.79999999701977
231.90000000596046
239.70000000298023
235.3999999910593
235
225.1000000089407
239.8999999910593
234.29999999701977
238.20000000298023
224.5
226.90000000596046
250.59999999403954
234
228.5
225.90000000596046
241.5
238.3999999910593
226.1000000089407
229.3999999910593
228.30000001192093
251.29999999701977
231.29999999701977
227.59999999403954
231
246
226.6000000089407
232.20000000298023
228.5
246.79999999701977
227.79999999701977
229.20000000298023
231.79999999701977
239.40000000596046
236.29999999701977
227.29999999701977
231.09999999403954
238.40000000596046
239.09999999403954
231.6000000089407
230.20000000298023
232.5
237.5
233.59999999403954
231.59999999403954
233.80000001192093
244.19999998807907
238
230.5
235.90000000596046
231.20000000298023
225
248.5
233.8999999910593
227.1000000089407
235.8999999910593
235.5
239.40000000596046
224.40000000596046
237.59999999403954
229.20000000298023
244
228.29999999701977
249.29999999701977
231.79999999701977
240.80000001192093
225.3999999910593
230.90000000596046
242.79999999701977
242.40000000596046
226.19999998807907
239.5
234.20000000298023
236
233.29999999701977
225.70000000298023
231.20000000298023
238.40000000596046
232.3999999910593
229.20000000298023
237.70000000298023
234.5
234.20000000298023
234.3999999910593
232.6000000089407
241.5
226.09999999403954
238.40000000596046
228.8999999910593
235.70000000298023
226.40000000596046
229.09999999403954
235.70000000298023
243.09999999403954
236.20000000298023
227.40000000596046
237.19999998807907
245.1000000089407
224.09999999403954
231.29999999701977
235.1000000089407
233.29999999701977
229.20000000298023
226.8999999910593
232.1000000089407
240.09999999403954
226.29999999701977
231.80000001192093
232.8999999910593
240.79999999701977
225.5
225.90000000596046
235.90000000596046
233.09999999403954
231.90000000596046
239.79999999701977
227.09999999403954
240.20000000298023
230.70000000298023
229.59999999403954
228.6000000089407
234
229.29999999701977
238.8999999910593
229.6000000089407
236.29999999701977
226.5
237.5
238.09999999403954
236.70000000298023
225.1000000089407
225.79999999701977
252.70000000298023
233
228.5
226.29999999701977
248
241
225.8999999910593
228.6000000089407
239.20000000298023
241.29999999701977
232.09999999403954
227
232.1000000089407
244.3999999910593
225.40000000596046
231.70000000298023
228
237.3999999910593
230.5
229
233.40000000596046
241.29999999701977
233.79999999701977
228.6000000089407
227.8999999910593
248
230.29999999701977
229.1000000089407
232.5
233
238.5
233.3999999910593
232.5
234.40000000596046
232.40000000596046
237.79999999701977
231.09999999403954
236.20000000298023
231.59999999403954
227.20000000298023
239.70000000298023
234.09999999403954
228.30000001192093
233.3999999910593
235.20000000298023
244.29999999701977
225.29999999701977
228.70000000298023
227.40000000596046
239.5
229.79999999701977
226.90000000596046
229.79999999701977
241.59999999403954
226
233.90000000596046
235.29999999701977
235.5
232
225.90000000596046
233
233.3999999910593
247.6000000089407
225.69999998807907
237.6000000089407
237.59999999403954
232.6000000089407
239
237.69999998807907
232.80000001192093
229.5
235.09999999403954
229.5
238
225
232.59999999403954
233.40000000596046
234.59999999403954
225
228.5
242.30000001192093
242.29999999701977
227.29999999701977
225.79999999701977
228.40000000596046
253.79999999701977
225.40000000596046
229.19999998807907
234
245.90000000596046
231
226.40000000596046
233.69999998807907
240.5
232.40000000596046
231
231.5
237.90000000596046
238.3999999910593
225.6000000089407
233.3999999910593
233.6000000089407
234.19999998807907
233.90000000596046
228.59999999403954
241.1000000089407
225.5
240
228.3999999910593
235.5
231.5
239.20000000298023
230.40000000596046
232.29999999701977
226.90000000596046
240.29999999701977
235.8999999910593
234.6000000089407
225
225.5
238.59999999403954
234
228.79999999701977
226.40000000596046
229.90000000596046
244.79999999701977
224.20000000298023
229.8999999910593
239.70000000298023
238.90000000596046
229.59999999403954
227.79999999701977
229.6000000089407
239.09999999403954
229.70000000298023
230.3999999910593
228.80000001192093
234.19999998807907
231.6000000089407
225.3999999910593
236
243.5
227.5
230.30000001192093
230.79999999701977
237.8999999910593
234.1000000089407
234.8999999910593
232.5
233.30000001192093
239.09999999403954
227.20000000298023
252.70000000298023
233.19999998807907
232.30000001192093
231.69999998807907
236.80000001192093
239.79999999701977
232.59999999403954
226.5
239.40000000596046
234.70000000298023
238.8999999910593
241.40000000596046
229.09999999403954
247.1000000089407
225.09999999403954
228.20000000298023
227.20000000298023
238.79999999701977
229.09999999403954
235.90000000596046
230.79999999701977
234
232.5
241.90000000596046
228.8999999910593
236.29999999701977
231.40000000596046
226.59999999403954
233.30000001192093
232.29999999701977
228.3999999910593
229.6000000089407
238.29999999701977
238
224.40000000596046
237
236.59999999403954
232.59999999403954
229.6000000089407
228.79999999701977
241
249.09999999403954
227.1000000089407
232
234.79999999701977
238.09999999403954
225
225.6000000089407
241.8999999910593
240.40000000596046
226.59999999403954
224.80000001192093
229.19999998807907
249.90000000596046
223.90000000596046
229
230.79999999701977
238.5
232.5
225.8999999910593
228.6000000089407
236
236.8999999910593
240
229.1000000089407
238.29999999701977
240.90000000596046
225.3999999910593
232.20000000298023
233.5
242.90000000596046
237.09999999403954
226.79999999701977
240
223.70000000298023
241.5
230
231.90000000596046
230.59999999403954
240.5
241.29999999701977
232.5
226.70000000298023
245.20000000298023
228.3999999910593
235.1000000089407
225.20000000298023
225.3999999910593
248
233
229.1000000089407
226.59999999403954
245.40000000596046
236.5
223.8999999910593
229.79999999701977
235.90000000596046
244
228.90000000596046
227.5
229.19999998807907
251.80000001192093
225.69999998807907
231.70000000298023
227.5
242.79999999701977
228.80000001192093
225.8999999910593
256.1000000089407
245.3999999910593
241.40000000596046
225.79999999701977
229.20000000298023
247.79999999701977
233.5
229.40000000596046
228
239.19999998807907
234.6000000089407
233.5
231.8999999910593
233.70000000298023
235.6000000089407
239.79999999701977
228.09999999403954
235.79999999701977
233.30000001192093
236.09999999403954
230.70000000298023
232.70000000298023
233.69999998807907
226
237.90000000596046
241.40000000596046
223.79999999701977
238.79999999701977
237.40000000596046
232.3999999910593
228.79999999701977
232.6000000089407
232.8999999910593
244.80000001192093
227.3999999910593
239.5
229.20000000298023
244.40000000596046
224.5
235.69999998807907
232.90000000596046
239.59999999403954
226.70000000298023
228.29999999701977
229.90000000596046
242.20000000298023
232.70000000298023
227.5
237.19999998807907
234.30000001192093
236.69999998807907
227.70000000298023
237.70000000298023
232.40000000596046
225.29999999701977
241
227.29999999701977
251.5
227.40000000596046
232.8999999910593
236.90000000596046
239.20000000298023
228.3999999910593
233.90000000596046
228.3999999910593
244.70000000298023
225.90000000596046
227.8999999910593
239.5
239.70000000298023
228.5
227.29999999701977
238
232.1000000089407
234.09999999403954
231.90000000596046
228.8999999910593
249.6000000089407
234.59999999403954
226.90000000596046
234.79999999701977
240.79999999701977
227
226.29999999701977
231.20000000298023
251.70000000298023
233.90000000596046
232.5
229.59999999403954
238
237.90000000596046
232.29999999701977
231.8999999910593
231.6000000089407
232.79999999701977
236.70000000298023
229.20000000298023
236.79999999701977
225.09999999403954
242.20000000298023
241.90000000596046
233.59999999403954
226.29999999701977
236.70000000298023
237
237.90000000596046
225.09999999403954
230.40000000596046
245.5
234.29999999701977
230
227.20000000298023
242.5
233.19999998807907
224.70000000298023
230.70000000298023
234.79999999701977
240.5
225.5
225.5
236.79999999701977
245.6000000089407
227.29999999701977
225.90000000596046
229.5
247.79999999701977
230
229.79999999701977
236.29999999701977
240.1000000089407
234.79999999701977
226.29999999701977
230.29999999701977
234
238
233.1000000089407
229.09999999403954
238.70000000298023
233.3999999910593
232.5
232.90000000596046
231
234.40000000596046
232
227.8999999910593
239.29999999701977
231.30000001192093
229.09999999403954
239
233.70000000298023
229.79999999701977
233.70000000298023
247
234.79999999701977
227.20000000298023
238.70000000298023
227.19999998807907
241.5
224
231.80000001192093
232
241
226.19999998807907
226.6000000089407
235.20000000298023
237.79999999701977
232.09999999403954
227.79999999701977
229.40000000596046
232
237.79999999701977
226.70000000298023
240.20000000298023
233
224.5
236.59999999403954
235.79999999701977
235.6000000089407
223.79999999701977
234.29999999701977
234.90000000596046
232.5
227
227.09999999403954
229.5
238.79999999701977
224.80000001192093
227.59999999403954
235.09999999403954
243.30000001192093
228.69999998807907
226
237.1000000089407
236.20000000298023
233.09999999403954
231.40000000596046
229.29999999701977
243.09999999403954
233.70000000298023
225.20000000298023
242.59999999403954
240.20000000298023
235.70000000298023
225.59999999403954
230
239.20000000298023
231.59999999403954
231.70000000298023
229
233.6000000089407
237
226.29999999701977
229.79999999701977
231.40000000596046
225.09999999403954
251.5
229.79999999701977
233.5
225.5
238.90000000596046
232.8999999910593
232.30000001192093
227.29999999701977
228.79999999701977
238.90000000596046
237
224.09999999403954
231.29999999701977
238.29999999701977
231.70000000298023
228.90000000596046
227.20000000298023
247.29999999701977
232.5
224.79999999701977
232.5
228.70000000298023
241.3999999910593
224.90000000596046
225.90000000596046
240.29999999701977
248.09999999403954
227
226.20000000298023
229.29999999701977
326.20000000298023
331.29999999701977
238.6000000089407
229.79999999701977
246
226.79999999701977
229.29999999701977
231.29999999701977
241.70000000298023
237.6000000089407
224.8999999910593
230.79999999701977
242.40000000596046
231.79999999701977
231.6000000089407
227.8999999910593
233.29999999701977
233
231.5
232
237.20000000298023
226.20000000298023
232.20000000298023
228.59999999403954
251.5
232
228.1000000089407
235.69999998807907
232.30000001192093
238.59999999403954
225
237.09999999403954
232.6000000089407
224.5
229
228.20000000298023
240.69999998807907
238.70000000298023
233.5
232.79999999701977
238.6000000089407
227.09999999403954
237.20000000298023
227.79999999701977
238.6000000089407
230.8999999910593
230.20000000298023
233.29999999701977
232.79999999701977
236.40000000596046
226.29999999701977
231.6000000089407
231.59999999403954
224.20000000298023
236.70000000298023
231.69999998807907
234.90000000596046
230
233
231.40000000596046
234.09999999403954
229.29999999701977
224.79999999701977
235
239.5
224
227
234.30000001192093
238.8999999910593
229.90000000596046
229
230.3999999910593
251.80000001192093
224
232.29999999701977
227.8999999910593
242.80000001192093
232.09999999403954
226.09999999403954
232.70000000298023
234.29999999701977
243.70000000298023
225.79999999701977
231.40000000596046
239.59999999403954
241.5
228.70000000298023
228.20000000298023
233
235.40000000596046
231.5
232.59999999403954
231.5
224.40000000596046
244.3999999910593
228.70000000298023
236.09999999403954
224.1000000089407
242.8999999910593
232.6000000089407
232.70000000298023
227
232.29999999701977
238.5
237.59999999403954
223.5
226.70000000298023
247.20000000298023
232.29999999701977
229
225.20000000298023
232.3999999910593
241.70000000298023
224.5
230.79999999701977
238
240.70000000298023
223.6000000089407
225.59999999403954
241.79999999701977
238.90000000596046
229.20000000298023
225.8999999910593
227.70000000298023
252
231.79999999701977
228.79999999701977
229.90000000596046
242
228.90000000596046
230.59999999403954
229.59999999403954
231.40000000596046
226.59999999403954
248.1000000089407
227.59999999403954
235.40000000596046
231.09999999403954
226.5
237.29999999701977
231.5
237.20000000298023
228.20000000298023
235
243.40000000596046
233.19999998807907
228.70000000298023
233
232.5
228.1000000089407
237.19999998807907
229.6000000089407
237.29999999701977
223.79999999701977
239
227.40000000596046
240.20000000298023
224.79999999701977
236.09999999403954
230.20000000298023
231.90000000596046
233.59999999403954
225.40000000596046
238.59999999403954
237.29999999701977
233
226.5
242.40000000596046
232.29999999701977
229.90000000596046
232.69999998807907
240.1000000089407
232.59999999403954
224.40000000596046
236.70000000298023
227.19999998807907
237.6000000089407
224.29999999701977
225.5
241.40000000596046
239.5
226.19999998807907
225.1000000089407
236.8999999910593
246.80000001192093
224.69999998807907
227.90000000596046
228.5
244.59999999403954
228.80000001192093
224.8999999910593
230.5
239.29999999701977
229.6000000089407
232.29999999701977
229.09999999403954
234.30000001192093
237.19999998807907
226.5
231.1000000089407
231.29999999701977
241.40000000596046
227
228.09999999403954
239
224.20000000298023
240.70000000298023
231.69999998807907
233.30000001192093
229.5
243.59999999403954
232.59999999403954
231.80000001192093
224.8999999910593
255.90000000596046
229
235.20000000298023
225.8999999910593
227
243.70000000298023
231.70000000298023
232.29999999701977
225
242.70000000298023
238.79999999701977
224
227.70000000298023
239
240
228
225.79999999701977
241.29999999701977
239.79999999701977
224.6000000089407
231.79999999701977
228.40000000596046
238
231.5
225.29999999701977
233.5
231.70000000298023
233.09999999403954
225.5
227.70000000298023
247.8999999910593
225.80000001192093
233.59999999403954
227.5
233.40000000596046
229.5
234.79999999701977
233
231.29999999701977
233.59999999403954
233
235.70000000298023
234.20000000298023
239.59999999403954
225.40000000596046
241.40000000596046
233.59999999403954
232.20000000298023
227.59999999403954
230.29999999701977
243.70000000298023
224
241.1000000089407
230.8999999910593
240.29999999701977
228.30000001192093
237.59999999403954
231.20000000298023
233.79999999701977
228.59999999403954
239.70000000298023
226.20000000298023
238.09999999403954
232.20000000298023
225.40000000596046
231.8999999910593
233.20000000298023
228.40000000596046
231.3999999910593
239.80000001192093
237.19999998807907
225.80000001192093
233.19999998807907
235.90000000596046
232.40000000596046
229.69999998807907
230.30000001192093
232.29999999701977
232.59999999403954
225.1000000089407
230.79999999701977
234.70000000298023
237.19999998807907
223.5
225.70000000298023
236.70000000298023
234.5
225.90000000596046
227.5
227.69999998807907
259.40000000596046
224.5
232.40000000596046
229.29999999701977
237.59999999403954
227.90000000596046
224.8999999910593
237.30000001192093
245.19999998807907
240.20000000298023
231.20000000298023
226.5
234.79999999701977
236.29999999701977
226
233.20000000298023
232.20000000298023
225.59999999403954
242.6000000089407
227.29999999701977
239.5
223.20000000298023
236.09999999403954
228.1000000089407
242.09999999403954
229
233.59999999403954
237.20000000298023
231.5
224.40000000596046
229.5
243.09999999403954
235
225.20000000298023
224.90000000596046
241.5
237.8999999910593
227.29999999701977
225.30000001192093
233.8999999910593
244.1000000089407
224.09999999403954
228.90000000596046
237.19999998807907
234.30000001192093
237.19999998807907
227.40000000596046
230.29999999701977
238.70000000298023
232.90000000596046
231.19999998807907
228.5
243.90000000596046
226.29999999701977
231.70000000298023
237.59999999403954
240.70000000298023
227.1000000089407
232.69999998807907
227.70000000298023
237.70000000298023
232.5
233.5
231
231.5
235.90000000596046
225
238.19999998807907
231
233.40000000596046
231.5
233.09999999403954
236.40000000596046
230.20000000298023
224.3999999910593
233.5
253.30000001192093
225.5
237
228.79999999701977
244.70000000298023
224.09999999403954
236.29999999701977
236.70000000298023
231.79999999701977
237.90000000596046
235.20000000298023
231.69999998807907
231.5
233.30000001192093
230.19999998807907
234.70000000298023
234.79999999701977
224.6000000089407
242.5
245.70000000298023
235
225.8999999910593
232.40000000596046
237.29999999701977
238
223.40000000596046
244.69999998807907
227.1000000089407
234.3999999910593
229
225.90000000596046
233.29999999701977
238.40000000596046
225.20000000298023
230.69999998807907
235.1000000089407
236.8999999910593
225.90000000596046
224.29999999701977
234.20000000298023
244.79999999701977
225.70000000298023
225.09999999403954
230.40000000596046
244.70000000298023
231.29999999701977
229.09999999403954
227.90000000596046
232.70000000298023
243.09999999403954
253
247.6000000089407
273.3999999910593
256.90000000596046
228.5
242.8999999910593
235.6000000089407
236.70000000298023
237.29999999701977
227.20000000298023
234.79999999701977
233.59999999403954
233.90000000596046
231.29999999701977
232.90000000596046
226.69999998807907
238.30000001192093
227.5
237.69999998807907
223.70000000298023
228.90000000596046
255.20000000298023
230.69999998807907
230
226.80000001192093
237.29999999701977
231
223.79999999701977
231.20000000298023
236.8999999910593
240.30000001192093
223.8999999910593
225.6000000089407
237.69999998807907
238.70000000298023
225.1000000089407
225.3999999910593
226.29999999701977
256.1000000089407
222.3999999910593
227.20000000298023
229.6000000089407
231.19999998807907
235.6000000089407
224.59999999403954
232.1000000089407
239.5
230.5
234.69999998807907
225.40000000596046
244.5
223.70000000298023
232.20000000298023
231.5
237.8999999910593
228.1000000089407
231
230.09999999403954
237.70000000298023
230.79999999701977
228
234
231.40000000596046
239.59999999403954
227.09999999403954
237
231.5
233.90000000596046
230.59999999403954
228.70000000298023
239.40000000596046
225
231
234.8999999910593
237.30000001192093
225.8999999910593
233.29999999701977
226
239
230.80000001192093
237.5
228.29999999701977
231
236.8999999910593
227.70000000298023
235.29999999701977
232
224
235.80000001192093
234.8999999910593
236.40000000596046
223.70000000298023
234.5
239.19999998807907
233.70000000298023
226.5
224.79999999701977
242.90000000596046
247.09999999403954
267
229.5
240.1000000089407
233.70000000298023
229.69999998807907
225.1000000089407
229.70000000298023
244.19999998807907
225.5
229.6000000089407
228.29999999701977
251.20000000298023
223.3999999910593
224.5
233.90000000596046
244.5
226.90000000596046
227.29999999701977
226.59999999403954
244.20000000298023
237.09999999403954
226.90000000596046
226
231.09999999403954
253.90000000596046
227
230.29999999701977
232.40000000596046
224.20000000298023
246.19999998807907
225.90000000596046
234.90000000596046
223
241.59999999403954
234.09999999403954
230.5
225.5
241.40000000596046
235.20000000298023
237.70000000298023
223.69999998807907
234
237.30000001192093
240.19999998807907
228.20000000298023
235.79999999701977
230
252
222.70000000298023
229
234.20000000298023
243
223.40000000596046
224.69999998807907
233.5
232.40000000596046
233.29999999701977
224.6000000089407
237.09999999403954
237.59999999403954
231.80000001192093
227.19999998807907
225.80000001192093
233.79999999701977
227.70000000298023
229.8999999910593
232
238.40000000596046
226.3999999910593
236.6000000089407
227.20000000298023
234.29999999701977
224.5
225.8999999910593
236.80000001192093
232.09999999403954
234.59999999403954
226
235.30000001192093
239.5
232.3999999910593
227.5
228.1000000089407
237.69999998807907
234.40000000596046
225.40000000596046
232.8999999910593
240.20000000298023
223
232.09999999403954
227.90000000596046
234.90000000596046
228.19999998807907
234.6000000089407
235.3999999910593
232
232.90000000596046
234.09999999403954
229.20000000298023
238.40000000596046
229.29999999701977
227.5
234.09999999403954
234
228.90000000596046
232.29999999701977
236.5
230.90000000596046
224
235.70000000298023
227.3999999910593
235.20000000298023
226
225.40000000596046
240.5
237
226.69999998807907
224.1000000089407
234.3999999910593
254
226.30000001192093
227
225.69999998807907
247.30000001192093
229.8999999910593
224.29999999701977
227.40000000596046
245.79999999701977
222.90000000596046
231.79999999701977
229.20000000298023
234.20000000298023
234.3999999910593
225
232.6000000089407
232.09999999403954
239.70000000298023
225.79999999701977
228.90000000596046
236.29999999701977
233.29999999701977
232
227.79999999701977
232.90000000596046
228.70000000298023
240.59999999403954
234.09999999403954
230.20000000298023
224.20000000298023
236
229.79999999701977
233.40000000596046
223.20000000298023
230.19999998807907
237.20000000298023
236.20000000298023
226.40000000596046
224
237
244.3999999910593
223.20000000298023
226
227.29999999701977
238.6000000089407
230.3999999910593
225
240.40000000596046
231.09999999403954
227.79999999701977
229.90000000596046
227.40000000596046
241
234
224.69999998807907
233.40000000596046
238.09999999403954
229.1000000089407
230
226.3999999910593
244.6000000089407
223.59999999403954
236.6000000089407
225.5
241.19999998807907
228.1000000089407
233.59999999403954
229.70000000298023
231.70000000298023
223.70000000298023
229.5
236.29999999701977
236.5
229.8999999910593
223.6000000089407
242.20000000298023
231
232.29999999701977
228.09999999403954
229.40000000596046
253.59999999403954
223.1000000089407
234.8999999910593
228.29999999701977
240.20000000298023
228.79999999701977
231.20000000298023
231.6000000089407
234.5
230.5
244.59999999403954
227.59999999403954
235.6000000089407
232.09999999403954
225.1000000089407
231.5
230.69999998807907
229.90000000596046
231.5
234
237
225
237.90000000596046
234
230.8999999910593
229.5
226.79999999701977
237.30000001192093
243.3999999910593
223
231
233.29999999701977
235.5
223.20000000298023
226.6000000089407
239
239.69999998807907
226
224.1000000089407
230.20000000298023
252.69999998807907
224.1000000089407
229
229.3999999910593
238.6000000089407
228.09999999403954
224.40000000596046
232.79999999701977
231.20000000298023
237.79999999701977
232.09999999403954
229.20000000298023
235.6000000089407
236.09999999403954
224.79999999701977
233.1000000089407
233.09999999403954
237.59999999403954
244.1000000089407
226.79999999701977
238.40000000596046
224.19999998807907
239.40000000596046
227.20000000298023
231.59999999403954
232
235
235.1000000089407
232.59999999403954
225
229.70000000298023
243
232.59999999403954
231.20000000298023
223.90000000596046
239.19999998807907
237.1000000089407
227.3999999910593
225.90000000596046
235.40000000596046
245.3999999910593
224.1000000089407
228.29999999701977
237.79999999701977
231.79999999701977
230.70000000298023
240
228.20000000298023
237.79999999701977
229.20000000298023
231.59999999403954
226.70000000298023
244.09999999403954
223.70000000298023
230.79999999701977
231.70000000298023
239.20000000298023
225.70000000298023
232.3999999910593
228.90000000596046
248.40000000596046
232.79999999701977
227.8999999910593
236.30000001192093
232
238.79999999701977
224.79999999701977
238.40000000596046
231.59999999403954
223.70000000298023
230.09999999403954
229.90000000596046
239
222.8999999910593
231.80000001192093
232.8999999910593
237.29999999701977
226.5
233
228.20000000298023
245.40000000596046
227
236.09999999403954
226.5
232.1000000089407
236.69999998807907
224.5
239.80000001192093
231.8999999910593
231.40000000596046
229.8999999910593
235
233.6000000089407
223.5
232.59999999403954
239.79999999701977
230.90000000596046
227
231.90000000596046
235.79999999701977
236.70000000298023
222.69999998807907
227.40000000596046
233.90000000596046
233
227.59999999403954
226
236.70000000298023
239.20000000298023
222.5
231
227.59999999403954
249.70000000298023
223.8999999910593
225.20000000298023
233.40000000596046
247.8999999910593
225.40000000596046
224.40000000596046
226.69999998807907
238.20000000298023
239
227.1000000089407
229.5
231.69999998807907
244.80000001192093
224.29999999701977
230.70000000298023
231.5
225.69999998807907
236.40000000596046
227.20000000298023
236.09999999403954
223.20000000298023
238.40000000596046
232.29999999701977
230.59999999403954
226.5
235.29999999701977
234.1000000089407
237.8999999910593
224.40000000596046
229.29999999701977
238.20000000298023
231.29999999701977
228
225
232.1000000089407
240.79999999701977
226.09999999403954
238.90000000596046
235.09999999403954
241.90000000596046
223.5
224
231.29999999701977
242.59999999403954
230.20000000298023
225.20000000298023
229.29999999701977
237.29999999701977
230.40000000596046
229.59999999403954
229.40000000596046
239.5
228.59999999403954
230.40000000596046
231
239
222.59999999403954
236.20000000298023
228.6000000089407
234.8999999910593
232.20000000298023
223.40000000596046
236.59999999403954
241.5
232.90000000596046
231.09999999403954
235.90000000596046
238
233.79999999701977
227.29999999701977
229.40000000596046
238.59999999403954
232.5
227
231
239.20000000298023
224
241.09999999403954
227.1000000089407
235.8999999910593
226.40000000596046
232.29999999701977
232.40000000596046
231.59999999403954
233
225
234.5
238.20000000298023
226.8999999910593
231.40000000596046
235.59999999403954
230.6000000089407
227.79999999701977
231.29999999701977
237.5
232.90000000596046
224.20000000298023
233.5
231.59999999403954
242
222.70000000298023
224.59999999403954
241.79999999701977
232.20000000298023
226.20000000298023
223.79999999701977
230.79999999701977
240.70000000298023
223.5
226.5
227.40000000596046
239.3999999910593
236.5
223.6000000089407
230.8999999910593
233.20000000298023
240.1000000089407
232.59999999403954
226.5
235.09999999403954
236.90000000596046
225.70000000298023
232
233.09999999403954
227
234
227.29999999701977
247.40000000596046
238.59999999403954
243.40000000596046
227.29999999701977
233.70000000298023
232.29999999701977
241.20000000298023
230.70000000298023
232.20000000298023
223.29999999701977
239.79999999701977
234
235.79999999701977
224.70000000298023
224.79999999701977
239.29999999701977
231.80000001192093
225
225.59999999403954
229.20000000298023
246.29999999701977
222.90000000596046
229.3999999910593
236.6000000089407
240.59999999403954
228.29999999701977
226.20000000298023
227.79999999701977
233.40000000596046
231.59999999403954
230.5
229.6000000089407
235.09999999403954
231.90000000596046
223.69999998807907
231.80000001192093
232.5
233.3999999910593
228.1000000089407
228.3999999910593
237.29999999701977
238
234.90000000596046
227.40000000596046
237.79999999701977
236.8999999910593
232.70000000298023
231.5
231.6000000089407
230
229.59999999403954
233
232.29999999701977
232.6000000089407
225.09999999403954
238.90000000596046
233.69999998807907
239.20000000298023
224.70000000298023
231.40000000596046
245.5
223.3999999910593
235.90000000596046
229.70000000298023
237
230.3999999910593
230.90000000596046
229.8999999910593
234.20000000298023
229.40000000596046
228.79999999701977
233.70000000298023
244.09999999403954
230.40000000596046
226.09999999403954
250.40000000596046
231.5
230.79999999701977
227.20000000298023
235.29999999701977
243.29999999701977
224.20000000298023
237.09999999403954
234
231
232.80000001192093
230.29999999701977
230.70000000298023
239.5
223.3999999910593
238.1000000089407
236.09999999403954
243.70000000298023
224.20000000298023
225.79999999701977
240.20000000298023
239
225.3999999910593
225.5
229.20000000298023
243.09999999403954
232.20000000298023
229.6000000089407
226.8999999910593
237.20000000298023
235.29999999701977
224.40000000596046
229.3999999910593
234.40000000596046
238.79999999701977
231.70000000298023
227.09999999403954
234.30000001192093
237.09999999403954
225.5
233.79999999701977
230.90000000596046
227.09999999403954
237.20000000298023
225.79999999701977
242.70000000298023
223.59999999403954
240.6000000089407
228
238.3999999910593
230.30000001192093
231
235.59999999403954
237.79999999701977
223.5
230.40000000596046
245.3999999910593
236.30000001192093
224.3999999910593
225.70000000298023
239.70000000298023
238.5
225.8999999910593
226
228.70000000298023
278.40000000596046
230.09999999403954
228.40000000596046
228.59999999403954
245.29999999701977
228.1000000089407
225.09999999403954
229.40000000596046
241.8999999910593
230
231.5
230
242.80000001192093
230.79999999701977
224.8999999910593
233.70000000298023
240
224.5
231.20000000298023
228.20000000298023
241.09999999403954
229.79999999701977
233
227.70000000298023
233.29999999701977
238.90000000596046
224.29999999701977
237
232.40000000596046
229.29999999701977
230.90000000596046
232.59999999403954
235.5
222.5
233.5
230.20000000298023
240.59999999403954
226.20000000298023
231.09999999403954
225.90000000596046
252.40000000596046
222.59999999403954
242.70000000298023
228.70000000298023
229.8999999910593
235.79999999701977
226.70000000298023
238.90000000596046
231.20000000298023
230.09999999403954
230.90000000596046
229.3999999910593
235.90000000596046
223.20000000298023
232.69999998807907
234.90000000596046
233.40000000596046
225.5
231.5
227.19999998807907
241.1000000089407
225.8999999910593
228.1000000089407
244.79999999701977
238.29999999701977
228.1000000089407
223.59999999403954
240
233.59999999403954
222.80000001192093
230.69999998807907
227.5
250.20000000298023
223.20000000298023
223.90000000596046
232.79999999701977
239.09999999403954
234.6000000089407
223.59999999403954
225.79999999701977
237.70000000298023
237.40000000596046
227.59999999403954
227.5
232.40000000596046
244.69999998807907
224.5
230
233.20000000298023
225.1000000089407
235.59999999403954
226.90000000596046
234
228
237.19999998807907
232.20000000298023
231
226.79999999701977
236.20000000298023
245.6000000089407
240.09999999403954
223
228.59999999403954
242.20000000298023
232.5
227.5
228.40000000596046
230.70000000298023
236.5
223.29999999701977
231.09999999403954
237.29999999701977
239.40000000596046
222.79999999701977
224.5
234.29999999701977
236
231.40000000596046
223.20000000298023
230.3999999910593
242.20000000298023
233.90000000596046
227
227.59999999403954
238.20000000298023
229.40000000596046
230.09999999403954
228.70000000298023
231.5
230.8999999910593
248.30000001192093
226.09999999403954
238.79999999701977
232.20000000298023
231.59999999403954
231.90000000596046
233.29999999701977
237.5
224.79999999701977
235.1000000089407
237.09999999403954
236.79999999701977
226.40000000596046
235.90000000596046
231.09999999403954
228.5
231.90000000596046
230
239.59999999403954
224
236.79999999701977
227.1000000089407
241
224.29999999701977
226.59999999403954
237.29999999701977
232.80000001192093
232.09999999403954
228.70000000298023
235.79999999701977
236.29999999701977
228.5
228.79999999701977
235.1000000089407
231.5
228.09999999403954
231.70000000298023
239.59999999403954
231.5
223.1000000089407
237.09999999403954
226.1000000089407
237.29999999701977
223.70000000298023
223.5
238.09999999403954
241.20000000298023
226.09999999403954
224.6000000089407
233.19999998807907
246.20000000298023
224.1000000089407
225.8999999910593
228.20000000298023
245.09999999403954
232.70000000298023
225.29999999701977
228.1000000089407
238.79999999701977
225.09999999403954
229.80000001192093
227.8999999910593
234.79999999701977
244.90000000596046
224.59999999403954
231.20000000298023
231.20000000298023
240.29999999701977
223.29999999701977
227.90000000596046
234.40000000596046
223.5
241.79999999701977
226.20000000298023
233.59999999403954
228.5
242.29999999701977
230.90000000596046
231.3999999910593
223.30000001192093
242.29999999701977
235.29999999701977
233.90000000596046
223
224
239.69999998807907
230.80000001192093
225.5
223.8999999910593
239.6000000089407
248.8999999910593
223.40000000596046
228.8999999910593
235.70000000298023
238.20000000298023
229
225.20000000298023
227.3999999910593
238.80000001192093
225.8999999910593
229.70000000298023
227.20000000298023
239.3999999910593
236.70000000298023
224.40000000596046
230.79999999701977
237.59999999403954
225.70000000298023
227
225.79999999701977
242.30000001192093
225.69999998807907
235.20000000298023
226
232.29999999701977
237
223.80000001192093
234.79999999701977
230.09999999403954
232.79999999701977
236.90000000596046
234.59999999403954
234.30000001192093
222.69999998807907
234.1000000089407
232.29999999701977
239.5
224.59999999403954
235.30000001192093
226.69999998807907
249.40000000596046
224.90000000596046
238.3999999910593
225.90000000596046
231.29999999701977
233.70000000298023
224
238.79999999701977
230.90000000596046
229.69999998807907
231
240
234.5
227.20000000298023
229.29999999701977
243.20000000298023
231.70000000298023
225.29999999701977
231.5
226.90000000596046
239.29999999701977
223.59999999403954
229.80000001192093
233.09999999403954
240.59999999403954
239.20000000298023
224.20000000298023
234.59999999403954
238.20000000298023
223.29999999701977
228.6000000089407
230.79999999701977
245.20000000298023
225.29999999701977
224.5
232.29999999701977
238.6000000089407
233.8999999910593
222.90000000596046
228.3999999910593
242.20000000298023
233.90000000596046
226.8999999910593
228.20000000298023
230.5
248.29999999701977
224.70000000298023
228.40000000596046
231
230.20000000298023
241.19999998807907
228.70000000298023
235.70000000298023
224.29999999701977
233.70000000298023
233.29999999701977
231.90000000596046
226.29999999701977
231
227
236.59999999403954
222.90000000596046
226.09999999403954
242.40000000596046
231.20000000298023
228.70000000298023
224
245.59999999403954
231.09999999403954
223.30000001192093
229.79999999701977
235.3999999910593
242.80000001192093
222.69999998807907
224.6000000089407
231.79999999701977
247.90000000596046
225.5
223.69999998807907
226.90000000596046
240.70000000298023
240.8999999910593
226.20000000298023
227.79999999701977
237.5
235.40000000596046
224.90000000596046
231
237.79999999701977
224.3999999910593
239
225.6000000089407
232.5
232.20000000298023
234.59999999403954
232.59999999403954
231.80000001192093
234.69999998807907
223.80000001192093
233.79999999701977
236.59999999403954
230.40000000596046
228
234.79999999701977
231.40000000596046
228.3999999910593
234.6000000089407
229.8999999910593
235.40000000596046
224.79999999701977
237.5
226.70000000298023
242.5
222.09999999403954
224.6000000089407
234.3999999910593
231.1000000089407
231.69999998807907
223.80000001192093
226.69999998807907
239.5
230
227
236.80000001192093
230.3999999910593
229.5
247.1000000089407
241.3999999910593
231.70000000298023
224.40000000596046
236.8999999910593
226.90000000596046
243
223.29999999701977
225.59999999403954
235.6000000089407
241.5
225.3999999910593
226.20000000298023
233.70000000298023
250.5
224.90000000596046
229.19999998807907
226
246.20000000298023
240.90000000596046
228
230.8999999910593
252.70000000298023
249
231.29999999701977
227.40000000596046
243.59999999403954
230
228.20000000298023
233.70000000298023
231.29999999701977
248.5
225.40000000596046
228.20000000298023
236.59999999403954
229
245.5
225.5
231.59999999403954
228.20000000298023
239.79999999701977
229.1000000089407
232.20000000298023
223.19999998807907
245.70000000298023
231.29999999701977
235.70000000298023
223
230.79999999701977
265.40000000596046
231.09999999403954
226.1000000089407
224
240.20000000298023
237.29999999701977
223
225.70000000298023
238.69999998807907
237.20000000298023
229.29999999701977
224.40000000596046
238.29999999701977
239.70000000298023
306.40000000596046
240.09999999403954
276.09999999403954
249.5
228.5
224.30000001192093
231.09999999403954
240.09999999403954
227.20000000298023
225.29999999701977
227.6000000089407
245.20000000298023
231.5
228.19999998807907
228.1000000089407
237.8999999910593
237.5
225.40000000596046
231
239.29999999701977
224.79999999701977
236
243.40000000596046
243.09999999403954
223.20000000298023
232.20000000298023
233.29999999701977
231.6000000089407
232.3999999910593
228.5
229.70000000298023
271.59999999403954
339
242.30000001192093
231.59999999403954
250.20000000298023
226.3999999910593
227.1000000089407
238.8999999910593
233.40000000596046
239.29999999701977
224.20000000298023
238.59999999403954
232.80000001192093
229.79999999701977
232.8999999910593
232.80000001192093
237.79999999701977
223
232.70000000298023
231.19999998807907
249.1000000089407
225.8999999910593
231.30000001192093
227.79999999701977
243.29999999701977
224.5
227.29999999701977
228
232.90000000596046
234.29999999701977
234.09999999403954
228.80000001192093
231.79999999701977
231.09999999403954
231.70000000298023
234.5
234
223.70000000298023
232.3999999910593
237.1000000089407
234
226
232.59999999403954
229.29999999701977
237.30000001192093
222.8999999910593
227.6000000089407
233.79999999701977
237.09999999403954
227.70000000298023
225.09999999403954
237.80000001192093
238
223.3999999910593
230.79999999701977
227.90000000596046
246.20000000298023
226.20000000298023
224.79999999701977
231.09999999403954
240
234.79999999701977
224.40000000596046
227.20000000298023
236.70000000298023
237.3999999910593
226.90000000596046
227
230.59999999403954
250.20000000298023
224.5
231.70000000298023
233.29999999701977
223.70000000298023
242.70000000298023
225.79999999701977
234.09999999403954
224.1000000089407
237.8999999910593
232.29999999701977
234.20000000298023
225.70000000298023
225.70000000298023
232.8999999910593
235.40000000596046
224.40000000596046
229.29999999701977
242.29999999701977
232.5
227
225.20000000298023
231.3999999910593
238
223.40000000596046
228.59999999403954
237.90000000596046
240.5
224.29999999701977
223.6000000089407
233.59999999403954
235.20000000298023
247.70000000298023
226.09999999403954
226.90000000596046
238.59999999403954
231.40000000596046
228.29999999701977
228.29999999701977
240.20000000298023
229.79999999701977
228.40000000596046
228.5
232.09999999403954
223.09999999403954
238.30000001192093
228.29999999701977
235.59999999403954
231.1000000089407
225.79999999701977
235.59999999403954
230.90000000596046
235.09999999403954
224.5
237.40000000596046
244
231
227.8999999910593
228.70000000298023
237.20000000298023
228.20000000298023
234
228.29999999701977
237.20000000298023
222.59999999403954
238
228.90000000596046
235.3999999910593
248
232.30000001192093
233.29999999701977
231.09999999403954
232.1000000089407
224.09999999403954
237.79999999701977
238.90000000596046
225.09999999403954
230.6000000089407
230.59999999403954
231.09999999403954
228.6000000089407
231.29999999701977
241.40000000596046
233.69999998807907
222.6000000089407
242.09999999403954
229
242.20000000298023
224.40000000596046
223.69999998807907
242.20000000298023
238.20000000298023
228.59999999403954
224.40000000596046
229.79999999701977
241.6000000089407
223.5
227
228.3999999910593
245.70000000298023
228.40000000596046
224.79999999701977
230.09999999403954
237.29999999701977
229.80000001192093
230.29999999701977
227.59999999403954
232.90000000596046
239.29999999701977
225.79999999701977
231.90000000596046
230.79999999701977
235.5
228.79999999701977
225.6000000089407
234.19999998807907
222.6000000089407
241.09999999403954
230.5
230.6000000089407
227.5
231.79999999701977
246.09999999403954
265.1000000089407
224.09999999403954
236.40000000596046
238.59999999403954
236.29999999701977
224
223.79999999701977
242.90000000596046
230.90000000596046
224.5
224.19999998807907
239
248.6000000089407
223.3999999910593
228.5
236.70000000298023
239.20000000298023
229.09999999403954
224.20000000298023
240.1000000089407
240.3999999910593
225.29999999701977
229
227.30000001192093
243.59999999403954
232.20000000298023
224.8999999910593
233.30000001192093
238.59999999403954
235.20000000298023
228.79999999701977
228.29999999701977
238.6000000089407
224.59999999403954
233.70000000298023
227.8999999910593
230.70000000298023
228.1000000089407
236.3999999910593
231
245.1000000089407
222.79999999701977
234.5
229.79999999701977
234.79999999701977
224.1000000089407
225.09999999403954
253.20000000298023
230.59999999403954
224.5
234.40000000596046
255.5
236
223.20000000298023
228
231.59999999403954
248.70000000298023
229.5
231.3999999910593
235.80000001192093
250.29999999701977
223.5
236.8999999910593
228.5
240.30000001192093
226.29999999701977
225.59999999403954
247.29999999701977
328.70000000298023
234.1000000089407
231.09999999403954
235.20000000298023
233.09999999403954
231.29999999701977
224.80000001192093
230.29999999701977
239.5
237.8999999910593
227
225.70000000298023
232
229.1000000089407
231.3999999910593
238.5
230
224.1000000089407
236.5
241
241.59999999403954
225.40000000596046
224.69999998807907
243.6000000089407
237.20000000298023
226.79999999701977
225.29999999701977
234.5
251.79999999701977
222.5
229.40000000596046
227.59999999403954
238.6000000089407
229.3999999910593
225.40000000596046
228
238.29999999701977
229
230.40000000596046
230.59999999403954
245
229.79999999701977
223.1000000089407
235.8999999910593
231.29999999701977
232.80000001192093
233.29999999701977
228.8999999910593
236.20000000298023
231.20000000298023
228.29999999701977
226
233
230.40000000596046
234.20000000298023
230.09999999403954
232.70000000298023
222.3999999910593
239.20000000298023
232.70000000298023
232.29999999701977
222.29999999701977
225.6000000089407
245.20000000298023
230.3999999910593
228.1000000089407
223.69999998807907
238
235.1000000089407
225.09999999403954
226.40000000596046
231.09999999403954
238.90000000596046
231.79999999701977
223.70000000298023
229.3999999910593
247
222.6000000089407
230.20000000298023
229.19999998807907
250.90000000596046
223.09999999403954
226.90000000596046
230.29999999701977
231.1000000089407
240.29999999701977
223.70000000298023
226.59999999403954
236.40000000596046
232.5
227.69999998807907
229.6000000089407
231.59999999403954
235.20000000298023
231.70000000298023
229.59999999403954
231.5
232.70000000298023
238
229.70000000298023
233.5
222.59999999403954
239.5
236.90000000596046
232.59999999403954
225.1000000089407
233.79999999701977
236.5
245.09999999403954
222.70000000298023
226.40000000596046
234.09999999403954
233.70000000298023
229.20000000298023
223.69999998807907
234.80000001192093
241.69999998807907
224.20000000298023
228
235.90000000596046
242
222.20000000298023
223.8999999910593
237.1000000089407
232.5
235.19999998807907
225.30000001192093
224.8999999910593
235.5
231.79999999701977
228.1000000089407
227
241.8999999910593
235.6000000089407
230.70000000298023
228.09999999403954
239.90000000596046
223.59999999403954
239.70000000298023
229.3999999910593
232.40000000596046
229.5
230.40000000596046
237.09999999403954
231.09999999403954
225.1000000089407
223.3999999910593
235.1000000089407
237.70000000298023
229.5
228.09999999403954
230.5
236.90000000596046
227.3999999910593
231.70000000298023
227.70000000298023
242.5
222.29999999701977
236.09999999403954
226.20000000298023
245.70000000298023
223
230.5
232
231.5
232.5
229.29999999701977
230.1000000089407
236.19999998807907
232.70000000298023
226.90000000596046
232.3999999910593
230.1000000089407
232.70000000298023
230.09999999403954
229.5
232.40000000596046
226.19999998807907
247.80000001192093
231.3999999910593
232.29999999701977
223.40000000596046
229.29999999701977
237.29999999701977
237.20000000298023
224.70000000298023
226.29999999701977
238.1000000089407
254
226.19999998807907
227.20000000298023
234.40000000596046
230.8999999910593
228
226.70000000298023
230.1000000089407
242
232.29999999701977
228.8999999910593
226.40000000596046
243.70000000298023
232.29999999701977
223.5
232.79999999701977
236.79999999701977
237.80000001192093
224.19999998807907
227.90000000596046
236.90000000596046
232.19999998807907
234.30000001192093
226
234.19999998807907
241.70000000298023
228.5
230
231.20000000298023
223.59999999403954
244.90000000596046
226.5
236.5
222.70000000298023
233.59999999403954
234.29999999701977
231.20000000298023
224
225.6000000089407
245.69999998807907
237.5
224.40000000596046
228.09999999403954
240.30000001192093
230.3999999910593
228
224.40000000596046
239.5
239.59999999403954
222.29999999701977
229.80000001192093
227.5
247.5
222.69999998807907
224.90000000596046
231.79999999701977
240.90000000596046
231.29999999701977
225.40000000596046
228.3999999910593
244.1000000089407
247.69999998807907
226.80000001192093
227.19999998807907
231.90000000596046
239.90000000596046
223.59999999403954
230.59999999403954
231.40000000596046
231.79999999701977
237.70000000298023
224.79999999701977
234.6000000089407
232.5
233.29999999701977
232
234.20000000298023
227.3999999910593
233.29999999701977
232.6000000089407
244.5
222.09999999403954
228.20000000298023
234.59999999403954
232.40000000596046
227.40000000596046
235.09999999403954
232.20000000298023
237.59999999403954
223.6000000089407
229.8999999910593
234.79999999701977
240.70000000298023
224.40000000596046
224.79999999701977
235.29999999701977
235.79999999701977
230.40000000596046
224.20000000298023
233.79999999701977
239.40000000596046
232.8999999910593
227.20000000298023
237
232.09999999403954
235.90000000596046
225.59999999403954
229.40000000596046
239.29999999701977
224.1000000089407
241.3999999910593
228.1000000089407
234.5
222.59999999403954
232.5
234.5
240.70000000298023
225.20000000298023
228.59999999403954
232.09999999403954
236.20000000298023
234.1000000089407
225.79999999701977
237.20000000298023
230.29999999701977
235.20000000298023
224
234.8999999910593
233.90000000596046
228.79999999701977
230.09999999403954
226.5
243.40000000596046
221.90000000596046
232.59999999403954
232.40000000596046
240.5
225.3999999910593
234.40000000596046
227.09999999403954
236.40000000596046
231.3999999910593
226.70000000298023
228.79999999701977
229.80000001192093
240.29999999701977
223.20000000298023
230.69999998807907
232.30000001192093
227.09999999403954
235.59999999403954
234.30000001192093
233.09999999403954
223.79999999701977
233.20000000298023
238.59999999403954
232.1000000089407
225
229.70000000298023
231.09999999403954
247.90000000596046
225.5
232.59999999403954
235.20000000298023
239.79999999701977
233.90000000596046
224.5
237
237.3999999910593
223.5
228.79999999701977
226.6000000089407
255.59999999403954
224
223.40000000596046
230.8999999910593
239.5
226.20000000298023
224.79999999701977
228.70000000298023
239.70000000298023
236.09999999403954
228
226
233.40000000596046
246.5
223.40000000596046
228.8999999910593
233.79999999701977
229.30000001192093
228.79999999701977
226.20000000298023
233.5
222.8999999910593
233.70000000298023
232.20000000298023
232.70000000298023
226.69999998807907
239.70000000298023
226.20000000298023
237.09999999403954
222.30000001192093
238.3999999910593
241.1000000089407
233.79999999701977
230.20000000298023
223.79999999701977
246.20000000298023
232.5
222.79999999701977
229.5
236.79999999701977
238.5
222.70000000298023
226.59999999403954
231.29999999701977
248.1000000089407
225.3999999910593
226.40000000596046
226.09999999403954
253.6000000089407
226.70000000298023
226.8999999910593
228.79999999701977
239.6000000089407
236.79999999701977
224.09999999403954
230.6000000089407
230.79999999701977
238.5
230.20000000298023
229.8999999910593
234.1000000089407
230.79999999701977
231.90000000596046
233.79999999701977
238.70000000298023
231.69999998807907
232
226.30000001192093
244.3999999910593
242.5
232.6000000089407
231.59999999403954
231.29999999701977
227.70000000298023
230.20000000298023
236.70000000298023
234.69999998807907
222.70000000298023
237.70000000298023
237.5
234.29999999701977
222.79999999701977
230.90000000596046
232.40000000596046
239.5
226.79999999701977
223.20000000298023
225.3999999910593
247.5
222.6000000089407
225.69999998807907
236.40000000596046
231.5
232.90000000596046
225.8999999910593
236.1000000089407
230.8999999910593
232
231.40000000596046
225
236.59999999403954
226.1000000089407
230.5
230.59999999403954
239.90000000596046
224.8999999910593
234
227.40000000596046
237.5
222.20000000298023
232.69999998807907
230.20000000298023
230.20000000298023
228.20000000298023
223.59999999403954
241.6000000089407
230.59999999403954
234
230.09999999403954
235.20000000298023
234
229
225.79999999701977
233
238.90000000596046
225.29999999701977
224.1000000089407
227.5
245.59999999403954
225.70000000298023
226.59999999403954
225.70000000298023
231.29999999701977
236.29999999701977
232.80000001192093
230.5
232.79999999701977
229.79999999701977
229.40000000596046
232.59999999403954
234.20000000298023
223
229.3999999910593
238.40000000596046
232.70000000298023
225.79999999701977
232.70000000298023
236.79999999701977
245.79999999701977
222.79999999701977
227
230.30000001192093
238.59999999403954
227.79999999701977
224.40000000596046
236.70000000298023
239.3999999910593
222.70000000298023
235.20000000298023
228.20000000298023
241.79999999701977
223.09999999403954
224
233.79999999701977
237.1000000089407
233.20000000298023
226.29999999701977
227.59999999403954
237.29999999701977
236.40000000596046
225.79999999701977
227.90000000596046
233.5
241.3999999910593
223.6000000089407
234.29999999701977
231.70000000298023
232.5
232
227.5
233.79999999701977
231.40000000596046
231.79999999701977
230.70000000298023
232.09999999403954
225.29999999701977
232.90000000596046
251.8999999910593
235.80000001192093
225.59999999403954
232.5
231.70000000298023
230.3999999910593
229.40000000596046
224.20000000298023
239.5
235
223.3999999910593
231
235.70000000298023
242.6000000089407
222
225
234.8999999910593
233.70000000298023
229.5
227.29999999701977
226.70000000298023
242.29999999701977
228.90000000596046
226.3999999910593
226.90000000596046
230.29999999701977
228.5
230.20000000298023
232.20000000298023
240.79999999701977
221.90000000596046
236.79999999701977
229.70000000298023
233.8999999910593
230.40000000596046
224
240.59999999403954
234.29999999701977
232.70000000298023
224.29999999701977
234.6000000089407
251.5
232.3999999910593
226.70000000298023
228.5
239.5
227.40000000596046
233
229.59999999403954
238
223.70000000298023
240.29999999701977
226.6000000089407
239.19999998807907
224.80000001192093
229.8999999910593
231.29999999701977
231
233.5
229.20000000298023
226.79999999701977
235.5
234.40000000596046
230.90000000596046
235
230.19999998807907
226.90000000596046
231.79999999701977
237.70000000298023
231.90000000596046
222.69999998807907
233.70000000298023
233.6000000089407
233.29999999701977
223.09999999403954
223.79999999701977
238.1000000089407
239.09999999403954
225.5
224.79999999701977
231.1000000089407
247
222.8999999910593
225
232.20000000298023
246.40000000596046
230.3999999910593
224.30000001192093
229.8999999910593
239.20000000298023
233.29999999701977
229.79999999701977
227.1000000089407
237
235.70000000298023
224.3999999910593
233.1000000089407
234.8999999910593
241.29999999701977
223.40000000596046
225.40000000596046
237.19999998807907
224
245.6000000089407
226.8999999910593
233.30000001192093
230.79999999701977
239
228.8999999910593
229.40000000596046
222.5
239.20000000298023
236.59999999403954
233.40000000596046
223
227.3999999910593
240.5
230.80000001192093
225.09999999403954
225.70000000298023
230.79999999701977
262
234.09999999403954
228
237
239.30000001192093
228.5
224.59999999403954
240.29999999701977
240.20000000298023
222.79999999701977
229.90000000596046
227.29999999701977
237
232.40000000596046
224.59999999403954
231.70000000298023
241.79999999701977
234.20000000298023
223.5
226.79999999701977
253.29999999701977
243.70000000298023
238.90000000596046
227
232.3999999910593
229.5
232.6000000089407
229.5
234.79999999701977
232.20000000298023
246
224.19999998807907
235.30000001192093
233
223.69999998807907
238.80000001192093
232.09999999403954
236.40000000596046
225
237.5
234.19999998807907
223.40000000596046
233.40000000596046
228.19999998807907
234.20000000298023
232.1000000089407
234.79999999701977
230.20000000298023
238.3999999910593
224.79999999701977
235.80000001192093
226
237.59999999403954
226.09999999403954
226.40000000596046
232.09999999403954
230.30000001192093
237.19999998807907
223.90000000596046
235.40000000596046
238
228.79999999701977
230.70000000298023
234.19999998807907
232
227.80000001192093
237.3999999910593
230.6000000089407
240.79999999701977
223.70000000298023
238.59999999403954
227.29999999701977
241.20000000298023
223.59999999403954
227.70000000298023
237.79999999701977
237.1000000089407
224.3999999910593
224.90000000596046
236.20000000298023
249.3999999910593
230.70000000298023
225.70000000298023
231.40000000596046
235.09999999403954
239.59999999403954
223.80000001192093
230.8999999910593
240.5
229.90000000596046
230
229
241
229.3999999910593
225.20000000298023
231.40000000596046
231.79999999701977
236.90000000596046
231.3999999910593
226.79999999701977
236.40000000596046
232
235.20000000298023
227.8999999910593
230.5
230.6000000089407
242.29999999701977
229.40000000596046
234.29999999701977
222.8999999910593
237.30000001192093
233.79999999701977
233.09999999403954
222.79999999701977
228.80000001192093
237.09999999403954
230.79999999701977
226.79999999701977
223.5
246
239.20000000298023
224.1000000089407
227.59999999403954
235.5
233
228.5
223.20000000298023
230.20000000298023
245.69999998807907
224.90000000596046
229.29999999701977
225
242.40000000596046
223.3999999910593
223.20000000298023
232.70000000298023
230.90000000596046
237.19999998807907
225.1000000089407
226.20000000298023
238
240.19999998807907
226.6000000089407
226.8999999910593
230.30000001192093
238.5
231.69999998807907
232.1000000089407
230.79999999701977
224.70000000298023
238.20000000298023
227.59999999403954
234.29999999701977
223.70000000298023
229.70000000298023
234.8999999910593
230.90000000596046
225.29999999701977
231.79999999701977
234.90000000596046
247.29999999701977
222.40000000596046
228.8999999910593
240
232.5
227.80000001192093
240.19999998807907
238.6000000089407
243.79999999701977
222.5
229.59999999403954
233.1000000089407
244.09999999403954
223.5
224
235.5
241.29999999701977
231.30000001192093
223.8999999910593
234.1000000089407
246.69999998807907
231.90000000596046
226.40000000596046
225.29999999701977
241.5
232.20000000298023
230.09999999403954
229
232.09999999403954
223.20000000298023
242
227.5
236.6000000089407
229.79999999701977
231.79999999701977
231.09999999403954
235.5
225.5
231.6000000089407
235.5
237.3999999910593
234.40000000596046
227.59999999403954
234.5
230.6000000089407
228
231.20000000298023
235.3999999910593
238.20000000298023
223.29999999701977
242
233
244.70000000298023
222.5
232.5
231.70000000298023
241.5
225.5
233.20000000298023
226.3999999910593
239
231.1000000089407
226.69999998807907
236.70000000298023
230.70000000298023
237.70000000298023
223.5
237.59999999403954
231.40000000596046
227.79999999701977
236.5
236.09999999403954
234.80000001192093
225.09999999403954
232.90000000596046
233
240.3999999910593
226.20000000298023
228.79999999701977
232
251.1000000089407
223.29999999701977
227.29999999701977
234.29999999701977
240.5
230.1000000089407
224.09999999403954
238.40000000596046
230.69999998807907
230
229.20000000298023
231.40000000596046
238.3999999910593
235.5
224.40000000596046
230.59999999403954
241.30000001192093
226
224.59999999403954
226.70000000298023
241.5
229
235.09999999403954
226.5
234.20000000298023
235.5
233.79999999701977
227.1000000089407
232.5
227.8999999910593
244.29999999701977
225.30000001192093
234
226.19999998807907
241.40000000596046
233
232.29999999701977
225.29999999701977
228.40000000596046
239.90000000596046
236.09999999403954
224.5
230
242
230.70000000298023
230.20000000298023
224.69999998807907
243.30000001192093
231.29999999701977
222.59999999403954
228.70000000298023
232.90000000596046
249
242.5
225
230.3999999910593
252
227.40000000596046
223.79999999701977
227.20000000298023
251.20000000298023
226
227.29999999701977
226.79999999701977
229.90000000596046
238.59999999403954
224.79999999701977
229
232.6000000089407
241.09999999403954
229.20000000298023
225.20000000298023
234.8999999910593
237.70000000298023
228.29999999701977
232.5
231.70000000298023
235.59999999403954
232.20000000298023
226.79999999701977
244.20000000298023
223.1000000089407
239.5
238.09999999403954
231.29999999701977
227.90000000596046
225.59999999403954
237
229.5
224.1000000089407
239.59999999403954
234.90000000596046
237.59999999403954
223
224.79999999701977
236.1000000089407
238
225.59999999403954
225.29999999701977
229.5
244.20000000298023
223.29999999701977
227.1000000089407
227.69999998807907
230.40000000596046
234.40000000596046
223.29999999701977
230
238.09999999403954
231
229.70000000298023
226.90000000596046
239.69999998807907
223.90000000596046
232.79999999701977
233.1000000089407
230.79999999701977
227.79999999701977
232.79999999701977
227.20000000298023
238.90000000596046
232.69999998807907
235.80000001192093
226.29999999701977
230.79999999701977
236.90000000596046
224.19999998807907
236.70000000298023
230.20000000298023
234.5
229.70000000298023
235.29999999701977
232.29999999701977
224.90000000596046
233.70000000298023
230.8999999910593
238.20000000298023
225.59999999403954
224.80000001192093
227.19999998807907
244.6000000089407
223
228.29999999701977
228.59999999403954
230.40000000596046
232.70000000298023
225.09999999403954
235.1000000089407
231.09999999403954
229.40000000596046
230.29999999701977
235.70000000298023
232.29999999701977
222.79999999701977
230.09999999403954
238.90000000596046
231
225.09999999403954
232.80000001192093
228
250.09999999403954
223.29999999701977
240.70000000298023
228.59999999403954
234.5
227.70000000298023
224.1000000089407
237.59999999403954
242
224.40000000596046
228.3999999910593
227.79999999701977
245
222.5
224.1000000089407
232.59999999403954
237.6000000089407
228.69999998807907
223.70000000298023
229.20000000298023
240.90000000596046
237.29999999701977
226.20000000298023
228
231.19999998807907
250.40000000596046
228.90000000596046
229.3999999910593
231
221.90000000596046
235.3999999910593
241
243.80000001192093
222.19999998807907
241.90000000596046
230.29999999701977
230.6000000089407
225.79999999701977
238.20000000298023
228.3999999910593
237
223.20000000298023
226.09999999403954
238.20000000298023
230.20000000298023
228.20000000298023
224
239.5
234.59999999403954
223.40000000596046
230
234
242.29999999701977
223.29999999701977
224
230.70000000298023
239
231.40000000596046
224.8999999910593
226.6000000089407
240.09999999403954
230.20000000298023
227.09999999403954
226
239.40000000596046
231.09999999403954
230
228.1000000089407
231.8999999910593
232.5
237.79999999701977
227.80000001192093
235.59999999403954
231.20000000298023
227.20000000298023
232
231.19999998807907
232.70000000298023
226.1000000089407
233.19999998807907
246.5
226
235.80000001192093
234.59999999403954
232.70000000298023
227.5
235.59999999403954
229.20000000298023
238.59999999403954
223.20000000298023
239
227.5
240.29999999701977
222.80000001192093
223.3999999910593
239.1000000089407
232.59999999403954
233.09999999403954
224.40000000596046
238.29999999701977
236.5
230
227.6000000089407
236.5
234.69999998807907
227.80000001192093
231.5
237.5
232.59999999403954
223.29999999701977
237.79999999701977
226.70000000298023
236.40000000596046
222.8999999910593
224.40000000596046
242.09999999403954
238.80000001192093
225.59999999403954
224
235
247.09999999403954
225.90000000596046
226.59999999403954
226.70000000298023
237.1000000089407
229.3999999910593
224
229.29999999701977
237.1000000089407
223
231.59999999403954
228.5
233.79999999701977
240
224.5
230.30000001192093
231.29999999701977
231.3999999910593
233.30000001192093
227.29999999701977
239.5
222.79999999701977
237.59999999403954
226.90000000596046
230.29999999701977
228.5
235
232.70000000298023
230.79999999701977
223.20000000298023
227.40000000596046
241.09999999403954
233.40000000596046
223
223
247.29999999701977
256.70000000298023
265.8999999910593
224
236.40000000596046
256.59999999403954
223.29999999701977
227.1000000089407
233.70000000298023
237.79999999701977
228.29999999701977
224.20000000298023
229.29999999701977
236.40000000596046
227.59999999403954
229
228.09999999403954
243.90000000596046
232.59999999403954
224
230.80000001192093
231.3999999910593
226.5
230.29999999701977
228.40000000596046
235.90000000596046
232.09999999403954
234.90000000596046
226.8999999910593
231.20000000298023
238.20000000298023
225.3999999910593
255.70000000298023
241.79999999701977
223.40000000596046
230.5
235.79999999701977
232.90000000596046
220.3999999910593
233.20000000298023
241.5
232.5
224.29999999701977
233.70000000298023
230.79999999701977
242.90000000596046
235.70000000298023
235.20000000298023
226.19999998807907
239.30000001192093
228.59999999403954
224.79999999701977
231.79999999701977
230.40000000596046
231.40000000596046
228.8999999910593
235.5
234.40000000596046
229.3999999910593
223.80000001192093
231.29999999701977
236.8999999910593
225.80000001192093
231.79999999701977
241.59999999403954
236.20000000298023
223
234
225.59999999403954
236.30000001192093
228.8999999910593
224.5
234.20000000298023
241.5
223.20000000298023
232.20000000298023
235.59999999403954
242.79999999701977
225.70000000298023
225.20000000298023
229.70000000298023
236.19999998807907
234.70000000298023
223.70000000298023
227.70000000298023
250.20000000298023
229.5
229
229
229.8999999910593
244.5
224.20000000298023
230.40000000596046
230.09999999403954
230.20000000298023
229.29999999701977
228
233.90000000596046
222.69999998807907
236.80000001192093
232.5
230.59999999403954
226
231.90000000596046
228.69999998807907
237.6000000089407
224
226.8999999910593
238.6000000089407
230
229.5
223.5
234
232.79999999701977
223.40000000596046
230.5
234.69999998807907
238.70000000298023
238.1000000089407
224.69999998807907
230.80000001192093
237.79999999701977
226.5
225.59999999403954
228.29999999701977
244
229.20000000298023
228.20000000298023
227.5
238.40000000596046
236.19999998807907
226.1000000089407
231.09999999403954
229.70000000298023
232.5
238.20000000298023
227.5
235.29999999701977
230.90000000596046
234.79999999701977
231.09999999403954
231.20000000298023
233.70000000298023
224
234.70000000298023
238.69999998807907
222.40000000596046
234.20000000298023
234.59999999403954
232.29999999701977
228.90000000596046
230.20000000298023
230.09999999403954
238.79999999701977
223.40000000596046
235.70000000298023
229.59999999403954
239.1000000089407
231.29999999701977
233.3999999910593
230
230.5
231
223.80000001192093
225.8999999910593
248
229.6000000089407
228
234.69999998807907
232
227.80000001192093
232.19999998807907
234.80000001192093
230.29999999701977
224.29999999701977
238.79999999701977
227
240
223.1000000089407
223.8999999910593
239
237.20000000298023
226.90000000596046
223.3999999910593
232.29999999701977
243.70000000298023
222.5
227.29999999701977
227.1000000089407
236.59999999403954
227.90000000596046
225.79999999701977
229.90000000596046
239
229.09999999403954
229.5
227.09999999403954
234.5
239.1000000089407
223.70000000298023
231.69999998807907
231.1000000089407
231.5
233.29999999701977
225.79999999701977
236.90000000596046
223.3999999910593
240.5
228.80000001192093
230.3999999910593
229.29999999701977
241.80000001192093
229.69999998807907
230.1000000089407
222.5
230.20000000298023
237.3999999910593
236.5
222.29999999701977
226.90000000596046
238.90000000596046
232.09999999403954
224.79999999701977
224
232.90000000596046
241.29999999701977
223.79999999701977
227.1000000089407
226.3999999910593
242.20000000298023
227.90000000596046
224.09999999403954
228.79999999701977
239.5
228.5
229.1000000089407
226.79999999701977
234.70000000298023
229.29999999701977
224.09999999403954
232.1000000089407
231.59999999403954
234
228.90000000596046
226.79999999701977
249
231.5
231.70000000298023
225.69999998807907
230.90000000596046
238.5
224.90000000596046
236.79999999701977
237
225.3999999910593
230.70000000298023
232.20000000298023
233.90000000596046
224.09999999403954
230.79999999701977
233.5
244.1000000089407
225.5
230.09999999403954
230.90000000596046
245.3999999910593
223
227.1000000089407
234.19999998807907
237
232.1000000089407
225.29999999701977
230.29999999701977
232.29999999701977
229.70000000298023
230.29999999701977
237.20000000298023
232.6000000089407
226.09999999403954
229.5
235.59999999403954
238.40000000596046
225.59999999403954
232.1000000089407
226.5
245.29999999701977
223.79999999701977
228.6000000089407
232.09999999403954
232.09999999403954
227.6000000089407
224.20000000298023
236.69999998807907
234.70000000298023
228.90000000596046
231.3999999910593
226.90000000596046
238.79999999701977
242.79999999701977
224.70000000298023
232.90000000596046
239
235.20000000298023
223.8999999910593
228.90000000596046
244.09999999403954
230.6000000089407
225.8999999910593
226.90000000596046
230.3999999910593
234
230.6000000089407
229.79999999701977
233.40000000596046
228.59999999403954
236.79999999701977
226.6000000089407
235.8999999910593
223.20000000298023
241.5
231.40000000596046
232.19999998807907
225.70000000298023
224.6000000089407
237.8999999910593
249
221.90000000596046
226.09999999403954
235.5
229.79999999701977
228.5
224.6000000089407
247.20000000298023
231
222.59999999403954
229.79999999701977
226.90000000596046
246.59999999403954
225.1000000089407
223.3999999910593
230.20000000298023
245.29999999701977
224.79999999701977
224
225.1000000089407
243.79999999701977
229.20000000298023
228.5
227.20000000298023
229.09999999403954
230.5
228.59999999403954
228.20000000298023
230.90000000596046
230.5
238.29999999701977
227.29999999701977
235.29999999701977
223.20000000298023
224.5
235.1000000089407
230.19999998807907
225.20000000298023
235.20000000298023
235.59999999403954
237.1000000089407
222.8999999910593
235.80000001192093
229.09999999403954
241.5
226.79999999701977
230.1000000089407
229.09999999403954
238.40000000596046
223.29999999701977
230.09999999403954
230.40000000596046
233.59999999403954
246.90000000596046
225
239.20000000298023
235.69999998807907
232.70000000298023
224.40000000596046
236
237.3999999910593
224.20000000298023
233.20000000298023
226.20000000298023
233.20000000298023
230.69999998807907
231.6000000089407
229.59999999403954
241.1000000089407
221.29999999701977
230.5
233.3999999910593
243.5
224.6000000089407
225.3999999910593
249
293.90000000596046
251.5
224.5
256.40000000596046
238.5
226.59999999403954
225.20000000298023
230.20000000298023
240.69999998807907
231.20000000298023
225.70000000298023
227.90000000596046
236.8999999910593
236.40000000596046
224.8999999910593
229.30000001192093
234.29999999701977
232.70000000298023
229.59999999403954
227
242
228.79999999701977
233.5
232.70000000298023
232.20000000298023
230.8999999910593
232.40000000596046
226.40000000596046
236.8999999910593
223.40000000596046
243.29999999701977
225.79999999701977
234.5
228
225.79999999701977
242.80000001192093
231.5
223.5
231.3999999910593
240
235.5
225.70000000298023
224
238.5
231.09999999403954
226.90000000596046
224
227.20000000298023
247.70000000298023
223
228.29999999701977
231.70000000298023
249.09999999403954
229.29999999701977
224.40000000596046
228.3999999910593
237.80000001192093
230
232.19999998807907
226.1000000089407
250.3999999910593
229.6000000089407
224.20000000298023
233
231.79999999701977
229.70000000298023
231.69999998807907
230.30000001192093
236.79999999701977
229.70000000298023
234.19999998807907
228.6000000089407
230.79999999701977
238
223.79999999701977
235.79999999701977
232.6000000089407
222.09999999403954
228.90000000596046
232.70000000298023
233.8999999910593
222.79999999701977
229.40000000596046
230
242.90000000596046
224.5
225.09999999403954
224.29999999701977
248.90000000596046
223.09999999403954
224.70000000298023
237.09999999403954
230.5
237.90000000596046
223.29999999701977
236.29999999701977
231.30000001192093
228.59999999403954
231.70000000298023
235.79999999701977
234.09999999403954
222.80000001192093
232.3999999910593
233.79999999701977
235.40000000596046
224.40000000596046
230.29999999701977
228.8999999910593
242.5
222.5
229.5
231.90000000596046
232.09999999403954
227.1000000089407
224.79999999701977
231.79999999701977
236.70000000298023
222.70000000298023
236
230.20000000298023
240.79999999701977
229
224.3999999910593
232.40000000596046
232.70000000298023
229.5
223.79999999701977
225.5
240.70000000298023
230.20000000298023
235.5
227.09999999403954
233.90000000596046
230.19999998807907
236
238
233.6000000089407
222.29999999701977
237.5
224.29999999701977
232.90000000596046
223.70000000298023
225.3999999910593
234.5
230.5
228.29999999701977
223.70000000298023
244.79999999701977
236.80000001192093
224.5
226.59999999403954
233
233.70000000298023
232.70000000298023
225.3999999910593
227.20000000298023
247.5
222.5
232
228.5
250.5
223.29999999701977
228.1000000089407
230.79999999701977
236.8999999910593
232.20000000298023
223.79999999701977
228.1000000089407
236.5
238.8999999910593
227.20000000298023
230.20000000298023
231.20000000298023
234.79999999701977
232.70000000298023
226.8999999910593
232.5
229.30000001192093
238.29999999701977
225.20000000298023
237.3999999910593
222.40000000596046
227.8999999910593
238.30000001192093
232.09999999403954
225.5
232.59999999403954
230.40000000596046
237
223.79999999701977
235.6000000089407
228.29999999701977
237.8999999910593
230.1000000089407
226.70000000298023
235.79999999701977
237.3999999910593
225.5
228.5
232.40000000596046
235.40000000596046
229.3999999910593
226.40000000596046
243.29999999701977
231.5
231.20000000298023
227.20000000298023
228.69999998807907
241
222.70000000298023
233.40000000596046
227.3999999910593
236
239.20000000298023
229.90000000596046
228.8999999910593
231.20000000298023
222.90000000596046
229.20000000298023
235
238.69999998807907
222.40000000596046
223.59999999403954
241
231.6000000089407
224.79999999701977
223.70000000298023
226.70000000298023
244.09999999403954
229.40000000596046
227
227.3999999910593
241.20000000298023
228.20000000298023
232
230.59999999403954
233.1000000089407
232
230.5
226.09999999403954
234.29999999701977
231.79999999701977
230.80000001192093
229.59999999403954
238
225.79999999701977
239.5
224.79999999701977
235.90000000596046
224.40000000596046
233.8999999910593
228
230.29999999701977
237.6000000089407
224.8999999910593
244.70000000298023
230.6000000089407
221.79999999701977
231
232.8999999910593
232.30000001192093
229.8999999910593
224.6000000089407
238.5
243.3999999910593
224.90000000596046
227
228.5
248.29999999701977
222.29999999701977
227.79999999701977
227.5
233.80000001192093
237.3999999910593
224.1000000089407
231.79999999701977
231.20000000298023
237.3999999910593
230.5
227.29999999701977
232.80000001192093
229.19999998807907
232.70000000298023
231.79999999701977
230
232.70000000298023
231.1000000089407
225.3999999910593
246.20000000298023
224
232.5
231
232.5
227.70000000298023
232
235.8999999910593
231.20000000298023
223.1000000089407
238.09999999403954
225.79999999701977
245.1000000089407
224
224.5
231.19999998807907
237.90000000596046
225.20000000298023
223.3999999910593
226.20000000298023
235.6000000089407
235.8999999910593
228
233.29999999701977
230.6000000089407
237.09999999403954
224.5
232.90000000596046
235.5
224.5
236.5
225.70000000298023
241.69999998807907
222.90000000596046
232.29999999701977
232.40000000596046
240.09999999403954
225.90000000596046
228.70000000298023
232.5
238.8999999910593
223.6000000089407
225.79999999701977
234.20000000298023
230.8999999910593
250.6000000089407
223.79999999701977
238.5
233.29999999701977
236.29999999701977
229.29999999701977
225.90000000596046
241.40000000596046
231.79999999701977
224.79999999701977
232
240.29999999701977
252.29999999701977
230.5
226.5
239.30000001192093
225.3999999910593
229.20000000298023
225
231.5
235.79999999701977
225.40000000596046
227.79999999701977
230.5
227.29999999701977
234.5
236.90000000596046
234.70000000298023
222.59999999403954
233.79999999701977
245.79999999701977
231.6000000089407
225
232.3999999910593
235.30000001192093
239.3999999910593
222.1000000089407
228.79999999701977
234.70000000298023
234.69999998807907
227.70000000298023
225.29999999701977
239.20000000298023
238.20000000298023
222.90000000596046
232.09999999403954
228
245.59999999403954
224.40000000596046
222.90000000596046
232.69999998807907
239.80000001192093
235.8999999910593
223.6000000089407
227.79999999701977
238.79999999701977
242.09999999403954
225.70000000298023
225.20000000298023
230.90000000596046
246.69999998807907
224.40000000596046
243.09999999403954
237.40000000596046
238.29999999701977
231.90000000596046
229.5
235
225
242.20000000298023
233.69999998807907
232.40000000596046
229.29999999701977
243.70000000298023
229.09999999403954
243.30000001192093
221
237.5
238
230.19999998807907
230.30000001192093
226.5
250.19999998807907
229.90000000596046
223.70000000298023
229.3999999910593
238.6000000089407
243.8999999910593
222.40000000596046
226.70000000298023
241.70000000298023
244.19999998807907
225
223.80000001192093
227.69999998807907
247.80000001192093
223.29999999701977
228.3999999910593
227
232.80000001192093
238.29999999701977
225.29999999701977
227.5
234.5
233
240
229.09999999403954
243.80000001192093
223.59999999403954
232.79999999701977
232.40000000596046
232.29999999701977
232.59999999403954
234.5
225.1000000089407
238.20000000298023
229.69999998807907
239.6000000089407
231.09999999403954
230.5
237.90000000596046
225.5
242
231.20000000298023
225.19999998807907
230.1000000089407
234.20000000298023
234.8999999910593
223.20000000298023
232.90000000596046
233.79999999701977
239.59999999403954
227.20000000298023
229.59999999403954
226.30000001192093
246.19999998807907
223.5
226.1000000089407
234.3999999910593
232.30000001192093
234.29999999701977
224.8999999910593
229.20000000298023
231.1000000089407
229.59999999403954
229.59999999403954
236.90000000596046
234.29999999701977
224.70000000298023
233.90000000596046
233.19999998807907
230.6000000089407
225.8999999910593
232.80000001192093
226.5
234.3999999910593
223.6000000089407
226.69999998807907
236
241
227.80000001192093
224.79999999701977
237.3999999910593
231.90000000596046
226.20000000298023
230
228.59999999403954
240.40000000596046
232.29999999701977
224.20000000298023
231.59999999403954
239.79999999701977
232.5
224.6000000089407
226.29999999701977
244.70000000298023
233
225.3999999910593
227.20000000298023
231.79999999701977
235.40000000596046
233.20000000298023
236.70000000298023
231.29999999701977
232.29999999701977
236.20000000298023
226.70000000298023
240.09999999403954
221.90000000596046
247
230.59999999403954
233.5
224.90000000596046
236.69999998807907
235.90000000596046
235.09999999403954
225.1000000089407
226.8999999910593
245.1000000089407
230.79999999701977
228.90000000596046
224
246.19999998807907
230.1000000089407
223.79999999701977
229.40000000596046
234.69999998807907
239
222.40000000596046
224.70000000298023
231.70000000298023
249
224.8999999910593
225.40000000596046
227.70000000298023
254.8999999910593
230.1000000089407
227.29999999701977
227.29999999701977
230.90000000596046
239.79999999701977
223.70000000298023
230.29999999701977
229.79999999701977
236.09999999403954
230.1000000089407
226.20000000298023
231.79999999701977
232.8999999910593
229.80000001192093
232.79999999701977
230.8999999910593
226.1000000089407
238.59999999403954
224.6000000089407
239.69999998807907
224.20000000298023
226.6000000089407
235.69999998807907
231.20000000298023
226.5
230.29999999701977
232.6000000089407
232.59999999403954
223.90000000596046
229.8999999910593
234.80000001192093
240.3999999910593
228.90000000596046
223
239.70000000298023
236
226.09999999403954
223.70000000298023
230.20000000298023
236.69999998807907
229.40000000596046
238.5
234.79999999701977
230.70000000298023
234.29999999701977
226.29999999701977
231.80000001192093
240.29999999701977
222.5
236.3999999910593
226.1000000089407
241.29999999701977
222.40000000596046
232.19999998807907
249.30000001192093
238.8999999910593
224.40000000596046
223.8999999910593
233.5
235.20000000298023
229.6000000089407
225.59999999403954
234.70000000298023
231.09999999403954
235.70000000298023
224.09999999403954
230
238.70000000298023
231.79999999701977
228.30000001192093
234.29999999701977
242.70000000298023
224.8999999910593
228.70000000298023
231.20000000298023
230.3999999910593
230.70000000298023
229.6000000089407
226.8999999910593
236.6000000089407
231.59999999403954
238.40000000596046
227.5
231.29999999701977
232.3999999910593
230.1000000089407
238.20000000298023
230.29999999701977
223.5
235.29999999701977
229.20000000298023
232.20000000298023
222.59999999403954
224.59999999403954
248.80000001192093
231.29999999701977
239.79999999701977
225.09999999403954
237.5
239.90000000596046
222.59999999403954
225.90000000596046
227
240.90000000596046
227.3999999910593
224.40000000596046
229.5
247.79999999701977
222.59999999403954
229.90000000596046
225.20000000298023
232.5
237
223.20000000298023
230.19999998807907
231.70000000298023
234.20000000298023
222.70000000298023
234.20000000298023
245
230.19999998807907
236.1000000089407
231.09999999403954
230.1000000089407
232.59999999403954
235.09999999403954
227.70000000298023
231.6000000089407
223.5
238.09999999403954
231.70000000298023
235.70000000298023
223.69999998807907
236.5
237.20000000298023
231.5
224
231.1000000089407
226.59999999403954
246
223.59999999403954
227.30000001192093
227.5
237.3999999910593
229.1000000089407
223.09999999403954
236.09999999403954
231.30000001192093
229.09999999403954
237.79999999701977
238.1000000089407
234.09999999403954
229.70000000298023
225
232.5
233.79999999701977
224.70000000298023
230
227.5
251.20000000298023
223.3999999910593
234.6000000089407
227.19999998807907
239.20000000298023
226.90000000596046
224.5
235.5
230.79999999701977
232.90000000596046
229
231
233.59999999403954
233.70000000298023
224.20000000298023
231.79999999701977
237
233.20000000298023
223.5
227.3999999910593
244.40000000596046
223.29999999701977
234.29999999701977
226.29999999701977
230.80000001192093
232.3999999910593
231.90000000596046
227.59999999403954
230.5
230.1000000089407
229.29999999701977
224.5
233.29999999701977
222.70000000298023
232
238.79999999701977
229.40000000596046
225.69999998807907
230.70000000298023
238.1000000089407
235.8999999910593
222.5
225.79999999701977
247.80000001192093
230.69999998807907
229.1000000089407
223.3999999910593
237.80000001192093
243.19999998807907
223.40000000596046
231
225.09999999403954
248.40000000596046
223.90000000596046
223.3999999910593
231.29999999701977
248.5
226.70000000298023
223.90000000596046
229.09999999403954
235.20000000298023
235.5
227.5
224.5
232.20000000298023
242.20000000298023
222.69999998807907
231.1000000089407
234
233.20000000298023
232.69999998807907
226.90000000596046
234.29999999701977
222.1000000089407
240.8999999910593
230.90000000596046
232
236.59999999403954
233.79999999701977
232.20000000298023
235.40000000596046
223.20000000298023
234.69999998807907
233.70000000298023
230
227
232.70000000298023
234.5
238.20000000298023
224.29999999701977
229.59999999403954
228.20000000298023
240.70000000298023
300.40000000596046
263.3999999910593
262.1000000089407
245.29999999701977
225.8999999910593
226.6000000089407
237.20000000298023
243.69999998807907
225.30000001192093
226.3999999910593
235.90000000596046
231.3999999910593
237.1000000089407
223.8999999910593
236.6000000089407
230.79999999701977
224.09999999403954
232.90000000596046
236.90000000596046
245.19999998807907
222.70000000298023
231.40000000596046
232.70000000298023
237.19999998807907
225.5
228.30000001192093
228.69999998807907
245
224.40000000596046
227.70000000298023
234
230.70000000298023
228.8999999910593
225
230.1000000089407
236.19999998807907
232.70000000298023
231.90000000596046
240.20000000298023
240.8999999910593
231.79999999701977
225.80000001192093
232.3999999910593
236.40000000596046
225.5
226.70000000298023
227.29999999701977
237.5
229.70000000298023
226.09999999403954
227.29999999701977
233.70000000298023
233.40000000596046
232.19999998807907
231.70000000298023
229.79999999701977
223.6000000089407
235.59999999403954
235.6000000089407
233.09999999403954
222.5
228.59999999403954
242
231.5
224
223.90000000596046
244.90000000596046
237.79999999701977
223.09999999403954
227.40000000596046
233.3999999910593
241.40000000596046
229.29999999701977
223.79999999701977
230
243.5
223.5
228
228.30000001192093
247.8999999910593
222.70000000298023
224.20000000298023
230.5
231.20000000298023
239.5
224.5
226.3999999910593
237.70000000298023
239
227.20000000298023
227.29999999701977
233.59999999403954
246.40000000596046
242
269.90000000596046
232.19999998807907
233.30000001192093
242.5
225.79999999701977
231.70000000298023
222.3999999910593
231.1000000089407
233.59999999403954
231.20000000298023
224.09999999403954
235.6000000089407
233.3999999910593
236.20000000298023
223
235.79999999701977
227.20000000298023
240.5
228.79999999701977
223.20000000298023
240.29999999701977
238.29999999701977
223
230.30000001192093
234.59999999403954
232.5
227.59999999403954
223.70000000298023
240.5
232
232.90000000596046
223.79999999701977
225.29999999701977
242.20000000298023
223.79999999701977
231.1000000089407
228
239.3999999910593
228.70000000298023
231.90000000596046
228.79999999701977
240.09999999403954
222.6000000089407
231.8999999910593
235.1000000089407
241.8999999910593
224.5
223.90000000596046
240
230.09999999403954
233.40000000596046
224.3999999910593
228.1000000089407
241.8999999910593
228.90000000596046
227.40000000596046
228.5
237.8999999910593
234.40000000596046
224.79999999701977
227.29999999701977
232.79999999701977
227
228.1000000089407
228.70000000298023
233.8999999910593
230.20000000298023
230.5
231.79999999701977
231.70000000298023
225
251.09999999403954
228.1000000089407
234.59999999403954
224.5
242.6000000089407
228.3999999910593
230.40000000596046
232.09999999403954
225.79999999701977
244.80000001192093
232
223
231.69999998807907
247.1000000089407
233.70000000298023
222
226.8999999910593
239
243.1000000089407
232
225.09999999403954
227.29999999701977
246.20000000298023
222.29999999701977
227.1000000089407
226.3999999910593
244.79999999701977
229.30000001192093
226.59999999403954
228.79999999701977
231.90000000596046
237.70000000298023
228.59999999403954
228.70000000298023
235.20000000298023
240.5
226.3999999910593
232.90000000596046
233.59999999403954
233.79999999701977
232.1000000089407
226.3999999910593
236.6000000089407
227.79999999701977
235.40000000596046
227.3999999910593
231.70000000298023
227.79999999701977
234
234.40000000596046
230.09999999403954
223.40000000596046
237.3999999910593
236.6000000089407
232.8999999910593
223.20000000298023
233.20000000298023
229.40000000596046
238
226.09999999403954
223.20000000298023
235.29999999701977
245.79999999701977
223.70000000298023
226.40000000596046
231.3999999910593
231.29999999701977
233.5
224.6000000089407
234.20000000298023
232
229.8999999910593
229.20000000298023
227.70000000298023
238.59999999403954
220
231.29999999701977
231.30000001192093
237.69999998807907
227.30000001192093
231.79999999701977
226.70000000298023
253
222.19999998807907
225.90000000596046
231.79999999701977
231.5
228.40000000596046
226
235.5
231.79999999701977
232.20000000298023
230.70000000298023
225.09999999403954
243.20000000298023
229.8999999910593
226
232.30000001192093
238.8999999910593
226.29999999701977
233.80000001192093
228
249.8999999910593
230.79999999701977
233.40000000596046
227.59999999403954
233.70000000298023
235.70000000298023
233.40000000596046
229.5
230.5
223.3999999910593
238.29999999701977
234.20000000298023
234.29999999701977
222.40000000596046
231.29999999701977
241.6000000089407
234.8999999910593
224.90000000596046
223.59999999403954
240.79999999701977
240.1000000089407
221.70000000298023
226.69999998807907
234.80000001192093
238.19999998807907
229.1000000089407
224.5
229.79999999701977
245.79999999701977
225
229.20000000298023
227.40000000596046
246.8999999910593
223.5
224.5
231.1000000089407
239.29999999701977
238
226
227.09999999403954
240.29999999701977
236.70000000298023
226.29999999701977
226.80000001192093
229.8999999910593
236.6000000089407
232.3999999910593
229
230.29999999701977
230.5
235.40000000596046
226.70000000298023
233.09999999403954
222
234.1000000089407
250.29999999701977
231.3999999910593
226.40000000596046
233.70000000298023
231.79999999701977
236.09999999403954
223.20000000298023
233.29999999701977
226.30000001192093
237.29999999701977
228.5
223.59999999403954
235.1000000089407
239.79999999701977
223
230.09999999403954
227.70000000298023
235.29999999701977
226.6000000089407
223.79999999701977
242.09999999403954
231
231.70000000298023
226.40000000596046
225.69999998807907
243.1000000089407
229.09999999403954
229.29999999701977
225.90000000596046
242.70000000298023
228
234.5
228
238.5
222.29999999701977
238
226.90000000596046
234
226.79999999701977
223.79999999701977
238.40000000596046
230.69999998807907
233
224.80000001192093
236.09999999403954
236.70000000298023
234.20000000298023
225.79999999701977
226.8999999910593
239.40000000596046
227.5
234.20000000298023
231.59999999403954
238.5
222.29999999701977
236.80000001192093
225.19999998807907
234.20000000298023
229.6000000089407
230.8999999910593
232.29999999701977
233.6000000089407
233.70000000298023
223.59999999403954
235.79999999701977
237.90000000596046
226.20000000298023
231.19999998807907
236.40000000596046
233.5
228.59999999403954
233.20000000298023
237.90000000596046
233.59999999403954
223.29999999701977
236.40000000596046
228.5
247.40000000596046
223.79999999701977
224.8999999910593
239.70000000298023
237.40000000596046
225.3999999910593
223.80000001192093
236.5
242.79999999701977
223.8999999910593
227.80000001192093
226.3999999910593
248.40000000596046
231.09999999403954
224.20000000298023
233.09999999403954
245.70000000298023
242.79999999701977
276.70000000298023
245.6000000089407
255.3999999910593
239.90000000596046
236.59999999403954
231.40000000596046
238.20000000298023
240
229.29999999701977
248.29999999701977
233.40000000596046
235.19999998807907
227.90000000596046
232.90000000596046
236.19999998807907
233.40000000596046
228.29999999701977
230.70000000298023
236.90000000596046
232.59999999403954
242.20000000298023
231.20000000298023
240.19999998807907
226
245.5
233.6000000089407
235.3999999910593
226.40000000596046
234.59999999403954
237.5
234.30000001192093
229.79999999701977
234.20000000298023
237.8999999910593
253.90000000596046
225.8999999910593
231.1000000089407
243.09999999403954
234.79999999701977
229.6000000089407
227.70000000298023
238.59999999403954
235.20000000298023
242.79999999701977
232.20000000298023
232.8999999910593
244.40000000596046
227.40000000596046
227.59999999403954
242.90000000596046
243.5
228.19999998807907
227.80000001192093
228.3999999910593
245
229.79999999701977
229.20000000298023
228.1000000089407
241.3999999910593
239
228.5
232.5
244.29999999701977
241
232.30000001192093
232.29999999701977
234.5
229.09999999403954
235
234.5
233.90000000596046
227.09999999403954
235.70000000298023
229.29999999701977
241.40000000596046
232.79999999701977
231.40000000596046
234.79999999701977
234.5
246.8999999910593
226.30000001192093
239.79999999701977
234.8999999910593
224.90000000596046
233
237.79999999701977
235.79999999701977
226.80000001192093
234.3999999910593
239.20000000298023
239.59999999403954
224.90000000596046
227.79999999701977
229.6000000089407
248.09999999403954
229.70000000298023
235.8999999910593
235.90000000596046
238.59999999403954
233.80000001192093
230.8999999910593
238.1000000089407
237
241.29999999701977
252
251.70000000298023
255
248.29999999701977
244.59999999403954
244
245
246
229.70000000298023
245.29999999701977
231.79999999701977
245.70000000298023
226.6000000089407
227.3999999910593
235
242.40000000596046
231.59999999403954
226.29999999701977
229.90000000596046
236.79999999701977
235.40000000596046
227.29999999701977
238.70000000298023
232.8999999910593
238.1000000089407
229.29999999701977
238.70000000298023
233.70000000298023
227.5
242.69999998807907
237.1000000089407
234.8999999910593
227
236.70000000298023
232.90000000596046
241.20000000298023
229
229
235.69999998807907
245.30000001192093
227.3999999910593
228.79999999701977
241.70000000298023
234
235
228
238.90000000596046
246.8999999910593
228.90000000596046
240.40000000596046
234
248
248.8999999910593
241.6000000089407
263.8999999910593
250.79999999701977
266.40000000596046
255.5
265.79999999701977
245.20000000298023
233.90000000596046
229.59999999403954
229.5
252.90000000596046
238
225.59999999403954
238.29999999701977
241.79999999701977
230.70000000298023
222.1000000089407
229.3999999910593
232.29999999701977
242.5
227.30000001192093
230.19999998807907
232.90000000596046
238.70000000298023
222.5
231.59999999403954
235.90000000596046
229.09999999403954
231.79999999701977
234.20000000298023
240.70000000298023
222.5
243.09999999403954
226.40000000596046
235.09999999403954
230.30000001192093
236.8999999910593
233.70000000298023
229.20000000298023
225.5
228.70000000298023
238.69999998807907
234.40000000596046
226.79999999701977
222.79999999701977
247.80000001192093
233.5
227.8999999910593
223.90000000596046
238
254.70000000298023
223.29999999701977
225.20000000298023
226.8999999910593
249.5
227
225.40000000596046
229
236.59999999403954
228.6000000089407
228.79999999701977
228.20000000298023
242.09999999403954
232.70000000298023
222.79999999701977
235.20000000298023
229
240.5
227.5
228.09999999403954
238.40000000596046
224.29999999701977
232.40000000596046
228.3999999910593
230.1000000089407
238.09999999403954
229.59999999403954
231.70000000298023
234.40000000596046
234.29999999701977
227.90000000596046
237.69999998807907
234.90000000596046
223.59999999403954
232.30000001192093
242
229.29999999701977
226
232.29999999701977
231.09999999403954
244.90000000596046
228.79999999701977
235.20000000298023
226.40000000596046
239.59999999403954
232.40000000596046
222.8999999910593
237.79999999701977
235.80000001192093
229.09999999403954
228.20000000298023
234.79999999701977
231.79999999701977
232.79999999701977
223.90000000596046
237.29999999701977
231.79999999701977
235.30000001192093
225.19999998807907
237.20000000298023
236.5
226
234.1000000089407
226.79999999701977
232.8999999910593
236.5
233
228.90000000596046
241.5
223.40000000596046
232.09999999403954
231.70000000298023
238.29999999701977
227.40000000596046
222.8999999910593
243.70000000298023
232.90000000596046
226.5
222.8999999910593
230.5
252.40000000596046
229.8999999910593
227
226.40000000596046
241.59999999403954
237.6000000089407
223.5
231.59999999403954
246.20000000298023
224.40000000596046
236.69999998807907
227.1000000089407
242.20000000298023
228.59999999403954
230
232.40000000596046
230.79999999701977
235.09999999403954
230.90000000596046
226.20000000298023
237.59999999403954
229.5
228.59999999403954
234.20000000298023
229.20000000298023
235.59999999403954
234.90000000596046
236.20000000298023
231.59999999403954
223.1000000089407
233.69999998807907
240.20000000298023
233.79999999701977
223.30000001192093
223.09999999403954
240.59999999403954
236
227.70000000298023
224.90000000596046
234.29999999701977
252.29999999701977
223.6000000089407
225.8999999910593
231.40000000596046
235.09999999403954
229.5
234.20000000298023
229.79999999701977
247.6000000089407
224.3999999910593
227.90000000596046
226.5
238
237.59999999403954
223.79999999701977
243.1000000089407
231
235.29999999701977
222.59999999403954
227.1000000089407
237.20000000298023
241.59999999403954
224.59999999403954
225.6000000089407
234.70000000298023
230.5
231.5
228.8999999910593
229.40000000596046
226.70000000298023
246.79999999701977
226.09999999403954
233.40000000596046
225.5
225.8999999910593
237.70000000298023
231.29999999701977
226.6000000089407
223.20000000298023
244.29999999701977
237.29999999701977
224.70000000298023
225.8999999910593
241.30000001192093
234.5
229.59999999403954
222.90000000596046
268.3999999910593
243.40000000596046
224.5
231
226.20000000298023
240.8999999910593
223.6000000089407
222.29999999701977
231.70000000298023
243.69999998807907
229.70000000298023
222.40000000596046
227.09999999403954
247
234.40000000596046
224.3999999910593
227
237.80000001192093
234.5
226.79999999701977
232.29999999701977
232.70000000298023
235.70000000298023
235.59999999403954
226.59999999403954
233.80000001192093
231.5
232.09999999403954
232.59999999403954
231.40000000596046
234.5
223.20000000298023
234.79999999701977
238.40000000596046
224.29999999701977
231.79999999701977
236.79999999701977
232.29999999701977
242.20000000298023
228.79999999701977
232.70000000298023
232.5
223.79999999701977
237.40000000596046
228.59999999403954
243.20000000298023
225.40000000596046
222.79999999701977
233.20000000298023
235.20000000298023
231.29999999701977
223
234.8999999910593
238.70000000298023
233.1000000089407
227
240.8999999910593
232.70000000298023
245.90000000596046
224.8999999910593
239.40000000596046
234
227
233.09999999403954
225.90000000596046
232.8999999910593
224.6000000089407
232
235.20000000298023
236
227.09999999403954
226.90000000596046
234.3999999910593
245.90000000596046
224.59999999403954
224.1000000089407
241.09999999403954
232.20000000298023
229.3999999910593
223
233.20000000298023
237.5
229.90000000596046
229
229.3999999910593
245.30000001192093
232.69999998807907
223.70000000298023
234.6000000089407
239.3999999910593
227.1000000089407
234.5
228.29999999701977
235.29999999701977
233.09999999403954
231.40000000596046
228.5
232.90000000596046
241.09999999403954
230
230.70000000298023
232.09999999403954
228.29999999701977
230.1000000089407
233.29999999701977
243.59999999403954
224.1000000089407
235.3999999910593
239.90000000596046
232.20000000298023
227.5
231.20000000298023
237.19999998807907
238.80000001192093
223.09999999403954
227.70000000298023
242.20000000298023
228.8999999910593
229.90000000596046
224
237.5
238.70000000298023
225
227.29999999701977
227.70000000298023
251.8999999910593
224.40000000596046
223.29999999701977
231.70000000298023
248.70000000298023
225.79999999701977
232.20000000298023
228.19999998807907
244.30000001192093
236.79999999701977
227.20000000298023
227.79999999701977
231.09999999403954
243.90000000596046
224.70000000298023
229.3999999910593
231.20000000298023
231.5
227.79999999701977
232.40000000596046
234.3999999910593
226.90000000596046
243
234.5
232.70000000298023
230.29999999701977
231.79999999701977
226.20000000298023
234.70000000298023
223.59999999403954
226.5
242.79999999701977
233.70000000298023
232.1000000089407
224.3999999910593
239
232.70000000298023
223.70000000298023
228.70000000298023
240.29999999701977
239.70000000298023
225
224.8999999910593
241.29999999701977
241.1000000089407
226.70000000298023
222.59999999403954
230.70000000298023
255.5
226.29999999701977
225
228.40000000596046
240.79999999701977
236
223
228.59999999403954
233.70000000298023
233.09999999403954
229.20000000298023
229.40000000596046
239.20000000298023
225.8999999910593
231.20000000298023
233.20000000298023
232.5
233.09999999403954
232
228.29999999701977
237.90000000596046
232.29999999701977
229.90000000596046
231.5
234
237.8999999910593
222.80000001192093
237.09999999403954
235.90000000596046
225.59999999403954
229.40000000596046
239.29999999701977
233.09999999403954
224.1000000089407
223.8999999910593
233.29999999701977
242.20000000298023
230.40000000596046
230
227.29999999701977
245.59999999403954
224.30000001192093
225.8999999910593
235
231.40000000596046
236.5
225.79999999701977
228.40000000596046
233.59999999403954
231.70000000298023
228.3999999910593
236
238.80000001192093
224.3999999910593
229.1000000089407
231.8999999910593
240.79999999701977
226.5
231.5
228.20000000298023
236.79999999701977
223.70000000298023
232.20000000298023
228.20000000298023
241.20000000298023
228
222.79999999701977
248.3999999910593
230.80000001192093
223.8999999910593
227.20000000298023
234.40000000596046
240
232.5
222.19999998807907
233.30000001192093
241.29999999701977
233
224.09999999403954
226.20000000298023
242.20000000298023
234.20000000298023
225.09999999403954
227.40000000596046
233.3999999910593
234.1000000089407
232.5
230.29999999701977
228.29999999701977
234
229.09999999403954
228.1000000089407
234.59999999403954
226.1000000089407
236.59999999403954
231.20000000298023
232.70000000298023
227.5
231.09999999403954
229.20000000298023
240.8999999910593
223.70000000298023
233.79999999701977
236.40000000596046
232.59999999403954
230
223.30000001192093
238.29999999701977
233.3999999910593
237.80000001192093
229.59999999403954
231.5
235.40000000596046
223.3999999910593
223.29999999701977
235.90000000596046
247.40000000596046
225.09999999403954
222.70000000298023
226.79999999701977
251.5
224.20000000298023
223.79999999701977
227.40000000596046
232.79999999701977
237.59999999403954
222.6000000089407
228.5
229.79999999701977
240.3999999910593
238.70000000298023
228
260.40000000596046
244.29999999701977
227.09999999403954
236.40000000596046
234.20000000298023
228.5
229.8999999910593
226.6000000089407
236.5
226.09999999403954
227.6000000089407
231.69999998807907
229.6000000089407
230.8999999910593
230.20000000298023
235.29999999701977
229.20000000298023
223
231.79999999701977
233.20000000298023
239.20000000298023
223.59999999403954
223.1000000089407
236.79999999701977
239.29999999701977
226.40000000596046
237.09999999403954
235.5
235.6000000089407
234.19999998807907
225.6000000089407
238
231.09999999403954
238
222.90000000596046
234.8999999910593
235.30000001192093
223.09999999403954
231.20000000298023
236
239.70000000298023
223.69999998807907
228.90000000596046
232.40000000596046
244
230
225.3999999910593
236.1000000089407
239.3999999910593
230
225.40000000596046
234.59999999403954
238.1000000089407
230.59999999403954
222.59999999403954
228.80000001192093
243
234.3999999910593
227.70000000298023
226.79999999701977
239.6000000089407
229.29999999701977
227.29999999701977
232.5
239.29999999701977
238.1000000089407
231.09999999403954
226.59999999403954
240.20000000298023
230.70000000298023
234
226.90000000596046
232.69999998807907
235.80000001192093
232.19999998807907
228
231.80000001192093
223.79999999701977
236.59999999403954
234
233.90000000596046
224.70000000298023
229.19999998807907
237.20000000298023
231.90000000596046
228.3999999910593
222.80000001192093
243
236.5
224
225.19999998807907
232.20000000298023
236.79999999701977
229.80000001192093
223
229
249.69999998807907
223.80000001192093
227.5
228
249.79999999701977
223.70000000298023
222.29999999701977
236.09999999403954
233.70000000298023
238.70000000298023
221.79999999701977
227.29999999701977
236.79999999701977
234
225.5
228.5
229.90000000596046
239.59999999403954
230.5
230
233.20000000298023
223.6000000089407
235.5
228.5
237.3999999910593
225.90000000596046
235.09999999403954
241.29999999701977
230.30000001192093
225.8999999910593
232.90000000596046
235.3999999910593
233.5
223.5
226.1000000089407
237.09999999403954
237.90000000596046
238.59999999403954
222.70000000298023
229
237
224.20000000298023
228.5
241
235.59999999403954
230.90000000596046
223.59999999403954
232.6000000089407
238.3999999910593
232.79999999701977
222.80000001192093
227.09999999403954
259.90000000596046
223.69999998807907
230.40000000596046
228.79999999701977
244
230.29999999701977
229.90000000596046
229
241.5
225.70000000298023
228.70000000298023
234.19999998807907
232.40000000596046
233.90000000596046
222.79999999701977
240.5
231.09999999403954
236.40000000596046
223.8999999910593
226.90000000596046
245.5
233.09999999403954
226
226.90000000596046
238
228.59999999403954
234.20000000298023
229.70000000298023
230.5
231.59999999403954
235.40000000596046
228.70000000298023
231.79999999701977
230.70000000298023
249.09999999403954
232.79999999701977
230.1000000089407
227.70000000298023
228.5
227.5
234.09999999403954
223.90000000596046
234
234.59999999403954
232.79999999701977
231.29999999701977
223.5
253.80000001192093
230.69999998807907
222.90000000596046
228.90000000596046
241.69999998807907
242.5
223.90000000596046
223.09999999403954
235.90000000596046
249.90000000596046
228.59999999403954
222.59999999403954
228.20000000298023
249.1000000089407
225.29999999701977
225
226.29999999701977
263.90000000596046
230.3999999910593
223.29999999701977
229.1000000089407
230.79999999701977
238.29999999701977
228.5
227.1000000089407
232.59999999403954
240.59999999403954
222.40000000596046
232.40000000596046
232.29999999701977
235
231
227.20000000298023
236.69999998807907
223.20000000298023
239
227.1000000089407
230.79999999701977
229.5
234.09999999403954
236
231.1000000089407
223.79999999701977
234.09999999403954
233.1000000089407
235.3999999910593
224.40000000596046
222
234.09999999403954
237.79999999701977
226.80000001192093
222.3999999910593
233.79999999701977
246.6000000089407
223.5
225.29999999701977
238.40000000596046
231.29999999701977
236.70000000298023
223.09999999403954
228.90000000596046
238.29999999701977
231.09999999403954
227.79999999701977
226.40000000596046
236.29999999701977
224.70000000298023
230.59999999403954
230.90000000596046
237.40000000596046
225.5
226.79999999701977
230.79999999701977
251.5
226.59999999403954
226
233.1000000089407
231.5
235.8999999910593
225.6000000089407
236.59999999403954
232.70000000298023
233.29999999701977
227.20000000298023
229
240.20000000298023
233.5
230.29999999701977
233.70000000298023
238.20000000298023
228.29999999701977
231.59999999403954
259
254
229.20000000298023
235
226.59999999403954
233.90000000596046
238.20000000298023
231.79999999701977
230.79999999701977
231.29999999701977
223.70000000298023
232.6000000089407
233.8999999910593
232.90000000596046
224.20000000298023
229.3999999910593
234.90000000596046
230.79999999701977
230
223.90000000596046
241.19999998807907
234.40000000596046
223.09999999403954
227.20000000298023
237.90000000596046
238.5
230.20000000298023
224.29999999701977
228.79999999701977
245.90000000596046
223.69999998807907
229
227.90000000596046
248.20000000298023
224.20000000298023
223
231.69999998807907
240.30000001192093
245.09999999403954
224
228.5
236.70000000298023
236.79999999701977
224.79999999701977
226.79999999701977
232.1000000089407
239.59999999403954
229.40000000596046
228.29999999701977
229.70000000298023
233.8999999910593
246.1000000089407
225.59999999403954
234.40000000596046
226.09999999403954
234.20000000298023
234.29999999701977
231.5
226.1000000089407
235.29999999701977
232.8999999910593
237
230.80000001192093
233.19999998807907
232.5
230.80000001192093
231.8999999910593
224.40000000596046
230.70000000298023
237.79999999701977
225.3999999910593
236.40000000596046
233.40000000596046
238.59999999403954
224.09999999403954
223.80000001192093
241.69999998807907
233.1000000089407
239.70000000298023
223.5
232.69999998807907
239.40000000596046
231.59999999403954
226.70000000298023
226.5
234.6000000089407
229.8999999910593
229.79999999701977
230.30000001192093
235.59999999403954
223.5
236
228.29999999701977
240.90000000596046
225.5
222.3999999910593
238.90000000596046
231.09999999403954
226.5
223
228
239.6000000089407
230.70000000298023
227
226.79999999701977
237.09999999403954
230
232.29999999701977
229
235.1000000089407
229.70000000298023
242.59999999403954
226.59999999403954
233.5
231
231.6000000089407
238.79999999701977
230.90000000596046
233
231.5
229.8999999910593
237.79999999701977
224.70000000298023
231.5
233.5
232.20000000298023
228.20000000298023
230.8999999910593
237.20000000298023
233.1000000089407
222.8999999910593
228.79999999701977
233.80000001192093
231.79999999701977
222.59999999403954
222.6000000089407
241.8999999910593
236
226.29999999701977
222.30000001192093
227.8999999910593
253.6000000089407
224.09999999403954
225.29999999701977
226.40000000596046
245.3999999910593
232.40000000596046
222.29999999701977
229.20000000298023
231.79999999701977
237.20000000298023
227.70000000298023
225.59999999403954
235.5
240.6000000089407
223.09999999403954
233.20000000298023
230.79999999701977
240
231
236.5
235.29999999701977
223.90000000596046
251.5
226
237.29999999701977
231.70000000298023
232.20000000298023
236.59999999403954
231.79999999701977
223.5
239.1000000089407
236.8999999910593
233.79999999701977
224.1000000089407
233.20000000298023
233.19999998807907
238.80000001192093
226.59999999403954
223.5
238
242.79999999701977
224.20000000298023
225.70000000298023
236.8999999910593
230
243.20000000298023
222.6000000089407
239.09999999403954
231.79999999701977
230.70000000298023
231.5
226.29999999701977
245.5
223.90000000596046
228.3999999910593
234.30000001192093
232.79999999701977
227.70000000298023
229.19999998807907
226.40000000596046
236.90000000596046
223.29999999701977
224.8999999910593
235.70000000298023
231.79999999701977
231.30000001192093
224.69999998807907
236.1000000089407
230.59999999403954
235.20000000298023
228.79999999701977
226.5
254.5
233.79999999701977
226
233
237.6000000089407
226.29999999701977
230.5
228
237.59999999403954
230.1000000089407
226.70000000298023
227.3999999910593
231.79999999701977
236.80000001192093
229.8999999910593
227.70000000298023
231.79999999701977
223.70000000298023
237.90000000596046
233.19999998807907
234.1000000089407
226
229.59999999403954
234.70000000298023
232.40000000596046
227.8999999910593
222.40000000596046
252.09999999403954
236.70000000298023
225.40000000596046
232
242.3999999910593
234.1000000089407
228.09999999403954
223.5
230.59999999403954
243.1000000089407
226
228.3999999910593
227.6000000089407
260.09999999403954
223.70000000298023
222.59999999403954
246.6000000089407
247.79999999701977
237.29999999701977
228.40000000596046
229.09999999403954
237.6000000089407
239.5
224.59999999403954
226.09999999403954
229.5
245.30000001192093
225.19999998807907
228.5
232.20000000298023
233
234.5
226.6000000089407
234.8999999910593
223.40000000596046
235.29999999701977
233.70000000298023
228.59999999403954
226.79999999701977
231.70000000298023
232.29999999701977
237.1000000089407
224
231.70000000298023
235
231.3999999910593
230.40000000596046
222.70000000298023
239.09999999403954
241.09999999403954
294.30000001192093
289
259.5
237.19999998807907
225.6000000089407
240.79999999701977
227.09999999403954
241.40000000596046
226.79999999701977
222.5
250.40000000596046
242.29999999701977
225.29999999701977
226.70000000298023
227
233.90000000596046
230.5
224.8999999910593
237.5
229.29999999701977
233.30000001192093
227.5
229.09999999403954
239.5
224.79999999701977
235.70000000298023
227.09999999403954
242.90000000596046
225.70000000298023
227
235.29999999701977
239.09999999403954
226.80000001192093
223.29999999701977
234.29999999701977
243.70000000298023
231.59999999403954
226.6000000089407
234.19999998807907
231.80000001192093
243.09999999403954
222.59999999403954
229
239.1000000089407
223.3999999910593
227.6000000089407
228.5
240.70000000298023
223.69999998807907
230
233.70000000298023
229.70000000298023
232.09999999403954
229.1000000089407
229.20000000298023
236.69999998807907
233.80000001192093
233.59999999403954
226.40000000596046
233.69999998807907
227.80000001192093
231.69999998807907
235.40000000596046
235.5
224.09999999403954
236.80000001192093
234
234.8999999910593
224.6000000089407
222.59999999403954
250.09999999403954
234.30000001192093
227.29999999701977
224.5
242.09999999403954
232.5
224
225.5
226.6000000089407
240.29999999701977
231.79999999701977
222.29999999701977
228.79999999701977
241.80000001192093
223.29999999701977
228.3999999910593
226.5
238.20000000298023
233
226.90000000596046
237.3999999910593
231.80000001192093
235.29999999701977
222.5
227.8999999910593
236.1000000089407
235.29999999701977
235.90000000596046
228.29999999701977
231.20000000298023
240.29999999701977
232.29999999701977
231.09999999403954
231.5
226.6000000089407
235.59999999403954
229.5
232
225.29999999701977
223.70000000298023
239.79999999701977
231.20000000298023
231.5
229.1000000089407
235.3999999910593
236.40000000596046
224.5
224.70000000298023
235.09999999403954
239.5
230.79999999701977
222
238.5
240.1000000089407
224
226.69999998807907
227.5
232.70000000298023
231.6000000089407
224.29999999701977
234.29999999701977
238.90000000596046
236.3999999910593
226.29999999701977
226.40000000596046
241.40000000596046
229.09999999403954
230.29999999701977
226.70000000298023
236.79999999701977
228.6000000089407
234
235.59999999403954
231.59999999403954
231.5
236.80000001192093
228.29999999701977
234.70000000298023
231.09999999403954
224
248.20000000298023
233.20000000298023
230.59999999403954
223.5
236
236.79999999701977
224.20000000298023
231.59999999403954
229.70000000298023
239.79999999701977
228.90000000596046
224.59999999403954
230.90000000596046
242.90000000596046
223.29999999701977
235.79999999701977
228.29999999701977
237.20000000298023
234.70000000298023
229.8999999910593
233.30000001192093
232.09999999403954
235.29999999701977
222.79999999701977
232.30000001192093
235.5
232.59999999403954
225.70000000298023
233.59999999403954
231.6000000089407
228.29999999701977
232.09999999403954
238.6000000089407
230.69999998807907
226.1000000089407
238.20000000298023
226.79999999701977
237.3999999910593
223.1000000089407
223.20000000298023
237.5
241.79999999701977
227.3999999910593
222.90000000596046
237.5
242.70000000298023
223.70000000298023
224.29999999701977
230.79999999701977
237.70000000298023
229.59999999403954
223.29999999701977
232.40000000596046
239.40000000596046
233.09999999403954
227.59999999403954
227
239.30000001192093
239.59999999403954
222.5
233.59999999403954
231.6000000089407
235.70000000298023
232.69999998807907
227.20000000298023
247.1000000089407
233.59999999403954
226.20000000298023
226.20000000298023
228.59999999403954
228.20000000298023
238.8999999910593
230
228.40000000596046
225
235.20000000298023
227
235.09999999403954
227
224.40000000596046
245.5
232.3999999910593
226.40000000596046
235.90000000596046
245.19999998807907
239.6000000089407
226
225.70000000298023
232.79999999701977
244.59999999403954
228.70000000298023
223.5
231.40000000596046
248.69999998807907
223.6000000089407
240.5
228.79999999701977
254.79999999701977
223.29999999701977
222.30000001192093
233.8999999910593
239.6000000089407
233.3999999910593
235.90000000596046
228
235.79999999701977
243.09999999403954
224.5
227.1000000089407
231.5
239.20000000298023
226.8999999910593
230.20000000298023
233.90000000596046
234.5
241
227.5
231
225.29999999701977
240
233.5
229.5
227.5
229.79999999701977
235.20000000298023
233.79999999701977
225.29999999701977
235
235.20000000298023
230.20000000298023
228.20000000298023
233.19999998807907
229.20000000298023
238.70000000298023
225.29999999701977
226.5
229
240.1000000089407
224.59999999403954
222.20000000298023
231.79999999701977
238.59999999403954
229.5
223.70000000298023
227.29999999701977
240.40000000596046
235.40000000596046
225.79999999701977
228.8999999910593
239.70000000298023
243
226.5
230.5
238.6000000089407
224.5
238.19999998807907
227.80000001192093
251.79999999701977
224
231
234.20000000298023
230.79999999701977
235.3999999910593
242.6000000089407
232.70000000298023
239.19999998807907
230.70000000298023
225.29999999701977
234.80000001192093
229.8999999910593
238.6000000089407
222.8999999910593
234.5
245.6000000089407
234.5
228.09999999403954
225.70000000298023
242.79999999701977
223.79999999701977
233.1000000089407
232.59999999403954
243
224.79999999701977
224
228.40000000596046
234.5
234.5
226.29999999701977
226.09999999403954
229.5
240.1000000089407
223.20000000298023
237.3999999910593
232
227.29999999701977
233.5
233.5
233.6000000089407
225.79999999701977
231.59999999403954
241.5
230.1000000089407
226.29999999701977
227.20000000298023
230.8999999910593
237.40000000596046
224.40000000596046
226.79999999701977
235.29999999701977
239.40000000596046
233.3999999910593
223.20000000298023
235.09999999403954
247.70000000298023
224.5
227.90000000596046
228.20000000298023
243.79999999701977
234.3999999910593
224.20000000298023
233.1000000089407
240.09999999403954
235.5
223
229.90000000596046
235.3999999910593
240.79999999701977
226.30000001192093
225.8999999910593
233.20000000298023
237.5
232.40000000596046
229.5
231.59999999403954
225.09999999403954
243.30000001192093
225.3999999910593
234.6000000089407
224.59999999403954
231.40000000596046
235.19999998807907
234.40000000596046
227.20000000298023
229.3999999910593
234.30000001192093
237.29999999701977
223.5
225.09999999403954
242.6000000089407
230.79999999701977
230
223.3999999910593
245.80000001192093
232.79999999701977
223.5
228.29999999701977
230.70000000298023
245.5
223.70000000298023
225.3999999910593
230.29999999701977
247.40000000596046
227.09999999403954
222.80000001192093
227.29999999701977
234
232.70000000298023
227.59999999403954
227.29999999701977
238.29999999701977
236.1000000089407
222.5
229.09999999403954
230.79999999701977
224.80000001192093
240
227.79999999701977
232.29999999701977
230.90000000596046
229.3999999910593
234.1000000089407
233.69999998807907
231.6000000089407
225.20000000298023
241.79999999701977
237.5
224.29999999701977
232.09999999403954
233.5
233.5
228.6000000089407
232.3999999910593
229.5
240.90000000596046
223.90000000596046
235.3999999910593
225.70000000298023
238.90000000596046
222.8999999910593
222.6000000089407
232
233.8999999910593
232.79999999701977
222.30000001192093
227.8999999910593
236.29999999701977
228.70000000298023
225
233
241.1000000089407
228.29999999701977
228.5
229.79999999701977
238.70000000298023
224.09999999403954
233.6000000089407
229.79999999701977
245.29999999701977
224.90000000596046
224.8999999910593
235.5
239.20000000298023
227.59999999403954
222.70000000298023
233.1000000089407
237.19999998807907
233.80000001192093
225.79999999701977
230.3999999910593
235.30000001192093
237.3999999910593
223.5
229.29999999701977
237.90000000596046
230.40000000596046
226.59999999403954
226.59999999403954
241.70000000298023
241.1000000089407
229.79999999701977
233
231.79999999701977
234
232.20000000298023
227.09999999403954
237
227.40000000596046
239.29999999701977
227.70000000298023
229
229
231
236
230.70000000298023
225.29999999701977
235.79999999701977
238.40000000596046
235.79999999701977
224.5
222.3999999910593
238.20000000298023
232.1000000089407
225.69999998807907
224.40000000596046
229.20000000298023
242.29999999701977
223.79999999701977
226.1000000089407
228
248.59999999403954
235.29999999701977
224.6000000089407
230.09999999403954
246.70000000298023
230.70000000298023
228.5
226.8999999910593
243.6000000089407
230.8999999910593
223.1000000089407
235.29999999701977
228.5
240.8999999910593
222.30000001192093
227.79999999701977
242.5
232.09999999403954
234.40000000596046
227.59999999403954
233.20000000298023
238.20000000298023
230.29999999701977
230.09999999403954
233.20000000298023
224.29999999701977
235.70000000298023
233.90000000596046
239.09999999403954
223.70000000298023
223.29999999701977
238.90000000596046
234.3999999910593
226.80000001192093
228.8999999910593
227
243.70000000298023
225.29999999701977
225.1000000089407
233.29999999701977
236.70000000298023
229.69999998807907
222.5
229.1000000089407
230
233.5
228
234.5
235.5
238.70000000298023
223.19999998807907
231.20000000298023
238.5
225.20000000298023
231.40000000596046
228.3999999910593
240
224.40000000596046
231.8999999910593
226.30000001192093
233.19999998807907
229.40000000596046
221.90000000596046
242
231.19999998807907
230.5
228.5
234.80000001192093
233.59999999403954
233.20000000298023
222.79999999701977
231.70000000298023
238.29999999701977
227.20000000298023
222.8999999910593
226.20000000298023
244.5
223.40000000596046
234.79999999701977
225.90000000596046
236.5
234.19999998807907
231.70000000298023
229.40000000596046
231
232.8999999910593
236.30000001192093
226.29999999701977
233.59999999403954
226.70000000298023
229.29999999701977
231
231.5
228
230.20000000298023
238.5
237.40000000596046
224
227.79999999701977
246.09999999403954
229.1000000089407
228.79999999701977
223.8999999910593
235.70000000298023
238.6000000089407
222.79999999701977
229.79999999701977
227.5
240.70000000298023
228.09999999403954
223.20000000298023
242.40000000596046
244.19999998807907
226.6000000089407
222.09999999403954
227.90000000596046
234.20000000298023
237.59999999403954
223.90000000596046
228.5
230.29999999701977
244.5
222.8999999910593
228.20000000298023
235.5
225.1000000089407
234.69999998807907
225.6000000089407
234.09999999403954
223.90000000596046
241.09999999403954
230.70000000298023
232.59999999403954
227.1000000089407
227
236.29999999701977
234.40000000596046
225.29999999701977
234.70000000298023
234.5
229.09999999403954
233.09999999403954
223.70000000298023
238
231.1000000089407
223.8999999910593
227.29999999701977
233.5
240.5
223.5
226.20000000298023
233
240.6000000089407
227.29999999701977
222.70000000298023
232
236.29999999701977
231.79999999701977
227.20000000298023
228.8999999910593
239
238.1000000089407
222.59999999403954
229.90000000596046
240.5
225
232.5
228.59999999403954
236
224.1000000089407
232.8999999910593
233.5
230
229.40000000596046
234.29999999701977
233
234.79999999701977
233.90000000596046
224.20000000298023
236.3999999910593
231.20000000298023
238.29999999701977
223.1000000089407
237.3999999910593
235.90000000596046
225.8999999910593
227.20000000298023
227.1000000089407
255.29999999701977
225.3999999910593
229.90000000596046
230.90000000596046
242.3999999910593
229
230.6000000089407
225.8999999910593
235.1000000089407
232.59999999403954
231.70000000298023
234.79999999701977
230.79999999701977
237
225
230.70000000298023
231
228.79999999701977
231.40000000596046
236.79999999701977
234.40000000596046
223.29999999701977
233.5
230.70000000298023
237.29999999701977
225.5
230.59999999403954
227.79999999701977
241.40000000596046
223.70000000298023
225.70000000298023
237.09999999403954
243.09999999403954
228.70000000298023
222.20000000298023
238.79999999701977
251
225.70000000298023
227.59999999403954
242.6000000089407
246.59999999403954
232.90000000596046
223.20000000298023
231.29999999701977
238.79999999701977
229.70000000298023
222.09999999403954
228.20000000298023
243.20000000298023
235.5
225.09999999403954
226.1000000089407
230.59999999403954
237.59999999403954
230.20000000298023
228.70000000298023
231.40000000596046
234.79999999701977
237.3999999910593
225.40000000596046
233.09999999403954
224.5
241.70000000298023
231.70000000298023
230.09999999403954
227.40000000596046
232
237.90000000596046
234.5
224.09999999403954
226.5
245.40000000596046
229.59999999403954
231
225
249.59999999403954
233
223.30000001192093
226.69999998807907
230.80000001192093
237
223.29999999701977
223.5
233.29999999701977
248.59999999403954
225.40000000596046
222.79999999701977
226.70000000298023
246.09999999403954
226.5
225
227.70000000298023
231.70000000298023
241.70000000298023
222
230.5
229
240
227.3999999910593
225.6000000089407
236.09999999403954
233.79999999701977
230.80000001192093
231.8999999910593
232.6000000089407
236.3999999910593
232.5
225.79999999701977
244.1000000089407
225.20000000298023
237.5
226.69999998807907
232.20000000298023
231.1000000089407
224.3999999910593
235.1000000089407
234.3999999910593
224.1000000089407
234.8999999910593
236.40000000596046
238.79999999701977
224.59999999403954
223.40000000596046
231.29999999701977
239.20000000298023
226.20000000298023
225.29999999701977
235.20000000298023
247.3999999910593
223.6000000089407
225.20000000298023
235.8999999910593
239
234
223.29999999701977
231.6000000089407
232.59999999403954
232.79999999701977
238.20000000298023
227.40000000596046
235
227.3999999910593
247.20000000298023
233.40000000596046
233.79999999701977
226.09999999403954
231.30000001192093
226.59999999403954
238.09999999403954
231.80000001192093
234.79999999701977
226.29999999701977
233.59999999403954
239.20000000298023
224.20000000298023
236.40000000596046
230.79999999701977
224.59999999403954
226.79999999701977
235.90000000596046
244.09999999403954
231.30000001192093
222.69999998807907
232.20000000298023
240.40000000596046
226.20000000298023
223.3999999910593
228.90000000596046
242.29999999701977
223.90000000596046
234
227.5
232.3999999910593
235
229
229.79999999701977
231.80000001192093
232.29999999701977
228.79999999701977
233.09999999403954
232.6000000089407
229.70000000298023
227
239.29999999701977
232.59999999403954
227.70000000298023
230.79999999701977
237.40000000596046
234
224.5
234
228.79999999701977
233.09999999403954
228.90000000596046
221.90000000596046
235.09999999403954
239.5
223.70000000298023
227.8999999910593
234.80000001192093
243.59999999403954
223.5
222.79999999701977
231.29999999701977
243.80000001192093
230.69999998807907
224.6000000089407
226.70000000298023
243.79999999701977
233.20000000298023
224.09999999403954
226
231.40000000596046
243.8999999910593
223.79999999701977
229.80000001192093
231.69999998807907
231.80000001192093
227.8999999910593
227
236.5
224.40000000596046
228.3999999910593
231.90000000596046
233.20000000298023
226.79999999701977
238.79999999701977
227.90000000596046
233.59999999403954
223.90000000596046
227.3999999910593
242.30000001192093
232.09999999403954
228
222.90000000596046
245.8999999910593
229.5
224.29999999701977
228.80000001192093
244.3999999910593
234.40000000596046
225.8999999910593
223.30000001192093
232
246.5
226.5
223.3999999910593
226.20000000298023
253
224.20000000298023
225.09999999403954
226.6000000089407
240.19999998807907
236.90000000596046
222.70000000298023
227.8999999910593
232.1000000089407
241.09999999403954
226.79999999701977
228.5
232.6000000089407
230.8999999910593
249.1000000089407
233
231.70000000298023
238.19999998807907
230.90000000596046
227.40000000596046
235.59999999403954
227.09999999403954
239.30000001192093
226.79999999701977
233.5
229.20000000298023
223.79999999701977
238.20000000298023
232
227.29999999701977
235.59999999403954
234.79999999701977
234.70000000298023
225
225.1000000089407
233.59999999403954
239.70000000298023
226.70000000298023
222.5
236.29999999701977
241.59999999403954
224.90000000596046
224.8999999910593
229.80000001192093
231
233.8999999910593
224.1000000089407
232.79999999701977
239.59999999403954
261.70000000298023
260
229.59999999403954
242.80000001192093
231.79999999701977
224.79999999701977
231.20000000298023
239.59999999403954
224.90000000596046
230.59999999403954
227.20000000298023
246
224
231
227.5
237
235
222.29999999701977
237.5
231
231.1000000089407
227.79999999701977
232.8999999910593
233.80000001192093
233.79999999701977
222.59999999403954
231
240.5
235.70000000298023
223.20000000298023
227.09999999403954
245.40000000596046
224.29999999701977
226.70000000298023
226.5
230.59999999403954
236.20000000298023
232.29999999701977
229.20000000298023
231.79999999701977
231.40000000596046
233.70000000298023
227.29999999701977
231.79999999701977
224.90000000596046
231
234.19999998807907
229.5
236.1000000089407
229.8999999910593
235.6000000089407
235.5
223
229.8999999910593
241
232.20000000298023
228
223.40000000596046
235.29999999701977
232.20000000298023
226.29999999701977
227.40000000596046
239.5
270.09999999403954
235.40000000596046
223.29999999701977
232.8999999910593
242
226.30000001192093
222.5
228.09999999403954
236.09999999403954
240.80000001192093
225
227.29999999701977
232.79999999701977
241.79999999701977
222.40000000596046
229.59999999403954
231.40000000596046
233.3999999910593
229.1000000089407
228.8999999910593
233.5
226.70000000298023
234.6000000089407
232.69999998807907
233.6000000089407
226.3999999910593
242.6000000089407
233.8999999910593
236.90000000596046
226.29999999701977
235.70000000298023
239.79999999701977
231.79999999701977
228.6000000089407
230.3999999910593
230.90000000596046
235.59999999403954
223.6000000089407
228.79999999701977
234.79999999701977
241.6000000089407
224.5
223.79999999701977
235.5
232.20000000298023
232.09999999403954
222.59999999403954
233.80000001192093
234.5
230.09999999403954
225
226.79999999701977
236.79999999701977
228.80000001192093
227
230.59999999403954
240.29999999701977
224
234.6000000089407
227
235.3999999910593
225
225.79999999701977
243.5
231.6000000089407
226.29999999701977
223.20000000298023
235.29999999701977
235.29999999701977
227.20000000298023
223.5
233.09999999403954
233.20000000298023
239.40000000596046
222.3999999910593
229.80000001192093
242.29999999701977
225.79999999701977
238.5
225.70000000298023
244.3999999910593
223.6000000089407
232.8999999910593
231.30000001192093
233.79999999701977
231.79999999701977
229.79999999701977
228
235.90000000596046
232.8999999910593
225.40000000596046
230
230.29999999701977
228.5
235.70000000298023
231.70000000298023
228.79999999701977
224.5
236.20000000298023
233.79999999701977
235.40000000596046
223.19999998807907
227.5
237.6000000089407
235.59999999403954
226.29999999701977
222.20000000298023
235.6000000089407
243.59999999403954
224.40000000596046
224.5
238.5
246.09999999403954
229.09999999403954
222.6000000089407
229.20000000298023
240.69999998807907
232.5
228
227.20000000298023
242.40000000596046
227.20000000298023
222.5
231.59999999403954
233
242.29999999701977
223.40000000596046
226.20000000298023
233.19999998807907
234
234.70000000298023
225.90000000596046
231.20000000298023
229.19999998807907
238.1000000089407
230.29999999701977
230.79999999701977
226.6000000089407
243.29999999701977
229
233.70000000298023
223.29999999701977
227.79999999701977
243.29999999701977
229.5
227.29999999701977
222.40000000596046
244.90000000596046
233.59999999403954
223.90000000596046
225.5
241.8999999910593
234.79999999701977
229.5
224.30000001192093
235.79999999701977
240.8999999910593
224.90000000596046
228.29999999701977
228.79999999701977
245.70000000298023
223.79999999701977
223.40000000596046
232.79999999701977
231.70000000298023
236.29999999701977
222.20000000298023
226.59999999403954
234
234.20000000298023
225.70000000298023
227.09999999403954
231.90000000596046
231.20000000298023
232.29999999701977
234.5
232
231
236.79999999701977
227.29999999701977
234
231.20000000298023
230.40000000596046
234.8999999910593
231.30000001192093
225.59999999403954
233.09999999403954
236.80000001192093
236.79999999701977
224
234.70000000298023
233.8999999910593
234.20000000298023
229.59999999403954
229.70000000298023
229.40000000596046
239
228.3999999910593
228.20000000298023
230.6000000089407
249
223.69999998807907
222.1000000089407
241.3999999910593
236.5
234.5
232
226.80000001192093
236.29999999701977
233.20000000298023
234.19999998807907
226.40000000596046
239.79999999701977
235.70000000298023
227.40000000596046
229.3999999910593
240.70000000298023
225.70000000298023
235.8999999910593
226
239.70000000298023
225.1000000089407
228.19999998807907
246.20000000298023
235.70000000298023
227.20000000298023
223.70000000298023
237.59999999403954
236.5
224.70000000298023
225.70000000298023
236.29999999701977
231.59999999403954
235.79999999701977
225.20000000298023
231.79999999701977
237.1000000089407
230.09999999403954
227.6000000089407
227.59999999403954
243.09999999403954
223.30000001192093
233.19999998807907
233.20000000298023
236.20000000298023
234.90000000596046
232.29999999701977
228.79999999701977
235.90000000596046
233.3999999910593
234.70000000298023
228
233.09999999403954
235.1000000089407
227.59999999403954
237.1000000089407
232.3999999910593
225
242.70000000298023
235.5
235.79999999701977
225.40000000596046
231.09999999403954
238.79999999701977
231.1000000089407
225.79999999701977
226.70000000298023
240.29999999701977
241
225.40000000596046
225
238.5
238.09999999403954
228.29999999701977
224
234.1000000089407
245.69999998807907
226.1000000089407
228.70000000298023
227.5
251.79999999701977
224.09999999403954
224.29999999701977
232.90000000596046
238.90000000596046
235.3999999910593
224.70000000298023
226.59999999403954