900.3352
659.4819
553.8856
567.7368
524.8091999999999
506.4944
457.6567
426.3426
400.47470000000004
388.8979
390.10319999999996
374.7169
360.5211
352.24240000000003
346.7504
329.94649999999996
341.1447
312.57550000000003
283.1512
271.31260000000003
274.7387
280.9427
264.4228
259.3779
270.39730000000003
254.20340000000002
244.7689
251.49120000000002
233.2524
247.5219
237.7227
223.1395
220.0344
225.909
232.0536
214.8279
210.10580000000002
202.9136
216.6766
218.22310000000002
209.1471
208.3425
202.2373
193.13559999999998
189.4086
192.74779999999998
189.4087
193.9768
190.312
183.29760000000002
178.3796
178.507
189.1204
185.5893
171.7192
175.0698
172.0439
177.0312
173.23569999999998
166.545
162.9007
163.01170000000002
168.663
163.9263
161.8021
156.5923
156.4907
164.5464
160.549
153.58759999999998
151.8016
153.3219
160.7745
153.13830000000002
148.65800000000002
148.2524
146.7619
155.6513
152.9614
144.1211
139.6867
140.8894
151.9973
144.0117
139.6212
136.15740000000002
139.0257
144.68619999999999
140.7992
134.96710000000002
132.893
133.21939999999998
140.6821
139.9148
134.8638
126.98780000000001
130.1512
139.2198
134.2336
128.04760000000002
124.8669
126.40399999999998
133.6934
130.4632
124.637
120.8263
127.90509999999999
132.0717
130.2605
124.58120000000001
120.7037
115.9427
126.34729999999999
121.4048
125.3092
111.1991
113.18979999999999
119.17609999999999
117.10180000000001
111.8647
113.6754
112.0859
110.5961
113.1558
108.1802
127.35430000000001
113.9614
110.3409
105.72
105.74680000000001
115.5809
110.09009999999999
108.9013
104.316
116.039
109.9768
107.08370000000001
103.3112
101.488
111.0716
108.5495
106.3305
101.36290000000001
115.8623
107.82469999999999
102.8892
100.95060000000001
98.897
106.9696
104.7927
101.9097
98.2938
109.82169999999999
106.3626
101.1668
99.3769
97.3152
104.5873
101.6197
100.04549999999999
97.1867
104.4327
100.2946
100.6613
95.3865
92.66810000000001
102.9542
97.5369
96.28399999999999
92.3851
101.2372
97.73700000000001
94.6283
93.7176
92.4616
97.0364
96.2679
94.4287
89.3059
100.5992
96.2169
96.2244
88.2284
88.65960000000001
97.4974
93.43029999999999
90.9936
87.03370000000001
96.1291
91.8114
89.5927
85.536
83.5562
92.92269999999999
90.95930000000001
89.6719
85.53
95.07939999999999
89.61
87.9212
85.5017
81.69800000000001
89.3974
89.29289999999999
87.5514
84.3386
91.5612
87.8733
85.0655
83.54549999999999
80.9853
87.7182
84.98479999999999
82.38969999999999
78.2046
87.8916
83.5922
81.885
81.76859999999999
76.7482
85.674
85.0885
80.7637
76.13789999999999
87.7196
83.21470000000001
79.8209
80.62740000000001
75.649
83.7325
81.7489
80.5185
77.1959
84.84060000000001
84.2339
79.64200000000001
76.6918
75.9805
82.1442
80.34769999999999
77.6028
73.1025
82.5536
82.31280000000001
77.0184
75.27340000000001
74.0629
80.88
80.2775
76.7553
73.2025
81.0055
80.26429999999999
76.929
73.0519
70.34179999999999
82.869
78.336
73.76259999999999
70.97109999999999
82.2415
77.53150000000001
75.2851
73.687
71.0216
78.00160000000001
77.1371
72.9301
70.95479999999999
81.6673
76.7986
73.3844
72.1527
70.7067
76.9435
75.42179999999999
73.30069999999999
70.4935
77.1959
79.1929
72.3364
70.1545
67.90390000000001
76.57469999999999
75.4705
71.4985
68.9371
78.4085
75.8482
71.0074
70.0048
69.46209999999999
74.515
72.6295
71.3952
67.88520000000001
77.36880000000001
73.6653
69.9762
67.2776
65.6266
73.1047
73.887
69.70139999999999
66.843
76.75500000000001
72.2274
74.0094
68.0776
66.2088
73.03320000000001
71.6314
70.00439999999999
66.3711
74.25370000000001
71.738
70.1096
69.89049999999999
65.57730000000001
71.7102
71.56909999999999
68.5811
65.2061
74.75959999999999
70.6195
71.301
66.7899
64.22500000000001
71.70139999999999
69.63759999999999
66.93119999999999
64.32010000000001
73.2949
71.1977
67.4214
66.8776
66.0692
70.5644
69.58200000000001
69.3197
62.2353
70.9944
68.0071
67.9507
65.62610000000001
62.9865
68.16619999999999
70.25009999999999
66.2291
62.5671
72.725
68.68249999999999
65.3157
64.1926
63.5372
68.1104
67.8834
65.505
61.808099999999996
76.53659999999999
68.46530000000001
77.5716
65.7868
60.994
67.67710000000001
71.358
64.3745
67.0752
70.1162
69.83
64.1742
62.920100000000005
64.8412
70.30319999999999
69.81660000000001
64.944
62.097699999999996
72.4721
68.0987
63.6673
63.898399999999995
60.0256
69.4135
67.65450000000001
68.5784
60.339499999999994
69.6532
68.1834
64.5553
63.1959
61.3142
66.5225
66.4912
64.7921
59.3574
69.3692
69.4375
63.1602
61.4107
61.6851
64.88159999999999
65.2317
61.9361
58.7954
66.483
64.9037
62.5257
60.5664
58.6315
66.4248
63.71490000000001
62.0538
59.2573
66.5462
64.58500000000001
63.4893
59.6188
57.6325
63.8778
63.8073
60.7747
57.1417
66.07119999999999
64.60929999999999
61.358799999999995
60.1599
57.1071
64.8641
65.09389999999999
62.5266
56.4646
67.3714
64.6937
59.9804
59.578199999999995
57.774300000000004
64.08030000000001
63.4974
60.5239
55.8713
65.7098
64.5207
60.4468
60.0034
56.7412
61.51969999999999
62.9251
60.0824
55.642900000000004
63.943200000000004
62.2736
58.655699999999996
57.7684
54.3332
62.428900000000006
60.0331
58.5733
54.3815
63.066700000000004
61.6346
58.227599999999995
59.3675
52.792100000000005
60.797999999999995
60.359
56.6788
53.1266
60.4505
59.801
57.0039
55.221
52.392599999999995
60.2581
59.2104
56.1381
53.5812
60.3403
60.5897
57.1509
55.6982
52.4014
61.1593
60.7824
54.678999999999995
52.0944
60.2681
58.687400000000004
56.4683
55.7367
51.9585
58.0641
59.6785
55.4274
53.3059
58.9822
59.9924
58.632999999999996
56.0671
51.447399999999995
60.0938
58.9837
55.0994
53.275999999999996
59.7737
57.590500000000006
54.787299999999995
53.2122
50.805099999999996
57.287699999999994
58.0836
54.61450000000001
52.4193
59.3752
57.8968
55.315799999999996
53.540400000000005
51.6151
61.3704
56.876200000000004
54.0717
51.045899999999996
58.2279
58.221000000000004
53.820100000000004
53.8451
51.1914
58.1363
56.849700000000006
55.4981
51.6175
58.634699999999995
61.2793
55.6588
55.4225
51.664500000000004
59.9326
56.9801
52.9035
49.6196
58.367399999999996
57.7771
53.674600000000005
51.819700000000005
50.899899999999995
56.478500000000004
56.2611
53.1969
50.6538
59.166999999999994
55.7495
55.002700000000004
53.2283
51.068000000000005
56.359300000000005
58.2988
54.2299
50.403000000000006
57.5065
57.7511
52.9897
52.7147
50.0788
56.6485
55.4989
52.676300000000005
51.1486
57.9536
56.160000000000004
55.1684
56.4594
49.2103
56.6087
57.5176
53.1809
48.8478
56.756800000000005
56.9763
53.0152
50.4423
48.368
54.699400000000004
55.9927
52.4959
50.7413
56.7684
56.345600000000005
52.8266
51.2423
49.210499999999996
54.8641
57.4345
50.319700000000005
46.4653
47.2763
48.283
46.4472
49.249500000000005
48.8941
51.076499999999996
51.0228
45.8478
49.132299999999994
46.9568
52.4943
46.0434
51.2073
51.677
53.0921
46.5601
48.694500000000005
47.080799999999996
51.1847
47.159800000000004
52.1593
52.716499999999996
51.9715
45.636500000000005
48.7229
47.4209
50.2034
46.347899999999996
51.9804
51.5129
52.0675
45.997099999999996
48.8798
46.907900000000005
49.6444
47.9024
52.8702
52.343
52.456700000000005
46.808299999999996
48.867599999999996
46.8204
50.413199999999996
45.4735
49.8006
49.7309
50.1519
43.475899999999996
47.003299999999996
45.7735
46.811699999999995
44.3565
48.3888
50.0027
50.2234
46.3815
47.941900000000004
46.6091
47.9426
46.3474
47.6199
46.2485
50.086
50.8823
45.828399999999995
46.0814
45.0073
46.398300000000006
44.2714
47.338699999999996
48.3831
47.8624
42.6845
45.5537
48.7207
46.6438
44.8218
49.3363
49.4365
50.126799999999996
45.307300000000005
46.3453
45.7676
46.553999999999995
44.504799999999996
50.0863
49.6156
57.441399999999994
44.1967
46.4185
45.1021
46.2563
44.059599999999996
49.2153
49.321600000000004
50.2513
44.6145
47.355000000000004
44.804700000000004
46.5285
44.552
52.456700000000005
49.9984
50.4433
45.729600000000005
46.3174
44.140499999999996
48.3907
44.2056
48.2483
47.876599999999996
48.473299999999995
43.019
46.0197
43.5784
45.350500000000004
43.7446
47.1766
47.783699999999996
47.5096
43.4746
45.157799999999995
45.7491
45.691700000000004
43.2661
47.6436
48.7962
48.486399999999996
42.5421
46.2737
45.129599999999996
45.8009
42.4958
48.5681
48.152300000000004
47.739999999999995
42.8836
44.9387
44.9161
45.6464
45.6745
48.214
49.0499
48.3941
45.2798
44.8388
43.8059
46.3959
42.724199999999996
48.2913
47.7059
49.427600000000005
42.7913
43.797000000000004
43.4927
46.355399999999996
42.2011
47.7092
48.7397
48.1689
43.8782
43.7545
43.9262
45.574799999999996
43.2442
47.7263
49.8117
48.2446
43.282599999999995
44.3137
44.2956
46.7539
42.4419
47.6284
49.084999999999994
48.6008
43.269000000000005
44.3759
43.6816
46.4653
41.876799999999996
46.874
48.4271
48.527899999999995
45.9942
44.0988
43.5878
45.045300000000005
45.3871
46.7958
48.1628
49.206399999999995
42.189499999999995
44.333400000000005
43.733599999999996
44.6494
41.9496
46.028800000000004
47.7089
46.292
40.6596
44.2523
41.254
44.6297
42.2106
45.0905
46.606700000000004
46.964800000000004
40.994099999999996
42.9968
44.058800000000005
43.3767
41.1467
46.1949
45.5036
47.0264
42.5007
42.9493
42.8694
43.1402
41.4743
44.550399999999996
45.8787
46.1747
41.1922
41.9223
42.9772
42.781800000000004
40.6785
47.5674
46.059400000000004
46.279
40.209300000000006
46.6028
41.6942
41.0745
41.1679
44.248999999999995
45.9386
45.099199999999996
41.1239
42.7346
42.1344
42.3527
40.448100000000004
45.125899999999994
45.602900000000005
45.828399999999995
39.9307
43.0963
41.1063
42.70440000000001
40.543299999999995
45.474199999999996
45.2731
44.2308
42.858399999999996
41.0805
40.781400000000005
41.774100000000004
40.472500000000004
43.9469
44.8447
44.722699999999996
39.2849
43.0458
40.8592
42.1139
38.7013
43.0648
39.7594
45.294599999999996
44.2779
38.8018
41.8733
40.0918
44.1544
40.1469
42.12
42.3428
48.9806
44.4959
39.216
40.4476
40.6748
41.552600000000005
39.9229
43.966699999999996
44.561099999999996
44.8189
38.4952
41.7811
39.8181
41.7658
38.6064
42.6958
43.6714
44.8231
38.801700000000004
42.0429
40.2977
42.9396
39.1759
47.578799999999994
44.3574
44.204100000000004
40.0336
41.446600000000004
41.9165
42.3127
41.3495
44.2457
43.9147
45.966100000000004
37.8386
41.9902
40.7414
41.799
39.1931
43.0264
43.165099999999995
44.7478
37.905
44.007600000000004
40.840799999999994
41.857600000000005
38.9693
47.0097
42.837199999999996
43.045100000000005
39.9592
40.9024
39.9449
41.9261
39.1486
43.8279
43.5206
44.2533
39.9426
41.143899999999995
40.3816
40.9135
38.7587
43.9668
43.5601
43.4692
39.5153
40.0944
39.8003
41.6044
36.919399999999996
45.332699999999996
43.4531
42.2106
38.2454
41.0647
38.8685
42.3705
37.7884
42.991099999999996
42.9479
43.7796
38.9358
41.5801
38.8099
40.376599999999996
39.1875
42.663
43.0407
43.1404
37.7138
42.4037
40.7909
40.2442
39.1236
44.6826
42.9257
43.0931
38.686499999999995
39.6628
39.662299999999995
40.5203
38.1388
42.958499999999994
43.537
41.9927
38.7507
41.688500000000005
37.7858
40.838899999999995
37.3943
41.6286
42.3799
41.1037
36.7897
38.5826
36.9143
41.929300000000005
36.7139
41.0902
44.1016
42.624500000000005
36.7522
38.275999999999996
38.6643
40.046600000000005
36.146499999999996
43.0323
41.2954
43.6586
36.771499999999996
39.9247
39.315200000000004
39.0439
37.6253
41.7325
42.296800000000005
41.5495
36.5838
39.2541
38.326899999999995
41.3112
37.542399999999994
40.449400000000004
41.0246
41.6933
35.147
39.5355
37.1123
38.605399999999996
37.1246
40.6805
39.8677
42.750099999999996
35.2323
38.1
38.2973
39.566700000000004
36.9566
41.319500000000005
40.2732
40.5919
36.4738
37.1666
36.281099999999995
38.443999999999996
37.1697
40.201800000000006
41.1545
40.631800000000005
36.2754
39.3035
37.148599999999995
37.989200000000004
34.7223
40.9238
41.0031
41.0036
36.2958
38.1372
37.2064
39.4357
36.4273
40.5463
41.55
40.589600000000004
36.3787
38.5773
36.737100000000005
37.9616
36.2979
40.1044
40.044200000000004
43.2283
34.8406
37.2179
39.152899999999995
38.482099999999996
35.4354
39.3735
40.4136
39.3284
36.2296
39.066700000000004
35.8463
37.6453
35.7467
40.675000000000004
39.9728
40.4873
36.1037
36.352799999999995
35.3005
38.0568
35.1907
38.2134
38.945
40.991800000000005
34.4879
37.0852
35.311099999999996
37.5553
35.876
40.3584
38.6999
40.7791
34.0194
36.6573
34.855
37.121300000000005
35.392
38.9632
40.010400000000004
39.6644
33.7035
37.462799999999994
35.435
37.9212
36.996500000000005
38.701
39.402899999999995
40.6737
34.2958
36.5938
36.069900000000004
37.3162
38.0507
38.5089
39.2505
42.6774
33.9
36.956500000000005
36.4852
37.7129
35.147999999999996
38.5257
41.2107
39.1194
34.398900000000005
36.8272
36.5983
37.8805
35.509100000000004
39.8499
41.339800000000004
38.3916
35.8589
37.4395
36.4501
36.903
33.6015
36.7872
36.8272
40.199600000000004
39.1964
34.3638
40.0789
34.7313
36.299
33.5152
37.6663
39.955799999999996
38.985
32.757799999999996
35.3408
34.7917
37.333400000000005
34.3448
39.0278
38.398599999999995
39.6677
34.674299999999995
35.5412
35.4072
35.391400000000004
32.3109
35.4492
35.5904
39.027300000000004
40.326
34.7483
36.7606
35.3774
38.387499999999996
33.931599999999996
37.2329
38.1341
38.801700000000004
33.914100000000005
35.8549
34.268
34.8478
32.561800000000005
37.733200000000004
39.523799999999994
37.9495
33.5473
35.4017
36.1108
37.353699999999996
34.6562
37.3382
38.5782
39.2176
33.4576
35.1074
34.206
36.296099999999996
33.1197
37.660199999999996
39.5214
39.134
32.868
34.7502
33.8134
36.134600000000006
35.5203
36.3533
35.0911
37.2126
41.2574
38.5974
38.2524
37.51199999999999
36.4407
37.2665
35.9065
38.2361
33.115899999999996
37.614799999999995
38.236
37.2295
40.5535
34.696200000000005
37.8996
32.3161
34.382000000000005
34.173
38.0494
38.7182
33.5465
32.9889
36.650099999999995
34.3313
37.3879
36.604699999999994
37.9228
32.6708
37.391
37.123200000000004
37.7232
40.010600000000004
34.7398
35.795500000000004
32.6843
38.453300000000006
39.065999999999995
37.3606
32.984
39.606500000000004
36.2028
35.9716
33.5308
37.3103
36.922700000000006
36.9967
33.5537
35.835
34.6871
35.075500000000005
32.707899999999995
36.2614
37.384800000000006
36.9751
33.269800000000004
35.7545
34.018699999999995
34.939699999999995
32.5022
36.1956
37.2829
36.8654
32.9196
36.0704
33.9162
34.1105
33.0353
36.8086
35.691
36.6506
33.0084
33.9759
33.713100000000004
35.0028
33.9042
35.6868
34.1535
36.5382
36.4564
30.7114
31.389
33.4784
33.6426
35.3396
34.8234
35.2267
30.6489
36.039500000000004
37.617900000000006
37.646
38.0131
33.012100000000004
33.8108
31.9616
35.469100000000005
36.471999999999994
37.549800000000005
33.8339
35.0542
32.9127
34.1375
31.4368
36.373400000000004
37.282999999999994
35.5726
31.336000000000002
33.2312
31.3248
33.0117
30.7357
35.441
35.5779
34.7161
31.329000000000004
32.7792
31.670099999999998
32.262699999999995
31.692199999999996
32.703700000000005
32.348
35.0718
35.4798
30.1149
32.2024
33.2743
32.7847
34.7196
33.821999999999996
34.0935
34.9811
34.031800000000004
34.660999999999994
30.5153
35.1581
30.634700000000002
31.968799999999998
30.0325
34.614
34.4214
34.523900000000005
30.4816
32.1792
32.4868
32.309
31.667399999999997
35.208999999999996
34.7784
34.7513
31.447400000000002
31.891099999999998
31.8463
33.8902
31.3975
35.1477
35.826299999999996
34.879
30.264
32.6915
31.4419
33.5782
31.2392
34.8373
35.4972
36.6074
30.2695
32.1051
32.5062
32.762600000000006
31.1263
34.747
35.4948
34.4814
30.4527
33.1167
32.363299999999995
32.5893
31.2406
34.7365
35.415099999999995
34.789300000000004
29.5413
33.496199999999995
32.1607
32.7641
30.5992
35.9469
34.4744
34.581
29.9508
34.22130000000001
31.273799999999998
32.8776
30.3286
38.4109
35.515
33.7732
30.4812
33.1138
32.008799999999994
32.629
31.325699999999998
34.1319
35.3293
34.8542
30.552200000000003
32.832300000000004
31.431599999999996
32.5445
30.444200000000002
32.5061
34.0139
33.268699999999995
29.164700000000003
32.0094
30.8702
31.9216
31.8851
32.135999999999996
32.5762
34.5741
35.3664
29.529
30.2777
33.3513
32.5426
33.7313
33.4965
33.9782
29.534299999999998
33.704499999999996
33.2749
34.0582
34.7527
31.7029
31.052
29.346400000000003
32.770100000000006
33.7134
33.9602
29.1935
33.4812
31.4054
31.8841
29.9582
34.0617
34.9899
34.8077
30.8621
31.7961
30.324
30.6687
31.5048
32.5115
33.3155
36.3621
28.544900000000002
30.374399999999998
30.7333
31.2111
29.4076
32.185900000000004
32.6496
32.3256
28.1466
31.2295
29.8055
30.353499999999997
28.086
31.7789
33.2803
32.6223
28.9756
31.377000000000002
31.232599999999998
30.62
28.037300000000002
32.6669
33.172399999999996
32.7541
29.0978
31.590500000000002
29.7899
32.8358
28.1199
31.714
32.61
33.698899999999995
28.7608
31.4614
30.0183
30.7745
28.0047
30.058
30.590200000000003
33.304300000000005
33.656
28.9028
27.9717
30.0737
30.3334
32.6614
31.978800000000003
33.8156
28.1097
31.4913
31.549899999999997
33.425200000000004
33.4698
29.7505
30.2208
28.8896
31.6723
33.2644
33.0584
28.3903
33.836
28.9036
29.8579
30.561999999999998
32.6621
33.0344
31.9206
27.677
30.447100000000002
28.8386
30.3131
28.0165
31.506100000000004
31.7544
31.675500000000003
28.488699999999998
30.5454
29.51
29.3842
28.0538
32.321799999999996
33.0396
32.517900000000004
28.22
29.5049
29.0013
30.1252
28.7842
32.7275
33.1474
32.887600000000006
28.0277
30.3434
29.0473
30.7814
28.0585
33.0664
32.2816
32.4121
27.807499999999997
31.570899999999998
29.8376
31.0356
27.159599999999998
30.2224
30.1462
32.8243
32.9748
28.505699999999997
27.1763
30.179199999999998
29.306800000000003
31.743199999999998
31.267200000000003
31.4592
26.854599999999998
31.939000000000004
32.392900000000004
27.7221
28.5364
29.1874
29.4456
28.413500000000003
30.9391
31.8254
35.084700000000005
28.1496
29.3274
29.1205
31.3564
27.6237
30.7212
31.921
32.173300000000005
27.7369
29.6423
28.463800000000003
29.2287
28.0498
30.7306
31.069599999999998
30.602500000000003
27.4638
29.9342
28.108600000000003
28.4577
28.0069
31.5492
31.019499999999997
31.455499999999997
27.2827
30.904700000000002
29.5604
29.6959
27.4614
31.4908
33.0709
33.0931
28.1523
30.5584
28.4473
29.6179
28.8994
33.2524
32.931000000000004
32.183099999999996
28.2938
29.4713
28.3704
30.6022
27.8724
31.3352
31.340100000000003
32.036500000000004
27.414
30.6757
28.190199999999997
29.3893
27.3803
31.8577
31.9908
31.4969
26.6628
30.1859
28.849300000000003
30.324
27.3901
30.6733
32.4921
31.855500000000003
27.858999999999998
33.2356
29.756999999999998
28.611500000000003
27.1594
33.2838
33.1653
31.6625
27.1138
28.982899999999997
28.598100000000002
28.7423
26.6588
30.5963
32.138
31.406299999999998
27.0454
28.94
27.9005
29.3539
26.375200000000003
30.729400000000002
31.354899999999997
31.680899999999998
26.6388
28.8249
27.788
29.0622
25.5227
30.0507
31.262600000000003
32.3726
26.71
28.8092
27.6261
29.5799
26.2275
30.424699999999998
31.4182
32.1554
28.3562
28.6747
27.8098
28.6661
27.0256
30.845000000000002
30.8448
31.2291
28.2399
28.550800000000002
27.5695
29.5436
27.339599999999997
30.6164
30.6978
31.601499999999998
27.155700000000003
29.881899999999998
27.421999999999997
29.734199999999998
27.3464
30.4686
31.0425
31.889099999999996
27.5757
30.1213
28.4082
29.677
27.022000000000002
30.4187
33.1047
32.0509
32.097
29.4722
30.259700000000002
28.3349
29.5339
26.7453
30.912
30.877399999999998
32.379900000000006
27.3268
29.1833
28.329300000000003
29.2502
26.849600000000002
30.701
30.64
30.8521
27.1927
28.8885
28.129
28.9923
27.450499999999998
29.9595
31.5594
30.549699999999998
27.3874
30.5365
27.8296
29.0047
27.7422
30.2013
31.1572
31.798600000000004
26.5613
29.1398
28.9141
29.193199999999997
27.1822
30.1886
30.9363
30.2016
25.519199999999998
29.443299999999997
27.0826
28.8922
26.311999999999998
29.7446
30.0378
30.9498
26.505999999999997
28.346
26.6265
27.9369
26.132099999999998
29.534399999999998
30.8603
30.3655
25.656399999999998
28.8349
27.8014
27.409
27.022399999999998
30.0867
30.716
30.555200000000003
25.8445
28.8303
31.525100000000002
27.0771
25.3459
32.0133
30.755000000000003
29.8991
25.1579
28.540599999999998
26.173
28.3166
25.5822
30.074
30.239800000000002
30.6647
25.5621
27.8991
27.1359
27.7445
25.881899999999998
29.329500000000003
30.6807
29.3981
25.6968
28.298099999999998
26.2316
27.665599999999998
25.8894
29.8603
29.596
30.6987
26.8019
27.662599999999998
26.5529
28.2484
26.4827
29.812
30.6011
30.677599999999998
28.049899999999997
28.5803
27.1561
26.4211
25.8171
29.407200000000003
29.5227
29.2941
25.5272
28.0472
26.227400000000003
28.0975
24.7712
30.0126
29.872200000000003
28.8963
25.716900000000003
28.387800000000002
26.4715
27.2792
26.2107
28.392799999999998
30.018800000000002
29.9548
25.8211
28.1746
26.6644
27.0753
25.6118
30.4602
30.593
30.5737
25.509400000000003
31.2368
27.427400000000002
27.8769
27.7195
30.339000000000002
29.745
29.7202
25.025100000000002
28.6491
26.9908
27.276600000000002
26.2983
29.3321
30.8986
29.6584
25.6133
27.6858
27.9334
26.5839
25.893900000000002
29.647
29.7929
29.3326
25.4717
28.0344
26.2591
28.065
25.1312
29.596799999999998
29.9835
30.1861
25.9705
28.127599999999997
27.39
28.2927
25.4341
30.3226
29.8369
32.9121
25.788800000000002
28.5118
25.711100000000002
27.9884
25.4252
29.5059
29.5837
30.6807
25.8415
28.2474
27.1971
27.805
25.354000000000003
29.954700000000003
30.0889
29.954
24.7803
28.3817
26.3183
27.4055
25.7597
28.781299999999998
30.1458
29.9815
24.5717
28.4039
26.949399999999997
27.5935
25.7926
30.1685
29.9755
29.8258
28.040300000000002
28.5241
26.1639
29.938699999999997
26.2165
28.769099999999998
29.9063
30.2055
26.2517
27.3589
27.1845
27.909799999999997
25.6346
29.148500000000002
30.9712
28.9681
24.848
28.7788
26.4135
27.773
25.804199999999998
29.6969
29.8922
30.739900000000002
25.717
28.0809
27.7591
27.8892
26.088299999999997
30.5262
31.1202
31.069
26.016299999999998
27.8634
27.8013
26.929100000000002
26.288800000000002
30.325499999999998
31.0893
31.422400000000003
25.4057
28.750899999999998
27.4585
27.7312
25.921699999999998
29.2336
29.616400000000002
30.356
25.7986
27.8459
26.922700000000003
27.2514
25.3746
29.223499999999998
30.759
29.0717
25.5137
27.726399999999998
26.401500000000002
27.177599999999998
25.2951
29.5012
29.7351
30.4714
24.7953
28.8309
26.7274
27.3389
25.3799
30.1101
29.1851
31.954900000000002
25.0994
28.9003
28.1846
27.5208
26.302599999999998
28.7216
29.827099999999998
31.0198
25.5381
27.6173
27.402099999999997
28.2255
26.5401
29.43
30.8509
29.7468
25.9001
28.6295
27.2745
27.7113
26.650299999999998
28.5548
29.9621
29.962699999999998
26.0447
27.988599999999998
26.9213
28.060499999999998
25.534100000000002
30.4575
30.1173
30.538800000000002
26.104300000000002
28.8337
27.5158
26.7574
26.6193
31.723300000000002
31.697999999999997
30.1757
25.3374
28.872700000000002
27.1569
27.7975
26.1879
29.4098
29.6082
29.834300000000002
26.33
27.5739
27.2252
28.1756
25.6327
29.808500000000002
30.982499999999998
30.2504
25.2945
27.883100000000002
26.912100000000002
27.0204
25.3577
28.8398
29.7282
30.1825
25.2805
27.3282
27.337699999999998
27.0215
26.954700000000003
29.406100000000002
31.9809
29.6402
25.706599999999998
29.724
26.9173
26.9715
25.4022
28.077499999999997
29.5149
29.775
26.3439
27.257
26.989099999999997
27.852700000000002
25.7984
28.9008
30.4827
29.283199999999997
25.429199999999998
27.6444
26.160800000000002
27.925700000000003
25.3282
29.0261
29.5372
30.2898
24.527299999999997
28.833299999999998
26.6728
27.0063
25.5448
28.337999999999997
30.1372
29.5155
27.8242
27.2336
26.3706
27.2928
27.2389
29.5469
29.5149
30.223799999999997
24.4961
28.493399999999998
26.2211
26.2678
25.7873
29.541
29.561799999999998
29.3799
25.575400000000002
27.2159
26.554299999999998
25.7577
25.262900000000002
28.3305
28.5867
29.8378
25.308699999999998
27.714599999999997
26.119699999999998
26.059700000000003
25.1992
28.845599999999997
28.9984
28.9265
25.1548
26.7225
26.3155
25.9149
24.961000000000002
29.4452
30.7699
29.897
25.4832
29.4618
25.624299999999998
27.0369
24.9975
28.5894
29.0866
29.7808
24.157899999999998
27.0774
26.023999999999997
26.4807
25.6039
27.8677
29.802100000000003
29.5979
24.776699999999998
27.2539
25.249299999999998
26.6934
24.487499999999997
28.518700000000003
29.2128
30.1849
24.3114
27.3634
25.8829
26.2463
25.1312
28.3523
29.566399999999998
28.8351
23.8609
31.1828
26.8976
26.5383
24.8979
29.5063
29.8915
29.0954
25.008699999999997
27.1247
26.238500000000002
26.8943
24.8936
28.6492
29.2759
28.8495
24.7406
27.0215
25.6264
27.278299999999998
24.2087
28.9542
28.758399999999998
29.066200000000002
25.5938
26.451700000000002
26.2116
26.8311
24.2303
28.936799999999998
28.7014
29.136499999999998
24.7067
27.1562
25.8328
26.461
24.889499999999998
29.117
29.5512
29.068199999999997
26.6362
27.3178
28.323600000000003
27.0651
25.6642
28.7912
29.0757
29.028200000000002
24.0091
27.6114
26.4014
26.746
25.1929
28.0966
28.8015
29.7574
24.055400000000002
27.76
25.91
26.3721
25.1175
28.884900000000002
29.171499999999998
29.3824
25.5617
27.1952
26.6159
26.3527
25.4872
28.5993
28.5924
29.3682
25.5107
26.7855
26.6749
25.6935
25.7196
29.134400000000003
29.0702
30.012400000000003
24.8277
26.9487
25.796699999999998
27.622500000000002
23.8721
28.247600000000002
28.4866
28.8992
24.9281
26.2242
25.356900000000003
26.2008
24.5185
27.5657
28.2449
28.6494
24.3529
26.558999999999997
26.2715
25.6502
24.936300000000003
27.4987
28.644099999999998
29.2577
23.5749
27.289
24.7335
26.4418
23.8185
27.4331
29.2806
34.5971
23.8846
28.2346
26.9194
26.2213
26.0139
27.8237
28.686
28.9008
25.0562
26.6487
25.2164
25.7562
24.2302
28.358
27.913
28.443800000000003
23.1457
27.1265
24.5016
25.6027
23.2129
27.8284
27.308200000000003
28.1292
23.6922
26.1529
24.6982
25.114500000000003
24.362499999999997
26.9846
28.872
28.5675
23.6707
26.6213
24.1438
26.2474
23.351799999999997
29.274
28.4793
28.7349
23.0471
27.1091
25.5653
25.8368
23.9083
28.073
27.3994
27.825300000000002
24.497700000000002
25.9312
25.1374
25.9114
23.9345
26.9738
27.8973
27.8839
23.6642
26.1312
24.5401
25.207
23.6187
28.1472
27.3181
27.3578
24.2199
25.7129
25.4326
24.8594
24.5498
27.2349
27.9108
28.336199999999998
22.8456
26.832
24.3247
26.2955
23.221
27.425600000000003
30.2194
28.337
24.6056
25.6566
25.4699
25.6981
24.0117
26.6829
27.3114
28.3074
22.6991
26.8598
23.7634
25.8011
22.764699999999998
27.7481
27.4019
27.5974
24.1404
25.4455
24.6648
25.808899999999998
23.4799
27.1125
27.3312
28.6735
22.5481
25.8821
24.3699
25.6456
23.3065
27.7086
26.970000000000002
28.035899999999998
22.862099999999998
26.3299
23.595399999999998
24.730800000000002
23.0985
27.252499999999998
30.1809
28.0472
23.1418
26.2124
24.287300000000002
25.1755
24.1393
26.1477
27.0737
28.3555
22.3905
26.112199999999998
24.581
25.208499999999997
22.8803
27.124599999999997
26.64
27.8695
22.9836
26.1412
24.4683
24.61
23.0606
26.6978
27.0944
27.1507
23.246699999999997
25.843700000000002
24.6301
25.7644
23.7395
26.7312
27.8098
27.8352
22.837400000000002
26.1097
24.07
25.331699999999998
26.2058
28.698700000000002
28.3499
28.485799999999998
23.8372
26.049200000000003
25.0622
25.0954
23.6201
26.814700000000002
27.4289
27.4469
23.261400000000002
25.7306
24.2992
24.9728
22.4122
27.4067
26.564600000000002
28.2345
22.297500000000003
26.2593
23.4896
24.8308
22.9544
26.7434
26.9449
26.7899
22.8472
26.2103
26.3584
25.4576
23.1124
27.0779
28.1218
28.663600000000002
22.4682
24.5746
24.6668
24.5748
24.6773
26.2551
26.5635
28.148
22.5571
26.228499999999997
25.0851
24.907
22.656699999999997
27.3278
26.37
27.5237
22.522299999999998
26.0209
23.3951
24.8995
22.7713
26.4891
26.4602
27.7513
23.029
25.543599999999998
24.1492
25.1068
22.9979
26.303900000000002
27.0808
26.8494
23.7663
24.999
24.3711
23.882299999999997
22.84
27.2774
29.069000000000003
27.5872
22.929100000000002
25.0772
26.691699999999997
27.598000000000003
23.1886
27.4194
26.8414
27.9594
23.2184
26.048000000000002
24.973
24.3858
23.5787
26.7714
28.398799999999998
26.3478
23.2113
25.598599999999998
24.5198
24.9066
22.9935
26.4342
27.3088
27.470399999999998
22.384999999999998
24.7522
23.9558
25.2598
23.1593
26.7308
27.0718
27.3509
22.31
24.6502
24.4997
24.2171
23.0507
26.7687
27.2233
27.7195
22.2746
25.5913
24.155900000000003
26.8995
22.6999
26.4284
26.5192
27.9102
21.9722
26.099
24.0294
24.8249
23.3248
26.555100000000003
26.7605
26.3047
22.2457
25.657
23.257900000000003
24.3876
22.6737
26.5183
26.409100000000002
27.5057
21.9937
25.8134
23.2813
25.2478
22.169
26.3794
27.2188
26.589000000000002
22.7826
25.2345
22.9144
24.473499999999998
21.9
26.2663
30.0479
26.6854
22.6617
27.2132
25.2519
24.6318
22.2685
26.444200000000002
25.8661
26.759600000000002
22.6627
24.6376
24.7088
23.9413
22.8198
26.1052
26.2565
25.799
23.0443
25.6571
22.8849
24.8235
21.9675
26.573900000000002
26.454700000000003
26.797
23.1331
25.5506
23.3744
24.908099999999997
21.9305
26.839100000000002
26.308999999999997
27.0853
22.8104
26.110999999999997
23.0132
24.593799999999998
22.033
26.7983
26.864099999999997
26.9528
22.116500000000002
25.2229
23.9264
25.330499999999997
23.203000000000003
25.9588
26.366
26.4059
22.262
25.5825
23.3002
23.6759
22.3025
26.189500000000002
26.5727
25.9713
21.6775
25.2951
22.697200000000002
24.313100000000002
21.7012
24.9699
26.3005
26.126900000000003
22.206699999999998
23.5758
23.409599999999998
23.344
21.8848
25.7525
25.7827
25.3974
22.869799999999998
24.705399999999997
23.1706
23.9395
21.7851
25.926399999999997
26.3456
27.0246
21.4222
24.6473
24.9393
25.0739
23.4052
26.4957
25.8994
26.8407
20.9871
25.444399999999998
22.3212
23.931
22.6732
25.1369
26.700000000000003
25.446900000000003
22.304100000000002
23.571
23.4771
23.1337
21.7564
25.518099999999997
25.4122
25.715600000000002
22.2007
24.5141
22.9883
23.7109
21.1472
25.2971
25.794600000000003
25.459699999999998
22.125100000000003
23.8061
23.2556
22.5759
21.4712
26.14
25.6094
25.7705
21.7503
24.9192
23.269499999999997
23.5863
21.033099999999997
27.048
25.5103
27.6185
20.8327
25.106900000000003
22.0415
22.6521
22.3217
25.346899999999998
26.1407
25.7771
21.5995
24.2798
23.026
23.6836
20.9268
25.456
26.2153
25.709300000000002
20.9501
24.2272
22.6349
23.059
21.7353
25.281499999999998
26.1858
25.2632
22.1304
23.1484
22.7592
23.561700000000002
20.9237
26.0004
24.8804
27.0305
20.7768
23.3246
23.0694
23.099700000000002
21.287899999999997
27.294800000000002
27.2889
26.4295
21.5155
23.8847
23.2506
22.691200000000002
20.8186
25.6998
25.5305
26.0476
21.2446
24.848100000000002
21.7408
22.349899999999998
22.3397
24.3486
25.8253
25.4895
21.6457
24.4522
21.7087
23.0908
21.2093
24.585099999999997
25.0769
25.179199999999998
21.7271
23.9546
22.5989
22.842000000000002
21.042
25.778100000000002
25.7322
25.9262
20.8108
23.6288
22.0346
23.8948
21.356900000000003
24.3472
27.017300000000002
25.2598
22.7505
24.508100000000002
22.3548
23.0957
21.3149
25.5732
24.996399999999998
25.4349
20.6861
23.4576
22.3736
23.995800000000003
21.317
23.7874
25.270999999999997
25.1111
20.668200000000002
24.0814
22.0383
22.7878
21.5379
25.1982
25.7518
24.8451
22.0476
23.2237
21.6896
23.4063
20.5717
22.2579
25.54
22.3557
23.5578
21.3113
18.8803
20.6818
23.186999999999998
22.8199
23.5234
25.0557
24.6036
21.9675
20.9727
27.259700000000002
23.6712
23.581
24.3575
26.5612
21.563100000000002
26.4163
23.7545
22.5233
21.4682
25.3416
26.124000000000002
25.8459
21.473200000000002
22.8076
22.531
23.654600000000002
21.2473
25.3549
25.2521
26.6225
20.6654
23.7667
22.5098
22.374200000000002
22.1773
25.035800000000002
25.8446
25.101399999999998
21.0844
25.058899999999998
22.8401
23.0163
21.5952
24.5542
26.0821
25.0723
21.5168
24.5014
23.0263
22.9554
20.6298
26.314400000000003
26.6977
25.4805
20.8299
24.9711
22.0525
23.1066
21.2504
25.2101
25.8582
25.7364
21.5346
22.9784
23.194699999999997
22.565
20.575400000000002
25.1732
25.226
25.5516
20.1709
19.9517
21.7196
19.670199999999998
19.4689
19.177
18.7079
20.3279
27.4735
19.651600000000002
20.3468
20.1047
19.4127
18.8769
19.424
19.0534
19.3564
20.212999999999997
19.386899999999997
18.5982
19.1381
18.550400000000003
19.699399999999997
20.1365
18.9723
18.4208
18.858
20.7167
19.2565
20.1084
18.591900000000003
18.1838
18.9448
19.6126
19.1801
19.544800000000002
19.3259
18.1032
19.0282
18.867600000000003
19.217200000000002
20.3617
19.524900000000002
18.2107
19.2641
18.1277
18.4882
20.017500000000002
19.1884
19.2899
19.3784
18.1571
18.8021
19.5362
19.080099999999998
19.570400000000003
18.9853
18.0528
18.133300000000002
19.094900000000003
17.5044
19.1628
20.2229
18.749100000000002
18.427
19.419
18.3971
17.1688
20.157700000000002
18.3395
18.889300000000002
19.570400000000003
17.9861
17.987199999999998
18.9306
17.422
18.1423
19.7744
19.1617
18.677200000000003
19.462400000000002
18.0276
17.6554
18.387400000000003
17.8477
19.0293
20.2041
19.154999999999998
18.0423
18.3978
17.7018
17.738500000000002
19.8937
19.284699999999997
19.8415
18.689999999999998
18.1049
18.336000000000002
18.3103
17.850499999999997
19.642799999999998
19.672700000000003
18.3511
18.032200000000003
19.0528
17.5107
17.8898
17.8033
18.4723
18.5258
19.4218
18.2438
17.8421
18.8635
17.4517
17.3078
18.5781
16.9481
17.4296
19.5746
18.3752
18.528200000000002
19.6741
17.6613
17.668599999999998
18.6934
17.2546
17.0911
21.1946
18.0108
18.3219
18.8231
17.639499999999998
19.0933
19.325599999999998
17.2275
18.831899999999997
19.213
18.8493
18.2422
19.287399999999998
17.5096
17.776799999999998
18.307199999999998
17.0024
19.0387
19.511
18.4409
18.4628
19.156699999999997
17.6205
17.2882
18.0303
17.5374
16.7604
18.7272
18.5084
18.1712
19.2412
18.005
18.4426
18.306
19.3174
16.910899999999998
18.2905
18.651
18.467000000000002
18.8436
17.9314
17.533900000000003
18.749
17.703799999999998
17.2534
18.1929
16.930400000000002
16.9423
18.8258
17.918799999999997
18.6817
19.262999999999998
17.862
17.7192
19.089100000000002
17.3673
17.640900000000002
17.987
16.6339
17.9625
20.4083
18.0962
18.5235
17.8633
17.3319
17.2777
18.724999999999998
18.0052
16.725
18.9532
17.7508
18.226200000000002
19.659
17.9436
17.5608
18.207
17.4495
17.2928
17.838199999999997
17.192700000000002
17.1917
19.1711
18.5098
18.6604
18.999499999999998
17.7708
17.439300000000003
18.195800000000002
17.8225
17.626099999999997
17.5867
17.8221
18.211399999999998
18.8844
18.5927
18.155
18.1098
17.558500000000002
18.0613
18.084400000000002
17.3625
17.9205
17.6559
18.2453
18.534399999999998
19.4867
18.059700000000003
17.651
19.0113
17.4999
17.7363
18.003
16.8476
17.3874
19.6313
22.471999999999998
17.5382
18.605
17.3404
17.1973
18.619400000000002
16.5762
18.6683
19.006700000000002
18.1603
18.1546
18.953500000000002
18.0934
17.380300000000002
18.398500000000002
16.8943
16.9549
18.0204
19.0531
17.694000000000003
18.8849
18.4648
17.441200000000002
18.218700000000002
17.381400000000003
17.3466
17.573600000000003
16.9297
17.5627
17.7179
17.160999999999998
17.0874
18.7536
17.7925
17.8733
19.330099999999998
17.4425
17.2666
17.7152
17.6902
17.0763
18.2701
17.0887
16.6432
17.516199999999998
17.0962
17.5233
18.6963
17.4467
21.368399999999998
18.014200000000002
16.942800000000002
17.731099999999998
17.8673
16.600299999999997
16.6275
18.3534
16.6311
16.7601
17.5173
16.6291
16.9113
17.8433
18.7113
17.7195
18.468
18.026
17.1449
18.1282
16.9506
17.616799999999998
17.881999999999998
16.5691
17.0582
17.2848
16.160600000000002
16.6263
17.6662
16.563399999999998
16.595599999999997
19.3249
17.205499999999997
17.0793
18.5104
17.4442
17.430999999999997
18.8316
16.991699999999998
16.6364
18.016000000000002
16.7449
16.7473
17.5393
17.1795
16.730800000000002
17.3387
16.3986
17.0016
17.668799999999997
16.3786
16.8471
17.704500000000003
16.2645
17.0738
17.1925
17.8983
18.5123
18.5565
17.2287
17.2376
18.226599999999998
16.7097
16.2938
20.1024
16.5456
16.0172
16.8148
16.9549
16.125899999999998
16.971300000000003
16.185100000000002
18.0173
16.7626
15.9003
16.1972
17.408900000000003
15.5525
16.8628
17.5363
16.075300000000002
16.8697
17.603
16.7342
16.3767
16.9603
16.7195
18.1495
18.011300000000002
17.012900000000002
17.653200000000002
17.8628
17.0372
17.4654
17.1121
16.247700000000002
16.6553
17.2852
16.3984
16.3249
17.498099999999997
16.1812
16.3318
16.9026
17.0845
16.312199999999997
17.1775
17.195700000000002
16.4336
17.5049
16.9581
16.7522
16.848399999999998
16.1612
16.364
17.5504
16.4301
16.2044
17.4594
16.058200000000003
16.1168
16.7084
16.7976
17.6451
16.7175
16.3305
16.2365
16.903399999999998
16.285
16.608500000000003
16.7064
16.5167
15.923799999999998
16.8873
15.856599999999998
15.981800000000002
16.7024
16.4296
16.2807
16.8874
16.4092
16.4393
16.8546
15.8558
15.893999999999998
17.5309
16.0049
16.1479
17.194999999999997
16.079
16.220399999999998
16.7841
16.5065
16.3735
16.8436
15.8656
16.6945
16.5741
15.9532
16.8583
16.8213
15.9271
16.23
17.3484
16.2752
16.632
17.922
16.4086
16.1783
17.055500000000002
16.168100000000003
16.3424
17.464
16.0007
15.9776
17.126099999999997
16.2785
16.0806
16.926099999999998
16.6263
16.0841
16.9255
16.0193
17.1266
19.0853
15.8053
16.365399999999998
16.7465
15.870700000000001
16.1353
17.4652
16.130599999999998
16.8378
16.7322
16.4487
16.1773
17.4909
17.0961
16.651699999999998
17.6557
17.4724
17.6154
18.319
17.210199999999997
17.8066
17.978399999999997
16.5014
17.324099999999998
17.3549
16.627200000000002
16.7018
17.8729
16.7147
16.860699999999998
18.249299999999998
16.389999999999997
16.378899999999998
17.0044
16.5861
16.4204
17.1784
16.7646
16.064999999999998
17.0229
16.168499999999998
16.7729
17.3947
15.718
16.1025
17.1912
16.0797
16.552999999999997
17.6711
15.8534
16.635
17.0211
16.291300000000003
16.2959
17.191399999999998
16.0508
16.377699999999997
16.9449
16.632399999999997
17.0141
17.1769
16.1972
16.710800000000003
16.8022
16.0019
16.087899999999998
17.185
17.0946
16.9271
17.755300000000002
17.538899999999998
17.0117
18.9653
17.4049
17.7683
17.715
16.4692
17.433799999999998
17.5865
16.77
16.582199999999997
17.631600000000002
16.429699999999997
16.2379
17.840700000000002
16.400100000000002
16.6568
16.9074
16.6763
16.299500000000002
16.9938
16.3542
16.2039
16.6575
16.2644
16.5048
17.718600000000002
15.769100000000002
16.621299999999998
16.7617
16.1233
16.515700000000002
17.9684
15.4579
16.0725
16.6736
16.7171
16.0385
17.007499999999997
16.1163
16.2272
16.7313
16.1012
16.3347
17.0827
15.785400000000001
16.367
17.654799999999998
17.8653
15.8721
16.9549
15.641800000000002
15.884700000000002
17.1623
15.941600000000001
16.1768
16.6829
17.375700000000002
15.771400000000002
16.5684
16.465600000000002
15.773100000000001
16.963800000000003
17.1971
15.795799999999998
16.692
15.873800000000001
16.4273
16.7804
15.9252
16.1923
16.6376
15.639299999999999
15.928999999999998
16.9344
16.328200000000002
16.072699999999998
17.2595
16.173199999999998
16.122
16.807599999999997
16.7592
16.121
16.725
16.0238
16.329900000000002
16.7491
16.099700000000002
16.112000000000002
17.3259
15.971499999999999
15.941500000000001
17.968
15.9387
16.4125
17.0182
16.6362
16.0061
16.910800000000002
15.9761
16.357
16.745199999999997
15.9176
16.7941
16.7684
15.627100000000002
16.985699999999998
17.5566
15.9154
15.837
17.2959
15.6653
16.6065
17.142500000000002
15.948299999999998
16.225099999999998
16.8996
16.7374
16.730800000000002
16.5637
16.328100000000003
15.5832
16.5696
15.9078
16.8324
16.533800000000003
16.1952
17.268700000000003
16.7692
19.1051
23.062800000000003
21.9577
21.8349
21.7151
20.1782
20.110699999999998
22.3879
23.5808
22.4144
16.4175
16.9491
16.1279
16.3287
16.6325
15.846800000000002
16.1696
17.5456
15.671299999999999
16.2615
16.5989
16.607400000000002
16.2047
17.723699999999997
16.222299999999997
15.999699999999999
16.5844
16.3275
16.7348
16.853900000000003
16.3692
16.2139
16.726399999999998
16.3208
16.5582
18.6365
16.1224
18.779899999999998
16.5196
16.5021
15.9743
17.3647
16.4539
16.4056
16.8507
15.865899999999998
17.159299999999998
16.5488
15.8031
16.6326
16.6225
15.921000000000001
16.5398
16.877
16.3499
16.5486
17.504700000000003
15.796500000000002
16.0704
17.5211
15.9371
16.017400000000002
16.831
16.644
15.963999999999999
17.601200000000002
16.3019
16.6124
16.6128
15.907399999999999
16.259900000000002
17.0675
16.0095
15.869600000000002
16.585900000000002
16.3365
15.6757
16.678700000000003
16.8982
15.5754
17.0774
15.984100000000002
16.6116
16.5108
16.1708
16.4738
17.0579
16.1812
16.6178
17.2752
15.961199999999998
16.332
16.7595
16.6297
16.095000000000002
17.6368
15.8745
16.470599999999997
16.575
16.0809
16.085800000000003
17.5481
16.086
16.294800000000002
16.8082
16.5866
16.0526
17.4674
16.3724
16.5921
16.4639
15.959000000000001
16.6084
17.003
16.279700000000002
16.361400000000003
17.0872
15.870599999999998
16.0248
16.995900000000002
16.3736
16.4798
16.929199999999998
16.052799999999998
16.4075
16.8728
16.020599999999998
16.6096
16.7685
16.1957
15.8277
17.2009
15.830899999999998
16.0892
17.3954
15.923
16.0104
17.4162
15.9346
15.9229
17.3722
16.3917
16.074
16.8676
15.908700000000001
16.4448
16.7742
15.7669
16.2804
16.576
15.1494
14.2981
16.2273
15.248700000000001
14.9245
15.988599999999998
16.3545
15.4706
18.221
15.8302
15.379900000000001
16.3009
15.5301
16.1753
16.2728
15.4147
15.9298
16.9575
16.0744
15.798900000000001
16.5292
16.3609
16.0956
16.7482
16.8884
16.3192
16.8305
16.3724
16.5761
16.7465
16.0041
16.1812
17.168400000000002
16.4082
16.2547
17.5704
16.0275
16.4413
17.3831
16.0314
16.3402
16.8383
16.8143
16.005499999999998
16.7398
16.0143
16.771500000000003
16.7135
16.1245
16.3552
17.458499999999997
16.2735
16.2839
16.796499999999998
16.6062
16.043499999999998
16.9643
16.02
16.4226
17.711000000000002
16.0069
16.5642
16.9525
16.1701
16.0928
17.3901
16.665599999999998
16.2018
16.8801
16.6443
16.075599999999998
16.9192
15.955400000000001
16.5105
16.8535
16.0117
16.0623
17.3907
15.9808
16.517500000000002
16.831200000000003
16.5271
19.059099999999997
18.6585
16.250500000000002
15.669599999999999
16.4905
16.2368
15.9054
16.8826
15.691500000000001
15.287099999999999
16.3201
15.891599999999999
16.0259
16.948999999999998
16.4193
16.209
16.7207
15.976199999999999
16.415499999999998
16.670399999999997
16.0835
16.1548
17.285700000000002
16.192899999999998
16.1712
16.9055
16.8473
16.412
17.434600000000003
16.8827
16.0496
16.9853
16.4068
16.7492
16.9666
16.2008
16.4039
17.2628
16.2472
16.2938
16.8524
16.535600000000002
15.9776
16.7407
17.1221
16.5277
16.7391
17.3275
16.1631
16.458099999999998
16.0484
15.988800000000001
16.6304
16.0777
16.330000000000002
16.767
16.142799999999998
15.996400000000001
17.5548
16.2926
15.924500000000002
16.823
16.3414
16.3034
17.1951
16.169900000000002
16.4682
17.2543
16.0212
16.2261
17.3149
15.8843
15.816299999999998
16.551199999999998
16.6877
16.3041
16.6963
16.4116
15.793499999999998
16.7124
15.815699999999998
16.8746
16.4786
15.6651
15.4726
16.9723
14.816899999999999
14.7148
16.343300000000003
15.5687
14.962299999999999
15.7705
15.1577
15.5243
16.4622
15.4167
15.4959
16.3401
15.939200000000001
15.7074
16.560399999999998
16.2106
15.820500000000001
16.4686
15.3675
16.725
16.2066
15.3177
13.9711
15.4783
14.8674
14.750499999999999
15.625300000000001
15.2341
15.758000000000001
15.878400000000001
15.8798
15.746599999999999
16.5544
15.711300000000001
16.993299999999998
16.9929
15.5435
16.034799999999997
16.4543
16.230600000000003
16.1268
16.9171
15.8147
16.6439
16.6796
15.824399999999999
15.933900000000001
17.335
15.5923
15.633600000000001
16.7531
15.1751
14.2432
15.971800000000002
15.3196
14.8247
15.4494
15.1829
14.8971
16.445700000000002
15.343
15.560300000000002
16.8504
15.899900000000002
15.3592
16.5763
15.706299999999999
15.151
15.2409
14.470500000000001
14.775
15.571299999999999
15.0581
15.882299999999999
16.060499999999998
15.286100000000001
15.3818
16.736
15.857
16.024
16.3978
16.2439
16.534299999999998
16.4708
15.854300000000002
18.309800000000003
16.5506
15.6421
15.636500000000002
16.9739
15.6184
16.1151
16.7538
15.5194
14.902500000000002
15.1767
14.4444
15.800600000000001
15.751299999999999
14.9915
14.9109
16.3316
15.134
15.5902
16.434
15.5132
16.398300000000003
16.2879
15.5947
16.3504
16.6236
16.152199999999997
16.4054
16.675700000000003
16.0153
15.938299999999998
16.6293
15.926200000000001
15.5407
16.782600000000002
14.5006
14.6001
15.861699999999999
15.1698
15.3757
16.0486
15.1252
15.1971
16.4266
15.5763
16.0235
16.8791
15.644499999999999
15.782399999999999
16.8294
16.310299999999998
16.1573
16.456100000000003
15.781400000000001
16.2736
16.506
15.3515
14.4955
16.312299999999997
15.4555
14.738100000000001
15.3928
15.022300000000001
14.9438
16.079900000000002
15.4585
15.1315
16.2728
15.5394
16.1689
16.4829
15.635699999999998
15.430299999999999
16.5054
15.1442
14.953299999999999
16.521500000000003
14.174100000000001
14.3382
15.3779
14.6641
15.302200000000001
16.3307
14.9116
15.571299999999999
16.595
15.4867
15.4813
16.6022
15.2708
15.6821
15.7698
14.609499999999999
14.8498
15.363800000000001
14.9828
14.7667
15.786700000000002
14.938099999999999
15.086799999999998
16.5738
15.326899999999998
15.405000000000001
16.720200000000002
15.870700000000001
15.2249
15.5994
14.109
15.9029
15.6094
14.8264
14.7458
16.3895
14.9479
14.903400000000001
16.368199999999998
15.8558
15.893500000000001
16.445700000000002
15.8348
15.5996
16.156
15.0416
15.331100000000001
15.5315
14.2812
14.868599999999999
17.8928
14.7511
14.982099999999999
16.0428
15.5436
14.9191
16.2109
15.779600000000002
16.1148
16.5643
15.4758
15.5387
18.381899999999998
15.786200000000001
15.4236
16.4947
15.6811
14.8923
16.1221
14.3066
15.03
15.9879
14.864
14.7462
16.1885
14.9701
14.9091
16.316399999999998
16.3565
15.856499999999999
16.2232
15.4872
15.845
16.3145
15.1889
14.5232
15.676099999999998
14.7043
14.8252
16.0398
15.3803
15.2517
16.1601
14.863299999999999
16.135900000000003
16.4451
15.612900000000002
15.8627
17.0401
15.6906
15.658600000000002
16.471300000000003
16.1369
15.2287
16.215
14.045300000000001
15.4357
15.658800000000001
14.9489
15.572799999999999
18.124000000000002
15.249
15.3116
16.1942
15.7998
15.1768
16.3733
16.0674
16.3114
16.6405
15.7593
15.896600000000001
17.1681
15.979899999999999
16.2008
18.345
15.9124
15.9226
16.587500000000002
16.347
16.549
17.1823
16.0599
16.8449
16.6279
15.9356
16.1738
17.0641
16.058
15.991700000000002
17.663700000000002
16.662300000000002
16.0638
16.7743
16.4193
18.7161
17.7013
15.593
15.821100000000001
16.1591
15.8383
16.6742
16.9816
15.9947
16.3966
17.1889
16.0394
16.0923
16.813200000000002
16.5654
16.209
16.7475
16.0808
16.422800000000002
16.8457
15.919599999999999
15.9843
17.2878
15.881099999999998
15.901100000000001
17.7548
16.3439
16.200200000000002
16.865399999999998
18.1692
16.014799999999997
16.6817
15.6951
15.9667
16.915300000000002
15.5626
15.5608
16.530900000000003
15.2405
13.942400000000001
15.815900000000001
15.7833
15.2655
15.661000000000001
15.1612
15.3277
16.1081
15.3867
15.891099999999998
16.2026
15.385299999999999
16.2459
16.9237
15.8523
15.8173
16.4453
16.328100000000003
15.8954
16.7531
16.4291
15.833799999999998
16.6952
15.824100000000001
16.0717
16.6572
15.803700000000001
15.2066
16.6186
14.5135
14.9785
16.6022
15.169699999999999
15.5122
15.8744
16.004399999999997
15.5432
16.407600000000002
15.3676
15.6646
16.8522
16.1188
15.849499999999999
16.618299999999998
15.7675
16.3284
16.6431
15.968599999999999
16.797900000000002
16.991200000000003
15.8474
16.2667
16.9048
16.4088
15.7426
16.849800000000002
15.471499999999999
16.2021
16.5029
14.7216
15.063500000000001
15.7956
14.878499999999999
14.8685
16.145
16.1864
14.9792
16.1812
15.723600000000001
15.644499999999999
16.580299999999998
16.032
15.358500000000001
16.395
15.810899999999998
16.6706
16.485400000000002
15.828899999999999
15.961699999999999
17.2121
15.809
15.808900000000001
16.6223
16.1815
15.7383
16.246
14.750499999999999
14.796800000000001
15.5444
14.804
14.8491
16.5853
15.0497
15.1675
15.902800000000001
15.874699999999999
15.6596
16.584600000000002
15.8231
16.0716
16.4253
15.705899999999998
15.669099999999998
17.186400000000003
15.5031
15.1411
14.9581
14.959200000000001
14.8636
15.883999999999999
17.1913
15.885799999999998
15.5938
15.0731
16.0387
18.2824
15.5435
15.3218
16.043000000000003
15.817000000000002
15.658499999999998
16.4783
15.756499999999999
16.9054
16.4441
15.916400000000001
16.250899999999998
16.5719
16.2392
15.9755
17.0761
15.738900000000001
15.784699999999999
17.321099999999998
15.909699999999999
16.2832
16.9701
16.0843
15.763200000000001
16.4265
15.3015
15.2239
15.5281
15.078700000000001
15.0993
16.267500000000002
15.0135
15.328700000000001
16.7192
15.1486
14.799299999999999
16.630599999999998
15.485000000000001
16.0013
17.356099999999998
15.6546
16.1675
16.7854
15.745700000000001
15.7502
17.0135
15.9463
15.4848
16.3674
15.7502
15.1216
15.5815
15.6894
15.028599999999999
15.783800000000001
14.9824
15.2175
16.4816
15.651700000000002
15.488800000000001
16.8243
15.3713
15.079600000000001
16.4138
16.1286
15.948400000000001
16.4453
15.6116
16.2018
16.363200000000003
15.5666
15.6734
16.9217
15.4555
14.105400000000001
15.881400000000001
17.5123
15.0997
15.866000000000001
15.1014
14.7881
15.636600000000001
15.49
16.025399999999998
16.6069
15.645699999999998
14.8838
16.6614
15.663699999999999
15.749699999999999
16.5491
16.186
15.5934
16.287699999999997
15.1829
15.5934
14.9149
14.4937
14.9079
15.904499999999999
14.8486
15.0144
16.1491
15.6232
15.9322
16.383399999999998
16.197699999999998
15.630999999999998
16.3837
15.526200000000001
16.124
16.5999
15.6797
15.2419
16.0768
14.1222
14.7644
15.4511
14.569500000000001
15.409600000000001
16.0505
15.8052
15.3707
16.6903
15.5194
17.701
16.5492
15.604
15.4938
16.3875
15.849200000000002
15.6379
15.9258
14.192599999999999
15.139700000000001
15.2938
14.6678
14.7227
16.0867
14.9384
16.2105
16.1795
14.9785
15.636199999999999
16.5291
15.7949
15.7546
16.3627
15.658700000000001
16.3686
16.1197
14.9908
14.1321
15.9908
14.8659
14.927
15.9654
15.4392
15.0496
15.991399999999999
15.235800000000001
15.989900000000002
16.6282
15.3711
15.474699999999999
16.9759
15.3506
15.498700000000001
15.957099999999999
14.7348
14.3002
15.2561
14.605699999999999
15.3991
15.786200000000001
14.7743
15.3763
19.8004
14.6645
15.4963
16.165
15.7306
15.6391
16.079
16.1299
14.6775
14.549
14.4648
14.7829
15.8325
15.0036
15.007
15.432
15.8702
15.361400000000001
16.1596
15.1378
14.8237
14.604600000000001
14.0914
14.545
15.0761
15.422
14.4896
15.944799999999999
16.0226
15.579799999999999
16.2285
15.3415
15.0372
16.0455
13.7134
14.557799999999999
15.370999999999999
14.6688
15.1205
15.4536
14.4474
15.786999999999999
15.9925
15.1147
14.6333
15.856100000000001
13.535
14.3691
15.039399999999999
15.1172
14.4703
15.4274
15.0566
15.1614
16.275499999999997
14.5205
13.9053
15.483500000000001
15.2091
14.3657
15.638300000000001
14.6021
15.3214
16.1544
15.323599999999999
15.901800000000001
16.608500000000003
15.124699999999999
14.211500000000001
15.247
14.4537
14.429
16.089699999999997
15.8305
14.6825
15.3827
15.0037
15.328
18.2303
15.1164
15.1478
16.1831
13.808000000000002
14.115
14.9472
14.978
14.555800000000001
15.329600000000001
14.689499999999999
15.5501
15.6074
14.7508
13.861500000000001
15.1945
14.3337
14.3926
15.303
15.0206
14.3171
15.8878
15.270900000000001
15.734399999999999
16.3186
15.6495
14.556899999999999
15.3358
14.3805
14.3361
15.204600000000001
15.0571
14.6679
15.364799999999999
15.5718
15.7927
15.983
14.806
13.4414
15.4167
14.473400000000002
14.689499999999999
15.269400000000001
14.785
15.3805
16.0827
15.1491
15.4635
16.395400000000002
14.7882
13.860000000000001
15.1024
14.684
14.9175
15.668000000000001
14.8263
15.1352
16.2315
15.1227
14.9413
17.676000000000002
15.1356
13.777
14.8228
14.1844
14.515500000000001
15.247399999999999
14.6648
14.9491
16.6207
14.9758
14.951
15.7144
14.3611
14.2113
15.1073
14.4611
14.720699999999999
15.924000000000001
14.878
15.3964
16.389899999999997
16.0894
15.1253
16.0259
14.4586
14.0702
15.4245
14.6343
14.6984
15.8418
15.396999999999998
14.6137
15.5329
15.8632
15.1253
15.8809
14.527
14.0038
15.118400000000001
14.1051
14.5474
15.440199999999999
15.171199999999999
14.9711
15.884200000000002
14.9151
15.1803
14.4531
14.4358
14.1345
15.2881
14.4379
14.3001
15.888
15.7244
15.078299999999999
15.4148
14.0312
14.2394
14.741900000000001
15.1449
14.3863
15.4881
14.7896
14.799
16.8386
14.6707
14.1256
14.6112
14.1949
14.4694
17.5131
14.350999999999999
14.3338
15.6151
15.4643
14.8424
15.4007
13.5633
14.6875
14.7538
14.1743
14.5565
15.5221
14.87
14.968300000000001
15.7483
14.494
14.378
14.9639
13.968100000000002
14.0678
15.765899999999998
14.121699999999999
14.8491
16.044
15.2809
14.0645
14.5866
13.9494
14.7711
14.9232
14.2568
14.720699999999999
15.9848
14.4886
13.7748
14.155299999999999
14.201699999999999
14.6353
15.4413
14.063600000000001
14.8132
15.9102
14.613100000000001
13.9971
14.7501
13.7353
14.433
14.9591
14.3001
15.6304
15.753
14.2208
13.568
14.526499999999999
14.3323
14.212000000000002
15.1013
14.9544
15.3521
15.695899999999998
15.616200000000001
13.546100000000001
15.1518
13.9693
14.2501
14.926200000000001
13.906699999999999
15.197799999999999
15.6165
14.3691
13.1713
15.442
13.9337
14.1581
14.953899999999999
15.0298
14.8311
15.104
13.4422
13.8857
14.7446
13.9522
14.0221
15.7504
15.509
14.7346
15.2934
13.7142
13.9597
14.3382
13.919
13.902899999999999
16.015700000000002
14.6352
14.633999999999999
15.8127
13.2849
13.4938
14.733400000000001
14.212499999999999
14.273
15.4337
14.0561
15.017900000000001
14.755700000000001
13.7102
14.2235
14.6759
14.1976
14.7029
15.419699999999999
13.7557
14.066
14.5509
13.9288
14.1731
15.65
15.076600000000001
14.4544
14.800799999999999
13.801300000000001
13.720899999999999
14.7682
14.1026
14.176400000000001
15.9679
14.6298
13.628
15.0363
14.6727
14.1557
14.6787
14.111699999999999
15.044
15.510299999999999
16.6127
14.955
14.2222
13.7637
13.6405
17.2512
14.1143
14.8916
14.7738
14.8064
14.1953
13.7321
14.8615
13.9574
14.7195
14.1347
14.871799999999999
15.988100000000001
14.5801
14.3071
14.5425
13.7453
13.6344
14.8995
13.8628
15.476
15.5219
14.6305
14.2137
14.3611
13.692499999999999
13.9624
15.0706
14.3658
14.360100000000001
14.766100000000002
13.416300000000001
13.6296
14.814
14.0763
14.293099999999999
16.038899999999998
14.169899999999998
12.9418
15.3151
13.6361
14.036200000000001
14.9268
14.465499999999999
14.7956
14.7351
12.9734
13.779100000000001
15.0922
13.8786
14.469199999999999
15.1924
14.4437
12.8141
14.8889
13.7169
14.2684
16.278299999999998
14.1948
14.3345
14.7259
13.534799999999999
13.9214
14.386899999999999
14.218
14.3259
16.0412
14.4002
13.192300000000001
14.3316
14.1362
14.231
14.918000000000001
14.494200000000001
14.3156
15.089
12.900699999999999
13.581299999999999
14.9018
14.4834
14.0058
16.0906
14.4527
14.4155
13.6112
13.634
13.848600000000001
14.929400000000001
14.6103
14.6338
15.685899999999998
13.7763
13.6425
14.586500000000001
13.718599999999999
13.908900000000001
14.6814
14.8637
14.092600000000001
13.8794
13.6323
14.1655
15.0997
13.658399999999999
14.4215
14.4674
13.0231
13.7922
14.3937
13.9271
14.9127
14.9891
13.751
12.9529
14.2489
14.4285
14.012500000000001
14.8065
14.7549
14.026
13.6227
13.805
13.723799999999999
15.2789
13.9731
14.305399999999999
17.4054
14.9055
13.1675
14.1257
13.485999999999999
13.9235
15.0115
15.2885
15.333400000000001
15.1976
12.7528
13.484599999999999
14.3839
14.133899999999999
14.799299999999999
15.1382
14.418999999999999
13.309700000000001
15.1016
13.474
14.024999999999999
15.015799999999999
14.472199999999999
14.83
14.774000000000001
13.477400000000001
14.8992
14.6479
13.922199999999998
13.9486
15.405800000000001
14.1609
14.437800000000001
13.6984
13.837
14.4119
15.5193
14.1753
14.495600000000001
15.1088
14.0374
12.994
14.268899999999999
13.925
14.5974
14.8246
14.475999999999999
13.0492
14.6059
13.4844
13.6998
14.6588
14.7653
14.81
14.527099999999999
12.9867
13.643
14.8354
13.958
14.5451
15.0779
14.700700000000001
12.9085
14.3236
13.720899999999999
13.7673
15.4594
14.300500000000001
13.3337
13.8741
14.881
13.526299999999999
14.7118
14.318100000000001
14.0556
14.5492
13.056999999999999
13.488800000000001
14.7796
14.3093
14.491499999999998
15.0119
13.2621
13.239799999999999
14.8195
13.776200000000001
13.9322
15.605300000000002
15.0254
13.3393
13.8245
13.4431
14.6427
14.6861
14.4038
14.8867
15.9142
14.1042
13.0926
14.2895
13.9004
14.5076
14.8751
14.6326
15.5337
15.083900000000002
12.980500000000001
13.68
15.159799999999999
13.9136
13.8187
15.154499999999999
15.1033
13.1304
14.5192
13.736999999999998
14.179300000000001
15.339500000000001
14.3001
14.409099999999999
14.8347
13.5444
13.757
14.6881
14.0115
14.2172
15.3753
14.1599
13.178
14.8752
13.596300000000001
17.351599999999998
14.3742
13.831299999999999
15.0321
15.5647
14.3385
12.998199999999999
15.0017
14.6676
14.0523
14.7728
15.02
14.8414
15.0155
12.8258
15.831600000000002
14.9336
13.7778
14.200199999999999
14.5685
15.035400000000001
14.4887
13.8966
13.8661
14.4556
14.545300000000001
14.0547
14.895
15.878400000000001
14.3174
13.1107
14.8658
14.0898
15.0252
14.7284
14.093100000000002
14.4508
15.8956
13.8514
13.3024
14.574200000000001
15.0026
14.7165
15.5884
14.1758
15.1139
15.4655
14.543000000000001
13.2279
14.5877
14.362400000000001
14.498199999999999
15.3195
15.272
15.0858
15.4885
13.6449
13.313
15.127
14.2706
14.563400000000001
15.6119
14.5973
14.7872
15.3001
14.7685
13.2849
14.7882
14.2149
14.286200000000001
15.4867
14.6379
14.672899999999998
15.793600000000001
14.616999999999999
13.2503
15.3065
13.728900000000001
14.595699999999999
15.124600000000001
14.5113
14.6617
15.8395
13.6142
13.8865
14.5935
14.398100000000001
14.2029
14.943
14.777800000000001
14.6066
14.9776
13.606
13.7624
14.6907
14.6934
14.610100000000001
15.4312
14.5875
13.899999999999999
14.5402
14.6072
13.786299999999999
15.7145
14.2557
14.5566
15.2815
14.2612
13.6229
14.4634
14.346
14.6596
15.5928
14.1712
14.481900000000001
15.4489
14.7933
13.3242
14.5851
13.8063
14.768099999999999
15.4923
14.1993
14.6086
15.703499999999998
13.0968
13.7097
14.7163
14.076500000000001
14.0668
15.370099999999999
15.0807
14.6775
14.2705
13.6531
13.7509
16.1282
14.7095
14.1709
15.5131
14.466
14.0379
14.6077
14.022599999999999
14.838000000000001
15.536
14.115300000000001
14.640600000000001
15.2305
13.5756
13.5478
16.363300000000002
14.5669
14.3354
14.8781
13.7911
14.4987
15.258000000000001
13.9978
14.0564
14.363000000000001
14.110899999999999
14.6486
14.955599999999999
14.5779
14.4711
15.3318
13.5113
13.8684
14.5852
15.7551
14.1134
15.340100000000001
14.8002
14.8068
14.1617
13.6303
14.2842
14.9193
14.804499999999999
14.665700000000001
15.6442
14.943700000000002
13.767700000000001
14.0456
13.782300000000001
13.947899999999999
15.9725
13.9337
14.9302
15.3872
15.083400000000001
13.1608
14.675600000000001
13.8567
14.4332
15.4522
14.6511
14.700299999999999
15.402600000000001
14.5057
13.747300000000001
14.694
14.2545
14.8402
15.0161
14.7067
14.701
15.4901
13.3978
13.8218
15.227400000000001
14.4997
14.6503
14.6742
14.9445
14.3567
14.980699999999999
13.403699999999999
13.727400000000001
14.7639
14.1833
14.7185
15.8721
14.273900000000001
13.1067
14.6526
14.237
14.2499
14.9885
14.268899999999999
14.4077
15.352599999999999
13.1331
13.7705
15.1476
14.8804
14.0885
15.2969
15.186399999999999
14.8412
14.4049
13.4048
14.0044
15.1026
14.2213
14.675699999999999
15.6391
15.2758
15.2598
15.2026
13.1403
14.3619
14.7188
14.2473
13.8604
16.020400000000002
15.138
14.7868
14.102699999999999
13.645
14.6299
14.9406
14.4299
14.4725
16.166300000000003
14.5422
13.4118
14.192
13.776200000000001
14.690999999999999
15.1899
14.0695
14.796
15.728900000000001
13.4881
13.7436
15.145199999999999
14.0157
14.1919
16.1205
14.5933
14.6066
15.7627
13.9073
13.883899999999999
14.514600000000002
14.406199999999998
15.640899999999998
15.2356
14.4337
15.2771
15.0067
12.966099999999999
13.9579
14.6073
14.4858
14.205
15.4574
14.5762
14.663300000000001
14.1654
13.9238
13.866
14.9192
14.8918
14.5664
16.5638
15.4063
15.0206
15.0438
13.3391
13.8854
15.2182
14.317
14.6585
15.5829
15.2714
14.6487
15.3031
13.0452
14.2848
14.617899999999999
14.1441
13.8316
16.149299999999997
14.5799
13.7586
13.9573
14.0158
13.7385
15.3446
14.0052
14.9292
15.8977
13.6939
13.3212
14.6508
14.3235
14.2928
15.1263
14.4307
14.0204
14.5122
13.4995
13.9609
15.097199999999999
14.674
15.1767
15.3787
14.3469
13.7149
14.142999999999999
13.639
14.4444
15.493
14.4675
14.663
15.0298
13.423
13.6
14.7411
14.082600000000001
13.839
15.809299999999999
14.8241
13.6036
14.3879
14.6397
14.0512
15.011
14.1335
15.108500000000001
15.434099999999999
14.014000000000001
13.2113
15.0379
14.1958
13.8922
14.8587
14.3384
14.9152
15.629000000000001
13.3743
13.9904
15.329600000000001
13.9986
14.1123
14.659099999999999
15.1127
14.281
14.7043
13.1302
13.7087
15.0699
14.071800000000001
14.7029
15.6396
14.117799999999999
13.2827
14.4136
14.7446
13.9459
15.1088
14.5474
14.634400000000001
15.914399999999999
13.1264
13.692599999999999
14.531600000000001
14.794
14.1663
15.4052
14.6206
14.7198
13.817599999999999
14.4476
14.547799999999999
14.9338
14.2562
14.293099999999999
15.3902
14.3725
13.5881
14.899799999999999
14.112
17.1189
14.6792
14.028
14.4352
15.366
14.804
14.171899999999999
14.413799999999998
13.9165
13.9765
15.5026
13.921299999999999
14.834200000000001
15.5535
14.7767
13.1546
14.47
13.8567
14.1986
15.5128
14.4485
14.7349
16.1712
13.304
13.5969
14.5481
15.2276
14.605500000000001
15.119499999999999
15.2719
15.041
15.7173
13.7297
13.592099999999999
14.947099999999999
14.6623
14.6967
15.044500000000001
14.5638
14.996799999999999
15.5882
13.8205
13.7257
14.7456
13.7926
14.272
14.8634
14.8444
14.9817
14.487699999999998
18.7835
13.4389
14.713000000000001
13.8267
14.068999999999999
15.4343
14.7486
14.614500000000001
16.3534
14.0126
12.955
15.0566
13.8995
14.1262
14.405700000000001
15.093499999999999
14.4027
13.9163
13.4941
14.4896
14.701
13.989700000000001
14.574399999999999
15.6805
14.118500000000001
13.4175
14.4086
14.2175
13.9773
14.5945
14.3861
13.530999999999999
14.7875
13.6993
13.7418
14.911900000000001
14.6736
14.5933
15.713600000000001
14.8743
12.856
14.729600000000001
13.566999999999998
14.239999999999998
14.831999999999999
15.2917
14.7897
15.699399999999999
14.3401
13.476500000000001
14.4438
13.906699999999999
14.3093
15.9807
14.901
14.5661
14.942799999999998
13.6507
13.7155
14.7698
14.2227
14.3626
15.309700000000001
14.43
13.077399999999999
14.821900000000001
13.7185
14.1944
17.361600000000003
14.591700000000001
14.1642
15.498899999999999
14.1237
13.8215
14.7776
13.5105
14.206
16.2701
14.0263
14.9424
15.452300000000001
14.5785
12.9938
14.5006
13.9725
14.604000000000001
15.1373
15.9727
14.585
14.908
13.6352
13.693999999999999
14.7463
14.3674
14.3427
15.393699999999999
14.3926
13.550899999999999
13.993200000000002
14.0342
14.055299999999999
15.2063
14.165000000000001
15.0276
15.154499999999999
13.1703
13.5309
15.31
13.790999999999999
14.192400000000001
14.966999999999999
14.5467
14.7402
14.9606
13.249199999999998
13.9307
15.4179
14.0861
14.026200000000001
15.986899999999999
14.4661
13.100000000000001
14.6978
14.5267
13.696299999999999
14.8697
14.2552
15.058
15.4436
13.3537
13.7768
14.8554
13.6724
14.119100000000001
15.1127
14.3855
15.224
18.351599999999998
13.505899999999999
13.3025
14.7574
13.700000000000001
13.8744
15.611699999999999
14.4336
15.278500000000001
13.8169
13.6568
13.6154
15.385299999999999
13.8499
14.6515
15.2561
14.6789
13.0627
14.3159
13.692400000000001
14.1474
15.102
14.5133
13.7429
13.7782
14.3214
13.5274
14.7253
14.431899999999999
14.4434
15.954300000000002
13.101099999999999
13.389899999999999
14.373000000000001
14.4177
14.003699999999998
15.1297
13.8003
12.8713
15.0719
13.641300000000001
13.893
14.9046
14.9201
14.5285
15.5332
13.6969
14.2203
15.0065
13.6591
14.3079
14.804400000000001
15.0081
14.0118
14.039
13.468
14.2202
14.833300000000001
13.5454
14.3429
15.2637
13.5557
13.682400000000001
14.3769
14.384400000000001
14.086500000000001
15.261999999999999
14.1999
12.9476
15.153099999999998
13.984200000000001
14.122900000000001
15.1977
14.331999999999999
14.517999999999999
14.8842
12.999
14.113199999999999
16.897
13.661200000000001
14.2204
14.8054
15.0425
14.154
14.0276
13.5686
13.794
15.1228
16.0778
14.082799999999999
15.913199999999998
14.2041
13.3158
14.2071
13.947299999999998
14.7313
14.755700000000001
14.2567
14.696000000000002
16.0218
13.4171
13.6752
14.825899999999999
14.323799999999999
14.254
14.635499999999999
14.6738
14.5296
14.4236
13.6966
13.780199999999999
15.1703
14.154399999999999
14.263
15.3225
15.4308
14.306
13.7683
14.1365
14.439300000000001
15.046199999999999
13.9831
14.684199999999999
15.908100000000001
14.3292
12.9064
14.5181
14.3074
14.315299999999999
14.5639
14.405100000000001
14.3534
15.031600000000001
13.052
13.8007
14.5489
14.5054
14.5824
15.7327
14.1297
12.8305
15.4719
13.3871
13.9059
14.843300000000001
14.8263
15.3041
14.739199999999999
13.0771
13.3303
14.6564
13.9656
14.3727
14.9634
13.7613
13.7827
14.2807
13.626600000000002
13.750200000000001
15.397499999999999
14.224300000000001
12.9953
14.1777
13.916
14.3488
14.6298
14.518400000000002
13.9461
13.9476
13.8095
13.7562
14.513399999999999
13.543
14.873600000000001
14.8924
12.8147
13.4177
14.3777
15.117
13.886199999999999
15.073
14.154
14.0821
13.6853
14.2258
13.8598
15.1469
13.8344
14.2829
15.0762
13.2304
13.5631
14.373500000000002
14.0854
14.3543
15.4695
13.9572
12.6161
14.4834
14.117899999999999
14.002600000000001
14.8488
14.3102
13.018
13.921299999999999
13.4244
14.0233
14.8923
14.8613
14.0468
13.8335
13.8456
13.597
14.9231
13.555
14.7019
16.0751
13.8531
13.064400000000001
13.8902
14.2885
13.6639
15.1647
14.011600000000001
13.0677
14.008899999999999
13.5271
13.740499999999999
16.697
14.1785
13.812100000000001
13.37
13.2973
13.654100000000001
14.6816
14.0797
13.8782
13.790099999999999
13.2117
13.3741
14.6067
14.1502
14.295399999999999
13.5624
13.3859
13.7694
14.482099999999999
13.564
14.0118
15.2079
13.078
13.2258
14.524199999999999
14.1312
14.6647
15.0402
14.4437
12.9029
14.2235
14.2196
14.037
15.0113
14.682
14.241200000000001
13.5671
13.2936
13.5512
15.1912
13.360199999999999
14.670300000000001
14.7782
15.901100000000001
13.677200000000001
14.0899
14.266900000000001
14.2861
14.653899999999998
14.1507
13.6872
14.0436
13.6661
13.6449
14.893099999999999
14.498199999999999
14.2963
14.7384
12.946900000000001
14.0152
14.8097
13.9391
14.1955
14.9014
13.210700000000001
13.709000000000001
14.082600000000001
13.451899999999998
13.665000000000001
15.3429
13.956100000000001
12.9356
14.0176
13.3696
14.1248
14.8011
14.0888
12.6489
14.8649
13.5385
13.5992
14.674100000000001
14.504
12.8389
13.7155
13.4141
13.911700000000002
14.8048
14.356
13.3934
13.4968
13.1413
13.7932
14.7114
13.9779
14.8152
14.6685
12.5945
13.368400000000001
14.198
14.6856
14.4794
15.314
14.4501
13.296199999999999
14.279399999999999
13.4185
14.045
14.3213
14.593
13.2019
13.6055
13.441699999999999
14.2451
14.624
14.286999999999999
14.1404
14.079899999999999
13.5178
13.299800000000001
15.1403
14.1716
14.934700000000001
15.3257
12.85
13.2779
14.8385
13.8055
13.856300000000001
16.0823
14.2271
13.3645
14.145299999999999
13.4918
13.7886
14.7872
14.552900000000001
13.6593
13.4893
13.517700000000001
14.1434
16.7816
14.153
14.6526
15.5289
13.8341
13.1139
14.0859
13.455699999999998
14.299100000000001
15.2234
14.364
13.100499999999998
14.894
13.4684
13.6454
14.6722
14.7901
14.252799999999999
14.333200000000001
12.9916
14.0525
14.4648
14.402800000000001
14.107899999999999
16.0902
14.2585
13.044599999999999
13.8686
13.5332
14.4377
14.7977
14.668199999999999
14.8776
15.8903
12.937199999999999
13.4518
14.277
13.800400000000002
14.3849
15.1987
14.2589
12.8992
14.7353
13.4971
13.9984
14.590499999999999
14.082
13.9552
13.717
14.1786
13.6658
15.033700000000001
14.6453
14.2594
15.0715
12.6564
13.733699999999999
14.5822
14.9861
14.6827
14.9466
13.7658
12.7485
14.2697
13.9288
13.8599
14.6963
14.225399999999999
12.514000000000001
14.1782
13.4565
14.0432
14.9228
14.1146
13.0836
14.0443
13.3376
14.3309
14.4161
14.3349
13.6596
13.674900000000001
13.609
13.323599999999999
14.4903
14.123
14.281500000000001
13.3537
13.0932
13.7555
14.4184
14.282599999999999
13.7743
14.021
13.2217
13.9683
14.2289
13.552299999999999
14.225
15.1741
12.7324
13.362499999999999
14.7082
14.295499999999999
14.0757
14.936
13.3615
12.6594
14.5673
13.6305
13.7982
15.275
14.3752
12.7682
14.0168
13.4554
14.043
14.6148
13.973700000000001
12.596400000000001
14.699399999999999
13.886199999999999
13.831299999999999
14.742099999999999
14.0664
14.616999999999999
13.356
13.4142
13.479800000000001
16.0291
13.4602
13.8218
13.907499999999999
13.3095
14.0579
14.342799999999999
13.4468
14.1472
14.3164
12.8162
13.220799999999999
15.829200000000002
15.446100000000001
13.6519
14.8424
13.939699999999998
12.883000000000001
14.3286
13.917900000000001
13.7921
14.984900000000001
13.9983
12.5139
14.8251
13.4392
13.771099999999999
14.165799999999999
14.8689
13.004800000000001
13.8538
13.3421
14.4825
14.4077
14.3003
14.519300000000001
14.2424
12.7301
13.447799999999999
14.6923
13.5387
14.7451
15.266200000000001
13.0503
13.7286
15.330699999999998
14.0862
13.8566
14.3559
14.6672
13.8809
13.4114
13.667300000000001
14.187
14.954600000000001
14.0342
14.229500000000002
14.8375
12.764100000000001
13.518600000000001
14.461699999999999
13.8885
17.6306
14.8679
14.286200000000001
12.9565
14.5937
13.3992
14.0195
14.6063
15.795799999999998
14.361
14.8091
12.9407
14.184099999999999
14.6103
14.2729
14.201500000000001
15.7446
14.1762
12.806700000000001
14.1777
13.7676
14.3214
14.6777
14.3182
13.8836
14.5636
13.3005
13.684800000000001
14.815800000000001
14.013
14.8088
15.233
12.8753
13.6616
15.2017
13.8309
13.6733
14.9979
14.899000000000001
12.8881
14.2633
13.402600000000001
14.1483
15.956600000000002
14.4595
14.169599999999999
14.5251
12.8836
13.505700000000001
14.6064
14.3872
14.8497
15.901700000000002
14.5171
13.1252
14.654
13.7357
13.9412
14.732800000000001
14.8311
14.4305
14.4459
12.757
13.6646
14.8247
13.6366
14.1934
14.4484
13.3086
15.3767
14.3209
13.7684
14.2556
15.2159
14.213
13.0717
14.5201
13.6046
14.6305
14.488199999999999
14.8488
13.8759
13.5941
13.2993
13.762
15.1945
13.7699
14.125399999999999
14.612699999999998
12.371
13.6595
16.2237
13.9974
14.3069
15.2344
13.6737
12.6395
14.575700000000001
13.2681
13.9543
15.024700000000001
14.1379
13.3206
13.7391
13.382200000000001
13.6967
15.0421
13.934000000000001
12.8285
13.9887
13.5643
14.1607
14.2791
14.1844
15.0913
13.383799999999999
13.309899999999999
13.3571
14.4488
13.7463
14.5659
15.5946
12.735800000000001
13.347299999999999
14.2666
14.086
13.8835
14.9111
12.9888
13.5658
13.9306
13.851
13.531400000000001
15.235800000000001
13.6891
12.869800000000001
13.924199999999999
13.768799999999999
13.4436
15.1118
13.6455
13.022499999999999
14.6066
13.2776
13.4323
15.3958
13.783800000000001
12.5687
13.899099999999999
14.0508
14.2912
14.5075
13.805299999999999
12.5306
14.488900000000001
13.1071
13.7955
14.9503
13.9536
13.198
13.7902
13.2759
13.604800000000001
14.485100000000001
14.5239
12.5625
14.299299999999999
13.1286
14.2522
14.5168
13.8825
12.402899999999999
14.8217
13.2644
13.722
14.4946
14.423399999999999
12.7171
13.7865
13.4903
13.8342
14.5589
14.0565
12.568
13.8765
13.6399
14.6301
14.4947
14.0367
14.1176
13.3629
13.2433
13.368599999999999
14.812199999999999
14.5748
14.0382
14.8159
12.7947
14.0946
14.176400000000001
13.9008
14.3647
15.3187
13.0869
13.1656
14.059000000000001
13.6694
14.1947
15.228800000000001
13.2274
12.6986
16.370800000000003
13.4856
13.7755
14.615400000000001
14.6289
13.228800000000001
13.4517
13.1817
14.203800000000001
15.3181
13.8267
13.4249
14.0705
13.271700000000001
13.287099999999999
14.3948
14.2332
14.3414
13.1083
13.4733
13.3933
14.9429
15.754399999999999
14.1883
14.6058
13.12
13.697799999999999
13.934999999999999
13.665099999999999
14.0672
15.3077
13.017100000000001
13.243400000000001
14.3649
14.3245
13.358500000000001
14.789399999999999
13.1078
13.0178
14.7553
13.5134
13.7278
14.813099999999999
13.0317
13.3217
14.2734
14.305
13.9607
14.914800000000001
14.125800000000002
12.853200000000001
13.8117
13.798
13.7604
14.683399999999999
14.5112
14.6061
15.1038
12.5781
13.3759
14.3604
14.0599
14.2629
14.860800000000001
12.3951
13.2949
14.4056
13.600900000000001
14.1142
14.667
12.8641
14.335
13.9841
13.6519
13.9455
15.703899999999999
12.795900000000001
13.6495
14.0859
13.4498
14.5648
14.889700000000001
13.559
12.9137
14.5635
13.4441
13.7199
14.8778
13.5556
13.128
13.982700000000001
14.1108
13.9021
15.9032
14.38
13.6744
13.0748
13.233099999999999
13.6297
15.1372
13.9394
13.559800000000001
13.8666
13.7819
12.9751
14.384400000000001
14.2174
13.5079
13.1504
13.1403
14.9908
14.3685
13.8479
13.7467
13.492
13.763900000000001
13.4457
14.5071
14.7612
14.5201
14.6437
12.8488
13.1845
14.4475
13.3732
14.366800000000001
14.7551
13.7424
13.2996
14.066600000000001
13.5701
13.9466
15.0124
13.3161
12.418999999999999
13.977699999999999
13.809099999999999
13.393
16.1012
13.8744
12.4375
14.4641
13.483500000000001
14.027899999999999
14.938500000000001
13.770299999999999
14.067
15.0513
14.461699999999999
14.051900000000002
16.8669
13.986500000000001
13.2144
14.851899999999999
12.613199999999999
13.3537
14.046
13.756400000000001
13.827
14.4525
12.721
13.426300000000001
14.0444
13.7427
16.303
15.3607
14.0293
12.6341
13.539900000000001
13.9042
13.5354
14.5588
14.0309
13.2169
13.9086
13.157399999999999
13.506
14.706199999999999
14.322
12.75
13.9749
13.5716
14.015400000000001
14.2136
13.8552
12.6214
14.1767
13.399
13.8843
15.192499999999999
14.5485
13.7699
13.3659
13.2561
13.443399999999999
15.2406
14.3383
14.211599999999999
14.3623
13.367
13.1595
14.56
13.5298
14.3508
14.533100000000001
12.588500000000002
13.0365
14.1427
14.1995
14.0281
14.3416
12.3219
13.7087
14.360299999999999
13.333599999999999
14.1873
15.508700000000001
12.5437
13.0427
14.1685
13.4711
14.5002
15.4941
13.0007
13.0841
14.3958
13.317499999999999
14.0351
14.473099999999999
12.556
13.332500000000001
14.516
13.4167
14.059099999999999
14.4481
13.1789
13.0455
14.1838
13.801400000000001
14.7674
14.812199999999999
12.604600000000001
13.05
14.724599999999999
13.4744
13.9621
14.9588
13.3064
13.1861
13.7434
13.482299999999999
13.9983
15.2088
12.592300000000002
12.8574
14.0112
13.3179
14.5277
14.5584
12.5442
13.51
15.0793
13.3052
13.2965
14.6968
13.4056
12.9004
14.910400000000001
13.5039
13.5594
15.624799999999999
14.178899999999999
12.3714
13.8384
13.848299999999998
13.938
14.753
13.8451
13.203899999999999
13.8356
13.240699999999999
13.7261
15.2934
14.116800000000001
12.5037
14.0436
13.2493
14.100299999999999
14.5191
14.1461
12.8148
14.1328
13.0306
13.7902
15.1352
14.154
13.8408
13.2444
13.2453
13.5795
13.9221
14.4713
12.6605
13.716000000000001
13.4992
14.0413
14.3214
13.973799999999999
15.5972
13.6515
13.300899999999999
13.7508
14.3678
14.3628
13.770100000000001
13.3191
13.048
13.2867
15.3145
13.7984
13.6855
13.2379
13.8033
13.1042
14.265
14.0356
13.807500000000001
13.7229
13.238700000000001
13.2862
14.4624
14.411
13.809800000000001
14.349300000000001
13.2338
13.637500000000001
14.2182
13.4429
13.8585
14.161999999999999
13.6692
13.4851
14.347499999999998
14.2511
14.7796
15.064900000000002
13.0092
12.9325
14.3351
14.0325
13.424999999999999
14.8136
13.0009
13.5438
13.716000000000001
13.8019
13.542
15.1265
13.771500000000001
12.5962
14.3409
13.6981
13.3826
15.366100000000001
13.4553
13.263399999999999
15.7383
13.7993
13.6309
14.287899999999999
14.2121
12.6668
14.3036
13.2771
13.6154
14.2392
14.4191
13.401200000000001
13.995199999999999
13.0492
13.5615
14.831900000000001
13.877799999999999
12.8887
13.991399999999999
13.7687
13.694700000000001
14.2883
13.758
12.3557
14.2958
13.188500000000001
13.7195
14.6804
14.3047
12.579699999999999
13.956100000000001
13.180900000000001
13.5568
15.1979
13.770100000000001
12.5844
14.1853
13.8838
13.493099999999998
14.644499999999999
14.2633
12.971699999999998
14.3431
13.537799999999999
13.766399999999999
14.8386
14.8065
14.425
14.5673
12.959399999999999
13.814
14.2684
13.5877
14.2873
14.7414
13.5037
13.3176
14.171
13.6291
14.3582
14.8341
13.1479
13.244
14.056799999999999
14.2352
13.6054
15.0374
14.129
12.6829
14.2499
13.382
14.765699999999999
14.0905
14.4558
12.638399999999999
13.7805
13.205100000000002
13.9158
14.8588
14.1503
13.0919
13.5903
13.6746
13.605300000000002
15.167399999999999
14.976400000000002
13.6335
13.899
13.6331
13.294
14.392900000000001
14.0265
14.5807
14.903400000000001
12.441799999999999
13.2813
14.5822
13.5928
13.9115
14.574200000000001
12.8108
13.7919
14.0878
13.7592
14.0908
14.9863
12.5175
13.3229
14.2074
13.4855
14.4527
15.136000000000001
13.09
13.070699999999999
14.0444
13.9229
13.5655
14.8651
13.6046
13.399899999999999
14.278
13.596300000000001
13.7004
14.545499999999999
14.7574
12.818200000000001
13.6404
13.2773
13.700199999999999
14.670499999999999
13.828999999999999
12.8918
13.7797
13.0761
13.9407
15.0163
13.7966
12.5485
14.2241
13.4105
13.807
14.5982
15.4492
13.8751
13.2007
13.1651
14.0626
14.443
13.9183
12.826600000000001
13.8119
13.6492
13.649899999999999
14.224
13.9572
13.930299999999999
13.3586
13.3125
13.6382
14.3098
14.7805
13.0022
13.621400000000001
13.3565
13.4574
15.307400000000001
14.0456
13.538599999999999
13.2653
13.7865
13.4142
14.434000000000001
14.2901
14.1269
13.2388
13.3369
13.308
14.5656
14.3707
14.2337
13.2422
13.3528
13.7947
14.9139
13.279300000000001
14.078
14.7428
13.1537
13.211
14.4686
13.6282
14.864600000000001
14.7037
12.9989
13.434
14.4742
14.311
13.4778
14.8451
13.1608
13.6258
14.1416
13.9147
13.5823
15.1983
14.291
12.6323
14.834200000000001
13.587200000000001
14.216
14.3835
14.2702
13.1562
14.637300000000002
13.7988
13.665099999999999
14.378
14.2139
14.7445
13.8021
13.2325
13.398399999999999
14.900699999999999
13.668
14.239099999999999
14.817
12.894900000000002
13.3582
16.7821
13.4657
13.8105
15.6034
14.1121
12.927100000000001
14.1535
14.003699999999998
13.674900000000001
14.841099999999999
14.357
13.3626
14.0417
14.734
13.5706
14.7309
14.7747
14.416
14.8049
12.5632
13.3637
15.0545
13.8395
14.4954
15.1553
14.437999999999999
14.1746
14.047
13.2705
13.893
15.575000000000001
14.1936
13.9938
14.4925
13.3627
13.7585
14.7369
13.9992
14.112400000000001
15.5905
14.0664
12.745299999999999
13.9657
14.0265
13.8017
15.0049
14.003
13.263300000000001
13.9878
13.4583
13.6614
14.5961
14.8729
13.3328
13.628400000000001
13.366
15.0668
14.7579
13.9673
14.0205
13.4162
13.637599999999999
13.5696
14.7044
13.644699999999998
14.6923
14.629299999999999
12.6989
13.2423
14.2603
14.1655
14.2544
14.6208
13.052
13.983600000000001
14.3339
13.5686
14.1754
15.1937
14.321800000000001
12.606300000000001
14.205499999999999
13.415
13.4558
15.078899999999999
13.6527
12.7241
14.1271
14.1674
13.5542
14.8227
13.7056
12.4626
14.4922
13.313500000000001
13.474699999999999
15.0613
14.850800000000001
13.0283
14.132499999999999
13.1541
14.0971
14.404399999999999
14.395299999999999
13.850299999999999
13.972
13.4414
13.878400000000001
14.9352
13.2481
14.7607
14.6038
12.6841
13.4318
14.605599999999999
13.804
14.304300000000001
14.7213
12.8176
14.0804
14.4265
13.6044
13.9668
15.592099999999999
14.0417
12.9764
13.8825
14.377799999999999
14.1982
14.444099999999999
14.213
13.021899999999999
14.578000000000001
13.3978
13.6245
14.4329
14.1931
14.0607
13.2479
13.555100000000001
13.7319
15.4773
15.2471
14.4842
14.3987
12.6148
14.0385
14.4291
14.0787
14.1774
15.5705
13.7685
12.588000000000001
13.9658
14.3291
13.8045
14.8829
13.8718
13.0285
14.075199999999999
13.1837
13.8312
14.780800000000001
14.5593
12.389000000000001
14.1187
13.390300000000002
14.391
14.7319
14.222999999999999
13.703800000000001
14.4225
12.975999999999999
13.4307
14.413799999999998
14.012
14.7303
14.6803
13.1019
14.0057
14.4721
13.6153
14.111
15.0791
12.8094
13.558300000000001
14.1272
13.6406
13.909899999999999
15.0507
13.7859
12.8341
14.4164
13.6259
13.757399999999999
14.931
13.5243
13.5254
14.107800000000001
13.861099999999999
13.8858
14.739500000000001
14.0634
13.598700000000001
13.848799999999999
13.7707
13.891399999999999
14.8553
14.2054
14.1328
13.269599999999999
13.365
13.7172
14.9719
14.107899999999999
14.4826
14.2162
13.3955
13.2392
14.9335
13.7022
14.1963
15.091800000000001
12.650599999999999
13.3783
14.435699999999999
13.7129
14.526900000000001
14.953899999999999
12.8499
13.3491
14.665799999999999
13.574900000000001
13.9016
15.0866
13.1979
13.0884
14.0404
13.3436
13.723700000000001
15.4101
14.509599999999999
12.7266
13.8785
13.8188
13.7632
14.2768
14.714599999999999
14.042900000000001
14.5192
13.6554
13.4623
14.4641
13.403599999999999
14.2195
14.905800000000001
12.4985
13.6335
14.2924
13.4426
14.2288
15.5369
12.7673
13.566099999999999
14.1134
13.6323
14.472199999999999
15.026100000000001
14.8072
12.7396
14.7515
13.4247
14.197700000000001
14.748199999999999
13.9026
13.751
13.7579
13.5647
13.8674
14.8939
14.3344
13.7681
13.277199999999999
13.449
16.163400000000003
14.129600000000002
13.8878
14.2851
15.5876
12.911900000000001
13.0779
14.8077
13.7622
13.8504
14.839599999999999
13.1691
13.5393
14.0876
13.6855
13.715200000000001
14.8739
14.520800000000001
12.725800000000001
14.385399999999999
13.7256
14.4184
14.299100000000001
14.1186
12.4809
14.0655
14.1701
13.774099999999999
15.0991
14.402099999999999
14.465399999999999
13.952900000000001
13.223
13.2149
14.6509
14.2977
14.6571
15.3905
12.765600000000001
14.063300000000002
14.034400000000002
13.8178
13.529
15.5221
13.886199999999999
12.7394
14.569500000000001
14.033199999999999
13.938799999999999
14.5808
14.2717
12.878300000000001
14.3291
13.3518
13.544799999999999
16.9749
13.740300000000001
13.9481
14.7517
12.7431
13.1646
14.5395
13.607
14.1561
13.741200000000001
13.3964
14.070300000000001
14.246699999999999
13.252
14.297600000000001
14.414299999999999
13.0552
13.4585
14.2865
13.6548
13.903
14.9414
12.6739
13.1924
14.3307
14.1913
14.2023
14.6022
12.3992
13.2213
14.4988
13.5797
14.3824
14.546
13.040700000000001
13.5819
14.0502
13.6592
14.1362
15.1204
12.8717
12.9555
14.3787
13.8619
13.8496
15.0458
13.6025
13.2197
13.869100000000001
13.3103
13.8093
14.9389
14.6327
13.3687
13.972800000000001
13.15
14.283199999999999
14.2046
14.1004
12.9965
13.5942
13.6076
13.7667
16.055300000000003
13.979999999999999
14.3003
13.7846
13.4032
13.2488
14.239099999999999
14.171700000000001
15.0312
14.517499999999998
12.4528
13.793899999999999
14.174199999999999
13.8681
13.8362
14.196
13.0591
13.6259
13.921299999999999
13.446
14.560500000000001
14.7467
12.4303
13.2059
15.611699999999999
15.1008
13.871400000000001
14.831999999999999
14.4885
12.6048
14.3225
13.2422
14.1108
14.8486
13.762
12.6274
13.9492
13.6617
13.575000000000001
14.7688
13.6979
13.0937
14.158900000000001
13.3346
13.6539
15.397400000000001
13.873800000000001
12.4491
13.9206
13.3664
14.2001
15.882299999999999
13.9918
14.1738
14.3093
12.835799999999999
13.101700000000001
14.699800000000002
13.7192
14.9908
14.6561
12.791200000000002
13.790000000000001
14.8415
13.807099999999998
13.7734
14.9932
13.7591
12.5136
14.1196
13.693200000000001
14.5945
15.2666
13.6493
12.558200000000001
14.3691
13.8067
13.7468
14.7478
15.0203
13.3869
13.657499999999999
13.3048
13.7658
14.3703
14.6176
13.6457
13.3887
13.1669
13.5
14.716899999999999
14.174100000000001
13.3147
13.6352
13.5989
13.6779
14.3212
14.0409
13.0609
14.3506
13.3773
13.809800000000001
14.8113
14.600200000000001
13.927800000000001
13.303
13.2972
13.2993
14.9971
13.8097
13.7945
13.4848
12.9436
13.822600000000001
14.304300000000001
14.3473
13.8424
13.9835
13.389899999999999
13.3392
14.2823
13.7524
14.628499999999999
15.5718
12.8251
12.9254
14.525599999999999
13.635
14.0253
14.793199999999999
14.6545
12.935
14.3649
13.9022
13.6543
14.9191
14.0137
12.7711
14.0693
13.9583
13.5795
14.6394
15.525799999999998
14.3538
14.135399999999999
13.3043
13.3185
14.1444
14.0441
14.2303
15.3594
12.681700000000001
13.127099999999999
14.125399999999999
13.635100000000001
13.9094
14.8166
12.5524
13.2207
14.3324
14.0451
14.3254
14.4766
12.338999999999999
13.2395
14.0692
13.412500000000001
16.7928
14.8993
13.4542
12.955599999999999
13.8679
13.5837
13.462399999999999
14.9244
13.5441
12.5987
14.128699999999998
13.3317
14.1951
14.5857
13.005700000000001
12.991900000000001
13.9554
14.09
13.7934
14.708300000000001
12.826
13.8365
13.957600000000001
13.580200000000001
13.762500000000001
15.2471
12.8659
13.0831
14.8138
13.3396
13.896500000000001
14.9006
13.683499999999999
12.443100000000001
13.9496
13.9673
14.0869
14.911999999999999
14.753300000000001
14.0933
13.3951
13.426
13.345600000000001
14.42
14.0648
14.2416
13.6961
13.3996
13.349599999999999
15.1266
14.257499999999999
13.7666
13.404900000000001
13.551300000000001
13.1242
15.3375
13.5689
13.8469
14.224
12.9297
13.440999999999999
14.155100000000001
13.7781
14.2088
13.3145
13.244499999999999
13.389800000000001
14.7179
13.9475
13.6453
13.0617
13.3667
14.1319
14.4513
13.952499999999999
13.7499
14.1513
12.972199999999999
13.3002
14.4847
13.9247
14.051599999999999
13.153099999999998
13.2935
13.0115
14.3216
14.4169
13.682400000000001
13.226099999999999
13.3092
14.043999999999999
14.243
13.8259
13.081000000000001
13.5385
13.6898
13.6027
14.373800000000001
13.9647
13.3165
13.745099999999999
13.376100000000001
13.555299999999999
14.162299999999998
14.434000000000001
13.578
13.5041
13.2646
14.440700000000001
14.9823
13.8688
14.505199999999999
14.1199
12.974499999999999
13.447600000000001
14.1235
13.3422
16.837899999999998
15.2218
13.653500000000001
12.547799999999999
13.9916
13.7898
13.427100000000001
14.9056
13.0585
13.7452
14.4894
13.1579
13.3217
15.0641
14.2654
12.5465
13.9056
13.304
13.940900000000001
14.8165
13.266200000000001
13.0913
14.0839
13.3601
13.4867
14.665600000000001
12.661800000000001
15.505700000000001
14.8706
13.4572
13.611099999999999
14.0923
14.2834
12.5035
14.9065
13.206000000000001
14.1519
14.1636
13.9345
12.42
13.934099999999999
13.8229
13.488800000000001
14.840000000000002
13.7896
13.1617
13.6326
13.4252
13.4983
14.6421
14.1904
12.8379
14.3522
13.464500000000001
14.1791
14.912999999999998
13.9936
13.2515
13.5762
13.863999999999999
13.497300000000001
14.4727
14.5199
14.8402
14.772499999999999
13.279900000000001
13.4398
14.3477
14.4576
14.2459
14.805900000000001
13.295
13.3515
14.2345
13.608500000000001
13.3913
15.197199999999999
14.4672
12.594
14.2499
13.5383
15.2235
14.1762
14.0986
12.7043
13.953999999999999
13.9114
14.6573
14.4388
14.1444
14.394499999999999
13.6757
12.8463
13.409600000000001
14.636800000000001
14.4686
13.9612
13.5436
13.4078
14.134300000000001
14.6128
13.628400000000001
14.4837
15.641200000000001
12.6272
14.1228
14.1543
14.3623
13.5918
14.996
13.1772
13.004399999999999
14.626800000000001
13.6072
13.407300000000001
15.1604
14.2977
12.5274
14.1645
13.3582
13.6027
15.3911
13.7859
13.1198
14.275400000000001
13.2594
14.6686
14.510800000000001
14.0723
13.5809
13.8319
13.7037
13.2508
14.3958
14.175699999999999
14.798
14.7369
12.964500000000001
13.9044
14.6714
13.6498
14.0774
14.8334
13.0061
13.415099999999999
14.4283
13.7885
13.6355
15.4582
13.940100000000001
12.6494
14.0232
14.769400000000001
13.7003
14.2913
13.869100000000001
13.2667
13.6326
13.197199999999999
13.492600000000001
14.777999999999999
14.5661
12.6624
14.0081
13.2929
14.1797
14.3886
13.8706
12.462900000000001
14.096300000000001
15.6014
13.4831
14.3082
14.1507
13.8149
13.329
13.069600000000001
13.460700000000001
14.236
14.6047
13.0854
13.476999999999999
13.0826
13.5534
14.8596
13.9378
12.6892
13.7301
13.767
13.8762
14.161399999999999
13.733600000000001
12.338099999999999
14.3458
13.128
13.569899999999999
15.2191
14.645399999999999
14.341
13.3129
12.9542
13.555100000000001
14.8141
14.0835
14.1972
13.581100000000001
13.3503
13.5956
14.3462
13.7538
14.357999999999999
14.5439
12.4285
13.1037
14.2844
14.1212
13.6635
13.6306
13.068200000000001
13.063099999999999
14.4457
14.2175
13.776
13.2728
14.5186
13.195
14.535
13.8925
13.842600000000001
13.8538
13.1506
13.498
14.317
14.642900000000001
13.9025
13.4219
13.121300000000002
13.207
14.1607
13.7637
13.676499999999999
13.9712
12.7916
13.1328
14.5714
13.8907
14.2303
13.5197
13.216500000000002
13.2253
14.1402
14.5342
13.7816
13.2934
13.264700000000001
14.0109
14.3491
14.1137
13.3804
13.3285
13.6132
13.5255
14.28
14.163
13.908
13.072500000000002
13.0549
13.4338
14.849
13.992700000000001
14.185
13.4213
13.0496
13.7858
14.1951
14.1227
13.1381
13.549999999999999
13.959299999999999
13.3624
14.777000000000001
13.179599999999999
13.7619
13.5143
12.7895
13.4644
14.647
14.0145
13.194700000000001
13.566999999999998
12.9792
14.0449
14.3781
13.876
12.8302
13.3507
14.1431
13.4157
13.8978
13.7503
13.072000000000001
13.7184
12.9254
13.3933
14.603299999999999
13.971400000000001
12.3398
14.023000000000001
13.3227
13.3835
15.2345
12.6514
13.0241
14.1411
15.1306
15.083900000000002
13.9372
13.5093
12.347900000000001
14.1239
13.2205
13.2389
14.758000000000001
13.4849
12.3337
13.863900000000001
13.3365
14.187399999999998
14.418500000000002
12.631
12.924
13.9069
14.0299
13.9621
14.1519
12.3354
13.553799999999999
14.335799999999999
13.3381
13.8496
13.587
13.5154
13.0106
14.9211
13.456900000000001
14.4382
14.4577
12.3701
12.871799999999999
14.1143
14.165199999999999
14.3221
14.5657
12.6851
13.6236
14.0778
13.2263
13.9342
14.1615
13.056999999999999
12.9707
14.3503
13.2253
13.6635
13.964300000000001
13.139899999999999
13.3516
14.226
15.2505
14.254199999999999
14.1776
12.1889
12.922899999999998
14.0968
13.7195
14.2144
13.582199999999998
12.9886
12.902800000000001
14.2805
14.1885
13.5022
12.9929
12.9994
13.232199999999999
14.561599999999999
13.939200000000001
12.3534
13.7877
13.7761
13.3654
14.631699999999999
13.0008
12.3278
14.0793
13.1803
13.7865
14.3863
12.8932
12.674
13.8287
13.291
14.2033
14.227500000000001
12.2936
12.749699999999999
14.1341
13.9641
13.270000000000001
13.1449
12.9375
13.3541
14.8474
13.637599999999999
12.3223
13.376000000000001
13.7723
13.4065
13.6683
13.5404
12.404399999999999
14.0985
13.213000000000001
13.196
14.778400000000001
12.459299999999999
13.922500000000001
13.537
13.5283
13.6137
14.8538
12.2307
13.004399999999999
14.0645
13.459499999999998
14.0783
13.984200000000001
12.272699999999999
12.6849
14.1596
13.9632
14.758099999999999
13.071
12.6899
13.3391
13.9516
13.609
12.5129
13.0999
13.6141
13.3432
14.3958
12.356499999999999
13.2354
13.723799999999999
13.4217
13.6486
15.121
11.9664
12.8624
14.037700000000001
14.8968
13.9304
14.633999999999999
12.3369
12.7985
13.7182
13.4766
13.3734
12.9624
12.8881
13.707
14.2262
13.567400000000001
12.3978
13.902299999999999
12.8782
13.302
14.1472
12.9551
13.0326
13.8133
13.1358
13.648499999999999
14.5855
12.1505
12.8386
13.977
13.1806
13.8382
14.2648
12.4668
12.7817
14.1715
14.3134
13.5165
13.1461
13.12
13.2354
14.898200000000001
13.6934
13.8087
13.279300000000001
13.3631
13.1134
14.3925
13.9858
12.4594
13.8657
13.030399999999998
13.348600000000001
14.342799999999999
13.0124
12.6951
13.8242
13.809800000000001
12.999600000000001
15.1234
12.3333
12.5101
13.967699999999999
13.309899999999999
13.6729
13.7311
12.6322
12.808399999999999
14.4248
13.6193
13.0055
13.0031
13.2762
13.1287
14.1122
13.7442
12.1294
14.2094
12.9581
13.0925
14.4484
12.9353
12.5597
13.5073
12.9941
13.551300000000001
13.537600000000001
12.764100000000001
12.812199999999999
14.2135
13.5821
12.8993
13.259
12.9618
13.302200000000001
14.2551
12.9946
12.8564
13.7748
13.3045
14.0238
14.5679
11.958
12.958499999999999
14.2474
12.8932
13.828
13.3262
12.5915
13.2722
13.853000000000002
13.981800000000002
13.6861
13.469899999999999
13.1734
13.302299999999999
14.0421
14.6449
12.8641
13.2807
12.6565
13.5705
14.221599999999999
13.2523
12.1201
13.3592
13.548
13.907
14.1866
12.2213
13.647
14.6231
13.0914
13.712200000000001
14.068000000000001
12.7208
12.815800000000001
14.0631
13.491100000000001
13.1035
13.362
12.9458
13.7634
14.0862
14.0853
12.017
13.5859
12.9042
12.8016
14.7274
12.237400000000001
14.5203
13.7036
13.278099999999998
13.503
15.017900000000001
12.2595
13.0504
13.5816
12.993599999999999
14.0495
13.104899999999999
12.6022
13.151
13.7207
14.2586
12.2496
13.6355
13.147300000000001
13.9232
14.277700000000001
12.655100000000001
12.5837
13.838
13.7533
13.5781
14.619
12.0258
13.5195
13.747300000000001
13.822600000000001
13.6897
14.7785
12.1265
12.7365
14.0518
13.9503
13.804
13.333599999999999
13.2469
12.8976
15.2576
12.783199999999999
13.446200000000001
12.8511
13.6357
12.975499999999998
14.3164
13.2969
12.1431
14.1486
13.2096
13.284799999999999
14.4381
13.4677
12.745
13.5442
13.0891
13.538599999999999
14.7114
12.2827
12.7981
13.832799999999999
13.4241
13.413599999999999
13.3379
13.137899999999998
12.982199999999999
14.3335
13.6473
12.0937
13.9328
13.4459
13.0965
14.484800000000002
12.956000000000001
12.2857
14.4148
13.1084
13.6425
13.7844
12.0646
13.2286
14.1885
13.384699999999999
13.167
12.6493
13.283
13.169500000000001
13.861500000000001
13.690100000000001
12.5658
13.4024
13.1092
13.3314
14.196800000000001
12.565700000000001
12.9321
14.0111
12.9841
13.279499999999999
13.3043
12.693299999999999
13.0353
13.555
14.784
13.688799999999999
12.8476
12.7977
13.8267
14.022
13.189400000000001
11.9613
13.7321
13.319299999999998
13.8582
14.78
12.5411
12.5144
14.291500000000001
13.1798
13.581199999999999
13.875200000000001
12.005099999999999
13.2628
14.176400000000001
13.3464
12.7393
14.222800000000001
13.3303
12.789
13.7617
13.4167
12.638
13.6059
13.001800000000001
12.8858
14.164
12.484
12.821900000000001
13.794799999999999
13.0741
12.8824
13.228800000000001
13.019599999999999
13.2558
13.559
13.7851
11.9949
15.734600000000002
12.8101
13.889000000000001
14.349300000000001
12.849499999999999
12.0602
13.5521
13.5886
13.6341
13.9384
12.2691
13.2477
13.790999999999999
13.2432
13.0104
12.717600000000001
13.3752
13.5365
13.8987
12.774000000000001
12.2477
13.966
13.302100000000001
13.426
14.630799999999999
12.022
13.4731
13.546100000000001
12.7462
13.2344
12.7058
12.9863
13.0855
13.9136
13.5698
12.813099999999999
13.704300000000002
12.6609
12.9451
14.379
13.0936
12.876800000000001
13.8765
13.292399999999999
13.583599999999999
15.3622
12.0838
12.535400000000001
13.8612
13.501000000000001
13.7733
13.0988
12.6495
12.836699999999999
15.531400000000001
13.677999999999999
12.551
13.063099999999999
13.347
13.1409
14.1577
12.6313
12.2939
14.1836
13.1512
13.5706
14.320599999999999
12.2364
13.3413
13.7766
13.3215
13.421000000000001
12.753499999999999
12.974599999999999
13.0906
13.756300000000001
13.338600000000001
12.4733
13.808300000000001
13.079199999999998
13.2764
14.194
12.5461
13.055000000000001
13.4626
12.859300000000001
13.412
13.263399999999999
12.7712
13.3219
13.5989
13.1316
12.947999999999999
13.283299999999999
13.273200000000001
13.312299999999999
14.7607
11.974
12.8296
13.6652
13.6747
13.5926
12.6565
12.681700000000001
13.0868
14.2018
13.8238
12.1721
13.415899999999999
13.5785
13.377
14.2018
12.2592
12.584
14.2054
13.4955
13.792
14.6798
13.1252
12.7303
13.872300000000001
13.1273
14.0354
14.0631
12.2927
12.5212
13.8788
13.744900000000001
14.017999999999999
12.9299
13.1304
13.1064
14.0457
13.3161
12.1554
13.5293
13.290099999999999
13.0636
14.0849
12.292000000000002
12.6146
14.1586
13.1514
12.9274
12.5982
13.3857
13.0695
14.068999999999999
13.3244
11.905000000000001
15.7425
12.758099999999999
13.0155
14.240400000000001
12.9077
12.509599999999999
13.529599999999999
13.146700000000001
13.386199999999999
13.3518
12.6465
12.8951
13.901800000000001
13.813799999999999
12.2318
13.254800000000001
12.832899999999999
13.062100000000001
14.894400000000001
12.135399999999999
13.1091
13.9602
13.6258
13.3434
13.0629
12.8464
12.8691
14.5678
13.5706
12.0437
13.319700000000001
13.1983
13.7357
13.6782
13.356399999999999
12.1792
13.3536
13.4907
13.6158
14.3934
12.0464
13.5465
14.0623
13.229700000000001
17.0748
14.6219
13.2661
11.9456
13.4274
13.1721
13.891399999999999
13.8872
12.6276
12.8963
13.750200000000001
13.2862
13.2802
12.7597
12.9781
13.6122
13.7718
13.119
12.0316
13.6
13.4887
13.6367
14.3144
12.0137
12.7562
13.8523
13.0802
13.3316
12.9141
12.885499999999999
13.0189
14.3163
13.426799999999998
12.0474
13.496400000000001
13.5517
13.2552
14.4115
12.093
12.702
14.3053
12.8209
13.0769
12.689499999999999
13.1311
13.7761
13.6207
13.165
12.0024
13.4406
13.6151
13.3864
14.8113
12.1053
12.650599999999999
13.9584
12.9164
13.2973
12.8824
13.142600000000002
13.158700000000001
13.6431
13.891499999999999
16.320500000000003
13.8009
12.844700000000001
12.9497
14.2012
14.0266
13.2684
12.9166
13.1111
13.394
14.6359
13.8865
12.4437
13.381499999999999
13.4253
13.2393
14.1225
13.0489
12.133700000000001
14.217
14.029399999999999
13.3186
14.272
11.9308
13.3005
13.6918
13.0592
13.690900000000001
12.720600000000001
13.155899999999999
13.0178
14.1389
13.4793
12.6216
13.7478
13.0115
13.1241
15.1563
12.5674
12.3834
13.8231
15.485000000000001
13.9554
14.6229
13.275500000000001
12.5458
13.9494
13.2929
13.389899999999999
14.4912
12.783199999999999
12.7933
13.6373
13.217400000000001
13.497800000000002
13.9092
12.7212
13.2348
14.1224
14.222999999999999
13.3837
12.839400000000001
12.781799999999999
13.2718
14.9916
13.8163
12.244
13.530000000000001
12.9565
13.8901
14.4106
12.478299999999999
12.9894
14.9795
13.1642
13.2746
14.4581
12.8703
12.6275
13.8343
13.2104
13.9019
14.8364
12.596400000000001
13.386000000000001
14.1134
13.248
14.2308
14.3112
12.281
13.0002
14.2697
12.9405
14.444099999999999
14.0044
12.417
13.4829
14.1028
13.5664
12.9891
12.940999999999999
12.9565
13.672699999999999
14.4573
13.57
12.0446
13.700000000000001
13.0616
13.5567
14.5556
12.4172
12.427000000000001
14.043800000000001
13.626299999999999
13.8377
13.576400000000001
12.2519
13.638000000000002
14.2294
13.509500000000001
13.003300000000001
13.4615
12.911000000000001
13.513900000000001
13.741299999999999
13.5256
12.6735
13.852099999999998
13.0575
13.063099999999999
14.7423
12.158199999999999
13.1727
13.8323
13.6814
14.1503
14.3596
12.08
13.0016
14.101199999999999
13.8522
13.700000000000001
13.075700000000001
12.9071
13.4137
14.1036
13.684800000000001
13.800400000000002
13.7653
12.6924
12.9827
13.8589
13.4619
12.7156
15.1642
13.249199999999998
13.5482
14.9278
13.8479
12.731
13.1073
13.2668
14.0597
13.9983
13.3218
12.2218
14.037700000000001
14.4173
14.7996
15.6925
14.9291
14.0059
13.124
12.948599999999999
12.8615
14.5371
13.5837
12.845600000000001
13.2547
13.321
13.454
14.196
13.209
12.2127
14.3317
13.1875
13.4739
14.5375
14.979
12.6449
14.017399999999999
13.1447
13.2622
14.8239
12.4224
12.6875
13.8166
13.1856
14.0275
13.789900000000001
12.2463
12.8461
14.0403
14.1479
12.9376
12.9606
12.8464
13.9976
14.1014
13.3071
11.9908
14.0342
13.692
13.0481
14.6517
12.328999999999999
12.602
15.040700000000001
13.2636
13.7958
15.2563
13.383600000000001
12.4072
13.6506
13.1232
13.7641
14.7728
12.818200000000001
13.0039
14.1689
14.0648
13.8428
14.704
12.2122
13.0472
14.2045
13.2021
13.8793
13.063699999999999
13.8688
13.984
13.8804
13.2007
13.6426
13.673599999999999
12.4137
12.997
14.0839
13.4526
12.7974
13.4399
12.900699999999999
13.455200000000001
14.628300000000001
13.3316
12.530700000000001
13.693200000000001
13.1979
13.6771
15.3399
12.303899999999999
13.071
14.1111
13.9452
13.8408
14.299
12.3065
13.571
13.6551
13.146899999999999
13.5881
12.8804
13.1891
13.2932
14.113000000000001
13.7339
12.954500000000001
13.5301
12.956199999999999
13.2993
14.5772
13.75
12.5871
14.0307
13.1267
13.339500000000001
15.0867
12.3642
12.677900000000001
14.0731
13.877
13.6182
14.0032
12.3704
14.0958
14.428099999999999
13.322199999999999
13.9664
14.0597
12.1194
13.444700000000001
14.158999999999999
13.2163
13.9258
15.202200000000001
12.605699999999999
12.979299999999999
13.9857
13.4538
14.2365
13.2006
12.930499999999999
13.068200000000001
15.242500000000001
13.9217
13.808000000000002
12.9265
13.2005
13.5864
14.4041
13.573500000000001
12.5745
13.459
13.5841
13.3543
14.4432
13.3103
12.4721
14.0396
13.1677
13.3233
14.8976
12.5922
12.7922
14.1214
15.531400000000001
13.6919
14.7995
13.030999999999999
12.365400000000001
13.9335
13.6829
13.7142
14.5086
12.1161
13.426499999999999
13.7581
13.1053
13.5333
13.4016
13.3689
13.2457
14.1417
13.7353
12.788
13.5672
12.9384
14.077599999999999
14.5975
14.2223
12.617099999999999
13.2972
12.9564
13.8396
14.217
13.3354
12.3596
15.4961
12.621500000000001
13.504499999999998
14.342600000000001
13.4535
12.2009
14.1426
13.6487
13.212
17.6274
13.9431
14.435099999999998
13.4867
12.7914
13.2416
14.5931
13.7692
12.187999999999999
13.9256
13.6198
13.818499999999998
13.901800000000001
13.6483
12.070300000000001
13.6751
13.4901
13.113700000000001
14.4022
12.5976
12.942
13.8217
13.1588
13.7283
13.1337
13.3579
13.1906
13.9481
13.848299999999998
14.2411
13.1595
12.801
13.1815
14.4434
14.0635
12.3235
13.4517
12.8473
13.193399999999999
15.1218
13.4378
12.271600000000001
13.646099999999999
13.5915
13.639800000000001
14.514000000000001
12.2478
13.1252
14.4652
13.2956
13.7759
13.2935
12.8077
13.5218
14.7017
13.8093
13.7089
13.289
12.7422
13.178799999999999
14.037
13.7363
13.249600000000001
13.552
12.7046
14.5136
14.465
13.7819
12.5055
13.4541
13.857
13.4345
14.461500000000001
14.1184
14.2069
14.2714
12.9503
13.1325
14.3622
14.3973
12.729600000000001
13.215599999999998
13.2364
14.1705
14.5925
13.9946
12.6432
13.4522
13.4167
13.4909
14.287899999999999
13.452499999999999
12.7861
13.9623
12.9976
13.2524
14.402800000000001
12.8151
12.7882
13.965200000000001
13.5389
14.4075
14.6111
12.3223
12.6826
16.2421
14.4746
13.4094
14.2979
12.0971
13.459
13.9436
13.370999999999999
13.899999999999999
14.425699999999999
12.3552
12.794099999999998
14.031699999999999
13.5791
14.1074
13.0302
13.0533
13.3904
14.699800000000002
13.5639
12.6098
13.7528
13.0881
13.8737
14.1634
13.5846
12.163200000000002
13.7349
13.774700000000001
13.298300000000001
14.5031
12.5212
12.6603
14.6935
13.572000000000001
13.6143
14.4466
12.8711
12.739500000000001
13.712
13.7807
13.8709
15.728200000000001
13.0978
12.8137
14.0318
13.975200000000001
13.7395
14.6229
12.7423
13.2651
14.6725
13.2193
13.6793
14.7156
12.011000000000001
13.2699
13.7898
13.3418
13.8528
14.6868
12.2717
13.145
14.1068
13.3493
14.168800000000001
13.157399999999999
12.7332
12.9814
14.644300000000001
14.4505
13.2102
13.3447
12.8827
13.8177
13.908
13.5992
12.459100000000001
13.8485
13.5245
13.349400000000001
14.611799999999999
12.5904
12.682
14.3659
13.3546
13.657499999999999
14.4058
12.747100000000001
13.6393
13.8984
13.2889
13.8497
14.615400000000001
12.3737
13.077
14.1575
13.7031
13.5526
12.7613
13.692
12.874699999999999
14.5055
13.7273
12.700299999999999
13.0771
13.4114
13.9648
13.9548
13.268
12.6399
14.1214
13.1142
13.413400000000001
15.1816
14.1975
12.5357
14.022400000000001
13.0904
13.4194
14.893099999999999
13.2113
12.4186
13.3199
14.2025
13.4165
14.469100000000001
12.1418
13.0684
13.757200000000001
13.5217
13.830200000000001
13.4014
12.8658
13.6463
14.0354
13.495
13.1315
13.0443
13.263399999999999
13.4089
14.0661
13.5353
12.063
14.257499999999999
13.020800000000001
12.9644
16.4761
14.426400000000001
12.1851
13.5291
12.9951
13.3116
14.893500000000001
12.3647
12.636899999999999
13.797699999999999
13.2841
14.2213
14.4099
12.2278
12.8487
14.465399999999999
13.3265
13.3938
12.8824
13.433
13.4564
14.288
13.4435
12.2563
13.915500000000002
13.005700000000001
13.1992
14.5062
12.538799999999998
13.2942
13.5951
13.4305
13.914299999999999
16.2426
13.512500000000001
12.345
13.4763
13.3561
14.008
14.5315
12.8184
13.0032
15.3248
13.8262
13.437
14.6727
13.4118
12.2608
13.6549
13.3926
14.578100000000001
15.2523
12.8128
12.6283
13.713
13.8748
13.674999999999999
14.7236
12.067599999999999
14.0623
14.2607
13.431000000000001
13.99
14.520999999999999
12.280100000000001
13.1456
14.187
13.3288
14.103
14.174900000000001
12.8334
12.8482
14.6392
13.386500000000002
14.1443
13.286
12.6477
13.106
14.5384
14.2368
13.458599999999999
13.343
12.8323
13.3612
14.445
13.7539
12.3272
14.1523
13.1611
13.483600000000001
14.500900000000001
13.1647
12.295
14.368799999999998
13.402600000000001
13.5383
14.3222
12.406500000000001
13.4786
13.9096
13.308300000000001
13.803799999999999
14.4605
12.369
12.940999999999999
14.4101
14.583499999999999
13.7022
14.3785
12.335199999999999
13.602
13.953800000000001
13.5711
13.8272
14.7986
12.944600000000001
13.029
14.9053
13.6657
14.291
14.3615
12.1251
12.9779
14.7548
13.9948
13.6878
14.3064
12.4038
12.8161
14.279200000000001
13.415899999999999
13.728
13.1888
13.2926
13.1263
14.175699999999999
13.7391
14.0146
12.9939
13.1058
13.703999999999999
14.4237
13.5196
12.3257
13.7055
13.132100000000001
15.863499999999998
15.219
13.6509
13.3943
12.89
13.2613
13.261099999999999
14.0325
13.733600000000001
12.9752
14.4896
12.9076
13.797699999999999
14.8197
13.7622
12.17
14.2704
13.5917
13.1699
14.6216
12.6484
12.8976
14.472000000000001
13.588899999999999
13.5503
14.344100000000001
12.1676
13.384
13.9431
13.4693
13.7529
14.8203
12.1418
13.4635
13.752
13.4274
14.235
14.2769
12.599400000000001
12.8379
14.323799999999999
17.2397
13.3768
15.1425
14.700299999999999
12.5627
13.511199999999999
13.0377
13.410699999999999
15.869299999999999
13.9445
12.4286
13.5968
13.2576
14.2087
14.5627
13.437
12.289
13.8239
13.2178
13.4512
15.0325
12.607
13.1575
14.764
13.8336
13.203100000000001
15.0235
12.5029
13.4194
13.8011
13.6694
13.7971
15.1562
12.2242
13.790000000000001
13.9299
13.5549
14.195400000000001
14.4382
12.2605
12.9053
14.027
13.726500000000001
13.8269
13.2778
13.013
13.526200000000001
14.0991
13.5748
13.6303
12.8627
13.245099999999999
13.369900000000001
14.2924
13.6222
12.7663
13.822
12.8881
13.341000000000001
15.127699999999999
13.276
12.494399999999999
13.9355
13.4128
13.3329
15.133600000000001
13.1316
12.221
14.1098
13.3467
14.0938
15.0578
17.7196
13.4505
13.6407
13.302700000000002
13.622
14.276
13.739899999999999
13.3341
13.213000000000001
13.635
13.0647
13.9958
13.6581
12.8994
13.48
12.8076
13.5116
15.0518
13.1548
12.1169
13.6455
13.7304
13.525799999999998
14.3222
12.215
12.9383
14.4966
13.1604
13.6089
13.2389
12.9161
13.545
14.2837
15.2318
13.8141
14.2297
12.621699999999999
13.0023
14.1143
13.558900000000001
13.8616
13.11
13.1026
13.2468
14.7702
14.0428
12.8538
13.283700000000001
12.9748
13.8724
14.261899999999999
13.8713
12.5564
14.0836
13.5608
13.306999999999999
14.521600000000001
13.1021
12.9253
13.8705
13.2961
13.6761
14.4332
12.9436
12.7284
13.8894
14.0706
13.5501
15.2784
12.8515
12.9851
13.6731
13.860199999999999
13.9901
15.6179
12.9884
12.616
16.8617
13.249
13.317499999999999
14.609
15.0362
13.8309
13.0923
13.6897
13.1901
14.1295
14.008700000000001
12.8307
13.8561
13.0274
13.4878
14.2141
14.098899999999999
12.2647
13.6018
13.3168
13.327200000000001
15.219999999999999
13.4328
12.4709
13.5175
13.437100000000001
14.2213
14.8789
12.379299999999999
12.7659
14.4406
13.5023
13.9345
14.6076
12.765500000000001
12.996799999999999
13.9832
13.3942
13.9518
14.5992
12.593200000000001
13.2543
14.1898
13.6688
13.625399999999999
13.1979
12.6798
13.0991
15.1737
13.942599999999999
13.276299999999999
13.1162
12.8621
13.7725
13.8735
13.8211
12.4043
14.538499999999999
13.0708
13.7679
14.6238
14.1472
12.9405
13.94
13.1007
13.9673
13.8817
13.6034
12.8567
14.318900000000001
13.7717
13.9277
14.8229
14.629299999999999
17.369
17.005
16.4128
14.656600000000001
14.2372
12.5708
12.7985
14.4473
13.566699999999999
13.9858
12.840300000000001
14.164299999999999
13.5333
14.1234
14.0846
13.734
13.0203
13.0464
13.4262
14.725
13.6954
12.445400000000001
13.7885
12.9947
14.0272
14.3828
15.1798
14.779
12.9461
13.9699
13.1343
14.3273
13.7106
14.2676
13.0691
12.9298
13.3149
14.629299999999999
14.007
12.6715
13.7793
12.8905
13.796100000000001
14.2871
13.640899999999998
12.485
15.908900000000001
13.1599
13.6453
13.9366
13.3787
12.7006
13.7174
13.2238
13.2247
15.3252
12.7745
12.5267
13.825099999999999
13.6031
14.0619
14.5889
12.7502
13.6455
13.498
13.377099999999999
14.099799999999998
15.753199999999998
13.2938
14.2796
17.7878
12.2752
17.8659
18.6908
17.5805
14.9173
13.846499999999999
12.9712
13.3055
14.493
12.9567
12.328999999999999
14.5501
15.3466
13.657499999999999
14.3453
13.508799999999999
12.3351
14.103299999999999
13.143500000000001
13.6285
15.4856
12.9836
12.431700000000001
14.073799999999999
13.5701
13.499799999999999
14.6835
13.774
12.645999999999999
13.8613
13.8452
13.5356
14.511800000000001
13.3725
12.9701
13.8804
13.5459
13.9921
14.7391
13.274
13.1054
13.9259
13.3491
13.828999999999999
16.1308
12.705599999999999
12.8678
13.9125
13.547
13.9008
13.918099999999999
