5597.685399996408
7044.187600004079
6770.922899995639
6651.874000002863
6388.935999995738
6316.471099999035
6163.96689999965
6013.8186999975005
5853.831300002639
5749.266400001943
5620.252200002142
5641.954899998382
5414.3167000001995
5317.9027999940445
5170.468700001948
5448.853099995176
5047.192800004268
4953.757399998722
4884.672699998191
4827.872900001239
4861.581000004662
4675.130000003264
4603.253399996902
4508.935599995311
4700.698400003603
4465.223500003049
4373.643300001277
4339.626699998917
4334.865600001649
4337.997299997369
4134.879699995508
4068.139599999995
4001.418499996362
4005.844999999681
4064.795000005688
3960.624300001655
3930.2829000007478
3899.667799996678
3912.686899995606
3960.3463000021293
3819.6131000004243
3758.797800001048
3759.898600001179
3720.168799998646
3831.779300002381
3688.823100004811
3746.090799999365
3653.4107999978005
3610.944899999595
3736.567100000684
3587.7087999979267
3681.4909000022453
3505.4259000025922
3494.8752999989665
3701.957500001299
3469.851200003177
3465.8942999958526
3427.700200001709
3501.845899998443
3486.2187999970047
3388.478300003044
3350.615299998026
3281.7816999959177
3263.7080999993486
3502.2274000002653
3262.1501999965403
3269.6652000013273
3253.733800003829
3250.833500002045
3333.0790999971214
3167.8635999996914
3247.571300002164
3152.1295999991708
3236.632699998154
3226.230200001737
3145.787899993593
3130.333699999028
3102.401000003738
3098.077299997385
3149.9996000056854
3053.056299999298
3037.9532000006293
3027.4468999996316
3018.8558000008925
3067.8905000022496
3017.885599998408
3111.4524000004167
3053.450500003237
2982.3485000015353
3096.839000005275
3060.8291999960784
3121.2120999989565
3066.6989000019385
3074.5394000041415
3030.9878999978537
2985.7438999970327
2910.9460999970906
2893.905499993707
2934.300799999619
3134.8947000005865
2861.730099997658
2825.314800000342
2986.3512000010815
2830.659999999625
2842.488599999342
2792.314300000726
2787.224799998512
2800.003200005449
2898.4708999996656
2897.2778000024846
2807.490699997288
2753.757200000109
2808.562799997162
2831.206100003328
2810.6487999975798
2717.2033000024385
2730.8551000023726
2732.293099994422
2723.6444000009215
2801.1784000045736
2849.774199996318
2801.199399997131
2808.2032000020263
2713.0396999928053
2770.794999996724
2666.4610000007087
2668.5206000038306
2656.0505000015837
2656.0200000021723
2743.4062999964226
2647.854599999846
2626.2793999994756
2664.3927000041003
2668.4865999995964
2756.8870000031893
2660.840599994117
2662.2329000019818
2685.508300004585
2667.4516999992193
2732.304800003476
2610.965200001374
2623.9789000028395
2588.139899999078
2566.467199998442
2648.8031999979285
2577.87929999904
2554.9140999937663
2538.995899994916
2546.1167999965255
2690.986800000246
2545.417199995427
2495.9717000019737
2539.403399998264
2565.4223000019556
2603.8584999987506
2529.6119000049657
2525.9084999997867
2522.059499999159
2517.4423000062234
2590.668900003948
2493.938999999955
2490.1032999987365
2485.0925999999163
2501.3806999995722
2574.72019999841
2481.7746999979136
2455.730000001495
2465.7877999998163
2476.571999999578
2581.793999997899
2484.008300001733
2464.558300001954
2430.407500003639
2416.6144999981043
2503.4035999997286
2422.3342000041157
2432.237000000896
2400.243300005968
2400.6690999958664
2552.5500000003376
2366.9934999998077
2380.8530000023893
2400.133499999356
2366.478999996616
2451.610799995251
2359.7675999990315
2364.912099998037
2354.3590000044787
2348.0286999983946
2442.1615000028396
2319.0075999955297
2328.894600002968
2305.8615999980248
2292.7691000004415
2419.2359000007855
2330.3677000003518
2301.051800001005
2302.666000003228
2305.8119999986957
2383.887699994375
2300.7293999980902
2322.0622000008007
2293.8569000034477
2368.565099997795
2354.128799997852
2279.482600002666
2285.1769999979297
2270.129500000621
2229.5030999957817
2347.3135999956867
2331.383200005803
2298.7374999938766
2243.390700001328
2246.857700003602
2334.50840000296
2281.739000005473
2273.4218000041437
2224.8652999987826
2197.325200002524
2282.841100000951
2196.1670000018785
2199.0202000015415
2180.658000004769
2217.283400001179
2274.569100001827
2183.2649000061792
2177.4891000022762
2183.8490000009187
2185.040800002753
2264.425500005018
2162.0025999945938
2118.5984999974607
2166.710499994224
2152.851600003487
2249.255099995935
2157.9209999981686
2156.064399998286
2144.705699996848
2149.1885999930673
2236.4814999964437
2150.358500002767
2165.803500000038
2187.7076999953715
2147.528900000907
2240.0724000035552
2144.8279000032926
2139.4169999985024
2134.5946000001277
2126.584500001627
2213.88570000272
2175.474800002121
2153.3549999949173
2138.6816000012914
2192.0623000041815
2189.583200000925
2113.4081999989576
2116.1533999984385
2078.9806000029785
2120.1212000014493
2189.8844999959692
2110.0599999990663
2165.4530000014347
2118.947200004186
2118.6761999997543
2176.91759999434
2057.11650000012
2055.9110999965924
2076.9690000015544
2085.6506999989506
2120.4552999988664
2043.0519000001368
2011.7895000003045
2023.1729000006453
2059.0626999983215
2102.9974999983096
2024.1411999959382
2025.1239999997779
2048.829500003194
2018.4661999956006
2095.5990000002203
2007.2234999970533
2014.3882000047597
2016.6444999995292
2021.0408999992069
2054.973499994958
2048.346400006267
2061.067299997376
2042.9796000025817
2051.6497999997227
2108.9751000035903
2006.7673000012292
2027.4881000004825
2064.5210000002407
1999.6070999986841
2075.84389999829
1998.7583000038285
2001.1901999969268
2025.420199999644
2000.4699999990407
2134.233299999323
1948.1932999988203
1985.7568000006722
1972.5436000007903
1992.6512000020011
2060.489499999676
1981.2263999992865
2079.0899000057834
2018.4506000005058
1987.5087999971583
2047.6261000003433
1999.1261000031955
1949.4687999977032
1958.3312999966438
1988.8804999936838
2047.4021999980323
1977.6455000028363
1960.4525999966427
1946.8541000023833
2021.169400002691
2060.2113000059035
1962.4836000002688
1964.4248000040534
1960.8214000036241
1954.4714000003296
2023.6770999981673
1963.9895000000251
1946.5591999978642
1962.0627999975113
1994.4605999990017
1983.9498000001186
1939.9116999993566
1941.335200004687
1939.518200000748
1935.0706999975955
2005.9710999994422
1941.6777999940678
1928.1737000055728
1940.440899998066
1932.552600002964
1982.8213999935542
1892.8892000039923
1985.2501999994274
1903.0300000013085
1911.1533999966923
1975.4185999991023
1911.4944000029936
1904.3658999944455
1984.5991000038339
1938.709000001836
1974.0473000056227
1904.474000002665
1898.0920000030892
1897.2613000005367
1895.8841000057873
1956.6284000029555
1890.7916999960435
1909.872299998824
1904.0593999961857
1906.011999999464
1981.451300001936
1891.5150000029826
1899.68349999981
1891.633200000797
1903.1761000005645
2000.5023999983678
1945.7732000009855
1887.8815999996732
1913.1820000038715
1939.1531000001123
1938.6213999969186
1869.4619000016246
1883.236500005296
1892.5556000031065
1881.0650000013993
1949.6157000030507
1846.2262999964878
1898.1700000003912
1916.9611999968765
1914.5988000018406
1956.5915999992285
1874.900400005572
1886.8562999996357
1877.5290000048699
1869.4823000041652
1946.4253000041936
1873.702199998661
1873.5783000010997
1879.9099000025308
1859.2161999986274
1941.7845999996644
1882.3792000039248
1871.0892000017338
2095.257100001618
1941.8260999955237
1932.097499993688
1866.8541000006371
1849.9489999958314
1856.976900002337
1854.2679000020144
1938.1577000021935
1853.72020000068
1849.8718999981065
1863.2111999977496
1829.2830999998841
1941.0493000032147
1839.687599996978
1962.8374999956577
1846.679200003564
1941.5088999958243
1922.2239000009722
1842.9361000016797
1867.7231999972719
1905.5754000000888
1812.2184999956517
1909.3169999978272
1801.4843999990262
1862.194700006512
1841.9687999994494
1846.1207000000286
1912.097000000358
1842.9174999982934
1838.297499998589
1845.0530999980401
1849.7893000021577
1911.2695000003441
1836.9252999982564
1837.9445000027772
1835.8070000031148
1875.9868999986793
1891.300199997204
1828.491699998267
1825.2107000007527
1810.4338999983156
1795.4334000023664
1946.7697000000044
1843.6835000029532
1825.716300001659
1895.7608999990043
1827.6331999950344
1897.3971999948844
1885.143200001039
1793.647600003169
1810.8554999998887
1811.006299998553
1883.4370999975363
1810.7990999997128
1810.1176000054693
1801.984399993671
1791.7507999954978
1925.5952000021352
1951.9098999953712
1818.0477999994764
1797.0559000023059
1789.1055000000051
1855.909599995357
1785.4060000026948
1786.2029999960214
1789.5100000023376
1843.0167000042275
1823.1658000004245
1775.810699997237
1777.496599999722
1768.6603999973158
1762.2466999964672
1819.7777999957907
1761.9943000026979
1762.5372000038624
1763.5633000027156
1774.3277000045055
1848.3656000025803
1786.2492999993265
1735.4603000057978
1753.1145999964792
1759.9517999988166
1827.3415999938152
1752.3713000045973
1737.6482000036049
1727.6917999988655
1786.3257999997586
1822.16519999929
1753.0239000043366
1741.8085999961477
1787.2273000029963
1749.9117000043043
1815.023299997847
1735.7558000003337
1749.3690999981482
1729.379099997459
1750.7489000054193
1796.9261999969603
1723.7871999968775
1770.3389999951469
1746.80389999412
1728.8079999998445
1808.6830000029295
1741.3989000051515
1733.895700002904
1705.2821999968728
1749.7346000018297
1809.529800004384
1740.8802999998443
1731.2607000058051
1753.0808999945293
1678.1080000000657
1747.2896999970544
1729.3975000065984
1720.9485999992467
1727.7516999965883
1701.6339999972843
1805.3616000033799
1745.43449999328
1665.801499999361
1706.5012999955798
1734.0807000000495
1790.940099999716
1706.7029000027105
1713.7572999999975
1734.5912999953725
1709.2569000014919
1878.0562000029022
1731.2928000028478
1696.0665000005974
1739.4428999978118
1717.1028000011574
1787.099399996805
1717.5543999983347
1721.5834000016912
1739.0259000021615
1719.2034000036074
1782.0215999963693
1707.4085999993258
1707.1061000024201
1712.5124000012875
1711.14949999901
1781.101699998544
1699.2532000003848
1728.38369999954
1749.2545999994036
1696.4313999997103
1767.6285000052303
1701.5323000014178
1700.4636999990907
1715.6998999998905
1693.3987000011257
1755.8369999969727
1684.6290000030422
1666.6677000030177
1682.5768000053358
1678.0328000022564
1751.5767999939271
1688.9268000013544
1699.8156000045128
1672.1231999981683
1677.950500001316
1748.7856000007014
1692.831100001058
1699.3552999992971
1725.0989000021946
1694.4868999999017
1753.3868000027724
1689.9314999973285
1658.5268000053475
1664.861800003564
1706.3590999969165
1749.2063999961829
1697.3763999994844
1726.4341999980388
1716.5689999965252
1745.589400001336
1759.1453999993973
1662.9469999970752
1668.650899999193
1637.3718000031658
1664.6107000051416
1784.251299999596
1663.9903000032064
1683.8515999988886
1685.0602000049548
1679.6913000071072
1751.432199998817
1670.1350000003004
1678.803800001333
1680.7263000009698
1673.652999998012
1741.137199998775
1664.7010999949998
1675.2399999968475
1679.7899000011967
1701.0960999978124
1773.1868999981089
1645.2203000008012
1659.9951000025612
1669.2112000018824
1668.047099999967
1734.380499998224
1665.0679000013042
1663.7880999987829
1660.3554000030272
1658.6813000030816
1716.6340000039781
1654.72829999635
1688.4025999970618
1658.1089000028442
1653.7422999972478
1697.8248999948846
1660.7019000002765
1657.278700004099
1663.7059999993653
1663.7962000022526
1732.4502999981632
1648.8719000044512
1637.1733999985736
1627.91819999984
1721.3704999958281
1740.2977000019746
1652.4079000009806
1647.070099999837
1647.7684000055888
1652.5761000011698
1725.402900003246
1678.311700001359
1694.7407000043313
1667.5341000009212
1711.907800003246
1782.3384000002989
1694.0843000047607
1680.3903999971226
1782.3778000019956
1671.4281999957166
1729.3847999972058
1664.0576999998302
1609.054600005038
1619.9951000016881
1637.8179999956046
1716.0834000023897
1630.5656999975326
1642.0122000054107
1645.2426999967429
1633.9850000003935
1780.5984999940847
1595.5543000018224
1622.585600001912
1624.6241000044392
1658.4224000034737
1719.0356999999494
1611.9747000047937
1616.0930000041844
1672.9525000046124
1606.087899999693
1695.3798000031384
1619.463300005009
1630.1808999996865
1628.8800000038464
1627.6751999976113
1724.932600001921
1569.7231000012835
1659.310999995796
1610.4025000022375
1621.6997000010451
1661.2748999978066
1625.036799996451
1611.9424999997136
1600.0310000017635
1594.772999997076
1679.0638000020408
1577.0234000010532
1590.9442999982275
1601.394799996342
1569.9439999953029
1689.486000002944
1624.4131000057678
1579.1562999947928
1595.3255000058562
1620.0143000023672
1685.5514999988372
1618.3758000042872
1618.7988000019686
1630.7002999965334
1642.358899996907
1685.3494000024511
1617.277400000603
1619.7240999972564
1606.893600001058
1606.3308000011602
1683.5852000003797
1585.7340000002296
1618.9706000004662
1628.1190000008792
1615.8337000015308
1687.7743000004557
1619.2230000015115
1706.3746999992873
1700.522799997998
1609.0104000031715
1672.8484999985085
1622.7425999968546
1615.4616999992868
1612.7253000013297
1620.547999998962
1680.6962999980897
1620.9015999993426
1621.9341000032728
1694.4119999971008
1661.35740000027
1660.7856999980868
1601.8303000018932
1596.1774999959744
1597.5285000022268
1592.6265999951283
1661.8228000006638
1593.441500001063
1589.0738000016427
1599.0310999986832
1572.9823000001488
1625.9057000061148
1557.9218999992008
1593.909099996381
1597.7036999975098
1630.2083999980823
1671.7728000003262
1605.5701000004774
1606.677600000694
1603.7070999955176
1605.922599999758
1642.1461999998428
1643.9201999965007
1595.8759999994072
1658.4550999978092
1611.6995999982464
1674.6544999987236
1603.5665000017616
1641.3998999996693
1626.6073999941
1598.4109999990324
1669.0419000005932
1600.217999999586
1604.6597000022302
1595.6398999987869
1601.8530000001192
1651.2548999962746
1586.126999995031
1585.4762000017217
1595.729599997867
1589.103199999954
1654.8201000041445
1602.74369999388
1587.181499999133
1577.5448999993387
1586.4505999998073
1645.0511000002734
1589.6094999989145
1588.6382999960915
1586.5740000008373
1593.5104000018327
1653.4347999986494
1600.8396000033827
1625.3456000049482
1597.5491000062902
1600.2368999979808
1667.0891000030679
1587.5429000006989
1595.709799999895
1595.6692999970983
1599.1324999995413
1667.256600005203
1591.0218999997596
1599.6360999997705
1589.835899998434
1596.06480000366
1669.0069999967818
1717.3878000030527
1596.954900000128
1605.5755999987014
1602.1036999954958
1668.9584999985527
1598.5624000022653
1592.731399992772
1602.9115999990609
1564.686099998653
1687.215300000389
1598.9975000047707
1561.8654999998398
1588.6140000002342
1626.3178000008338
1615.7464999996591
1644.2334999956074
1639.8644000000786
1599.8647999949753
1584.2683000009856
1656.5726000044378
1588.470499998948
1610.4636000018218
1593.8618000000133
1628.2202000002144
1622.2725999978138
1571.8419999975595
1563.3043999987422
1557.075899996562
1564.4616000063252
1640.6724999978906
1560.444800001278
1570.9255000037956
1573.2279999938328
1567.263200005982
1643.9928999971016
1552.3088999980246
1570.0657999987016
1544.0709999966202
1511.7141999944579
1639.0102000004845
1554.5463999951608
1561.5116000044509
1555.8873999980278
1555.4980000015348
1627.7630999975372
1564.4668999957503
1559.7644000008586
1552.5676000033855
1560.4051999980584
1630.6648000027053
1557.6895999984117
1639.9723999929847
1568.9092999964487
1557.7903999947011
1620.7425000029616
1624.1888999938965
1546.276699998998
1542.125699997996
1544.5368000000599
1643.5457999978098
1541.5642999942065
1547.1101000002818
1537.201200000709
1596.6055000026245
1616.7459999996936
1560.016600000381
1555.57140000019
1544.6150999996462
1557.730000000447
1627.9213999951025
1601.2755999981891
1559.8847000001115
1555.0408999988576
1560.7374000028358
1625.689099993906
1557.6819999987492
1548.2819000026211
1600.4181999960565
1547.2303999995347
1605.666100003873
1555.4096999985632
1548.8664000004064
1568.135199995595
1543.3225000015227
1638.4225000001607
1580.6931000042823
1546.637899999041
1541.8938000002527
1536.8229999949108
1590.921700000763
1560.4269000032218
1553.5682999980054
1530.6860999990022
1532.7739999993355
1595.2142999958596
1532.9457000043476
1540.0946000008844
1561.6158999982872
1560.6036000026506
1605.7389999987208
1540.6315000000177
1547.3635000016657
1548.79290000099
1565.9987000035471
1610.778800000844
1540.5112000007648
1505.5837999971118
1580.0885999997263
1535.7326000012108
1607.7359000046272
1537.4926999938907
1535.180400001991
1492.494500002067
1595.6223999965005
1597.6994000011473
1521.0035999989486
1522.8418000042439
1531.9393000027048
1532.524200003536
1604.1884000005666
1542.542000002868
1540.4478999989806
1541.0544999976992
1546.6719999967609
1614.65959999623
1547.2413000024972
1545.693799998844
1545.867900000303
1545.133799998439
1612.4345000062021
1543.7229000017396
1542.1407999965595
1549.450500002422
1538.0356000023312
1596.1576999980025
1521.6148999970756
1521.2252999990596
1536.5970999991987
1604.037099998095
1602.4249000038253
1540.519599999243
1523.6977000022307
1530.6695000035688
1539.911799998663
1607.4479000017163
1515.9729000006337
1527.1972000045935
1541.6302000012365
1533.6475999938557
1612.2202000042307
1610.1792999979807
1557.0870000010473
1539.2582999993465
1531.2017999967793
1597.1389000042109
1524.5157000026666
1517.7445000008447
1519.7319999933825
1529.4267999997828
1616.8541000006371
1524.5667999988655
1537.9247999953805
1537.2829999978421
1532.5470000025234
1596.7722999994294
1543.5896000053617
1548.0506000021705
1543.7423999974271
1523.5452000051737
1596.6875000012806
1526.6092000019853
1509.1564999966067
1508.1112999978359
1523.200800002087
1586.5579000019352
1546.2432999993325
1523.247100005392
1516.3937000033911
1530.222200002754
1590.8282000018517
1532.9834000003757
1547.4908999967738
1507.1162000022014
1518.7869000001228
1579.4124000021839
1511.6342999972403
1516.425200003141
1521.1333999977796
1516.3688000029651
1574.4297999990522
1499.7548000028473
1508.5997999995016
1507.979099995282
1511.9992999971146
1559.3085000000428
1498.9771000036853
1490.1178000000073
1496.8901999964146
1514.102000001003
1584.4853999951738
1537.7631999945152
1537.5761999966926
1503.6227999953553
1497.1285999999964
1581.9307999990997
1516.0956000036094
1511.958399998548
1503.6452999993344
1511.4350999938324
1572.521299996879
1504.798200003279
1477.7812999964226
1507.5049000006402
1476.8844999998691
1626.4366999967024
1455.4366000011214
1495.4154999941238
1491.5211999978055
1488.1591000012122
1563.7994999997318
1534.6158999964246
1530.7702000063728
1516.7700999954832
1496.2387999985367
1561.2029999974766
1489.1898999994737
1496.5968000033172
1503.8186000019778
1507.2497000001022
1568.4550000005402
1505.8735999991768
1496.2128999977722
1499.6949000051245
1476.1415000029956
1533.0242999989423
1496.2993000008282
1496.348200002103
1530.9784000055515
1501.6077999971458
1561.3120999987586
1493.6369999995804
1493.4005999966757
1489.7305999984383
1485.6126000013319
1553.9913999964483
1488.2718000008026
1476.6394999969634
1486.445199996524
1494.7613999975147
1549.0978000016185
1476.298499997938
1456.3895000028424
1475.188700002036
1473.9492000007886
1549.4737999979407
1470.8964000019478
1467.127399999299
1453.2000999970478
1475.4422000041814
1550.047100005031
1469.1582999948878
1472.3879000011948
1463.7346000017715
1470.8372999957646
1519.3791999990935
1532.614100004139
1456.2684999982594
1464.9312999972608
1524.2485999988276
1543.399899994256
1440.6453000046895
1464.8706000007223
1466.1814999999478
1466.5540999994846
1545.119300004444
1479.2620000007446
1494.4824000049266
1449.4035000025178
1428.7330000006477
1633.500299998559
1580.446399995708
1509.7147999986191
1520.316099995398
1475.860400001693
1628.2768999953987
1478.7297000002582
1468.0327999958536
1473.592499998631
1473.16210000281
1546.7600999982096
1477.174499996181
1474.3006999997306
1477.4956999972346
1468.5710999983712
1540.2937000035308
1476.3770999998087
1476.7395000017132
1473.4731999997166
1469.749399999273
1544.0338999978849
1478.8512000013725
1466.8642999968142
1467.0815999998013
1462.2469000023557
1537.6611999963643
1467.8375000003143
1435.5502999969758
1456.4489999975194
1460.4169000012917
1538.0657999994582
1476.3778999986243
1488.9065000024857
1456.2574999945355
1464.4912000003387
1516.280399999232
1465.6007000012323
1453.844499999832
1454.237899997679
1453.785900004732
1500.7461000059266
1455.0923999995575
1469.552799993835
1433.5596000018995
1434.1843000001973
1515.8370999997715
1442.8161999967415
1451.93869999639
1483.4315999978571
1445.8938000025228
1514.915399995516
1450.3221999984817
1446.8609999967157
1454.7903999991831
1455.4139000028954
1509.4645999997738
1449.1218000039225
1453.178999996453
1447.9100000025937
1456.8335999938427
1527.9616999978316
1462.2985999958473
1465.790999995079
1463.5447999971802
1450.7236999997986
1535.560099997383
1460.2117000031285
1465.1560999991489
1462.440899995272
1461.8957999991835
1527.0010000022012
1453.8546999974642
1466.2843999976758
1467.161099993973
1461.2708999993629
1529.768000000331
1466.727400002128
1459.9233999979333
1463.200300000608
1461.380900000222
1520.1843999966513
1457.3147000046447
1457.2719000061625
1457.4108000015258
1449.2757999978494
1518.9570000002277
1410.9580000003916
1448.813599999994
1452.041399999871
1448.9182999968762
1520.1205999983358
1450.930500002869
1449.025800000527
1409.9987000008696
1447.4534999972093
1531.0947999969358
1446.1015999986557
1439.3079000001308
1441.1684000006062
1432.5984999959473
1498.049900001206
1438.6108000035165
1438.2469999982277
1430.521599999338
1440.621599998849
1509.1616999998223
1434.669300004316
1448.6149000003934
1443.863300002704
1434.5902999993996
1535.9219000019948
1486.6961000006995
1439.3380000037723
1443.106999999145
1430.32349999703
1486.592400004156
1423.8059999988764
1430.2545000027749
1412.3240000044461
1523.912399999972
1523.694899995462
1444.0422999978182
1431.0120999944047
1439.8128000029828
1419.7869999989052
1497.0484000004944
1436.8363000030513
1439.0963000041666
1496.3187999965157
1435.1154000032693
1506.2206999937189
1447.6014999963809
1444.0357999992557
1477.1221999981208
1456.1029999968014
1476.3457000008202
1498.389299995324
1469.7518000029959
1437.9752000022563
1437.1676000009757
1516.0347999990336
1431.838799995603
1431.2464000031468
1423.237599999993
1458.1335999973817
1534.3450000000303
1419.2519999996875
1385.4654000024311
1392.3844000019017
1421.1737000005087
1503.5048999998253
1436.3376999972388
1419.290900004853
1417.6117000024533
1435.9588000006624
1490.130099999078
1430.3848999988986
1419.131800001196
1431.2613000001875
1428.4597000005306
1534.2262000049232
1433.3299999998417
1465.0701999999
1434.0910000028089
1433.5656000039307
1501.8104999981006
1425.6781000003684
1433.67450000369
1430.3355000010924
1427.5348000010126
1489.1033000021707
1521.142100005818
1405.24860000005
1475.8516000001691
1456.3605000003008
1498.8958000030834
1432.9082999975071
1460.4762000017217
1430.981999998039
1421.4070000016363
1495.5809000020963
1428.7917999972706
1425.4011000011815
1422.5871000016923
1428.3448999995016
1496.743299998343
1431.381299997156
1420.630999993591
1423.6132000005455
1424.5126999958302
1533.0709999980172
1453.429799999867
1402.201500000956
1420.6444000010379
1424.5593000014196
1489.5879999967292
1426.206699994509
1432.0899000013014
1424.3631999997888
1423.8312000015867
1485.3244999976596
1419.557300003362
1413.7981000021682
1409.0129000032903
1412.418500003696
1481.4229000039632
1414.480100000219
1411.705400001665
1406.3546000033966
1410.981000000902
1475.1017000016873
1410.3113999954076
1410.9185999986948
1410.7413999954588
1383.8695000013104
1482.3615999994217
1417.3392999946373
1469.7040999963065
1390.549000003375
1406.201300000248
1494.804900001327
1414.4969999979367
1415.720400000282
1395.1769999985117
1378.7301000047592
1511.6779000018141
1410.01949999918
1411.269899996114
1409.6610999986297
1415.2995000040391
1470.797299996775
1400.5811999959406
1395.3362999964156
1408.969399999478
1398.2961000001524
1470.6475999992108
1406.6192000027513
1415.5699999973876
1407.3729000010644
1397.534399999131
1496.070699999109
1416.9136000055005
1428.2410000014352
1399.9005000005127
1391.9237999944016
1465.3746000039973
1400.8096999968984
1382.7920999974594
1390.854400000535
1417.3882999966736
1465.0328999996418
1413.2328999985475
1446.1068999953568
1411.986799997976
1399.063799995929
1460.8978999967803
1392.308899994532
1414.7824999963632
1377.0610999999917
1391.308799997205
1447.4121000021114
1390.2457000003778
1385.0208000003477
1391.067500000645
1390.605600005074
1455.5147999999463
1414.8921000014525
1406.213400005072
1422.6844000004348
1409.6204999950714
1433.6031999991974
1370.7208000050741
1343.860199995106
1373.4782000028645
1368.6180000004242
1440.2353999976185
1378.7231000023894
1379.762500000652
1372.8880999988178
1381.747200000973
1449.6857999984059
1376.163600005384
1377.626199995575
1380.4664999988745
1385.0078999967081
1439.2903999978444
1380.3880000050412
1399.3716000040877
1384.1457000016817
1376.4943999995012
1449.645300002885
1381.3907000003383
1376.0273000007146
1377.1758000002592
1389.466699998593
1456.382999997004
1390.8486000000266
1373.2996999970055
1370.6280999977025
1373.3401999998023
1433.6294999957317
1368.3348999984446
1353.6270000040531
1368.8676999954623
1366.0174999968149
1427.83590000181
1367.8111999979592
1357.634699998016
1363.402800001495
1367.0179000037024
1424.332399998093
1353.2728999998653
1358.1540000013774
1360.0441000016872
1357.9616000060923
1423.7718000003952
1363.0154999991646
1345.678300000145
1356.5101999993203
1363.4763000009116
1424.0371999985655
1372.3548000052688
1371.743100004096
1370.9149999995134
1373.2421999957296
1431.0871999987285
1375.4977999997209
1373.1859999970766
1366.3999999989755
1370.6738000037149
1421.6811000005691
1377.4517999991076
1376.4850000006845
1373.695599999337
1368.0110999994213
1455.1375000010012
1395.5178999967757
1367.1237000016845
1369.450099999085
1368.6372999945888
1502.0664999974542
1367.879500001436
1366.1031000010553
1367.2995000015362
1366.2641999981133
1433.1273999996483
1360.639500002435
1347.1552999981213
1395.584099998814
1359.8264000029303
1427.2492000018246
1335.4349000001093
1322.8470999965793
1358.9468999998644
1361.8611999991117
1424.4994999971823
1333.286399996723
1370.1096000004327
1352.5405999971554
1348.1979999996838
1417.1819999974105
1355.2846999955364
1347.1611000059056
1368.944299996656
1358.0284000054235
1426.4758999997866
1356.9373999998788
1350.2119999975548
1357.1968999967794
1356.828800002404
1395.3102999948896
1354.369199994835
1355.3845999995247
1353.1939000022248
1370.5337999999756
1427.941699999792
1347.9941000041435
1352.0229999994626
1355.5219999980181
1344.1870999959065
1418.9263000007486
1353.4052999966661
1353.375300001062
1354.643099999521
1354.4871999984025
1420.5876999985776
1361.6049999982351
1341.5954999945825
1350.243100001535
1343.1259999997565
1406.472599999688
1342.1960999985458
1344.0468000044348
1343.1885999962105
1343.694699993648
1406.4703000040026
1340.5934999973397
1336.258600000292
1340.562699995644
1311.083200002031
1396.8042000051355
1346.1599000002025
1342.4787000039942
1339.1217999960645
1344.0833999993629
1453.6398999989615
1348.5817999971914
1345.6557000026805
1334.9871999962488
1342.1583000017563
1402.7983999985736
1347.0421000019996
1341.911199997412
1333.605500003614
1343.3475000056205
1400.6359999984852
1337.5470000028145
1340.2128000016091
1338.079299996025
1338.9572000014596
1402.7152999988175
1332.5800000020536
1334.6067999955267
1329.355800000485
1327.532399998745
1422.9811999975936
1334.079100000963
1327.8399999981048
1330.4467999987537
1327.2742999979528
1392.60330000252
1328.868100004911
1314.7238999954425
1327.6975999979186
1321.8980000019656
1390.596999997797
1322.0069000017247
1317.7700000014738
1321.3409000018146
1320.5193999965559
1383.6854999972275
1317.2252000003937
1327.2332999986247
1332.6368999987608
1331.7597999994177
1391.5683000013814
1333.2272000043304
1335.821799999394
1330.760000004375
1320.5091999989236
1401.0294000036083
1329.5601999998325
1333.9497999986634
1325.7126000025892
1310.245099994063
1397.2942999971565
1324.7323999967193
1333.8184999956866
1335.3551999971387
1355.5660000056378
1420.0020999996923
1328.2304999956978
1327.4400000009337
1365.0063000022783
1328.0522000059136
1387.6037000009092
1313.019199995324
1321.3543000019854
1316.1863999994239
1318.72669999575
1377.592700002424
1308.4606999982498
1320.3067000067676
1320.778599998448
1311.4468999992823
1385.9175000034156
1326.9326000008732
1324.0723999988404
1320.0588000036078
1322.7197999949567
1448.2434000019566
1319.1452999963076
1319.7374999945168
1336.8963999964762
1326.922200001718
1387.5416000009864
1327.4543000006815
1321.0929999986547
1310.8515000058105
1329.9365999992006
1373.0007000049227
1325.242699997034
1327.8682999953162
1331.1020000037388
1320.4809000017121
1399.548400004278
1331.4778999992996
1332.3374999963562
1329.7319999983301
1318.3575000002747
1394.1355999995722
1320.2091000057408
1315.5191000041668
1318.148399994243
1319.3068999971729
1380.343199998606
1317.0996999979252
1316.4742000008118
1304.9777999985963
1309.3020000014803
1384.924800004228
1315.0506999954814
1326.2478999968152
1332.151700000395
1342.572100002144
1393.5744000045815
1329.407600002014
1339.503800001694
1324.0902000034112
1340.912700004992
1398.2109999997192
1332.7941999959876
1333.8098000022
1327.1890999967582
1313.1865000032121
1393.1523999999627
1306.0844999999972
1347.9440000010072
1316.7969000060111
1319.3916999953217
1385.1402000000235
1318.592700001318
1304.734900004405
1354.8200999939581
1319.029500002216
1386.4723999940907
1345.546699994884
1317.8091000008862
1319.3233000056352
1313.518800001475
1381.7110999953002
1312.5894000040716
1316.8084999997518
1314.2950999972527
1299.5773000002373
1380.1942999998573
1312.7499999973224
1312.3149999955785
1313.3482999983244
1314.157199994952
1377.451899999869
1309.2312999942806
1306.9031000050018
1328.8597999999183
1321.0298000049079
1384.8434999963501
1290.877500003262
1277.7659999992466
1261.3792999982252
1299.850499999593
1366.550600003393
1296.0262999986298
1297.1154000042588
1298.170599999139
1300.6785000034142
1365.1027000014437
1303.2082999998238
1305.4756999990786
1303.4734000029857
1310.679499998514
1370.0544000021182
1310.4889999958687
1309.7164999999222
1311.9122999996762
1310.2631000001566
1376.2932000026922
1315.7908000066527
1319.437400001334
1311.2564000039129
1388.686600002984
1433.0570000020089
1328.2371999957832
1323.517199998605
1352.3177000024589
1408.5532999961288
1400.0335000018822
1295.267800000147
1324.5663000052446
1318.5453999976744
1317.8116000053706
1384.0488999994704
1318.2422999962
1302.6816999990842
1316.043200000422
1319.7777999957907
1387.103200002457
1319.2371999975876
1313.7440999998944
1312.8513999981806
1306.4175999970757
1382.8106000000844
1339.035100005276
1330.9789000049932
1313.3396999983233
1315.2717999982997
1385.077499995532
1316.525800000818
1360.5515000017476
1333.3119999952032
1306.034000001091
1389.178700002958
1301.6065999981947
1303.3920000016224
1307.0389999993495
1311.4898999992874
1332.5733999954537
1312.1438999951351
1259.6653000000515
1348.1892000054359
1270.7346999959555
1412.4665000053938
1322.8560999996262
1301.149799997802
1298.9329999982147
1342.7845999976853
1384.462900001381
1298.1549999967683
1298.2631999984733
1303.6501999959
1303.2773999948404
1393.8060000000405
1300.6605000045965
1297.6613999999245
1300.888899997517
1290.0059999956284
1354.8838000060641
1339.9910999942222
1311.6190000000643
1254.6894999977667
1294.0254999994067
1369.4182999970508
1288.7983999971766
1294.8938999979873
1292.6661000019521
1298.0944000009913
1360.323699998844
1285.577700000431
1294.6784000014304
1294.980899998336
1295.976100002008
1408.560199997737
1307.4259999993956
1290.3624000027776
1303.125899998122
1297.3727000062354
1358.0312000049162
1299.758799999836
1326.7934000032255
1299.964000005275
1309.3004999973346
1363.9321000009659
1305.556900006195
1384.7658000013325
1277.380200001062
1335.031299997354
1360.9021000011126
1284.2302999997628
1353.9841000019806
1315.458299999591
1320.131800006493
1376.314100001764
1314.8550000041723
1314.6377999946708
1308.8291000021854
1298.8132999962545
1370.3001000030781
1310.278400000243
1310.6446999954642
1313.16969999898
1329.0751000022283
1401.910399996268
1326.4835000009043
1320.7905999952345
1303.649100002076
1287.4911999970209
1378.4104000005755
1279.4139999969047
1341.4942000017618
1326.2737999975798
1333.9797999942675
1447.1810000031837
1328.5896999950637
1293.2997000025352
1267.653299997619
1299.9897000045166
1363.0311999950209
1299.8392000008607
1290.7358999946155
1293.0982999969274
1300.1526999942143
1345.6407000048785
1285.471499999403
1280.5203000025358
1293.2770999977947
1343.5494000004837
1399.3701999934274
1296.4910000009695
1289.107900003728
1295.96109999693
1280.0347000011243
1361.539300000004
1303.371399997559
1283.9615999982925
1297.1845000065514
1330.5286000031629
1361.258999997517
1298.7891999946442
1296.0227000003215
1298.4581999990041
1296.1496999996598
1359.8213000004762
1302.3929999981192
1287.528500004555
1295.4586000050767
1289.6677000026102
1364.1455999968457
1299.9205000014626
1285.7145999951172
1318.3755999998539
1298.4855999966385
1361.8209999985993
1291.272199996456
1296.6791999933776
1314.2049999951269
1349.9014999979408
1412.1020999955363
1382.5601999997161
1365.2183000012883
1280.7389000008698
1365.1591000016197
1356.1403999992763
1294.0782000005129
1290.9503999981098
1283.6035000000265
1308.7309999973513
1415.8740999992006
1309.94759999885
1304.1033999979845
1283.5324999978184
1283.3136999979615
1352.142099996854
1288.209199999983
1257.3886000027414
1294.311599995126
1288.617799997155
1355.1813000012771
1290.8964000016567
1289.6478999973624
1289.4634000040242
1285.5083999966155
1376.3376000060816
1373.4763999964343
1347.8433999989647
1286.4106999986689
1284.276200000022
1345.7969000010053
1283.1558999969275
1280.6019999989076
1278.8337000019965
1286.2133999951766
1347.1371999985422
1282.4469999977737
1281.2779000014416
1282.107699997141
1282.057700002042
1350.9907000043313
1282.7066000027116
1286.8456999931368
1275.8685000007972
1285.7871000014711
1380.9160000018892
1287.2676000042702
1272.2960999963107
1288.283699999738
1289.0379000018584
1377.243199996883
1288.0159999986063
1285.4114999936428
1287.5602999993134
1285.6762000010349
1346.7379999929108
1279.9513000063598
1291.807699999481
1287.8472000011243
1288.3634000027087
1348.6940000002505
1284.7512000007555
1281.0623999976087
1280.0608999968972
1354.6370999974897
1335.02910000243
1325.7871000023442
1255.3340000013122
1345.795100001851
1289.5819000041229
1344.5304999986547
1282.3275999980979
1290.6331999984104
1291.8356000009226
1254.0283999987878
1388.381799995841
1281.4466999989236
1277.7977000005194
1277.8346999984933
1274.5205000028363
1344.0716999975848
1279.6673999982886
1282.6439999989816
1265.4624999995576
1342.5881000002846
1375.3818000041065
1318.207899996196
1289.3464000007953
1294.4581000047037
1297.2499000024982
1383.6608999990858
1348.3053000018117
1293.1869000021834
1283.3813000033842
1280.7385000051
1358.9254000034998
1293.733999998949
1291.227699999581
1289.5243000020855
1289.810000002035
1378.460300002189
1288.614500001131
1284.1850000040722
1259.5137000025716
1284.3791999985115
1347.2871999983909
1289.818600002036
1284.5787999976892
1286.1090000005788
1288.5653999983333
1345.6626999977743
1278.8060000020778
1279.8098999992362
1282.218299995293
1333.6048999990453
1384.57439999911
1329.0029000054346
1341.404999999213
1291.5971000038553
1290.7093000030727
1338.8390000036452
1276.856599994062
1272.9027999957907
1340.2148000022862
1283.4452999959467
1342.3193999988143
1277.0957999964594
1279.8886999953538
1313.5334999969928
1292.2767999989446
1343.835699997726
1287.7051000032225
1284.5369999995455
1282.192999999097
1279.8760000005132
1347.7492000019993
1282.1268000043347
1284.032899995509
1282.1719999992638
1352.2784000015236
1405.3973999980371
1329.288600005384
1279.7646999970311
1284.6357000016724
1279.3310999986716
1343.1698999993387
1270.6668999962858
1275.59630000178
1278.3897000044817
1281.2667999969563
1326.9559999971534
1276.4790000001085
1273.8953000007314
1274.832900002366
1264.6995000031893
1340.0639000028605
1261.9082000019262
1264.5487999980105
1263.436899993394
1288.045700006478
1339.8008000003756
1274.245200002042
1284.28609999537
1281.9885999997496
1269.6309000020847
1327.21550000133
1277.08800000255
1271.8072999996366
1273.4493000025395
1275.6821000002674
1336.7708000005223
1288.078300000052
1299.1533000022173
1275.2240999980131
1278.8449999934528
1343.8164000035613
1271.9060000017635
1270.7703999985824
1270.343000003777
1275.571600002877
1341.8762999936007
1275.4856000028667
1272.728100004315
1269.4566999998642
1286.793300001591
1347.7196999956504
1284.07960000186
1285.8677999975043
1277.6539999977103
1263.8583999942057
1358.9672000016435
1267.5931999983732
1269.5085999948788
1273.379099999147
1278.0924999970011
1336.0174000044935
1283.838499999547
1284.6189999982016
1264.4878000064637
1263.6268999995082
1378.6037000027136
1283.1586000029347
1276.7577999984496
1296.0500000044703
1283.4459000005154
1345.6304999999702
1272.18709999579
1282.263499997498
1277.923199995712
1268.9641999968444
1342.6132000022335
1279.8801000026288
1281.3274000000092
1279.4246000048588
1273.1988000014098
1342.9790000009234
1268.3459999971092
1320.176100001845
1276.284100000339
1275.455700000748
1329.4693999996525
1238.1447000007029
1318.0069000009098
1265.4140000013285
1316.313999996055
1359.2503999971086
1270.6365000049118
1276.3789000018733
1274.2540999970515
1265.0501000025542
1350.19309999916
1238.531499999226
1257.7080999981263
1269.5823000030941
1330.0441999963368
1367.1221999975387
1282.4436999944737
1284.920099998999
1290.777000001981
1259.6286999978474
1412.5799999965238
1283.003299999109
1278.935400005139
1282.0499000008567
1283.7462999959826
1348.0130999960238
1280.4252999994787
1279.9155999964569
1279.8479999983101
1276.2309999961872
1353.0670999971335
1263.947500003269
1391.4185000030557
1284.8414000036428
1286.7599000019254
1349.7721000021556
1288.0219999933615
1292.9712000041036
1281.0744000016712
1246.0593999931007
1358.6068000004161
1286.1840000041411
1286.7373000044608
1287.828400003491
1288.3277000000817
1416.3905999957933
1329.7182000023895
1298.3987999978126
1248.9830999984406
1253.7517999953707
1354.471200000262
1285.761300001468
1289.1492999988259
1294.5814999984577
1292.248700003256
1346.832800001721
1287.8537999931723
1284.868100003223
1270.1496000008774
1262.4588999970001
1343.6891000019386
1288.8376000046264
1273.6214000033215
1276.0422999999719
1243.207600004098
1362.68239999481
1286.8428000001586
1279.406800000288
1277.3847999997088
1280.1952000008896
1340.1392000014312
1312.0519000003696
1283.1634000031045
1272.2719000012148
1309.3012000026647
1437.125800002832
1311.765500002366
1278.590499998245
1272.387000004528
1275.6922999978997
1354.4928999981494
1245.9957000028226
1278.2673999972758
1280.0318999943556
1267.5032999977702
1339.938600001915
1276.6090000004624
1252.6421000002301
1252.747200000158
1268.0507000040961
1345.5866999938735
1297.6674000019557
1278.5464000044158
1280.3372999987914
1280.860799997754
1343.2767999984208
1280.1626000000397
1279.2732999951113
1276.8710000018473
1267.2667000006186
1337.146500001836
1276.4529999985825
1268.648999997822
1279.1413000013563
1263.7048999968101
1369.1390000021784
1274.0314999973634
1269.5227000003797
1274.127500000759
1262.34210000257
1340.5891000002157
1288.6655000038445
1234.1518000030192
1272.7654000045732
1280.4359000001568
1334.524900004908
1282.9293000031612
1277.7942000029725
1268.0818000008003
1279.0017000006628
1346.3988000003155
1285.4315000004135
1314.7394999978133
1285.3620000023511
1269.9808000033954
1326.211699997657
1273.1138999952236
1268.3052999927895
1298.6032999979216
1249.7727000009036
1346.9028000035905
1341.397699994559
1247.740500002692
1263.9167000015732
1269.9454999965383
1376.767599998857
1261.6893000013079
1270.8965000056196
1261.6108000001987
1273.4908000056748
1336.4849999998114
1265.4618000015034
1267.400100005034
1263.5134999945876
1268.1946000011521
1329.3454000013298
1265.2617000057944
1265.349300003436
1263.07220000308
1241.5590999953565
1326.181299999007
1252.9741999969701
1263.815300000715
1258.3561999999802
1263.815300000715
1334.2858999967575
1270.5827000027057
1260.2611999973306
1252.0447999995667
1258.8641999973333
1329.159199995047
1267.0618999982253
1264.276100002462
1250.2750999992713
1256.2400000024354
1327.3136999996495
1270.8227999974042
1307.082100000116
1305.4248000044026
1289.9700999987544
1376.5342000042438
1257.8307000003406
1263.4613999980502
1281.0960999995586
1259.575700001733
1328.6138999974355
1261.8160999991233
1263.857400001143
1259.5361999992747
1265.98969999759
1323.511700000381
1254.8863000047277
1260.956999998598
1263.4094000022742
1266.8565999993007
1320.9973000048194
1271.5428000010434
1267.0922999968752
1268.5120000023744
1260.817299997143
1326.5472999992198
1265.0376000019605
1267.29609999893
1270.0429999968037
1269.169300001522
1334.6214000048349
1272.3693000007188
1271.1293999964255
1266.8926999976975
1271.178900002269
1335.8738999959314
1258.0337999970652
1269.2041999980574
1268.8119000013103
1269.9787999954424
1335.538200000883
1271.851700003026
1269.5555000027525
1259.9860999980592
1263.535199999751
1330.5601000029128
1274.7715000004973
1267.137199996796
1266.8791000032797
1271.293700003298
1369.4449000031454
1270.8239999992657
1255.204599998251
1257.4367999986862
1245.1437000054284
1343.5347999984515
1293.7863000042853
1258.9122999997926
1270.3435000003083
1260.5486999964342
1311.8095000027097
1262.8488000045763
1248.3671000009053
1247.8420000043116
1316.2433999968925
1294.084200002544
1270.6072000000859
1269.0424999964307
1269.5244999995339
1267.899500002386
1336.2398999961442
1268.0312000011327
1266.466399996716
1271.4880999992602
1274.0331999957561
1332.0629000008921
1259.804700006498
1268.4017999999924
1273.327300004894
1259.1110000066692
1332.8280999994604
1239.5531000001938
1273.522800001956
1270.2822999999626
1266.3926000022911
1342.1308000033605
1287.4164000022574
1295.8825999958208
1286.8892000042251
1334.0460999970674
1330.600900000718
1262.3926999949617
1267.855400001281
1263.0744999987655
1253.6987999992562
1326.9705999991857
1251.3675999944098
1253.19280000258
1262.260299998161
1259.7703999999794
1354.1660999981104
1309.0904999990016
1262.798499999917
1259.254399999918
1261.3742999965325
1329.5323999991524
1247.8143999978784
1250.27019999834
1257.886100000178
1249.4630000001052
1306.4694000058807
1248.9244000025792
1246.3957999934792
1248.563600005582
1250.6844000017736
1313.5075999962282
1243.3617999995477
1237.7628999965964
1238.7477999945986
1246.135300003516
1313.050699995074
1245.1052999967942
1245.8095999973011
1231.2632000030135
1252.5576999978512
1314.9647000027471
1251.2543999982881
1247.6145000036922
1252.997100003995
1252.0942999981344
1319.7472000028938
1257.2319999962929
1247.1329000036349
1253.9973000020836
1237.8109999990556
1298.9159999997355
1246.217699997942
1277.4608000036096
1265.7180999958655
1247.9323000006843
1309.5573999962653
1249.1348999974434
1251.0420000035083
1245.4987999954028
1250.229199999012
1311.3365000026533
1245.1794000007794
1246.59629999951
1244.2047000004095
1244.6342000039294
1311.4340999964043
1298.9803000018583
1269.7895000019344
1244.7447000013199
1212.796599997091
1328.1206999963615
1220.706699998118
1245.9858000001987
1242.8412000008393
1238.7660000022152
1297.7492999998503
1237.8704000002472
1240.1759999993374
1234.9994999967748
1256.3492999979644
1299.9613000065438
1236.8903000024147
1239.699700003257
1236.0021999993478
1239.9860999939847
1289.8123999984819
1237.9185000027064
1270.5440999998245
1246.9012000001385
1239.8462999990443
1311.3190999938524
1244.156100001419
1241.3001999957487
1246.8159999989439
1239.15140000463
1306.3297000044258
1242.085899997619
1251.9708999971044
1245.4928000006475
1247.8225999948336
1292.6164000018616
1241.5767999991658
1240.384599994286
1248.364600003697
1220.8936999959406
1310.8661000005668
1235.3663000030792
1232.9696000015247
1240.8890000006068
1242.1805000049062
1343.4953000032692
1264.0141000010772
1245.3934000004665
1242.131300001347
1243.093900004169
1297.4394999982906
1241.2312000014936
1237.0659000007436
1237.47299999377
1223.0037999979686
1336.6179000004195
1216.6505999994115
1221.1406999995233
1232.5023000012152
1224.9265999998897
1287.1692999979132
1222.5180000023101
1228.5979999942356
1227.6065999976709
1225.0639999983832
1287.1603999956278
1226.3260999970953
1219.953899999382
1226.8264000013005
1228.468100001919
1288.877799997863
1226.2562999967486
1230.2614000000176
1230.238800002553
1235.5457999947248
1336.3184000045294
1239.9981999988086
1240.7214000049862
1233.9644000021508
1238.3062000008067
1297.4782999954186
1233.3447999990312
1232.3484000007738
1237.6365000018268
1231.1502000011387
1300.732199997583
1216.3450999942143
1237.3474999985774
1218.017899998813
1241.6745000009541
1299.446999997599
1232.100499997614
1232.854199995927
1230.309300000954
1235.1261000003433
1292.9506000000401
1231.2028000014834
1226.8622999981744
1236.8609999975888
1235.084399995685
1298.7749000021722
1230.618300003698
1236.6115000040736
1239.0980999989551
1231.6582999992534
1292.7529999942635
1225.967499995022
1221.3202999992063
1215.4504000063753
1215.6523000012385
1289.0845999936573
1229.702599994198
1224.4097000002512
1222.5978999995277
1265.8539999974892
1302.3425999999745
1235.4497000051197
1230.8617000016966
1233.5750999991433
1237.0768999971915
1266.3126000043121
1225.2240000016172
1226.4853000015137
1226.5817000006791
1229.1458999970928
1299.7506999963662
1237.9890999945928
1235.4014000011375
1239.2761000010069
1230.4440000007162
1299.2496000006213
1238.091399995028
1235.7504000028712
1232.3246000014478
1234.043999997084
1289.440900000045
1236.5442000009352
1240.5073999980232
1253.703400005179
1255.642700001772
1309.863199996471
1208.297400000447
1217.6038999969023
1236.0464000012144
1232.9933000000892
1286.8799999996554
1224.4282999963616
1221.8016999977408
1218.5525000022608
1215.3303000013693
1273.059799998009
1214.2849000010756
1218.518399997265
1213.7029999939841
1214.7518999991007
1282.3475000041071
1232.1572000000742
1219.0431999988505
1220.4727999996976
1214.2719000039506
1274.7549999985495
1218.195299996296
1229.702399999951
1230.2226000028895
1227.2336999958497
1288.4368000013637
1230.5924000029336
1223.7272999991546
1224.4681000011042
1224.9680000022636
1278.6412999994354
1232.7261000027647
1221.7258000018774
1224.572499995702
1223.5121999983676
1289.560099998198
1231.078400000115
1237.3736000008648
1227.9692000010982
1225.1153999968665
1275.8959000057075
1209.1091999973287
1220.7001999995555
1217.4719999966328
1221.5106000003289
1278.4172000028775
1208.909200002381
1213.007899998047
1217.9625000062515
1212.3547000010149
1282.3366000011447
1218.4798999951454
1218.0440999945858
1221.616000002541
1224.0863000042737
1286.0258000000613
1212.553500001377
1219.870799999626
1219.0560000017285
1225.5822000006447
1285.4512999983854
1217.9570000007516
1222.215399997367
1221.8438999989303
1227.084800004377
1284.674399998039
1226.7502999966382
1220.0238000004902
1221.2146000019857
1224.1847999976017
1288.7706000037724
1226.6181000013603
1223.5109000030207
1222.168000000238
1219.7199000002001
1288.407100000768
1220.3526000012062
1221.4294000004884
1220.5715000018245
1212.3529000018607
1272.6865000004182
1213.224099999934
1221.3426000016625
1214.749099999608
1218.3623000018997
1288.105399995402
1223.2772000061232
1224.2047999970964
1220.05569999601
1225.3408999968087
1295.062400000461
1223.3807000011439
1233.3529999959865
1230.5313999968348
1216.7250999991666
1255.3616000004695
1302.9208000007202
1191.867599998659
1270.6887000022107
1296.9274999995832
1376.146599999629
1274.2962000047555
1219.0793999980087
1227.7063000001363
1226.9727000020794
1277.8986999983317
1223.7129999994067
1220.798400005151
1221.6954000032274
1219.1351000001305
1286.4727000051062
1221.8961999969906
1219.9292000004789
1215.018200004124
1220.090099996014
1280.5809999990743
1217.77640000073
1206.5363000001526
1218.0234999977984
1312.53220000508
1283.9048000023467
1229.6105999994325
1216.0015999979805
1217.1447000000626
1218.8661000036518
1278.4240999972099
1224.831899999117
1234.3936999968719
1222.127900000487
1297.2475999995368
1298.352400001022
1218.5061000054702
1223.9177000010386
1217.3800999953528
1217.4448000005214
1282.2872000033385
1221.2631000002148
1220.198499999242
1215.0871000048937
1220.47929999826
1284.2067999954452
1201.69700000406
1189.339899996412
1205.526400000963
1215.8908999990672
1275.3389999998035
1210.0080000018352
1213.0235000004177
1204.5681000017794
1214.9666999976034
1281.9197999997414
1210.4526000039186
1253.388500001165
1212.2263999990537
1211.5621999982977
1276.5723999982583
1213.2117000001017
1277.8120000002673
1215.8668999982183
1210.2457000000868
1273.387699999148
1249.6534000019892
1207.1133000063128
1201.372800001991
1261.201200002688
1269.442099997832
1217.9079999987152
1206.0514999975567
1264.6458999952301
1215.780700003961
1275.352999997267
1204.239200000302
1214.8825999975088
1226.4428999988013
1212.7626000001328
1273.4376000007614
1212.316400000418
1204.0839999972377
1250.666400002956
1200.3317000053357
1256.0775999954785
1199.1933999961475
1175.2358000012464
1208.4395999991102
1213.5493999958271
1294.9881999957142
1212.4514999959501
1230.6871999971918
1191.2549999979092
1201.1722999959602
1267.6169999976992
1202.5934000048437
1183.9743999953498
1165.3033000038704
1182.3784000007436
1263.2121999995434
1199.806399999943
1181.2264999971376
1171.689199996763
1174.0148000026238
1259.236800004146
1202.3091000010027
1199.765600002138
1202.1846999996342
1198.739100000239
1237.4696000042604
1189.8508000012953
1248.732599997311
1220.4906999977538
1203.4510000012233
1260.989200003678
1202.8227999981027
1171.0468999954173
1310.1463000057265
1205.290199999581
1260.3136999969138
1172.8881000017282
1257.321299999603
1171.8113999959314
1178.7537999989581
1248.462899995502
1187.841600003594
1199.5410000017728
1201.1167000018759
1200.3414999999222
1267.6632000002428
1197.286200003873
1201.058999999077
1196.283699995547
1223.3810999969137
1344.0200000040932
1272.6911999998265
1190.9643999970285
1200.2243000024464
1200.4853999969782
1253.4152000007452
1273.0757999961497
1281.0744000016712
1258.5915000017849
1192.4552999989828
1304.2219999988447
1192.5645000010263
1194.9299999978393
1167.1448000051896
1190.928800002439
1264.8772000029567
1198.3003000059398
1190.846599994984
1184.2729999989388
1197.9141999981948
1254.761400006828
1192.2812999982852
1191.8126000018674
1189.3197999961558
1191.2432000026456
1252.4296999981743
1189.1556999980821
1187.8425000031712
1196.8039000057615
1213.2491000011214
1296.1434000026202
1184.8973000014666
1234.5389999973122
1222.999699995853
1192.42579999991
1239.141699996253
1195.4868999964674
1209.8646000013105
1187.1199999950477
1189.4574000034481
1257.4204999982612
1183.27390000195
1188.2261999999173
1194.797500000277
1196.472800002084
1266.7818000045372
1197.777599998517
1201.1280000006082
1197.1266999971704
1199.7682000001078
1262.8998000000138
1183.3341000019573
1205.4200999991735
1192.715600001975
1189.9475999962306
1255.330200001481
1168.1269999971846
1168.9141999959247
1191.1829999953625
1176.0830999992322
1246.5069000027142
1177.633599996625
1198.253599999589
1195.917200006079
1201.0446999993292
1244.625300001644
1170.0184000001173
1167.8776999979164
1177.697500002978
1249.3615999992471
1258.1674000030034
1189.2691999964882
1184.5326999973622
1199.5920999979717
1182.4301000015112
1261.228099996515
1192.1684999979334
1195.0519000019995
1196.093300000939
1185.065500001656
1253.9472999997088
1189.2463999975007
1185.2085999998963
1188.7176999953226
1190.3335999959381
1239.6678000004613
1186.2881000051857
1184.5623000044725
1162.54480000498
1185.12479999481
1202.7836999986903
1202.1005999995396
1176.3439000060316
1182.8896000006353
1186.7840999984764
1241.2771999952383
1180.2853000044706
1181.2446999974782
1179.6771000008448
1186.5861999976914
1231.7303000018
1180.7276000035927
1170.5799999981537
1158.6489000037545
1168.1389000004856
1249.5658999978332
1179.0887000024668
1217.2061999954167
1191.1074000017834
1188.77860000066
1240.6283000018448
1148.5004000060144
1188.8992999956827
1187.1528000046965
1264.6248000019114
1221.0797000007005
1191.6453000012552
1182.8447000007145
1217.476000005263
1225.9975000051782
1254.8595999978716
1181.8921999947634
1184.6710000027088
1182.5334999957704
1188.902699999744
1259.7393000032753
1187.2864999968442
1208.0171999987215
1199.847600000794
1192.8318999998737
1240.69359999703
1189.9654999942868
1183.1797999984701
1183.618299997761
1187.5671000016155
1247.9154000029666
1186.7937999995775
1181.8702000018675
1185.6463000003714
1187.2924999988754
1263.0226999972365
1190.898200002266
1181.402700000035
1182.7078999995138
1184.634699995513
1267.8881000028923
1200.986499999999
1187.5310000032187
1185.7757000034326
1184.8538000049302
1243.3572000009008
1226.2862999996287
1201.1440999995102
1193.0028999995557
1185.4499000037322
1248.5381000005873
1187.4508999972022
1185.5240000004414
1206.65430000372
1239.7469999996247
1254.0431000015815
1183.377000001201
1189.3315999986953
1184.2869999964023
1185.708600001817
1250.4114999974263
1185.2216999977827
1174.8299000028055
1184.320200001821
1181.7355000021053
1263.6024999956135
1181.1135999960243
1183.25050000567
1187.3890999995638
1187.3888999980409
1306.0261999999057
1187.0667999974103
1235.0264999986393
1185.7287000020733
1179.5209999982035
1257.0240999993985
1188.8177000000724
1187.443599999824
1167.4428000042099
1173.1823999944027
1232.6945999957388
1193.3276999989175
1208.4590999947977
1205.8504000015091
1193.5565000021597
1254.8611000020173
1158.563500001037
1219.7220999951242
1223.2794000010472
1172.5110999977915
1251.3831999967806
1191.7630999960238
1195.536599996558
1202.4932999993325
1174.7274000008474
1249.5670999996946
1180.2113000012469
1186.2955000033253
1186.155499999586
1373.7088000052609
1428.5893000051146
1191.7102000006707
1220.3646000052686
1176.8144000016036
1185.3759000005084
1249.3782000019564
1181.4512999990257
1189.7548999986611
1194.3765000032727
1165.757199996733
1246.8272000041907
1187.0120000021416
1190.0754000016605
1225.6407999957446
1197.3435999971116
1253.0355999988387
1176.5527999959886
1186.424999999872
1189.391699997941
1192.0017000011285
1249.9392000027
1158.2677000042167
1208.7263000066741
1179.501500002516
1209.151999995811
1240.615099995921
1181.5104999986943
1271.6102000049432
1265.7889999973122
1242.8161999996519
1273.9272999970126
1176.8327000027057
1171.9850000008591
1166.384800002561
1155.0961999964784
1252.629299997352
1179.053499996371
1216.95439999894
1152.0096000022022
1183.9862999986508
1278.335999995761
1148.0480000027455
1156.3091999996686
1206.6332000031252
1152.6018000004115
1230.4464999979245
1167.4253000019235
1211.3393999970867
1202.2646999976132
1229.0199999988545
1282.8857999993488
1173.1252999961725
1176.5831999946386
1169.9447999999393
1172.5493000049028
1208.4179000012227
1203.3273999986704
1242.4281000057817
1174.0941999960341
1170.9334999977727
1228.2869999980903
1172.1162000030745
1165.1198000035947
1166.7885999995633
1170.1947000037762
1228.4214999963297
1165.9190999998827
1176.5804000024218
1168.429199999082
1168.3907000042382
1225.4046000016388
1165.323699999135
1170.382399999653
1173.751499998616
1166.227699999581
1220.8705000011832
1176.9959999946877
1184.0311999985715
1125.1760999948601
1190.737100005208
1259.4690999976592
1170.9955999976955
1142.6657999982126
1222.3870999951032
1184.9257000067155
1232.8756999995676
1167.9791000060504
1170.8476999992854
1171.6463999982807
1200.111600002856
1247.8977999999188
1192.3985999965225
1156.391700002132
1167.603699999745
1168.5386000026483
1232.1000000010827
1165.6672000026447
1172.9513999962364
1166.7378999991342
1165.5630000022938
1220.9399000057601
1156.569300001138
1244.6760000020731
1201.871100005519
1167.9019000002882
1209.9603000024217
1166.649500002677
1164.1365999967093
1157.5259000019287
1161.9713000036427
1226.7294000048423
1158.2755999988876
1152.8782000023057
1146.2520999994013
1159.46879999683
1223.662600001262
1151.8194999953266
1154.646800001501
1170.2179000058095
1114.2414999994799
1216.4981000023545
1127.1743999968749
1149.5141000050353
1158.547399994859
1157.7734000020428
1218.6536000008346
1161.431900000025
1174.9388999960502
1146.8176999987918
1163.641599996481
1227.4619999952847
1162.7405999970506
1162.9166999991867
1155.895200005034
1157.4503000010736
1210.570799994457
1162.3762999952305
1183.3136999994167
1133.7627999964752
1154.632000005222
1218.8753000009456
1154.0946999957669
1153.6878000042634
1155.1363000035053
1142.9793999996036
1208.6112000033609
1215.2624000009382
1188.5030000048573
1148.2417000006535
1154.968299997563
1230.008500002441
1162.0793000038248
1198.6541999940528
1214.073000002827
1153.082800003176
1217.5410999989253
1152.571500002523
1148.5762000011164
1131.3968999966164
1126.7603000014788
1248.2950999983586
1184.3628000060562
1131.0786999965785
1143.912800005637
1153.9368999947328
1246.226100003696
1154.8847999947611
1171.507400002156
1132.6267000040389
1155.8798999976716
1209.4128000026103
1156.6613999966648
1153.7371000013081
1155.8132999998634
1156.9208999935654
1219.969800004037
1153.2166999968467
1144.9756000001798
1149.323400000867
1123.4822000042186
1262.7644999956829
1142.6634000017657
1148.56160000636
1150.4014000020106
1145.5989000023692
1195.8155000029365
1141.9818000067607
1152.815699999337
1143.4743999998318
1136.654499998258
1205.5034000004525
1145.0948999990942
1147.9792999962228
1115.567499997269
1116.9288999954006
1178.1407999951625
1125.1239999983227
1148.2686000017566
1146.3050000020303
1114.7893000015756
1305.7774999979301
1153.4350000001723
1211.066199997731
1176.2546000027214
1175.015799999528
1212.4708999981522
1156.5950000003795
1207.4607000031392
1147.8053000028012
1183.8579000032041
1214.6676999982446
1153.338399999484
1133.5854000062682
1161.2205999990692
1118.1575000009616
1193.42719999986
1149.4588999994448
1145.9096999969915
1152.3725999941234
1140.6218000047375
1209.2096000051242
1169.2548999999417
1143.5943999968003
1160.4269000017666
1165.003699999943
1196.1528999963775
1135.5066999967676
1132.1326000033878
1138.612100003229
1123.2568999985233
1220.3025000053458
1179.5738999935566
1160.7963999995263
1175.6270000041695
1135.9656999993604
1198.336699999345
1127.2882999983267
1109.867300001497
1132.7030999964336
1149.729800003115
1196.6556000043056
1145.1092999996035
1142.6172999999835
1141.2041000003228
1140.4794999980368
1200.627699996403
1141.3336000041454
1135.7483999963733
1144.9627999973018
1148.485099998652
1214.9128000019118
1144.3130999978166
1148.4563999983948
1151.3434000007692
1150.3688999946462
1214.4524000032106
1151.5008999995189
1140.04759999807
1153.763499998604
1139.1556000016863
1192.3472999988007
1136.6407000023173
1152.7627000032226
1145.9586999990279
1179.0650999973877
1215.8465000029537
1153.2497000007425
1150.124899999355
1150.9556000019074
1143.1052000043564
1216.3202000010642
1151.2903999973787
1154.4618000043556
1145.8899999997811
1136.5200000000186
1211.0332000011113
1144.8592000015196
1147.1148999989964
1142.2305000014603
1142.0822000000044
1194.3409000014071
1137.1048000000883
1143.334300002607
1139.7458999999799
1163.2204999987152
1176.368899999943
1117.4803000030806
1137.1117000016966
1144.0283999982057
1139.3261999983224
1202.3904000016046
1141.0774999967543
1136.18580000184
1136.7251000046963
1133.8017999951262
1199.6016999983112
1136.5116000015405
1128.7876999995206
1130.4975000020931
1133.8071999998647
1198.7422999955015
1131.6300999969826
1131.518000001961
1140.6027999983053
1139.9699000030523
1201.7550999953528
1142.2186999989208
1144.829299999401
1142.8181000010227
1133.722200000193
1246.8842000016593
1123.151699997834
1121.2593000018387
1152.4045999976806
1144.080900005065
1251.1998999980278
1132.8315999999177
1142.203299998073
1144.794500003627
1141.513099995791
1199.6257999999216
1144.2552000007709
1206.31599999615
1176.971799999592
1142.4665000013192
1205.5997000061325
1140.3647000042838
1135.865799995372
1129.351299998234
1138.3434000017587
1216.9713999974192
1137.0556999972905
1132.076000001689
1124.2468000054942
1128.8348000016413
1161.4001999987522
1129.6623000016552
1103.6377999989782
1159.9108000009437
1102.4275000017951
1193.4439000033308
1132.9894999944372
1133.6381000000983
1129.643300002499
1129.498300004343
1196.3990000003832
1119.3683999954374
1127.4076999980025
1101.3524000009056
1118.9519000035943
1184.467199993378
1133.1368000028306
1129.5026000007056
1132.7156999977888
1129.7712000014144
1205.796800000826
1121.773500002746
1128.3986999987974
1128.2377999959863
1109.0974999970058
1191.917399999511
1137.1861000006902
1127.9217000046629
1131.234399996174
1204.3995000058203
1173.91150000185
1122.1711999969557
1135.3947999959928
1131.8089999986114
1133.8029000035021
1199.7322000024724
1132.9685999953654
1131.5666000009514
1137.496799994551
1143.2970000023488
1178.4952999951201
1118.1733999983408
1133.8245000006282
1112.0329000041238
1125.154700006533
1208.1987999990815
1132.7741999994032
1125.8493999994243
1110.5881000039517
1095.3318000028958
1183.2207000043127
1116.2062000003061
1118.9347999970778
1117.2635000039008
1110.3430000002845
1161.329000002297
1133.2077999977628
1127.3834000021452
1122.6000000024214
1127.9437999983202
1198.3037999962107
1130.212099997152
1130.5457000053138
1131.125300002168
1127.331799994863
1190.1851000002353
1132.1767999979784
1139.2722000018694
1153.5530999972252
1128.3192000046256
1193.9112999971258
1126.36940000084
1129.2212999978801
1127.9362999994191
1127.3690000016359
1189.5135000013397
1123.2333000007202
1132.4422000034247
1128.0307000051835
1128.7148999981582
1174.4113999957335
1117.8153000000748
1130.4761999999755
1134.3813999992562
1129.4523000033223
1187.3228999975254
1130.4070000041975
1127.9529000021284
1121.2059000026784
1127.4927999984357
1189.2579999985173
1120.6460999965202
1131.235699998797
1122.2312999962014
1206.1288000040804
1169.4416000027559
1123.4737999984645
1126.8173999997089
1118.208499996399
1118.1194000018877
1177.5676000033855
1123.3217000044533
1123.703299999761
1130.0069999997504
1146.7626000012388
1158.335399995849
1160.3431000039564
1123.8072999985889
1108.4941000008257
1090.9351000009337
1161.9337000011
1137.5255999955698
1188.2053000008455
1143.4573000005912
1128.5874000022886
1186.4534000051208
1131.1691000009887
1127.6470999946469
1137.228799998411
1119.4705999951111
1193.343199993251
1130.272900001728
1128.3579000009922
1129.2075000019395
1125.0060000020312
1189.769399999932
1127.140700002201
1125.403500001994
1119.6378000022378
1125.3578000032576
1190.9649000008358
1160.5280000003404
1127.950799993414
1127.3449000000255
1112.9597000035574
1177.1461000025738
1108.0785000012838
1126.304400000663
1118.9661000025808
1126.8847000028472
1180.2016000001458
1158.0003999988548
1177.4750000040513
1137.3858000006294
1127.9015999971307
1186.6873999970267
1142.4936999974307
1195.3664000029676
1154.9964000005275
1170.6739000001107
1191.281599996728
1119.2665999988094
1134.30530000187
1136.6457999974955
1125.420500000473
1188.1602999928873
1115.0938999999198
1123.9621999993687
1121.8702000041958
1126.6404999987572
1180.13969999447
1119.448299999931
1124.9318000045605
1122.5735999978497
1117.8256000057445
1154.2061000000103
1113.9898999972502
1124.0555999975186
1117.9093000027933
1129.9692000029609
1182.1324000047753
1129.1100999951595
1129.6441999948001
1126.8922999952338
1130.5771999977878
1177.7498000010382
1131.3343000001623
1130.3047000037623
1135.1988999958849
1134.1238999957568
1191.9777000002796
1130.425399998785
1130.6046000026981
1132.9475000020466
1118.8249999977415
1187.6897000038298
1126.0582999966573
1125.8963000000222
1140.1058999981615
1130.1855999990948
1195.954900002107
1132.0048999987193
1133.8286999962293
1125.3892999957316
1161.9161000053282
1184.739800002717
1133.8762000013958
1129.116599993722
1124.200700003712
1110.6361000056495
1217.662899995048
1130.2788999964832
1132.6474000015878
1119.061800003692
1131.1885999966762
1190.6491000045207
1131.1667999980273
1124.1474999987986
1125.8701999977347
1131.8375000046217
1175.6276000014623
1130.04809999984
1118.156899996393
1120.7087000002502
1108.756200002972
1199.4319000004907
1126.741399995808
1163.33239999949
1162.701699999161
1118.335200000729
1186.4696999982698
1114.027099996747
1131.0211999953026
1109.4126000025426
1130.4651000027661
1197.2776999973576
1133.593300000939
1133.1093999979203
1132.0659999983036
1124.9888999955147
1190.5263000007835
1119.1235999940545
1149.9704000016209
1119.9190000043018
1167.6487000004272
1176.2984999950277
1117.0444999952451
1130.5697000061627
1127.4513999960618
1098.707099998137
1250.1639999973122
1213.3616999999504
1128.6034000004292
1134.472599995206
1132.6283000016701
1191.3881000000401
1127.850299999409
1133.1365000005462
1138.0183000001125
1133.0296000014641
1195.4708999983268
1135.9276000002865
1133.0215000052704
1135.3095999947982
1131.8826999995508
1183.8190999988
1127.0530999972834
1124.7883999967598
1126.5142999982345
1123.183000003337
1191.240199994354
1125.3276000061305
1115.4631000026711
1107.8006999960053
1127.9447999986587
1186.4728000000468
1124.2282000021078
1115.7388999999966
1096.6946999978973
1141.9338999985484
1186.855200001446
1145.63499999349
1120.8623999991687
1125.3129999968223
1122.1353000000818
1184.7109000009368
1118.814300003578
1114.4386000014492
1121.3892999949167
1115.7138999988092
1185.3745999978855
1126.9747000042116
1120.815300004324
1137.8478999977233
1123.1577999933506
1167.2790000011446
1134.0268999992986
1159.1038999977172
1144.187999998394
1125.4322000022512
1182.472799999232
1115.7235999999102
1126.7181000002893
1125.5582999947364
1125.228100005188
1193.2154999958584
1101.3925000006566
1127.174200002628
1119.6627000026638
1120.3189000007114
1186.1744999987422
1122.3463999995147
1116.4653000014368
1122.8196999945794
1124.4002999956138
1184.1520000016317
1156.9751999995788
1114.6309999967343
1123.0862000011257
1140.7706999962102
1185.6415000002016
1123.679100004665
1114.8874999998952
1123.0536000002758
1128.0074000023887
1181.1807999984012
1096.8581999986782
1112.5132000015583
1089.0110000036657
1106.0083999982453
1219.5668999993359
1115.876700001536
1103.313600004185
1125.101600002381
1121.5336000022944
1191.11499999417
1121.1524000027566
1111.5482000022894
1113.68749999383
1149.174199999834
1157.3798999961582
1106.8715000001248
1113.2560999976704
1117.3495999973966
1116.890199999034
1171.3512999995146
1115.448100004869
1114.5638000016334
1116.186999999627
1115.686099998129
1183.1272999988869
1116.1816000021645
1115.2373000004445
1115.8379000044079
1112.8072999999858
1180.0347000025795
1115.031799999997
1115.9429999970598
1112.735499998962
1088.2726999989245
1177.7691999959643
1120.6394999971963
1122.7343999998993
1120.4901000019163
1120.096000006015
1178.7440000043716
1120.7313000049908
1106.5192000023671
1111.7861999955494
1114.3204999971204
1179.4141999998828
1118.4455000038724
1113.8191999998526
1122.0520999995642
1116.3343000007444
1175.397700004396
1113.7213999973028
1114.7624000004726
1118.8494000016362
1114.086400004453
1182.5601999953506
1116.0988999981782
1118.2620999970823
1121.265299996594
1117.896199997631
1177.3315999962506
1115.2799000046798
1117.5224000035087
1116.685499997402
1119.2179000063334
1181.2323999984073
1122.9687000013655
1123.6411999998381
1162.883700002567
1116.6391000006115
1180.8428000003914
1117.384500001208
1118.431499999133
1122.0304000016768
1117.6754999978584
1176.405899997917
1115.1229000024614
1112.4086000054376
1115.3272000010475
1137.8239000041503
1160.743200001889
1100.8505999998306
1106.4478000043891
1102.62800000055
1101.9471000035992
1164.7525999942445
1113.155300001381
1114.4340999962878
1112.812200000917
1119.70549999387
1175.4837000044063
1109.8264000029303
1148.4941000016988
1091.519599998719
1142.8679999953602
1258.3312999995542
1121.223000001919
1167.6162000003387
1105.9571000005235
1086.4555000007385
1233.084499996039
1189.6897000042372
1122.668199997861
1118.6019999950076
1123.12020000536
1233.553899997787
1117.9064999960246
1119.602600003418
1119.096599999466
1118.0975999959628
1184.2868000021554
1116.0153000018909
1117.3740000012913
1118.2906000030925
1121.4362000027904
1181.0774999976275
1116.5999000004376
1116.4428000047337
1120.231299995794
1117.475499995635
1182.477900001686
1121.2929000030272
1114.0821000008145
1116.2026000019978
1114.8507000034442
1167.064900000696
1106.0937000002014
1108.4332000027644
1112.6276000068174
1112.818800000241
1178.346300002886
1114.1319000016665
1105.8324000041466
1108.6202999940724
1108.2880000030855
1174.584299995331
1113.2511000032537
1113.9014000000316
1113.9612999977544
1118.5640000039712
1244.755100000475
1127.5473999994574
1155.8777000027476
1137.962199994945
1112.550600002578
1176.1120000010123
1101.2633999998798
1088.0658000023686
1105.2612999992562
1104.6703000029083
1170.286100001249
1107.1660000015981
1097.9367999971146
1106.1346999995294
1109.0254000009736
1168.5018999996828
1097.281299997121
1130.415699997684
1113.0185000001802
1120.269200000621
1161.0883000030299
1130.2473000032478
1128.8487999991048
1089.6730000022217
1098.504599998705
1168.2033000033698
1107.8019999986282
1105.159899998398
1121.2136999965878
1150.972700001148
1171.4670000001206
1115.4653999983566
1105.5691000001389
1109.7309999968274
1108.7325000044075
1173.6923000062234
1111.2035999976797
1103.9780999999493
1109.8874000017531
1111.1663000046974
1172.314000003098
1100.3818000026513
1105.5790000027628
1109.7406999979285
1084.9465999999666
1125.6562999988091
1094.4330999991507
1110.1780999961193
1111.103400005959
1110.1507999992464
1173.3409000007669
1111.6381000028923
1102.9715999975451
1105.439099999785
1093.8252999985707
1178.1058999986271
1197.9554999998072
1125.2448000013828
1076.1320999954478
1108.6290000021108
1176.5010000017355
1098.192099998414
1108.8896000001114
1104.4087000045693
1068.2664999985718
1186.5050999986124
1102.396200003568
1099.9984000009135
1109.5023000016226
1108.6708000002545
1174.2755000013858
1129.6357000028365
1127.1249999990687
1107.9735999956029
1169.2192000045907
1158.105100003013
1109.307800004899
1109.6950999999535
1103.198099997826
1104.2235999993864
1195.185099997616
1106.4948000057484
1102.9632999998285
1092.8859999985434
1102.4271999995108
1163.4233000004315
1103.1835000030696
1092.6170000020647
1106.2218999941251
1103.1378000043333
1166.4858000003733
1099.1962999978568
1103.245500002231
1104.7028000029968
1124.858499999391
1167.7233000009437
1109.6633999986807
1115.5830999996397
1111.6774000038276
1111.7031000030693
1177.882400006638
1112.2639999957755
1114.8909999974421
1109.3121000012616
1112.3392000008607
1171.7054000037024
1103.047600001446
1106.5128999980516
1112.3256999999285
1105.764399995678
1170.2536000011605
1102.9025000025285
1125.554699996428
1110.5102000001352
1104.5633999965503
1171.4634999952978
1107.8696999975364
1114.4856000028085
1108.8421000022208
1110.9269999942626
1169.434799994633
1104.0290000019013
1109.3953999952646
1099.7709000002942
1107.4136000024737
1171.2770000012824
1107.5190999981714
1098.9259999987553
1123.6888999992516
1111.6222999989986
1187.782499997411
1117.1963999950094
1097.5313000017195
1110.125600003812
1109.9469999971916
1169.9824000024819
1100.4638000013074
1103.3932999998797
1107.5434000013047
1089.132699999027
1158.7078000011388
1107.4443999968935
1109.5703999963007
1107.4318000028143
1099.7569000028307
1169.7648000044865
1106.5223999976297
1107.4049000017112
1104.4401999970432
1104.992399996263
1163.740299998608
1134.084500001336
1174.2909000022337
1126.9997999988846
1148.14020000631
1160.6017000012798
1081.4540999999736
1083.8259000011021
1068.9610000044922
1112.4943000031635
1147.1940999981598
1099.4378999967012
1103.5768000001553
1098.634399997536
1132.8444000027957
1167.0945000005304
1069.8870999985957
1098.5980999976164
1113.165000002482
1077.1674999996321
1161.7180999965058
1101.2654999940423
1104.3505999987246
1096.2244999973336
1105.695400001423
1168.8706000059028
1103.9682999980869
1094.8919000002206
1134.6788000009838
1109.3374000047334
1166.7457000003196
1096.393399995577
1101.3298999969265
1103.741799997806
1100.482199995895
1143.8674000019091
1143.4741000048234
1108.2190000015544
1077.604500002053
1098.4088999975938
1163.4244000015315
1090.736400001333
1108.3730999962427
1100.518599996576
1090.6822000033571
1147.1543000006932
1101.2575999993715
1117.270999995526
1125.3680000008899
1101.5459000045666
1162.475800003449
1100.645500002429
1091.8737999963923
1102.716399997007
1083.0128000015975
1180.888099996082
1112.1401999989757
1078.7812999988091
1099.5336999985739
1092.905499994231
1165.7506999981706
1102.1267000032822
1096.6007000024547
1089.3648999990546
1100.3946999990148
1161.4287000047625
1094.2648999989615
1099.2469000048004
1101.6335000022082
1103.919599998335
1168.0376999938744
1107.274400004826
1106.2221999964095
1108.155000001716
1155.6968000004417
1198.66020000336
1125.840299995616
1082.2173000051407
1086.0547999982373
1123.4522000013385
1173.8560999947367
1102.385400001367
1119.692300002498
1100.1991999946767
1100.7457000014256
1163.994200003799
1098.8416999971378
1102.749899997434
1102.4286999963806
1101.8965000039316
1166.684499999974
1108.9533000049414
1108.3168999975896
1100.3762000036659
1101.3879999954952
1151.3594999996712
1102.178000001004
1100.501599998097
1106.7804999984219
1098.0142999978852
1166.3317999991705
1099.0365000034217
1104.7133000029135
1100.0974999988102
1100.8134000003338
1162.7392000009422
1098.3937999990303
1100.439899993944
1101.8866000013077
1101.232400003937
1161.1675999956788
1099.7572999986005
1092.3871000049985
1077.00200000545
1104.764100004104
1158.6641000030795
1098.7735000016983
1096.8512999970699
1097.2308999989764
1096.1552000007941
1160.5902000010246
1092.2984999997425
1095.317100000102
1103.9581000004546
1100.5942999981926
1158.8699999992969
1093.9507000002777
1086.6515999950934
1093.7712000013562
1081.0121999966213
1127.5803000025917
1059.7340000022086
1135.0941000055172
1083.1444999930682
1088.8661999997566
1125.9332000045106
1095.8637000003364
1091.98479999759
1104.424299999664
1131.9230999943102
1192.6510999983293
1099.271899998712
1096.7648000005283
1098.5683999970206
1095.5622000037692
1152.7817999958643
1101.8008999963058
1096.7556000032346
1099.7178999969037
1073.6988999997266
1144.36740000383
1110.6044999978621
1091.5187999999034
1132.6525999975274
1104.438399997889
1188.3319999978994
1088.5781999968458
1102.3005000024568
1101.5321999948355
1099.0059000032488
1164.3487999972422
1103.735200005758
1150.4675000032876
1071.5452000004007
1093.7167999945814
1189.2130999985966
1093.8601000016206
1104.2926000009174
1094.8330999963218
1144.608499998867
1167.9547999956412
1102.1887000024435
1086.5761999957613
1070.0129000033485
1096.650600004068
1199.884200002998
1105.3031999981613
1103.6210999955074
1107.2656999967876
1100.2392999944277
1168.1062999996357
1103.3046000011382
1103.8377000004402
1094.5156999950996
1108.2184999977471
1171.3958000036655
1104.7832000040216
1112.5326000037603
1170.0521999955527
1154.4802999997046
1157.8459000011208
1115.048299994669
1104.6920000007958
1109.8038000054657
1110.46720000013
1165.2216000002227
1106.6303999978118
1099.1681999948923
1106.475299995509
1105.2381999979843
1156.1052999968524
1074.339400001918
1101.0865999996895
1103.3465000000433
1092.6646999942022
1163.3543999996618
1095.678700003191
1100.6120000020019
1111.455099999148
1105.3173999971477
1165.317300001334
1097.33640000195
1096.0986999998568
1099.8290000061388
1098.4293000001344
1158.3327999978792
1094.971999998961
1098.7619000006816
1095.36030000163
1095.7348000010825
1160.678200001712
1093.0081000042264
1093.7317999996594
1094.3422999989707
1095.1868999982253
1152.8031999987434
1092.0566999993753
1093.1431999997585
1097.360400002799
1092.8110999957426
1165.295500002685
1091.7246999961208
1101.560499999323
1100.8438999997452
1100.6840000045486
1162.3647000014898
1095.8446000004187
1102.95970000152
1090.7141999996384
1097.4566000004415
1155.0426000030711
1094.4118999977945
1098.9408000023104
1088.6778999993112
1102.8175999963423
1158.9959000048111
1096.9044999947073
1096.736300001794
1093.6776000016835
1091.513400002441
1166.963100004068
1118.9114000007976
1101.7059000005247
1091.9099000020651
1097.3814000026323
1159.1900999992504
1091.9321999972453
1098.5896999991382
1099.2712000006577
1091.2442000044393
1160.5300000010175
1100.3025000027264
1098.3613999997033
1094.6509999994305
1100.7490000047255
1159.1360000020359
1099.0598999997019
1113.5426000037114
1104.1714000020875
1092.6153999971575
1156.7710000017541
1096.7040000032284
1091.6670999940834
1084.133500000462
1094.0938999992795
1160.2717999994638
1094.2118000020855
1114.2465000011725
1100.2840000001015
1113.313100002415
1168.2973999995738
1067.1440000005532
1072.7196999941953
1058.8401999993948
1092.9409000018495
1149.9341000017012
1097.4953999975696
1092.945599993982
1087.3628000044846
1094.81219999725
1157.947100000456
1093.1837000025553
1092.8673000016715
1095.022199995583
1093.7994999985676
1159.055599993735
1088.4826999972574
1095.6607999978587
1078.8966999971308
1102.9785000064294
1149.1897999949288
1097.9428999999072
1097.9054999988875
1101.4384000009159
1097.524800003157
1145.0507000045036
1100.1201999970363
1148.0345000018133
1096.7954999941867
1093.612699994992
1158.86650000175
1091.3427999985288
1093.9870000001974
1082.8403999985312
1060.3374999991502
1166.3028000039048
1098.6639999973704
1088.4941000040271
1099.7904999967432
1102.5114000003668
1166.9403000050806
1106.4138999936404
1150.9860000005574
1081.494300000486
1127.7592000042205
1161.9615000017802
1096.6555000049993
1089.390099994489
1142.9005000027246
1117.0290999943973
1197.3727000004146
1093.5141000009025
1091.4440999986255
1113.7123000007705
1099.7781000041869
1151.0255000030156
1078.2437000016216
1097.099699996761
1098.1929999979911
1103.659800006426
1184.6139000044786
1108.6046999989776
1095.7917000050656
1110.7764999978826
1159.8488000017824
1165.3315000003204
1102.1308000053978
1100.5346000019927
1097.8931999998167
1096.8897999991896
1158.7717000002158
1099.1376000019955
1095.0765999950818
1099.1434999959893
1096.4470999970217
1156.668499999796
1100.9755999984918
1090.561400000297
1105.183699997724
1108.5218000007444
1161.913199997798
1164.028999999573
1138.6918000061996
1087.4925999960396
1079.902999998012
1136.3551000031293
1125.821100002213
1094.0115000048536
1095.1252000013483
1109.5268999997643
1146.0078000018257
1108.21869999927
1110.5343000017456
1107.0039000042016
1108.6424000022816
1169.3410000007134
1103.1105000001844
1107.0374000046286
1113.8741999966442
1109.6724000017275
1129.0154000016628
1075.6313000019873
1107.377499996801
1109.7194000030868
1105.4851000008057
1168.4651000032318
1111.25809999794
1103.269100000034
1110.1560999959474
1109.560800003237
1164.1168000060134
1104.974800000491
1112.7223000003141
1105.7428999993135
1108.5753000006662
1163.2910999978776
1106.0744999995222
1101.0266999946907
1094.8590000043623
1101.2019999980112
1169.8508999979822
1108.3781999986968
1099.003299998003
1107.7474999983679
1106.5957999962848
1198.44490000105
1143.7051000029896
1128.8089000008767
1165.9532000048785
1100.1612000036403
1165.3931999971974
1099.3677000005846
1101.7262000023038
1093.4465999962413
1102.99049999594
1162.9686000014772
1090.789699999732
1094.8875999965821
1095.6423000025097
1097.2291000070982
1165.4364999994868
1106.1488999985158
1103.7810999987414
1095.3320000044187
1104.3080000017653
1166.4229000016348
1127.5373000025866
1109.8458999986178
1108.4074999962468
1106.3046999988728
1166.2911000021268
1096.0520000007818
1104.8498000018299
1103.1096000006073
1097.2892999998294
1197.3118999958388
1204.0123999977368
1132.8442000012728
1110.6660000004922
1133.4421999999904
1195.3466000049957
1096.5228999993997
1135.113900003489
1108.872999997402
1107.960199995432
1168.43869999866
1105.9756000031484
1100.634499998705
1094.8894999964978
1105.5287000053795
1170.9787999934633
1101.5886000022874
1108.1175999934203
1161.1081000010017
1123.3484000040335
1169.3870000017341
1101.101700005529
1106.465600001684
1108.2577999986825
1105.9924000001047
1172.4106999972719
1104.9431999999797
1105.225999999675
1105.0305000026128
1106.798799999524
1168.4930000046734
1113.0386000004364
1117.5289000020712
1124.5237000039197
1085.1255000015954
1249.6585000044433
1093.7020999990636
1098.1002999978955
1096.5163000000757
1100.7656999936444
1164.2618000041693
1096.933100001479
1096.192199998768
1091.1582999979146
1096.0889999987558
1160.5750000016997
1095.9182000005967
1103.509299995494
1066.1516999971354
1092.6170000020647
1159.5958999969298
1096.3170999966678
1097.247799996694
1091.1293999961345
1147.6685000016005
1172.074000001885
1104.7951999935322
1097.421200000099
1101.6552000000956
1099.8460999981035
1167.1663999950397
1103.5468999980367
1103.5334000043804
1105.3765000033309
1097.0197999995435
1168.4377000055974
1147.2101000035764
1111.1708999960683
1104.0314999991097
1126.5368000022136
1195.0220999933663
1103.244399993855
1098.5585999951581
1101.9900999963284
1106.4928999985568
1163.613600001554
1103.1975000005332
1103.1811000066227
1114.5427000010386
1101.7132000051788
1157.5935000000754
1090.8912000013515
1091.827900003409
1091.487400000915
1125.1615999935893
1163.836400002765
1123.153699998511
1095.871999998053
1090.6149000002188
1090.859800002363
1160.8239999986836
1097.442799997225
1097.2668999966118
1097.0630000010715
1097.0192000022507
1157.4402999976883
1136.9393999993918
1101.3930999979493
1069.7212000013678
1121.189699995739
1198.4302999990177
1102.9437000033795
1062.0448000045144
1097.6235999987694
1116.2534999966738
1186.7129999955068
1085.5398999992758
1100.2315000005183
1141.2100000015926
1096.6786999997566
1157.569599999988
1088.5171000045375
1100.393399996392
1104.8800999997184
1096.3134999983595
1160.9403999973438
1095.9359999978915
1114.4155000001774
1099.5898000037414
1140.850900002988
1160.675999999512
1092.7860000010696
1097.2646000009263
1107.1554999944055
1100.2547000025515
1161.8009000012535
1141.108700001496
1099.8495000021649
1084.061900000961
1101.8065000025672
1175.0476000015624
1104.366100000334
1110.8863000044948
1096.0839000035776
1101.2476999967475
1168.7455999999656
1101.2988000002224
1097.8726000030292
1104.9735999986297
1121.721700001217
1168.9494000020204
1100.5506000001333
1100.591099995654
1101.9312999997055
1115.2560999980778
1152.8510999996797
1106.042300001718
1096.9920999996248
1102.2464000052423
1105.4793000002974
1160.5051000005915
1103.792500005511
1097.878699998546
1099.7720000013942
1090.7729000027757
1162.0106999980635
1096.39870000683
1107.1163000015076
1100.7509000046412
1096.0544999979902
1166.623700002674
1105.1784999945085
1103.7339999966207
1104.1581999961636
1107.4694000053569
1166.7307000025176
1106.8784999952186
1103.2042000006186
1106.4232000062475
1108.6140000043088
1164.511199996923
1108.2233999986784
1108.1046999970567
1103.8972000023932
1096.8716999996104
1171.1581999988994
1091.0266999999294
1138.22930000606
1103.0984000026365
1102.669200001401
1164.8688999994192
1104.6140000034939
1103.233799993177
1100.7675000000745
1104.3561000042246
1160.8464999953867
1087.8903999982867
1104.011499999615
1100.5905999991228
1101.4061999958358
1161.5128000048571
1101.1187000040081
1104.2253999985405
1109.6228000023984
1128.293300003861
1164.918000002217
1116.122000006726
1128.8798000023235
1106.6166000018711
1101.0506999955396
1165.215500004706
1096.2463000032585
1106.3129999965895
1092.8864999950747
1103.6432999972021
1151.0936999984551
1100.0455999965197
1099.0387999991071
1095.9462000027997
1101.5175000065938
1153.538500002469
1104.2789999992237
1100.1464999935706
1097.6255999994464
1103.6423000041395
1220.561699999962
1112.9994000002625
1137.002499999653
1067.842299999029
1060.1632000034442
1155.3668999986257
1087.676700000884
1098.4322000003885
1089.1245999955572
1052.2354999993695
1153.4220000030473
1103.6882999978843
1077.3721000005025
1091.7625000001863
1090.542000005371
1159.3547000011313
1099.9365000025136
1099.9654000042938
1102.8220000007423
1093.6015999977826
1161.72099999676
1101.1913000038476
1099.8781000016606
1103.4080000026734
1144.4093999962206
1179.5028999986243
1099.0391000013915
1095.8046999949147
1097.6565999953891
1096.099399997911
1158.9755000022706
1104.96549999516
1116.236599998956
1090.5053000024054
1102.2319000039715
1174.2362000004505
1096.8655999968178
1144.5279999970808
1099.3434000047273
1103.694400000677
1140.4177000003983
1094.1142000010586
1100.5605000027572
1105.4928999947151
1103.0634999988251
1162.1827999988454
1106.925100000808
1100.6713999959175
1102.1426000006613
1099.1166000021622
1157.3788000023342
1096.4342000006582
1100.8816000030492
1146.9161999993958
1110.4539000007208
1193.1172999975388
1188.947200003895
1076.3103000062983
1106.1165999999503
1139.730700000655
1136.7143999959808
1081.662900003721
1058.5288000002038
1105.9087999965413
1084.9297999957344
1142.3030000005383
1093.1230999995023
1090.625099997851
1086.7738999950234
1086.9836000056239
1153.3137000005809
1088.5426000022562
1094.5264999973006
1094.0044000017224
1089.2206000062288
1156.4077000002726
1088.6585999978706
1107.652099999541
1087.4015999943367
1086.7498999941745
1151.0648999974364
1080.1581999985501
1089.1169000024092
1088.971400000446
1086.3855999996304
1157.9757999934372
1092.0676000023377
1089.937500000815
1090.216500000679
1084.6424000046682
1155.3707999992184
1090.4499999960535
1106.1759999938658
1071.9994000028237
1089.2890000031912
1156.184999999823
1063.5605999996187
1126.356399996439
1081.9520999939414
1066.0439999992377
1109.3554999970365
1112.402500002645
1181.3139000005322
1089.218000000983
1092.915000001085
1155.002700004843
1087.988100000075
1083.0022000009194
1103.7949999954435
1093.5702999995556
1157.1937999979127
1088.6169000004884
1076.9445000041742
1092.4222000030568
1086.6158999997424
1157.52820000489
1142.51030000014
1093.0435999980546
1092.0536000048742
1143.833000001905
1142.5452999974368
1085.5162000007113
1129.6959999963292
1070.3835000022082
1131.5763000020524
1171.0653999980423
1091.172699998424
1087.4202999984846
1087.8265999999712
1077.3410000037984
1150.3315000009025
1087.3257000057492
1087.5311999989208
1085.84669999982
1091.5119999990566
1133.5599000012735
1108.7438000031398
1085.090399996261
1077.901099997689
1084.8313000024064
1156.5174999996088
1090.7814999955008
1080.5623999985983
1084.9438000004739
1088.9422000036575
1145.4427999997279
1084.2812999981106
1088.1010000011884
1092.669300000125
1085.3733000039938
1151.1908000029507
1112.1146000004956
1107.2518000000855
1054.7215999977197
1083.7558999992325
1146.4831000048434
1086.6143000021111
1086.3282999998773
1085.2550999989035
1082.5531000009505
1142.4056999967434
1081.7621999958646
1091.3103999992018
1087.0672000019113
1094.2858999987948
1149.8994000066887
1092.2938000003342
1090.519299999869
1103.425099994638
1087.7486999961548
1151.9835999934003
1119.1455000007409
1090.8788000015193
1090.2338000014424
1091.0099999964586
1149.4614000039292
1095.9309999961988
1089.8930999974255
1085.3405999951065
1082.1402000001399
1153.3994999990682
1088.7232000022777
1095.373500000278
1124.592100000882
1091.122900004848
1145.942000002833
1095.5069000046933
1128.0609000023105
1108.3112000051187
1115.2602000001934
1139.5502999948803
1075.0589000017499
1098.8861000005272
1090.5738000001293
1078.4025999964797
1149.9954999962938
1088.3396999997785
1090.0934999954188
1089.3853999950807
1089.8297999956412
1148.3411000008346
1094.7684999991907
1094.7424999976647
1084.0180999948643
1095.4983999981778
1154.9398999995901
1093.853800004581
1083.3175000007031
1093.0793000006815
1090.3940999996848
1159.1503000017838
1092.9420000029495
1109.248500004469
1131.6980999981752
1088.0070999992313
1136.5730999968946
1069.6667000011075
1095.0118000037037
1147.0960000006016
1109.0518000055454
1154.4441000005463
1095.427499996731
1106.504600000335
1093.4768000006443
1091.698100004578
1147.1560999998474
1078.1940999950166
1114.9415999971097
1121.7220000035013
1070.6131999977515
1139.608199999202
1081.8973999994341
1120.3925000008894
1093.046800000593
1094.9657000019215
1155.8176000035019
1091.9900000008056
1095.8749999990687
1086.8595000065397
1094.1778000051272
1160.3223999991314
1096.072100001038
1091.2897000016528
1091.949299996486
1088.080199995602
1159.9179999975604
1115.33369999961
1111.65169999731
1154.863199997635
1128.389999998035
1149.0263999949093
1089.1679999986081
1091.2931999991997
1090.4422999956296
1112.0844000033685
1143.8655000019935
1054.765299995779
1073.8029000058305
1112.1667999977944
1143.0582000029972
1216.4105999981984
1062.2656999985338
1064.7547000044142
1055.1110000014887
1076.5061999991303
1171.6803000017535
1087.0366000017384
1082.7700000008917
1082.452700000431
1068.3653000014601
1111.2032000019099
1072.8643999973428
1083.837099999073
1081.183599999349
1084.5753000030527
1146.0757999957423
1080.5027000023983
1085.9500000005937
1081.610000001092
1069.00350000069
1138.4439000030397
1106.4895000017714
1080.1085000057356
1082.4662999948487
1083.543600005214
1144.745099998545
1079.8457999990205
1080.8605999991414
1084.1877999991993
1080.6121999994502
1145.2937000067323
1074.4485000032
1076.7852000062703
1073.243499995442
1074.960400001146
1136.7610999950557
1069.7265999988304
1073.3804000046803
1071.3040000046021
1081.0880999997607
1137.2976999991806
1079.090699997323
1082.1645999967586
1085.094800000661
1082.7895999973407
1145.0648000027286
1167.371399998956
1081.0359000024619
1079.9640000041109
1081.9808000014746
1146.116100004292
1086.6311999998288
1083.000799997535
1082.0103000005474
1091.769500002556
1174.0394000007655
1089.026499997999
1084.025099997234
1136.1792000025162
1081.819600003655
1145.5724999977974
1062.3352999973577
1063.7363999994704
1084.204900005716
1076.5792000020156
1145.0918999980786
1058.148700001766
1082.1500999954878
1077.9545999976108
1074.693999995361
1140.233599995554
1082.599499997741
1080.967200003215
1079.3055000031018
1082.0772999941255
1131.372800002282
1081.5260999952443
1075.8810999977868
1082.7780999970855
1073.790000002191
1137.4099000022397
1076.758000002883
1080.603100002918
1068.2969999979832
1073.806100001093
1139.723700005561
1077.321299999312
1081.9390000033309
1085.4693000001134
1076.436499999545
1141.675499995472
1082.294499996351
1081.7867000005208
1081.0165000002598
1072.082999999111
1140.234699996654
1062.2465999986161
1080.8697000029497
1071.7318999959389
1076.72559999628
1142.6132999986294
1069.0768999993452
1080.9596000035526
1076.984999999695
1072.6969999959692
1134.4981000002008
1082.3435999991489
1080.5201999974088
1075.9004999999888
1073.6825999993016
1139.799500000663
1078.8941999999224
1095.3350999989198
1077.6095000037458
1098.4758999984479
1143.5937999995076
1072.0492999971611
1077.4022999976296
1080.0311000057263
1080.8861999976216
1152.5265999953263
1068.63919999887
1068.2270000033895
1075.556099996902
1061.0679000019445
1125.3185000023223
1083.601099999214
1079.3226000023424
1080.634400001145
1078.9732000048389
1129.77089999913
1076.0064999994938
1131.1784999998054
1053.6086000065552
1066.1043000000063
1138.5554000007687
1076.0769000044093
1077.8214999954798
1071.9554999959655
1076.9514000057825
1134.9250999992364
1072.7392000044347
1064.8824000018067
1073.0949999997392
1076.555699997698
1133.7156999943545
1065.8803999976953
1073.3957999982522
1074.930000002496
1072.6811999993515
1127.0589999985532
1075.4111999995075
1083.7374000038835
1077.1261000045342
1080.5773000029149
1143.291100001079
1084.201400000893
1073.0121999949915
1081.3401000050362
1083.2678000006126
1141.9702999992296
1075.395200001367
1080.8147999996436
1080.679799997597
1081.7878000016208
1127.0609999992303
1080.676499994297
1081.384099998104
1084.2499999998836
1076.39349999954
1144.5890000031795
1078.0257000005804
1082.3520999983884
1078.1384000001708
1080.5755999972462
1136.7199999949662
1070.9080000015092
1082.8048000039416
1078.2322000013664
1087.0738000012352
1131.3127999965218
1080.1607000030344
1075.1044999997248
1074.9467999994522
1104.6662000007927
1129.2815999986487
1068.4524000025704
1071.0139000002528
1067.119500003173
1065.727399996831
1132.0386999941547
1072.4880000052508
1065.3848000001744
1077.3006999952486
1077.275000003283
1142.2805000038352
1078.6465000055614
1066.5339999977732
1081.7190000016126
1091.4922000010847
1104.5178999993368
1062.3424000004889
1083.632599998964
1111.2715999988723
1066.2373000013758
1139.1577999966103
1068.8821000003372
1107.0347000058973
1089.9461999943014
1078.8171000021975
1140.8491999973194
1074.059499995201
1081.1382999963826
1080.5773000029149
1087.9829000041354
1143.6311999932514
1100.0946999993175
1074.8377999989316
1086.69910000026
1134.1542000009213
1179.7279999955208
1046.8013000063365
1104.992399996263
1058.3265999957803
1058.4624000039184
1125.3405999959796
1096.4410999949905
1090.890200001013
1066.0667999982252
1082.0812000019941
1126.3869000031264
1055.7945000036852
1075.1858999938122
1078.9231000017026
1090.3049999978975
1137.6258000018424
1071.1211000016192
1068.8279000023613
1065.2445000014268
1070.07120000344
1137.0602999959374
1071.353100000124
1072.6903000031598
1070.0526000000536
1070.5629000003682
1115.5260000014096
1107.7108000026783
1062.3867000031169
1070.5900000029942
1067.896300002758
1127.7055000027758
1074.4904999955907
1074.3035999985295
1079.9244000008912
1068.260799998825
1136.898700002348
1074.29399999819
1074.251900005038
1094.0916999970796
1072.292799995921
1139.670100004878
1065.7145000004675
1079.724900002475
1078.1788999956916
1077.573599999596
1136.134199994558
1053.2726000019466
1142.9413000005297
1090.779999998631
1076.4495999974315
1135.3421999956481
1063.065700000152
1041.1310999988928
1077.3913000011817
1085.324200001196
1123.5947000022861
1050.215000002936
1107.7258000004804
1060.156300001836
1106.2022999976762
1123.3915000048
1076.382500003092
1073.5230999998748
1095.707599997695
1069.2561999967438
1162.5625000015134
1104.4064000016078
1147.8138000020408
1092.2361000048113
1138.3091999960016
1206.273699994199
1112.6498000012361
1125.5307999963406
1159.891700001026
1064.6905999965384
1142.561000000569
1076.8182999963756
1076.793699998234
1073.086800002784
1073.767099995166
1138.1162000034237
1074.2826999994577
1073.2626000026357
1064.4057000026805
1073.0277999973623
1136.3456999970367
1064.9128000004566
1070.3745999999228
1096.8912999960594
1063.0753000004916
1133.1228999988525
1067.982699998538
1065.240600000834
1065.6288999962271
1053.0959999960032
1156.4511000033235
1069.3146999983583
1075.140699998883
1061.0063999993145
1072.6227999984985
1097.18630000134
1071.4769999976852
1064.0601999984938
1041.1926000015228
1035.4933999988134
1107.7017999996315
1105.300699993677
1049.9628000034136
1047.6746999993338
1064.0153999993345
1128.5193000003346
1064.7134999962873
1074.5537000038894
1072.2592000020086
1074.2074999943725
1134.9627999952645
1113.0531999951927
1141.6520000057062
1141.918599998462
1085.8273999983794
1108.367700006056
1052.1579000051133
1063.9588000049116
1074.704999999085
1076.8839000011212
1134.306399995694
1073.1178999994881
1066.93699999596
1070.5251000035787
1065.6339999986812
1138.2916000002297
1064.7793999960413
1077.553099996294
1067.3167999993893
1073.755199999141
1127.028299997619
1074.1036999970675
1066.1017000020365
1070.0369999976829
1073.0830999964382
1132.1169000002556
1075.5027999985032
1076.4729000002262
1078.038400002697
1067.8074000024935
1137.2189999965485
1064.8790999985067
1071.7731999975513
1070.6881000005524
1069.872400003078
1134.0673999948194
1066.6427000032854
1073.2563999990816
1061.6197000053944
1072.1237999969162
1138.4858000019449
1074.346699999296
1075.2845000024536
1074.1022000001976
1073.6206000001403
1224.079300001904
1110.9748000017134
1077.0546999992803
1077.0334000044386
1077.111300000979
1134.152800004813
1080.3627999994205
1116.5902000066126
1156.7615999956615
1094.5740999959526
1139.422400003241
1099.6864999979152
1105.6769999995595
1052.3758999988786
1047.1678999965661
1129.1516000055708
1065.9879000013461
1117.608200001996
1078.8134999966132
1074.0363000004436
1138.448999998218
1067.503599995689
1102.0189999981085
1074.354600001243
1070.542999994359
1144.9855000028037
1075.0918999983696
1058.9907000030507
1072.846999995818
1067.9562000004807
1121.440300004906
1071.4111000052071
1069.750299997395
1068.263900000602
1066.6602000055718
1127.4807000008877
1069.8846000013873
1069.3816999992123
1060.0894000017433
1066.5290000033565
1129.4957000063732
1067.5215999945067
1071.5408000032767
1070.5489000029047
1068.1809999950929
1126.9124999962514
1045.0305999984266
1065.9837999992305
1086.7895999981556
1042.6558000035584
1133.2877999957418
1068.7898000032874
1065.901699999813
1071.4365999956499
1075.1669999954174
1122.8327999997418
1074.764500001038
1073.463400003675
1062.58969999908
1067.1084999994491
1141.183200001251
1071.0798000000068
1070.997399998305
1101.812599998084
1075.9137999993982
1109.780500002671
1071.5884000019287
1061.7584999999963
1074.150299995381
1078.0669999949168
1146.9697000065935
1076.9641999941086
1080.567400000291
1078.94920000399
1085.9456000034697
1158.5495000035735
1079.9875000011525
1080.6302999990294
1071.7764000000898
1077.2638999987976
1147.5614000009955
1086.4052000033553
1078.1544999990729
1067.4241000015172
1077.3760000010952
1125.1898000045912
1082.4442000011913
1084.941200002504
1074.637999998231
1072.2900999971898
1142.4569000009797
1075.1422000030288
1080.1441000003251
1080.090499999642
1074.7811999972328
1141.3066999957664
1081.0815000004368
1076.2133999960497
1072.2699000034481
1089.5913999993354
1131.952399999136
1064.0192999999272
1085.6337000004714
1088.5008000041125
1048.0333999948925
1102.2449000010965
1054.4327999959933
1074.0435000043362
1055.8147999981884
1070.9969000017736
1125.6735999995726
1075.1432999968529
1074.8475000000326
1075.8388000031118
1071.7287000006763
1163.4724999967148
1082.644199996139
1067.3299999980372
1073.9404000050854
1074.4674999950803
1133.0942999993567
1072.7993000036804
1095.3426999985822
1076.2657999948715
1077.451299999666
1112.6079999958165
1094.584099999338
1077.5547000012011
1075.336400004744
1067.8440000046976
1131.166099999973
1073.9109000060125
1072.8535000016564
1071.796500000346
1071.306600002572
1142.3260000010487
1090.4303999996046
1073.000399999728
1071.1951999983285
1075.664299998607
1132.5023999961559
1126.7134999943664
1068.7372000029427
1070.7264000011492
1076.5612000031979
1133.7439000053564
1079.081200005021
1076.2172999966424
1074.342499996419
1079.1344000026584
1142.9979000022286
1078.2085000028019
1072.8766999964137
1082.0022000043537
1079.8367000024882
1141.0001999975066
1074.5266000012634
1085.631599999033
1086.5320000011707
1085.9465000030468
1131.0778000042774
1075.1529000044684
1077.1305000016582
1078.2897000026423
1079.877000003762
1140.192399994703
1082.6060000035795
1079.8943000045256
1073.4315000008792
1077.696400003333
1127.2516000026371
1077.9241999989608
1071.0592000032193
1078.0191000012564
1075.1868999941507
1140.377100004116
1068.3308000006946
1078.0688999948325
1075.8597000021837
1093.0775000015274
1141.6943000003812
1102.2443999972893
1080.2085999966948
1077.6304000028176
1076.3720999966608
1142.42060000106
1073.2391999990796
1101.9081000049482
1078.7739000006695
1074.6624999956111
1122.5601999976789
1039.2863000015495
1045.0926999983494
1047.9422999997041
1051.8974999940838
1134.2474999983096
1069.3016000004718
1060.475199999928
1063.7400999985402
1073.0878000031225
1185.5580999981612
1049.3241000003763
1088.3344000030775
1081.8607000037446
1052.6688000027207
1109.2302999968524
1067.5819000025513
1079.8270999948727
1097.6399999999558
1101.9573000012315
1119.8587999970187
1068.98010000441
1066.2283999990905
1072.8861999959918
1072.5994999957038
1131.1368999959086
1080.0328999976045
1089.2287000024226
1074.7304000033182
1074.3178999982774
1125.0451000014436
1073.1330999988131
1075.6604000052903
1076.187700004084
1078.511099993193
1129.3443999966257
1074.894299999869
1075.6924000015715
1074.0544000000227
1073.1425999983912
1139.355400002387
1075.255499999912
1051.1868999965372
1083.6321000024327
1081.1639000021387
1146.367100001953
1099.5924000017112
1083.710600003542
1082.2158999944804
1082.971700001508
1149.7220999954152
1080.4011999935028
1075.8105999993859
1078.950099996291
1080.6014000045252
1142.2885000065435
1083.8138999970397
1075.9923000005074
1084.8900999990292
1083.9403999998467
1179.498400000739
1113.3841999981087
1082.0126000035089
1074.213799998688
1074.5221999968635
1146.7626999947242
1083.9152000044123
1078.835699998308
1075.372300001618
1124.2536999998265
1144.2104000016116
1078.5291000065627
1084.1855999969994
1079.3645000012475
1077.9498999982025
1144.277699997474
1081.5196000039577
1071.752200004994
1081.6875000018626
1076.0694999989937
1142.2448000012082
1072.1187999952235
1072.8740000049584
1074.9039000002085
1075.137400002859
1123.6054999972112
1076.4475999967544
1080.9646999987308
1068.2718999960343
1076.7329999944195
1142.418199997337
1080.3233999977238
1070.828600000823
1116.1534999992
1079.1916999951354
1196.014599998307
1077.3476000031224
1084.3756000031135
1084.9086000016541
1080.015799998364
1150.6453000038164
1081.1424999992596
1082.0753000007244
1078.5785999978543
1077.3300000000745
1142.0827000038116
1078.2297999976436
1083.2003000032273
1073.6834999988787
1085.3347999945981
1239.9606999970274
1053.8098000033642
1079.4440999961807
1082.0645999992848
1075.2420999997412
1117.3341999965487
1049.607000000833
1110.3803000005428
1089.536899999075
1081.9512000016402
1142.1718999990844
1072.3302999977022
1069.8813999988488
1070.239100001345
1085.3209999986575
1194.2836000016541
1114.1394000005675
1084.820399999444
1070.180700000492
1063.0762000000686
1145.1403000028222
1084.1559000036796
1086.8550000013784
1075.08229999803
1079.7944000005373
1142.792400001781
1078.2202999980655
1069.24810000055
1077.6222000058624
1084.5371000032173
1112.461800003075
1069.7884999972302
1078.2970000000205
1077.2615000023507
1078.8965999963693
1124.581299998681
1078.9252999966266
1079.457400002866
1111.632100000861
1063.022299997101
1123.5410000008414
1064.3108999938704
1071.357499997248
1067.9291999986162
1052.638899993326
1127.575099999376
1051.3089000014588
1097.1826999957557
1056.7194999966887
1088.2594999930006
1146.9337000016822
1076.6643999959342
1080.802999997104
1078.7280000004102
1119.5674000045983
1146.5515999952913
1078.9396000036504
1078.8946000029682
1083.31769999495
1080.3650000016205
1145.8130000028177
1070.0235000040266
1083.083199999237
1080.541200004518
1080.3343000006862
1152.1369999973103
1073.434100006125
1095.1910000003409
1101.713900003233
1123.2777999975951
1123.1025000015507
1079.8097999941092
1080.4254000031506
1104.4891999990796
1082.8043000001344
1141.207199994824
1072.990300002857
1131.644300003245
1131.3930999967852
1081.060200005595
1106.612600000517
1076.6589999984717
1079.013100003067
1073.6356999987038
1065.6240000025718
1132.7970000056666
1079.0465000027325
1077.5585000010324
1066.241499996977
1076.3613999952213
1137.6154000026872
1084.9991999930353
1083.3884999956354
1073.2223000013619
1079.7467999946093
1175.3165000045556
1133.2447999957367
1057.1790999965742
1077.825299995311
1103.0851999967126
1144.9565000002622
1076.8181000021286
1085.3872000006959
1080.300100002205
1077.3297000050661
1141.0365000047022
1077.2283999976935
1089.4948999994085
1079.640500000096
1074.2002000042703
1144.0570000049775
1088.055499996699
1076.1438000045018
1053.7946000040392
1113.5570999977062
1186.9954999929178
1083.5096000009798
1077.0738999999594
1082.5207000016235
1064.2528000025777
1142.5328999976045
1076.7246000032173
1084.794399997918
1113.7655999991694
1078.4481000009691
1141.583199998422
1083.8819999989937
1081.4783999958308
1068.5659000009764
1080.7289000003948
1139.6411999958218
1080.3113999936613
1077.1715000009863
1091.9150999980047
1084.468900000502
1138.745199998084
1068.2471999971312
1077.1844999981113
1077.0351999963168
1080.2974000034737
1137.110900002881
1066.6091999955825
1073.146499998984
1075.6706000029226
1081.7996999976458
1143.1330000050366
1080.1405999955023
1055.9645999965142
1102.6318000003812
1077.2332999986247
1145.5309000011766
1118.5092000014265
1077.2609999985434
1078.8527999975486
1077.1220000024186
1147.3770000011427
1075.404700000945
1082.982500003709
1080.2355999985593
1078.30329999706
1139.1666999988956
1067.8761000017403
1077.2723999980371
1077.1144000027562
1081.6395000001648
1142.8450000021257
1084.0746999965631
1073.4095000007073
1057.667199995194
1051.0422000006656
1143.545599996287
1073.16809999611
1066.1538999993354
1071.1698999948567
1076.9193000014639
1142.5787999978638
1073.149399999238
1070.5200000011246
1044.0039999957662
1069.6653999984846
1149.8529999953462
1086.6281999988132
1082.2561000022688
1075.2592999997432
1083.4699999977602
1145.5571000042255
1084.054200000537
1085.4457999957958
1084.3919000035385
1077.0952999955625
1146.8615000048885
1082.3751000061748
1086.5357000002405
1051.0958000013488
1072.9890999937197
1142.6098000010825
1082.8620999964187
1080.2910000056727
1086.8237999966368
1081.790700001875
1132.2555000006105
1085.0883000020985
1072.2223000047961
1073.4884999983478
1083.524200003012
1172.150899998087
1083.4041999987676
1069.3487000025925
1085.7423000052222
1084.733800002141
1168.3705000032205
1061.9676999995136
1081.7444000058458
1080.427500004589
1084.761999998591
1140.2837999994517
1071.1367999974755
1079.1431999969063
1079.1514000011375
1085.11880000151
1135.544499993557
1083.1422000046587
1080.3864000044996
1079.3542000028538
1076.1246999973082
1143.1685999996262
1076.8150000003516
1070.245299997623
1044.860099995276
1054.5224000015878
1161.807200005569
1049.0074999979697
1081.964999997581
1084.476000003633
1088.1466999999247
1218.9266999994288
1083.685500001593
1080.542499999865
1080.5206000004546
1077.4840999947628
1141.6936999958125
1077.623399993172
1071.8831999984104
1078.0271999974502
1078.1511000022874
1131.948199996259
1076.9361999991816
1078.642899999977
1069.7968999957084
1074.9721999964095
1138.6084000041592
1078.4445999961463
1079.4826000055764
1081.3696999975946
1078.8811999955215
1147.7247000002535
1079.6936999977333
1068.3626999962144
1079.868399996485
1089.8646999994526
1138.704000004509
1051.0751000038
1123.6439000058454
1108.3468000069843
1072.6089000017964
1121.5076000007684
1084.6578999990015
1078.1282000025385
1090.9582000022056
1082.9212000026018
1136.5035999988322
1072.32230000227
1063.7433000010788
1074.044100001629
1073.7395000032848
1131.0529000038514
1071.6925999950035
1079.3581000034465
1074.1923000023235
1077.0397999949637
1136.8497000003117
1057.4044000022695
1076.9350999980816
1061.5480999986175
1079.0323999972316
1159.2301999990013
1099.5925000024727
1064.2836000042735
1076.7089000000851
1077.8419999987818
1142.0636999973794
1076.750499996706
1082.9458000007435
1085.1705000022775
1081.753700003901
1145.333100001153
1082.3849999942468
1076.1122000039904
1048.977600003127
1054.7070000029635
1135.639000000083
1083.1879999968805
1078.7206000022707
1104.4964999964577
1085.3907999990042
1136.8995000011637
1079.1767000046093
1073.8286999985576
1054.382700000133
1080.5766999983462
1142.7169000016875
1079.570900001272
1075.608999999531
1076.962300001469
1085.2001000021119
1145.6797999999253
1081.7792000016198
1072.8846000056365
1082.1333000058075
1118.348900003184
1116.1044000036782
1078.6688000007416
1101.2596000000485
1079.3876999960048
1074.1000000052736
1138.5813999950187
1079.8336000007112
1076.6523999991477
1065.7150000042748
1044.180699995195
1116.341699998884
1093.985799998336
1069.3507000032696
1080.9550999983912
1092.62740000122
1151.7996999973548
1069.0681999985827
1077.3423999999068
1124.3531000000075
1057.1366000003763
1121.8214000036824
1073.6955000029411
1082.6847999996971
1078.3947000018088
1078.8634999989881
1132.7854999981355
1082.4722000033944
1083.7727999969502
1081.5826000034576
1060.462200002803
1144.7553999969386
1111.0621000043466
1071.785899999668
1081.19810000062
1079.393899999559
1141.2087999997311
1075.049899998703
1080.46760000434
1053.0513999983668
1068.1150000018533
1139.6628000002238
1080.247000005329
1068.369699998584
1100.763399997959
1090.3080999996746
1121.576700003061
1075.0247999967542
1074.3889000004856
1079.5219999999972
1085.233400001016
1153.1862000047113
1087.046000000555
1087.2706000009202
1074.1969999944558
1078.8144999969518
1140.8173000017996
1103.2514000035007
1078.7053000021842
1128.821500002232
1151.8471999952453
1144.0802999932203
1079.9222999994527
1079.516199999489
1082.710100003169
1081.6228999974555
1143.7225000045146
1056.8324999985634
1048.4245000043302
1113.331599997764
1080.9800000060932
1214.389900000242
1071.1267000006046
1094.619800001965
1050.6303000001935
1103.3108999981778
1143.2656999968458
1087.36399999907
1084.7902000023169
1060.8659000063199
1083.3083999968949
1201.5271000054781
1147.85899999697
1054.7940000033122
1076.9000000000233
1079.4203999976162
1139.5590999964043
1079.46400000219
1080.3749000042444
1078.55450000352
1082.0243999987724
1138.3523999975296
1072.0405999963987
1078.3298999958788
1079.0414000002784
1066.3619000042672
1139.7018999996362
1076.1325000057695
1059.5149000000674
1068.2451000029687
1070.1732000015909
1120.7241000010981
1067.323800001759
1073.576700000558
1066.8481000029715
1073.4876999995322
1131.9707000002381
1072.5326000028872
1068.9463000016985
1068.3432000005268
1076.6168999980437
1133.4818999966956
1072.9734000051394
1066.2742000058643
1079.4330999997328
1081.339799995476
1140.469199999643
1078.6690000022645
1112.771400003112
1143.2522000031895
1116.426099993987
1106.556400001864
1046.90720000508
1075.3003999998327
1041.096100001596
1061.7024000021047
1139.1750999973738
1085.6238000051235
1072.2097999969264
1083.8649999932386
1083.5349999979371
1144.6215999967535
1081.1038999963785
1082.0639000012306
1085.152100000414
1082.9401000009966
1130.5932000032044
1082.1509000015794
1079.7597999990103
1075.4005999988294
1064.926999999443
1137.5906000030227
1073.4889999948791
1065.20620000083
1079.5503000044846
1081.578500001342
1142.6753000050667
1077.219500002684
1080.8474000004935
1084.4553000060841
1082.5945000033244
1134.1213999985484
1090.3269999980694
1076.8016000001808
1072.9086999999708
1077.614399997401
1140.9528000003775
1079.3330000014976
1063.2878000033088
1076.0983000000124
1074.9641000002157
1138.793899997836
1072.7864000000409
1078.065499998047
1080.4139000028954
1081.2713999985135
1131.6899999947054
1106.4929999993183
1069.9150000000373
1073.865400001523
1077.143900001829
1140.8802999940235
1080.8611000029487
1081.0712999955285
1080.3384999962873
1079.2015999977593
1173.2975999984774
1077.6384999990114
1078.7182999993092
1080.1352999988012
1070.4436999949394
1143.99869999761
1092.0165000061388
1127.5467000014032
1129.0109000037774
1079.4601000015973
1141.160300001502
1070.1045999958296
1078.3837000053609
1072.7513000019826
1063.5548999998719
1144.013700002688
1079.164699993271
1077.1025999929407
1079.399399997783
1080.8967999982997
1132.4379999932717
1080.9767000027932
1119.2324000003282
1050.738799996907
1131.9099000029382
1207.4406999963685
1061.0204999975394
1073.9621999964584
1071.748700000171
1076.934099997743
1139.3824999977369
1054.6916000021156
1074.0187999981572
1069.2907999982708
1060.6131999957142
1119.3330999958562
1066.8576000025496
1075.1759000049788
1063.0712999991374
1084.1620000064722
1139.8004999937257
1066.1238999964553
1051.8607999983942
1064.1208999950322
1047.327200001746
1191.6047999984585
1080.8504000015091
1051.8712999983109
1131.5740999998525
1071.5123999980278
1137.3269999967306
1043.0315000048722
1064.4678999960888
1074.9475000047823
1072.421700002451
1190.775199997006
1114.529099999345
1069.24589999835
1107.0242999994662
1064.2656999989413
1112.5631999966572
1052.1177999980864
1044.2653999998583
1064.801799999259
1113.4212000033585
1143.2405000014114
1110.2324999956181
1110.2112000007764
1093.2811000020592
1076.7994000052568
1115.1536000033957
1062.2606000033556
1145.8239999992657
1078.2781000016257
1070.4060999996727
1136.5100000039092
1080.7434000016656
1075.4300999979023
1079.4913999998244
1075.8553999985452
1138.9100000014878
1073.905899997044
1073.7493999986327
1075.9932000000845
1066.9026000032318
1139.1084999995655
1065.3218000006746
1076.4644000009866
1076.6255999988061
1077.1215999993728
1133.8858000017353
1073.9469999971334
1072.047499998007
1070.0396999964141
1084.4388000041363
1129.381499995361
1068.6761000033584
1072.8089999975055
1071.665600000415
1064.3068999997922
1129.419400000188
1062.6824999999371
1063.1605999951717
1086.6457000010996
1071.1744999935036
1138.5048999945866
1045.9695999961696
1075.071500003105
1077.9805000056513
1078.88109999476
1137.8006000013556
1075.278000003891
1081.8548999959603
1068.2229999947594
1101.6700999971363
1139.317500004836
1077.6703999945312
1077.7484999998705
1075.016599999799
1081.8447999990894
1141.1164999954053
1077.224100001331
1074.570799995854
1067.514599999413
1077.197200000228
1140.9491000013077
1070.4237000027206
1078.67129999795
1128.1810000000405
1077.350399995339
1127.215399996203
1097.0280000037747
1128.4747999961837
1058.3286999972188
1069.0106999973068
1135.2570000017295
1072.7927000043564
1074.2174999977578
1070.118799994816
1067.6330999995116
1124.4934999995166
1072.6335999934236
1072.7640999975847
1073.0066999967676
1067.7234000031604
1132.0043000014266
1072.159700001066
1051.5759000045364
1064.2216000051121
1067.996999998286
1148.5200000024633
1067.226800005301
1038.6284000051091
1058.8329000020167
1077.0862999997917
1100.5750999975135
1027.512900000147
1094.663700001547
1070.2262999984669
1067.9567999977735
1135.6008000002475
1108.7135999987368
1127.3151999994298
1040.4053000020212
1050.512500005425
1142.4763000031817
1075.2828999975463
1077.527800000098
1076.7082999955164
1096.9536999982665
1172.323700004199
1098.5023000030196
1083.6955000049784
1115.010400004394
1093.9829999988433
1109.4836000047508
1115.632299995923
1072.1604999998817
1073.0070999998134
1071.3813999973354
1139.3084000010276
1076.300300002913
1076.2956999969902
1079.5760999972117
1048.5996999996132
1127.3177999973996
1077.4575999967055
1076.2877000015578
1089.300200001162
1062.0063000023947
1140.246399998432
1076.2706000023172
1073.4474999990198
1081.773499994597
1075.5478999999468
1178.968400003214
1074.9919000008958
1062.8912000029231
1077.299899996433
1067.8456999958144
1137.6703999994788
1114.81890000141
1090.9060999983922
1064.0774999992573
1074.523200004478
1137.3056000011275
1066.1814000050072
1056.3601999965613
1064.4074999945587
1065.260199997283
1127.5709999972605
1072.7006000015535
1070.1821999973617
1061.1183000000892
1069.2153999989387
1131.5162000028067
1061.4774999994552
1074.5887000011862
1073.9020999972126
1063.8852999982191
1140.2254999993602
1081.233400000201
1074.5576999979676
1067.9626999990433
1062.642599994433
1124.716600003012
1070.4169000018737
1068.864200002281
1072.527899996203
1068.1982000023709
1133.3363000012469
1297.172499995213
1304.803200000606
1060.477200000605
1052.3461999982828
1101.3510999982827
1060.8033000025898
1070.6428999983473
1073.5064999971655
1065.451499998744
1140.1132000028156
1076.1734000043361
1070.9339999957592
1074.851099998341
1070.6288000001223
1135.8284000016283
1125.8308999967994
1076.3653999965754
1075.164499998209
1076.474200002849
1145.2349000028335
1078.163999998651
1078.9154000012786
1077.4904999998398
1079.477200000838
1139.5701000001281
1074.9553999994532
1083.8136999955168
1070.9802000055788
1082.4571999983164
1140.3825000015786
1075.614699999278
1234.3934000018635
1203.1299000009312
1147.82749999722
1169.6464999986347
1141.4313999994192
1053.6874000026728
1080.5642000050284
1063.8685000012629
1138.0791999981739
1077.175200000056
1052.920299996913
1062.301199999638
1076.2398000006215
1139.6457999944687
1074.0109000034863
1070.8459000015864
1073.4959999972489
1077.209800001583
1118.3766000031028
1079.8839000053704
1075.457800005097
1053.0348000029335
1070.535300001211
1119.7815999985323
1061.930999996548
1057.7835000003688
1086.854699999094
1106.2616000053822
1133.0951000054483
1066.1131000015303
1071.6337999983807
1061.0069000031217
1068.3466999980737
1116.400099999737
1071.6904000000795
1067.8748999998788
1065.0112000002991
1071.2350999965565
1123.6753999983193
1076.5213000049698
1066.923600003065
1070.936600001005
1068.9089000006788
1141.32470000186
1061.2675000011222
1043.359600000258
1072.0004999966477
1056.591299995489
1120.609500001592
1068.0052999960026
1068.6843000003137
1069.6928999968804
1093.9853000018047
1128.6595999990823
1075.5189000046812
1074.0790000054403
1088.3661000043503
1044.0224000049056
1158.9413999972749
1069.0985999972327
1061.428299995896
1072.1602999983588
1061.3395999971544
1139.701400003105
1074.6192000005976
1075.8858999979566
1078.541499999119
1075.439100000949
1137.2391999975662
1063.007500000822
1070.0892000022577
1069.9151999942842
1070.971199995256
1131.2899000040488
1086.6029999961029
1080.7991999972728
1066.0718999934033
1073.6603999976069
1192.42359999771
1070.888100002776
1075.1175999976113
1069.2830999978469
1076.8830999950296
1127.7090000003227
1071.589800005313
1065.9918999954243
1071.6482999996515
1067.36390000151
1133.863899995049
1072.8148999987752
1070.4553999967175
1063.025800001924
1063.2695000022068
1127.5913000063156
1064.8691000023973
1066.2226999993436
1064.9479999992764
1063.8394999987213
1126.3619999954244
1062.5635999967926
1109.6017000018037
1061.700700003712
1127.1128000007593
1133.060200001637
1060.910899999726
1074.2235999932745
1065.7763999988674
1074.6825000023819
1128.6684000006062
1043.7453999984427
1109.2803999999887
1054.6076000027824
1092.5810000044294
1143.238399999973
1057.3288000014145
1075.4658000005293
1065.4059000007692
1112.0381000000634
1167.259699999704
1076.2119999999413
1075.7688999947277
1189.0917999990052
1223.642299999483
1241.891099998611
1137.49149999785
1074.1189000036684
1074.427999999898
1078.0607999986387
1132.932400003483
1104.6954000048572
1071.8099000005168
1073.9069999981439
1075.375399996119
1135.0804999965476
1075.076799999806
1079.0948000067146
1068.7318999989657
1081.6540999949211
1141.4125000010245
1118.7696999986656
1065.9058000019286
1066.9006000025547
1079.8181000063778
1139.1674999977113
1082.7518000005512
1077.6530000002822
1076.442899997346
1070.2946000019438
1128.7938000023132
1074.1120999955456
1078.198399998655
1078.4389999971609
1078.8348999994923
1143.2032000011532
1078.5243999998784
1070.8464999988792
1075.7403999959934
1081.6362999976263
1130.8949000012944
1077.7525000012247
1069.0972999946098
1130.8200000057695
1080.320599998231
1110.1525999984005
1069.874399996479
1147.4959999977727
1114.7393999999622
1045.812999996997
1149.9823999984073
1065.6347999974969
1110.5118000050425
1076.726299994334
1105.6660000031115
1109.0125999980955
1059.9891000019852
1065.700699997251
1109.4041999967885
1085.5658000000403
1131.740400000126
1079.7326000028988
1074.4254999954137
1067.3428999944008
1130.4958000037004
1138.2537999961642
1071.8865999951959
1072.982999998203
1079.163599999447
1064.1978000057861
1128.723899993929
1062.9220999981044
1075.41879999917
1069.5114999980433
1072.5982000003569
1132.369099999778
1073.112799997034
1062.161499998183
1078.8216999935685
1079.8688999930164
1137.8101999944192
1080.736900003103
1074.145500002487
1081.5454000039608
1079.7588999994332
1142.5282999989577
1078.0013999974472
1084.5480000061798
1104.5404999968014
1148.966599997948
1208.5883999970974
1122.3727999968105
1097.3452999969595
1069.2606999946292
1076.7768000005162
1139.4382000071346
1077.5872000012896
1078.7333999978728
1064.731300000858
1077.0685000024969
1139.4247999996878
1079.5899999939138
1064.8841000001994
1099.0185999980895
1047.8205000035814
1133.0990999995265
1095.836299995426
1054.255099996226
1078.2710000057705
1039.9143000031472
1140.0159999975585
1076.3248000002932
1079.066199999943
1067.5460999991628
1148.3846999981324
1117.2659000003478
1068.2554000013624
1063.357699997141
1069.6508999972139
1066.569000002346
1132.6990999950795
1066.896700001962
1052.9478000025847
1042.192500004603
1055.4431999989902
1125.9995000000345
1109.836899995571
1070.73980000132
1035.462699997879
1057.5396999993245
1115.278400000534
1074.2177000065567
1072.798299996066
1067.7942000038456
1131.092900002841
1206.3873000006424
1075.8024999959162
1072.7693000008003
1077.057500006049
1076.0151999929803
1149.9823999984073
1069.4330999976955
1071.442599997681
1082.6115000018035
1074.1497999988496
1134.5538000023225
1074.0345000012894
1064.8317000013776
1085.7079999987036
1054.1830000001937
1113.5358000028646
1071.276000002399
1069.9400999947102
1075.549900000624
1060.3881999995792
1133.1788000024972
1060.8732999971835
1076.6222000020207
1106.4694000015152
1029.0879999956815
1100.9800999963772
1069.8603999990155
1078.8784999967902
1072.055899996485
1059.5305999959237
1126.0777999996208
1074.5913999999175
1090.0408999950741
1088.5477999981958
1032.3311000029207
1102.977099995769
1037.5323999978718
1042.7341999966302
1050.9912000052282
1064.608100001351
1135.8545000039157
1075.7646999991266
1076.559000000998
1080.1169000042137
1082.4636999968789
1129.719999997178
1072.5623999969685
1071.2473999956273
1075.05410000158
1060.5493999973987
1135.412899995572
1068.6962999971001
1066.3103999977466
1069.267700004275
1073.3899999977439
1122.4364999943646
1073.5311999960686
1069.09650000307
1061.5045000013197
1066.1780000009458
1130.2104999995208
1072.9945999992196
1061.8076999962796
1070.1554999977816
1065.1252000025124
1133.2091999938712
1068.6678999991273
1073.7070000031963
1068.9869999987422
1061.945300003572
1130.2338000023155
1069.2835000008927
1067.3211000030278
1062.6983000038308
1060.9244000006584
1144.4120000014664
1065.8306000041193
1064.5229000001564
1060.6837000013911
1035.9032999986084
1128.1051999976626
1064.1486000022269
1066.4872999986983
1062.096300003759
1055.7425999941188
1126.2586000011652
1059.7487999984878
1053.4236999956192
1062.411200000497
1064.8775000008754
1124.5218999974895
1065.2743999962695
1062.175599996408
1065.8277999973507
1063.9467000000877
1126.7047000001185
1069.8827999949572
1061.7150000034599
1074.3140999984462
1073.547599997255
1136.8836000037845
1074.5841000025393
1070.2919000032125
1069.8241999998572
1143.0343000029097
1217.712900004699
1120.249599996896
1071.7547000022023
1096.9672999999602
1120.7010000071023
1155.4278999974485
1100.8617999978014
1074.218000001565
1075.6174000052852
1070.451100000355
1123.2903999989503
1069.4403000015882
1068.67069999862
1062.7064000000246
1066.4505999957328
1131.3574000014341
1068.7679999973625
1074.7989999945275
1070.0718000007328
1071.0764999967068
1134.2663999967044
1072.8299999973387
1046.974600001704
1068.4268000040902
1069.6154000033857
1134.2130999983056
1072.0150000051945
1070.240200002445
1068.7771000011708
1067.159400001401
1120.3589999931864
1069.0275999950245
1067.8372000038507
1065.9505000003264
1069.8784999985946
1106.4552999960142
1066.7705999949249
1065.652700002829
1066.858999998658
1063.3302000060212
1115.5913999973563
1063.815000001341
1059.8334000023897
1048.404200002551
1106.5306000018609
1113.2642000011401
1061.4265999975032
1057.2154999972554
1078.7743000037153
1069.3817999999737
1112.489099999948
1054.9676999944495
1068.235700004152
1064.2531999983476
1107.446499998332
1149.5366000017384
1068.5060000032536
1074.4466000032844
1038.8034999996307
1048.2168000016827
1113.891600005445
1093.013300000166
1077.2482000029413
1069.5902000006754
1066.6984999988927
1120.2069999999367
1062.2917000000598
1066.367600004014
1087.8693999984534
1106.514300001436
1118.6195999980555
1102.248300005158
1075.0954000031925
1130.9666000015568
1091.8380000002799
1124.2883000013535
1072.4235000016051
1071.0679000039818
1063.1670000002487
1072.467099998903
1135.8579000007012
1063.9331999991555
1089.0020000006189
1098.6384000061662
1045.1493000000482
1142.3522000040975
1128.9544999963255
1069.4411000004038
1072.5792000012007
1069.4502999976976
1131.4434000014444
1071.1281999974744
1069.3504000009852
1066.641500001424
1067.319599998882
1143.7645999976667
1067.7310999963083
1060.8651000002283
1069.5048999987193
1074.2836000063107
1177.8972999964026
1066.6376000008313
1073.889599996619
1063.8958999988972
1072.2709999972722
1131.1346000002231
1069.2084999973304
1068.073499998718
1067.9357999979402
1068.485800002236
1183.6441999985254
1061.8519999989076
1067.5320000009378
1070.608900001389
1069.3106000035186
1127.7891000063391
1060.8151000051294
1073.921600000176
1068.1065000026138
1061.9341999990866
1132.944500001031
1129.8700999977882
1069.8161000036635
1080.0518999967608
1079.9888000037754
1134.8579000041354
1073.2185000015306
1068.3931000021403
1081.7525000020396
1093.033099998138
1192.580100003397
1070.662899997842
1065.225600003032
1067.850700004783
1066.9753000038327
1131.2286999964272
1069.9612999960664
1114.8697000026004
1056.4203999965684
1103.1602999937604
1122.6926999952411
1072.5214999984019
1056.8034999960219
1056.1000000016065
1077.5639999992563
1115.6704999957583
1056.1305999945034
1048.60870000266
1052.2624000004726
1083.8351999991573
1122.2444999948493
1038.8309999980265
1080.2149999944959
1071.4816999970935
1087.7246999953059
1130.431999998109
1050.0631000031717
1050.0844999987748
1058.9884000000893
1059.6870000008494
1111.1670000027516
1030.9835999942152
1064.5640000002459
1060.595099996135
1063.921399996616
1122.5846000015736
1060.120200003439
1071.181899998919
1059.6894999980577
1063.9924999995856
1123.7944999957108
1062.542100000428
1067.7044999974896
1095.0169999996433
1064.7116000036476
1135.1948000010452
1055.35830000008
1062.9286000039428
1059.9274999985937
1058.9561000015237
1127.4664000011398
1065.976599995338
1069.0767999985837
1064.8407000044244
1067.3765000028652
1129.236700006004
1073.6497000034433
1063.521199997922
1070.234500002698
1067.02850000147
1127.872600001865
1078.3833999958006
1034.2709999968065
1065.4714000047534
1066.4811999959056
1116.4153999998234
1079.2402000006405
1113.4563000014168
1097.3538999969605
1069.314200001827
1128.9084000018192
1069.0161000020453
1065.4664000030607
1066.1640000034822
1067.7705999987666
1095.6799999985378
1060.8165999947232
1077.6622999983374
1128.6513000013656
1045.2234000040335
1162.3761000009836
1096.0206000017934
1066.4397000000463
1066.3563999987673
1070.5910000033327
1131.653100004769
1063.9671999961138
1062.8883999961545
1059.756800001196
1064.4160000010743
1143.1216999990284
1119.5665999985067
1068.0471999949077
1057.573300000513
1035.5172000054154
1113.1103000006988
1047.985900004278
1049.4375999987824
1062.9039999985253
1066.187299999001
1135.738400000264
1064.833299999009
1039.5127000010689
1091.8087999962154
1051.692400003958
1121.5045999997528
1061.6286999938893
1058.5885000036797
1066.8378999980632
1067.5158000012743
1127.1736999988207
1065.1893999965978
1068.634800001746
1057.8771000000415
1069.6380000008503
1140.6076999992365
1120.6993000014336
1131.62800000282
1066.968999999517
1069.0297999972245
1127.1530999947572
1072.5687999947695
1070.8128000042052
1056.3311000005342
1053.2086000021081
1134.1542999944068
1058.9840999964508
1048.8194999998086
1054.8426000023028
1129.0749999971013
1142.1367000002647
1061.8493000001763
1115.133599996625
1074.8463999989326
1066.4656999942963
1098.4062000061385
1064.0993999986676
1118.9582999941194
1088.0818000005092
1066.4525000029244
1138.4862999984762
1094.5707999999286
1068.125300000247
1066.3766999932704
1063.599000000977
1126.3103000019328
1054.9642000041786
1068.338400000357
1066.2287999948603
1067.4096000002464
1121.4113000023644
1063.7922000023536
1062.1524000016507
1066.046699997969
1054.7337999960291
1123.5745000012685
1071.5853000001516
1051.687099999981
1045.2661999952397
1079.163199996401
1122.4825999961467
1054.1930999970646
1068.1368000005023
1061.4194000008865
1055.5615999983274
1123.5795000029611
1079.0427999963867
1059.7693000017898
1061.7484000031254
1064.919700002065
1125.0921999962884
1057.6241000017035
1065.8843999990495
1070.0912000029348
1064.8511000035796
1159.6977000008337
1066.625199993723
1102.304500003811
1108.6699000006774
1148.6338999966392
1167.6032000032137
1107.2663999948418
1070.171699997445
1060.7917000015732
1068.332900002133
1129.1552999973646
1067.753499999526
1060.094400003436
1065.0330999997095
1066.1461999989115
1130.9236000015517
1067.8842999986955
1057.9537000012351
1072.2053999998025
1068.2061000043177
1127.2151000011945
1066.3869999989402
1063.9091999983066
1046.9729000033112
1047.8492999973241
1126.8280999938725
1093.3379999987665
1059.00660000043
1079.381800002011
1063.2264000014402
1146.7711999939638
1069.5132999971975
1091.9856000036816
1110.3198999990127
1070.7441000049585
1130.0944999966305
1075.47959999647
1074.2630000022473
1073.3804000046803
1073.7472999971942
1122.188900000765
1117.3345999995945
1069.511900001089
1068.5960999981035
1071.9701999987592
1149.0846999950008
1073.7541999988025
1073.8790999967023
1071.1179999998421
1070.1983000035398
1122.9039000027115
1069.8449000046821
1073.0688000039663
1071.0628000015276
1048.9531999992323
1204.31059999828
1103.372900004615
1094.895300004282
1047.4510999993072
1088.3368000068003
1145.250199995644
1076.1609000037424
1070.4527999987477
1067.7839999989374
1044.4694999969215
1141.1492999977781
1077.4797999984003
1079.318999996758
1107.7184999958263
1081.403100004536
1129.4492000015453
1127.330700001039
1071.9029000028968
1060.941300005652
1072.0954999997048
1115.1542000006884
1102.2797000041464
1079.8681999949622
1080.652699994971
1091.4125999988755
1181.0811000032118
1074.8865000059595
1062.065400001302
1067.1437999990303
1065.7808999967529
1135.9033999979147
1063.8776999985566
1061.061599997629
1057.7664000011282
1060.7281000047806
1126.9459999966784
1054.8211999994237
1060.9205000000657
1063.825099998212
1062.1208999946248
1129.8781000004965
1074.0617999981623
1068.249800002377
1065.5901999998605
1055.8130999997957
1198.523799997929
1073.4518999961438
1070.5152000009548
1074.7046000033151
1069.1549999974086
1132.2069999951054
1071.5676999971038
1071.2280000007013
1073.4090999976615
1074.0708000012091
1136.0104000050342
1072.4824999997509
1064.1643999988446
1072.5669999956153
1068.9105999990716
1133.7862000000314
1072.1365999997943
1068.1735999969533
1069.892700004857
1044.7973999980604
1119.9785999997403
1071.8055999968783
1076.357600002666
1071.8868999974802
1068.2631999952719
1132.8892999954405
1055.546099996718
1050.8583999981056
1087.6148000024841
1067.1004999967408
1131.4955000052578
1073.1632999959402
1061.266800003068
1069.3812999961665
1048.468299995875
1131.8977999981144
1077.2484000044642
1045.8988000027603
1058.045800004038
1056.146799994167
1124.5628999968176
1065.5266000030679
1059.814500003995
1066.7462999990676
1065.1893000031123
1123.9483999961521
1063.1783999997424
1059.7275999971316
1065.7161999988602
1102.8702999974485
1130.3104999969946
1071.9105999960448
1071.4482000039425
1047.2340999986045
1137.925399998494
1176.5649000008125
1061.6264000054798
1070.5205999984173
1070.8368999985396
1063.4588999964762
1128.1750999987707
1077.5216999973054
1103.6650000023656
1071.1143000007723
1076.3507000010577
1105.0179000012577
1073.1366999971215
1094.929199993203
1135.4359000033583
1082.7502000029199
1133.48290000431
1050.638799999433
1105.7016999984626
1074.1580999965663
1072.3078000009991
1113.860699995712
1069.6641000031377
1060.7520999983535
1071.112900004664
1067.6819999935105
1120.799900003476
1070.7005000003846
1068.8157999975374
1063.1731999965268
1071.6735000023618
1135.2401000040118
1069.165900000371
1074.62790000136
1067.3906999945757
1066.7824999982258
1130.8617999966373
1072.055899996485
1078.3542999997735
1051.8146000031265
1064.8848000055295
1126.5593999996781
1060.094600004959
1066.6884999955073
1072.199999995064
1130.031400003645
1219.4903000054182
1074.1076999984216
1054.2876000035903
1103.8970999943558
1067.0816999991075
1112.3328999965452
1063.966600006097
1054.006099999242
1072.1702000009827
1092.1455999996397
1134.4214999990072
1122.47650000063
1102.4459000036586
1100.1902999996673
1142.6662000012584
1148.7270999932662
1064.1367999996874
1068.9835000011954
1083.2641000015428
1102.263499997207
1180.8931000050507
1038.6257999998634
1051.457900000969
1069.2473000017344
1074.2553999953088
1134.7983999949065
1074.6243999965372
1061.2939999991795
1061.5530999930343
1100.9758000000147
1107.5377000015578
1064.3806999942171
1077.27039999736
1060.288100001344
1060.334599998896
1126.4852000022074
1065.6223000041791
1063.9185999971232
1070.964799997455
1082.472099995357
1137.8122000023723
1072.475900000427
1076.2036000014632
1086.2248999983422
1073.8962000032188
1136.8118000027607
1072.0243999967352
1066.4863999991212
1071.3025000004563
1067.841000003682
1132.1891999978106
1069.938499997079
1062.3875000019325
1072.4326000054134
1080.6019000010565
1125.7617000010214
1064.0740999951959
1064.4650000031106
1063.7258999995538
1061.8697000027169
1118.3203000036883
1062.898199998017
1064.8784000004525
1066.580900005647
1061.266999997315
1119.0866000033566
1065.1472999961697
1062.1523000008892
1052.4128999968525
1057.1995999998762
1123.494599996775
1067.4413000015193
1072.5370000000112
1072.758900001645
1072.092700000212
1127.5333000012324
1111.0742000018945
1140.8117000028142
1075.1897000009194
1073.8886000035563
1131.1160999975982
1109.5220999995945
1082.62570000079
1072.5811000011163
1074.0587999971467
1170.9206999948947
1086.376699997345
1073.0963999958476
1087.5547000032384
1066.0018999988097
1123.5871000026236
1050.3074000007473
1050.2187000020058
1087.0951000033529
1133.7874999953783
1139.6920999977738
1130.6917000038084
1053.2461000038893
1077.0548000000417
1069.626700002118
1108.9663000020664
1075.3174999990733
1071.1899000016274
1079.3399999965914
1067.8530000004685
1139.4723000048543
1074.3727999943076
1078.9218999998411
1097.5413999985904
1094.3199999965145
1142.1335000050021
1072.782700000971
1084.5917999977246
1076.4859999981127
1079.058499999519
1131.315699996776
1065.4705999986618
1072.0424999963143
1074.6947000006912
1037.8626000019722
1136.9234000012511
1059.6829000060097
1074.2642000041087
1065.0327999974252
1069.494699993811
1127.9687000060221
1067.1526000005542
1070.0512000039453
1059.5447000014246
1067.2861999992165
1123.757100001967
1074.4114000044647
1071.643099996436
1066.1275000020396
1073.6669999969308
1124.4533000062802
1071.64929999999
1073.2047999990755
1075.312799999665
1072.9847000038717
1125.0738000017009
1072.487599994929
1073.0752000017674
1087.439800001448
1074.815200001467
1125.3781999985222
1075.9760000000824
1123.0128000024706
1070.9582999988925
1120.057000000088
1126.3019999969401
1074.8477000015555
1042.2581000020728
1151.9986999992398
1051.0384000008344
1118.2600000029197
1075.8611999990535
1073.396200001298
1076.9493999978295
1079.7294999938458
1133.6108000032254
1067.1923999980208
1066.4544999963255
1062.4202000035439
1048.2852999994066
1143.2796000008238
1067.5201000049128
1065.1866999978665
1073.9238999958616
1057.5413999977172
1122.8555999987293
1062.5075999996625
1069.5467999976245
1074.4632999994792
1063.8277999969432
1137.0922999994946
1075.4309000039939
1071.1546999955317
1068.7643999990541
1061.5172000034363
1134.7967999972752
1071.6761000003316
1072.7796999999555
1072.8295000008075
1063.2920999996713
1136.0590000040247
1064.5612000007532
1050.716999998258
1071.8418000033125
1068.2344999950146
1125.117700001283
1069.609699996363
1070.2403999966918
1059.3391000002157
1060.8068000001367
1132.8730000022915
1064.877600001637
1057.347000001755
1071.4075000068988
1072.513799997978
1138.0611999993562
1063.2676999957766
1049.5814999958384
1059.787400001369
1071.3567000057083
1169.3364000020665
1063.5179999953834
1070.7249999977648
1066.4344999968307
1065.3619000004255
1126.2216999966768
1057.7670999991824
1062.5384999948437
1068.5843000028399
1061.952800002473
1126.922999996168
1055.296600003203
1063.0134000020917
1064.676199996029
1069.8222999999416
1128.4802000009222
1078.1776000003447
1056.2900000004447
1062.511700001778
1072.2271999984514
1126.9862999979523
1074.1637000028277
1067.5506999978097
1090.303099997982
1073.527100001229
1157.3550999964937
1073.7666999993962
1074.5838999937405
1071.3372999962303
1071.1951999983285
1138.2406999982777
1073.281600001792
1073.617900001409
1071.5536999996402
1074.5423000043957
1136.140400005388
1071.0650000037276
1039.3725999965682
1056.994799997483
1063.419199999771
1133.2852999985334
1061.2016000013682
1070.0476999991224
1128.3325999975204
1167.4541000029421
1194.3176999993739
1068.9051000008476
1069.144300003245
1072.7300999933504
1061.0366000037175
1132.660000002943
1064.7322000004351
1067.3333000013372
1068.2086999950116
1063.9384999958565
1185.200400002941
1081.5673999968567
1071.637399996689
1070.4100000002654
1058.93919999653
1129.0768999970169
1113.057700000354
1065.877900000487
1060.6192000050214
1059.8819999941043
1164.8523999974714
1126.6436000005342
1111.9495000020834
1034.7225000004983
1043.3759999941685
1102.2509000031278
1030.603200000769
1037.1286000008695
1059.8285000014585
1064.8905000052764
1122.5851000053808
1059.4004000013229
1055.1630999980262
1064.6861999994144
1082.1684999973513
1134.2471999960253
1072.978799995326
1064.5807999972021
1068.1106999982148
1064.9803999986034
1127.8569999994943
1036.3004000028013
1062.4884999997448
1077.361399999063
1090.8494000032078
1163.568199997826
1072.9418999981135
1069.5985999991535
1074.7921000001952
1068.984300000011
1131.59469999664
1062.5276999999187
1093.544799994561
1104.6076000056928
1045.9635000006529
1127.9218999989098
1067.7395000020624
1071.248000000196
1045.523200002208
1065.4923999973107
1132.8269999939948
1070.1164999991306
1070.1269999990473
1072.2698000026867
1107.9567999986466
1104.2760999989696
1070.1383000050555
1047.2793000008096
1046.2643999999273
1067.0614999980899
1123.7492000000202
1071.010199993907
1072.9282999964198
1074.3331999983639
1072.9380999982823
1119.996200002788
1072.5282999992487
1063.7784999998985
1069.3859000020893
1034.2108000040753
1190.1410999998916
1063.433299997996
1068.3720000015455
1075.4438000003574
1066.5535000007367
1188.1582999994862
1083.6786999934702
1079.3306999985361
1054.8077000057674
1086.8077999984962
1198.466300003929
1146.809600002598
1119.7670999972615
1069.6277000024565
1068.6588999960804
1129.201899995678
1062.2732999981963
1068.1791000024532
1072.8202999962377
1071.0760000001756
1128.5896000044886
1084.3828999932157
1042.0946999947773
1101.2917999978526
1071.0032999995747
1134.6992999970098
1060.6795999992755
1066.1292000004323
1065.6425999986823
1069.1204000031576
1125.4155999995419
1059.924499997578
1064.6627999958582
1050.390199998219
1054.86799999926
1198.8378999958513
1131.4939000003505
1049.9646999960532
1074.4277999983751
1074.7459000049275
1244.1256000020076
1093.4753000037745
1073.8540999955148
1067.2122999967542
1073.3431999979075
1123.4860000040499
1076.2739999991027
1073.0193999988842
1073.3323999957065
1085.946300001524
1131.4826000016183
1065.8350000012433
1057.8697999953874
1072.7820999964024
1071.9039000032353
1137.0070999983
1065.7745999997132
1070.7242000062251
1070.0319000025047
1045.2476999998908
1114.5078999979887
1058.7433999971836
1085.489699995378
1071.7386999967857
1074.3536000009044
1131.0202999957255
1064.7580000004382
1073.2022999945912
1096.904899997753
1073.9192999972147
1134.8492999968585
1063.6147000041092
1070.4437999957008
1068.2597999984864
1070.813000005728
1135.0167999989935
1059.5923000000766
1081.9711000003736
1037.0806999999331
1045.674599998165
1096.076500005438
1055.340700004308
1062.6897999973153
1065.8102000015788
1062.2379999986151
1137.7009999996517
1040.3925999999046
1069.4748999958392
1041.7121999998926
1065.4468000066117
1129.459700001462
1051.545599999372
1080.479899996135
1039.6509999991395
1135.3621000016574
1109.0183999986039
1084.3307000031928
1065.5076000039116
1067.591099999845
1059.894300000451
1172.671000000264
1068.756000000576
1069.3803999965894
1062.9730000000563
1058.9017000020249
1122.6402000029339
1057.050600000366
1066.3854000013089
1067.6327000037418
1060.1405999987037
1132.3111000019708
1065.922400004638
1073.0800999954226
1072.418199997628
1062.9775000052177
1132.1191000024555
1104.2719000033685
1043.7563999948907
1073.1578000049922
1062.9993999973522
1134.9737999989884
1069.9291999990237
1073.1326999957673
1066.660000004049
1067.7550000036717
1128.4975000016857
1067.016600005445
1065.8044000010705
1066.5260000023409
1064.9731000012252
1129.2242999988957
1084.6411999955308
1065.8260000054725
1062.611299996206
1072.3582999999053
1135.7518000004347
1071.5656000029412
1064.069300002302
1041.10120000405
1049.7346999982256
1122.2412000061013
1070.8692999978666
1065.2521000010893
1070.2936999950907
1070.524500006286
1129.953800002113
1070.459700000356
1060.6263000008767
1068.1609000021126
1066.0254000031273
1125.400400000217
1061.2595999991754
1098.0567000005976
1084.1150999985985
1059.810099999595
1115.7886000000872
1043.6296000043512
1036.6835999957402
1083.9663000006112
1093.6908000003314
1124.5727999994415
1040.4587000011816
1063.8219000029494
1064.9166000002879
1063.8914000010118
1127.5700999976834
1071.2414999943576
1068.3812999996007
1070.7465999948909
1068.2237000000896
1133.2800000018324
1062.3171999977785
1070.5428999935975
1066.3012000004528
1056.5212000001338
1125.9824000007939
1069.3314999953145
1059.7173999994993
1067.8856000013184
1068.6301000023377
1125.0189000056707
1069.5116999995662
1067.896100001235
1070.1588000010815
1071.517500000482
1135.982599997078
1072.1258000048692
1070.2057000016794
1067.738300000201
1064.0844000008656
1128.884300000209
1068.473899998935
1069.8158999948646
1098.6798999947496
1071.7055999994045
1135.1648999989266
1061.9675000052666
1072.9146000012406
1074.8224999988452
1072.2489000036148
1134.6159000022453
1062.6856000017142
1073.2625000018743
1069.15840000147
1074.7046000033151
1137.5459999981103
1058.2052000027034
1087.6481000013882
1109.8019999990356
1084.0687999952934
1127.2133000020403
1105.8451999997487
1156.092900004296
1145.4236999998102
1122.2123999978066
1190.3243999986444
1080.836499997531
1071.699100000842
1085.5635999978404
1104.6110999959637
1177.8533999968204
1049.0071999956854
1088.6851999966893
1072.8917000014917
1090.0641000043834
1123.4866000013426
1060.9836999938125
1060.652599997411
1058.7646999993012
1052.8338000003714
1126.1573000010685
1062.8280999953859
1062.5897999998415
1065.775000002759
1054.338399997505
1126.4228000000003
1059.053799996036
1064.5163000008324
1065.2695000026142
1057.5164999972912
1130.153899997822
1068.782199996349
1067.4976000009337
1033.0191999964882
1031.0375999979442
1112.8941000060877
1048.2513000024483
1061.227999998664
1125.918099998671
1065.7396000024164
1135.4167000026791
1068.7558999998146
1072.8927000018302
1070.054900003015
1060.1087999966694
1136.3438999978825
1120.5858000030275
1104.0960999962408
1048.9140999998199
1045.9247999970103
1129.6072999975877
1058.643899996241
1070.9201999998186
1073.937000001024
1064.3958000000566
1136.096299997007
1069.582199997967
1068.7838999947417
1074.4393999993918
1045.016600000963
1132.0676999966963
1068.7846000000718
1071.4539999971748
1069.172299998172
1073.228300003393
1125.7448999967892
1068.6939999941387
1064.2864999972517
1063.921200002369
1071.5219999983674
1138.5317999956897
1055.8063999997103
1072.9357000018354
1069.7213000021293
1061.4103999978397
1107.6995999974315
1060.781499996665
1057.2749000057229
1065.9317999961786
1068.8250000021071
1116.4055000044755
1068.266999995103
1064.825599998585
1060.653900000034
1068.5426999989431
1124.5408000031603
1067.1598999979324
1062.9333000033512
1066.919400000188
1059.4868999978644
1126.0063000008813
1059.7121000027983
1065.5709999991814
1059.2667000018992
1064.0903999956208
1123.4651999984635
1057.357999998203
1052.549199994246
1039.2468000063673
1055.8831000016653
1096.338499999547
1054.4090000039432
1058.557500000461
1067.4853999953484
1067.4677999995765
1120.4775999940466
1069.2441999999573
1066.8814000018756
1063.99059999967
1067.7184000014677
1130.494799996086
1066.8561000056798
1074.308800001745
1067.531799999415
1051.0562999988906
1158.0088999980944
1137.6395000042976
1044.6679000015138
1076.0511999978917
1064.663000004657
1122.7006999979494
1066.3026999973226
1113.7346000032267
1084.4802999999956
1085.091499997361
1154.3799999999464
1037.7416999981506
1072.5965000019642
1060.1910999976099
1051.5032000039355
1140.2096999954665
1064.610300003551
1118.2493000014802
1056.090399993991
1079.2739000025904
1161.9332999980543
1050.2429000043776
1056.150099997467
1069.804300001124
1068.9456000036444
1123.8624999969034
1068.3915999979945
1080.9303999994881
1099.25650000514
1066.635100003623
1152.6591000001645
1067.8351999958977
1064.9532999959774
1076.7572000040673
1104.3570000038017
1154.1223000022
1044.38189999928
1058.1067999955849
1053.5565999962273
1062.3504000031971
1126.0399999955553
1076.004100003047
1060.5072000034852
1074.5282999996562
1042.8563999957987
1136.015200005204
1106.090100001893
1062.9015999948024
1088.9695999940159
1064.2363000006299
1114.1614000007394
1064.2367000036757
1058.241700004146
1062.9723999954876
1062.074000001303
1129.9001000006683
1063.044999995327
1064.0655999959563
1061.630199998035
1065.4607000033138
1121.4758999994956
1063.8782000023639
1064.601500002027
1041.5643000014825
1064.3053999956464
1123.9569000026677
1068.9610999979777
1063.7831999993068
1065.0838000001386
1063.4655000030762
1124.9833999972907
1040.0765000013052
1056.173700002546
1072.924600004626
1114.602299996477
1189.5876999988104
1026.031100002001
1051.6779999961727
1059.3012000026647
1066.9600000037462
1115.0637999962782
1069.5678999982192
1064.6627000023727
1069.1823000015575
1059.8210000025574
1095.6150999991223
1061.4060000007157
1065.545800003747
1082.2302000015043
1142.348999994283
1131.6915999996127
1068.6255000036908
1071.3507999971625
1078.8195000059204
1059.2994000035105
1127.3775000008754
1046.2178999950993
1061.264600000868
1066.770199999155
1068.4048000039184
1129.1561999969417
1067.5800999961211
1069.052200000442
1059.5343000022694
1067.3645999995642
1130.9798000002047
1058.2511000029626
1060.4856999998447
1065.050400000473
1065.310199999658
1122.4386999965645
1060.0092000022414
1064.2071000038413
1063.105799999903
1061.915099999169
1121.261799999047
1053.8200000009965
1060.0227000031737
1064.5813999944949
1044.8064000011072
1137.9521999988356
1061.520900002506
1037.5593999997363
1028.4955000024638
1076.0324000002583
1162.2407999966526
1086.560299998382
1057.7878999974928
1067.2690999999759
1066.9630999982473
1128.692400001455
1058.6670000047889
1064.8939000020619
1063.9852000022074
1062.6425000009476
1114.1036999979406
1063.9196999982232
1049.7203999984777
1070.7413999989512
1068.0842000001576
1135.888500000874
1056.6203000053065
1037.8951999955461
1071.9492999996874
1074.9283000041032
1133.6789000051795
1071.3881999981822
1036.069600006158
1142.2600000005332
1135.301400005119
1122.4476999996114
1066.9806000005337
1071.5248999986215
1058.6605999997118
1068.3882999946945
1148.1210999991163
1057.7411999984179
1059.725899998739
1087.70160000131
1059.1382999991765
1122.6949999982025
1060.1175999981933
1054.6076000027824
1065.473100003146
1065.0700999976834
1133.2533000022522
1101.7786000011256
1067.8737999987788
1087.5680000026478
1095.2691999991657
1129.2509000049904
1035.3717999969376
1037.7034000048297
1123.9783999990323
1072.5187999996706
1129.502700001467
1070.6996000008075
1070.8183000024292
1134.5555000007153
1091.4696999971056
1132.5566999948933
1060.2141999988817
1067.0641999968211
1069.3955999959144
1079.0963000035845
1152.5125999978627
1066.4483000000473
1069.1038000004482
1068.5041999968234
1070.0953999985359
1122.3286999957054
1047.2368000046117
1065.9301999985473
1073.3311000003596
1075.0744999968447
1118.0321000065305
1071.1991999996826
1069.9047000016435
1072.9836000027717
1069.43119999778
1129.3201000007684
1057.9235999975936
1052.4552999995649
1099.568999998155
1110.31379999622
1163.253500002611
1059.7683000014513
1030.8210000002873
1049.7364000038942
1094.3413000059081
1112.3220000008587
1068.3446000039112
1068.525899994711
1071.619999995164
1069.7856999977375
1117.4425999997766
1052.675699997053
1067.0347999985097
1035.490000002028
1161.4781999960542
1180.9809999977006
1106.132399996568
1043.9063000012538
1066.3580000036745
1069.564099998388
1105.4436999984318
1061.6956999947433
1063.3568999983254
1082.830899998953
1080.065599999216
1140.9421999996994
1081.4900000041234
1072.4850999977207
1117.4491999991005
1084.5498999988195
1114.9368999977014
1051.0798999966937
1096.3658999971813
1074.9603000003844
1053.460900002392
1124.7225999977672
1052.936200001568
1032.1669000040856
1115.533600001072
1071.594200002437
1125.9823000000324
1063.884600000165
1051.628499997605
1064.2117000024882
1062.9919999992126
1129.664000000048
1044.9816000036662
1063.0541999998968
1078.18319999933
1066.3663000013912
1114.8284999944735
1061.0333000004175
1061.2607000002754
1065.4985000001034
1062.189699994633
1121.9605000005686
1151.4135000034003
1076.1745999989216
1085.8930999966105
1072.539400003734
1130.3705999962403
1058.0364000052214
1068.0448999992223
1068.2534000006854
1064.5154000012553
1139.0233999991324
1070.5973000003723
1073.1268000017735
1069.1446999990148
1066.798200001358
1131.675999997242
1070.578499995463
1069.1184000024805
1067.055600004096
1065.616100000625
1128.5493000032147
1069.8714999962249
1058.1273999996483
1066.453100000217
1067.330600002606
1121.0802999994485
1068.7985999975353
1072.2384999971837
1069.7571000055177
1073.0806999999913
1128.7505000000237
1072.613199998159
1065.0294000006397
1067.0440000030794
1065.3258999955142
1130.3785000054631
1060.575699993933
1055.0245000049472
1066.8604000020423
1060.7534000009764
1125.0448999999207
1054.9627999935183
1070.6741999965743
1067.0319000055315
1136.2720000033733
1117.4279999977443
1063.569500001904
1044.6394000027794
1070.8402000018395
1062.357000002521
1126.2868000048911
1070.521399997233
1065.5182999980752
1063.7682000015047
1044.028199998138
1145.1880999957211
1066.9674000018858
1069.9547000040184
1060.6230999983381
1075.800499995239
1129.4751000023098
1066.392700005963
1053.3533999987412
1119.9665000021923
1068.3874000023934
1129.7177000014926
1093.3517000012216
1069.0950999996858
1064.319199998863
1072.8279000031762
1100.5595000024186
1056.0777000064263
1066.153600004327
1059.7434000010253
1068.967100000009
1137.4251000015647
1063.9354000013554
1052.050700003747
1064.0088000000105
1067.8962000019965
1126.3080999997328
1063.2658999966225
1060.7832000023336
1063.9400000000023
1057.4380999969435
1119.3242000008468
1050.7079000017256
1061.9237999999314
1061.4723000035156
1061.8647000010242
1113.640800002031
1065.6783999947947
1070.5796999973245
1063.9478000011877
1057.1691000004648
1127.7602999980445
1069.2902999944636
1043.9480999993975
1070.27879999805
1074.7849000035785
1135.1577000023099
1059.1566000002786
1072.0027999996091
1067.397599996184
1068.9153999992413
1132.1035000000848
1068.1302999946638
1068.2719000033103
1066.0277999995742
1067.8925000029267
1127.4708000055398
1069.40079999913
1068.2296000013594
1062.4310000057449
1071.8163999990793
1133.3526000016718
1072.522000002209
1139.9194999976316
1097.5753999955487
1120.6424000047264
1142.5833000030252
1066.4841000034357
1071.6047999958391
1068.933599999582
1069.3582000021706
1128.4725000004983
1071.0980000003474
1065.2045999959228
1065.1453999962541
1037.5025000030291
1148.3051999966847
1067.9000000018277
1082.4900000006892
1081.2770999982604
1061.7936000053305
1123.033799995028
1090.0513000015053
1070.5883000046015
1053.1453999938094
1067.3196999996435
1144.0304999996442
1071.6935000018566
1032.3002000004635
1062.8021000011358
1068.0943999977899
1128.687299999001
1068.9325999992434
1071.6031999982079
1064.5969000033801
1053.730399995402
1143.0699999982608
1057.6558999964618
1075.441499997396
1074.9267999999574
1122.176099997887
1130.1935999945272
1065.7322999977623
1084.6011999965413
1061.0391000009258
1077.4864999984857
1093.4930000003078
1035.2175000007264
1059.7651999996742
1067.9148999988683
1050.9402000025148
1101.8855000002077
1027.4973999985377
1060.7033999986015
1056.4902999976766
1036.3144999937504
1084.3261000045459
1050.063599999703
1063.2306999978027
1082.5362999967183
1076.6438000064227
1158.1977000023471
1103.5308000064106
1141.985799993563
1072.2557999979472
1059.7177000017837
1127.6753999991342
1060.4801000008592
1062.1121000003768
1060.752199999115
1047.2875000050408
1107.6268000033451
1034.16709999874
1061.5571000016644
1052.545899998222
1059.3564000009792
1121.9268000058946
1061.3188999996055
1053.3607000033953
1033.0073000004631
1040.9455000044545
1173.4868999992614
1042.2451999984332
1063.0232999974396
1069.2798999953084
1067.503799997212
1121.013199997833
1053.4346999993431
1061.2084999957005
1039.4616999983555
1048.2301999945776
1090.401200002816
1062.8538000019034
1062.616600000183
1064.681500000006
1061.4274999970803
1122.844299999997
1051.0690000010072
1059.818900001119
1061.5520000064862
1047.003699997731
1119.1954000023543
1040.3351999993902
1052.5609999967855
1056.6109999999753
1060.1937000028556
1123.6639999988256
1061.9925999999396
1059.6987000026274
1055.8626999991247
1073.3308999988367
1112.311500000942
1100.2079000027152
1051.0043000031146
1032.1043000003556
1156.4787000024808
1152.3230000020703
1062.7394999974058
1064.4895000004908
1067.6206000061939
1066.4894000001368
1113.8269000002765
1059.0396000043256
1066.9794999994338
1067.3443999985466
1064.1237999952864
1131.7705000037677
1064.4132000015816
1060.6561000022339
1063.1538000016008
1063.840099996014
1124.6793999962392
1069.4101000044611
1068.4719999990193
1065.441999999166
1057.831999998598
1125.2922999992734
1062.0175000003655
1062.0334999985062
1060.629700004938
1060.6824999995297
1123.8580999997794
1055.7705999963218
1064.098599999852
1061.1981000038213
1064.5631999941543
1124.2801999978838
1063.0602999954135
1063.9965000009397
1059.911500000453
1058.0692000003182
1107.3851000037394
1055.8315999951446
1052.016099994944
1060.2995000008377
1060.3881999995792
1121.41469999915
1055.7283000016469
1062.7887999944505
1062.0720000006258
1061.1572999987402
1123.4566000057384
1062.4785000036354
1063.9783000005991
1061.3967000026605
1060.9384999988833
1111.434599995846
1061.857599997893
1053.5721000051126
1062.9582999972627
1060.3143999978784
1124.5773999980884
1061.9470999954501
1062.9435000009835
1100.0195999949938
1059.540599999309
1127.724699996179
1084.5913000011933
1060.665600001812
1061.1728000003495
1076.2883000061265
1105.738799997198
1063.5121000013896
1058.0110999944736
1062.9088999994565
1054.318800001056
1114.6621000007144
1053.323599997384
1097.0550999991246
1125.8397999990848
1103.3457999947132
1154.5879999976023
1071.0181000031298
1057.401199999731
1125.8807000049273
1058.809400004975
1119.9930000002496
1061.9237999999314
1057.5346999976318
1058.496899997408
1054.9313000010443
1106.7537999988417
1052.565300000424
1054.8775999995996
1056.7854999972042
1073.6730999997235
1092.3076000035508
1057.252200000221
1058.9917000033893
1056.5612999998848
1070.8117999965907
1140.069200002472
1052.3500999988755
1061.4687999986927
1030.1191999969888
1048.7719000011566
1101.2187999949674
1051.6346000003978
1060.861300000397
1065.7222000008915
1056.5625000017462
1124.3247000020347
1065.983899999992
1065.575100001297
1063.8894000003347
1060.7216999997036
1122.1528000023682
1129.3466999995871
1067.8511000005528
1057.0163000011235
1061.5930999992997
1124.816000003193
1052.163999993354
1031.476100004511
1032.0782000053441
1053.8585000031162
1169.8886000012862
1052.8754999977536
1050.4125999941607
1056.3152999966405
1052.9716000019107
1113.1858000007924
1052.5119999947492
1052.9119999991963
1089.2314999946393
1039.2879999999423
1112.4081000016304
1053.5877000002074
1051.0550999970292
1054.473500000313
1059.8723000002792
1128.1167999986792
1061.1906999984058
1066.9089000002714
1074.406200001249
1130.4725000009057
1094.251800001075
1062.1833999975934
1041.2934999985737
1052.1022000029916
1054.295900001307
1113.706700001785
1052.549399995769
1044.949600000109
1042.9731999975047
1054.2129000023124
1117.9025000019465
1027.1315000063623
1039.9897999959649
1061.0479999959352
1058.077099994989
1116.903200003435
1058.7971999993897
1056.8150999970385
1060.9205000000657
1065.589199999522
1120.2707999982522
1066.1129000000074
1052.8498999992735
1082.574599997315
1063.3562000002712
1124.9948000040604
1061.4686999979313
1061.835999993491
1063.510399995721
1065.0604999973439
1122.1718000015244
1062.174300001061
1062.5851000004332
1062.0449999987613
1062.4327000041376
1094.7176999980002
1056.9763999956194
1031.6744999945513
1037.5175000008312
1038.5796999980812
1115.5537000013283
1045.7074000005377
1059.4067000056384
1127.0866000049864
1028.052599998773
1191.7845999996644
1061.173800000688
1056.563999998616
1050.8651999989524
1058.3485000024666
1110.4973000037717
1057.5215999997454
1056.9171000024653
1063.2943999953568
1059.7239999988233
1123.487999997451
1060.689400001138
1061.867299998994
1059.6827000044868
1055.588600000192
1116.0202999963076
1056.3818000009633
1060.4247000010218
1106.641500002297
1061.6201000011642
1120.322999995551
1043.2065999993938
1061.6885000054026
1060.3741999948397
1045.7342000008794
1100.002699997276
1107.0097000047099
1105.7185999961803
1047.437599998375
1096.6912000003504
1114.9396000037086
1060.590000000957
1060.9049999984563
1057.1651999998721
1068.969100000686
1122.008199999982
1061.8675000005169
1057.827600001474
1061.7303000035463
1061.013999998977
1124.695000005886
1055.7422999991104
1078.4521999958088
1036.1350000021048
1062.5692999965395
1113.2823000007193
1059.3305000002147
1054.3163000038476
1052.554699999746
1052.8972999964026
1110.4421000054572
1051.4578000002075
1047.1558999997796
1049.6861999999965
1058.4250000028987
1116.7789000028279
1054.3701999995392
1055.6958999950439
1035.093800004688
1059.9546000012197
1120.41070000123
1060.4719999973895
1057.1934999970836
1061.6116999954102
1054.56299999787
1115.0119999947492
1056.1569999990752
1058.2356000013533
1052.7955000070506
1054.0414999995846
1121.725700002571
1056.8449999991572
1060.019900003681
1056.2349000028917
1062.0711000010488
1117.1046000017668
1068.4884000002057
1090.6982000014978
1067.7779999969061
1062.922000004619
1124.5019000052707
1061.4404000007198
1056.3493000008748
1053.354900002887
1060.0305999978445
1121.9696999978623
1064.7991000005277
1061.431599999196
1108.7111000015284
1042.0691999970586
1119.3867000038153
1041.9173000045703
1063.3861999958754
1058.4215999988373
1081.518999999389
1147.836100004497
1065.9310999981244
1076.8661000038264
1052.9901000045356
1053.9481000014348
1114.0581999934511
1051.1141000024509
1056.7678999941563
1057.463800003461
1058.269500004826
1116.2299999996321
1058.697200001916
1055.4666000025463
1058.157300001767
1057.6338000028045
1122.6963000008254
1064.7074000007706
1052.3333000019193
1079.205300004105
1109.5598000028986
1147.2763999991002
1063.5404999993625
1063.3022000038181
1059.9883000031696
1062.6155999998446
1123.9451000001281
1067.7866000041831
1065.0985000029323
1105.84789999848
1134.9946000045747
1103.029299993068
1028.4869000024628
1137.7845000024536
1063.31539999519
1054.923499999859
1120.0325999961933
1056.9423000051756
1061.936500002048
1079.0548000004492
1071.515099996759
1101.083400004427
1063.8059000048088
1063.2265000022016
1058.6242999997921
1062.918499999796
1122.4824999953853
1058.0779000010807
1061.0753999935696
1063.829099999566
1059.9405000029947
1135.615899998811
1060.575899995456
1059.532000006584
1061.4385000008042
1058.9698999974644
1119.9468999984674
1059.8214999990887
1058.6857000016607
1057.5228999950923
1063.0978000044706
1112.1619999976247
1055.0594000014826
1053.0060000019148
1056.4319000040996
1064.8225000040838
1117.0408999969368
1048.1020000006538
1044.7984999991604
1036.3448999996763
1053.5925000003772
1113.6728999990737
1052.9427000001306
1041.8062999960966
1029.7004999956698
1050.3895000001648
1111.4837999994052
1055.6085999996867
1056.1285000003409
1101.089600000705
1061.2752000015462
1113.0338000002666
1050.8222999997088
1055.0030000013066
1052.5820999973803
1053.4040000056848
1116.279800000484
1055.6259000004502
1078.6569000047166
1089.2132000008132
1061.8089999989024
1118.8452999995206
1070.0081999966642
1060.2568999966024
1059.2125999974087
1094.7822000016458
1180.2033999993
1116.7869999990216
1042.0863999970607
1123.2718000028399
1053.8390000001527
1143.2351999974344
1019.15540000482
1058.5415000023204
1060.3746000051615
1047.941400000127
1111.418100001174
1112.4561000033282
1144.1626000014367
1049.1220999974757
1058.5161999988486
1171.8083999949158
1059.722199999669
1056.8849999981467
1035.399199994572
1086.54530000058
1121.545199996035
1060.6141999960528
1064.6703000020352
1064.6454000016092
1063.4092999971472
1111.3820000027772
1054.9480999980005
1048.6099000045215
1070.574299999862
1058.4807000050205
1097.6339999979245
1025.5935999957728
1052.9976000034367
1027.3457000002963
1038.6301999969874
1123.2241000034264
1075.7115000014892
1050.4766999947606
1059.7997000004398
1053.9666999975452
1115.5389999985346
1065.3565999964485
1054.811800000607
1058.533700001135
1055.4679999986547
1116.7342999979155
1054.7298999954364
1055.3549000032945
1057.3063999981969
1054.41289999726
1117.2931000037352
1054.7997999965446
1056.114200000593
1050.8190999971703
1052.0248999964679
1118.811899999855
1053.0018999997992
1052.7966000008746
1051.1101000010967
1049.194899998838
1113.6174999992363
1050.2706999977818
1095.4662000003736
1049.7020000038901
1051.3131999978214
1115.860199999588
1053.9601999989827
1072.7036000025691
1044.7901000006823
1055.1261000000522
1088.5108999937074
1065.348799995263
1043.0045999964932
1058.7191000013263
1056.5192999929423
1114.7782999978517
1056.8087999999989
1059.2210999966483
1061.5643999990425
1061.3423999966471
1196.8258999986574
1096.2717000002158
1043.5720999957994
1056.2098999944283
1060.2939000018523
1119.789900003525
1059.2109999997774
1057.3130999982823
1065.7338999953936
1056.705700000748
1120.907199998328
1059.146800005692
1059.6924999990733
1061.0224999982165
1062.8385999953025
1137.2724000029848
1041.1508999968646
1056.4022999969893
1059.6469000010984
1059.4829000037862
1117.9480999999214
1059.9820999996155
1058.0549000005703
1088.9634999984992
1061.5835000062361
1123.8109999976587
1062.607100000605
1057.325599998876
1059.6661000017775
1056.9166999994195
1116.645399997651
1056.896300004155
1053.5853000037605
1050.925499999721
1087.6021000003675
1120.7265999983065
1040.4266999976244
1052.3036000013235
1051.3687000056962
1065.8219999968424
1128.998699998192
1045.3504000033718
1049.5224999976926
1047.615700001188
1049.778900000092
1111.8806000013137
1052.726599999005
1055.949800000235
1051.1843000058434
1051.3763999988441
1116.8266000022413
1049.3380000043544
1053.44150000019
1061.3028000007034
1059.8873000053572
1122.0183999976143
1055.033500000718
1059.4807000015862
1061.6493000052287
1061.115399999835
1121.3862000004156
1047.0627999966382
1055.7486999969115
1056.8739999944228
1065.3076000016881
1119.7318000049563
1061.0969999979716
1036.0488000005716
1049.6629999979632
1057.2191000028397
1123.410900007002
1046.4893000025768
1048.5976999989362
1025.1471000010497
1029.768000000331
1150.9032000030857
1097.4858999979915
1055.059500002244
1081.3366999936989
1071.2042999948608
1120.3603999965708
1077.055299996573
1041.3171000036527
1046.1627000040608
1053.8066999943112
1121.7370999947889
1058.743499997945
1110.7179999962682
1086.174399999436
1027.4648999984493
1125.5459999956656
1060.390999999072
1060.898099996848
1058.0594000057317
1063.7420999992173
1117.968699996709
1056.6260000050534
1054.9297999968985
1050.9782999943127
1072.112100002414
1112.279100001615
1088.6670999971102
1060.051000000385
1059.9413000018103
1057.804500000202
1120.936299994355
1048.1259000007412
1050.1797999968403
1048.8248999972711
1052.9193999973359
1111.2173000001349
1054.5505999980378
1051.0030000004917
1055.0443999964045
1051.4528999992763
1108.8970999990124
1053.8888000010047
1056.9431000039913
1054.5194000005722
1055.6598999974085
1119.3554000055883
1058.5690000007162
1075.9515999961877
1109.5110999958706
1056.8786000003456
1121.4226000010967
1058.9815999992425
1032.264399997075
1045.56639999646
1061.7517999999109
1120.2921000003698
1058.1018000011682
1056.5969000017503
1048.7317000006442
1052.3335000034422
1111.1910000036005
1046.7149000032805
1031.2956999987364
1092.8656000032788
1035.8410000044387
1133.5295000026235
1065.3356999973767
1041.0608999955002
1053.6496999993687
1050.4901000022073
1136.4236000008532
1051.0202000004938
1053.6846999966656
1053.6006999973324
1049.7429999959422
1111.0575999991852
1051.942300000519
1098.622699995758
1052.8412999992725
1053.061799997522
1115.4099000050337
1054.3107999983476
1049.9896999972407
1056.8830000047456
1053.9105999996536
1119.4337000051746
1056.2269000001834
1057.7641999989282
1051.9152999986545
1057.978800003184
1116.4534999988973
1098.8876999981585
1137.580499998876
1049.945700004173
1052.1054999990156
1118.0744000012055
1071.4829999997164
1035.2309000008972
1057.1055999971577
1052.9028000019025
1131.9825000027777
1061.6028000004007
1062.079499999527
1055.9485999983735
1058.2646999973804
1124.6239000029163
1067.2520000007353
1061.8648000017856
1065.3472999983933
1063.203199999407
1163.2843999977922
1069.557499999064
1055.4279999996652
1061.2259000045015
1042.835100000957
1124.9844000049052
1061.1831000060192
1060.3946000046562
1062.3769000012544
1060.0074000030872
1115.4413999975077
1055.8101999995415
1058.5653999951319
1049.0064999976312
1059.3701000034343
1118.49390000134
1064.335499999288
1060.2953999987221
1061.8907000025501
1064.7242000050028
1099.3120999992243
1061.5283000006457
1070.3322000044864
1064.8833000013838
1058.8174000004074
1126.268500003789
1068.6859999987064
1067.0356999980868
1063.0893999987165
1096.3006999954814
1168.8473999965936
1073.4087000018917
1055.948700006411
1063.4492999961367
1063.8705999954254
1122.870500003046
1063.6622999954852
1040.769499995804
1032.6095999989775
1047.954399997252
1144.8037000009208
1048.4092999977292
1053.2305000015185
1051.3676999980817
1041.2502999970457
1114.3869000006816
1056.6125999976066
1053.4574999983306
1055.639300000621
1054.4499999959953
1121.2655999988783
1054.9915000010515
1053.430899999512
1056.5146000008099
1046.388199996727
1109.9725999956718
1048.9587999982177
1059.1589999967255
1057.5219999955152
1062.7538000044296
1118.1893000029959
1062.7730999985943
1061.610099997779
1063.5656000013114
1063.3753000001889
1127.612999996927
1065.2683000007528
1056.075200001942
1051.9258999993326
1070.8470000026864
1143.0163999975775
1063.7777999945683
1081.8375000017113
1064.1955999963102
1070.7341999950586
1123.7822999974014
1061.7175000006682
1062.0255999965593
1062.5299000021187
1062.4298000038834
1115.2240000010352
1032.5698000015109
1065.0766999970074
1061.786199999915
1056.3441000049352
1121.2137999973493
1055.0132999997004
1060.6721000003745
1059.9363000001176
1061.2001999979839
1120.0724999944214
1059.324599998945
1059.6275999996578
1063.2893000001786
1064.1426000001957
1121.1524000027566
1056.6895000010845
1059.2204999993555
1053.4774000043399
1049.7022999988985
1106.5311999991536
1045.7366999980877
1053.127700004552
1056.6714000015054
1055.1678000047104
1113.6294999960228
1056.5530999956536
1052.4662999960128
1057.5239000027068
1057.8731999994488
1124.5017999972333
1058.167199997115
1055.602699998417
1055.0689000010607
1060.173300000315
1136.923600002774
1054.2108000008739
1050.0195999993593
1051.5286000008928
1052.1547999960603
1101.4626999967732
1026.839000005566
1018.5437999971327
1078.586900002847
1052.7174000017112
1117.4633000046015
1050.5055000030552
1056.5859000053024
1055.7970000008936
1053.4684999947785
1102.3005000024568
1020.271599998523
1138.551700001699
1058.9796000058413
1059.1021000000183
1121.374399997876
1064.912900001218
1063.6207000061404
1071.2731999956304
1065.2751999950851
1127.3304999995162
1038.2051000051433
1041.8952999971225
1106.5812000015285
1035.5802999984007
1092.523200000869
1050.369699994917
1064.2332999996142
1083.8010000006761
1120.457400000305
1127.0296000002418
1064.8064999986673
1059.6635999972932
1061.3704000061261
1056.4319000040996
1096.3198999961605
1059.0194999967935
1064.7026999940863
1114.8669999965932
1077.0192999989376
1143.0442999990191
1052.0977999985917
1046.0756000029505
1046.3985000023968
1058.1682000047294
1117.6172000050428
1053.3623000010266
1045.1530999998795
1056.6087999977753
1055.9590000048047
1119.9162999982946
1053.89770000329
1055.9669000067515
1050.9098000038648
1056.159799998568
1119.3480000001728
1052.4573999937274
1055.5874000056065
1052.522999998473
1066.2594000023091
1123.1241000059526
1069.1126000019722
1064.8844000024837
1097.3317000025418
1067.644399998244
1127.7803999983007
1037.7137000032235
1064.6829999968759
1063.4349999963888
1042.059599996719
1121.4007000016863
1058.040299998538
1064.167999997153
1059.930900002655
1063.5241999989375
1126.302199998463
1066.5416999981971
1063.8861999977962
1064.5187000045553
1062.0054999963031
1128.448399998888
1055.1626000014949
1046.3893999985885
1043.3201000050758
1100.7832000032067
1105.1619999998366
1055.7021999993594
1061.5122000017436
1059.5140000004903
1065.4548999955296
1123.6011000000872
1065.0865999996313
1062.0322000031592
1063.5888999968302
1065.4540000032284
1125.0983999998425
1062.0859999980894
1063.7948000003234
1061.5582999962498
1052.743799999007
1114.2815000057453
1052.0392000034917
1059.94649999775
1059.477799994056
1058.188800001517
1124.7326000011526
1061.7669999992358
1065.6696999940323
1061.9938999952865
1059.7329000011086
1117.4704000004567
1054.511399997864
1047.1512000003713
1029.2364000051748
1105.4867999991984
1113.0789000017103
1033.8724000030197
1041.9802999967942
1050.5835000003572
1055.278299994825
1101.8519999997807
1050.1777999961632
1056.5910000004806
1057.828500001051
1057.3315999936312
1117.7938999971957
1055.6354999935138
1060.1129999995464
1054.3613000045298
1055.8958999972674
1114.9189000061597
1046.100799998385
1058.9230000041425
1055.914299999131
1060.8279000007315
1112.8150000004098
1059.8968999984208
1058.9725999961956
1060.7711999982712
1054.8998000012944
1116.4079000009224
1054.9671999979182
1074.2795000041951
1072.2620000015013
1047.6518000068609
1108.7231999990763
1056.7268999948283
1066.3185000012163
1088.3637000006274
1070.8482000045478
1125.016300000425
1063.6576999968383
1063.3586999974796
1067.1290000027511
1064.2033999974956
1126.4236999995774
1064.7709000040777
1066.167500001029
1062.1097999974154
1058.2617000036407
1113.2326000006287
1055.1794999992126
1066.2161000000197
1063.5151000024052
1060.7382000016514
1124.465799999598
1065.980400002445
1063.8561000014306
1071.479400001408
1067.5244000012754
1123.3706999992137
1057.5672999984818
1063.542600000801
1040.8294000008027
1126.468799993745
1130.0168999950984
1033.0111000002944
1089.7827000007965
1050.0777999986894
1061.3051000036648
1122.8652999998303
1060.5787999957101
1189.6249999990687
1171.6356000033556
1126.057800000126
1147.4634000041988
1072.7099999930942
1095.4242999941926
1064.6574999991572
1143.4634999968694
1105.7120999976178
1030.7651999974041
1076.9262999965576
1056.7564999946626
1090.158099999826
1127.9330999968806
1063.795800000662
1063.7639999986277
1052.8014000010444
1100.5637000052957
1127.364399995713
1068.0146000013337
1072.13299999421
1125.1319000002695
1130.1299999977346
1161.0966000007465
1058.8293999971938
1049.891700000444
1128.1359999993583
1119.9720000004163
1189.6936999983154
1092.1866999997292
1070.5479000025662
1084.0074000007007
1073.6011999979382
1141.7398999983561
1082.5766000052681
1074.2058000032557
1073.4150999996928
1067.9399000000558
1140.7445000004373
1074.096800002735
1085.4222999987542
1115.6566999998176
1065.3934000001755
1140.0882999951136
1072.2076000020024
1088.987499999348
1095.7001999995555
1105.1940000033937
1149.0598000018508
1077.7334999947925
1079.6445999949356
1072.3765000002459
1112.9003999958513
1125.142600001709
1071.7893000037293
1083.7828000003356
1127.2113000013633
1080.0607999990461
1151.0164999999688
1114.180500000657
1069.5718999995734
1073.6269999979413
1078.592199999548
1199.7002999996766
1062.759799999185
1077.479299994593
1056.2369999970542
1053.719600000477
1119.9953999966965
1062.9723000020022
1071.5737999998964
1066.6688000055728
1079.0786999932607
1138.9006000026711
1076.156600000104
1083.4101000000373
1086.0686999949394
1078.5101000001305
1212.9512000028626
1129.056199999468
1152.0426999995834
1084.7883999958867
1077.1738999974332
1122.4228999999468
1054.1914999994333
1066.881499995361
1064.3725000045379
1063.1668999994872
1125.2004999987548
1066.5062999978545
1062.7987000043504
1078.9432000019588
1066.1967000050936
1119.0216999966651
1074.7649999975692
1062.2239999938756
1061.249800004589
1034.5726999948965
1152.7027999982238
1055.1010999988648
1105.915799998911
1064.0921000012895
1063.6131999999634
1124.5580999966478
1059.6045999991475
1062.8876999981003
1055.635999997321
1061.8637000006856
1120.5559999943944
1061.417099997925
1060.1903999995557
1058.2056999992346
1053.464399999939
1123.2620000009774
1056.610699997691
1038.9591999992263
1027.7463000020362
1061.3259000019752
1122.1259999947506
1063.3337999970536
1064.3600999974296
1058.945600001607
1057.0246999996016
1122.6784999962547
1061.0523000068497
1058.1001000027754
1061.886900002719
1045.908000000054
1089.3689000004088
1026.0759999946458
1058.5091000029934
1055.582000000868
1054.146900001797
1129.65119999717
1062.0030999998562
1062.1036000011372
1061.535000000731
1067.0226000002003
1129.105599997274
1065.6997999976738
1062.1597999997903
1059.716199997638
1037.0265999954427
1107.5325999991037
1051.1020999983884
1067.504700004065
1064.254600001732
1059.5054000004893
1125.7392999978038
1063.68669999938
1065.7754999992903
1061.0745000012685
1063.1331999975373
1125.1627000019653
1063.2144999981392
1064.1718999977456
1074.9610999992
1092.5809999971534
1119.5316000012099
1050.6555000029039
1065.7188999975915
1062.3267000046326
1058.1060000040452
1122.2299999935785
1101.0870999962208
1085.9410999983083
1063.6817999984487
1062.3798000015086
1121.2842000022647
1052.1999999982654
1049.2241000029026
1060.9339000002365
1060.1618000000599
1122.8507999985595
1055.1199999972596
1057.6691999958712
1055.351700000756
1054.2901000007987
1110.1616000014474
1048.448899993673
1045.169299999543
1029.1689000005135
1071.5932000020985
1109.8981999966782
1097.6488000014797
1059.6235999983037
1066.0016999972868
1063.7098000006517
1128.0658999967272
1066.5162000004784
1068.0847999974503
1061.3788000046043
1054.6954000019468
1120.13830000069
1053.569999996398
1064.7263999999268
1062.1027000015602
1061.961400002474
1121.279000006325
1063.4901000012178
1061.7525999987265
1065.285299999232
1060.0336999996216
1126.4165999964462
1064.0853000004427
1062.1850000025006
1057.767900005274
1056.1310999983107
1116.7583000060404
1024.9155999990762
1101.5091000008397
1058.2059000007575
1070.7944999958272
1125.3988000025856
1065.2857000022777
1062.9093000025023
1057.145099999616
1058.5302999970736
1119.9983000042266
1057.9391999999643
1058.3295000033104
1066.322600003332
1057.3606000034488
1150.5880999975489
1093.651700000919
1092.4327000029734
1065.0802000018302
1055.9539000023506
1116.989400004968
1061.4810999977635
1061.0912999982247
1063.19899999653
1063.2458000036422
1089.8927000016556
1051.0505999991437
1052.0753000018885
1066.3098999939393
1047.7106999969692
1087.050599999202
1044.735399998899
1066.8938000017079
1058.3934000023874
1049.1579000008642
1120.493100002932
1066.5989999979502
1107.7695999993011
1059.8614999980782
1061.4894999962416
1126.9280000051367
1063.219099996786
1089.4479999988107
1133.2996000055573
1093.8447000007727
1176.9582000051741
1147.2707000066293
1078.4274000034202
1063.1446999977925
1056.9585000048392
1128.8425000020652
1069.7966000007
1064.2538000029163
1065.2971000017715
1068.6849999983679
1116.498399998818
1056.9313000014517
1062.806299996737
1063.8206000003265
1067.442100000335
1126.4853999964544
1060.238499994739
1056.558699994639
1049.3198000040138
1063.090600000578
1111.7488000018056
1138.408500002697
1061.2266000025556
1049.2809999996098
1062.4070999983815
1125.9999999965657
1067.9046000004746
1068.222900001274
1067.0928999970783
1060.6640000041807
1115.2820999996038
1095.9113999997498
1058.599800002412
1063.568600002327
1061.1033999957726
1123.0499999946915
1062.1530999997049
1062.7105999956257
1057.1486999979243
1056.4238000006299
1119.2558999973699
1053.9613000000827
1052.8418000030797
1053.337500001362
1028.954599998542
1093.8864999989164
1015.5475999999908
1049.5778000040445
1060.8665000036126
1059.6387999976287
1104.8182000013185
1042.341000000306
1051.2071999983164
1103.4341000049608
1091.024200002721
1122.3861000034958
1058.2004000025336
1055.6735999998637
1056.153199999244
1055.7342999964021
1113.7939999971422
1047.3216000027605
1049.4929000051343
1052.9734000010649
1054.7065999999177
1116.074400000798
1058.8241000004928
1061.742600002617
1056.8849000046612
1053.8823000024422
1122.612899998785
1066.0199999983888
1053.1600000031176
1056.3945999965654
1057.3978000029456
1109.5409999979893
1045.1252999991993
1044.3725000004633
1053.0027999993763
1059.0006999991601
1119.1275999954087
1056.4382000011392
1057.2018999955617
1066.9353999983286
1063.1462999954238
1124.6835999991163
1065.2700000064215
1059.658500002115
1063.0835999982082
1059.2353999963962
1114.8411000031047
1053.7044999946374
1054.4394999960787
1063.5509999992792
1065.2464000013424
1124.4313999995939
1065.251600004558
1064.4391999958316
1065.0000000023283
1064.1638999950374
1127.4889999986044
1063.4554999996908
1064.9859000041033
1069.3725000019185
1065.4748999950243
1113.800999999512
1051.6508000000613
1052.9402000029222
1059.4385999938822
1064.8863000023994
1123.14950000291
1062.3553999976139
1088.865400000941
1040.9948000014992
1059.6937000009348
1119.8920000024373
1063.002900002175
1066.4182000036817
1066.9388999958755
1060.3243000005023
1113.9317999986815
1047.0714999974007
1050.379399996018
1277.0566000035615
1143.281399999978
1241.4853000009316
1143.056600005366
1058.6175999997067
1058.9647999950103
1063.0418000000645
1117.631100001745
1067.6668000014615
1063.965300003474
1060.8285999987856
1058.4326999960467
1120.1264999981504
1059.281000001647
1053.1426999950781
1064.3592000051285
1064.4537999978638
1128.0220999979065
1061.688800000411
1087.2755000018515
1151.365600002464
1069.8050999999396
1125.7193999990704
1065.465799998492
1061.9762999995146
1063.212500004738
1066.9286999982432
1119.3192999999155
1056.6044000006514
1063.2869999972172
1062.376800000493
1042.322699999204
1136.3845000014408
1076.8275000009453
1043.8752000045497
1060.8815999949002
1073.001500000828
1131.2145000047167
1109.1277000014088
1083.2427999994252
1082.7062999960617
1058.2003999952576
1127.3195000030682
1070.757000001322
1064.7394999978133
1066.1620000028051
1046.0246000002371
1114.2866000009235
1054.6762000012677
1064.98869999632
1063.0644999982906
1064.374300003692
1132.9604999991716
1038.0273999981
1063.3482000048389
1090.3565999979037
1062.342199998966
1125.5935999943176
1060.1482999991276
1079.0495999972336
1053.4861999985878
1056.6545000037877
1126.76410000131
1057.7311999950325
1058.8343999988865
1071.7803000006825
1068.7168000004021
1129.3533999996725
1038.896999998542
1061.2430999972275
1080.1007000045502
1035.391500001424
1182.4494000029517
1067.5147000001743
1054.642299997795
1050.8888000040315
1061.5325999970082
1120.5944000030286
1059.8555999968085
1059.6581999998307
1070.581800006039
1052.6709999976447
1119.979199997033
1059.7000000052503
1073.4410000004573
1062.0460999998613
1056.5598999965005
1113.4004999985336
1046.4340999969863
1057.9396000030101
1056.0289999993984
1053.768300000229
1126.6707999966457
1057.5458999956027
1056.487100002414
1048.9140999998199
1059.1434000016307
1120.2581000034115
1057.8353999953833
1063.3476999937557
1056.2139000030584
1049.6768000011798
1117.6704999961657
1060.0780000022496
1053.2184000039706
1057.3707000003196
1064.7653999985778
1122.5963000033516
1056.1826000048313
1065.708900001482
1064.453399994818
1076.8229000022984
1160.256199997093
1064.7804000036558
1067.4108000021079
1054.6766000043135
1060.7702000052086
1122.2469999993336
1056.7336999956751
1045.699300004344
1061.9856999983313
1055.2997999984655
1129.3293000053382
1064.1738000049372
1109.9135000040405
1065.8569000006537
1065.3710000042338
1127.8603999962797
1055.825299998105
1067.4609999987297
1065.0628000003053
1068.1197000012617
1124.433199998748
1070.031099996413
1063.0641000025207
1059.8423999981605
1068.3930000013788
1111.9715000022552
1066.655599999649
1066.399299998011
1069.3344000028446
1055.273500001931
1129.0067000009003
1064.4893999997294
1060.5062000031467
1063.822700001765
1061.6546000019298
1118.7715999985812
1052.7714999989257
1059.6978000030504
1061.1083000039798
1062.6663999937591
1123.443500000576
1064.518400002271
1031.997300000512
1029.6151000002283
1077.3728999993182
1147.9146999990917
1055.3261999957613
1054.9184999981662
1052.4480999956722
1047.9410999978427
1119.783299996925
1059.3489999955636
1054.8821999982465
1057.3357000030228
1055.405500002962
1116.4248999994015
1052.305900004285
1040.3175000028568
1061.3756000020658
1057.7746999988449
1120.3213999979198
1061.4243000018178
1053.840400003537
1058.7050000031013
1065.021499998693
1133.4227999977884
1066.2207000059425
1064.6030999996583
1069.294599998102
1060.1775999966776
1129.435700000613
1071.1589000056847
1068.374499998754
1069.1468000004534
1113.498900005652
1127.4858000033419
1057.224000003771
1067.687599999772
1063.0681999973604
1049.9147999944398
1129.027099996165
1064.3192999996245
1094.3198000022676
1065.4412000003504
1049.9529000007897
1120.6689000027836
1059.536400003708
1057.118900003843
1060.4381000011927
1060.9828000015114
1121.0518999941996
1062.04009999783
1058.210399998643
1051.756499997282
1054.366199998185
1104.621100006625
1051.7801999958465
1053.7480999992113
1100.0327999936417
1029.252100001031
1143.1500000035157
1058.9229999968666
1058.7492999984534
1050.6012000041665
1059.7293000028003
1123.8289000029908
1057.7277000047616
1060.836600001494
1056.499400001485
1054.9692999993567
1116.2479999984498
1058.7902999977814
1047.155299995211
1056.0636999944109
1055.248800003028
1120.6698000023607
1058.1477000014274
1061.9584999949438
1064.8638999991817
1063.4327000007033
1129.1720000008354
1064.5275000060792
1063.2716000036453
1064.0569000024698
1063.3095000011963
1081.1716999960481
1035.484499996528
1058.0767999999807
1056.2002000006032
1064.0405000012834
1127.2066999954404
1066.9751000023098
1067.135800003598
1065.50239999342
1062.3066000043764
1127.8975999957765
1061.5868000022601
1062.134600004356
1055.8840000012424
1063.9464999985648
1121.4899999977206
1059.8102000003564
1055.0837000046158
1056.5556999936234
1055.9013000020059
1114.4892999946023
1054.1622000018833
1059.074299999338
1060.056700000132
1063.4057000061148
1120.04380000144
1047.6434000011068
1084.338000000571
1056.484199994884
1064.546599998721
1142.7072000005865
1049.6713999964413
1063.4242000014638
1056.4295000003767
1058.5055999981705
1120.383400004357
1053.01309999777
1045.4552000010153
1060.635399997409
1078.9960999973118
1131.5617000000202
1065.3668000013568
1065.148899993801
1063.884600000165
1058.778299993719
1127.7889999983017
1063.8374999980442
1062.7003999979934
1068.4491000065464
1089.884200002416
1132.1338999987347
1064.5482999971136
1041.8564999999944
1033.4924999988289
1055.522499998915
1116.0143000015523
1066.5111000053002
1070.5378999991808
1067.4209999997402
1069.7265999988304
1126.7177000045194
1066.51150000107
1073.0477000033716
1054.523300001165
1061.1037999988184
1124.377200001618
1067.5144999986514
1064.006499997049
1059.2946000033407
1066.5529999969294
1128.2590000046184
1066.3267000054475
1085.5312000057893
1105.7365000015125
1069.5985999991535
1130.3078999990248
1069.8284999962198
1058.3710999999312
1069.5550000018557
1065.3358999988995
1125.6065999987186
1065.8165999993798
1057.7341000025626
1064.3854000009014
1058.6382000037702
1123.8336000023992
1062.6807999942685
1066.42510000529
1055.2762000006624
1062.4809000000823
1125.668399996357
1059.4124999988708
1060.5634000021382
1068.8466999999946
1059.3611000003875
1118.0660999962129
1060.3363000045647
1047.3384999932023
1061.1256999982288
1056.6521000000648
1120.1624999957858
1049.0212000004249
1082.1835000024294
1065.8115999976872
1067.6286999951117
1127.4307999992743
1065.2728000059142
1061.6927000010037
1056.8413000000874
1095.2453999998397
1128.2831999997143
1065.648499999952
1066.3706999985152
1069.0866999939317
1055.8799999998882
1129.7410000042873
1065.219399999478
1065.593600003922
1066.274600001634
1063.768500003789
1120.1786000019638
1066.2546999956248
1064.0829999974812
1066.9020999994245
1065.1316000003135
1122.9429000013624
1054.5854000010877
1061.2990999943577
1062.2454000040307
1060.5385000017122
1120.5835000000661
1055.0746000008075
1059.5524000018486
1055.5740999989212
1059.7256000037305
1129.4316999992589
1031.6618999931961
1059.8590000008699
1061.5265000014915
1051.7850999967777
1120.0421000030474
1058.7050000031013
1035.3193000046303
1053.9647999976296
1106.8659000011394
1121.5207999994163
1045.1796999986982
1059.8058000032324
1055.6015000038315
1052.7112999989185
1119.3571999974665
1054.0637000012794
1055.1573999982793
1047.2910999960732
1060.6953000024077
1115.21360000188
1060.3665000016917
1054.125099995872
1059.0064999996684
1053.916400000162
1108.5510000048089
1056.4627999992808
1058.4306000018842
1060.0833999997121
1060.7377999986056
1116.8189999953029
1053.365699997812
1029.58220000437
1043.4600000007777
1062.692400002561
1115.469000003941
1059.7316999992472
1059.0406999981496
1049.7482999999193
1057.3647999990499
1122.2534000044107
1058.810499998799
1061.4560000030906
1059.841399997822
1057.5405999989016
1116.5973999959533
1058.1955000016023
1056.8762999973842
1058.4955000012997
1062.9740000003949
1121.915199997602
1058.7548999974388
1049.081600001955
1061.237900001288
1091.2833000038518
1130.6196999939857
1066.4832999973441
1064.5694999984698
1063.2795999990776
1064.0217999971355
1129.4148999950266
1072.6750000030734
1060.4392000022926
1065.7674000030966
1045.1267000025837
1121.626500003913
1058.1276999946567
1065.9373000016785
1066.5150999993784
1067.4686000056681
1173.5852999991039
1065.3882000042358
1062.8217999983463
1060.1588999998057
1059.3680000019958
1175.7507000002079
1038.6728000012226
1096.8569000033312
1085.2725000004284
1062.9891999997199
1126.636699998926
1061.7356000002474
1062.5263000038103
1065.6432999967365
1052.9055000006338
1122.5334000046132
1056.1461000033887
1060.8974999995553
1062.9722999947262
1058.598699994036
1119.119299997692
1049.9950000012177
1061.9188999990001
1103.0352000016137
1058.6327000055462
1122.0528999983799
1049.5851000014227
1038.8088999970932
1051.2049999961164
1056.1163000020315
1125.6494999979623
1066.5399999998044
1065.3464999995776
1065.5433000065386
1056.0868000029586
1128.9894000001368
1064.177500004007
1072.7639000033378
1080.7129000022542
1069.1100000040024
1126.739200000884
1058.9021000050707
1067.4519000021974
1067.617100001371
1061.6744999933871
1129.123900005652
1064.007999993919
1065.5688000042574
1056.6027999957441
1064.1802000027383
1130.0426999951014
