973.1999999992549
184
230.7000000011176
200.59999999962747
249.59999999962747
219.2000000011176
164.89999999850988
167.7000000011176
147.40000000037253
145.89999999850988
120.30000000074506
119.90000000037253
119.09999999962747
112.90000000037253
110.69999999925494
112.80000000074506
112.19999999925494
116.20000000111759
104.69999999925494
103.5
100.09999999962747
103.30000000074506
102.09999999962747
103.40000000037253
96.90000000037253
102
97.09999999962747
94.19999999925494
92.90000000037253
102.59999999962747
94.30000000074506
90.09999999962747
92.40000000037253
96.09999999962747
93.69999999925494
89.30000000074506
96.30000000074506
88
88
88.69999999925494
93
86.90000000037253
106.19999999925494
86.40000000037253
85.30000000074506
86
86.29999999888241
84.09999999962747
85.90000000037253
95.40000000037253
96.40000000037253
80.5
79.19999999925494
80.90000000037253
78.59999999962747
78.20000000111759
80.69999999925494
78
79.30000000074506
79
84.5
83.59999999962747
84.79999999888241
84.60000000149012
75.89999999850988
75.40000000037253
73.90000000037253
75.90000000037253
73.90000000037253
73.69999999925494
74.40000000037253
72.69999999925494
73.59999999962747
72.10000000149012
77.79999999888241
88
75.30000000074506
72.29999999888241
71.40000000037253
70.5
71.70000000111759
70.39999999850988
71.40000000037253
70.40000000037253
71.40000000037253
71.19999999925494
74.70000000111759
73.19999999925494
70.69999999925494
78.80000000074506
71.19999999925494
71.60000000149012
69.79999999888241
68.40000000037253
71
77.30000000074506
83
79.39999999850988
86.40000000037253
97.30000000074506
69.79999999888241
68.80000000074506
69.90000000037253
79.29999999888241
71.40000000037253
70.09999999962747
67.40000000037253
65.30000000074506
65.79999999888241
67.20000000111759
71
71.79999999888241
66.90000000037253
66.90000000037253
64.5
65.59999999962747
71
61.80000000074506
68.69999999925494
64
64.5
62.20000000111759
66.5
68.09999999962747
64.29999999888241
62.30000000074506
66.80000000074506
63.59999999962747
63.09999999962747
67.80000000074506
60.19999999925494
63.09999999962747
64
62
73.09999999962747
66.10000000149012
62.899999998509884
61.70000000111759
61.09999999962747
61.59999999962747
60.70000000111759
60.79999999888241
68.30000000074506
61.5
65.29999999888241
66.20000000111759
64.59999999962747
68
61.5
60.69999999925494
66.20000000111759
61.90000000037253
60.59999999962747
60.09999999962747
60.30000000074506
61.09999999962747
60.19999999925494
60
69.5
70.09999999962747
61.80000000074506
62.59999999962747
62.5
62.80000000074506
61.79999999888241
61.70000000111759
64.5
63.69999999925494
63.90000000037253
60.5
65.40000000037253
66
58.90000000037253
59.59999999962747
68
60.5
60.90000000037253
58.59999999962747
58.19999999925494
59.09999999962747
58.70000000111759
60.79999999888241
63.100000001490116
69.79999999888241
59.59999999962747
60.40000000037253
61.40000000037253
60.69999999925494
67.40000000037253
57.5
56.90000000037253
59.80000000074506
69.19999999925494
64.80000000074506
64.39999999850988
67.5
61
61.20000000111759
59.79999999888241
65
59.80000000074506
65.59999999962747
57.80000000074506
58
59.90000000037253
57.59999999962747
65.19999999925494
66.70000000111759
59.59999999962747
62
58.69999999925494
59.59999999962747
57.5
56.30000000074506
62.19999999925494
55.90000000037253
62.20000000111759
56.69999999925494
58.30000000074506
61.59999999962747
56.90000000037253
58.29999999888241
57.70000000111759
57.69999999925494
58.30000000074506
58.59999999962747
64
60.79999999888241
57.600000001490116
55.19999999925494
66.80000000074506
61.09999999962747
57.40000000037253
61.69999999925494
58.19999999925494
55.70000000111759
54.69999999925494
57.5
58.20000000111759
56.899999998509884
56.600000001490116
57.59999999962747
62.79999999888241
63
55
55.70000000111759
62
57.19999999925494
55.40000000037253
57.30000000074506
58.5
62.29999999888241
56.09999999962747
55.5
55.40000000037253
59.40000000037253
56.19999999925494
55.30000000074506
55
55.5
60.59999999962747
64.59999999962747
62.100000001490116
55.79999999888241
54.09999999962747
54.100000001490116
58.09999999962747
60.69999999925494
57.30000000074506
57.79999999888241
55
55.30000000074506
54.40000000037253
54.09999999962747
54.19999999925494
52.100000001490116
58.79999999888241
52.5
58.59999999962747
59.40000000037253
52.40000000037253
55.19999999925494
55.5
52.30000000074506
53
52.90000000037253
52.40000000037253
53.399999998509884
59.70000000111759
53
54
58.5
51.59999999962747
57.90000000037253
52.19999999925494
51.90000000037253
52.40000000037253
53.5
52.5
59.5
60.69999999925494
52.09999999962747
58.100000001490116
58.399999998509884
52.100000001490116
54.09999999962747
52.09999999962747
56.5
53.59999999962747
52.09999999962747
61.5
63
61.5
59.100000001490116
62.19999999925494
62.30000000074506
54.29999999888241
54.5
53.30000000074506
54.40000000037253
55
53.899999998509884
57
57.600000001490116
54.09999999962747
65.59999999962747
56.69999999925494
56.40000000037253
53.09999999962747
55.90000000037253
56.80000000074506
53.90000000037253
52.79999999888241
51.80000000074506
54
53.79999999888241
65.5
64.80000000074506
65.59999999962747
67.59999999962747
67.40000000037253
55.40000000037253
54.30000000074506
60.59999999962747
53.90000000037253
51.29999999888241
51.59999999962747
51.5
51.600000001490116
51.09999999962747
55.09999999962747
55.40000000037253
53.5
53.5
51.19999999925494
51.20000000111759
51.399999998509884
57.30000000074506
52.40000000037253
51.69999999925494
51
50.70000000111759
57.5
57.79999999888241
51.20000000111759
50.19999999925494
51
51.59999999962747
51.80000000074506
50.5
51.29999999888241
51.70000000111759
51.79999999888241
49.70000000111759
60.09999999962747
55.30000000074506
51.29999999888241
51.59999999962747
52
52.600000001490116
50.399999998509884
50.80000000074506
56.30000000074506
51.29999999888241
51
50.70000000111759
53.59999999962747
71.90000000037253
57.09999999962747
53.29999999888241
57.100000001490116
51
52.29999999888241
53.59999999962747
50.90000000037253
53.30000000074506
52.19999999925494
51.20000000111759
53.59999999962747
57
54
57.5
53.69999999925494
51.90000000037253
52.59999999962747
51.70000000111759
56.59999999962747
52.59999999962747
52.19999999925494
51.5
54
59.100000001490116
50.59999999962747
50.09999999962747
50
50.59999999962747
50.59999999962747
49.90000000037253
49.40000000037253
49.80000000074506
49.19999999925494
67.30000000074506
52.19999999925494
66
50.40000000037253
52.59999999962747
49.40000000037253
50
50
49.40000000037253
51.09999999962747
50.90000000037253
51.69999999925494
49.59999999962747
53.20000000111759
56.5
49.59999999962747
49.79999999888241
49.70000000111759
51.59999999962747
60.5
49.59999999962747
49.5
49.40000000037253
49.40000000037253
49.79999999888241
54.100000001490116
54.19999999925494
49.40000000037253
49.40000000037253
55.399999998509884
50.100000001490116
53.69999999925494
51.59999999962747
57.90000000037253
51.19999999925494
51.100000001490116
51.29999999888241
54.90000000037253
57.90000000037253
54.59999999962747
52.80000000074506
53
51.79999999888241
50.80000000074506
49.09999999962747
49.59999999962747
49.09999999962747
48.70000000111759
53.40000000037253
54.29999999888241
56.20000000111759
49.399999998509884
47.80000000074506
48.5
47.19999999925494
48.30000000074506
48.19999999925494
48.30000000074506
48.5
52
48.09999999962747
50.30000000074506
53.69999999925494
47.40000000037253
48.80000000074506
54.5
53.59999999962747
48
47.09999999962747
50.09999999962747
48
47.59999999962747
47.600000001490116
49.399999998509884
56.100000001490116
50.09999999962747
49.90000000037253
48.79999999888241
49.80000000074506
53
50.19999999925494
49.5
56.30000000074506
50.59999999962747
49.59999999962747
53.20000000111759
55.399999998509884
47.80000000074506
48
48.5
47.90000000037253
47.40000000037253
48.19999999925494
47
50.30000000074506
49.59999999962747
47.09999999962747
54.40000000037253
50.09999999962747
51.80000000074506
47.79999999888241
50.20000000111759
47.899999998509884
47.40000000037253
47.5
47
48.20000000111759
47.79999999888241
48.20000000111759
52
52.79999999888241
48.5
53.40000000037253
49.59999999962747
48.09999999962747
48
46.70000000111759
47.59999999962747
46.90000000037253
47.09999999962747
52.30000000074506
53.5
51.59999999962747
49.69999999925494
47.09999999962747
47.20000000111759
47.29999999888241
47.100000001490116
46.69999999925494
51.40000000037253
49.19999999925494
49.80000000074506
47.29999999888241
51.100000001490116
52.29999999888241
47.70000000111759
46.399999998509884
47.600000001490116
47.29999999888241
46.30000000074506
46.59999999962747
50.80000000074506
48.29999999888241
47.40000000037253
46.09999999962747
49.70000000111759
56.59999999962747
47.5
46.40000000037253
46.29999999888241
46.90000000037253
48.40000000037253
47.29999999888241
46.40000000037253
45.80000000074506
45.69999999925494
46.80000000074506
49
50.69999999925494
46
46
53.30000000074506
61.5
46.29999999888241
48
48.40000000037253
45.80000000074506
48.40000000037253
47
48.59999999962747
49.5
46.90000000037253
48.09999999962747
47.59999999962747
47
54.59999999962747
52.70000000111759
48.09999999962747
46.59999999962747
47.30000000074506
46.19999999925494
49.09999999962747
51.70000000111759
55.899999998509884
46.100000001490116
45.19999999925494
46
44.69999999925494
47
45.90000000037253
45.40000000037253
45.69999999925494
46.100000001490116
56.59999999962747
53.90000000037253
45.69999999925494
45.80000000074506
45.09999999962747
45
46
45.40000000037253
45.09999999962747
46.59999999962747
49.09999999962747
45.30000000074506
54.09999999962747
52
45.09999999962747
45.09999999962747
45.70000000111759
46.09999999962747
45.59999999962747
50.5
45.20000000111759
45.19999999925494
47.69999999925494
47.5
47.20000000111759
48.79999999888241
45.90000000037253
46.40000000037253
44.40000000037253
46.19999999925494
45.5
44.70000000111759
46.79999999888241
45.59999999962747
55.5
43.70000000111759
46.79999999888241
49.40000000037253
47.30000000074506
45.09999999962747
45.40000000037253
45.29999999888241
45.40000000037253
46.40000000037253
46.90000000037253
47.09999999962747
47.30000000074506
46.899999998509884
50.90000000037253
51.09999999962747
46.40000000037253
51.40000000037253
47.09999999962747
46.70000000111759
46.09999999962747
46.29999999888241
50
47.100000001490116
45.09999999962747
45.90000000037253
49.5
49.29999999888241
45.59999999962747
44.70000000111759
44.5
45
44.90000000037253
47.69999999925494
45.30000000074506
44.899999998509884
51.70000000111759
44.40000000037253
46.899999998509884
48.600000001490116
45.69999999925494
44.5
45
44.69999999925494
49.600000001490116
46.399999998509884
46.30000000074506
47
44.69999999925494
44.90000000037253
50
50.5
47.30000000074506
46.29999999888241
51.80000000074506
46
47
48.5
48.09999999962747
47.5
48.5
47.30000000074506
47.90000000037253
50.09999999962747
46.29999999888241
50.5
47.600000001490116
51.79999999888241
45
46.90000000037253
48.80000000074506
46.29999999888241
47.70000000111759
46.19999999925494
48.90000000037253
52.40000000037253
47.5
47.399999998509884
46.100000001490116
46.899999998509884
45.80000000074506
44.5
49.09999999962747
43.90000000037253
45.80000000074506
46.19999999925494
49.09999999962747
57.90000000037253
45.19999999925494
45.20000000111759
44.29999999888241
44.80000000074506
44.40000000037253
45.09999999962747
43.90000000037253
44.79999999888241
46.40000000037253
46.09999999962747
52.80000000074506
51
47.09999999962747
45.90000000037253
51.80000000074506
46.09999999962747
45.90000000037253
45.59999999962747
46
45.79999999888241
43.20000000111759
47.90000000037253
49.399999998509884
53.100000001490116
45.79999999888241
44
44.30000000074506
44.59999999962747
43.30000000074506
45.59999999962747
44.79999999888241
46.100000001490116
51.29999999888241
44.09999999962747
49.70000000111759
47.69999999925494
42.90000000037253
43.09999999962747
43.09999999962747
44.80000000074506
43.40000000037253
43.59999999962747
43.69999999925494
47.80000000074506
50.40000000037253
49.19999999925494
47
48
47.20000000111759
45.69999999925494
45.09999999962747
45.40000000037253
46
46
46
46
45
45.19999999925494
48.40000000037253
48.09999999962747
48.20000000111759
45.40000000037253
46.19999999925494
44.80000000074506
43.899999998509884
48.5
45.90000000037253
45.59999999962747
44
44.100000001490116
50.19999999925494
51.5
45.09999999962747
44.40000000037253
45.09999999962747
44.5
45.5
44.80000000074506
44
43.5
49.09999999962747
42.30000000074506
47.19999999925494
50.90000000037253
44.19999999925494
44.70000000111759
44.59999999962747
53.79999999888241
45.40000000037253
44.40000000037253
44.5
44.40000000037253
46.5
44.69999999925494
48.70000000111759
47.59999999962747
43.09999999962747
42.80000000074506
51.5
45.09999999962747
44.29999999888241
44
44.90000000037253
44.20000000111759
43.69999999925494
45.69999999925494
48.70000000111759
48.09999999962747
43.59999999962747
54.30000000074506
43.40000000037253
48.399999998509884
40.600000001490116
42.69999999925494
44.90000000037253
44.29999999888241
45.40000000037253
44.20000000111759
46.79999999888241
48.5
45.70000000111759
44.29999999888241
43.40000000037253
44.40000000037253
43.09999999962747
43
47.80000000074506
42.399999998509884
43.5
45.20000000111759
45.69999999925494
47.20000000111759
48
44.59999999962747
42.09999999962747
43.30000000074506
44.19999999925494
43.40000000037253
42.90000000037253
43.19999999925494
43.80000000074506
44.69999999925494
46.19999999925494
47.600000001490116
44.59999999962747
43.5
48.29999999888241
42.90000000037253
43.20000000111759
43.09999999962747
44.90000000037253
43.59999999962747
42.59999999962747
44.19999999925494
53.40000000037253
52.5
43.90000000037253
42.30000000074506
44.19999999925494
43.69999999925494
43.600000001490116
43.899999998509884
47
48.100000001490116
42.5
49.5
48.899999998509884
49.600000001490116
44.69999999925494
46.90000000037253
43.59999999962747
45.90000000037253
45.09999999962747
45.09999999962747
45.09999999962747
46.5
46.40000000037253
54.59999999962747
46.100000001490116
51.69999999925494
45.19999999925494
44.20000000111759
45.40000000037253
46.5
44.399999998509884
44.40000000037253
44.5
44.30000000074506
46.29999999888241
45.5
50.20000000111759
51.90000000037253
48.5
46.5
44.19999999925494
44.09999999962747
44.59999999962747
43.30000000074506
44
46.59999999962747
43.70000000111759
42.899999998509884
49.70000000111759
51.09999999962747
45.90000000037253
44.40000000037253
44.09999999962747
43.40000000037253
43.5
43.79999999888241
45.5
50
43.80000000074506
44.5
48.90000000037253
47.09999999962747
42.59999999962747
42.80000000074506
42.5
42.399999998509884
43.40000000037253
41.80000000074506
52.40000000037253
43.899999998509884
42.20000000111759
43.09999999962747
45.80000000074506
46.69999999925494
43.30000000074506
48.19999999925494
42.19999999925494
43.70000000111759
44.29999999888241
43.90000000037253
44.59999999962747
45.80000000074506
43.19999999925494
44.30000000074506
50.5
50.69999999925494
44.80000000074506
43.90000000037253
49.19999999925494
43.09999999962747
42.80000000074506
48
43.30000000074506
41.5
41.899999998509884
43
45.80000000074506
46.30000000074506
42.29999999888241
41.80000000074506
43.09999999962747
43.90000000037253
45.19999999925494
49.20000000111759
44.5
43.79999999888241
43.09999999962747
43.600000001490116
46.09999999962747
50.09999999962747
42.90000000037253
42.5
42.09999999962747
41.5
47.59999999962747
42.5
41.20000000111759
43.19999999925494
43
42.09999999962747
44.5
46.90000000037253
45.19999999925494
48.40000000037253
42.70000000111759
43.5
44
46.69999999925494
46.30000000074506
45.09999999962747
43.5
42
47.79999999888241
50
43.600000001490116
42.899999998509884
44.100000001490116
48.09999999962747
42.69999999925494
43.20000000111759
42.899999998509884
49.40000000037253
39.90000000037253
42
44.19999999925494
46.80000000074506
42.19999999925494
41.80000000074506
43.30000000074506
45.09999999962747
43.59999999962747
41.90000000037253
42.29999999888241
41.5
41.600000001490116
42.899999998509884
51.70000000111759
46
42.09999999962747
41.80000000074506
46.69999999925494
42.40000000037253
42.29999999888241
41.100000001490116
41.399999998509884
41.40000000037253
42.90000000037253
43.69999999925494
44.40000000037253
46.20000000111759
41.5
41.79999999888241
48.59999999962747
43
40.90000000037253
44.09999999962747
41.80000000074506
40.80000000074506
41.29999999888241
41.5
44.40000000037253
46.90000000037253
40.69999999925494
42
54.09999999962747
42.600000001490116
41
40.899999998509884
41.600000001490116
41.5
41.29999999888241
46.20000000111759
46.5
46.29999999888241
42.09999999962747
41.100000001490116
44.79999999888241
42.90000000037253
42.59999999962747
42.80000000074506
42.79999999888241
42.5
42.80000000074506
41.30000000074506
44.399999998509884
44.80000000074506
42.80000000074506
41.899999998509884
52.80000000074506
40.09999999962747
43.30000000074506
43.5
41.79999999888241
42
43.90000000037253
42.30000000074506
44.09999999962747
48.19999999925494
42.20000000111759
42.40000000037253
43.399999998509884
42.90000000037253
41.59999999962747
41.90000000037253
43.70000000111759
41.69999999925494
46.09999999962747
40.80000000074506
44.59999999962747
50
43.90000000037253
47.59999999962747
43.09999999962747
40.80000000074506
41.5
43
42.90000000037253
42.399999998509884
43
43.20000000111759
47.19999999925494
47.40000000037253
45.5
43
41.69999999925494
43.40000000037253
47.30000000074506
41.40000000037253
41.19999999925494
41
41.09999999962747
40.70000000111759
46
47.399999998509884
46
41.5
41.40000000037253
41.40000000037253
41
41.30000000074506
41.79999999888241
41.59999999962747
42.20000000111759
42.5
48.09999999962747
45.90000000037253
43.29999999888241
42.40000000037253
42.70000000111759
41.69999999925494
43.30000000074506
40.79999999888241
41.30000000074506
42.29999999888241
42.600000001490116
41.899999998509884
44.100000001490116
51.19999999925494
44.09999999962747
41.70000000111759
42.19999999925494
40.59999999962747
41.30000000074506
41.09999999962747
40.80000000074506
41
41.19999999925494
40.90000000037253
44.09999999962747
46.19999999925494
42.600000001490116
42.5
45.899999998509884
42
43
41.30000000074506
40.90000000037253
41.29999999888241
42.80000000074506
41.19999999925494
45.30000000074506
47.69999999925494
44.90000000037253
41.20000000111759
40.79999999888241
41.20000000111759
42.19999999925494
41.80000000074506
42.19999999925494
41.59999999962747
41.5
43.5
51.20000000111759
50.5
42.399999998509884
41.30000000074506
41.19999999925494
41.100000001490116
40.899999998509884
41.20000000111759
41.19999999925494
40.90000000037253
44.09999999962747
42.40000000037253
43.90000000037253
45.40000000037253
45.29999999888241
41.5
42.59999999962747
41.70000000111759
45.40000000037253
40.59999999962747
41.19999999925494
40.09999999962747
42.80000000074506
42
44
47.80000000074506
43.29999999888241
45
41.40000000037253
41.30000000074506
41.5
46.5
39.69999999925494
40.09999999962747
44.09999999962747
42.70000000111759
43.29999999888241
46.80000000074506
44.59999999962747
42
41
40.40000000037253
40
40.30000000074506
40.69999999925494
40.40000000037253
46.19999999925494
41.5
43.59999999962747
46
42.20000000111759
45.19999999925494
40.40000000037253
40.80000000074506
40.79999999888241
41
42.80000000074506
40.69999999925494
40.5
41.20000000111759
43.399999998509884
44.20000000111759
44
41.09999999962747
40.40000000037253
45.69999999925494
41.40000000037253
41
40.90000000037253
41
39.59999999962747
40.69999999925494
45.30000000074506
47.19999999925494
41.600000001490116
41.5
41.09999999962747
41.79999999888241
40.40000000037253
40.80000000074506
39.69999999925494
41.59999999962747
40.20000000111759
41.69999999925494
47.90000000037253
44.19999999925494
45.5
41.100000001490116
40.79999999888241
41
40.59999999962747
42.100000001490116
39.69999999925494
40.69999999925494
40.100000001490116
39.79999999888241
45
50.40000000037253
40.80000000074506
42.09999999962747
40.40000000037253
40.19999999925494
40.5
40.30000000074506
40.19999999925494
39.69999999925494
40.40000000037253
40.30000000074506
41.59999999962747
45
40.80000000074506
53
42.09999999962747
45.69999999925494
40.70000000111759
40.09999999962747
40
39.90000000037253
40.09999999962747
40.90000000037253
43.899999998509884
43.90000000037253
40.30000000074506
42.59999999962747
41.59999999962747
40.70000000111759
40.59999999962747
41.09999999962747
39
40.09999999962747
40.5
39.09999999962747
43.90000000037253
46.59999999962747
45.600000001490116
43.899999998509884
42.600000001490116
40.29999999888241
41.09999999962747
40.5
40.600000001490116
40.899999998509884
40.80000000074506
40.30000000074506
46.399999998509884
45.100000001490116
40.399999998509884
44.40000000037253
40.40000000037253
41.59999999962747
39.70000000111759
45
38.19999999925494
40.40000000037253
40.5
46.40000000037253
42.5
44.59999999962747
39.29999999888241
43.80000000074506
39.90000000037253
40
40.69999999925494
40.5
39.80000000074506
39.5
40.09999999962747
39.59999999962747
46.20000000111759
43.899999998509884
40.5
41.5
39.30000000074506
39.40000000037253
40.69999999925494
39.40000000037253
39.5
40
39
39.40000000037253
42.40000000037253
44.29999999888241
39.59999999962747
38.80000000074506
49.69999999925494
40.100000001490116
40.29999999888241
38.90000000037253
39.59999999962747
45
39.30000000074506
41
43.59999999962747
45.30000000074506
40.399999998509884
39.5
39.90000000037253
41.40000000037253
40.30000000074506
39.69999999925494
40.80000000074506
41.19999999925494
39.5
39.40000000037253
41.40000000037253
44.899999998509884
40.600000001490116
43.79999999888241
38.5
44.30000000074506
40.29999999888241
39.70000000111759
42.69999999925494
39.59999999962747
40.30000000074506
45
42.5
43.80000000074506
39.59999999962747
40.5
39
40
39.79999999888241
39.600000001490116
39
44.09999999962747
39.29999999888241
39
41.100000001490116
42.29999999888241
39
38.59999999962747
39.100000001490116
38.69999999925494
42.59999999962747
39.40000000037253
38.90000000037253
39.29999999888241
38.90000000037253
39.20000000111759
44
45.69999999925494
40.59999999962747
39.30000000074506
41.09999999962747
39.40000000037253
45.5
39.40000000037253
39.19999999925494
39
39.09999999962747
38.5
42.90000000037253
45.80000000074506
39.19999999925494
40.30000000074506
39
39.69999999925494
38.69999999925494
44.100000001490116
42
39.59999999962747
41.5
40.5
46.5
41.79999999888241
40.100000001490116
38.399999998509884
39.600000001490116
42
38.899999998509884
40.40000000037253
40
39
39.20000000111759
40.59999999962747
40.79999999888241
43.5
38.5
38.20000000111759
39.69999999925494
39.90000000037253
43.90000000037253
39.19999999925494
43.09999999962747
38.90000000037253
38.80000000074506
39.09999999962747
43.59999999962747
43.09999999962747
39.90000000037253
40.70000000111759
39.19999999925494
38.5
40.30000000074506
38.59999999962747
40.90000000037253
41.09999999962747
38.90000000037253
39
40.69999999925494
44.09999999962747
38.90000000037253
44.5
39.40000000037253
38.69999999925494
39.20000000111759
39.399999998509884
38.5
43.20000000111759
39.59999999962747
39.59999999962747
44
43.09999999962747
39.100000001490116
39.399999998509884
39.5
38.70000000111759
40.19999999925494
41.59999999962747
40.600000001490116
45.899999998509884
38.20000000111759
40.09999999962747
41.30000000074506
43.899999998509884
41.30000000074506
39.40000000037253
38.90000000037253
38.69999999925494
39.09999999962747
38.80000000074506
38.90000000037253
40.5
43.5
39.79999999888241
43.5
44.30000000074506
38.59999999962747
44.30000000074506
40.09999999962747
38.59999999962747
38.90000000037253
43.69999999925494
39.70000000111759
40.09999999962747
40.29999999888241
39.70000000111759
42.19999999925494
45.59999999962747
40.20000000111759
41.69999999925494
39.90000000037253
40
39.90000000037253
38.5
39
38.40000000037253
39.29999999888241
51.90000000037253
47.80000000074506
45.19999999925494
39.5
38.19999999925494
39.30000000074506
39.30000000074506
39.09999999962747
46.19999999925494
39.90000000037253
40.09999999962747
40.30000000074506
45.79999999888241
42.5
43.600000001490116
39.5
40.5
39.5
40.69999999925494
43.90000000037253
37.19999999925494
38.90000000037253
38.30000000074506
38.899999998509884
40.40000000037253
54.40000000037253
44.30000000074506
40.69999999925494
38.80000000074506
39.5
41.5
38.399999998509884
39.30000000074506
39.30000000074506
39.29999999888241
39.30000000074506
38.69999999925494
43.90000000037253
51.80000000074506
40.29999999888241
39
39.40000000037253
39.09999999962747
38.70000000111759
39.79999999888241
40.20000000111759
39.19999999925494
38.19999999925494
39.100000001490116
41.399999998509884
51.5
40
39.30000000074506
40.09999999962747
39.80000000074506
39.09999999962747
39.59999999962747
40.20000000111759
39.29999999888241
46.20000000111759
40
41.5
44.399999998509884
41.100000001490116
39.09999999962747
39.59999999962747
38.90000000037253
39.69999999925494
38.70000000111759
40.59999999962747
39.90000000037253
39.19999999925494
39.09999999962747
41.80000000074506
45.59999999962747
42.90000000037253
45
39
41.09999999962747
41.90000000037253
39.79999999888241
41
39.40000000037253
40.90000000037253
39.5
42
43.90000000037253
40.09999999962747
41.09999999962747
38.70000000111759
39.19999999925494
38.80000000074506
40.29999999888241
44.80000000074506
39
38.69999999925494
39.59999999962747
43.20000000111759
42.09999999962747
38.5
42.5
39.69999999925494
40.100000001490116
39.69999999925494
39.09999999962747
38.70000000111759
39
39.29999999888241
38.59999999962747
44.30000000074506
45.40000000037253
39.19999999925494
40.80000000074506
46.19999999925494
38.90000000037253
38.19999999925494
38.70000000111759
38.5
38.29999999888241
39.600000001490116
38.399999998509884
43.5
46.100000001490116
39.29999999888241
39.59999999962747
43.30000000074506
39.80000000074506
38.69999999925494
40.90000000037253
39.5
38.29999999888241
46.20000000111759
45.69999999925494
40.59999999962747
43.100000001490116
38.399999998509884
40.100000001490116
40.59999999962747
42.09999999962747
38.5
39.09999999962747
38.80000000074506
38.5
38.90000000037253
39.09999999962747
41.09999999962747
42.5
38.40000000037253
38.69999999925494
39.20000000111759
42.899999998509884
39.100000001490116
44.5
38.69999999925494
38.40000000037253
38.59999999962747
38.5
44.30000000074506
45.5
40
37.899999998509884
38.90000000037253
40.09999999962747
39.80000000074506
38.90000000037253
39.09999999962747
39.19999999925494
39.30000000074506
39.09999999962747
41.40000000037253
46.40000000037253
38.79999999888241
38.600000001490116
44.5
38.899999998509884
42.90000000037253
39
39.20000000111759
40.79999999888241
40.20000000111759
41.19999999925494
43.90000000037253
43.19999999925494
38.80000000074506
39.29999999888241
38.5
39
41
39.40000000037253
41.30000000074506
44.5
36.19999999925494
39.09999999962747
43.5
43.100000001490116
40.899999998509884
39.70000000111759
39.29999999888241
38.70000000111759
38.90000000037253
43
39.59999999962747
39.59999999962747
38.59999999962747
39.40000000037253
41.30000000074506
43
39.29999999888241
45.30000000074506
39.90000000037253
38.79999999888241
38.70000000111759
40.5
40.69999999925494
38.30000000074506
38.69999999925494
38.5
41
42.69999999925494
38
38.70000000111759
38.69999999925494
39.40000000037253
40
38.80000000074506
42.5
38.69999999925494
39.69999999925494
40.70000000111759
48.40000000037253
45
39.59999999962747
39.29999999888241
38.600000001490116
39.59999999962747
39.79999999888241
39.70000000111759
41.59999999962747
41.19999999925494
38.600000001490116
39
43.79999999888241
47.30000000074506
42.40000000037253
40.399999998509884
38.70000000111759
40.5
44.40000000037253
36.5
38.899999998509884
42.70000000111759
40
38.69999999925494
45.40000000037253
43.59999999962747
38.09999999962747
39.20000000111759
38.29999999888241
39.600000001490116
39.09999999962747
39.69999999925494
38.70000000111759
39.09999999962747
39.69999999925494
39.70000000111759
48.899999998509884
41.70000000111759
39
41.29999999888241
38.40000000037253
38.80000000074506
37.69999999925494
38.80000000074506
38.90000000037253
38.29999999888241
42.59999999962747
39.40000000037253
45
44.70000000111759
39.399999998509884
38.5
39.20000000111759
39
38.29999999888241
39.80000000074506
39.09999999962747
46.70000000111759
43
47
50
47.399999998509884
42.80000000074506
42.5
42.90000000037253
40.29999999888241
38.80000000074506
39.09999999962747
39.30000000074506
39.79999999888241
43.70000000111759
39.19999999925494
40.59999999962747
45.5
39.80000000074506
43.80000000074506
36.59999999962747
38.40000000037253
37.899999998509884
39.600000001490116
40.29999999888241
41
39.5
39.5
41.80000000074506
43
38.09999999962747
38.80000000074506
39.899999998509884
38
38.100000001490116
37.399999998509884
38.600000001490116
37.899999998509884
43.30000000074506
53.59999999962747
43.40000000037253
46.5
39.59999999962747
37.90000000037253
38.69999999925494
38.90000000037253
38.20000000111759
37.899999998509884
43.40000000037253
38.40000000037253
38.19999999925494
39.600000001490116
42.899999998509884
44.90000000037253
38.70000000111759
39.19999999925494
38.19999999925494
38.600000001490116
38.59999999962747
43.79999999888241
38.30000000074506
39.69999999925494
39.40000000037253
39
47.09999999962747
45.40000000037253
38
38.90000000037253
38.19999999925494
39.20000000111759
38.59999999962747
37.69999999925494
38.30000000074506
39.40000000037253
38.79999999888241
42.20000000111759
49.5
42.40000000037253
39.29999999888241
38
38.20000000111759
40.69999999925494
38.40000000037253
38.29999999888241
38.600000001490116
37.899999998509884
38.70000000111759
38.19999999925494
41.59999999962747
47.70000000111759
39.29999999888241
39.90000000037253
39.20000000111759
38.79999999888241
43.5
38.70000000111759
37.79999999888241
38.80000000074506
38.59999999962747
39.59999999962747
40.59999999962747
44.5
39.5
39.5
37.90000000037253
38.70000000111759
38.09999999962747
38.09999999962747
37.90000000037253
38
39.09999999962747
39.09999999962747
41.70000000111759
43.29999999888241
38.5
54.70000000111759
39.09999999962747
38.69999999925494
39.30000000074506
39.59999999962747
39.30000000074506
38.29999999888241
38.5
38.5
41.5
43.20000000111759
39.19999999925494
39.5
39.69999999925494
38.600000001490116
38.5
39.899999998509884
37.5
44
35.600000001490116
38
39.79999999888241
45.40000000037253
40.5
38.19999999925494
47.70000000111759
41.09999999962747
40.40000000037253
43.29999999888241
37.600000001490116
38.19999999925494
37.80000000074506
37.899999998509884
44.100000001490116
42.09999999962747
38.79999999888241
42.30000000074506
39.19999999925494
39.5
38.5
37.80000000074506
37.09999999962747
37.90000000037253
38.40000000037253
38.69999999925494
42.5
44.5
38
38.09999999962747
38.70000000111759
42.29999999888241
38.20000000111759
37.69999999925494
39.20000000111759
40.09999999962747
38
38.09999999962747
47.59999999962747
45.40000000037253
38.69999999925494
38.5
37.70000000111759
39.69999999925494
39.90000000037253
38.59999999962747
37.90000000037253
38.69999999925494
38
38.20000000111759
40.29999999888241
43
38.100000001490116
38.899999998509884
39.600000001490116
38.59999999962747
44.79999999888241
47.70000000111759
39.29999999888241
38.40000000037253
42.09999999962747
40
42.40000000037253
42.30000000074506
38.5
39.29999999888241
38.80000000074506
38.30000000074506
38.5
38.5
38.19999999925494
37.30000000074506
38
37.69999999925494
45.5
45
38.90000000037253
38.09999999962747
37.69999999925494
37.90000000037253
38.30000000074506
38.59999999962747
38.19999999925494
41.100000001490116
39.5
37.69999999925494
40.90000000037253
44.19999999925494
38.09999999962747
38.80000000074506
38.40000000037253
38.5
38.5
37.59999999962747
39.30000000074506
44.09999999962747
41.19999999925494
39.40000000037253
43.59999999962747
44.5
39
39.09999999962747
39.100000001490116
38.29999999888241
38.59999999962747
38.40000000037253
38.90000000037253
38.09999999962747
43.20000000111759
47.19999999925494
41.59999999962747
44.59999999962747
43.90000000037253
36
39.80000000074506
38.79999999888241
38.80000000074506
39.40000000037253
38.59999999962747
38.09999999962747
38.5
39.09999999962747
42.20000000111759
43.09999999962747
38.09999999962747
38.09999999962747
38.100000001490116
38.59999999962747
39.29999999888241
39
37.600000001490116
43.5
37.59999999962747
43.19999999925494
44.40000000037253
45.19999999925494
37.80000000074506
38.59999999962747
38.09999999962747
38.20000000111759
38.59999999962747
38.59999999962747
38.5
37.90000000037253
44.30000000074506
40.09999999962747
43.79999999888241
43.5
39
37.90000000037253
38.70000000111759
38.29999999888241
43.70000000111759
40.19999999925494
38.69999999925494
38.40000000037253
39.09999999962747
38.70000000111759
44.59999999962747
48.09999999962747
40
39.90000000037253
38.80000000074506
39.29999999888241
39.70000000111759
41
39.59999999962747
38.69999999925494
41.80000000074506
44.29999999888241
39.100000001490116
43.899999998509884
39.80000000074506
39.5
40.40000000037253
38.90000000037253
37.899999998509884
38.30000000074506
38.19999999925494
38.40000000037253
38.70000000111759
38
40.79999999888241
42.20000000111759
41.399999998509884
38.70000000111759
37.59999999962747
43.40000000037253
38.09999999962747
38.19999999925494
38.90000000037253
41.5
38
38.80000000074506
39.90000000037253
42.59999999962747
39.90000000037253
40.19999999925494
39.09999999962747
51.59999999962747
38.70000000111759
38.5
38.5
39.69999999925494
39.70000000111759
39.399999998509884
41.30000000074506
45.30000000074506
43.79999999888241
41.90000000037253
40.19999999925494
38.600000001490116
38.19999999925494
38.40000000037253
38.90000000037253
39.29999999888241
39.30000000074506
39.09999999962747
41.19999999925494
45
37.70000000111759
39.90000000037253
39.59999999962747
39.59999999962747
40.30000000074506
43.399999998509884
35.90000000037253
38.90000000037253
39.59999999962747
40.09999999962747
45.40000000037253
45.5
37.70000000111759
39.69999999925494
41.19999999925494
38.70000000111759
38.29999999888241
38.20000000111759
37.29999999888241
37.5
38.100000001490116
38.19999999925494
43.90000000037253
41.59999999962747
43.09999999962747
37.90000000037253
37.59999999962747
45.09999999962747
38.20000000111759
38.09999999962747
37.40000000037253
37.90000000037253
37.69999999925494
38
41
42.59999999962747
38.09999999962747
40
39.30000000074506
38.59999999962747
50
40.09999999962747
37.90000000037253
37.70000000111759
38.399999998509884
43.20000000111759
42.19999999925494
42.90000000037253
38.40000000037253
38.5
39.59999999962747
38.19999999925494
37.80000000074506
40.19999999925494
38.80000000074506
38.30000000074506
39.09999999962747
39
40.19999999925494
41.5
38.80000000074506
39.90000000037253
43.29999999888241
35.59999999962747
38.100000001490116
37.59999999962747
45
40.69999999925494
38.30000000074506
37.79999999888241
41.30000000074506
42.5
37.80000000074506
39.59999999962747
38.19999999925494
38.20000000111759
37.69999999925494
37.90000000037253
39.5
40
43.90000000037253
37.29999999888241
41.5
42.30000000074506
38.69999999925494
38.30000000074506
38.5
38.90000000037253
40.69999999925494
39.40000000037253
38.59999999962747
37.90000000037253
41.69999999925494
39.30000000074506
41.90000000037253
42.19999999925494
38.59999999962747
39.40000000037253
40.09999999962747
39.30000000074506
38.59999999962747
43.09999999962747
38.40000000037253
38.69999999925494
38.100000001490116
39.59999999962747
42.5
43.79999999888241
39.40000000037253
38.59999999962747
39.40000000037253
38.30000000074506
38.40000000037253
38.399999998509884
39.40000000037253
39.40000000037253
38.40000000037253
37.5
46.09999999962747
48.90000000037253
36.09999999962747
39.40000000037253
38.19999999925494
38.70000000111759
39.899999998509884
38.20000000111759
37.59999999962747
38.59999999962747
38.09999999962747
37.70000000111759
41.40000000037253
44.59999999962747
38.19999999925494
38.09999999962747
37
38
37.80000000074506
42.30000000074506
39.29999999888241
37.90000000037253
37.59999999962747
38.20000000111759
40.79999999888241
42.20000000111759
41.399999998509884
38.80000000074506
38.19999999925494
38
37.30000000074506
38.40000000037253
38.09999999962747
38.69999999925494
38.80000000074506
37.30000000074506
41.399999998509884
42.30000000074506
37.19999999925494
39.80000000074506
42.59999999962747
39.09999999962747
38.90000000037253
38.5
38.5
38.30000000074506
39.40000000037253
44.79999999888241
42.59999999962747
44.30000000074506
37.59999999962747
38.40000000037253
41.40000000037253
39
37.69999999925494
37.70000000111759
39.899999998509884
39.600000001490116
43.59999999962747
35.90000000037253
40.899999998509884
41.100000001490116
37.399999998509884
39.30000000074506
38
40.09999999962747
38.09999999962747
39.5
38
38.20000000111759
38
40.59999999962747
40.30000000074506
42.19999999925494
38.09999999962747
37.70000000111759
43.19999999925494
37
42
39
38.59999999962747
38.5
37.59999999962747
38
40.70000000111759
45.5
37.29999999888241
37.5
36.80000000074506
37.90000000037253
38.69999999925494
39.90000000037253
38.09999999962747
38.40000000037253
37.69999999925494
39.30000000074506
41.69999999925494
48.70000000111759
37.29999999888241
37.40000000037253
38.09999999962747
37.600000001490116
36.899999998509884
37.80000000074506
42.09999999962747
38.80000000074506
37.90000000037253
38
43
42.59999999962747
38.09999999962747
37
37.69999999925494
37.5
39.20000000111759
42.40000000037253
35.19999999925494
39.19999999925494
37
41.80000000074506
41.90000000037253
42.69999999925494
40
42.40000000037253
39.09999999962747
38.30000000074506
37.59999999962747
38
38.19999999925494
36.90000000037253
42.20000000111759
38.69999999925494
40.5
47
37.30000000074506
39.399999998509884
38.20000000111759
38.19999999925494
36.70000000111759
37.79999999888241
37.5
37.5
39.40000000037253
39
42.69999999925494
42.80000000074506
38.30000000074506
37.69999999925494
38.90000000037253
37.79999999888241
38
39.100000001490116
37.59999999962747
37.79999999888241
43
38.600000001490116
47.09999999962747
44
38.29999999888241
38.30000000074506
37.90000000037253
39.59999999962747
39.40000000037253
37.19999999925494
37.40000000037253
37.5
37.59999999962747
37.20000000111759
44.29999999888241
48.59999999962747
39.30000000074506
41
44.80000000074506
41.09999999962747
42.09999999962747
39.59999999962747
42.90000000037253
44
39
38.80000000074506
41.59999999962747
49.59999999962747
38.69999999925494
38.80000000074506
37.90000000037253
38.40000000037253
39.69999999925494
38.19999999925494
37.600000001490116
38.29999999888241
42.30000000074506
37.40000000037253
40.69999999925494
40.90000000037253
38.19999999925494
37.59999999962747
38.70000000111759
38.5
37.29999999888241
38.70000000111759
38.5
36.79999999888241
37.20000000111759
36.69999999925494
40.90000000037253
45.69999999925494
37.80000000074506
48.69999999925494
38
37.70000000111759
37.19999999925494
44.70000000111759
37.899999998509884
37.90000000037253
39.20000000111759
39.29999999888241
42.30000000074506
42.69999999925494
37.59999999962747
39.20000000111759
40
37.5
38.40000000037253
39.79999999888241
42.59999999962747
38.600000001490116
37.79999999888241
38.30000000074506
42.19999999925494
50.20000000111759
35.899999998509884
37.80000000074506
44.19999999925494
39.20000000111759
39
37.79999999888241
37.100000001490116
38.69999999925494
37.19999999925494
38.100000001490116
40.399999998509884
41.40000000037253
39.5
38.80000000074506
38
42
41.69999999925494
43.09999999962747
38.40000000037253
37.80000000074506
37.69999999925494
38.09999999962747
42
44.40000000037253
37.20000000111759
38.29999999888241
37.30000000074506
38.19999999925494
48.80000000074506
39.69999999925494
37.90000000037253
38.90000000037253
38.79999999888241
39.70000000111759
40.59999999962747
42
37.30000000074506
37.69999999925494
42.59999999962747
38.30000000074506
38.09999999962747
37.59999999962747
38.30000000074506
37.40000000037253
47.09999999962747
37.69999999925494
44.09999999962747
44.40000000037253
40.40000000037253
37.5
38.19999999925494
37.40000000037253
39.40000000037253
38.30000000074506
41.79999999888241
44.40000000037253
44.5
37.09999999962747
40.90000000037253
41.59999999962747
37.20000000111759
39.69999999925494
37.30000000074506
38.19999999925494
38.19999999925494
37.40000000037253
39.30000000074506
39.19999999925494
38.5
38.5
39.90000000037253
42.30000000074506
37.69999999925494
38.19999999925494
42.90000000037253
37.59999999962747
37.30000000074506
37.30000000074506
37.19999999925494
37.69999999925494
41.40000000037253
38.40000000037253
46.90000000037253
41.69999999925494
37.90000000037253
37.5
37.19999999925494
37.80000000074506
38.30000000074506
38.09999999962747
37.69999999925494
37.5
38.40000000037253
39.19999999925494
45.5
56.80000000074506
38.59999999962747
38.90000000037253
37.59999999962747
38.5
38.40000000037253
39.09999999962747
39
37.80000000074506
38.19999999925494
37.5
44.20000000111759
42.899999998509884
37.5
38.600000001490116
38.19999999925494
38.09999999962747
39.5
43.59999999962747
36.70000000111759
38.69999999925494
37.80000000074506
38.79999999888241
42.30000000074506
43.19999999925494
38.100000001490116
37.79999999888241
37.5
38.20000000111759
37.09999999962747
37.5
37.5
38.40000000037253
38
36.79999999888241
42
46.20000000111759
39.79999999888241
40.30000000074506
37.5
38
39
37
37.5
38.79999999888241
38.40000000037253
37.40000000037253
40.80000000074506
41.399999998509884
38.40000000037253
39.90000000037253
38.69999999925494
37.80000000074506
38.90000000037253
37.90000000037253
37.899999998509884
37.20000000111759
43.40000000037253
37.19999999925494
40.5
43.90000000037253
37.5
37.59999999962747
41.09999999962747
37.80000000074506
37.79999999888241
38.80000000074506
38.09999999962747
37.40000000037253
37.40000000037253
37.19999999925494
40.20000000111759
41.29999999888241
39.70000000111759
36.5
43.5
37.399999998509884
37.30000000074506
37.09999999962747
36.90000000037253
38.69999999925494
37.30000000074506
37
41.59999999962747
42
36.90000000037253
37.69999999925494
36.90000000037253
37.30000000074506
40.5
36.90000000037253
37
36.19999999925494
37.80000000074506
41.79999999888241
38.59999999962747
40.40000000037253
37.30000000074506
36.19999999925494
37
37
37.40000000037253
44.69999999925494
38.20000000111759
37.40000000037253
37
37.19999999925494
39.90000000037253
41
37.40000000037253
36.59999999962747
37.90000000037253
36.79999999888241
38
37.20000000111759
42
43.899999998509884
39.20000000111759
37.90000000037253
41.09999999962747
45.79999999888241
39.40000000037253
38.40000000037253
37.30000000074506
37.59999999962747
36.59999999962747
38.09999999962747
37.40000000037253
37.40000000037253
37.79999999888241
36.90000000037253
42.09999999962747
47.5
35.20000000111759
38.09999999962747
40
37.90000000037253
40.59999999962747
37.30000000074506
37.399999998509884
36.600000001490116
36.29999999888241
41.70000000111759
41.5
41.399999998509884
38.20000000111759
36.69999999925494
40.30000000074506
36.79999999888241
36.5
37.5
42.20000000111759
36.79999999888241
36.90000000037253
38.09999999962747
39.90000000037253
41.20000000111759
36.899999998509884
37.5
37.90000000037253
36.5
37.59999999962747
37
37.20000000111759
37.79999999888241
37.5
37.30000000074506
41.69999999925494
45
37.80000000074506
36.19999999925494
37.5
38.100000001490116
42.09999999962747
37
37
37
37.19999999925494
37
41.30000000074506
42.29999999888241
38.20000000111759
39.5
37.40000000037253
37.399999998509884
37.100000001490116
36.5
41.899999998509884
39.20000000111759
37.5
43.19999999925494
37.09999999962747
40.600000001490116
37.5
43
37.5
36.399999998509884
37.30000000074506
37.80000000074506
36.899999998509884
37.40000000037253
37.09999999962747
38.30000000074506
39.5
40.80000000074506
37.59999999962747
38.69999999925494
37.40000000037253
41.59999999962747
36.70000000111759
37
37.899999998509884
36.70000000111759
36.69999999925494
37
39.20000000111759
42
36.399999998509884
36.30000000074506
37
37
44.19999999925494
39.100000001490116
36.29999999888241
37
37
37.59999999962747
42
41.70000000111759
36.90000000037253
42.29999999888241
36.30000000074506
37.40000000037253
36.09999999962747
37
36.90000000037253
36
36.19999999925494
36.69999999925494
39.600000001490116
42.5
36.899999998509884
39.100000001490116
36.399999998509884
36.80000000074506
38.80000000074506
36.59999999962747
42.19999999925494
38.5
37.30000000074506
37.5
42.79999999888241
43.40000000037253
36.59999999962747
36.20000000111759
36.59999999962747
37
36.59999999962747
37.40000000037253
39.30000000074506
36
37.899999998509884
37.70000000111759
41.59999999962747
41.59999999962747
43.09999999962747
36.80000000074506
36.5
36.59999999962747
37.90000000037253
35.80000000074506
36.29999999888241
36.80000000074506
36.5
37.09999999962747
43.5
41.69999999925494
36.90000000037253
37.59999999962747
37.100000001490116
37
37.69999999925494
36.69999999925494
36.100000001490116
37.399999998509884
36.20000000111759
36.79999999888241
46.70000000111759
43.19999999925494
39.09999999962747
36.80000000074506
36.90000000037253
37.09999999962747
36.5
38.19999999925494
36.80000000074506
36.59999999962747
36.40000000037253
37
39.09999999962747
40.70000000111759
39
41.29999999888241
36.90000000037253
43.69999999925494
34.90000000037253
36.70000000111759
36.59999999962747
38.19999999925494
37.20000000111759
40.19999999925494
43.59999999962747
43.80000000074506
38.29999999888241
37.20000000111759
39.59999999962747
37.69999999925494
36.90000000037253
36.90000000037253
36
37.40000000037253
36.90000000037253
41.09999999962747
39.19999999925494
40.90000000037253
36.69999999925494
36.70000000111759
36.29999999888241
41.30000000074506
38.40000000037253
37.29999999888241
37.70000000111759
36.59999999962747
36.09999999962747
36.59999999962747
41.600000001490116
43.5
36.69999999925494
36.59999999962747
37.40000000037253
36.59999999962747
38
39
36.5
42
37
36
40
42.40000000037253
36.90000000037253
37.79999999888241
37.100000001490116
37.09999999962747
37.29999999888241
37.40000000037253
44.70000000111759
38.29999999888241
37.30000000074506
38.5
39.59999999962747
44.59999999962747
42.90000000037253
35.19999999925494
37.600000001490116
36.59999999962747
38.09999999962747
36.30000000074506
36.399999998509884
36.90000000037253
37.40000000037253
36.90000000037253
39
40.69999999925494
37.59999999962747
37.600000001490116
36.69999999925494
37.90000000037253
35.90000000037253
36.5
41.899999998509884
35.80000000074506
36.90000000037253
39.69999999925494
38.70000000111759
40
36.09999999962747
44.09999999962747
38
39.80000000074506
40
36.5
36.19999999925494
36.80000000074506
35.899999998509884
35.90000000037253
42.30000000074506
40.69999999925494
36.59999999962747
36.30000000074506
37.19999999925494
36.40000000037253
41.30000000074506
36
36
38.09999999962747
37.5
36
41.69999999925494
43.20000000111759
40
38.40000000037253
36.399999998509884
35.90000000037253
38
36.20000000111759
37.899999998509884
38.100000001490116
35.899999998509884
41.70000000111759
36.59999999962747
43.19999999925494
36.600000001490116
39.59999999962747
37.59999999962747
37
37
36.30000000074506
36.29999999888241
36.30000000074506
36.19999999925494
35.30000000074506
38.59999999962747
41.30000000074506
36.79999999888241
36.20000000111759
36
44.5
37
35.59999999962747
36.79999999888241
37.600000001490116
36.5
36.09999999962747
38.29999999888241
40.20000000111759
36.19999999925494
35.40000000037253
36.30000000074506
35.899999998509884
37.80000000074506
38.5
36.5
37
36.59999999962747
36.30000000074506
39.40000000037253
42.59999999962747
36.90000000037253
41
35.899999998509884
36.70000000111759
37.09999999962747
38.19999999925494
40.100000001490116
37.59999999962747
37.40000000037253
37.69999999925494
39.59999999962747
40.80000000074506
37.59999999962747
36.69999999925494
40.30000000074506
39
36.40000000037253
36.40000000037253
41.399999998509884
36.20000000111759
36.5
37.79999999888241
41.20000000111759
39.90000000037253
36.399999998509884
36.90000000037253
36.30000000074506
37.5
37
36.19999999925494
36.70000000111759
36.399999998509884
36.100000001490116
45.399999998509884
41.80000000074506
43.5
42.09999999962747
44.70000000111759
36.59999999962747
37.29999999888241
35.80000000074506
36.80000000074506
35.19999999925494
36.30000000074506
36.29999999888241
36.80000000074506
40.40000000037253
43.69999999925494
37.5
35.90000000037253
36.29999999888241
36.100000001490116
36.09999999962747
36.79999999888241
36.600000001490116
37
36.79999999888241
36.40000000037253
46
54.09999999962747
37.40000000037253
36.69999999925494
36.40000000037253
37.59999999962747
38.70000000111759
37.40000000037253
37.29999999888241
35.59999999962747
35.80000000074506
36.69999999925494
38.40000000037253
40.90000000037253
39.19999999925494
36.20000000111759
36.29999999888241
40.100000001490116
33.69999999925494
36.5
35.59999999962747
38.30000000074506
36.19999999925494
35.90000000037253
38.5
40.19999999925494
36.80000000074506
36.09999999962747
42.09999999962747
37.100000001490116
36.5
35.79999999888241
37
37.20000000111759
38.29999999888241
42.5
38.5
41.70000000111759
36.59999999962747
36.19999999925494
35.80000000074506
36.19999999925494
36.09999999962747
36.100000001490116
36.59999999962747
36.29999999888241
36
38
39.5
41.5
36.5
35.90000000037253
36.30000000074506
35.69999999925494
36.70000000111759
40.59999999962747
36.29999999888241
41.100000001490116
36.09999999962747
37.59999999962747
41.30000000074506
42
37.09999999962747
36.69999999925494
36.5
37.80000000074506
36.40000000037253
37.5
38.399999998509884
37.5
36.40000000037253
39.09999999962747
40.90000000037253
40.90000000037253
41.30000000074506
34.899999998509884
37.40000000037253
36.40000000037253
38.69999999925494
36.30000000074506
37.09999999962747
36
40.59999999962747
37.80000000074506
43.19999999925494
40.100000001490116
36.79999999888241
37.20000000111759
36.59999999962747
36.90000000037253
35.79999999888241
36.5
41.40000000037253
37.30000000074506
36.5
37.899999998509884
41.90000000037253
40.5
36.70000000111759
37.29999999888241
36.70000000111759
36.399999998509884
36.100000001490116
36.5
36.59999999962747
36.29999999888241
36.600000001490116
36.399999998509884
38.600000001490116
44.09999999962747
38.09999999962747
40.5
37.80000000074506
39.19999999925494
42.5
36.59999999962747
36
36.90000000037253
36.80000000074506
36.899999998509884
42.30000000074506
43.30000000074506
38.19999999925494
38.59999999962747
36.20000000111759
36.79999999888241
36.40000000037253
36.59999999962747
38.30000000074506
36.29999999888241
36.70000000111759
41.29999999888241
37.90000000037253
40.30000000074506
36.90000000037253
44.09999999962747
37.40000000037253
36.79999999888241
36.30000000074506
36.59999999962747
37.5
36
36.5
36.19999999925494
40.5
40
36.100000001490116
37.09999999962747
37.90000000037253
42.79999999888241
36
37.40000000037253
35.5
37.30000000074506
36.79999999888241
35.5
39.20000000111759
43.5
36.09999999962747
36.19999999925494
35.80000000074506
36.40000000037253
46.09999999962747
37.90000000037253
36.19999999925494
37.40000000037253
36.59999999962747
37.5
41.5
42
36.5
42.40000000037253
37.5
35.90000000037253
36.79999999888241
36.5
35.80000000074506
36.29999999888241
36.80000000074506
36.59999999962747
39.40000000037253
41.5
36.30000000074506
36
36.5
38.69999999925494
36
36.40000000037253
41.40000000037253
38.29999999888241
37.09999999962747
36
41.100000001490116
40.399999998509884
36.20000000111759
36.09999999962747
36.19999999925494
36.80000000074506
36.80000000074506
36.09999999962747
36.40000000037253
35.69999999925494
36.80000000074506
38.09999999962747
38.29999999888241
40.30000000074506
40.19999999925494
36.20000000111759
35.79999999888241
35.70000000111759
36
35.5
36.09999999962747
35.90000000037253
36.19999999925494
36.70000000111759
41.399999998509884
43.100000001490116
36.5
37.69999999925494
36.69999999925494
36.5
35.90000000037253
37
36.20000000111759
36.09999999962747
36.40000000037253
36
46
43.5
36.899999998509884
35.80000000074506
36.69999999925494
36.30000000074506
37.69999999925494
36.600000001490116
35.59999999962747
36.19999999925494
36.30000000074506
36
38.09999999962747
44
39
39.5
37
41.30000000074506
35.69999999925494
36.90000000037253
37
36.19999999925494
36.5
36.30000000074506
39.79999999888241
40.30000000074506
37
35.80000000074506
37.09999999962747
37.40000000037253
35.5
35.79999999888241
35.70000000111759
36.09999999962747
36.09999999962747
41.5
38.40000000037253
39.90000000037253
35.899999998509884
35.40000000037253
36.5
36.59999999962747
42.30000000074506
36.09999999962747
37.70000000111759
36.5
35.79999999888241
36.70000000111759
38.899999998509884
43.90000000037253
35.70000000111759
35.69999999925494
36
36.90000000037253
37.29999999888241
37.40000000037253
37.30000000074506
40.40000000037253
36.09999999962747
36
39.29999999888241
43.100000001490116
36.79999999888241
36.70000000111759
36.399999998509884
35.5
36
38.70000000111759
37.59999999962747
40.90000000037253
36.29999999888241
38.600000001490116
39.399999998509884
40.20000000111759
41.69999999925494
41.5
36
36.09999999962747
37.600000001490116
36.399999998509884
41.600000001490116
35.59999999962747
38.19999999925494
36.5
41.70000000111759
43.29999999888241
35.90000000037253
36
35.90000000037253
36.19999999925494
36.20000000111759
36
40.79999999888241
35.80000000074506
37.69999999925494
44.09999999962747
41.70000000111759
44.90000000037253
36.09999999962747
36.09999999962747
36.69999999925494
36.40000000037253
36.20000000111759
36.5
36.5
36.899999998509884
37.40000000037253
37
40.70000000111759
40.399999998509884
38
36.100000001490116
36.69999999925494
36.09999999962747
40.30000000074506
37.40000000037253
36.79999999888241
36.09999999962747
36
36.80000000074506
42.69999999925494
47.40000000037253
36
39.90000000037253
35.59999999962747
36.5
36.5
37
38
36
36.09999999962747
41.30000000074506
36.19999999925494
40.5
35.80000000074506
38.30000000074506
38.59999999962747
37.40000000037253
37.899999998509884
41.70000000111759
41.29999999888241
37.80000000074506
37
35.40000000037253
38.40000000037253
40
36.5
36.399999998509884
36.90000000037253
41.09999999962747
40.600000001490116
37.399999998509884
36.100000001490116
35.5
35.79999999888241
35.90000000037253
37.90000000037253
39.69999999925494
36.30000000074506
36.19999999925494
35.40000000037253
35.69999999925494
35.30000000074506
35.90000000037253
38.09999999962747
36.09999999962747
36.70000000111759
36.09999999962747
40.40000000037253
42.09999999962747
36
41.59999999962747
35.80000000074506
36.69999999925494
36.59999999962747
37.20000000111759
37
39.59999999962747
37.69999999925494
36.5
38.5
43.59999999962747
37.30000000074506
35.90000000037253
36.59999999962747
37.59999999962747
35.90000000037253
36.09999999962747
40.09999999962747
34.30000000074506
36.40000000037253
38.79999999888241
41.20000000111759
39.90000000037253
36.59999999962747
36.29999999888241
35.70000000111759
36.40000000037253
36.29999999888241
36.70000000111759
35.69999999925494
36.5
37.5
37.59999999962747
41.70000000111759
43.399999998509884
41.40000000037253
37.5
37.20000000111759
36.09999999962747
37.59999999962747
36.59999999962747
36.40000000037253
36.5
36.59999999962747
36.5
38.09999999962747
41.5
36.20000000111759
36.90000000037253
35.899999998509884
36.100000001490116
36.59999999962747
36.90000000037253
37.19999999925494
37.19999999925494
36.80000000074506
37.80000000074506
48
39.69999999925494
36.5
40.09999999962747
37.40000000037253
36.90000000037253
38
37.19999999925494
37.40000000037253
36.59999999962747
38.09999999962747
36.80000000074506
39
44.19999999925494
37.90000000037253
36.80000000074506
37
42.59999999962747
35.40000000037253
36.19999999925494
39.30000000074506
36.29999999888241
35.90000000037253
36.30000000074506
38.90000000037253
41.399999998509884
36.40000000037253
38.30000000074506
38
36.19999999925494
38.90000000037253
37.19999999925494
36.600000001490116
35.899999998509884
36.20000000111759
41.09999999962747
39.5
40.19999999925494
36.5
36.40000000037253
35.70000000111759
36.59999999962747
36.5
37.5
37.90000000037253
36.69999999925494
35.80000000074506
36.29999999888241
42
40.40000000037253
36.90000000037253
36.19999999925494
36.70000000111759
38.09999999962747
37.69999999925494
36.70000000111759
36
44
37.09999999962747
36.69999999925494
39.80000000074506
42.5
37.19999999925494
36.59999999962747
35.80000000074506
37.69999999925494
38.100000001490116
36
36.5
36.59999999962747
38.40000000037253
39.59999999962747
38.69999999925494
40.30000000074506
41.69999999925494
35
37
37.20000000111759
36.29999999888241
36.90000000037253
38.09999999962747
38.30000000074506
36
36.19999999925494
41.80000000074506
41.59999999962747
37
37.09999999962747
36
36.09999999962747
36.600000001490116
36.5
41.59999999962747
36.29999999888241
36.30000000074506
36.09999999962747
37.80000000074506
41.29999999888241
37.70000000111759
36.69999999925494
36.30000000074506
36
35.90000000037253
36.59999999962747
36.79999999888241
36.40000000037253
36.59999999962747
38.20000000111759
40.59999999962747
40.69999999925494
37.20000000111759
39.5
37.79999999888241
36.100000001490116
41.5
36.5
36.29999999888241
36.30000000074506
35.59999999962747
36.30000000074506
40
40.29999999888241
36.90000000037253
35.90000000037253
38
38
36.40000000037253
36.19999999925494
37.40000000037253
37.09999999962747
38.80000000074506
41.899999998509884
37.30000000074506
40.80000000074506
39.79999999888241
35.90000000037253
36.5
35.80000000074506
40.19999999925494
37.30000000074506
36
36.5
36.59999999962747
35.19999999925494
41.30000000074506
42.40000000037253
36.79999999888241
36.5
36
42.40000000037253
35.69999999925494
37.80000000074506
36.59999999962747
36.20000000111759
35.899999998509884
35.600000001490116
39.5
40.5
36.59999999962747
36.09999999962747
35.69999999925494
38.20000000111759
37
36.09999999962747
36.19999999925494
39.30000000074506
37.30000000074506
36.5
41
42.29999999888241
37
41
36.80000000074506
35.69999999925494
36
36
37.40000000037253
37.09999999962747
38.09999999962747
37.100000001490116
38.69999999925494
40.19999999925494
37
38
36.100000001490116
38.399999998509884
36.20000000111759
36.29999999888241
44.40000000037253
34
37.30000000074506
37.79999999888241
42.100000001490116
40.09999999962747
37.29999999888241
35.70000000111759
36.40000000037253
36.19999999925494
36.80000000074506
37.59999999962747
36.19999999925494
36.09999999962747
36.100000001490116
37.5
37.899999998509884
40.5
43.100000001490116
36.79999999888241
36.09999999962747
35.80000000074506
36.19999999925494
36.70000000111759
37
46.90000000037253
37.29999999888241
36
38.59999999962747
40.20000000111759
37.29999999888241
39.600000001490116
36.5
36.59999999962747
35.90000000037253
36.5
36.899999998509884
35.70000000111759
36.09999999962747
36.09999999962747
44.20000000111759
42
35.899999998509884
36.600000001490116
36.899999998509884
37.100000001490116
36.899999998509884
35.600000001490116
36.399999998509884
35.70000000111759
42.69999999925494
37.80000000074506
40.19999999925494
42
37.5
36.20000000111759
36.09999999962747
41.40000000037253
37.79999999888241
37.30000000074506
35.90000000037253
38.19999999925494
36.90000000037253
35.90000000037253
38.5
39.79999999888241
36.09999999962747
36.40000000037253
37.09999999962747
35.70000000111759
36.90000000037253
36.5
37.19999999925494
36.80000000074506
36.19999999925494
40.19999999925494
38
39.5
35.70000000111759
35.69999999925494
36.30000000074506
36
36.09999999962747
37.09999999962747
36.20000000111759
38.69999999925494
36.5
35.5
40.90000000037253
42.79999999888241
35.600000001490116
35.899999998509884
35.30000000074506
36.59999999962747
36.40000000037253
35.09999999962747
36.20000000111759
41.09999999962747
37
37.59999999962747
38.80000000074506
41.69999999925494
36.19999999925494
35.90000000037253
35.90000000037253
36
37.90000000037253
36.90000000037253
36.59999999962747
35.40000000037253
36.19999999925494
38
44
40.80000000074506
39.899999998509884
34.600000001490116
38.79999999888241
36.30000000074506
36.79999999888241
36
35.5
36.30000000074506
36.09999999962747
35.90000000037253
39
41.40000000037253
37.40000000037253
35.899999998509884
35.80000000074506
35.40000000037253
41.29999999888241
35.80000000074506
36.19999999925494
35.30000000074506
36.59999999962747
35.90000000037253
37.80000000074506
40.5
36.69999999925494
40.30000000074506
37.5
35.59999999962747
35.19999999925494
35.90000000037253
35.80000000074506
35.79999999888241
36
36.40000000037253
38.80000000074506
40.79999999888241
36.40000000037253
36.5
41.19999999925494
37.5
36.20000000111759
35.90000000037253
35.899999998509884
35.90000000037253
36.59999999962747
35.30000000074506
42.59999999962747
42.5
35.90000000037253
36.19999999925494
36.40000000037253
37.90000000037253
39.5
38.30000000074506
36.29999999888241
40.5
34.30000000074506
35.5
37.19999999925494
43.30000000074506
35.59999999962747
37.69999999925494
35.80000000074506
35.69999999925494
35.90000000037253
37.40000000037253
37
35.59999999962747
36.20000000111759
35.59999999962747
38
39.5
35
35.79999999888241
41.30000000074506
36.59999999962747
35.80000000074506
35.09999999962747
35
35.30000000074506
41.899999998509884
37.80000000074506
38.5
39.40000000037253
35.79999999888241
36
37.600000001490116
36.399999998509884
35.5
36.30000000074506
36.30000000074506
36.899999998509884
35.90000000037253
35.40000000037253
39.40000000037253
41.09999999962747
41.59999999962747
36.09999999962747
36.30000000074506
37.69999999925494
38.30000000074506
35.5
36.90000000037253
35.79999999888241
37.100000001490116
36.399999998509884
38
51.30000000074506
37.90000000037253
36.5
35.40000000037253
38.69999999925494
36.40000000037253
35.79999999888241
41.100000001490116
33.59999999962747
36.40000000037253
35.79999999888241
42.59999999962747
42.70000000111759
38.90000000037253
36.29999999888241
37.80000000074506
36.40000000037253
36
36.19999999925494
37.30000000074506
36.29999999888241
35.80000000074506
36.29999999888241
38.20000000111759
39.90000000037253
41.399999998509884
35
39.20000000111759
37.59999999962747
35.80000000074506
35.59999999962747
34.90000000037253
35.399999998509884
35.90000000037253
35.59999999962747
37.90000000037253
40.30000000074506
40.5
35.19999999925494
36.20000000111759
35.59999999962747
38.19999999925494
36.90000000037253
36
36.19999999925494
35.600000001490116
36
46.899999998509884
42.20000000111759
36
36.29999999888241
35.100000001490116
36.59999999962747
36.19999999925494
38.70000000111759
36.59999999962747
35.90000000037253
35.899999998509884
35.600000001490116
38
40.899999998509884
36.30000000074506
37.19999999925494
35.70000000111759
41.5
34.19999999925494
35.80000000074506
37
38.79999999888241
36.600000001490116
35.5
37.69999999925494
39.40000000037253
35.40000000037253
35.79999999888241
36.90000000037253
35.40000000037253
35.90000000037253
36.09999999962747
35.79999999888241
35.80000000074506
36.09999999962747
44.70000000111759
41.29999999888241
40.70000000111759
36.29999999888241
35.40000000037253
36.59999999962747
36.40000000037253
36.40000000037253
36.79999999888241
35.600000001490116
35.899999998509884
36.30000000074506
35.69999999925494
39.30000000074506
47.40000000037253
36.29999999888241
36.90000000037253
37.30000000074506
37.40000000037253
39.5
37.79999999888241
36.40000000037253
40.59999999962747
35.70000000111759
35.69999999925494
40.90000000037253
41.59999999962747
46.09999999962747
37.59999999962747
36.40000000037253
35.40000000037253
37.59999999962747
37.09999999962747
35.600000001490116
36.5
35.5
37
42.29999999888241
39.80000000074506
40.79999999888241
35.100000001490116
36.59999999962747
35.79999999888241
38.20000000111759
36.09999999962747
37.40000000037253
35.90000000037253
37.69999999925494
37.80000000074506
38.899999998509884
40.100000001490116
35
35.59999999962747
35.09999999962747
39.5
37.09999999962747
35.30000000074506
41.09999999962747
36.40000000037253
35.5
35.69999999925494
37.70000000111759
40
35.09999999962747
36.79999999888241
37.30000000074506
36.30000000074506
43.69999999925494
36.90000000037253
36.29999999888241
36
36.80000000074506
38.30000000074506
38.09999999962747
41
35.69999999925494
35.59999999962747
37.600000001490116
36.899999998509884
40.70000000111759
35.90000000037253
39.79999999888241
36.20000000111759
36.19999999925494
35.90000000037253
40.79999999888241
42.90000000037253
36
36.30000000074506
36.40000000037253
36
36.59999999962747
36.19999999925494
37.5
39.80000000074506
36.59999999962747
41.5
37.40000000037253
40.5
37.69999999925494
38.09999999962747
38.600000001490116
36.399999998509884
36.40000000037253
36.40000000037253
36.59999999962747
37.90000000037253
36
39
38.30000000074506
39.899999998509884
36.70000000111759
36
35.40000000037253
36.19999999925494
40.69999999925494
37
36
35.600000001490116
37
35.69999999925494
39.69999999925494
41.70000000111759
35.79999999888241
36
38.600000001490116
35.899999998509884
36.30000000074506
37.90000000037253
37.29999999888241
35.5
36.40000000037253
36.70000000111759
39.59999999962747
41.5
39.69999999925494
36.30000000074506
42
37.5
35.40000000037253
36
35.899999998509884
36
36.80000000074506
36.40000000037253
38.5
43.19999999925494
36.5
37.59999999962747
36.90000000037253
38.80000000074506
37
35.29999999888241
35.30000000074506
41.59999999962747
34.80000000074506
37.59999999962747
39.69999999925494
40
37.80000000074506
36.40000000037253
36.29999999888241
39.80000000074506
37.90000000037253
35.79999999888241
35.20000000111759
36.40000000037253
36.19999999925494
35.80000000074506
38.59999999962747
40.40000000037253
35.5
41.09999999962747
35.40000000037253
36.29999999888241
35.40000000037253
38.09999999962747
36.40000000037253
37.5
36.09999999962747
35.90000000037253
38.19999999925494
43.5
37.20000000111759
37
36
36.29999999888241
35.5
35.30000000074506
38.80000000074506
35.899999998509884
35.70000000111759
36
41
47.69999999925494
35.90000000037253
36.19999999925494
36
35.5
36.40000000037253
37.90000000037253
45.69999999925494
37.20000000111759
36.90000000037253
36.79999999888241
38.20000000111759
43.19999999925494
36.69999999925494
37.70000000111759
36.79999999888241
36.100000001490116
41.69999999925494
34.09999999962747
37.40000000037253
37.80000000074506
35.69999999925494
39.90000000037253
39.90000000037253
42.899999998509884
37.40000000037253
36.40000000037253
37.80000000074506
37.09999999962747
35.09999999962747
35.69999999925494
36.20000000111759
36.29999999888241
40.90000000037253
35.70000000111759
44.899999998509884
40.70000000111759
37.69999999925494
35.40000000037253
36.5
35.80000000074506
36.19999999925494
36.30000000074506
36.399999998509884
35.70000000111759
35.40000000037253
36.19999999925494
39
41.30000000074506
39.5
37.899999998509884
37.100000001490116
35.899999998509884
36.70000000111759
36.5
35.59999999962747
36.19999999925494
40.600000001490116
37.5
39.59999999962747
40.79999999888241
35.90000000037253
36.09999999962747
37.600000001490116
36.19999999925494
35.90000000037253
35.79999999888241
36.20000000111759
35.90000000037253
35.59999999962747
38.79999999888241
40.30000000074506
40.19999999925494
35.90000000037253
40.90000000037253
35.09999999962747
40.59999999962747
38.80000000074506
35.90000000037253
35.5
36.09999999962747
35.19999999925494
36.30000000074506
38.30000000074506
40.79999999888241
37.90000000037253
35.80000000074506
36.399999998509884
36.30000000074506
36.59999999962747
37.20000000111759
42.59999999962747
36.90000000037253
36
35.5
40.29999999888241
39.90000000037253
36
36.5
36.5
35.69999999925494
35.100000001490116
35.899999998509884
39.20000000111759
35.59999999962747
35.80000000074506
35.399999998509884
40.600000001490116
40.09999999962747
35.19999999925494
35.90000000037253
35.69999999925494
35.30000000074506
43.40000000037253
35.40000000037253
36.59999999962747
37.40000000037253
37.19999999925494
36.59999999962747
41.30000000074506
42.40000000037253
36.899999998509884
36.80000000074506
35.80000000074506
36.59999999962747
35.90000000037253
35.59999999962747
36.09999999962747
38.40000000037253
35.59999999962747
44.09999999962747
37.70000000111759
40
35.69999999925494
35.40000000037253
37.40000000037253
36
35.399999998509884
36.40000000037253
36.40000000037253
40.30000000074506
35.69999999925494
35.19999999925494
41.80000000074506
44.5
35.5
35
35.40000000037253
35.69999999925494
40.90000000037253
34.90000000037253
37.09999999962747
35
35.30000000074506
36.399999998509884
38.70000000111759
40.5
39.19999999925494
36.09999999962747
35.5
35.600000001490116
35.69999999925494
35.40000000037253
35.59999999962747
36.59999999962747
37.09999999962747
36.30000000074506
42.09999999962747
42.70000000111759
36.09999999962747
37.5
42.90000000037253
35.79999999888241
35.80000000074506
36.19999999925494
35.5
35.09999999962747
36.40000000037253
37.90000000037253
38.09999999962747
39.30000000074506
35.69999999925494
38.20000000111759
36.69999999925494
39.5
39.69999999925494
35.5
35.70000000111759
40
34.19999999925494
39.09999999962747
38.70000000111759
40.40000000037253
35.79999999888241
35.09999999962747
35.600000001490116
35.399999998509884
36.70000000111759
38.5
34.90000000037253
35.399999998509884
36.40000000037253
35.80000000074506
37.90000000037253
45.899999998509884
36.100000001490116
36.5
35.19999999925494
35.19999999925494
35.20000000111759
35.59999999962747
39.40000000037253
36.19999999925494
35.5
35.40000000037253
40.09999999962747
40.09999999962747
37
36.90000000037253
35.20000000111759
36.29999999888241
36.09999999962747
36.40000000037253
36.40000000037253
36.30000000074506
37.09999999962747
42.19999999925494
39.59999999962747
41.100000001490116
36.5
36.29999999888241
35.70000000111759
36.399999998509884
37.100000001490116
35.29999999888241
36.20000000111759
36.19999999925494
35.30000000074506
39.29999999888241
38.09999999962747
40.100000001490116
38.09999999962747
35.59999999962747
41.19999999925494
33.100000001490116
37.29999999888241
36.90000000037253
35.40000000037253
37.40000000037253
35.399999998509884
36
38.80000000074506
43.5
36.40000000037253
36.19999999925494
35.70000000111759
36.29999999888241
36
35.40000000037253
37.09999999962747
37.20000000111759
40.59999999962747
36.59999999962747
39
44.40000000037253
38.29999999888241
36.40000000037253
35.70000000111759
35.5
36.399999998509884
35.5
34.80000000074506
35.40000000037253
35.5
36.5
37.79999999888241
39.80000000074506
37.19999999925494
36.30000000074506
36.90000000037253
36.59999999962747
36.5
35.59999999962747
40.30000000074506
35.29999999888241
35.20000000111759
37.09999999962747
41
43.09999999962747
36.90000000037253
36.69999999925494
35.70000000111759
35.90000000037253
47.59999999962747
38.29999999888241
36.100000001490116
35.899999998509884
36
38.90000000037253
41.20000000111759
49.09999999962747
34.19999999925494
35.5
36.59999999962747
37.5
39.100000001490116
37.09999999962747
37.09999999962747
36.40000000037253
36.09999999962747
35.19999999925494
40.5
39.30000000074506
35.80000000074506
36.399999998509884
36.20000000111759
35.5
35.79999999888241
40.70000000111759
35.69999999925494
40
36.80000000074506
35.40000000037253
38.09999999962747
39.5
35.90000000037253
35.69999999925494
36
36.19999999925494
36.30000000074506
35.69999999925494
35.600000001490116
36.59999999962747
37.59999999962747
37.09999999962747
40.30000000074506
40.09999999962747
35.59999999962747
36.59999999962747
35.40000000037253
41.20000000111759
35.899999998509884
37
37.100000001490116
36.5
36.09999999962747
35.90000000037253
44
42.79999999888241
35.70000000111759
36.399999998509884
36
35.90000000037253
36.30000000074506
36.29999999888241
39.40000000037253
36.30000000074506
40.40000000037253
34.59999999962747
40.5
43
41.69999999925494
38.40000000037253
37
35.59999999962747
36.90000000037253
35.40000000037253
36.40000000037253
35.899999998509884
38.40000000037253
37
37.40000000037253
42.40000000037253
35.69999999925494
41.30000000074506
41.5
35.29999999888241
35.600000001490116
35.5
34.899999998509884
36
36.100000001490116
35.79999999888241
38.70000000111759
39.59999999962747
35.59999999962747
35.30000000074506
35.19999999925494
36.90000000037253
36.40000000037253
35.79999999888241
36.30000000074506
36.79999999888241
35.600000001490116
35.29999999888241
40.20000000111759
42.69999999925494
41.19999999925494
35.70000000111759
36.09999999962747
35.30000000074506
39.79999999888241
36.20000000111759
35.19999999925494
36.19999999925494
35.70000000111759
36.19999999925494
39.30000000074506
40.09999999962747
37.09999999962747
36.59999999962747
35.600000001490116
38.59999999962747
37.5
42.40000000037253
35
35.19999999925494
35.80000000074506
35.5
39.29999999888241
42.09999999962747
35.40000000037253
35.90000000037253
36.59999999962747
35.30000000074506
35.79999999888241
36.20000000111759
34.69999999925494
35.80000000074506
45.90000000037253
36.29999999888241
38.70000000111759
39.19999999925494
40.80000000074506
35.69999999925494
36.09999999962747
36
35.90000000037253
35.40000000037253
36.09999999962747
37.30000000074506
36
36.59999999962747
41.69999999925494
40.90000000037253
36.69999999925494
36
35.30000000074506
37.59999999962747
36.20000000111759
36.399999998509884
36.100000001490116
36.399999998509884
35.80000000074506
35.59999999962747
45.40000000037253
47.5
36.90000000037253
36.09999999962747
35.30000000074506
36.79999999888241
36.5
37
36.20000000111759
35.59999999962747
35.59999999962747
35.40000000037253
40.59999999962747
40.09999999962747
39
37.80000000074506
37.5
41.19999999925494
34
36.70000000111759
36.899999998509884
36.600000001490116
36.899999998509884
36.20000000111759
38.19999999925494
39.70000000111759
36
35.69999999925494
38.59999999962747
36.09999999962747
35.100000001490116
35.899999998509884
35.80000000074506
36.80000000074506
36.29999999888241
36.20000000111759
43.79999999888241
39.80000000074506
36
35.5
36.09999999962747
36
37
36.19999999925494
35.30000000074506
35.90000000037253
35.59999999962747
36.80000000074506
39.59999999962747
43.19999999925494
36.80000000074506
35.69999999925494
35.20000000111759
36.399999998509884
36.100000001490116
35.899999998509884
46.40000000037253
42.30000000074506
36.59999999962747
35.80000000074506
41.09999999962747
43.59999999962747
35.90000000037253
35.59999999962747
36.19999999925494
37.100000001490116
37
37.19999999925494
36.90000000037253
38.09999999962747
36
38.09999999962747
38.70000000111759
40.29999999888241
42.80000000074506
35.59999999962747
37.69999999925494
36
37.20000000111759
36.40000000037253
36
35.79999999888241
36.40000000037253
39.69999999925494
39.20000000111759
41.5
36
36.40000000037253
36.79999999888241
36.40000000037253
36.19999999925494
35.30000000074506
40.40000000037253
35.40000000037253
35.69999999925494
35.19999999925494
39.90000000037253
44.5
35.30000000074506
35.69999999925494
37.90000000037253
36.40000000037253
36
36.19999999925494
35.40000000037253
35.69999999925494
35.30000000074506
36.09999999962747
38.30000000074506
41.09999999962747
38.80000000074506
36.5
35.19999999925494
36.30000000074506
40.899999998509884
35.100000001490116
36.29999999888241
35.30000000074506
36.59999999962747
36.90000000037253
40.59999999962747
41.90000000037253
36.29999999888241
36.80000000074506
37.09999999962747
35.59999999962747
37.40000000037253
37.59999999962747
35.70000000111759
39.5
36.69999999925494
40.70000000111759
36.399999998509884
39.70000000111759
36
37
35.79999999888241
39.600000001490116
36.59999999962747
36.09999999962747
36.09999999962747
35.80000000074506
34.69999999925494
35.90000000037253
40.5
40.19999999925494
35.600000001490116
35.09999999962747
35.90000000037253
34.79999999888241
41.09999999962747
36.80000000074506
35.5
35.90000000037253
36
36.5
37.79999999888241
39.100000001490116
36.59999999962747
36.40000000037253
34.899999998509884
35.80000000074506
35.09999999962747
35.5
36.09999999962747
40.5
37.20000000111759
36
39.19999999925494
42.09999999962747
35.5
40.80000000074506
35.59999999962747
37.40000000037253
37.90000000037253
36.09999999962747
35.90000000037253
34.79999999888241
36.600000001490116
37.899999998509884
38.70000000111759
39.69999999925494
35.80000000074506
35.69999999925494
37
39.90000000037253
35.80000000074506
35.29999999888241
40.5
33.59999999962747
36.5
36.70000000111759
55.90000000037253
40.19999999925494
36.5
35.59999999962747
35.5
35.59999999962747
35.30000000074506
35.19999999925494
35.40000000037253
35.80000000074506
37.09999999962747
36.30000000074506
37.899999998509884
40.5
42.20000000111759
36.59999999962747
34.90000000037253
35.59999999962747
34.90000000037253
37.29999999888241
45.40000000037253
35.59999999962747
36.20000000111759
35.5
37.59999999962747
39.40000000037253
36.69999999925494
39.59999999962747
36.90000000037253
35.80000000074506
36.5
36.5
35.90000000037253
35.59999999962747
35.5
37.79999999888241
43.90000000037253
43.40000000037253
36.90000000037253
36.40000000037253
36.899999998509884
37.5
35.5
35.30000000074506
35.69999999925494
35.5
35.40000000037253
36.30000000074506
38.19999999925494
40.09999999962747
36.5
35.40000000037253
35.20000000111759
40.69999999925494
37.5
37.09999999962747
36.70000000111759
35.79999999888241
37.40000000037253
36.59999999962747
38.20000000111759
39.29999999888241
36.20000000111759
35.79999999888241
36.90000000037253
34.69999999925494
35.90000000037253
36
36.40000000037253
36.40000000037253
35.59999999962747
40.09999999962747
37.70000000111759
38.899999998509884
35.40000000037253
35.90000000037253
35.69999999925494
37.5
35.5
35.600000001490116
34.899999998509884
35.90000000037253
43.5
36.80000000074506
39.5
42.09999999962747
35.30000000074506
36.19999999925494
36.90000000037253
38.69999999925494
36.20000000111759
37
36.29999999888241
40.20000000111759
35.69999999925494
35.80000000074506
39.79999999888241
40.59999999962747
36.5
36
35.30000000074506
37.40000000037253
38.90000000037253
35.19999999925494
35.80000000074506
35.59999999962747
36.79999999888241
37.70000000111759
40.40000000037253
51.69999999925494
41.69999999925494
34.100000001490116
35.09999999962747
37.5
35.29999999888241
35.70000000111759
35.59999999962747
37
36.80000000074506
35.19999999925494
38
40.90000000037253
36.59999999962747
36
34.90000000037253
36
36.59999999962747
34.90000000037253
41
36.90000000037253
36.09999999962747
35.09999999962747
40.09999999962747
39.5
35.40000000037253
36.5
39.80000000074506
36.5
35.59999999962747
35.29999999888241
36.20000000111759
35.29999999888241
35.80000000074506
37.69999999925494
40.80000000074506
40.19999999925494
35.20000000111759
35.59999999962747
36.09999999962747
36
42.20000000111759
34.79999999888241
35.90000000037253
36
35.09999999962747
36
39.09999999962747
40.30000000074506
36.09999999962747
35.40000000037253
35.30000000074506
36.69999999925494
35.80000000074506
36.19999999925494
42.5
36.40000000037253
35.69999999925494
41.09999999962747
37.100000001490116
39.5
36.59999999962747
35.90000000037253
35.899999998509884
35
35.40000000037253
34.80000000074506
35.90000000037253
34.69999999925494
36.19999999925494
36.40000000037253
37
39.09999999962747
34.90000000037253
35.70000000111759
35.899999998509884
40.90000000037253
36.30000000074506
34.79999999888241
35.40000000037253
35.59999999962747
36.5
35.40000000037253
40.80000000074506
44.19999999925494
35.40000000037253
35
35.59999999962747
36.40000000037253
35.69999999925494
36.100000001490116
36.5
36.59999999962747
35.40000000037253
35
39.19999999925494
42.59999999962747
37.70000000111759
40.19999999925494
35.59999999962747
36
34.70000000111759
35.59999999962747
36.29999999888241
35.5
36.40000000037253
37.20000000111759
38.19999999925494
40.40000000037253
35.40000000037253
38.59999999962747
38.40000000037253
35.399999998509884
35
35.70000000111759
40.59999999962747
34.19999999925494
36.40000000037253
36
38.59999999962747
40.30000000074506
35.19999999925494
35.40000000037253
35.90000000037253
36.90000000037253
35.5
36.09999999962747
35.30000000074506
35
35.69999999925494
35.90000000037253
38.09999999962747
40.09999999962747
40.30000000074506
35.29999999888241
39.40000000037253
35
35
40
37.40000000037253
37.19999999925494
36.40000000037253
35.90000000037253
39.40000000037253
45.69999999925494
36.80000000074506
35.79999999888241
35.30000000074506
36.19999999925494
36.90000000037253
35.90000000037253
36.19999999925494
36
35
35.90000000037253
45.5
43
36.70000000111759
37.69999999925494
35.19999999925494
35.600000001490116
35.19999999925494
36.69999999925494
35.20000000111759
35.09999999962747
45.5
36.19999999925494
41.600000001490116
40
38.09999999962747
35.5
35.19999999925494
41.09999999962747
35.40000000037253
35.59999999962747
37.30000000074506
36.09999999962747
35.59999999962747
36.100000001490116
38.79999999888241
39.80000000074506
35.09999999962747
35.5
35.40000000037253
36.09999999962747
34.90000000037253
36
36.59999999962747
34.90000000037253
36
40.40000000037253
38.29999999888241
42.59999999962747
36.600000001490116
34.79999999888241
35.90000000037253
36.09999999962747
36.09999999962747
35.600000001490116
38.59999999962747
36
34.79999999888241
35.20000000111759
38
39.5
36.19999999925494
37.70000000111759
36.29999999888241
35.5
36
35.70000000111759
35.69999999925494
41.40000000037253
36.40000000037253
36.69999999925494
38.40000000037253
41.5
36.90000000037253
35.899999998509884
39.5
36.100000001490116
35.899999998509884
34.90000000037253
36
34.90000000037253
35.69999999925494
38.20000000111759
40.09999999962747
40.69999999925494
40.20000000111759
32.90000000037253
37.19999999925494
39.19999999925494
36.80000000074506
36.40000000037253
35.09999999962747
35.59999999962747
35.09999999962747
35.5
39.100000001490116
39.399999998509884
35.100000001490116
35
35.69999999925494
35
35.19999999925494
40.80000000074506
39.69999999925494
37.5
35.90000000037253
36.59999999962747
37.600000001490116
40
36.09999999962747
35.19999999925494
35.30000000074506
35.40000000037253
35.59999999962747
35.09999999962747
34.80000000074506
36
35.19999999925494
35.59999999962747
38.40000000037253
40.30000000074506
35.29999999888241
35.09999999962747
38.5
40.80000000074506
35.30000000074506
42.19999999925494
36.59999999962747
35.09999999962747
35.90000000037253
35.40000000037253
44.30000000074506
40.09999999962747
35.40000000037253
35.899999998509884
35.30000000074506
36.09999999962747
35.5
38.30000000074506
36.29999999888241
35.100000001490116
40.29999999888241
34.70000000111759
38.19999999925494
41.69999999925494
36.5
36.70000000111759
35.40000000037253
35
35.59999999962747
36.19999999925494
36.09999999962747
36.100000001490116
36.5
35.19999999925494
37.30000000074506
41.09999999962747
34.79999999888241
40.90000000037253
38.90000000037253
36.59999999962747
37
35.80000000074506
35.19999999925494
35.90000000037253
34.80000000074506
35.59999999962747
38
38.40000000037253
35.5
35.19999999925494
36.19999999925494
36
37.90000000037253
36.09999999962747
35.70000000111759
35.5
35
35.40000000037253
40.19999999925494
45.69999999925494
35.5
34.80000000074506
35.5
34.69999999925494
35.70000000111759
35.09999999962747
38.5
35.30000000074506
35
35.79999999888241
38.20000000111759
41.5
36
34.69999999925494
37.40000000037253
35.5
40.09999999962747
33.40000000037253
36.90000000037253
35.59999999962747
43.59999999962747
35.80000000074506
37.5
42
36.29999999888241
35.20000000111759
37
42
34.69999999925494
34.90000000037253
34.59999999962747
35.69999999925494
36.20000000111759
35.5
55.29999999888241
40.70000000111759
35.79999999888241
35.30000000074506
34.90000000037253
35.29999999888241
35
35.30000000074506
35.90000000037253
35.19999999925494
35.20000000111759
34.899999998509884
37.90000000037253
39.80000000074506
37.29999999888241
36.600000001490116
35.19999999925494
36.40000000037253
34.69999999925494
36.09999999962747
43.600000001490116
35.69999999925494
40.19999999925494
36
39.20000000111759
40
35.19999999925494
46.30000000074506
37.09999999962747
35.30000000074506
36.19999999925494
35.5
34.90000000037253
35.59999999962747
35.09999999962747
35.5
39.20000000111759
39.399999998509884
35.70000000111759
40.59999999962747
34.69999999925494
38.100000001490116
35.69999999925494
39.09999999962747
36.40000000037253
35.69999999925494
35.80000000074506
37
37.09999999962747
39.90000000037253
34.90000000037253
34.5
35.5
35.40000000037253
38.09999999962747
39
36.69999999925494
40.5
36.40000000037253
35.09999999962747
37.80000000074506
41.29999999888241
35.5
35.90000000037253
36.40000000037253
35.19999999925494
34.70000000111759
35.69999999925494
35.09999999962747
36.600000001490116
36.29999999888241
35.5
38.40000000037253
39.09999999962747
36.09999999962747
34.5
35.70000000111759
35.5
35
40.59999999962747
35
35.30000000074506
35.5
40.79999999888241
40.5
40.5
37.30000000074506
35.79999999888241
36.5
36.80000000074506
34.90000000037253
35.69999999925494
39.80000000074506
38.19999999925494
35.59999999962747
35.100000001490116
44.19999999925494
40.90000000037253
36.29999999888241
38.90000000037253
35.80000000074506
37.59999999962747
35.59999999962747
36.20000000111759
36.399999998509884
36
35.40000000037253
35.09999999962747
37.5
43.80000000074506
41.30000000074506
36.899999998509884
35.20000000111759
35
40
35.5
36.09999999962747
34.90000000037253
35.59999999962747
35.19999999925494
38.20000000111759
39
34.79999999888241
35.80000000074506
35.80000000074506
34.69999999925494
36.59999999962747
38.70000000111759
36.5
35.69999999925494
37
35.90000000037253
40.09999999962747
41.19999999925494
35.600000001490116
36.59999999962747
40.5
36.5
40
35.59999999962747
36
36.69999999925494
36.5
36.20000000111759
39.90000000037253
40.19999999925494
35.5
35.5
36.30000000074506
37.79999999888241
36
35.5
37.20000000111759
40.899999998509884
38.90000000037253
37.59999999962747
38.5
40.70000000111759
35.79999999888241
35.40000000037253
35.80000000074506
35.79999999888241
38.20000000111759
35.69999999925494
35
48
36.5
35.40000000037253
38.19999999925494
44.100000001490116
35.69999999925494
35.69999999925494
34.90000000037253
35.90000000037253
35.09999999962747
35.40000000037253
36.30000000074506
36.19999999925494
36.30000000074506
37.59999999962747
37.5
43.90000000037253
35.69999999925494
35.40000000037253
35.69999999925494
35.5
35.70000000111759
35.5
36.09999999962747
35.5
35.90000000037253
40.399999998509884
43
41.30000000074506
35.90000000037253
34.79999999888241
35.5
36.40000000037253
36.09999999962747
34.600000001490116
36
36
35.399999998509884
36.40000000037253
38.30000000074506
39.79999999888241
39.80000000074506
36.5
46.40000000037253
34.5
35.40000000037253
35.79999999888241
36.40000000037253
35.59999999962747
37.30000000074506
36.09999999962747
38.30000000074506
42.59999999962747
36.40000000037253
39.399999998509884
37.5
35.600000001490116
34.69999999925494
34.69999999925494
35.80000000074506
36
39.80000000074506
35.19999999925494
37.59999999962747
38.80000000074506
35.29999999888241
34.70000000111759
35.5
36.19999999925494
35.80000000074506
37
35.29999999888241
35.90000000037253
35.40000000037253
35.09999999962747
39.09999999962747
39.20000000111759
35.59999999962747
35.5
35.90000000037253
35.69999999925494
36.70000000111759
40.79999999888241
41.30000000074506
34.79999999888241
36.20000000111759
35.90000000037253
38.5
40.5
35.29999999888241
35.5
37
36.90000000037253
35.80000000074506
36
36.5
36.79999999888241
37.40000000037253
39.09999999962747
38.70000000111759
44.5
33.399999998509884
35.40000000037253
35
35.5
37.30000000074506
36.29999999888241
36
35.40000000037253
40
38.59999999962747
39.40000000037253
40
35.30000000074506
35
36.09999999962747
35.09999999962747
35.80000000074506
35.29999999888241
40.5
35.40000000037253
34.80000000074506
37
39.09999999962747
41.90000000037253
37.79999999888241
35.30000000074506
35.69999999925494
35.40000000037253
36
35.40000000037253
36
36.69999999925494
36
35.5
43.20000000111759
44
36.40000000037253
35.29999999888241
37
36.30000000074506
40.5
35.19999999925494
35.30000000074506
36.09999999962747
36.5
35.90000000037253
40.29999999888241
41.90000000037253
38
37.59999999962747
36.70000000111759
36.90000000037253
35.59999999962747
36.59999999962747
36.09999999962747
36.40000000037253
35.19999999925494
40.70000000111759
36.09999999962747
41.59999999962747
36.40000000037253
35
39.5
36.5
35
36.09999999962747
35
35.70000000111759
35.79999999888241
35
40.20000000111759
39.19999999925494
36
35.59999999962747
35.09999999962747
35.90000000037253
41.80000000074506
36
35.29999999888241
36.40000000037253
35.40000000037253
35.09999999962747
37.90000000037253
38.90000000037253
35
36
35
35.79999999888241
35.100000001490116
34.899999998509884
45.5
37.80000000074506
36
36.40000000037253
39.5
42.29999999888241
36.5
40.90000000037253
35.40000000037253
36.19999999925494
35.30000000074506
36.59999999962747
37.09999999962747
35.20000000111759
36.40000000037253
36.59999999962747
39.40000000037253
39.899999998509884
35.600000001490116
37.09999999962747
37.90000000037253
37.399999998509884
35.90000000037253
35.5
42.70000000111759
33.399999998509884
36.30000000074506
51.40000000037253
40.5
39
36.79999999888241
36.100000001490116
35.79999999888241
35.5
36.5
35.5
35.30000000074506
35.09999999962747
35.59999999962747
35.20000000111759
38.5
46.79999999888241
41
36
35.20000000111759
35.29999999888241
35.30000000074506
35.09999999962747
35.09999999962747
35.20000000111759
34.899999998509884
35
38.20000000111759
39.19999999925494
38.90000000037253
36.5
34.90000000037253
35.09999999962747
35.90000000037253
36.5
36.90000000037253
35.29999999888241
35.09999999962747
36.600000001490116
45.19999999925494
40.09999999962747
35.80000000074506
37.40000000037253
37.5
35.29999999888241
35.30000000074506
36.69999999925494
35.59999999962747
36.80000000074506
36.80000000074506
35.29999999888241
38
45.70000000111759
37.399999998509884
35.90000000037253
35
43
34.80000000074506
38
37.5
35.59999999962747
35.5
35.5
37.80000000074506
39.69999999925494
35.19999999925494
36.30000000074506
34.59999999962747
35.70000000111759
36
36.5
35.79999999888241
34.59999999962747
35
46.600000001490116
37.399999998509884
40.30000000074506
36.69999999925494
35
35.600000001490116
35.19999999925494
35.69999999925494
35.100000001490116
35.79999999888241
47.59999999962747
37
35.70000000111759
39.59999999962747
39.5
35.40000000037253
35.40000000037253
35.79999999888241
35.80000000074506
35.59999999962747
36
35.69999999925494
40.5
35.70000000111759
37.59999999962747
39.59999999962747
42.20000000111759
36.399999998509884
35.600000001490116
35
35.79999999888241
37.20000000111759
37
36.399999998509884
35.100000001490116
36.899999998509884
37.20000000111759
46
40.29999999888241
40.600000001490116
33.899999998509884
36.70000000111759
37.5
35.90000000037253
37.09999999962747
35.79999999888241
35.80000000074506
35.40000000037253
36.29999999888241
38.40000000037253
41.90000000037253
36.69999999925494
35
34.90000000037253
35.90000000037253
35.69999999925494
35.90000000037253
40.20000000111759
34.899999998509884
35.30000000074506
34.90000000037253
38
38.59999999962747
35.5
38.90000000037253
35.40000000037253
35.5
35.29999999888241
35.20000000111759
35.5
35.399999998509884
36.100000001490116
35.69999999925494
37.69999999925494
39.30000000074506
37.40000000037253
36.5
36.09999999962747
37.90000000037253
40.40000000037253
35.899999998509884
36.5
35.90000000037253
35.5
36.09999999962747
41.30000000074506
41.5
36.30000000074506
35.59999999962747
35.19999999925494
35.40000000037253
36.40000000037253
40.09999999962747
38.59999999962747
35.90000000037253
35.5
40.5
36.69999999925494
40.70000000111759
37.59999999962747
35.09999999962747
36.09999999962747
35
37
37
35.100000001490116
35.5
34.69999999925494
35.5
40.59999999962747
40.30000000074506
35.5
36.5
41
35.40000000037253
34.79999999888241
35.40000000037253
34.69999999925494
35.5
35.100000001490116
38.59999999962747
38.69999999925494
39.90000000037253
35.80000000074506
35.5
36.69999999925494
36.80000000074506
35
36.19999999925494
35.30000000074506
35.5
40
35.79999999888241
39.90000000037253
43.19999999925494
40.90000000037253
36.70000000111759
36.79999999888241
35.59999999962747
36.5
37.90000000037253
37.40000000037253
37
36.90000000037253
35.29999999888241
38.30000000074506
39.5
40.40000000037253
36.5
38.5
36.09999999962747
35.80000000074506
40
35
35.399999998509884
36.40000000037253
35.5
37.80000000074506
40
35.29999999888241
36
38.20000000111759
36.59999999962747
35.40000000037253
36.40000000037253
34.899999998509884
35.5
36
35.70000000111759
37.79999999888241
43.70000000111759
35.09999999962747
35.40000000037253
35.59999999962747
35.40000000037253
39.40000000037253
38.09999999962747
35.29999999888241
36.100000001490116
36.59999999962747
36.19999999925494
39.5
41
35.30000000074506
35
37
35.59999999962747
35.40000000037253
36.59999999962747
35.80000000074506
37.19999999925494
37.40000000037253
40.29999999888241
38.100000001490116
43.5
38.09999999962747
36.5
35.5
35.19999999925494
35.30000000074506
35.5
36.40000000037253
40.899999998509884
37.5
35.70000000111759
38.90000000037253
41.69999999925494
35.5
35.90000000037253
40.29999999888241
35.100000001490116
35.399999998509884
36.80000000074506
35.69999999925494
35
37.100000001490116
38.19999999925494
38.09999999962747
40.30000000074506
35.40000000037253
36.59999999962747
35.40000000037253
34.899999998509884
34.90000000037253
35.40000000037253
36
39.59999999962747
35.5
35.30000000074506
37.19999999925494
56
36.30000000074506
35.90000000037253
35.79999999888241
36
35.40000000037253
34.69999999925494
35.80000000074506
35.40000000037253
40.79999999888241
36.20000000111759
37.09999999962747
39.09999999962747
35.80000000074506
37
37.79999999888241
35.70000000111759
36.79999999888241
41.30000000074506
37.09999999962747
36.20000000111759
36.69999999925494
35.59999999962747
39.80000000074506
42.19999999925494
35.80000000074506
35.59999999962747
40.80000000074506
37.09999999962747
35.19999999925494
35.90000000037253
35.90000000037253
35.59999999962747
37.30000000074506
36
44.79999999888241
38.40000000037253
36.90000000037253
36.40000000037253
36.19999999925494
38.59999999962747
37
36.90000000037253
37.30000000074506
35.399999998509884
35.80000000074506
35.80000000074506
39.899999998509884
39.70000000111759
34.69999999925494
35.59999999962747
35.70000000111759
35.19999999925494
35.59999999962747
40
40.30000000074506
37.59999999962747
35.90000000037253
34.80000000074506
37.29999999888241
39.20000000111759
36.59999999962747
42.79999999888241
35.40000000037253
35.30000000074506
35.69999999925494
34.80000000074506
36.59999999962747
36.30000000074506
35.69999999925494
36.40000000037253
39.5
39.59999999962747
37.69999999925494
35.600000001490116
37.29999999888241
41.5
35
36.09999999962747
36
37.40000000037253
36.09999999962747
39.600000001490116
41.09999999962747
41.09999999962747
36.19999999925494
35.90000000037253
35.5
35.90000000037253
36
35.90000000037253
38.29999999888241
34.90000000037253
41.09999999962747
33.20000000111759
38.29999999888241
40.40000000037253
36.20000000111759
37.59999999962747
35.5
35.5
35.09999999962747
35.5
35.30000000074506
36.79999999888241
35.90000000037253
35.40000000037253
38.09999999962747
39.80000000074506
38.19999999925494
36.40000000037253
35.40000000037253
40.69999999925494
34.80000000074506
35.29999999888241
35.5
39.80000000074506
37.29999999888241
36.5
37.80000000074506
39.80000000074506
36
36.29999999888241
36.70000000111759
36.19999999925494
37.59999999962747
36.5
38
34.70000000111759
35.59999999962747
36.79999999888241
40.100000001490116
41.09999999962747
35
41.90000000037253
35.69999999925494
39
36.30000000074506
35.09999999962747
35.79999999888241
35.600000001490116
34.79999999888241
35.5
41.09999999962747
39.5
36.100000001490116
35.399999998509884
35.5
37.70000000111759
36.5
37.09999999962747
40.59999999962747
35.80000000074506
36.19999999925494
38.09999999962747
38.30000000074506
38.80000000074506
35.59999999962747
35
35.90000000037253
35.5
35.399999998509884
35.20000000111759
35.40000000037253
40.09999999962747
37.79999999888241
36.80000000074506
37.90000000037253
39.90000000037253
37
42.69999999925494
35.19999999925494
35.30000000074506
35.40000000037253
35.09999999962747
36.40000000037253
36.59999999962747
35.30000000074506
35.29999999888241
39
39.5
36.80000000074506
35.29999999888241
35.100000001490116
37
35.5
35.69999999925494
35.69999999925494
35.30000000074506
35.40000000037253
36.09999999962747
45.09999999962747
42.09999999962747
35.80000000074506
35.40000000037253
40.90000000037253
35.19999999925494
36.5
36.19999999925494
35.20000000111759
36.40000000037253
35.69999999925494
35.69999999925494
38
40.30000000074506
36.19999999925494
39.80000000074506
37.30000000074506
40.79999999888241
33.40000000037253
35.90000000037253
35.59999999962747
38.40000000037253
36
35.90000000037253
37.79999999888241
39.70000000111759
36.19999999925494
35.5
41.09999999962747
37.20000000111759
35.19999999925494
35.30000000074506
35.79999999888241
35.40000000037253
35.40000000037253
40.40000000037253
37.899999998509884
39
35.70000000111759
35.19999999925494
36
35.30000000074506
36.40000000037253
36.29999999888241
37.20000000111759
36.29999999888241
35.70000000111759
35.899999998509884
37.5
40.30000000074506
36
35.80000000074506
35.899999998509884
35.80000000074506
35.69999999925494
35.600000001490116
49.19999999925494
41.30000000074506
35.79999999888241
36.09999999962747
38.80000000074506
41.40000000037253
37.59999999962747
35.90000000037253
35.19999999925494
40
35.09999999962747
35.80000000074506
35.80000000074506
36
35.59999999962747
37.59999999962747
38
40.5
39.80000000074506
33.79999999888241
35.90000000037253
38.19999999925494
34.70000000111759
35.5
36.29999999888241
35
35.70000000111759
39.69999999925494
38.80000000074506
42.90000000037253
36.79999999888241
37
34.70000000111759
36.5
36.09999999962747
34.69999999925494
39.90000000037253
34.80000000074506
34.899999998509884
34.90000000037253
39.80000000074506
42.59999999962747
38.69999999925494
34.70000000111759
35.59999999962747
35.30000000074506
35.5
34.79999999888241
38.09999999962747
36
35.5
35.40000000037253
40.20000000111759
39.69999999925494
39.59999999962747
35.40000000037253
36.40000000037253
35.40000000037253
40.5
35.59999999962747
36
36.40000000037253
35.29999999888241
36.09999999962747
38.20000000111759
42.19999999925494
35.20000000111759
38.899999998509884
37
36.30000000074506
36.59999999962747
35.59999999962747
37.30000000074506
35.09999999962747
35.5
40.70000000111759
35.59999999962747
39.90000000037253
36.09999999962747
35.79999999888241
37.100000001490116
35.79999999888241
40.20000000111759
36.899999998509884
36.40000000037253
36.40000000037253
35.69999999925494
35.30000000074506
39.09999999962747
39.20000000111759
35.29999999888241
35.40000000037253
36.09999999962747
39.90000000037253
35.90000000037253
35
34.90000000037253
37.399999998509884
35.90000000037253
34.5
37.59999999962747
40
36.100000001490116
36
35.19999999925494
35.19999999925494
36.20000000111759
36.90000000037253
35.69999999925494
35.40000000037253
39.69999999925494
36.20000000111759
40
41.69999999925494
35
41.40000000037253
34.69999999925494
35.90000000037253
35.5
35
37
36.69999999925494
35.20000000111759
36.40000000037253
39.69999999925494
39
36
35.19999999925494
35.80000000074506
37.69999999925494
35
35.20000000111759
40.09999999962747
33.90000000037253
35.40000000037253
36.5
38.09999999962747
41.69999999925494
39.59999999962747
36.90000000037253
35.80000000074506
35.09999999962747
35.90000000037253
35.69999999925494
34.5
35.20000000111759
34.79999999888241
35.80000000074506
36.90000000037253
41.69999999925494
41.69999999925494
37.40000000037253
37
35.30000000074506
34.59999999962747
40.09999999962747
35.40000000037253
34.90000000037253
36.09999999962747
35.90000000037253
38.09999999962747
39.40000000037253
34.59999999962747
36.19999999925494
35.90000000037253
35.09999999962747
39
36
35.20000000111759
35.19999999925494
36
35.5
45.59999999962747
41.40000000037253
35.80000000074506
35.79999999888241
36.100000001490116
35.09999999962747
36.19999999925494
36.80000000074506
36.19999999925494
36.09999999962747
35
36.20000000111759
39.19999999925494
40
37.59999999962747
35.100000001490116
35.399999998509884
40.600000001490116
34.399999998509884
36
34.70000000111759
37.90000000037253
38.899999998509884
35.80000000074506
37.09999999962747
39.40000000037253
34.90000000037253
34.79999999888241
35.600000001490116
35
34.399999998509884
35.5
35.70000000111759
35.5
36.40000000037253
40.899999998509884
38.90000000037253
42.5
34.80000000074506
35.29999999888241
34.600000001490116
35.79999999888241
35.5
35.30000000074506
34.79999999888241
35.20000000111759
35.09999999962747
35.09999999962747
40.20000000111759
40.399999998509884
38.600000001490116
36.399999998509884
35.20000000111759
35.40000000037253
34.899999998509884
36.90000000037253
35.09999999962747
40.600000001490116
35.19999999925494
35.40000000037253
39.09999999962747
41.19999999925494
36.100000001490116
36.899999998509884
36.100000001490116
36.399999998509884
35.20000000111759
35.5
35.40000000037253
35.09999999962747
35.5
37.69999999925494
39.59999999962747
39.70000000111759
39.79999999888241
34.40000000037253
35.40000000037253
38.30000000074506
40.399999998509884
35.80000000074506
35.30000000074506
35.69999999925494
35.59999999962747
35.70000000111759
39.5
39.69999999925494
35.5
35.80000000074506
36.399999998509884
35.40000000037253
37
35.30000000074506
41.90000000037253
36.19999999925494
35.59999999962747
35.90000000037253
38.30000000074506
39.19999999925494
35.69999999925494
35
34.70000000111759
35.59999999962747
34.90000000037253
35.29999999888241
35.5
36.5
37.80000000074506
35.30000000074506
37.899999998509884
42.20000000111759
36.09999999962747
35.30000000074506
35.399999998509884
37.100000001490116
39.399999998509884
35.40000000037253
36.09999999962747
37
35.20000000111759
35.79999999888241
41.5
41
34.90000000037253
35.09999999962747
37.600000001490116
36.79999999888241
35.30000000074506
35.90000000037253
36.59999999962747
35.59999999962747
35
40.40000000037253
36.69999999925494
39.20000000111759
40.09999999962747
36.09999999962747
34.69999999925494
35.20000000111759
34.79999999888241
35.5
36.30000000074506
34.90000000037253
34.79999999888241
38.20000000111759
40
41
36.19999999925494
35.90000000037253
36.40000000037253
40.69999999925494
34.5
35.80000000074506
35.19999999925494
36
36.30000000074506
35.59999999962747
38
38.80000000074506
36.899999998509884
37
35.20000000111759
36.90000000037253
38.69999999925494
35.19999999925494
36.70000000111759
35.59999999962747
35.80000000074506
34.899999998509884
39.5
41.90000000037253
39.59999999962747
35
36.600000001490116
34.79999999888241
35.59999999962747
35.40000000037253
36.70000000111759
37.19999999925494
35.19999999925494
35.600000001490116
37.19999999925494
39.69999999925494
36.100000001490116
35.399999998509884
37.30000000074506
37
35.30000000074506
39.899999998509884
34.600000001490116
35.5
38.79999999888241
39
39.70000000111759
39.09999999962747
36.5
35.5
36.5
37.29999999888241
35.80000000074506
35.69999999925494
34.90000000037253
36.09999999962747
35.70000000111759
35.29999999888241
38.70000000111759
45.19999999925494
35.90000000037253
35.30000000074506
34.69999999925494
35.30000000074506
35.19999999925494
35.19999999925494
35.90000000037253
35.30000000074506
35.40000000037253
34.79999999888241
38.90000000037253
39.90000000037253
39
35.69999999925494
35.09999999962747
35.80000000074506
36.09999999962747
34.59999999962747
35.40000000037253
35.20000000111759
35.899999998509884
41.100000001490116
37.899999998509884
42
35.30000000074506
35.90000000037253
35.79999999888241
37.600000001490116
35.79999999888241
35
36
37.5
36.40000000037253
35.19999999925494
37.90000000037253
41.80000000074506
35.19999999925494
35.80000000074506
41
33
39
36.5
37.5
35.79999999888241
35
35.40000000037253
38.20000000111759
39.899999998509884
35.100000001490116
36.399999998509884
35.20000000111759
34.59999999962747
36.09999999962747
35.40000000037253
37.40000000037253
35.79999999888241
40.40000000037253
36
38.09999999962747
40.100000001490116
36.399999998509884
36.5
35.5
34.80000000074506
35.5
35.90000000037253
34.69999999925494
35.80000000074506
38.5
36.59999999962747
41.59999999962747
39.20000000111759
35.79999999888241
35.30000000074506
35.19999999925494
35
36.20000000111759
37.899999998509884
41.80000000074506
35.19999999925494
35.20000000111759
37.09999999962747
41.30000000074506
41.59999999962747
35
35.29999999888241
35.40000000037253
35.90000000037253
36
36.09999999962747
37
35.59999999962747
38
35.80000000074506
39.80000000074506
53.29999999888241
34.5
37.20000000111759
37.79999999888241
35
37.20000000111759
35.19999999925494
35.59999999962747
35.30000000074506
36.19999999925494
35.40000000037253
39.09999999962747
41.90000000037253
36.90000000037253
36.79999999888241
36.30000000074506
35.09999999962747
35.80000000074506
40.19999999925494
34.70000000111759
36.69999999925494
34.69999999925494
35.70000000111759
38.29999999888241
39.40000000037253
37
35
38.5
35.5
35.5
36.5
36.09999999962747
35.600000001490116
36.19999999925494
35.80000000074506
38.29999999888241
40.90000000037253
35.80000000074506
35.59999999962747
35.09999999962747
40.80000000074506
36.5
35.79999999888241
36.59999999962747
35.100000001490116
35.59999999962747
36.29999999888241
38.90000000037253
39.90000000037253
34.90000000037253
35.19999999925494
35.5
35.90000000037253
36.5
37.30000000074506
49.09999999962747
36.5
40.5
33.5
42.40000000037253
40.399999998509884
35.40000000037253
36.80000000074506
36.90000000037253
35.29999999888241
35.59999999962747
36.100000001490116
37.09999999962747
36.59999999962747
36.09999999962747
34.90000000037253
38.09999999962747
39.5
35.40000000037253
35.69999999925494
40.600000001490116
35
35.69999999925494
35.90000000037253
34.59999999962747
35.69999999925494
36
39.20000000111759
41.40000000037253
41.5
36
35.399999998509884
34.90000000037253
35.59999999962747
35.100000001490116
35.59999999962747
36.29999999888241
36.70000000111759
36
35.40000000037253
41.09999999962747
43.09999999962747
40.5
35.80000000074506
35.19999999925494
35.59999999962747
37.20000000111759
35.399999998509884
35.70000000111759
35
35.40000000037253
35.399999998509884
38.5
42.90000000037253
41.5
36.5
37.80000000074506
35.5
37.69999999925494
40.80000000074506
33.69999999925494
36.59999999962747
37.100000001490116
36.899999998509884
38.100000001490116
39.399999998509884
35.90000000037253
36.80000000074506
36.40000000037253
37.5
35.79999999888241
35.30000000074506
35.40000000037253
43.59999999962747
34.69999999925494
35.20000000111759
42.59999999962747
38.40000000037253
35.29999999888241
35.20000000111759
35.69999999925494
38.69999999925494
35.600000001490116
35.69999999925494
34.69999999925494
35.20000000111759
34.59999999962747
35.5
38.30000000074506
39.899999998509884
37.30000000074506
35.80000000074506
35.899999998509884
35.70000000111759
35.69999999925494
36
35.70000000111759
35.79999999888241
40.70000000111759
36.29999999888241
38.09999999962747
40.40000000037253
35.09999999962747
35.30000000074506
35.69999999925494
35.90000000037253
36.09999999962747
36.20000000111759
36.19999999925494
40.09999999962747
37.5
35.600000001490116
39.399999998509884
40.5
35.600000001490116
41.399999998509884
34.70000000111759
36.5
36.79999999888241
35.80000000074506
35.30000000074506
35.59999999962747
34.79999999888241
35.30000000074506
38.09999999962747
42.40000000037253
35.30000000074506
35.899999998509884
34.5
36.100000001490116
36
35
35.09999999962747
34.90000000037253
40.899999998509884
34.600000001490116
38.399999998509884
43.80000000074506
35.59999999962747
34.70000000111759
35.59999999962747
35.59999999962747
36.40000000037253
34.59999999962747
35.09999999962747
35.09999999962747
36.70000000111759
36.29999999888241
40.30000000074506
38.90000000037253
35.40000000037253
37.29999999888241
36.80000000074506
35.59999999962747
35.69999999925494
39.90000000037253
35.09999999962747
34.90000000037253
35.70000000111759
35.399999998509884
39.30000000074506
41.59999999962747
35.20000000111759
37.29999999888241
37.20000000111759
38.899999998509884
36.600000001490116
37.59999999962747
36.19999999925494
37.5
35.59999999962747
34.90000000037253
42.90000000037253
38.19999999925494
35
38.600000001490116
36.399999998509884
35.600000001490116
36.09999999962747
36.69999999925494
36.70000000111759
36.29999999888241
35.90000000037253
34.59999999962747
37.80000000074506
39.40000000037253
35.09999999962747
35.5
35
35.09999999962747
35.30000000074506
42.399999998509884
35.90000000037253
38.70000000111759
35.399999998509884
35.40000000037253
38.30000000074506
39.09999999962747
35.19999999925494
35.20000000111759
34.90000000037253
35.899999998509884
35.100000001490116
35.19999999925494
34.90000000037253
35.29999999888241
35.70000000111759
36.79999999888241
38.80000000074506
41.09999999962747
35.40000000037253
35.5
41.09999999962747
35
35.5
35.80000000074506
36
34.79999999888241
35.5
36
39
42
38.100000001490116
35.19999999925494
35.19999999925494
39
37
34.90000000037253
36.09999999962747
40.80000000074506
33.90000000037253
35.79999999888241
39.20000000111759
40
36.59999999962747
36.69999999925494
36.80000000074506
35.59999999962747
36.80000000074506
35.79999999888241
36.90000000037253
34.80000000074506
35.29999999888241
35.30000000074506
39.59999999962747
38.70000000111759
35.899999998509884
41.100000001490116
40
35.899999998509884
34.600000001490116
35
34.899999998509884
35.90000000037253
35.70000000111759
35.5
38.5
39
35.59999999962747
35
35.09999999962747
34.80000000074506
36.19999999925494
35.5
35.69999999925494
35.80000000074506
34.80000000074506
35.79999999888241
40.20000000111759
46.899999998509884
35.70000000111759
34.59999999962747
35.90000000037253
36.69999999925494
35.40000000037253
35.30000000074506
40.29999999888241
36.5
35.30000000074506
35.09999999962747
38
42.40000000037253
36.19999999925494
37.09999999962747
36.20000000111759
35.19999999925494
39.80000000074506
35.09999999962747
35.59999999962747
36.5
40.40000000037253
35.19999999925494
37.90000000037253
39.5
34.90000000037253
35.30000000074506
34.5
35.29999999888241
34.5
34.90000000037253
37.5
35.19999999925494
35.80000000074506
36.59999999962747
55.70000000111759
42.5
35.29999999888241
35.59999999962747
35.40000000037253
34.5
35
35.59999999962747
35.100000001490116
34.79999999888241
35
35
37.70000000111759
42.19999999925494
35.19999999925494
35.5
36.100000001490116
35.5
36.09999999962747
35.40000000037253
35.69999999925494
35.5
40
36.59999999962747
39
41
36.5
39.80000000074506
36.19999999925494
35.30000000074506
34.69999999925494
35.90000000037253
37.69999999925494
36.30000000074506
35.59999999962747
36.30000000074506
40.29999999888241
39
35.5
40.80000000074506
33.59999999962747
38.20000000111759
36.5
35.29999999888241
34.80000000074506
35.19999999925494
35.20000000111759
34.899999998509884
38.40000000037253
41.40000000037253
36.40000000037253
35.09999999962747
34.5
34.40000000037253
34.40000000037253
39.5
41
35
36.19999999925494
34.80000000074506
37.399999998509884
40.100000001490116
36.09999999962747
34.69999999925494
35.5
34.80000000074506
35.19999999925494
34.70000000111759
35.29999999888241
34.70000000111759
35.09999999962747
35.09999999962747
38.40000000037253
39.90000000037253
34.69999999925494
35.69999999925494
36
35.30000000074506
40.19999999925494
35
36.40000000037253
37
35.59999999962747
38.90000000037253
41.40000000037253
41.40000000037253
35.69999999925494
34.90000000037253
35.19999999925494
35.5
36.70000000111759
35.19999999925494
36.30000000074506
37.29999999888241
35.30000000074506
41.80000000074506
36.59999999962747
40.90000000037253
35.69999999925494
36.19999999925494
35.600000001490116
35.5
35.09999999962747
35.40000000037253
34.79999999888241
35.5
36
36.20000000111759
38.09999999962747
39
35.19999999925494
38.5
35.20000000111759
40
34.399999998509884
35.40000000037253
35.40000000037253
36.19999999925494
35.100000001490116
35.5
38.79999999888241
38.5
35.20000000111759
39.69999999925494
43.40000000037253
36.40000000037253
35.79999999888241
36.40000000037253
35.59999999962747
35.5
37.59999999962747
35.30000000074506
39.40000000037253
41.40000000037253
35.59999999962747
42.59999999962747
35.30000000074506
35.5
46.29999999888241
37.40000000037253
34.80000000074506
35.19999999925494
34.59999999962747
35.30000000074506
41.40000000037253
39.29999999888241
35.59999999962747
35.40000000037253
39
43.40000000037253
37
37
41.59999999962747
33.5
36.90000000037253
35.80000000074506
38.19999999925494
41
36.40000000037253
35.40000000037253
34.899999998509884
35.80000000074506
34.69999999925494
35.70000000111759
34.79999999888241
37.600000001490116
35.29999999888241
34.90000000037253
39.80000000074506
40
35.09999999962747
41.69999999925494
35.20000000111759
35.899999998509884
36.30000000074506
34.59999999962747
35.09999999962747
35
36.5
36
37.70000000111759
38.59999999962747
34.5
36.09999999962747
35.30000000074506
35.29999999888241
35.30000000074506
36
36.09999999962747
35.5
37.20000000111759
35.399999998509884
39.600000001490116
52.399999998509884
36.5
35.30000000074506
36
36.09999999962747
35.59999999962747
39
35.90000000037253
36.40000000037253
35.40000000037253
35.29999999888241
38.100000001490116
39.59999999962747
37.59999999962747
36
36.59999999962747
35.5
41.20000000111759
34.399999998509884
35.70000000111759
36.5
35.19999999925494
36.30000000074506
38.5
38.59999999962747
34.59999999962747
35.80000000074506
53.59999999962747
37.5
36.09999999962747
35.40000000037253
34.5
35.19999999925494
36.5
35.30000000074506
41.90000000037253
39.79999999888241
36
36.20000000111759
35.09999999962747
35.69999999925494
35.5
35.20000000111759
35.40000000037253
34.69999999925494
35.69999999925494
34.30000000074506
39.59999999962747
39.30000000074506
34.79999999888241
34.90000000037253
37.30000000074506
35.90000000037253
35.399999998509884
35.30000000074506
41.80000000074506
38
40.59999999962747
34.90000000037253
40
41.19999999925494
35.5
36
37
36.09999999962747
35.90000000037253
35.5
35.19999999925494
34.80000000074506
35.59999999962747
35.40000000037253
37
41.09999999962747
34.90000000037253
35.90000000037253
41.09999999962747
34.09999999962747
35
34.40000000037253
37.30000000074506
35.09999999962747
35.40000000037253
34.69999999925494
60.09999999962747
64.30000000074506
59.40000000037253
56.399999998509884
46.20000000111759
37.79999999888241
43.20000000111759
37.69999999925494
36.70000000111759
38.29999999888241
43.40000000037253
37.80000000074506
39.399999998509884
47.100000001490116
35.19999999925494
36.30000000074506
34.399999998509884
35.90000000037253
36.20000000111759
36.59999999962747
35.09999999962747
34.69999999925494
35.100000001490116
34.5
46.79999999888241
40.80000000074506
36.19999999925494
36.30000000074506
35.5
35.69999999925494
35.59999999962747
35.30000000074506
40.59999999962747
35.40000000037253
36.09999999962747
35.09999999962747
38.70000000111759
42.5
36
35.5
35.29999999888241
35.30000000074506
35.80000000074506
34.59999999962747
35.19999999925494
35.80000000074506
37.09999999962747
35
38.90000000037253
44
33.5
42
37.79999999888241
35.600000001490116
34.69999999925494
35.09999999962747
34.70000000111759
36.29999999888241
35
36.20000000111759
43.69999999925494
41
35.30000000074506
35.29999999888241
36.90000000037253
36.40000000037253
35.79999999888241
41.80000000074506
34.5
36
35.19999999925494
34.30000000074506
38
40.80000000074506
35.29999999888241
34.90000000037253
35.19999999925494
35
35.20000000111759
40.29999999888241
37.20000000111759
35.90000000037253
35.09999999962747
35.90000000037253
39.79999999888241
40
36
35.80000000074506
35.5
40.5
35.5
35.29999999888241
35
35.20000000111759
34.59999999962747
35.59999999962747
39.09999999962747
39.5
37.30000000074506
36.19999999925494
35.80000000074506
35
35.69999999925494
37.5
34.90000000037253
35.5
39.90000000037253
37.40000000037253
38.19999999925494
41.30000000074506
35.59999999962747
34.80000000074506
36
34.59999999962747
35.79999999888241
35.5
36.100000001490116
34.59999999962747
34.90000000037253
34.69999999925494
37.40000000037253
39.90000000037253
35.79999999888241
34.90000000037253
36.69999999925494
39.5
35.20000000111759
35.29999999888241
36.20000000111759
35
34.79999999888241
35.100000001490116
37.5
39.29999999888241
35.59999999962747
39.100000001490116
36.5
34.899999998509884
35.600000001490116
35.5
35.29999999888241
35.70000000111759
36.29999999888241
36.5
39.80000000074506
41.79999999888241
36.40000000037253
40.40000000037253
35.40000000037253
37.69999999925494
35.70000000111759
36.29999999888241
35.20000000111759
35.5
35.09999999962747
34.79999999888241
38
42.100000001490116
37.19999999925494
35.30000000074506
36.59999999962747
35.19999999925494
35.40000000037253
44.09999999962747
34.59999999962747
34.70000000111759
36.19999999925494
35.40000000037253
38.59999999962747
39.90000000037253
35
35.59999999962747
35.09999999962747
35.30000000074506
35.69999999925494
36.5
35.30000000074506
36.40000000037253
37
34.59999999962747
37.59999999962747
43.90000000037253
34.40000000037253
36.90000000037253
34.899999998509884
35.20000000111759
35.40000000037253
34.79999999888241
35
34.90000000037253
35.09999999962747
38.5
37.80000000074506
38.90000000037253
34.69999999925494
37.19999999925494
36.40000000037253
34.80000000074506
35.40000000037253
34.59999999962747
35.5
35.19999999925494
35.59999999962747
40.30000000074506
40.90000000037253
43.79999999888241
35.30000000074506
34.5
35.59999999962747
36.70000000111759
37.09999999962747
35.29999999888241
35.600000001490116
37.899999998509884
35.100000001490116
35.899999998509884
37.5
41.20000000111759
35.5
38.79999999888241
40.90000000037253
33.59999999962747
36
38.40000000037253
35.90000000037253
34.90000000037253
35.19999999925494
35
38.40000000037253
39.30000000074506
35
35.19999999925494
35
36.5
35.5
34.80000000074506
35.29999999888241
35.5
42.5
34.40000000037253
37.90000000037253
39
34.90000000037253
34.79999999888241
34.90000000037253
35.5
34.90000000037253
38.5
35.69999999925494
34.80000000074506
35.29999999888241
35.80000000074506
40.19999999925494
38.20000000111759
35.90000000037253
36.59999999962747
35
35.09999999962747
34.90000000037253
35.69999999925494
40.30000000074506
35.90000000037253
35.79999999888241
35.40000000037253
39.5
41.5
34.90000000037253
35.59999999962747
34.5
35.59999999962747
35
36.09999999962747
36.5
35.20000000111759
37.69999999925494
39.5
38.90000000037253
44.69999999925494
34.30000000074506
35.59999999962747
36.09999999962747
35.70000000111759
36.69999999925494
35.5
35.59999999962747
35.20000000111759
36.79999999888241
35.100000001490116
37.79999999888241
40.30000000074506
35.09999999962747
36.09999999962747
36.09999999962747
36.40000000037253
35.09999999962747
40.600000001490116
34.899999998509884
35.40000000037253
35.20000000111759
34.59999999962747
37.5
39.79999999888241
35.600000001490116
39.5
35.5
35.19999999925494
36.90000000037253
34.79999999888241
35.20000000111759
34.90000000037253
39.59999999962747
35.29999999888241
38
42.30000000074506
34.69999999925494
37
35.80000000074506
41.09999999962747
35.90000000037253
35.80000000074506
35.399999998509884
35.600000001490116
34.59999999962747
35.79999999888241
40.30000000074506
41.59999999962747
35.70000000111759
34.79999999888241
35.59999999962747
35.30000000074506
35.40000000037253
41
36.40000000037253
43.79999999888241
40.5
33.30000000074506
37.69999999925494
40.40000000037253
35.59999999962747
34.90000000037253
35.5
34.80000000074506
35.899999998509884
34.70000000111759
35.90000000037253
45.899999998509884
34.90000000037253
36.70000000111759
39.59999999962747
39.19999999925494
36.40000000037253
35.69999999925494
35.40000000037253
39.90000000037253
35
35
34.80000000074506
35.09999999962747
41.09999999962747
36.30000000074506
38.69999999925494
40.19999999925494
36.100000001490116
35.09999999962747
35
35.09999999962747
34.5
35.59999999962747
34.70000000111759
35.09999999962747
34.79999999888241
35.600000001490116
42
42.399999998509884
39.5
36.90000000037253
34.59999999962747
34.70000000111759
35.40000000037253
35.69999999925494
34.90000000037253
35
34.79999999888241
35.5
37.100000001490116
40.399999998509884
42.30000000074506
36.90000000037253
39.59999999962747
34.90000000037253
35.09999999962747
40
33.40000000037253
38.09999999962747
37.09999999962747
35.59999999962747
37
38.80000000074506
36.5
35.30000000074506
35.59999999962747
35.69999999925494
37.09999999962747
35.5
35.100000001490116
36.19999999925494
36.5
37
38.30000000074506
44.69999999925494
34.80000000074506
34.69999999925494
35
35
38.5
35.30000000074506
35.899999998509884
35.40000000037253
34.40000000037253
35.30000000074506
37.899999998509884
39
35.5
36.80000000074506
35.5
34.59999999962747
35.20000000111759
35.399999998509884
35.90000000037253
35.40000000037253
35
40.5
39.90000000037253
39
35.19999999925494
35.40000000037253
35.30000000074506
35
35.29999999888241
35.40000000037253
34.5
35.5
38.80000000074506
37.19999999925494
38.80000000074506
41.399999998509884
35.100000001490116
35.09999999962747
40.29999999888241
33.40000000037253
35.70000000111759
35.899999998509884
35.90000000037253
35.40000000037253
35.59999999962747
35.80000000074506
38.5
42.40000000037253
36.09999999962747
35.69999999925494
34.90000000037253
34.40000000037253
35.29999999888241
34.70000000111759
35
36.09999999962747
36.80000000074506
40.79999999888241
37.30000000074506
39.19999999925494
38.70000000111759
34.79999999888241
36.09999999962747
34.90000000037253
35.40000000037253
34.80000000074506
35.09999999962747
34.90000000037253
34.29999999888241
35
37.30000000074506
39.19999999925494
34.80000000074506
36
37.40000000037253
36.19999999925494
35.09999999962747
35.80000000074506
35.29999999888241
41
34.70000000111759
35.5
39.19999999925494
41
36.20000000111759
34.59999999962747
35.69999999925494
37.20000000111759
38.29999999888241
36.70000000111759
37
35.5
37.399999998509884
34.80000000074506
37.69999999925494
43.20000000111759
34.19999999925494
36.09999999962747
36.5
35.20000000111759
37
37.09999999962747
36.90000000037253
37.79999999888241
35.40000000037253
35.70000000111759
36.899999998509884
41
34.30000000074506
35.40000000037253
34.90000000037253
35.09999999962747
41.29999999888241
35.40000000037253
35.90000000037253
35.69999999925494
38.20000000111759
35.29999999888241
38.30000000074506
39.59999999962747
35.40000000037253
34.69999999925494
35
34.70000000111759
35.40000000037253
34.59999999962747
35.40000000037253
34.79999999888241
35
35.90000000037253
41.90000000037253
41.40000000037253
35.09999999962747
35.19999999925494
39.80000000074506
34.5
35.79999999888241
35.20000000111759
35.40000000037253
40.79999999888241
35
36.20000000111759
38.399999998509884
42.100000001490116
38.5
37.69999999925494
36.69999999925494
35.30000000074506
37
34.90000000037253
36
40.29999999888241
33.40000000037253
35.30000000074506
36.5
42.5
37.19999999925494
35.20000000111759
36.899999998509884
36.100000001490116
35.09999999962747
36
35
35
34.79999999888241
35.30000000074506
39.19999999925494
42
36
39.70000000111759
34.59999999962747
34.69999999925494
37.40000000037253
36.59999999962747
34.5
35.5
35.100000001490116
35.09999999962747
36.69999999925494
39.20000000111759
34.5
35.399999998509884
36
35.80000000074506
34.80000000074506
36.5
37.09999999962747
35.40000000037253
34.899999998509884
35.600000001490116
40.29999999888241
46.40000000037253
35.5
35.40000000037253
35.69999999925494
36.20000000111759
35.79999999888241
35.09999999962747
35.100000001490116
35.5
42.29999999888241
36.20000000111759
37.5
39.399999998509884
34.70000000111759
35.09999999962747
38.69999999925494
35.80000000074506
39.80000000074506
33.09999999962747
36.79999999888241
38.30000000074506
34.69999999925494
34.600000001490116
38.899999998509884
40.70000000111759
35.09999999962747
35.5
35
35.30000000074506
35.09999999962747
34.90000000037253
35.19999999925494
36
35.5
34.80000000074506
42.09999999962747
39.40000000037253
40.59999999962747
35.5
34.79999999888241
34.90000000037253
36.70000000111759
36
35
39.59999999962747
34.59999999962747
35.30000000074506
37.19999999925494
39.30000000074506
35.59999999962747
34.90000000037253
35.79999999888241
36.09999999962747
36
35.30000000074506
34.59999999962747
37.40000000037253
41.90000000037253
35.09999999962747
38.90000000037253
39.69999999925494
35.5
35.90000000037253
35.19999999925494
35.40000000037253
38.40000000037253
35.69999999925494
34.90000000037253
35.5
35.70000000111759
35
39.899999998509884
40
36.600000001490116
42
34.19999999925494
36.19999999925494
36.600000001490116
36.79999999888241
37.20000000111759
35.09999999962747
36.79999999888241
36.100000001490116
37.29999999888241
39.80000000074506
34.29999999888241
35.5
35
35.30000000074506
34.40000000037253
35.19999999925494
34.90000000037253
36.30000000074506
43.09999999962747
36.09999999962747
38.30000000074506
39.19999999925494
34.30000000074506
35.09999999962747
34.79999999888241
35.80000000074506
35.09999999962747
35
34.90000000037253
35.59999999962747
35.20000000111759
34.69999999925494
40.30000000074506
39.29999999888241
35.30000000074506
35.09999999962747
36.30000000074506
36.59999999962747
35.40000000037253
41.59999999962747
34.40000000037253
36.79999999888241
35
34.70000000111759
40
42.29999999888241
38.20000000111759
36.29999999888241
36.40000000037253
35.09999999962747
34.90000000037253
35.09999999962747
35.59999999962747
37.100000001490116
36.09999999962747
36.59999999962747
43.40000000037253
38.5
34.90000000037253
36.899999998509884
36.80000000074506
35.59999999962747
35.59999999962747
34.90000000037253
35.5
35
36.70000000111759
36.899999998509884
37
39.70000000111759
34.69999999925494
35.59999999962747
36.100000001490116
36.59999999962747
43.19999999925494
35.40000000037253
35.30000000074506
34.79999999888241
35.20000000111759
35.69999999925494
38.5
40.69999999925494
34.80000000074506
35.30000000074506
34.899999998509884
35.70000000111759
35.29999999888241
35.20000000111759
36
35.59999999962747
35
34.40000000037253
40.19999999925494
40.80000000074506
37.40000000037253
35.5
40.5
35.59999999962747
35.19999999925494
35.59999999962747
35.90000000037253
34.90000000037253
38
36.30000000074506
37
39
35.09999999962747
35.09999999962747
35.69999999925494
37.600000001490116
36.79999999888241
35.5
36.20000000111759
40.399999998509884
34
37.30000000074506
39.80000000074506
39.29999999888241
35.30000000074506
34.59999999962747
35.19999999925494
36.100000001490116
38
35.69999999925494
34.40000000037253
35.19999999925494
35.80000000074506
36.59999999962747
38.09999999962747
39
38.40000000037253
35.59999999962747
40
34.90000000037253
35.19999999925494
35.100000001490116
34.5
35.19999999925494
35
35.30000000074506
37.19999999925494
38.80000000074506
35.29999999888241
34.59999999962747
36.5
36.90000000037253
35
35.70000000111759
35.399999998509884
36.40000000037253
36.5
35.59999999962747
39.5
46.80000000074506
35.80000000074506
36.09999999962747
35.09999999962747
35.09999999962747
38
36.5
34.80000000074506
35.40000000037253
34.899999998509884
35.40000000037253
38.70000000111759
42
36.19999999925494
37.30000000074506
34.79999999888241
35.30000000074506
40.79999999888241
34.20000000111759
36.69999999925494
37.20000000111759
35.5
35.29999999888241
39.5
39.09999999962747
36.100000001490116
36.59999999962747
34.59999999962747
34.80000000074506
34.5
36.29999999888241
35.09999999962747
35.600000001490116
38
35.29999999888241
44.40000000037253
39.59999999962747
35
35
34.40000000037253
34.80000000074506
34.899999998509884
35.100000001490116
34.399999998509884
35.40000000037253
34.80000000074506
35.59999999962747
38.09999999962747
42
35
35.09999999962747
35.70000000111759
35.19999999925494
35.59999999962747
35.70000000111759
35.09999999962747
34.80000000074506
41.09999999962747
35.09999999962747
38.59999999962747
41.80000000074506
38.19999999925494
35.20000000111759
36.29999999888241
35.70000000111759
35
37.09999999962747
34.69999999925494
35.30000000074506
34.90000000037253
38.59999999962747
40
39.79999999888241
36.5
42.100000001490116
34.899999998509884
36.5
35
36.80000000074506
34.69999999925494
35.40000000037253
35.70000000111759
36.09999999962747
38
38.5
36.19999999925494
35.09999999962747
35.20000000111759
34.59999999962747
48.90000000037253
40.59999999962747
34.40000000037253
40.40000000037253
35.79999999888241
35.09999999962747
37.600000001490116
41
40
35.399999998509884
36.100000001490116
36.59999999962747
34.79999999888241
35.70000000111759
37.09999999962747
36.59999999962747
34.80000000074506
35.09999999962747
39.40000000037253
41.90000000037253
35.29999999888241
34.90000000037253
37.19999999925494
36.30000000074506
35.80000000074506
40.399999998509884
35.80000000074506
41.69999999925494
36.5
35.100000001490116
39.899999998509884
43.70000000111759
35.5
36.5
35.59999999962747
35.09999999962747
36.20000000111759
34.79999999888241
35.40000000037253
38.09999999962747
36.40000000037253
35.80000000074506
43.79999999888241
37.59999999962747
35.70000000111759
35.69999999925494
37
34.90000000037253
35.09999999962747
35.20000000111759
37.5
34.899999998509884
36
34.80000000074506
38.40000000037253
48.5
37.79999999888241
36.20000000111759
35.40000000037253
34.69999999925494
40.59999999962747
36.09999999962747
35.40000000037253
35.40000000037253
34.40000000037253
35.5
38.29999999888241
38.90000000037253
35
36.20000000111759
35.09999999962747
34.5
35.59999999962747
34.90000000037253
36.79999999888241
37.5
35.70000000111759
36.29999999888241
38.70000000111759
41.59999999962747
35.59999999962747
35.40000000037253
40.40000000037253
44
35.5
37.40000000037253
35
34.899999998509884
35.600000001490116
36.899999998509884
38.30000000074506
39
35.40000000037253
35.59999999962747
35.80000000074506
36.09999999962747
37.69999999925494
36.30000000074506
35.5
40.5
32.79999999888241
37
39.70000000111759
41.79999999888241
36.90000000037253
35.70000000111759
35.19999999925494
34.80000000074506
35.19999999925494
35.90000000037253
35.19999999925494
38.20000000111759
36.09999999962747
35.19999999925494
36.90000000037253
39.5
40
39.90000000037253
34.5
34.90000000037253
35.29999999888241
35.20000000111759
35.79999999888241
36.20000000111759
36.29999999888241
36.40000000037253
37.59999999962747
42.59999999962747
35
36.100000001490116
35.399999998509884
35.600000001490116
37.69999999925494
35.09999999962747
36.90000000037253
35.30000000074506
35.79999999888241
35
44.5
46.20000000111759
35.5
34.899999998509884
35.40000000037253
34.80000000074506
35.59999999962747
36.19999999925494
36.600000001490116
35.59999999962747
35.40000000037253
37.399999998509884
39.70000000111759
39.90000000037253
36.09999999962747
38.59999999962747
36.5
41
33.19999999925494
36.5
35.100000001490116
35.59999999962747
39.19999999925494
35.40000000037253
39.30000000074506
39.79999999888241
35.5
35.59999999962747
43.40000000037253
37.30000000074506
34.59999999962747
35.30000000074506
35.399999998509884
35.40000000037253
35.40000000037253
35.40000000037253
43.40000000037253
38.79999999888241
34.70000000111759
35.5
36.59999999962747
36.5
36.40000000037253
35.69999999925494
35
34.40000000037253
35
35.69999999925494
37.40000000037253
44.40000000037253
35.29999999888241
35.30000000074506
35.19999999925494
35.600000001490116
35.09999999962747
36.5
43.29999999888241
43.5
40.40000000037253
35.80000000074506
39.90000000037253
43.19999999925494
37.19999999925494
35.80000000074506
35.5
34.80000000074506
35.69999999925494
35.69999999925494
37.30000000074506
36.19999999925494
35.600000001490116
36.79999999888241
40.30000000074506
42
36.09999999962747
41
35.30000000074506
36.29999999888241
34.5
38.30000000074506
36.09999999962747
35.09999999962747
35.40000000037253
41.69999999925494
38.70000000111759
39.59999999962747
35.40000000037253
35.29999999888241
35
35.5
35.20000000111759
35.09999999962747
35.59999999962747
39.80000000074506
36.5
39.69999999925494
38.5
42.59999999962747
35.600000001490116
36.19999999925494
35.30000000074506
35.19999999925494
35.59999999962747
36.90000000037253
35.5
35.90000000037253
34.90000000037253
34.899999998509884
40
41.90000000037253
40.09999999962747
35.80000000074506
35.5
35.5
34.80000000074506
40.399999998509884
35.100000001490116
34.69999999925494
36
34.69999999925494
39.70000000111759
42.09999999962747
36.30000000074506
35.79999999888241
37
35
34.80000000074506
35.59999999962747
36.30000000074506
36.09999999962747
36.19999999925494
35.80000000074506
42.19999999925494
37.80000000074506
35.90000000037253
35.59999999962747
36.79999999888241
34.70000000111759
41.40000000037253
37.29999999888241
35.80000000074506
35.79999999888241
36.20000000111759
35.90000000037253
38.29999999888241
40.20000000111759
35.09999999962747
34.69999999925494
42.30000000074506
35.19999999925494
34.80000000074506
41
34.90000000037253
36.29999999888241
35.09999999962747
35.600000001490116
38.399999998509884
41
37
34.70000000111759
34.59999999962747
35.09999999962747
35.90000000037253
36.19999999925494
37.40000000037253
35.40000000037253
38.59999999962747
35.90000000037253
39.69999999925494
41.40000000037253
34.80000000074506
35.59999999962747
36.09999999962747
39.59999999962747
35.5
35.70000000111759
35.69999999925494
35.09999999962747
36
35.80000000074506
39
39.59999999962747
35.30000000074506
36
35.79999999888241
35.100000001490116
38.29999999888241
35.5
37.30000000074506
40.90000000037253
33
35.19999999925494
41.19999999925494
42.600000001490116
39.19999999925494
35.5
40.30000000074506
35.399999998509884
35.20000000111759
34.90000000037253
35.19999999925494
35
35.80000000074506
36.29999999888241
37.40000000037253
39.19999999925494
36.30000000074506
36
42
36.40000000037253
35.90000000037253
36.19999999925494
36
36.19999999925494
39.90000000037253
35.20000000111759
37.59999999962747
39.5
38.09999999962747
43.09999999962747
40.5
42
40.09999999962747
36.5
35.40000000037253
35.5
35.90000000037253
35.09999999962747
39.80000000074506
47
34.79999999888241
35.70000000111759
35.09999999962747
34.90000000037253
36.69999999925494
37.30000000074506
35.29999999888241
36.30000000074506
35.90000000037253
35.29999999888241
38
39
35.20000000111759
36.90000000037253
36.69999999925494
34.69999999925494
40.80000000074506
33
40.69999999925494
42.100000001490116
39
36.79999999888241
37
40.59999999962747
37.5
36.5
36.70000000111759
38.5
37
34.5
34.90000000037253
35.899999998509884
36.600000001490116
35.29999999888241
42.90000000037253
39.09999999962747
35.09999999962747
35.5
35.600000001490116
36
35.09999999962747
35.19999999925494
36.5
35.5
35.20000000111759
34.69999999925494
37.69999999925494
50
35.5
35
35.90000000037253
36
36.20000000111759
40.399999998509884
35.40000000037253
34.80000000074506
41.09999999962747
35.19999999925494
37
39.30000000074506
35.90000000037253
35.5
38.09999999962747
37.19999999925494
36
37.30000000074506
37
37.5
36.80000000074506
37.399999998509884
40.600000001490116
43.399999998509884
36
41.80000000074506
54.19999999925494
42.80000000074506
35.69999999925494
38.30000000074506
36.30000000074506
43.79999999888241
36.5
36.59999999962747
40.600000001490116
49.5
37.69999999925494
37.90000000037253
37.69999999925494
37.80000000074506
35.59999999962747
40.40000000037253
37.40000000037253
42.69999999925494
38.40000000037253
40.09999999962747
41.69999999925494
41.80000000074506
34.5
35.19999999925494
35.20000000111759
35
41.79999999888241
36.90000000037253
35.30000000074506
36.19999999925494
36.70000000111759
35.5
37.5
39.399999998509884
35.90000000037253
35.09999999962747
35.600000001490116
35.09999999962747
35
41.69999999925494
35.70000000111759
35.69999999925494
35.40000000037253
35.59999999962747
39.5
42.30000000074506
36
35.09999999962747
34.90000000037253
35.5
34.69999999925494
35.90000000037253
34.5
36.19999999925494
46.40000000037253
37.80000000074506
42.79999999888241
38.5
36.90000000037253
36.40000000037253
37.40000000037253
35.29999999888241
35.70000000111759
34.59999999962747
35.40000000037253
35.399999998509884
34.90000000037253
35.59999999962747
37.100000001490116
38.899999998509884
34.80000000074506
36.09999999962747
35.20000000111759
35.79999999888241
41.20000000111759
35.79999999888241
36.59999999962747
35.70000000111759
36
38.59999999962747
38.19999999925494
47.20000000111759
36.69999999925494
35.5
35.80000000074506
35.5
34.69999999925494
36.70000000111759
36.69999999925494
35.30000000074506
35.69999999925494
35.30000000074506
38.399999998509884
41.5
36.5
36.100000001490116
41.79999999888241
35.30000000074506
36
35.40000000037253
34.69999999925494
35.09999999962747
35.20000000111759
34.79999999888241
38.90000000037253
40.09999999962747
36.5
37.20000000111759
36.19999999925494
42
39.80000000074506
35.19999999925494
36.40000000037253
40.29999999888241
33.40000000037253
36.80000000074506
39.09999999962747
41
35.5
35.19999999925494
35.5
36.600000001490116
36.09999999962747
37.09999999962747
35
35.09999999962747
35.59999999962747
35.90000000037253
40.70000000111759
44.09999999962747
35.59999999962747
40.09999999962747
34.5
35.20000000111759
35
34.69999999925494
42.09999999962747
36.40000000037253
36.30000000074506
36.5
37.5
39.19999999925494
35.30000000074506
35.09999999962747
34.29999999888241
36.40000000037253
37
34.5
35.40000000037253
34.90000000037253
36.5
35.79999999888241
40.70000000111759
46.19999999925494
34.80000000074506
34.5
35.40000000037253
35.19999999925494
35.69999999925494
35.80000000074506
36.80000000074506
35.5
34.79999999888241
36.20000000111759
46.29999999888241
45.40000000037253
35.69999999925494
36.600000001490116
35.69999999925494
36.69999999925494
40.600000001490116
34.59999999962747
35.90000000037253
34.59999999962747
36
36.59999999962747
37.5
38.59999999962747
35.80000000074506
34.5
35.79999999888241
35.40000000037253
35.09999999962747
36.70000000111759
35.59999999962747
35.69999999925494
34.90000000037253
35.20000000111759
42.79999999888241
38.20000000111759
35.19999999925494
42.90000000037253
36.19999999925494
35
35.20000000111759
35
34.59999999962747
34.90000000037253
35
34.899999998509884
38.5
42.30000000074506
35.09999999962747
35
34.80000000074506
36.90000000037253
36.69999999925494
36.09999999962747
35.5
35.09999999962747
41
35.70000000111759
37.29999999888241
41.80000000074506
36.30000000074506
36.399999998509884
36.20000000111759
35.29999999888241
35.30000000074506
41.59999999962747
36.80000000074506
37.29999999888241
36.600000001490116
35.29999999888241
39.5
39.80000000074506
35.59999999962747
40.69999999925494
33.20000000111759
35.5
35
37.29999999888241
34.5
34.70000000111759
35.5
35.69999999925494
40.5
42
38.90000000037253
35.90000000037253
35
35.19999999925494
35.09999999962747
34.80000000074506
35.19999999925494
40
34.70000000111759
37.59999999962747
38.5
38.69999999925494
35.90000000037253
36.40000000037253
34.5
35.30000000074506
35
35.399999998509884
34.70000000111759
35.59999999962747
34.80000000074506
35.59999999962747
37.69999999925494
40.70000000111759
36.59999999962747
35
35.40000000037253
35.09999999962747
34.5
40.5
35.29999999888241
40.600000001490116
39.5
34.69999999925494
39.69999999925494
41.90000000037253
36
39.20000000111759
36.09999999962747
35.59999999962747
35.19999999925494
35.20000000111759
36
35
38.29999999888241
35.100000001490116
43.19999999925494
37.5
34.59999999962747
34.70000000111759
36.899999998509884
35.80000000074506
36.19999999925494
35
36.20000000111759
38
35.29999999888241
35.90000000037253
37.59999999962747
41.30000000074506
35.40000000037253
36.79999999888241
35.30000000074506
35.69999999925494
35.30000000074506
43.40000000037253
34.40000000037253
35.19999999925494
35.90000000037253
35.5
37.79999999888241
41.90000000037253
35.5
35.5
35.59999999962747
34.80000000074506
34.69999999925494
35.40000000037253
36.20000000111759
36.09999999962747
36.59999999962747
34.59999999962747
38.70000000111759
40.79999999888241
34.5
35.59999999962747
34.5
41.40000000037253
35.20000000111759
35.69999999925494
35.19999999925494
35.600000001490116
35.59999999962747
39.09999999962747
38.80000000074506
39.899999998509884
34.90000000037253
35.20000000111759
35.19999999925494
35.5
36.19999999925494
37
35.30000000074506
34.40000000037253
40.5
33.69999999925494
36.80000000074506
43.5
35.19999999925494
37.30000000074506
36.90000000037253
34.59999999962747
35.5
35
35.29999999888241
34.70000000111759
34.90000000037253
34.29999999888241
37.80000000074506
40.5
35
37.90000000037253
40.09999999962747
34.5
36.29999999888241
35.100000001490116
35.59999999962747
34.69999999925494
35.20000000111759
35.69999999925494
36.80000000074506
39.19999999925494
35.19999999925494
34.5
34.80000000074506
36.19999999925494
36.30000000074506
35.59999999962747
35.40000000037253
35
35.59999999962747
34.90000000037253
39
40.69999999925494
41
34.90000000037253
35.70000000111759
34.69999999925494
35.19999999925494
38.20000000111759
35.5
36.40000000037253
34.399999998509884
35.70000000111759
40.29999999888241
38.70000000111759
36.19999999925494
35.09999999962747
37.30000000074506
34.69999999925494
35.5
39.30000000074506
33.80000000074506
37.59999999962747
37.90000000037253
36.399999998509884
38.5
42.600000001490116
35.09999999962747
35.09999999962747
35.80000000074506
35.79999999888241
35.5
35
35.09999999962747
35.5
34.40000000037253
38
38.80000000074506
44.09999999962747
34.90000000037253
35.09999999962747
35.5
36.80000000074506
34.399999998509884
35
34.70000000111759
34.90000000037253
34.19999999925494
34.69999999925494
37.30000000074506
40.80000000074506
35.69999999925494
36
35.69999999925494
36.30000000074506
36.40000000037253
36.19999999925494
37
36.59999999962747
35.30000000074506
41.5
39.80000000074506
39.899999998509884
35.70000000111759
37.79999999888241
35.90000000037253
36.20000000111759
35.899999998509884
35.5
35.600000001490116
35.19999999925494
34.90000000037253
34.5
38.40000000037253
42.399999998509884
35.100000001490116
37.19999999925494
42.5
36.30000000074506
37
37.29999999888241
35.59999999962747
35.80000000074506
36
34.59999999962747
37.20000000111759
39.399999998509884
35.600000001490116
34.69999999925494
35.40000000037253
34.5
35.5
38.09999999962747
35.5
35.69999999925494
35.40000000037253
40.40000000037253
37.09999999962747
39.59999999962747
34.80000000074506
35.09999999962747
35.80000000074506
35.29999999888241
34.90000000037253
34.30000000074506
36.40000000037253
35.899999998509884
35.600000001490116
35.19999999925494
38.19999999925494
39.80000000074506
34.90000000037253
35.40000000037253
36.09999999962747
35.90000000037253
36.09999999962747
35.40000000037253
40.69999999925494
34.5
35.40000000037253
37.90000000037253
39.69999999925494
42.69999999925494
34.90000000037253
35.59999999962747
35.40000000037253
35.20000000111759
35
34.79999999888241
35.09999999962747
35.40000000037253
37.40000000037253
35.19999999925494
39.5
45.30000000074506
33.80000000074506
36.399999998509884
37.40000000037253
35.09999999962747
35.20000000111759
34.5
35.79999999888241
36.100000001490116
34.69999999925494
35.19999999925494
36.90000000037253
39.09999999962747
35.30000000074506
37.90000000037253
36.29999999888241
35.20000000111759
35.19999999925494
39.30000000074506
35.19999999925494
35
34.40000000037253
34.69999999925494
37.80000000074506
39.09999999962747
34.70000000111759
35.29999999888241
35.90000000037253
35.40000000037253
36
34.59999999962747
35.30000000074506
34.399999998509884
36
36.20000000111759
37.90000000037253
40.69999999925494
35.80000000074506
34.899999998509884
35.70000000111759
39.79999999888241
35.100000001490116
38.59999999962747
35.59999999962747
35.59999999962747
35.09999999962747
36
37.30000000074506
39.69999999925494
36.70000000111759
35
35.09999999962747
34.90000000037253
34.90000000037253
38.899999998509884
36.20000000111759
37.19999999925494
41.5
33.30000000074506
38.29999999888241
43.5
36.40000000037253
35.09999999962747
36.100000001490116
36
35
35.5
35.5
35.29999999888241
35
38
40.30000000074506
40
35.19999999925494
35.09999999962747
39.70000000111759
35.29999999888241
35.100000001490116
34.19999999925494
34.69999999925494
34.600000001490116
35.59999999962747
35.29999999888241
38
41.70000000111759
35.5
35.19999999925494
34.80000000074506
34.90000000037253
35.399999998509884
35.90000000037253
36.30000000074506
34.59999999962747
35.30000000074506
34.69999999925494
39.5
41.59999999962747
41.09999999962747
37.80000000074506
36.19999999925494
35.40000000037253
35.09999999962747
35.90000000037253
35.90000000037253
35.5
34.59999999962747
34.80000000074506
37.5
41.40000000037253
42
36.29999999888241
37.90000000037253
37.19999999925494
35.90000000037253
40.30000000074506
32.69999999925494
37.40000000037253
35
36.59999999962747
37
39.30000000074506
35.19999999925494
34.80000000074506
35.5
34.59999999962747
34.80000000074506
38
35.59999999962747
35.19999999925494
34.5
35.20000000111759
42.5
38.5
35.09999999962747
34.19999999925494
34.90000000037253
35
35.40000000037253
35.5
35
35.5
35.5
35.29999999888241
37.100000001490116
42
35.79999999888241
34.59999999962747
35.40000000037253
35.09999999962747
35.600000001490116
35.19999999925494
34.59999999962747
35.5
41.20000000111759
37.79999999888241
38.5
40.59999999962747
36.100000001490116
35
35.79999999888241
35.20000000111759
34.79999999888241
36.40000000037253
36.40000000037253
36.69999999925494
35.70000000111759
35.899999998509884
40
41.5
35.40000000037253
39.80000000074506
34.40000000037253
36.79999999888241
36.90000000037253
35.59999999962747
35.40000000037253
35.40000000037253
34.79999999888241
35.20000000111759
38.09999999962747
38.69999999925494
35.20000000111759
38.69999999925494
36.30000000074506
35.79999999888241
35.5
34.70000000111759
39.40000000037253
34.899999998509884
34.90000000037253
35.90000000037253
37.19999999925494
39.30000000074506
34.90000000037253
35.09999999962747
35
35.40000000037253
34.90000000037253
35.19999999925494
35
36.19999999925494
35.70000000111759
35.40000000037253
37.5
40.399999998509884
36.20000000111759
35.19999999925494
35
34.59999999962747
40.80000000074506
37.30000000074506
36
35.399999998509884
34.5
34.80000000074506
39.30000000074506
41.399999998509884
35.80000000074506
34.80000000074506
37.09999999962747
35.09999999962747
34.90000000037253
36
39.09999999962747
35.69999999925494
35.5
39.600000001490116
36.69999999925494
39
36
36.09999999962747
35.90000000037253
34.69999999925494
35.5
35.20000000111759
36.90000000037253
35.399999998509884
35.90000000037253
38.20000000111759
37.79999999888241
39.20000000111759
34.69999999925494
35.19999999925494
34.80000000074506
40.19999999925494
34.80000000074506
34.90000000037253
35.29999999888241
34.30000000074506
35.09999999962747
35.5
37.80000000074506
39.09999999962747
35.40000000037253
35.19999999925494
42
35.30000000074506
35.90000000037253
34.899999998509884
35.20000000111759
35.09999999962747
35.80000000074506
35.5
38.899999998509884
41.30000000074506
40.80000000074506
43.399999998509884
35.600000001490116
35.79999999888241
36.40000000037253
35.40000000037253
34.90000000037253
35
36.69999999925494
35.59999999962747
37.90000000037253
38.69999999925494
34.70000000111759
36.09999999962747
36.09999999962747
37.70000000111759
37.19999999925494
35.30000000074506
39.5
33.79999999888241
34.30000000074506
36
37.19999999925494
39
34.5
35.20000000111759
36
34.59999999962747
35.79999999888241
38.100000001490116
36.09999999962747
34.69999999925494
35.80000000074506
36
36.90000000037253
39.09999999962747
39.69999999925494
35.59999999962747
35.5
34.30000000074506
35
35.19999999925494
35.600000001490116
35.5
35.399999998509884
35.20000000111759
36.79999999888241
38.600000001490116
34.29999999888241
36
35.5
35.20000000111759
35.79999999888241
35.90000000037253
35.19999999925494
36.90000000037253
35.70000000111759
38.19999999925494
44.69999999925494
41.30000000074506
36.09999999962747
36.09999999962747
36.100000001490116
38.19999999925494
34.69999999925494
36
35
36.30000000074506
36.59999999962747
36.09999999962747
40.30000000074506
41.19999999925494
37.30000000074506
35.5
34.59999999962747
40.59999999962747
33.40000000037253
34.59999999962747
36.90000000037253
35.5
36.59999999962747
36.100000001490116
37.79999999888241
38.40000000037253
46.59999999962747
39.40000000037253
35.59999999962747
34.30000000074506
35
35.29999999888241
36
34.80000000074506
35.19999999925494
40.90000000037253
37.30000000074506
39.09999999962747
35.69999999925494
35.5
36.40000000037253
35.20000000111759
35.79999999888241
34.70000000111759
35.399999998509884
35.100000001490116
34.79999999888241
35.80000000074506
38.19999999925494
39.70000000111759
34.69999999925494
36.09999999962747
35.40000000037253
34.80000000074506
41.59999999962747
37.19999999925494
35.30000000074506
41.90000000037253
35.69999999925494
35.90000000037253
42
41.5
36.29999999888241
34.40000000037253
34.59999999962747
35
37
36.100000001490116
36.19999999925494
35.59999999962747
36
37
38.30000000074506
40.09999999962747
41.19999999925494
35
34.90000000037253
36.5
35.20000000111759
34.59999999962747
35.19999999925494
42.30000000074506
36.59999999962747
37.09999999962747
37.5
38.30000000074506
35
35.59999999962747
34.5
35.09999999962747
35
34.70000000111759
35.69999999925494
40.80000000074506
35.899999998509884
35.600000001490116
37
38.5
35.09999999962747
34.90000000037253
35.399999998509884
34.90000000037253
34.5
35.20000000111759
34.69999999925494
36.30000000074506
35.59999999962747
34.79999999888241
39.5
46.20000000111759
37.90000000037253
35.19999999925494
34.69999999925494
35
40.70000000111759
37.29999999888241
35.20000000111759
35
35.59999999962747
34.59999999962747
40.30000000074506
40.79999999888241
34.600000001490116
37.59999999962747
34.5
35.40000000037253
35.79999999888241
37.09999999962747
37.100000001490116
36.5
35.19999999925494
40.19999999925494
35.5
39.20000000111759
35.69999999925494
35.80000000074506
35.90000000037253
38
36.09999999962747
34.90000000037253
35.09999999962747
34.90000000037253
35.5
34.399999998509884
38
38.5
34.40000000037253
35
35.40000000037253
39.90000000037253
34.5
35.69999999925494
34.40000000037253
34.90000000037253
35
34.79999999888241
40
41.70000000111759
35
35.09999999962747
34.80000000074506
35.09999999962747
35.59999999962747
36
34.90000000037253
37.90000000037253
36.5
34.69999999925494
39
41.40000000037253
36.19999999925494
40.59999999962747
35.20000000111759
35.5
36.40000000037253
35.29999999888241
36.20000000111759
34.69999999925494
36.69999999925494
36.40000000037253
38
39.30000000074506
35.19999999925494
34.70000000111759
35.19999999925494
37.59999999962747
35
36.09999999962747
39.20000000111759
33.69999999925494
36
37
39.90000000037253
44.40000000037253
35.59999999962747
35.19999999925494
34.80000000074506
35.09999999962747
36.20000000111759
35.19999999925494
35.30000000074506
34.399999998509884
34.90000000037253
34.5
38.59999999962747
45.100000001490116
34.5
36
35.399999998509884
34.30000000074506
35.80000000074506
35
35.79999999888241
36.40000000037253
38
41.69999999925494
39.100000001490116
43.29999999888241
40.40000000037253
40.80000000074506
54.399999998509884
40.80000000074506
38.69999999925494
39.80000000074506
38.69999999925494
35.70000000111759
35.40000000037253
40.79999999888241
39.20000000111759
41.59999999962747
36.19999999925494
35.20000000111759
37
36.09999999962747
36
35.5
34.5
34.69999999925494
35.09999999962747
35.20000000111759
37.69999999925494
39.30000000074506
36.59999999962747
34.5
40.30000000074506
33.899999998509884
35.30000000074506
39.19999999925494
37.90000000037253
35.20000000111759
34.59999999962747
35.5
37.29999999888241
39.20000000111759
35.29999999888241
34.90000000037253
35.20000000111759
35.399999998509884
35.90000000037253
42.30000000074506
34.79999999888241
35.90000000037253
41.70000000111759
34.29999999888241
37.20000000111759
41.59999999962747
35.19999999925494
34.90000000037253
34.90000000037253
35.69999999925494
35.59999999962747
35.5
34.5
35.40000000037253
34.5
41.09999999962747
39.100000001490116
42.09999999962747
36.59999999962747
36.19999999925494
36.20000000111759
35.79999999888241
35.100000001490116
35.09999999962747
39.90000000037253
35.79999999888241
35.90000000037253
34.90000000037253
39.19999999925494
42.09999999962747
36.5
35
36
35.600000001490116
34.69999999925494
35.30000000074506
36
36.399999998509884
35.5
36.80000000074506
37.90000000037253
44.79999999888241
39.40000000037253
37.20000000111759
35.09999999962747
37.19999999925494
34.40000000037253
35.19999999925494
35.80000000074506
34.5
35
34.69999999925494
38.20000000111759
44.40000000037253
36.09999999962747
35.69999999925494
36.20000000111759
34.69999999925494
34.30000000074506
35.29999999888241
40.20000000111759
34.399999998509884
35.90000000037253
35.40000000037253
39.40000000037253
38.90000000037253
34.899999998509884
34.80000000074506
35.19999999925494
34.80000000074506
42.59999999962747
37.20000000111759
36.09999999962747
36.09999999962747
35
35.40000000037253
40.40000000037253
40.79999999888241
35.20000000111759
36.19999999925494
35.59999999962747
37.20000000111759
39.399999998509884
35.100000001490116
35.69999999925494
34.30000000074506
35.19999999925494
34.90000000037253
40.40000000037253
41.69999999925494
35.69999999925494