944.7999999970198
113.5
87.6000000089407
84.59999999403954
148.20000000298023
94.59999999403954
127.40000000596046
154.29999999701977
110.5
99
128.5
99.09999999403954
77.90000000596046
89.79999999701977
80.6000000089407
81.69999998807907
82.70000000298023
76.29999999701977
69.70000000298023
74.5
82.70000000298023
78.70000000298023
80.29999999701977
71.90000000596046
76.19999998807907
70.5
67.40000000596046
65.70000000298023
65.5
66.29999999701977
65.79999999701977
68.40000000596046
71.59999999403954
81.5
76.79999999701977
68.30000001192093
67
71.29999999701977
69.79999999701977
76.20000000298023
70
69.3999999910593
81.20000000298023
71.20000000298023
69.20000000298023
69.20000000298023
85.5
76.79999999701977
67.3999999910593
67.20000000298023
66.79999999701977
64.70000000298023
63.29999999701977
66.40000000596046
67.29999999701977
71.79999999701977
65.90000000596046
63.79999999701977
63.5
64.20000000298023
64
63.29999999701977
64.5
73.29999999701977
63.1000000089407
67.20000000298023
67.8999999910593
70.1000000089407
62.599999994039536
65.90000000596046
69.5
62.3999999910593
62.79999999701977
63.20000000298023
67.6000000089407
62.29999999701977
62
62.3999999910593
68.6000000089407
67.70000000298023
62.599999994039536
67
62.900000005960464
63.79999999701977
61.5
66.20000000298023
71.5
72.5
64.29999999701977
62.29999999701977
66.90000000596046
68.19999998807907
77.90000000596046
70.59999999403954
63.900000005960464
64.70000000298023
65
61.79999999701977
61.29999999701977
61.70000000298023
64.90000000596046
63.5
71.5
80.3999999910593
62.29999999701977
62.5
61.1000000089407
64.20000000298023
65.19999998807907
69.6000000089407
63.5
62.29999999701977
64.09999999403954
61
65.30000001192093
65.3999999910593
65.79999999701977
61.30000001192093
65.09999999403954
63.79999999701977
61.6000000089407
60.79999999701977
61
62.3999999910593
67.90000000596046
63.400000005960464
65.29999999701977
72.09999999403954
64.20000000298023
63.20000000298023
60.8999999910593
60.70000000298023
63.900000005960464
60.8999999910593
64.40000000596046
61.79999999701977
65.20000000298023
61
69.70000000298023
67.5
66.8999999910593
61.80000001192093
60.79999999701977
62.70000000298023
63.599999994039536
60.70000000298023
60.8999999910593
62
65.70000000298023
61
70.1000000089407
65.09999999403954
63.29999999701977
60.6000000089407
61
60.3999999910593
67
62.400000005960464
62.599999994039536
61.70000000298023
64.20000000298023
61
62.5
67.3999999910593
63.5
60.1000000089407
63.099999994039536
62
62
64
60.29999999701977
60.20000000298023
67.40000000596046
61.20000000298023
64.19999998807907
63.900000005960464
62.5
64.29999999701977
60.70000000298023
59.70000000298023
63.29999999701977
63.29999999701977
63.20000000298023
60.099999994039536
60.20000000298023
60.79999999701977
66.70000000298023
67.20000000298023
67.70000000298023
60.5
60.29999999701977
61.599999994039536
60.6000000089407
63.099999994039536
60.5
63
61.1000000089407
63.599999994039536
69.5
67.79999999701977
62.20000000298023
60.79999999701977
62.20000000298023
64.40000000596046
59.79999999701977
61.8999999910593
60.70000000298023
60.20000000298023
60.5
63.5
63.900000005960464
68.69999998807907
60.900000005960464
64.40000000596046
65.59999999403954
60.599999994039536
59.400000005960464
62
59.79999999701977
60.5
69.70000000298023
60.5
64.59999999403954
65.40000000596046
64.20000000298023
65.09999999403954
72.1000000089407
61.29999999701977
61.79999999701977
62.400000005960464
67.8999999910593
62.29999999701977
60.400000005960464
60.79999999701977
64.90000000596046
74.59999999403954
60.900000005960464
61.099999994039536
59.900000005960464
60.099999994039536
59.900000005960464
60.29999999701977
62.79999999701977
65.90000000596046
66.5
64.29999999701977
65.70000000298023
63.79999999701977
59.400000005960464
59.79999999701977
59.70000000298023
68.5
61.3999999910593
63.29999999701977
59.80000001192093
59.19999998807907
59.6000000089407
60.5
67.8999999910593
81.6000000089407
67.70000000298023
64.3999999910593
64.29999999701977
61.5
60.1000000089407
61.79999999701977
59.400000005960464
66.79999999701977
60.79999999701977
60.599999994039536
65.1000000089407
65.5
59.599999994039536
60.20000000298023
62.099999994039536
59.400000005960464
59.29999999701977
59.79999999701977
63
67.40000000596046
59.5
61.29999999701977
61.29999999701977
69.30000001192093
60.099999994039536
61.5
59.5
63
60.29999999701977
60.29999999701977
61.30000001192093
63.5
60.599999994039536
69.79999999701977
65.29999999701977
70.20000000298023
60.1000000089407
59.3999999910593
59.20000000298023
68
60.70000000298023
62
60.099999994039536
59.900000005960464
61.3999999910593
59.70000000298023
61.5
66.29999999701977
59.1000000089407
59.099999994039536
61
63.6000000089407
64.59999999403954
61.29999999701977
59.79999999701977
65.20000000298023
59.5
59.70000000298023
62.400000005960464
66.3999999910593
61.400000005960464
61.29999999701977
59.79999999701977
60.70000000298023
63
58.900000005960464
68.5
64.8999999910593
62
63.6000000089407
65.19999998807907
68.20000000298023
59.1000000089407
60
61.19999998807907
59.400000005960464
59.599999994039536
59
60.1000000089407
61.099999994039536
62.6000000089407
59.3999999910593
63.79999999701977
62.900000005960464
62
61
62.5
61.79999999701977
59.29999999701977
61.5
60.6000000089407
59.29999999701977
59.70000000298023
59.20000000298023
63.79999999701977
67.79999999701977
60.20000000298023
62.29999999701977
60.400000005960464
62.19999998807907
73
73.5
76.20000000298023
75.6000000089407
62.5
59.8999999910593
67.29999999701977
65.70000000298023
60.29999999701977
59.70000000298023
58.6000000089407
59.3999999910593
61.400000005960464
62.8999999910593
62.20000000298023
61.900000005960464
59.79999999701977
65.09999999403954
68.90000000596046
76.09999999403954
72.30000001192093
80.5
61.69999998807907
61.1000000089407
61.099999994039536
61.20000000298023
61.79999999701977
61.20000000298023
63
63.599999994039536
68.1000000089407
67.5
62.3999999910593
62.20000000298023
65.6000000089407
61.099999994039536
61.79999999701977
61.79999999701977
59
58.80000001192093
61.599999994039536
59.900000005960464
79.5
65
58.8999999910593
62.6000000089407
60.5
63.19999998807907
61.70000000298023
63.29999999701977
66.1000000089407
61.099999994039536
62.5
61.6000000089407
66.29999999701977
67
61
60.79999999701977
60.400000005960464
59.19999998807907
59.1000000089407
62.20000000298023
60.79999999701977
60.3999999910593
57.6000000089407
58.20000000298023
77.3999999910593
66.90000000596046
59.599999994039536
60.5
59.79999999701977
58.5
58
59.20000000298023
60.1000000089407
58.5
59.8999999910593
58.79999999701977
65.80000001192093
66.09999999403954
58.70000000298023
58.5
58.20000000298023
68.09999999403954
64.5
58.599999994039536
59.5
58.20000000298023
58.20000000298023
58.099999994039536
62.5
65.70000000298023
59.70000000298023
59.20000000298023
58.599999994039536
63.5
60.6000000089407
58
58.19999998807907
69.30000001192093
61.3999999910593
63.400000005960464
64.3999999910593
66.6000000089407
59.3999999910593
58.5
59.5
58.20000000298023
68.90000000596046
60
58.79999999701977
63.20000000298023
61.099999994039536
57.79999999701977
62.1000000089407
65.20000000298023
61.5
59.29999999701977
70
59.79999999701977
58.400000005960464
58.5
58.69999998807907
57.70000000298023
57.70000000298023
58
64.40000000596046
62.79999999701977
60.29999999701977
61.900000005960464
59
57.8999999910593
66.90000000596046
61.599999994039536
58.29999999701977
61.6000000089407
59.5
62.79999999701977
67.20000000298023
62.5
58.599999994039536
58
58
59.70000000298023
58.29999999701977
61.29999999701977
58.5
59.1000000089407
64.59999999403954
57.70000000298023
64.79999999701977
66.20000000298023
62.5
58.20000000298023
58.29999999701977
57.70000000298023
58.79999999701977
57.5
57.70000000298023
57.8999999910593
58.400000005960464
60.599999994039536
67.80000001192093
62.599999994039536
58.20000000298023
67.59999999403954
58
61.400000005960464
58.099999994039536
61.79999999701977
58.900000005960464
57.29999999701977
59.20000000298023
58.400000005960464
60.3999999910593
66.79999999701977
57.70000000298023
61.400000005960464
58.3999999910593
61.6000000089407
58.5
66.70000000298023
57.79999999701977
61.099999994039536
60.79999999701977
58
66.6000000089407
61.3999999910593
57.400000005960464
58
57.79999999701977
57.6000000089407
57.8999999910593
58.20000000298023
62.900000005960464
60.29999999701977
62.29999999701977
58.5
71.09999999403954
64.1000000089407
60.8999999910593
58.70000000298023
57.900000005960464
64
58
60.20000000298023
59.79999999701977
58.20000000298023
57.19999998807907
58.20000000298023
60.20000000298023
63.20000000298023
58.8999999910593
61.900000005960464
67.40000000596046
59
61.19999998807907
60.80000001192093
57.8999999910593
58.1000000089407
63.19999998807907
57.900000005960464
59.099999994039536
61.900000005960464
58.900000005960464
58.19999998807907
57.6000000089407
59.099999994039536
58.79999999701977
60.80000001192093
59.8999999910593
64.40000000596046
57.5
57.29999999701977
65.5
61.29999999701977
58.20000000298023
61.79999999701977
60.29999999701977
57.70000000298023
57.29999999701977
57.80000001192093
57.79999999701977
57.5
57.70000000298023
58.29999999701977
63.8999999910593
68
67.30000001192093
59.5
58.19999998807907
61.30000001192093
58
58.3999999910593
61.400000005960464
57.70000000298023
57.8999999910593
57.20000000298023
62.099999994039536
64.20000000298023
58.79999999701977
59.400000005960464
61
58
67.70000000298023
57.3999999910593
56.900000005960464
57.70000000298023
61.29999999701977
57.20000000298023
60.599999994039536
68.1000000089407
57.69999998807907
57.6000000089407
57.599999994039536
56.70000000298023
57.79999999701977
57.5
57.1000000089407
58.69999998807907
59.20000000298023
68.5
61.6000000089407
64.19999998807907
59.6000000089407
61
57.79999999701977
58
61.70000000298023
57.8999999910593
58
57.5
57.6000000089407
58.8999999910593
64.80000001192093
63.3999999910593
58.29999999701977
63.1000000089407
67.3999999910593
57.6000000089407
57.70000000298023
57.79999999701977
61.5
57.79999999701977
59.400000005960464
61.8999999910593
62.79999999701977
63.900000005960464
57.400000005960464
57.19999998807907
57.400000005960464
57.599999994039536
57.400000005960464
58.70000000298023
65.09999999403954
62.400000005960464
57.79999999701977
57.400000005960464
62.8999999910593
68.79999999701977
58.30000001192093
58.599999994039536
63.79999999701977
57.5
57
57
58.6000000089407
57.3999999910593
57.20000000298023
59.099999994039536
61.20000000298023
62.5
61.20000000298023
57.5
57.29999999701977
58.20000000298023
61.29999999701977
59.1000000089407
58.099999994039536
61.20000000298023
57.5
57.5
62.70000000298023
62.099999994039536
57.29999999701977
57.5
57.5
58.79999999701977
59.20000000298023
60.6000000089407
57.5
58.29999999701977
57.3999999910593
58.1000000089407
62.599999994039536
62
61.79999999701977
57.20000000298023
57.20000000298023
58.900000005960464
57.3999999910593
57.79999999701977
57.400000005960464
59
58
58.5
60.70000000298023
67.20000000298023
57.69999998807907
57.400000005960464
59.29999999701977
60.900000005960464
57.70000000298023
63.3999999910593
57.5
56.6000000089407
57.5
57.19999998807907
59
62.80000001192093
57.5
60.099999994039536
60
57.20000000298023
60.79999999701977
58.29999999701977
57.20000000298023
57.900000005960464
58.29999999701977
59.5
64.09999999403954
61.79999999701977
58.5
59.20000000298023
57.29999999701977
57.20000000298023
57.29999999701977
58.6000000089407
58
58.599999994039536
57.29999999701977
58
63.5
62
58.1000000089407
57.3999999910593
61.30000001192093
61.29999999701977
58.099999994039536
57.6000000089407
57.3999999910593
57
57.29999999701977
56.900000005960464
60.20000000298023
63.3999999910593
58.6000000089407
57.3999999910593
57.80000001192093
60.19999998807907
57
56.900000005960464
57.099999994039536
60.5
58.70000000298023
63.20000000298023
61.79999999701977
64.90000000596046
57.5
57.099999994039536
57.29999999701977
58.80000001192093
67
58.599999994039536
57.20000000298023
57.29999999701977
62
57.70000000298023
61.599999994039536
64
61.29999999701977
57.20000000298023
67.6000000089407
57.29999999701977
57.70000000298023
57.099999994039536
56.900000005960464
58.599999994039536
58.29999999701977
63.400000005960464
64.09999999403954
63.5
56.900000005960464
60.599999994039536
57.20000000298023
57.599999994039536
56.80000001192093
60.19999998807907
59.5
60.80000001192093
57.29999999701977
57
61.8999999910593
64
59.5
56.80000001192093
57.19999998807907
58.20000000298023
58.5
58.400000005960464
62.70000000298023
56.5
57.5
57.79999999701977
64.79999999701977
63.599999994039536
61.5
57
57.70000000298023
58.1000000089407
58.79999999701977
57.8999999910593
57.5
64.5
58.400000005960464
58.599999994039536
58.900000005960464
67.59999999403954
57
57.20000000298023
57.1000000089407
61.8999999910593
57.5
60.400000005960464
57.599999994039536
56.900000005960464
57.29999999701977
57.20000000298023
63.70000000298023
62.69999998807907
61.20000000298023
58.79999999701977
59.5
59.6000000089407
60
58.099999994039536
57.29999999701977
57.30000001192093
59.5
59.69999998807907
65.1000000089407
61.8999999910593
56.30000001192093
58.8999999910593
57.900000005960464
57.20000000298023
56.8999999910593
63.79999999701977
58.6000000089407
63.79999999701977
57.5
58.5
64.20000000298023
61.79999999701977
58.70000000298023
60.29999999701977
59.20000000298023
62.099999994039536
57.20000000298023
57
57.5
57.599999994039536
59.400000005960464
66.29999999701977
61.29999999701977
64.6000000089407
61.599999994039536
57.5
60.20000000298023
58
56.599999994039536
65.5
64.20000000298023
57.400000005960464
71.29999999701977
58.70000000298023
62.099999994039536
64.1000000089407
56.69999998807907
66.30000001192093
57.099999994039536
57.400000005960464
58.099999994039536
57.900000005960464
57.3999999910593
60.400000005960464
56.8999999910593
58.1000000089407
62.599999994039536
66.20000000298023
57.20000000298023
61.599999994039536
57.900000005960464
57.099999994039536
56.79999999701977
58.900000005960464
60.70000000298023
60.3999999910593
58.80000001192093
58.099999994039536
68
63.900000005960464
60.599999994039536
57.79999999701977
57.1000000089407
57.599999994039536
62.20000000298023
57.099999994039536
60.400000005960464
58.599999994039536
57.20000000298023
58.29999999701977
60.400000005960464
63.79999999701977
57.099999994039536
57
58.5
58.400000005960464
57
60.29999999701977
59.20000000298023
57.20000000298023
56.79999999701977
63
62.400000005960464
64.8999999910593
57
57.1000000089407
56.79999999701977
58.79999999701977
63.400000005960464
58
57.5
61.19999998807907
58.70000000298023
58.29999999701977
64.90000000596046
62.900000005960464
57
56.8999999910593
60.900000005960464
58.70000000298023
61.5
57
57.19999998807907
56.900000005960464
56.79999999701977
63.6000000089407
59.29999999701977
61
58.3999999910593
58.1000000089407
56.70000000298023
59.5
61.599999994039536
57.70000000298023
56.8999999910593
58.20000000298023
61.6000000089407
61
60.29999999701977
63.79999999701977
57.79999999701977
57.79999999701977
66.40000000596046
57.099999994039536
57
59.1000000089407
57.20000000298023
56.79999999701977
57.29999999701977
60.599999994039536
62.20000000298023
63.400000005960464
56.79999999701977
62.599999994039536
61.5
57.70000000298023
56.29999999701977
57
59.5
66.30000001192093
56.8999999910593
56.79999999701977
63.1000000089407
64.79999999701977
58.400000005960464
57.3999999910593
60.6000000089407
57.19999998807907
56.900000005960464
57.099999994039536
61.900000005960464
60.70000000298023
56.29999999701977
57.400000005960464
63.19999998807907
71.6000000089407
57.20000000298023
57.19999998807907
57.1000000089407
58.29999999701977
58.099999994039536
57.20000000298023
56.900000005960464
60
57.099999994039536
56.6000000089407
60.5
64.79999999701977
60.099999994039536
57.29999999701977
56.80000001192093
57
63.3999999910593
57.400000005960464
57.099999994039536
56.6000000089407
57.8999999910593
59.5
62.1000000089407
63.599999994039536
58.29999999701977
58.900000005960464
56.79999999701977
58.20000000298023
57.79999999701977
60.79999999701977
67.90000000596046
57.8999999910593
60.900000005960464
57.20000000298023
60.099999994039536
63.6000000089407
57.099999994039536
56.900000005960464
58
58.19999998807907
56.70000000298023
56.20000000298023
61.5
58.70000000298023
57.8999999910593
57.400000005960464
65
69
57.099999994039536
56.70000000298023
63.6000000089407
56.8999999910593
57
57.1000000089407
58.3999999910593
58.29999999701977
57.400000005960464
57.20000000298023
62.29999999701977
66.29999999701977
56.900000005960464
57
57.3999999910593
60.1000000089407
61
58.099999994039536
60.79999999701977
65.90000000596046
57.20000000298023
56.3999999910593
61.6000000089407
63
58.599999994039536
56.70000000298023
57
58.20000000298023
60.5
58.5
56.599999994039536
57.5
56.5
68
61.20000000298023
69.20000000298023
60.3999999910593
56.5
56.6000000089407
57.79999999701977
56.79999999701977
58.79999999701977
57.70000000298023
57
56.70000000298023
57.70000000298023
64.70000000298023
64.09999999403954
58.20000000298023
56.599999994039536
66.79999999701977
57.5
65.70000000298023
56.79999999701977
56.900000005960464
56.099999994039536
56.80000001192093
57.3999999910593
61.1000000089407
64.79999999701977
56.5
58.70000000298023
57
60
56.79999999701977
57.70000000298023
56.69999998807907
61.30000001192093
61.099999994039536
63.400000005960464
61
63.69999998807907
58.30000001192093
58.599999994039536
58.400000005960464
62.5
57
56.69999998807907
56.70000000298023
56.70000000298023
59.20000000298023
57.3999999910593
58.80000001192093
62.8999999910593
61.20000000298023
60.599999994039536
68.30000001192093
57.099999994039536
56.900000005960464
56.79999999701977
56.3999999910593
56.900000005960464
58.29999999701977
57.900000005960464
61
65.09999999403954
56.6000000089407
59.099999994039536
58
57.70000000298023
57.20000000298023
64.5
60.5
57.5
56.79999999701977
58.29999999701977
60.29999999701977
61.20000000298023
57.599999994039536
59.20000000298023
58.400000005960464
57.099999994039536
57.1000000089407
56.69999998807907
56.20000000298023
60.6000000089407
58.5
57.599999994039536
62.70000000298023
73.79999999701977
66.59999999403954
56.80000001192093
57.099999994039536
57.099999994039536
56.80000001192093
57.19999998807907
56.70000000298023
59.6000000089407
58.599999994039536
56.599999994039536
62.70000000298023
64.70000000298023
59.79999999701977
56.900000005960464
61.29999999701977
56.29999999701977
64.90000000596046
63.599999994039536
57.900000005960464
56.599999994039536
56.79999999701977
56.6000000089407
59.3999999910593
60.900000005960464
58.900000005960464
58.79999999701977
56.70000000298023
56.599999994039536
56.5
59.599999994039536
59.1000000089407
58
57.20000000298023
56.599999994039536
80.59999999403954
64.20000000298023
56.900000005960464
57.099999994039536
57
56.79999999701977
58
56.900000005960464
57.70000000298023
57.70000000298023
57.19999998807907
56.70000000298023
61.29999999701977
64.70000000298023
57.400000005960464
57.099999994039536
60.5
67.6000000089407
60.099999994039536
56.599999994039536
56.30000001192093
56.69999998807907
56.80000001192093
56.69999998807907
65.40000000596046
66.29999999701977
56.79999999701977
56.70000000298023
58
56.6000000089407
60.19999998807907
58.20000000298023
56.900000005960464
59.70000000298023
60.29999999701977
60.5
59.3999999910593
63.900000005960464
57.5
58.099999994039536
59.400000005960464
56.900000005960464
58
57.599999994039536
56.79999999701977
57
56.79999999701977
57.20000000298023
63.29999999701977
63.20000000298023
64.70000000298023
62.70000000298023
60.20000000298023
57.29999999701977
56.5
56.79999999701977
55.900000005960464
57
57
56.8999999910593
62.900000005960464
62.29999999701977
56.599999994039536
56.400000005960464
56.599999994039536
61.1000000089407
56.79999999701977
58
57.900000005960464
67
59.79999999701977
56.099999994039536
61.29999999701977
61.70000000298023
56.79999999701977
56.20000000298023
56.400000005960464
56.5
58.20000000298023
56.599999994039536
56.599999994039536
57
56.6000000089407
60.79999999701977
65.29999999701977
64.6000000089407
68
60
57.3999999910593
56.70000000298023
56.79999999701977
56.70000000298023
56.599999994039536
56.80000001192093
59.29999999701977
59.599999994039536
60.29999999701977
62.20000000298023
57
56.5
60.900000005960464
64.59999999403954
56.400000005960464
61.599999994039536
57.70000000298023
62.599999994039536
57.1000000089407
56.599999994039536
60.900000005960464
61.79999999701977
56.79999999701977
61.20000000298023
57.70000000298023
56
56.5
56
58.3999999910593
60.30000001192093
65.69999998807907
57.900000005960464
62.400000005960464
63.79999999701977
60
58.099999994039536
56.6000000089407
57
56.79999999701977
58
57.70000000298023
58.29999999701977
56.70000000298023
56.5
62.19999998807907
61.30000001192093
57.79999999701977
68
56.29999999701977
65.29999999701977
57.5
59.6000000089407
62.29999999701977
56.8999999910593
56.5
56.400000005960464
58.599999994039536
64.70000000298023
56.900000005960464
57.099999994039536
56.79999999701977
58.1000000089407
56.599999994039536
57.400000005960464
59.8999999910593
56.400000005960464
56.20000000298023
62.3999999910593
58.30000001192093
67.29999999701977
56.20000000298023
56.5
57.69999998807907
58.30000001192093
57.599999994039536
57.900000005960464
59.19999998807907
56.400000005960464
57.29999999701977
56.70000000298023
60
63.400000005960464
60.3999999910593
57.900000005960464
62.599999994039536
56.29999999701977
59.400000005960464
58.20000000298023
56.20000000298023
56.5
57
55.69999998807907
62.1000000089407
64.70000000298023
58.19999998807907
57.1000000089407
56.099999994039536
56.5
62.900000005960464
58.8999999910593
58.70000000298023
56.70000000298023
73.90000000596046
57
63.3999999910593
61.900000005960464
59.70000000298023
56.29999999701977
56.3999999910593
56.400000005960464
57.5
57.900000005960464
56.5
56.8999999910593
56.1000000089407
65.8999999910593
61.20000000298023
67.40000000596046
56.69999998807907
61.6000000089407
56.70000000298023
60.29999999701977
56.099999994039536
56.70000000298023
55.70000000298023
56.5
56.70000000298023
59
59.8999999910593
63.5
56.79999999701977
56.6000000089407
58
56.5
60.70000000298023
56.29999999701977
56.5
63.599999994039536
60.29999999701977
57.900000005960464
60.900000005960464
64
56.69999998807907
57
56.30000001192093
58.5
58.3999999910593
55.6000000089407
56.29999999701977
69.3999999910593
56.1000000089407
59.20000000298023
65.29999999701977
63.8999999910593
62.1000000089407
58.8999999910593
57.400000005960464
56.20000000298023
56.5
56
58.70000000298023
56.5
56.69999998807907
59.1000000089407
60.8999999910593
61.30000001192093
64
57
57.3999999910593
59.400000005960464
56.599999994039536
57.79999999701977
61.900000005960464
60.79999999701977
56.5
57.1000000089407
60.79999999701977
63.099999994039536
56.20000000298023
56.29999999701977
57
58.400000005960464
57.3999999910593
66.40000000596046
56.29999999701977
56.6000000089407
60.69999998807907
56.400000005960464
60.79999999701977
68.79999999701977
60.70000000298023
56
56.29999999701977
58
56.30000001192093
56.099999994039536
56.5
58.099999994039536
58.20000000298023
56.20000000298023
70.20000000298023
60.8999999910593
56.20000000298023
60.900000005960464
57.8999999910593
58.20000000298023
61.400000005960464
57.20000000298023
58.8999999910593
56.5
56.1000000089407
56.69999998807907
61.1000000089407
60
57.3999999910593
59.70000000298023
63.1000000089407
60.79999999701977
57.29999999701977
57.099999994039536
57.6000000089407
59.70000000298023
56.79999999701977
56.20000000298023
79.19999998807907
66
58.70000000298023
58.900000005960464
56.20000000298023
56.599999994039536
56
56.70000000298023
57.70000000298023
58.19999998807907
56.6000000089407
57.79999999701977
59
61.70000000298023
60.20000000298023
56.29999999701977
56.3999999910593
62.1000000089407
57.29999999701977
59.20000000298023
56.79999999701977
56.400000005960464
56
56.599999994039536
60.20000000298023
64
63.8999999910593
58.30000001192093
57.8999999910593
57.1000000089407
55.599999994039536
61
56.79999999701977
56.29999999701977
56.6000000089407
68.79999999701977
66.40000000596046
63.29999999701977
56.5
56.29999999701977
56.70000000298023
56.79999999701977
56
65.79999999701977
57.70000000298023
57.79999999701977
58.70000000298023
56.099999994039536
63.80000001192093
63.099999994039536
56.70000000298023
56.5
61.20000000298023
60.29999999701977
56.599999994039536
56.400000005960464
56.8999999910593
59.20000000298023
55.900000005960464
56.599999994039536
70.79999999701977
62.80000001192093
60.5
56.5
56.29999999701977
59
60.29999999701977
55.900000005960464
57.8999999910593
61.70000000298023
56
59.900000005960464
61
62.599999994039536
56.70000000298023
57.099999994039536
56.400000005960464
63.20000000298023
57.5
58.8999999910593
56.70000000298023
57
56
60
60.400000005960464
60.79999999701977
62.8999999910593
56.400000005960464
60.099999994039536
56.6000000089407
58.20000000298023
58.599999994039536
56.900000005960464
56.3999999910593
64.20000000298023
58.900000005960464
62.19999998807907
61.900000005960464
56.20000000298023
56.8999999910593
60.400000005960464
58.400000005960464
57.29999999701977
60
56.599999994039536
56.20000000298023
60.29999999701977
56.6000000089407
59
62.79999999701977
56
63.5
58.70000000298023
56.599999994039536
57.20000000298023
56.79999999701977
57
57.099999994039536
59
56.5
60.5
84.70000000298023
55.70000000298023
61.599999994039536
57
56.30000001192093
56.3999999910593
56
62.6000000089407
65.3999999910593
56.79999999701977
57.6000000089407
60.79999999701977
63.5
60.79999999701977
57.29999999701977
56.400000005960464
56.900000005960464
69.69999998807907
56.70000000298023
60
56
56.6000000089407
55.8999999910593
62.1000000089407
63.19999998807907
57.400000005960464
59.099999994039536
56.70000000298023
56.70000000298023
57.599999994039536
55.70000000298023
60.6000000089407
56.8999999910593
56.79999999701977
56.30000001192093
68
65.19999998807907
59
56.80000001192093
56.599999994039536
56.599999994039536
61.80000001192093
58.29999999701977
56.70000000298023
59.3999999910593
56.29999999701977
57.6000000089407
61.8999999910593
64.20000000298023
56.5
56.79999999701977
55.900000005960464
72.20000000298023
59
60.20000000298023
56.29999999701977
56.3999999910593
57.6000000089407
63.29999999701977
60.29999999701977
66
58.1000000089407
56.599999994039536
56.599999994039536
56
59.80000001192093
56.79999999701977
56.099999994039536
57.70000000298023
67.59999999403954
56.1000000089407
65.59999999403954
62.6000000089407
56.8999999910593
65.40000000596046
56.5
58.599999994039536
59.5
57.79999999701977
57.80000001192093
56.5
57.19999998807907
57.70000000298023
63.900000005960464
60
56.29999999701977
66
56.5
60.29999999701977
56.6000000089407
58
63.3999999910593
56.20000000298023
56
57.70000000298023
63.29999999701977
63.099999994039536
56.900000005960464
56.5
57.5
60.20000000298023
58.20000000298023
56.3999999910593
61.20000000298023
56.400000005960464
57.5
59.599999994039536
60.599999994039536
70.20000000298023
56.5
58
57.900000005960464
58.79999999701977
56.400000005960464
56.69999998807907
56.20000000298023
56.70000000298023
60.5
64
59.599999994039536
64.6000000089407
56.099999994039536
56.6000000089407
61.8999999910593
57.1000000089407
62.599999994039536
56.099999994039536
56.400000005960464
57.70000000298023
58.79999999701977
56.599999994039536
58.900000005960464
63.20000000298023
56.29999999701977
60.70000000298023
57.79999999701977
55.70000000298023
56.5
75.20000000298023
57.79999999701977
60.29999999701977
58.20000000298023
63
60.5
64.5
59
57.70000000298023
56.29999999701977
56.29999999701977
56.099999994039536
58.70000000298023
58.900000005960464
57.3999999910593
56.20000000298023
56.400000005960464
67.8999999910593
62.30000001192093
58.19999998807907
58.6000000089407
62.70000000298023
56.29999999701977
56.29999999701977
56.20000000298023
59.3999999910593
57.900000005960464
56.29999999701977
56.6000000089407
60.19999998807907
66.40000000596046
59.70000000298023
56.20000000298023
56
60.3999999910593
56.1000000089407
55.8999999910593
60.29999999701977
68.30000001192093
56.5
59.3999999910593
62.70000000298023
65.09999999403954
57.30000001192093
56.599999994039536
60.900000005960464
57.29999999701977
56
59.5
56.099999994039536
55
60.79999999701977
55.400000005960464
60.599999994039536
63.400000005960464
62.5
55.29999999701977
56.1000000089407
56.099999994039536
56.599999994039536
57.80000001192093
55.3999999910593
57.5
55.5
55.70000000298023
60.79999999701977
65.1000000089407
55.29999999701977
56
66.20000000298023
55.79999999701977
55.3999999910593
66.20000000298023
57.1000000089407
58
55.19999998807907
56.20000000298023
63.400000005960464
61.099999994039536
55.70000000298023
55.400000005960464
55.8999999910593
55.29999999701977
55.900000005960464
60.400000005960464
55.599999994039536
56.099999994039536
59.1000000089407
55.8999999910593
67.90000000596046
61.099999994039536
55.6000000089407
55.29999999701977
56.099999994039536
55.70000000298023
59.1000000089407
57.5
55.79999999701977
55.70000000298023
55.79999999701977
55.20000000298023
63.8999999910593
70.70000000298023
56.599999994039536
58.1000000089407
65
74.8999999910593
65.40000000596046
59.79999999701977
55.70000000298023
56.29999999701977
56.6000000089407
56.19999998807907
62.1000000089407
67.79999999701977
57.599999994039536
57.20000000298023
58.6000000089407
61.19999998807907
62.400000005960464
60.70000000298023
56
61.599999994039536
56.20000000298023
60.099999994039536
58.30000001192093
67.59999999403954
55.5
58.20000000298023
56.8999999910593
56.1000000089407
57.8999999910593
55.80000001192093
55.69999998807907
55.80000001192093
56.19999998807907
60
59.80000001192093
62.79999999701977
56.3999999910593
62.1000000089407
60.5
57.29999999701977
56.099999994039536
55.80000001192093
55.599999994039536
55.79999999701977
55.900000005960464
55.79999999701977
62.599999994039536
61.70000000298023
55.900000005960464
56
58
57
55.8999999910593
55.6000000089407
56.599999994039536
61.20000000298023
60.099999994039536
55.80000001192093
61
63.29999999701977
57.099999994039536
56.400000005960464
55.5
56.099999994039536
57.79999999701977
55.80000001192093
55.3999999910593
55.5
59.5
57.29999999701977
60.5
62.900000005960464
60.79999999701977
63.1000000089407
58.19999998807907
55.80000001192093
55.599999994039536
56.20000000298023
55.3999999910593
55.900000005960464
57
56.20000000298023
61.70000000298023
64.19999998807907
55.70000000298023
55
60.900000005960464
55.5
55.8999999910593
61.70000000298023
56
65.1000000089407
56.599999994039536
56
60.599999994039536
63.70000000298023
55.5
56.20000000298023
55.400000005960464
56.3999999910593
57.5
55.70000000298023
57
58.29999999701977
56.79999999701977
55.70000000298023
69.29999999701977
62.20000000298023
57.70000000298023
64.90000000596046
55.79999999701977
55.599999994039536
57.20000000298023
57.099999994039536
55.80000001192093
58.69999998807907
55.5
56.20000000298023
60
61.79999999701977
55.6000000089407
59.3999999910593
55.70000000298023
56.1000000089407
57.3999999910593
56.29999999701977
55.5
63.30000001192093
56.29999999701977
55.099999994039536
61.5
60.79999999701977
55.70000000298023
55.5
55.70000000298023
58.29999999701977
57.1000000089407
55.69999998807907
56.6000000089407
58.8999999910593
63.20000000298023
58.70000000298023
58.599999994039536
63.30000001192093
55.79999999701977
63.099999994039536
56.79999999701977
56.900000005960464
56.099999994039536
55.6000000089407
55.79999999701977
56
55.70000000298023
56.20000000298023
62.3999999910593
62.20000000298023
59.79999999701977
57.20000000298023
65.40000000596046
55.8999999910593
55.79999999701977
55.30000001192093
56.3999999910593
63.79999999701977
56.30000001192093
55.8999999910593
57.79999999701977
62.30000001192093
57.099999994039536
56.900000005960464
55.79999999701977
55.599999994039536
57.6000000089407
57.099999994039536
58.79999999701977
62.29999999701977
55.900000005960464
57.79999999701977
61.20000000298023
60.599999994039536
62.5
60.30000001192093
56.599999994039536
56
55.79999999701977
56.1000000089407
55.69999998807907
55.900000005960464
55.900000005960464
55.099999994039536
61.79999999701977
65
63.900000005960464
55.79999999701977
55.79999999701977
55.900000005960464
56.29999999701977
55.70000000298023
59.70000000298023
60.599999994039536
55.900000005960464
57
58.29999999701977
61
56.20000000298023
55
55.29999999701977
55.599999994039536
57.70000000298023
60.20000000298023
55.79999999701977
56
59.099999994039536
56.400000005960464
60.5
62
59.099999994039536
60.400000005960464
55.900000005960464
55.3999999910593
55.900000005960464
56
55.599999994039536
57.400000005960464
56.29999999701977
55.900000005960464
63
64
56
55.29999999701977
56
56.099999994039536
57.29999999701977
56
62
60.400000005960464
55.70000000298023
55.5
60.5
61.70000000298023
56.29999999701977
55.599999994039536
55.29999999701977
55.70000000298023
61.20000000298023
57.400000005960464
56.099999994039536
57.400000005960464
56.19999998807907
55.900000005960464
60.29999999701977
64.90000000596046
57.3999999910593
59.30000001192093
56
55.5
57.19999998807907
56.20000000298023
55.79999999701977
55.6000000089407
55.79999999701977
60.900000005960464
69.59999999403954
62.599999994039536
56
55.70000000298023
55.400000005960464
57.20000000298023
55.79999999701977
60.70000000298023
56.79999999701977
60
56
56.099999994039536
58.1000000089407
62.5
55.69999998807907
55.6000000089407
57.29999999701977
56.70000000298023
60.79999999701977
58.20000000298023
55.70000000298023
55.79999999701977
55.599999994039536
56.400000005960464
60.599999994039536
66.6000000089407
56.099999994039536
61.20000000298023
58.5
55.8999999910593
55.20000000298023
56
55.6000000089407
55.69999998807907
62.900000005960464
56.20000000298023
65.5
62.5
57.3999999910593
56.80000001192093
55.79999999701977
55.29999999701977
59.29999999701977
57.20000000298023
56
59.29999999701977
55.6000000089407
55.599999994039536
60.20000000298023
61.70000000298023
56
65.59999999403954
55.29999999701977
58.6000000089407
58.599999994039536
55.599999994039536
56.30000001192093
55.599999994039536
55.599999994039536
55.5
64.30000001192093
60.29999999701977
56.099999994039536
60.20000000298023
55.20000000298023
55.70000000298023
55.3999999910593
55.70000000298023
56.099999994039536
56.6000000089407
56.20000000298023
58.29999999701977
65.3999999910593
63.30000001192093
55.5
55.8999999910593
54.900000005960464
57.20000000298023
58.79999999701977
55.79999999701977
55.900000005960464
60.19999998807907
57
55.900000005960464
60.20000000298023
59.3999999910593
60.70000000298023
55.6000000089407
55.5
62.69999998807907
57.6000000089407
55.8999999910593
55.900000005960464
57.29999999701977
56.1000000089407
60
60.19999998807907
59.5
55.70000000298023
60
56.29999999701977
55.6000000089407
55.70000000298023
62.29999999701977
57.20000000298023
55.79999999701977
56.5
58.8999999910593
62.900000005960464
62.900000005960464
55.19999998807907
56.1000000089407
56.70000000298023
60.29999999701977
55.79999999701977
57.29999999701977
56.400000005960464
60.599999994039536
55.79999999701977
55.400000005960464
61.5
64.70000000298023
55.8999999910593
57.80000001192093
59.599999994039536
58.70000000298023
59
55.79999999701977
55.5
55.70000000298023
59.8999999910593
55.900000005960464
60.29999999701977
62.6000000089407
55.5
66.79999999701977
55.5
64.20000000298023
58.3999999910593
55.29999999701977
56
56.80000001192093
58.69999998807907
57.400000005960464
61.29999999701977
59.79999999701977
55.70000000298023
57.20000000298023
60.400000005960464
56.8999999910593
55.79999999701977
55.30000001192093
55.5
59.5
65.69999998807907
55.400000005960464
59.599999994039536
61.5
56.1000000089407
61.20000000298023
56.19999998807907
57
57.1000000089407
56
56.29999999701977
60.20000000298023
55.79999999701977
55.79999999701977
57.400000005960464
62.599999994039536
57.5
60.29999999701977
55.20000000298023
55.70000000298023
55.599999994039536
55.80000001192093
55.69999998807907
60.30000001192093
56.099999994039536
55.70000000298023
60.099999994039536
61
56.900000005960464
60.5
55.8999999910593
55.30000001192093
55.599999994039536
55.099999994039536
55.900000005960464
59.400000005960464
55.79999999701977
55.79999999701977
61.599999994039536
62.5
64.20000000298023
56.29999999701977
56.20000000298023
56
58.1000000089407
55.29999999701977
57.29999999701977
58.400000005960464
55.599999994039536
57.099999994039536
58.5
60.5
58
61
56.900000005960464
55.400000005960464
56.19999998807907
56
59.20000000298023
56.1000000089407
57.19999998807907
55.6000000089407
59.8999999910593
64.1000000089407
59.3999999910593
55.6000000089407
56.20000000298023
55.8999999910593
56.400000005960464
55.099999994039536
62.400000005960464
70.5
55.29999999701977
56.900000005960464
60.3999999910593
61.70000000298023
58.900000005960464
55.599999994039536
55.900000005960464
55.69999998807907
58.400000005960464
56
61.29999999701977
58.1000000089407
56.099999994039536
55.29999999701977
58.70000000298023
63.5
56.20000000298023
60.5
55.5
55.79999999701977
55.599999994039536
61.1000000089407
56.8999999910593
55.20000000298023
55.400000005960464
55.8999999910593
63.1000000089407
59.79999999701977
59.79999999701977
55.70000000298023
55.29999999701977
56
63.900000005960464
56
55.20000000298023
61.599999994039536
55.400000005960464
55.3999999910593
59
65.90000000596046
56.099999994039536
55.6000000089407
55.8999999910593
58.6000000089407
57.099999994039536
58.599999994039536
57
55.6000000089407
60.20000000298023
65.09999999403954
60.20000000298023
59.70000000298023
55.3999999910593
59.20000000298023
57.5
56.29999999701977
56.29999999701977
60
55.6000000089407
55.5
55.599999994039536
56.70000000298023
62.099999994039536
66.30000001192093
55.099999994039536
56.900000005960464
61.29999999701977
57.599999994039536
55.6000000089407
55.3999999910593
57.79999999701977
60.1000000089407
56
55.70000000298023
64.09999999403954
63.29999999701977
57.1000000089407
56
57.5
56.099999994039536
58.400000005960464
58.5
55.3999999910593
55.5
62.5
55.29999999701977
60.80000001192093
60.8999999910593
56.1000000089407
61.19999998807907
56.1000000089407
56
59
56.3999999910593
55.80000001192093
56.19999998807907
55.70000000298023
56.29999999701977
65.6000000089407
61.599999994039536
55.70000000298023
62.20000000298023
55.79999999701977
55.099999994039536
57
55.900000005960464
55.79999999701977
65.1000000089407
56
60.79999999701977
61.5
61.29999999701977
55.79999999701977
57.900000005960464
56.3999999910593
58
60.6000000089407
55.099999994039536
65.29999999701977
55.80000001192093
57.599999994039536
58.099999994039536
59.70000000298023
62.20000000298023
67.20000000298023
55.5
58.3999999910593
57.30000001192093
56
55.599999994039536
56.099999994039536
57.1000000089407
57.599999994039536
60.400000005960464
59.70000000298023
63.099999994039536
55.599999994039536
54.80000001192093
56.29999999701977
57.20000000298023
55.79999999701977
55.599999994039536
64.90000000596046
55.8999999910593
59.5
56.80000001192093
58.19999998807907
62.70000000298023
55
55.5
56
59.79999999701977
58.5
60.900000005960464
57.900000005960464
56.3999999910593
56.20000000298023
55.400000005960464
58.5
62.79999999701977
58.5
56.5
60.79999999701977
64.5
60.400000005960464
58.8999999910593
55.5
56.70000000298023
58.79999999701977
59.400000005960464
60.8999999910593
59.6000000089407
56.79999999701977
59.599999994039536
55.6000000089407
56.79999999701977
57.099999994039536
56.70000000298023
60.6000000089407
59.099999994039536
57.400000005960464
58.29999999701977
61.79999999701977
63.5
56.70000000298023
56
62.79999999701977
57.29999999701977
56.1000000089407
56.79999999701977
56
55.29999999701977
56.79999999701977
55.1000000089407
62.19999998807907
59
62.70000000298023
60.5
56.1000000089407
56.8999999910593
55.6000000089407
56.79999999701977
56.599999994039536
56.5
68.20000000298023
56.900000005960464
60.79999999701977
65.09999999403954
58.400000005960464
57.5
55.099999994039536
56.79999999701977
63.70000000298023
65
60.20000000298023
55.70000000298023
55
56
61.099999994039536
60.1000000089407
55.79999999701977
69.59999999403954
56
55.20000000298023
55.79999999701977
55.20000000298023
55.5
56.20000000298023
56.29999999701977
55.099999994039536
59.20000000298023
77.70000000298023
55.599999994039536
55.6000000089407
58
55.099999994039536
55.400000005960464
55.29999999701977
65.09999999403954
61
55.900000005960464
57.5
63.599999994039536
66.20000000298023
55.900000005960464
56
55
55.3999999910593
60.1000000089407
59.70000000298023
56.099999994039536
55.900000005960464
57
56.099999994039536
60.29999999701977
64.79999999701977
57.80000001192093
59.5
55.3999999910593
56.400000005960464
55.79999999701977
55.29999999701977
55.70000000298023
57.400000005960464
55.8999999910593
55.29999999701977
72
65.70000000298023
56
57
55.79999999701977
55.5
56.70000000298023
55
58.5
59.79999999701977
58
56.1000000089407
61.099999994039536
62.900000005960464
56.20000000298023
55.599999994039536
55.599999994039536
54.80000001192093
60.599999994039536
60.20000000298023
58.099999994039536
55.6000000089407
60.5
65
57.8999999910593
60.5
59.70000000298023
57.900000005960464
55.69999998807907
55.80000001192093
56.79999999701977
56.5
55.70000000298023
55.29999999701977
55.599999994039536
55.6000000089407
65.69999998807907
63.900000005960464
55.599999994039536
55.5
58.30000001192093
61.19999998807907
55.80000001192093
55.599999994039536
60.400000005960464
56.8999999910593
55.5
55.29999999701977
59.30000001192093
60
55.69999998807907
55.5
57.400000005960464
55.70000000298023
62.3999999910593
56.6000000089407
55.70000000298023
55.79999999701977
64.79999999701977
55.400000005960464
59.69999998807907
60
59.70000000298023
59.70000000298023
55.29999999701977
55.6000000089407
55.69999998807907
55.5
55.5
55.400000005960464
55.79999999701977
55.5
67.79999999701977
61.6000000089407
57
66.3999999910593
55.400000005960464
55.29999999701977
55.6000000089407
60.19999998807907
55.80000001192093
58
56.099999994039536
55.20000000298023
59.79999999701977
61.5
56.29999999701977
55.6000000089407
55.5
55.5
63.099999994039536
56
55.5
64.79999999701977
55.20000000298023
55.599999994039536
58.80000001192093
66.19999998807907
56.30000001192093
57.29999999701977
55.5
55.599999994039536
55.20000000298023
55.5
55.900000005960464
55.5
55.599999994039536
56.5
68.5
64.70000000298023
61.099999994039536
55
55.79999999701977
55.5
58.6000000089407
58.70000000298023
55.5
57.5
57.19999998807907
55.80000001192093
57.69999998807907
63.20000000298023
55.5
55.20000000298023
55.400000005960464
55.69999998807907
62
62.20000000298023
55.5
56.79999999701977
55.5
55.30000001192093
61.19999998807907
61.30000001192093
55.5
57.79999999701977
55.8999999910593
55.6000000089407
55.099999994039536
55.6000000089407
57.099999994039536
55.70000000298023
56.20000000298023
54.79999999701977
73.79999999701977
62
55.5
55.79999999701977
55
57.6000000089407
59.5
56.8999999910593
57.29999999701977
56.5
55.30000001192093
55.69999998807907
59.900000005960464
59.5
55.20000000298023
54.79999999701977
56.79999999701977
55.6000000089407
69.29999999701977
55.5
55.79999999701977
55.79999999701977
55.400000005960464
55.70000000298023
63.3999999910593
62.5
56.70000000298023
56.5
55.400000005960464
56.69999998807907
61.6000000089407
55
56
56.099999994039536
55.900000005960464
66
78.20000000298023
59
55.5
57.099999994039536
57.20000000298023
58.8999999910593
55.400000005960464
55.5
54.900000005960464
57.3999999910593
55.5
55.29999999701977
58.1000000089407
62.599999994039536
55.29999999701977
58.30000001192093
62.5
56
62
55.599999994039536
55.79999999701977
55.400000005960464
55.79999999701977
59.900000005960464
59.599999994039536
59.29999999701977
57.400000005960464
58
56.3999999910593
55.80000001192093
55.8999999910593
56.6000000089407
56.599999994039536
61.79999999701977
55.70000000298023
55.79999999701977
64.79999999701977
60.6000000089407
57.8999999910593
55.6000000089407
56.8999999910593
57.70000000298023
55.900000005960464
55.29999999701977
55.5
57.79999999701977
55
55.5
59.20000000298023
59.29999999701977
55.900000005960464
61.8999999910593
55.20000000298023
55.5
62.29999999701977
55.1000000089407
55.5
55.599999994039536
58.900000005960464
57.599999994039536
61.29999999701977
61.70000000298023
55.900000005960464
57
55.599999994039536
55.29999999701977
56.20000000298023
56.400000005960464
65.09999999403954
55.5
57.5
56.29999999701977
66
63.30000001192093
55.5
55.29999999701977
59.5
55.79999999701977
55.29999999701977
55.6000000089407
55.099999994039536
59.900000005960464
58.19999998807907
55.400000005960464
57.400000005960464
73.09999999403954
55.20000000298023
55.20000000298023
55.5
57.29999999701977
62.20000000298023
56.19999998807907
57
58.900000005960464
56.29999999701977
55.29999999701977
57.900000005960464
62.5
56.20000000298023
57
55.20000000298023
55.3999999910593
56.70000000298023
63.79999999701977
55.6000000089407
55.69999998807907
55.5
56.5
68.80000001192093
61.599999994039536
56.099999994039536
59.80000001192093
55.79999999701977
55.8999999910593
57.30000001192093
55
56.69999998807907
56.30000001192093
55.3999999910593
55.20000000298023
70.20000000298023
60.099999994039536
55.400000005960464
55.79999999701977
55.20000000298023
58
68
55.70000000298023
57.099999994039536
58.099999994039536
55.6000000089407
55.3999999910593
58.1000000089407
62
65.70000000298023
61.29999999701977
57.5
63.79999999701977
55.099999994039536
55.400000005960464
55.70000000298023
55.3999999910593
57.1000000089407
59.599999994039536
62.5
59.20000000298023
59.29999999701977
57.5
55.79999999701977
55.70000000298023
55.29999999701977
55.6000000089407
56.8999999910593
57.80000001192093
62.099999994039536
55.400000005960464
59.5
62
57.3999999910593
55.900000005960464
55.29999999701977
59.099999994039536
59.30000001192093
56.5
58.8999999910593
55.400000005960464
55.70000000298023
55.599999994039536
57.5
60.400000005960464
56.099999994039536
57.5
56.70000000298023
56.29999999701977
55
55.5
55.20000000298023
56.70000000298023
55.5
59.19999998807907
62.80000001192093
66.5
55.599999994039536
55.400000005960464
54.8999999910593
55.400000005960464
54.79999999701977
55.5
56.29999999701977
57.20000000298023
56.5
56.79999999701977
60.900000005960464
62
55.70000000298023
55.3999999910593
56.29999999701977
60.400000005960464
59.29999999701977
59.900000005960464
56
55.3999999910593
57.70000000298023
58
57.79999999701977
63.30000001192093
62.69999998807907
58
55.30000001192093
55.5
55.69999998807907
55.20000000298023
57.6000000089407
56.69999998807907
59.1000000089407
55.8999999910593
65.6000000089407
65.09999999403954
55.29999999701977
55.6000000089407
55.3999999910593
55
55.1000000089407
55.099999994039536
65.1000000089407
57.29999999701977
55.3999999910593
55.6000000089407
59.8999999910593
60.20000000298023
55.6000000089407
55.5
59.099999994039536
55.599999994039536
60.30000001192093
59.3999999910593
55.79999999701977
55.30000001192093
55.29999999701977
55.70000000298023
58.099999994039536
62.29999999701977
56.20000000298023
57.70000000298023
55.70000000298023
55.099999994039536
58.20000000298023
56.70000000298023
54.69999998807907
60.80000001192093
58.29999999701977
55.70000000298023
67.19999998807907
59.1000000089407
56
55.20000000298023
55.099999994039536
57
65.5
55.29999999701977
55.70000000298023
59.099999994039536
55.30000001192093
55.29999999701977
60.099999994039536
59.79999999701977
55.5
59.30000001192093
56.599999994039536
56
65
55.400000005960464
54.8999999910593
55.1000000089407
55.5
55.8999999910593
63.79999999701977
61
55.5
59.30000001192093
57.599999994039536
57.599999994039536
55.30000001192093
54.79999999701977
55.8999999910593
59.1000000089407
55.79999999701977
55.900000005960464
70
59.29999999701977
57.79999999701977
56.099999994039536
55.6000000089407
64.79999999701977
55.20000000298023
56.099999994039536
56.79999999701977
56.1000000089407
57
55.70000000298023
60
60.79999999701977
59.29999999701977
55.79999999701977
55.29999999701977
56.30000001192093
62.69999998807907
55.30000001192093
55.5
55.29999999701977
60.8999999910593
56.900000005960464
60.099999994039536
60.1000000089407
57.29999999701977
56.79999999701977
57.1000000089407
55.3999999910593
55.5
55.70000000298023
59.70000000298023
55.20000000298023
55.5
56.5
67.3999999910593
61.79999999701977
55.400000005960464
55.400000005960464
64.59999999403954
55.599999994039536
56
55.30000001192093
54.69999998807907
57.5
57.400000005960464
55.70000000298023
60.70000000298023
61.8999999910593
58.6000000089407
55.69999998807907
55.5
55.70000000298023
68
56.70000000298023
55.29999999701977
63.900000005960464
55.20000000298023
56.19999998807907
57.900000005960464
59.29999999701977
57.29999999701977
57.5
55.30000001192093
55.3999999910593
55.400000005960464
58.599999994039536
57.29999999701977
55.80000001192093
55.599999994039536
55.599999994039536
73.20000000298023
62.29999999701977
62.30000001192093
55.19999998807907
55.1000000089407
56.20000000298023
55.79999999701977
57.20000000298023
56.79999999701977
57
55.79999999701977
57.099999994039536
57.400000005960464
65.90000000596046
56
55.29999999701977
55.599999994039536
56.900000005960464
66.8999999910593
62.70000000298023
55.400000005960464
55.599999994039536
56.79999999701977
54.80000001192093
59.79999999701977
63.8999999910593
55.6000000089407
57.29999999701977
60.5
56.900000005960464
56.8999999910593
58.6000000089407
55.69999998807907
54.900000005960464
60
55.79999999701977
67
60
55.400000005960464
56.5
57.20000000298023
56
55.099999994039536
56
55
57.29999999701977
55.79999999701977
55.20000000298023
63.1000000089407
61.69999998807907
55.6000000089407
57.20000000298023
56.3999999910593
56
63.20000000298023
55
55.70000000298023
56.5
56
55.099999994039536
61.70000000298023
59.70000000298023
57.599999994039536
57.900000005960464
55.79999999701977
55.29999999701977
58.70000000298023
55.599999994039536
55.5
55.5
55.400000005960464
55.5
65.40000000596046
60.79999999701977
55.8999999910593
56.6000000089407
55.599999994039536
55.79999999701977
55.1000000089407
55.29999999701977
55.099999994039536
57.5
56.1000000089407
55.099999994039536
62.900000005960464
63.599999994039536
54.70000000298023
55.29999999701977
55.400000005960464
61.8999999910593
61.5
55.80000001192093
55.599999994039536
55.70000000298023
55.5
58.70000000298023
59.79999999701977
62.20000000298023
56
56.8999999910593
56
55.6000000089407
59.099999994039536
55.400000005960464
55
55.3999999910593
57.20000000298023
62.70000000298023
68.20000000298023
62
55.5
55.3999999910593
55.400000005960464
55.5
55.29999999701977
55
55.599999994039536
58.6000000089407
58.70000000298023
56.599999994039536
62.099999994039536
59.400000005960464
55.20000000298023
54.8999999910593
62.30000001192093
55.79999999701977
68.20000000298023
56.599999994039536
56.900000005960464
58.19999998807907
55.6000000089407
55.099999994039536
60.6000000089407
61.5
55.8999999910593
57
55.400000005960464
58.79999999701977
55.29999999701977
56.900000005960464
56.70000000298023
55.79999999701977
59.3999999910593
55.6000000089407
66.59999999403954
61.29999999701977
55.20000000298023
55
55.5
55.400000005960464
57
56.099999994039536
54.79999999701977
57.70000000298023
55.5
58.79999999701977
59.80000001192093
62.69999998807907
65.1000000089407
55.79999999701977
54.70000000298023
57.20000000298023
64
56.099999994039536
57.70000000298023
55.5
58.5
55.5
59.5
65.29999999701977
56.599999994039536
56.30000001192093
60.79999999701977
55.29999999701977
55.5
56
60.29999999701977
55.400000005960464
55.8999999910593
55.80000001192093
68.59999999403954
62.099999994039536
55
57.6000000089407
55.3999999910593
55.30000001192093
55.29999999701977
55.3999999910593
55.20000000298023
57.29999999701977
59.80000001192093
55.19999998807907
60.20000000298023
67.5
56.20000000298023
56
59.70000000298023
56.79999999701977
68.29999999701977
55.900000005960464
55.29999999701977
56.099999994039536
55.900000005960464
55.20000000298023
57.8999999910593
61.1000000089407
55.70000000298023
60.69999998807907
55.70000000298023
55.400000005960464
64.79999999701977
55.70000000298023
55.599999994039536
55.1000000089407
56
56.3999999910593
66.1000000089407
62.8999999910593
55.1000000089407
55.3999999910593
55.1000000089407
55.5
55.29999999701977
55.20000000298023
55.5
61.099999994039536
55.900000005960464
58.69999998807907
66.40000000596046
59.70000000298023
55.099999994039536
55.6000000089407
56
57.099999994039536
62.79999999701977
55.900000005960464
54.8999999910593
55.70000000298023
56.5
56
60.20000000298023
59.5
55.29999999701977
61.29999999701977
55.400000005960464
65.29999999701977
55.5
55.400000005960464
55.099999994039536
57.400000005960464
56.79999999701977
55.20000000298023
66.8999999910593
62.1000000089407
56
56.8999999910593
55.400000005960464
55
55.400000005960464
55.3999999910593
58
60
62.1000000089407
55.29999999701977
59.79999999701977
62.099999994039536
54.900000005960464
56.900000005960464
57.29999999701977
56.3999999910593
66.70000000298023
57.5
55.70000000298023
55.400000005960464
55.3999999910593
55.400000005960464
59.8999999910593
59.70000000298023
56.400000005960464
59.8999999910593
55.400000005960464
54.79999999701977
56.79999999701977
55.5
55.5
55.900000005960464
56.20000000298023
56.099999994039536
66.40000000596046
60.29999999701977
55.29999999701977
55.29999999701977
55.20000000298023
56.79999999701977
55.400000005960464
55.099999994039536
55.400000005960464
66.5
55.29999999701977
54.900000005960464
60.3999999910593
62.20000000298023
57.400000005960464
57.8999999910593
56.80000001192093
55.8999999910593
63.70000000298023
56
54.79999999701977
56
55.29999999701977
55.6000000089407
59.3999999910593
61.80000001192093
65.5
61.29999999701977
55.599999994039536
55.6000000089407
55.3999999910593
55.29999999701977
55.900000005960464
55.70000000298023
55.5
55.099999994039536
67.29999999701977
62.20000000298023
57.29999999701977
55.70000000298023
55.5
55.70000000298023
55.79999999701977
64.20000000298023
57.099999994039536
59
55.20000000298023
55.70000000298023
61.29999999701977
63.5
55.70000000298023
55.29999999701977
55.1000000089407
56.29999999701977
61.8999999910593
55.1000000089407
55.5
55.5
55.599999994039536
55.6000000089407
59
72
60.69999998807907
58.1000000089407
55.3999999910593
56.1000000089407
55.3999999910593
56.5
55.1000000089407
55.79999999701977
55.5
58.20000000298023
68.79999999701977
59.70000000298023
56.29999999701977
55.400000005960464
55.19999998807907
55.20000000298023
62.20000000298023
55.400000005960464
58.599999994039536
59.20000000298023
56.70000000298023
55.79999999701977
62.599999994039536
59.5
55.5
55.5
55.20000000298023
59.099999994039536
70.40000000596046
55.599999994039536
55.5
56.20000000298023
55.79999999701977
61.70000000298023
59.29999999701977
61.900000005960464
60.79999999701977
57.6000000089407
55.79999999701977
56
55.3999999910593
55
57.400000005960464
55.400000005960464
55.5
57.69999998807907
63.6000000089407
58.29999999701977
55.70000000298023
55.099999994039536
64.90000000596046
54.8999999910593
55.5
57.80000001192093
60.599999994039536
58.400000005960464
55.099999994039536
57.5
57.79999999701977
61.400000005960464
55.3999999910593
55.30000001192093
57.599999994039536
59.400000005960464
61
56.29999999701977
55.099999994039536
55.6000000089407
61.599999994039536
55
60
66.40000000596046
56.19999998807907
57.400000005960464
56.5
57.29999999701977
55.6000000089407
55.5
55
55.79999999701977
55.29999999701977
59.70000000298023
61.29999999701977
63.20000000298023
55.5
62.599999994039536
56.79999999701977
55.5
55.6000000089407
59.099999994039536
56.79999999701977
58.20000000298023
57.400000005960464
55.599999994039536
57.79999999701977
59.900000005960464
55.400000005960464
56.8999999910593
55.29999999701977
59.5
59.80000001192093
55.29999999701977
62.099999994039536
58.1000000089407
55.099999994039536
55.29999999701977
63.1000000089407
63
58.5
57.69999998807907
55.70000000298023
55.5
55
55.29999999701977
55.400000005960464
55.29999999701977
56.20000000298023
59.400000005960464
61.599999994039536
64.59999999403954
59.30000001192093
54.69999998807907
55.5
55.5
59.5
55.1000000089407
57.3999999910593
57.80000001192093
55.599999994039536
55.20000000298023
59.20000000298023
60.3999999910593
55.29999999701977
55.400000005960464
62.900000005960464
55.5
59.3999999910593
62.20000000298023
55.400000005960464
55.099999994039536
55.599999994039536
56.30000001192093
63.099999994039536
62.5
56.400000005960464
58.599999994039536
55.29999999701977
55.6000000089407
54.69999998807907
55.70000000298023
55.1000000089407
55.69999998807907
60.900000005960464
58.20000000298023
70.8999999910593
61.80000001192093
55.599999994039536
55.5
56
55.900000005960464
58.3999999910593
57.400000005960464
56.79999999701977
58.20000000298023
57
55.20000000298023
60.3999999910593
62.400000005960464
55.3999999910593
56.20000000298023
59.29999999701977
63.80000001192093
61
55.099999994039536
56.900000005960464
56.19999998807907
55.400000005960464
60.20000000298023
57.29999999701977
63.099999994039536
55.900000005960464
57.29999999701977
55.6000000089407
55.8999999910593
55.1000000089407
57.3999999910593
55.79999999701977
58.80000001192093
56.099999994039536
64.79999999701977
64
61.5
55.79999999701977
55.20000000298023
57.400000005960464
60.599999994039536
57.900000005960464
55.79999999701977
60.29999999701977
58
55.5
55.20000000298023
57.29999999701977
61.6000000089407
55.3999999910593
59.400000005960464
62
58
61.70000000298023
56.19999998807907
55.30000001192093
55.599999994039536
60.400000005960464
55.599999994039536
58.900000005960464
64.19999998807907
55.5
58.1000000089407
58.20000000298023
56.5
60.79999999701977
81.8999999910593
63
69
56.900000005960464
67.09999999403954
65.70000000298023
64.40000000596046
64.5
66
59.099999994039536
57.400000005960464
56.5
56.79999999701977
57.29999999701977
57.29999999701977
57.400000005960464
56.599999994039536
62.1000000089407
71.5
62.3999999910593
58.20000000298023
62.70000000298023
59.599999994039536
57.1000000089407
61.099999994039536
68.20000000298023
62.29999999701977
59
59.29999999701977
67.5
65.30000001192093
61.79999999701977
61.20000000298023
60.79999999701977
61.599999994039536
61.70000000298023
60.20000000298023
60.5
62
62.20000000298023
59.599999994039536
65.79999999701977
64.79999999701977
60.5
61.5
58.900000005960464
57.29999999701977
57.20000000298023
60.400000005960464
58.69999998807907
60.900000005960464
61.70000000298023
59.8999999910593
66.30000001192093
62.19999998807907
61.6000000089407
56.5
56
58.099999994039536
60.5
57
57.6000000089407
56.5
57.8999999910593
55.900000005960464
60.79999999701977
62.099999994039536
65
55.20000000298023
60.70000000298023
56.599999994039536
56.400000005960464
55.5
60.900000005960464
59.8999999910593
56.5
59.900000005960464
61.20000000298023
62.69999998807907
58.400000005960464
56.099999994039536
56.70000000298023
55.900000005960464
56.29999999701977
56.900000005960464
62.29999999701977
59.3999999910593
57.400000005960464
56.79999999701977
61.5
60.79999999701977
58.900000005960464
56.20000000298023
57.5
59.79999999701977
56.099999994039536
57.400000005960464
57.5
55.79999999701977
55.900000005960464
58.099999994039536
58.400000005960464
68.29999999701977
55.599999994039536
58.80000001192093
56.79999999701977
57.099999994039536
57.6000000089407
56
59.8999999910593
58
59.400000005960464
56.79999999701977
60.599999994039536
62.80000001192093
57.3999999910593
56.6000000089407
55.8999999910593
58.1000000089407
67.79999999701977
56.8999999910593
60.20000000298023
56.6000000089407
56.3999999910593
58
59.6000000089407
74.8999999910593
57.20000000298023
56.5
61
58.29999999701977
56
55.6000000089407
58.099999994039536
56
59.099999994039536
60.20000000298023
60.6000000089407
64.59999999403954
56.599999994039536
58.20000000298023
57.29999999701977
62.30000001192093
60.69999998807907
56.1000000089407
56.20000000298023
59.5
56.099999994039536
55.900000005960464
58.19999998807907
60.1000000089407
60.099999994039536
58.79999999701977
60.20000000298023
56.1000000089407
55.8999999910593
59.900000005960464
55.8999999910593
55.80000001192093
56.3999999910593
56.5
65.40000000596046
62.29999999701977
58.5
57.400000005960464
55.3999999910593
55.900000005960464
56.29999999701977
55.400000005960464
57.099999994039536
62.599999994039536
57
56.70000000298023
61
65.90000000596046
56.20000000298023
55.79999999701977
57.8999999910593
56.400000005960464
59.29999999701977
55.70000000298023
59.900000005960464
57.599999994039536
56.099999994039536
57.6000000089407
61
62
59
56.599999994039536
56
55.900000005960464
64.09999999403954
58.900000005960464
55.599999994039536
55.70000000298023
57
56.79999999701977
64
68.20000000298023
56.20000000298023
56.29999999701977
56.29999999701977
57.5
56.400000005960464
62.70000000298023
56.8999999910593
58.20000000298023
56
55.5
64.79999999701977
62.70000000298023
56.20000000298023
58.20000000298023
56.3999999910593
62.70000000298023
61.5
59.29999999701977
57.29999999701977
56
55.400000005960464
56.5
62.099999994039536
60.6000000089407
61.79999999701977
56.599999994039536
56
58.400000005960464
57.5
57.400000005960464
55.79999999701977
56.20000000298023
56.3999999910593
60.79999999701977
65.90000000596046
61.79999999701977
55.5
55.20000000298023
55.599999994039536
57
57.30000001192093
58.69999998807907
56.400000005960464
57.599999994039536
56.5
61.1000000089407
58.3999999910593
64.30000001192093
55.79999999701977
56.70000000298023
55.69999998807907
63.5
63.20000000298023
56
56.20000000298023
57.400000005960464
62
56.29999999701977
57.79999999701977
62.79999999701977
56.79999999701977
58.30000001192093
58.599999994039536
59.20000000298023
55.3999999910593
57.80000001192093
57.3999999910593
56.79999999701977
56.1000000089407
60.3999999910593
65.90000000596046
62.70000000298023
55.099999994039536
63.70000000298023
56.20000000298023
56.70000000298023
56.29999999701977
56.099999994039536
55.900000005960464
57.5
59.5
55.5
63.70000000298023
59.79999999701977
58.29999999701977
57.20000000298023
60.79999999701977
57
60.79999999701977
56
56.1000000089407
61.5
56.19999998807907
55.1000000089407
60.8999999910593
61.80000001192093
59.19999998807907
59.30000001192093
58.19999998807907
55.6000000089407
55.70000000298023
56.3999999910593
55.79999999701977
56.20000000298023
59.29999999701977
59.80000001192093
63.29999999701977
60.3999999910593
58.400000005960464
55.79999999701977
56
56.6000000089407
55.8999999910593
56.1000000089407
56
58.599999994039536
61
58.5
61.400000005960464
59.69999998807907
55.900000005960464
55.900000005960464
59.69999998807907
59.5
56.400000005960464
57.400000005960464
56.599999994039536
56.900000005960464
57.5
56.29999999701977
58.3999999910593
59.6000000089407
56.29999999701977
59.5
58.099999994039536
55.1000000089407
57
57.29999999701977
56.099999994039536
57.1000000089407
64.20000000298023
57.3999999910593
68.29999999701977
62.80000001192093
55.79999999701977
56.20000000298023
56.099999994039536
56.70000000298023
56.8999999910593
55.5
58
60.6000000089407
57.79999999701977
56.400000005960464
60.3999999910593
62.29999999701977
55.900000005960464
59.5
61.599999994039536
63.30000001192093
56
59.5
55.69999998807907
56.20000000298023
55.900000005960464
55.3999999910593
60.70000000298023
59.79999999701977
61.5
56.70000000298023
57.6000000089407
56.19999998807907
57.6000000089407
56.5
56.70000000298023
73.5
64.09999999403954
55.70000000298023
60.29999999701977
61.5
55.5
56.099999994039536
55.70000000298023
57.400000005960464
55.5
59.099999994039536
58.70000000298023
56.5
57.70000000298023
56.5
58.599999994039536
61.29999999701977
59.900000005960464
69.20000000298023
57.29999999701977
55.900000005960464
56.5
56.5
58.5
56.5
55.79999999701977
56.20000000298023
58.099999994039536
66.40000000596046
56.099999994039536
58.400000005960464
57.79999999701977
56.3999999910593
56.70000000298023
57.29999999701977
63.30000001192093
55.5
56.19999998807907
56.1000000089407
60.099999994039536
60.70000000298023
58.20000000298023
56.79999999701977
55.79999999701977
58
56.1000000089407
59.79999999701977
56.70000000298023
56.3999999910593
56.5
57.20000000298023
58.29999999701977
61.20000000298023
62.400000005960464
56.79999999701977
56.70000000298023
55.69999998807907
56
56.1000000089407
57
56.599999994039536
55.70000000298023
55.79999999701977
60.29999999701977
67.90000000596046
61.599999994039536
55.900000005960464
56.5
57
55.70000000298023
64.09999999403954
61.29999999701977
55.70000000298023
56.29999999701977
57.400000005960464
61.900000005960464
62.599999994039536
58.20000000298023
55.8999999910593
58.70000000298023
56
59.900000005960464
57.099999994039536
55.5
56.29999999701977
57.5
59.1000000089407
67
60.8999999910593
60.80000001192093
56.29999999701977
55.5
56.29999999701977
56.099999994039536
55.400000005960464
58.099999994039536
58.30000001192093
56.5
56.3999999910593
63.79999999701977
62.70000000298023
56.29999999701977
56.400000005960464
55.900000005960464
57.5
56.099999994039536
57.79999999701977
63.29999999701977
56.5
55.6000000089407
55.599999994039536
60.20000000298023
59.79999999701977
58.79999999701977
56.70000000298023
55.70000000298023
61
57.400000005960464
58.099999994039536
56.400000005960464
56.099999994039536
55.70000000298023
57.29999999701977
62.5
63.5
62.20000000298023
56.3999999910593
57.6000000089407
56.599999994039536
56.79999999701977
56.5
56.70000000298023
57.70000000298023
55.79999999701977
60.400000005960464
60.8999999910593
63.20000000298023
57.29999999701977
56
65.30000001192093
57.599999994039536
57.900000005960464
59.29999999701977
63.8999999910593
56
56
55.900000005960464
63.29999999701977
62.79999999701977
57
57.20000000298023
61.79999999701977
58.6000000089407
55.70000000298023
56.19999998807907
55.900000005960464
65.5
56.5
58
64.90000000596046
68.29999999701977
55.8999999910593
57.20000000298023
56.29999999701977
55.900000005960464
55
56.20000000298023
56.29999999701977
57.900000005960464
60.3999999910593
56.400000005960464
62.5
59.70000000298023
63.69999998807907
56.20000000298023
55.900000005960464
59.099999994039536
58.400000005960464
59.8999999910593
55.900000005960464
56.099999994039536
56
58.1000000089407
57.5
61
56.3999999910593
60.30000001192093
57
57.099999994039536
56.900000005960464
58
55.79999999701977
55.5
56.3999999910593
56.900000005960464
64.5
67.40000000596046
55.19999998807907
57.30000001192093
56.19999998807907
56
56.1000000089407
56.099999994039536
55.400000005960464
62.20000000298023
56.19999998807907
57.20000000298023
63.70000000298023
59.70000000298023
57.70000000298023
55.69999998807907
56.20000000298023
59.400000005960464
57.20000000298023
59.29999999701977
56
57.70000000298023
57.099999994039536
56.599999994039536
62.70000000298023
60
57
60.1000000089407
61.5
61.8999999910593
56.1000000089407
55.79999999701977
55.79999999701977
56.900000005960464
57.599999994039536
59.599999994039536
60.5
64.30000001192093
56.19999998807907
55.6000000089407
56.20000000298023
56.19999998807907
55.6000000089407
56.8999999910593
58.30000001192093
63.3999999910593
58.70000000298023
62
57.900000005960464
59.69999998807907
56.30000001192093
55.599999994039536
65.79999999701977
56
56.5
61.70000000298023
58.099999994039536
56.400000005960464
55.79999999701977
56.1000000089407
61
59.79999999701977
59.79999999701977
55.900000005960464
63.5
56.69999998807907
58.5
56
56.20000000298023
55.79999999701977
59.20000000298023
55.6000000089407
61.3999999910593
65.70000000298023
55.79999999701977
56.79999999701977
57.400000005960464
57
58
56
58.70000000298023
64.70000000298023
57.3999999910593
56.1000000089407
60.099999994039536
59.5
57
57
60.29999999701977
56.20000000298023
58.099999994039536
59.400000005960464
55.79999999701977
56
55.79999999701977
56.80000001192093
60.8999999910593
71.1000000089407
62.19999998807907
58
56.30000001192093
56.3999999910593
57.79999999701977
55.80000001192093
56.599999994039536
59.400000005960464
56.5
57.099999994039536
58.900000005960464
66.69999998807907
57.30000001192093
55.69999998807907
56.6000000089407
55.70000000298023
56.29999999701977
66.29999999701977
56.29999999701977
56.6000000089407
58.29999999701977
55.79999999701977
58
61.29999999701977
59
56.900000005960464
58.099999994039536
55.900000005960464
56.099999994039536
59.70000000298023
56.70000000298023
55.8999999910593
57.1000000089407
56
69
68.29999999701977
56
56.70000000298023
56.70000000298023
58.19999998807907
56
55.6000000089407
59.79999999701977
55.900000005960464
56
57
59.099999994039536
66.59999999403954
55.900000005960464
56.79999999701977
57.1000000089407
62
55.599999994039536
59.400000005960464
56.29999999701977
55.3999999910593
59.30000001192093
57.3999999910593
60.70000000298023
63.20000000298023
65.5
57.599999994039536
55.29999999701977
56.80000001192093
70.59999999403954
57.79999999701977
57
57.20000000298023
63.20000000298023
55.5
63.70000000298023
60.79999999701977
56.20000000298023
56.3999999910593
57.29999999701977
56.20000000298023
56
59.70000000298023
57.70000000298023
55.70000000298023
57.79999999701977
56.5
65.5
62.20000000298023
56.29999999701977
60.5
56
55.3999999910593
59.400000005960464
57.400000005960464
56.69999998807907
57.5
56.70000000298023
56.6000000089407
64.3999999910593
65.90000000596046
55.70000000298023
55.599999994039536
55.79999999701977
55.79999999701977
61.400000005960464
57.900000005960464
60.69999998807907
59
55.20000000298023
59.29999999701977
60.900000005960464
62.70000000298023
56.5
56
56.3999999910593
58.20000000298023
59.79999999701977
56.20000000298023
56.6000000089407
55.5
55.69999998807907
56
63.70000000298023
62.5
62.1000000089407
57.3999999910593
57.79999999701977
60.20000000298023
55.6000000089407
55.3999999910593
55.6000000089407
55.5
55.8999999910593
58.900000005960464
64.09999999403954
63.79999999701977
57.20000000298023
56.900000005960464
58.099999994039536
60.900000005960464
56.8999999910593
58.6000000089407
58.099999994039536
55.400000005960464
56.8999999910593
58
60.900000005960464
64
57
56.79999999701977
56.5
58.1000000089407
59.29999999701977
56.099999994039536
56.20000000298023
56.29999999701977
56.400000005960464
64.29999999701977
65.09999999403954
60.900000005960464
58.70000000298023
57.29999999701977
61.79999999701977
56.1000000089407
55.3999999910593
55.5
57.1000000089407
56.3999999910593
57.5
65.20000000298023
59.400000005960464
60.19999998807907
56.1000000089407
57.599999994039536
60.1000000089407
62.3999999910593
56.1000000089407
57
58.19999998807907
59.6000000089407
56.20000000298023
57.79999999701977
61.3999999910593
67.80000001192093
55.8999999910593
55.6000000089407
56.69999998807907
60.900000005960464
57.20000000298023
55.70000000298023
56
57.19999998807907
62.5
56.1000000089407
57.70000000298023
62.099999994039536
57.70000000298023
61.20000000298023
56.5
55.79999999701977
55.8999999910593
56
58.20000000298023
57.400000005960464
62.29999999701977
56.5
61.599999994039536
60.80000001192093
57.69999998807907
63.400000005960464
59.599999994039536
55.70000000298023
56.5
58.400000005960464
68.8999999910593
65
66.80000001192093
66.59999999403954
71.59999999403954
61
56.30000001192093
59.599999994039536
56.79999999701977
56.900000005960464
56.70000000298023
57.8999999910593
60.79999999701977
60.5
58.80000001192093
55.8999999910593
58.400000005960464
63.79999999701977
57.79999999701977
55.6000000089407
55.79999999701977
56.3999999910593
59.1000000089407
58.20000000298023
56.29999999701977
60.3999999910593
56.20000000298023
58.6000000089407
60
68.3999999910593
61.1000000089407
56.099999994039536
56.099999994039536
57.6000000089407
59.70000000298023
59.3999999910593
58.1000000089407
55.599999994039536
56
56.400000005960464
61.29999999701977
60.8999999910593
60.400000005960464
55.5
59.79999999701977
58.6000000089407
62.8999999910593
56.29999999701977
68.80000001192093
55.69999998807907
55.70000000298023
56
61.70000000298023
62.599999994039536
63.30000001192093
57
58.29999999701977
55.79999999701977
57.099999994039536
56
59.70000000298023
56.6000000089407
58.29999999701977
64.59999999403954
62.20000000298023
67.59999999403954
57.20000000298023
56
55.900000005960464
57
59
56.8999999910593
56.900000005960464
56.20000000298023
57.70000000298023
56.5
60.5
65.09999999403954
56.400000005960464
59.79999999701977
60.29999999701977
57.400000005960464
55.3999999910593
59.900000005960464
55.79999999701977
57.400000005960464
55.8999999910593
58.79999999701977
60.6000000089407
63.20000000298023
58.599999994039536
56.599999994039536
55.400000005960464
60.70000000298023
56.5
60.5
55.70000000298023
63.5
56
59.29999999701977
59.79999999701977
64.5
56.099999994039536
56.20000000298023
55.70000000298023
60.900000005960464
55.79999999701977
56.3999999910593
57.6000000089407
56.599999994039536
57.5
56.1000000089407
63.5
63.19999998807907
64.90000000596046
56.79999999701977
56.70000000298023
57.400000005960464
56.19999998807907
58.5
56
57.5
59.30000001192093
59
58.3999999910593
61.6000000089407
58.29999999701977
56.5
56.79999999701977
55.5
59.900000005960464
63.29999999701977
57.3999999910593
56.5
56.20000000298023
56.900000005960464
63.29999999701977
66.20000000298023
55.8999999910593
56
59.5
55.30000001192093
60.5
57.29999999701977
58.099999994039536
56.20000000298023
57.900000005960464
60.19999998807907
62
59.80000001192093
56.19999998807907
55.30000001192093
56.099999994039536
56.5
59
59.400000005960464
61.8999999910593
57.20000000298023
59.400000005960464
57.599999994039536
60.70000000298023
62.3999999910593
56.70000000298023
57.1000000089407
56.69999998807907
71.30000001192093
57.19999998807907
56.900000005960464
56.099999994039536
56.20000000298023
56.1000000089407
56.5
61.3999999910593
63
61.20000000298023
62
62.79999999701977
61.900000005960464
61.70000000298023
61
60.79999999701977
61.70000000298023
68.69999998807907
62.1000000089407
78.70000000298023
68
57.79999999701977
57.099999994039536
56.29999999701977
61.30000001192093
57
58.8999999910593
60.400000005960464
56.29999999701977
55.400000005960464
55.099999994039536
60.099999994039536
61.1000000089407
67.5
59.599999994039536
55.29999999701977
55.400000005960464
55.29999999701977
55
55.5
55.1000000089407
57.29999999701977
62.8999999910593
62.1000000089407
63.79999999701977
58.70000000298023
58
56.599999994039536
56.1000000089407
57.19999998807907
65.90000000596046
60.599999994039536
56.5
57.5
59.400000005960464
61.5
64.20000000298023
55.599999994039536
55.6000000089407
59.79999999701977
55.3999999910593
58.5
59.6000000089407
56.29999999701977
56.599999994039536
56.30000001192093
57.099999994039536
70.5
64.29999999701977
58.20000000298023
56
54.70000000298023
55.3999999910593
54.900000005960464
55.5
55.099999994039536
55.6000000089407
70
56
61.29999999701977
62.79999999701977
55.79999999701977
54.80000001192093
55.5
62.099999994039536
56.099999994039536
58.400000005960464
58.29999999701977
71
76.5
61.70000000298023
59
60
59.29999999701977
63.29999999701977
60.6000000089407
63.79999999701977
61.29999999701977
60.1000000089407
62.69999998807907
58.20000000298023
56.29999999701977
57.30000001192093
65.8999999910593
63.5
57
56.79999999701977
55.5
56.20000000298023
57.70000000298023
57.099999994039536
60.6000000089407
55.79999999701977
56.20000000298023
59.599999994039536
65.90000000596046
61.599999994039536
59
61.900000005960464
59.099999994039536
59.400000005960464
57.79999999701977
58.20000000298023
55.599999994039536
58.79999999701977
55.6000000089407
55.8999999910593
57.900000005960464
61.099999994039536
62.20000000298023
56.29999999701977
59.80000001192093
57.79999999701977
58.599999994039536
65.29999999701977
55.400000005960464
56.79999999701977
57.1000000089407
59.29999999701977
59.5
59.599999994039536
56.400000005960464
57.099999994039536
57.29999999701977
55.6000000089407
55.79999999701977
55.599999994039536
58.70000000298023
58.900000005960464
58.8999999910593
58.5
61.900000005960464
69.70000000298023
56.3999999910593
57.900000005960464
61.900000005960464
55.69999998807907
55.6000000089407
55.70000000298023
55.19999998807907
57.20000000298023
56.1000000089407
55.599999994039536
61.79999999701977
59.70000000298023
62.5
64.40000000596046
56.099999994039536
55.70000000298023
63.5
58.70000000298023
55.79999999701977
55.8999999910593
59.6000000089407
55.099999994039536
58
63.400000005960464
56
57.099999994039536
56.20000000298023
56.20000000298023
57.29999999701977
56.29999999701977
63.5
55.70000000298023
55.900000005960464
59.69999998807907
61
62.30000001192093
56.3999999910593
56.400000005960464
60.599999994039536
56
55.70000000298023
56
55.5
55.79999999701977
58.1000000089407
73.09999999403954
66.29999999701977
68.29999999701977
63
67.30000001192093
62.79999999701977
57.3999999910593
61.900000005960464
55.79999999701977
56
59.900000005960464
57.5
55.8999999910593
59.30000001192093
62.29999999701977
56.79999999701977
57.099999994039536
55.900000005960464
56.29999999701977
61.900000005960464
59.70000000298023
55.8999999910593
65.40000000596046
57.599999994039536
56.900000005960464
59.70000000298023
62.8999999910593
57
59
56.1000000089407
55.5
55.8999999910593
55.70000000298023
60.79999999701977
57.400000005960464
55.8999999910593
55.30000001192093
67.09999999403954
69.79999999701977
55.79999999701977
56.1000000089407
56.20000000298023
56.29999999701977
58.20000000298023
58.79999999701977
60.29999999701977
56.400000005960464
55.3999999910593
55.6000000089407
57.79999999701977
61.79999999701977
56
58.099999994039536
56.400000005960464
56.79999999701977
64.5
59.79999999701977
55.80000001192093
56.79999999701977
56.3999999910593
55.5
62.400000005960464
62.79999999701977
59.29999999701977
57.6000000089407
55
56.8999999910593
57
57.80000001192093
55.79999999701977
57.099999994039536
56.6000000089407
56.29999999701977
69.5
63.79999999701977
57
56.20000000298023
58.3999999910593
56
56.6000000089407
58.29999999701977
59.400000005960464
55.5
56.19999998807907
55.30000001192093
63.29999999701977
58.70000000298023
56.599999994039536
57.400000005960464
57
57.29999999701977
64.5
56.099999994039536
57.20000000298023
55.79999999701977
56.29999999701977
57.30000001192093
58.3999999910593
64.70000000298023
57.5
56.5
55.70000000298023
57.099999994039536
56.1000000089407
55.79999999701977
57.29999999701977
56.20000000298023
58.3999999910593
55.6000000089407
67.3999999910593
61.400000005960464
56.400000005960464
55.8999999910593
56.1000000089407
54.8999999910593
56.20000000298023
61.099999994039536
56.6000000089407
64.70000000298023
56
55.19999998807907
59.20000000298023
63.70000000298023
56.20000000298023
56.099999994039536
64.6000000089407
68.19999998807907
57
56.30000001192093
56.099999994039536
56.099999994039536
55.80000001192093
57.8999999910593
66.20000000298023
64.29999999701977
56.29999999701977
58.5
56
55.400000005960464
55.70000000298023
56
55.20000000298023
57.3999999910593
59.400000005960464
63.599999994039536
61.70000000298023
63.79999999701977
57.29999999701977
56.6000000089407
56.20000000298023
55.69999998807907
59.400000005960464
58.20000000298023
55.599999994039536
57.79999999701977
56.20000000298023
56.6000000089407
61.3999999910593
62.79999999701977
62.900000005960464
55.79999999701977
62.900000005960464
60.099999994039536
56.1000000089407
56.19999998807907
57.80000001192093
55.3999999910593
57.20000000298023
56.79999999701977
65.1000000089407
64.3999999910593
56.6000000089407
55.599999994039536
55.900000005960464
55.69999998807907
58.6000000089407
64.09999999403954
57.20000000298023
55.5
64.09999999403954
58.400000005960464
59.70000000298023
62.29999999701977
56.099999994039536
55.6000000089407
57.20000000298023
59.79999999701977
58.29999999701977
58.79999999701977
56.6000000089407
55.8999999910593
55.5
55.79999999701977
65.90000000596046
60
57.5
55.79999999701977
63.6000000089407
59.69999998807907
56.6000000089407
56
56.599999994039536
55.79999999701977
55.900000005960464
59.099999994039536
59.30000001192093
63.5
57
56.599999994039536
58.099999994039536
58.80000001192093
56
55.8999999910593
55.6000000089407
57.29999999701977
66.09999999403954
56.79999999701977
58.6000000089407
64.5
56
57.3999999910593
56.900000005960464
58.79999999701977
56.1000000089407
56.099999994039536
62
54.900000005960464
64.19999998807907
55.5
61.5
66.6000000089407
58.29999999701977
64.70000000298023
57.29999999701977
56.400000005960464
56
55.599999994039536
55.900000005960464
56.69999998807907
61.900000005960464
56.29999999701977
60.29999999701977
61.80000001192093
58.599999994039536
64.40000000596046
56.099999994039536
56.29999999701977
60.400000005960464
56
58.5
73.29999999701977
56.5
57.400000005960464
59.5
60.099999994039536
55.70000000298023
59.20000000298023
57.29999999701977
55.8999999910593
58.1000000089407
56.8999999910593
56.70000000298023
59.900000005960464
55.20000000298023
57.29999999701977
61.20000000298023
66.19999998807907
60.20000000298023
59.29999999701977
58.20000000298023
56.79999999701977
55.6000000089407
56.099999994039536
57.6000000089407
60
57.69999998807907
57.1000000089407
59.599999994039536
65.90000000596046
57.8999999910593
58.20000000298023
56.6000000089407
55.8999999910593
57.29999999701977
56.1000000089407
62.8999999910593
57.70000000298023
56.20000000298023
57.599999994039536
59.900000005960464
61.900000005960464
57.5
58.79999999701977
61.8999999910593
55.400000005960464
62.20000000298023
55.79999999701977
58.900000005960464
56.099999994039536
56.400000005960464
57.69999998807907
60.400000005960464
60.099999994039536
62.400000005960464
55.900000005960464
56.19999998807907
57.6000000089407
56.20000000298023
58.099999994039536
59.79999999701977
56.400000005960464
56.70000000298023
60.69999998807907
62.80000001192093
60.599999994039536
57.900000005960464
56.29999999701977
57
56.5
57.8999999910593
56.80000001192093
62.3999999910593
55.6000000089407
55.599999994039536
56.400000005960464
59.3999999910593
63.79999999701977
58.20000000298023
56.29999999701977
54.900000005960464
65.40000000596046
58.3999999910593
56.20000000298023
57.400000005960464
56.599999994039536
56.70000000298023
55.8999999910593
57.80000001192093
66.29999999701977
59.8999999910593
55.70000000298023
58.400000005960464
60.20000000298023
57.79999999701977
59.8999999910593
56
55.6000000089407
65.20000000298023
55.5
61.099999994039536
62
56.599999994039536
60.30000001192093
56
56
56.19999998807907
59.70000000298023
60.400000005960464
56.29999999701977
56.20000000298023
57
62
61.8999999910593
57.20000000298023
64.5
55.70000000298023
55.79999999701977
55.5
55.900000005960464
56.79999999701977
57.20000000298023
55.8999999910593
56.80000001192093
63.19999998807907
62.400000005960464
59.70000000298023
56.599999994039536
57.400000005960464
56.20000000298023
60.29999999701977
55.3999999910593
65
56.6000000089407
56.5
56
60.099999994039536
60.29999999701977
57.70000000298023
57.1000000089407
55.8999999910593
55.6000000089407
59.8999999910593
56.20000000298023
58.79999999701977
56.29999999701977
55.6000000089407
57.5
66.70000000298023
68.29999999701977
55.8999999910593
55.400000005960464
55.900000005960464
55.599999994039536
58
56.900000005960464
56.099999994039536
59.5
58.099999994039536
56.70000000298023
61.400000005960464
62.5
60
55.70000000298023
57.5
57.29999999701977
60.599999994039536
55.79999999701977
55.900000005960464
57.70000000298023
55.8999999910593
56
58.20000000298023
63.6000000089407
56.29999999701977
58.5
56.20000000298023
59.099999994039536
56.70000000298023
55.5
60.3999999910593
55.900000005960464
56.20000000298023
58.8999999910593
64.80000001192093
61.8999999910593
57.900000005960464
55.8999999910593
56.1000000089407
55.79999999701977
56.5
57
56.400000005960464
56.29999999701977
57.29999999701977
60
59
60.900000005960464
58.79999999701977
55.599999994039536
55.79999999701977
64.6000000089407
58.099999994039536
59.1000000089407
56
59
57.79999999701977
55.8999999910593
59
59.20000000298023
56.29999999701977
56.6000000089407
62.20000000298023
59.29999999701977
56
56.20000000298023
59
55.599999994039536
63.900000005960464
58.3999999910593
60.900000005960464
62.099999994039536
55.400000005960464
60.8999999910593
57.1000000089407
56.79999999701977
57.400000005960464
56.3999999910593
56.5
56.20000000298023
61
57.900000005960464
60.29999999701977
62
59.5
64.20000000298023
60.69999998807907
56.30000001192093
55.69999998807907
57.6000000089407
55.8999999910593
56
57.1000000089407
55.8999999910593
60.6000000089407
63.29999999701977
58.099999994039536
59.900000005960464
58.900000005960464
56.19999998807907
55.80000001192093
55.79999999701977
59.70000000298023
57
58.69999998807907
56
58.80000001192093
62.79999999701977
56.8999999910593
56.80000001192093
55.5
55.69999998807907
60.6000000089407
55.599999994039536
56
60.1000000089407
58.099999994039536
56.900000005960464
60.3999999910593
66.40000000596046
59.099999994039536
59.5
55.70000000298023
56.099999994039536
56.400000005960464
56.29999999701977
57.79999999701977
57.30000001192093
57.099999994039536
57.900000005960464
62.5
63
56.099999994039536
60.400000005960464
56.599999994039536
56.900000005960464
61.69999998807907
58.20000000298023
62.1000000089407
56.599999994039536
57.29999999701977
56.20000000298023
58.70000000298023
64.29999999701977
57.099999994039536
56.30000001192093
56.3999999910593
55.5
57.400000005960464
56.5
60.20000000298023
58.69999998807907
55.70000000298023
57.79999999701977
65
62.400000005960464
64.29999999701977
56.1000000089407
56.599999994039536
56.599999994039536
55.5
56.5
60.20000000298023
56.29999999701977
55.5
55.6000000089407
60.29999999701977
62.5
60.400000005960464
57.79999999701977
57
63.20000000298023
55.3999999910593
58.1000000089407
62.099999994039536
56.29999999701977
55.79999999701977
55.70000000298023
60.400000005960464
65.3999999910593
56.400000005960464
56.20000000298023
55.8999999910593
56.6000000089407
59.5
58.8999999910593
56.6000000089407
55.3999999910593
65.90000000596046
58.70000000298023
60.29999999701977
66.79999999701977
59.20000000298023
55.599999994039536
55.70000000298023
57.6000000089407
56.69999998807907
56.400000005960464
57.099999994039536
56.400000005960464
57.5
56
60.5
66.59999999403954
55.5
56.900000005960464
57.099999994039536
58.30000001192093
56
60.099999994039536
59.900000005960464
56.19999998807907
55.70000000298023
56.70000000298023
60.70000000298023
61.599999994039536
58.20000000298023
58.599999994039536
55.900000005960464
58.099999994039536
58.1000000089407
59.79999999701977
60.099999994039536
56
55.70000000298023
56.20000000298023
64.70000000298023
63.3999999910593
68.80000001192093
58.3999999910593
57.70000000298023
56.599999994039536
55.400000005960464
55.70000000298023
57.5
56.20000000298023
55.8999999910593
56.1000000089407
61.3999999910593
68.90000000596046
61.70000000298023
61.3999999910593
56.29999999701977
59.70000000298023
56.900000005960464
61.29999999701977
55.5
55.900000005960464
56.69999998807907
55.400000005960464
60
63.599999994039536
57.1000000089407
56.8999999910593
56.900000005960464
58.400000005960464
63.69999998807907
56.1000000089407
56.29999999701977
56.599999994039536
56
63.400000005960464
59
67.29999999701977
56.70000000298023
56.599999994039536
55.70000000298023
56.29999999701977
56.1000000089407
55.70000000298023
56.5
58.5
59.19999998807907
62.5
59.80000001192093
59.5
55.79999999701977
55.79999999701977
55.900000005960464
60.3999999910593
57.20000000298023
58.599999994039536
58.1000000089407
57.099999994039536
56.29999999701977
56.1000000089407
60.3999999910593
65.6000000089407
56.8999999910593
56.70000000298023
64.79999999701977
56.70000000298023
56.5
55.5
57.5
56.70000000298023
57.900000005960464
57.8999999910593
59.70000000298023
66.90000000596046
55.3999999910593
56.20000000298023
57.70000000298023
55.79999999701977
55.900000005960464
57.5
56.5
57.29999999701977
68.20000000298023
55.69999998807907
60.20000000298023
63.20000000298023
56.79999999701977
56.79999999701977
59.5
56.20000000298023
59.400000005960464
60.29999999701977
55.5
55.5
55.099999994039536
56.20000000298023
62.400000005960464
64.79999999701977
56.099999994039536
67.80000001192093
57
57.099999994039536
56.29999999701977
55.900000005960464
56.29999999701977
58.5
57.20000000298023
57
61
65.79999999701977
56.20000000298023
55.8999999910593
57.70000000298023
58.400000005960464
55.5
55.70000000298023
62.8999999910593
61.70000000298023
56.400000005960464
56
57.8999999910593
62.5
55.5
60.900000005960464
56.5
56.5
57.3999999910593
60.30000001192093
56.5
55.599999994039536
57.5
55.400000005960464
60.099999994039536
67.70000000298023
58.099999994039536
61
56
55.900000005960464
57.20000000298023
55.8999999910593
57
58.400000005960464
56.099999994039536
55.900000005960464
62.70000000298023
63.8999999910593
56.400000005960464
55.599999994039536
57.29999999701977
55.80000001192093
60
55.8999999910593
55.5
60.70000000298023
56.900000005960464
56.29999999701977
59.79999999701977
63
61
57.5
56.29999999701977
56.1000000089407
56.3999999910593
58.70000000298023
57.900000005960464
56.099999994039536
55.70000000298023
58.29999999701977
67.29999999701977
60.29999999701977
57
59.400000005960464
57.79999999701977
55.400000005960464
55.70000000298023
55.79999999701977
58.8999999910593
55.900000005960464
57.70000000298023
57.5
61.29999999701977
65.90000000596046
55.8999999910593
55.900000005960464
56.099999994039536
62.79999999701977
55.70000000298023
55.20000000298023
59.099999994039536
58.70000000298023
58
56
59.900000005960464
63.70000000298023
55.79999999701977
56.5
55.599999994039536
55.900000005960464
55.599999994039536
62.29999999701977
58.20000000298023
56.400000005960464
60.099999994039536
55.6000000089407
60.5
62.8999999910593
60.29999999701977
56
56.30000001192093
57
57.5
61.5
59.19999998807907
55.80000001192093
56
55.79999999701977
58.79999999701977
65.70000000298023
55.5
63.8999999910593
57.400000005960464
56.400000005960464
56.79999999701977
57.5
59.29999999701977
55.79999999701977
56.79999999701977
56.900000005960464
58.5
66.20000000298023
56.79999999701977
56.79999999701977
55.70000000298023
59.20000000298023
56.3999999910593
59.6000000089407
57.599999994039536
55.900000005960464
55.8999999910593
55.70000000298023
60
67.20000000298023
55.29999999701977
55.70000000298023
58.400000005960464
56.79999999701977
59.70000000298023
57
56.099999994039536
55.70000000298023
55.5
56
61.70000000298023
67
57.099999994039536
57.79999999701977
56.1000000089407
56.099999994039536
55
59.70000000298023
56
56.3999999910593
57.20000000298023
57.79999999701977
65.5
62
56.80000001192093
56
57.3999999910593
55.79999999701977
55.900000005960464
59.400000005960464
57.599999994039536
56.099999994039536
55.5
55.5
61.20000000298023
65.70000000298023
56.29999999701977
55.6000000089407
56.19999998807907
58.80000001192093
60.19999998807907
56.70000000298023
56.1000000089407
55.79999999701977
55.8999999910593
56.1000000089407
63
68
57.29999999701977
56.400000005960464
55.79999999701977
57.099999994039536
56.900000005960464
58.599999994039536
56.29999999701977
56.1000000089407
55.599999994039536
62.5
62.400000005960464
61.79999999701977
56.5
59
56
60.29999999701977
56.400000005960464
58.20000000298023
56.599999994039536
56.20000000298023
57.5
55.70000000298023
64.09999999403954
60.099999994039536
56.80000001192093
56.599999994039536
56.29999999701977
59.6000000089407
57.599999994039536
55.599999994039536
56
58
63.80000001192093
55.5
62.5
66.79999999701977
56.8999999910593
57
55.5
56.1000000089407
59.099999994039536
55.6000000089407
57.099999994039536
56
57.900000005960464
60.099999994039536
62.900000005960464
61.69999998807907
56.20000000298023
60.400000005960464
57.20000000298023
55
55.69999998807907
61.1000000089407
58.29999999701977
56.70000000298023
55.5
59.79999999701977
60.099999994039536
59.30000001192093
59.5
56.8999999910593
60.20000000298023
55.29999999701977
59
57.20000000298023
57.599999994039536
62.1000000089407
55.599999994039536
55.70000000298023
58
65.29999999701977
56.20000000298023
57.400000005960464
56.8999999910593
62.6000000089407
56.29999999701977
55.70000000298023
57
56.599999994039536
58.79999999701977
56.1000000089407
63.69999998807907
62.1000000089407
57.5
57.099999994039536
58
56
55.70000000298023
63.70000000298023
55.79999999701977
57.400000005960464
59.099999994039536
57.70000000298023
60.70000000298023
62.8999999910593
57.29999999701977
61.20000000298023
58.400000005960464
55.8999999910593
69
56.5
56
55.1000000089407
56.29999999701977
55.900000005960464
59.29999999701977
65.29999999701977
58.29999999701977
59.79999999701977
61.5
56.20000000298023
56
57.6000000089407
55.79999999701977
60.099999994039536
59.29999999701977
56.400000005960464
65.20000000298023
61.70000000298023
56.19999998807907
56.30000001192093
55.5
55.8999999910593
55.20000000298023
59.900000005960464
57.3999999910593
61.1000000089407
55.599999994039536
59.70000000298023
60.599999994039536
63.29999999701977
59.5
56.70000000298023
56.1000000089407
57.3999999910593
57.20000000298023
56.70000000298023
56
55.79999999701977
55.900000005960464
57.29999999701977
59.3999999910593
66.40000000596046
56
60.099999994039536
57.900000005960464
58.29999999701977
55.900000005960464
55.3999999910593
61.1000000089407
55.3999999910593
64.90000000596046
55.79999999701977
58.400000005960464
63.70000000298023
55.599999994039536
57.79999999701977
55.400000005960464
60.599999994039536
56.20000000298023
61.79999999701977
55.79999999701977
64.6000000089407
57.20000000298023
56.599999994039536
58.70000000298023
68
56.70000000298023
59.8999999910593
56.6000000089407
55.29999999701977
56
57.79999999701977
56.900000005960464
56.19999998807907
55.5
55.900000005960464
59.599999994039536
65.90000000596046
59.099999994039536
56.6000000089407
58.099999994039536
56.6000000089407
55.599999994039536
63.29999999701977
65.70000000298023
56.400000005960464
57.3999999910593
55.900000005960464
58.29999999701977
61
55.5
56.20000000298023
55.70000000298023
55.8999999910593
57.400000005960464
59.599999994039536
66.79999999701977
57
57.30000001192093
56
61.29999999701977
72.79999999701977
55.400000005960464
55.69999998807907
55.900000005960464
57.099999994039536
58.1000000089407
57.8999999910593
55.70000000298023
56.29999999701977
56
55.80000001192093
59.599999994039536
69.20000000298023
56.70000000298023
56.099999994039536
58.400000005960464
58.099999994039536
62.900000005960464
58.29999999701977
56.20000000298023
55.69999998807907
55.70000000298023
55.79999999701977
57.900000005960464
63.099999994039536
56.70000000298023
59
56.400000005960464
55.79999999701977
56.5
62.099999994039536
56.5
56
56.5
57
71
64.20000000298023
57.5
56.6000000089407
56.19999998807907
55.30000001192093
55.69999998807907
56.5
57
56.20000000298023
55.79999999701977
55.70000000298023
60
69.70000000298023
56.20000000298023
57.70000000298023
56
57.599999994039536
59.099999994039536
55.70000000298023
56.1000000089407
55.69999998807907
58
55.5
60.20000000298023
59.900000005960464
57.8999999910593
55.30000001192093
55.79999999701977
56.20000000298023
55.69999998807907
67.90000000596046
57.5
56.099999994039536
64.40000000596046
63.29999999701977
60.1000000089407
62.8999999910593
55.70000000298023
56.70000000298023
55.5
60.79999999701977
56.5
57.099999994039536
57
55.80000001192093
58.79999999701977
55.5
65.5
64.29999999701977
57.5
63.20000000298023
61.20000000298023
57.69999998807907
56.1000000089407
55.79999999701977
55.900000005960464
57.29999999701977
55.79999999701977
56.79999999701977
58
60
57.5
57.70000000298023
55.70000000298023
55.5
64.59999999403954
56.20000000298023
57.29999999701977
68.20000000298023
60.70000000298023
57.70000000298023
61.099999994039536
62.5
55.79999999701977
55.79999999701977
56.1000000089407
57.099999994039536
56.400000005960464
57.3999999910593
58.80000001192093
55.8999999910593
55.900000005960464
61.599999994039536
68.40000000596046
68
55.8999999910593
57.70000000298023
57.5
57.900000005960464
57.099999994039536
56.6000000089407
56.19999998807907
58.5
57.30000001192093
56
59.69999998807907
60.30000001192093
57.69999998807907
56.20000000298023
56.900000005960464
57.8999999910593
62.5
55.400000005960464
57.70000000298023
60
56.099999994039536
57.1000000089407
60.8999999910593
62.400000005960464
56
55.3999999910593
57.70000000298023
56.5
56.20000000298023
56.5
56.099999994039536
57.6000000089407
55.5
58.3999999910593
68.40000000596046
59.099999994039536
56.1000000089407
60.70000000298023
56.599999994039536
58
58
56.70000000298023
60.29999999701977
57.29999999701977
55.70000000298023
56.099999994039536
58.6000000089407
62.29999999701977
58.5
58.20000000298023
55.70000000298023
66.09999999403954
62.599999994039536
56
59.6000000089407
55.79999999701977
56
55.599999994039536
59.20000000298023
61.6000000089407
56.5
55.69999998807907
59.80000001192093
55.5
55.8999999910593
55.6000000089407
56
60
57
60.19999998807907
63.20000000298023
62.400000005960464
59.70000000298023
60.3999999910593
56.400000005960464
55.70000000298023
57.29999999701977
56.20000000298023
55.79999999701977
57
57.599999994039536
56.900000005960464
58.70000000298023
64.3999999910593
55.900000005960464
57.79999999701977
59.099999994039536
56.400000005960464
59.099999994039536
59.400000005960464
58.099999994039536
56
56.900000005960464
55.900000005960464
62.19999998807907
63.5
56
56.400000005960464
55.599999994039536
56.400000005960464
57.29999999701977
57.6000000089407
66.69999998807907
63.20000000298023
62.29999999701977
72.90000000596046
60.900000005960464
66.5
55.69999998807907
57
58
56
57.900000005960464
56.099999994039536
57.900000005960464
56
55.29999999701977
56.20000000298023
60.29999999701977
70.20000000298023
58
60.79999999701977
59.29999999701977
56.1000000089407
59.29999999701977
57.70000000298023
56.099999994039536
54.900000005960464
56.20000000298023
56
62.599999994039536
64.59999999403954
56.1000000089407
55.79999999701977
56.5
58.099999994039536
65.90000000596046
58.29999999701977
59.5
57.900000005960464
61
58.099999994039536
63.6000000089407
60.599999994039536
55.900000005960464
55.599999994039536
55.70000000298023
57
58.79999999701977
56.400000005960464
55.5
56.29999999701977
56.70000000298023
62.3999999910593
57.79999999701977
63.6000000089407
59.29999999701977
57.400000005960464
61.099999994039536
59.400000005960464
56
56.29999999701977
56.20000000298023
55.8999999910593
55.20000000298023
56
62
64.09999999403954
55.400000005960464
57.900000005960464
62.099999994039536
59.29999999701977
56.70000000298023
58.900000005960464
56
56.69999998807907
59.30000001192093
59
60
62.599999994039536
56.70000000298023
55.8999999910593
58.30000001192093
56.69999998807907
56.1000000089407
56.79999999701977
55.900000005960464
57
60.79999999701977
55.5
58.20000000298023
64.8999999910593
56.70000000298023
61.900000005960464
62.19999998807907
56.400000005960464
55.900000005960464
56.099999994039536
55.900000005960464
55
55.79999999701977
55.5
59.599999994039536
62.1000000089407
58.29999999701977
58.70000000298023
56.19999998807907
55.6000000089407
55.3999999910593
59.5
56
55
62
59.6000000089407
58
59.70000000298023
55.29999999701977
55.8999999910593
55.900000005960464
56
55.79999999701977
57
63.900000005960464
56.29999999701977
59.70000000298023
56.5
60.8999999910593
65.20000000298023
55.20000000298023
56.20000000298023
64.29999999701977
56.5
55.20000000298023
55.70000000298023
57.8999999910593
56.6000000089407
59
55.8999999910593
60.1000000089407
64.29999999701977
55.79999999701977
56.900000005960464
55.8999999910593
56
57.29999999701977
59
57
55.30000001192093
63.69999998807907
57.20000000298023
60.1000000089407
61.79999999701977
56.20000000298023
55.8999999910593
56.20000000298023
57.29999999701977
55.5
62.900000005960464
56.599999994039536
56.29999999701977
56.20000000298023
55.20000000298023
63.5
61.79999999701977
55.70000000298023
61.79999999701977
66
56.6000000089407
57.69999998807907
55.900000005960464
55.5
56.70000000298023
54.8999999910593
57.400000005960464
70.70000000298023
61.599999994039536
56.6000000089407
55.79999999701977
55.79999999701977
58
59.099999994039536
55.900000005960464
55.79999999701977
59.6000000089407
58.599999994039536
58.5
61.099999994039536
59.80000001192093
55.79999999701977
55.599999994039536
57.400000005960464
65.59999999403954
56.6000000089407
56.69999998807907
57.6000000089407
56
56.79999999701977
59
60.599999994039536
62.80000001192093
55.8999999910593
61
59.5
57.79999999701977
56.30000001192093
55.69999998807907
57.30000001192093
55.79999999701977
65.59999999403954
56.20000000298023
57.70000000298023
64.09999999403954
59.5
56.20000000298023
55.79999999701977
59.29999999701977
57.20000000298023
56.20000000298023
58.099999994039536
56.5
60.30000001192093
57.599999994039536
60.20000000298023
61.29999999701977
56.400000005960464
62.5
57.3999999910593
56.20000000298023
56.400000005960464
56
56.3999999910593
57.20000000298023
57.900000005960464
57.599999994039536
60.5
59.599999994039536
59.6000000089407
57.099999994039536
63.5
57.20000000298023
55.900000005960464
55.79999999701977
63.79999999701977
57.70000000298023
55.70000000298023
56.8999999910593
62.900000005960464
63.29999999701977
57.900000005960464
56.19999998807907
58.900000005960464
55.79999999701977
56.400000005960464
59.599999994039536
56.79999999701977
56
60.6000000089407
57.3999999910593
59.1000000089407
67.79999999701977
56.5
55.400000005960464
56.19999998807907
55.70000000298023
55.6000000089407
56.29999999701977
56.5
62.3999999910593
57.6000000089407
55.8999999910593
57.900000005960464
66.09999999403954
55.6000000089407
55.5
58.5
56.599999994039536
57.1000000089407
57.8999999910593
58.70000000298023
56.29999999701977
55.400000005960464
55.5
58.20000000298023
59.8999999910593
55.79999999701977
60.1000000089407
56
55.70000000298023
55.8999999910593
62.79999999701977
55.6000000089407
56.099999994039536
58.400000005960464
56.099999994039536
67.5
60.79999999701977
55.900000005960464
55.900000005960464
56.599999994039536
57.20000000298023
61.099999994039536
55.400000005960464
55.5
60.8999999910593
56.1000000089407
55.8999999910593
60
63.70000000298023
55.6000000089407
57.3999999910593
58.5
60.400000005960464
56.70000000298023
57.69999998807907
56.20000000298023
55.79999999701977
55.900000005960464
55.20000000298023
58.20000000298023
62.3999999910593
57.1000000089407
59.69999998807907
58.30000001192093
55.79999999701977
56.29999999701977
60.20000000298023
56
55.5
58.79999999701977
55.900000005960464
60.19999998807907
63.400000005960464
56.20000000298023
57.20000000298023
55.79999999701977
56
55.79999999701977
56.099999994039536
55.900000005960464
59.599999994039536
57.30000001192093
58.79999999701977
61.70000000298023
65.29999999701977
57.599999994039536
56.6000000089407
67.29999999701977
55.70000000298023
58.19999998807907
57
56
58
59.70000000298023
55.70000000298023
60.29999999701977
60.79999999701977
65
55.70000000298023
58.1000000089407
56.3999999910593
59.79999999701977
56.900000005960464
56.20000000298023
56.70000000298023
64.79999999701977
56.79999999701977
60.29999999701977
66.90000000596046
55.8999999910593
55.70000000298023
55.70000000298023
56.5
56.5
55.70000000298023
59.099999994039536
59.5
57.79999999701977
61.6000000089407
60.79999999701977
61.900000005960464
60
72.09999999403954
56.20000000298023
56.29999999701977
56.20000000298023
56.599999994039536
56.20000000298023
55.79999999701977
57.1000000089407
56.8999999910593
61.1000000089407
67.69999998807907
56.6000000089407
56.099999994039536
60
56.5
56.20000000298023
60.79999999701977
56.29999999701977
62.1000000089407
57.29999999701977
56.29999999701977
59.5
63.900000005960464
55.599999994039536
55.79999999701977
56
56.6000000089407
57.70000000298023
58.5
61.599999994039536
55.900000005960464
61
57
60.3999999910593
62.6000000089407
55.69999998807907
59.1000000089407
56.099999994039536
55.900000005960464
55.29999999701977
58.29999999701977
62.20000000298023
56.099999994039536
55.80000001192093
55.8999999910593
70
62.29999999701977
56.20000000298023
55.79999999701977
60.80000001192093
66.19999998807907
61.70000000298023
56.5
60.400000005960464
55.8999999910593
55.80000001192093
55.79999999701977
58
63.8999999910593
55.80000001192093
55.69999998807907
56.30000001192093
59.69999998807907
60.70000000298023
55.79999999701977
55.80000001192093
60
68.59999999403954
56.5
60.599999994039536
62.900000005960464
60.20000000298023
57.3999999910593
57.30000001192093
55.8999999910593
55.79999999701977
56.6000000089407
56.79999999701977
55.400000005960464
55.599999994039536
60
60.400000005960464
61.5
57.19999998807907
67.90000000596046
57.29999999701977
56.79999999701977
57.1000000089407
55.79999999701977
59.5
55.5
55.900000005960464
56.29999999701977
61.29999999701977
63.900000005960464
58.599999994039536
56.20000000298023
57.3999999910593
60
55.5
55.900000005960464
66.09999999403954
58.30000001192093
58
57.599999994039536
57.900000005960464
61.69999998807907
59.30000001192093
56.79999999701977
55.20000000298023
56.29999999701977
56.70000000298023
58
57.79999999701977
55.8999999910593
59.400000005960464
56
59.79999999701977
67
63
56.5
56.20000000298023
58.900000005960464
57.19999998807907
59.6000000089407
58.20000000298023
56.5
55.599999994039536
57.5
61.599999994039536
63.6000000089407
56.79999999701977
56.400000005960464
61
56.69999998807907
60.6000000089407
60.8999999910593
56.1000000089407
56.5
58.8999999910593
57.70000000298023
60.1000000089407
62
59.69999998807907
57.400000005960464
55.70000000298023
56.20000000298023
55.79999999701977
55.5
57.8999999910593
61.30000001192093
55.69999998807907
56.400000005960464
68.59999999403954
63.1000000089407
55.8999999910593
57
56.1000000089407
57
55.5
55.70000000298023
60.69999998807907
56.70000000298023
55.5
56.5
59.5
62.20000000298023
62.5
59.400000005960464
55.69999998807907
57.400000005960464
56.29999999701977
61.400000005960464
56.5
56.599999994039536
57.400000005960464
57.099999994039536
58.79999999701977
60
62.30000001192093
56.29999999701977
55.3999999910593
56.400000005960464
57.599999994039536
56.20000000298023
61.20000000298023
57.099999994039536
62.6000000089407
56.099999994039536
62.1000000089407
62.69999998807907
56.30000001192093
55.69999998807907
55.6000000089407
58.79999999701977
60.70000000298023
56.099999994039536
60.29999999701977
55.6000000089407
55.8999999910593
55.80000001192093
60.099999994039536
61.79999999701977
61
57.6000000089407
59.8999999910593
57.70000000298023
59.20000000298023
56.79999999701977
55.70000000298023
54.8999999910593
55.80000001192093
56.29999999701977
59.29999999701977
61.599999994039536
59.1000000089407
58.79999999701977
56.400000005960464
56.099999994039536
55.400000005960464
57
67.8999999910593
57.6000000089407
56
60.79999999701977
61.099999994039536
62.1000000089407
57.3999999910593
56.400000005960464
56.099999994039536
56.29999999701977
58.80000001192093
55.5
62.19999998807907
55.6000000089407
55.599999994039536
56.79999999701977
58.900000005960464
72.29999999701977
57.79999999701977
58.400000005960464
56.900000005960464
59.5
56.79999999701977
55.5
56
55.29999999701977
58
55.79999999701977
62.400000005960464
60
73.20000000298023
55
55.79999999701977
56.099999994039536
66.6000000089407
58.29999999701977
57.79999999701977
56.599999994039536
60.5
57.70000000298023
60.6000000089407
62.3999999910593
55.70000000298023
55.599999994039536
56
55.80000001192093
57.5
73.5
55.5
55.29999999701977
57.29999999701977
63.20000000298023
62.099999994039536
64.29999999701977
56.80000001192093
60.599999994039536
58.70000000298023
55.70000000298023
55.79999999701977
55.5
56
58.20000000298023
55.69999998807907
55.5
61.70000000298023
72.40000000596046
57.8999999910593
55.80000001192093
62.5
59.099999994039536
56.099999994039536
55.70000000298023
58.6000000089407
63.599999994039536
55.900000005960464
55.5
60.599999994039536
60.79999999701977
55.29999999701977
55.6000000089407
56.099999994039536
55.6000000089407
57.599999994039536
64.59999999403954
56.20000000298023
55.5
65
61.29999999701977
60.1000000089407
62.8999999910593
56.900000005960464
61.79999999701977
55.70000000298023
56.099999994039536
57.400000005960464
56.5
55.5
57.900000005960464
55.8999999910593
55.70000000298023
59.599999994039536
65
57
55.900000005960464
56.5
60.400000005960464
56.3999999910593
56.79999999701977
57.20000000298023
60.70000000298023
56.5
55.599999994039536
60.5
62.400000005960464
56.70000000298023
55.599999994039536
57.29999999701977
56.900000005960464
56.5
58.70000000298023
65.09999999403954
58
59.20000000298023
56.29999999701977
60.1000000089407
62.29999999701977
60.099999994039536
58.6000000089407
58.099999994039536
56.099999994039536
56
55.70000000298023
55.5
55.79999999701977
55.6000000089407
55.099999994039536
61.6000000089407
64.09999999403954
59.20000000298023
56.20000000298023
59.79999999701977
56.20000000298023
55.599999994039536
56.400000005960464
59.8999999910593
56.1000000089407
57.69999998807907
55.5
58
62.400000005960464
56.20000000298023
55.70000000298023
55.8999999910593
56.1000000089407
56.69999998807907
59.30000001192093
57.099999994039536
55.900000005960464
59.5
57.099999994039536
59.400000005960464
62.79999999701977
60
55.70000000298023
56.79999999701977
57.29999999701977
55.5
55.5
55.900000005960464
56.5
56.8999999910593
57.70000000298023
66.70000000298023
64.70000000298023
56.5
59.099999994039536
56.29999999701977
56
56.70000000298023
58.70000000298023
57.8999999910593
55.80000001192093
59.19999998807907
57.400000005960464
59.79999999701977
59.79999999701977
56.900000005960464
56
56.400000005960464
59.19999998807907
59.900000005960464
60.20000000298023
57.79999999701977
62
57
56.5
60.400000005960464
72.09999999403954
55.5
56.599999994039536
57.80000001192093
56.599999994039536
55.29999999701977
56
56.79999999701977
56.5
61.400000005960464
55.900000005960464
57.3999999910593
66.90000000596046
61.3999999910593
56.6000000089407
56.8999999910593
55.80000001192093
56.29999999701977
63.70000000298023
60.3999999910593
56.1000000089407
55.29999999701977
57.20000000298023
57.69999998807907
63.80000001192093
55.5
65.59999999403954
55.79999999701977
57.900000005960464
62.8999999910593
60.20000000298023
58
56
56.400000005960464
57.20000000298023
64.69999998807907
60.900000005960464
56.29999999701977
55.5
56.70000000298023
59
56
55.599999994039536
57.70000000298023
56.5
55.79999999701977
56.1000000089407
80.5
67.29999999701977
56.29999999701977
56.70000000298023
57.400000005960464
60.099999994039536
56
56.599999994039536
57.400000005960464
55.79999999701977
55.70000000298023
57.5
59.599999994039536
70.40000000596046
55.79999999701977
57.900000005960464
56.70000000298023
59.8999999910593
57.900000005960464
59.599999994039536
58.6000000089407
56
55.599999994039536
59.5
60.599999994039536
62.30000001192093
57.5
55.69999998807907
57.20000000298023
58.400000005960464
63.099999994039536
55.70000000298023
55.79999999701977
55.5
55.900000005960464
71.8999999910593
61.6000000089407
62.099999994039536
58.70000000298023
55.29999999701977
59.70000000298023
56
55.5
55.5
55.5
55.599999994039536
55.30000001192093
64.09999999403954
61.099999994039536
67.5
56.20000000298023
55.20000000298023
59.900000005960464
56.69999998807907
59.900000005960464
56.79999999701977
57.79999999701977
56.6000000089407
59.8999999910593
58.30000001192093
61.79999999701977
62.20000000298023
56.099999994039536
55.20000000298023
65.29999999701977
56.79999999701977
56.29999999701977
56.20000000298023
55.20000000298023
57.79999999701977
62.79999999701977
61.400000005960464
61.29999999701977
62.70000000298023
57.5
60.5
56.099999994039536
55.400000005960464
56.29999999701977
58.1000000089407
56.3999999910593
64.29999999701977
55.900000005960464
59.5
60.400000005960464
60.099999994039536
55.70000000298023
59.70000000298023
56.5
61.69999998807907
56
55.5
61.900000005960464
56.599999994039536
55.6000000089407
55.8999999910593
70.30000001192093
62.099999994039536
63.70000000298023
55.79999999701977
57.5
57.400000005960464
56.19999998807907
58.5
59.70000000298023
55.400000005960464
60.79999999701977
56.20000000298023
57.29999999701977
61.79999999701977
61.6000000089407
55.099999994039536
56.900000005960464
55.29999999701977
57.3999999910593
64.6000000089407
56.099999994039536
55.400000005960464
58.20000000298023
57.19999998807907
63.20000000298023
61.79999999701977
60.6000000089407
61.099999994039536
55.900000005960464
57.70000000298023
56.69999998807907
56.80000001192093
60.69999998807907
55.70000000298023
57.400000005960464
56.20000000298023
70.79999999701977
60.20000000298023
55.8999999910593
56
56.79999999701977
60.5
55.400000005960464
55.5
60
60.900000005960464
55.599999994039536
56.099999994039536
58.70000000298023
66.20000000298023
57.599999994039536
57.5
56.900000005960464
62.599999994039536
56.30000001192093
57.19999998807907
57.30000001192093
55.79999999701977
56.5
56
61.70000000298023
59.3999999910593
69.20000000298023
55.5
56.5
57.79999999701977
56.1000000089407
64.3999999910593
56.79999999701977
56.70000000298023
65.40000000596046
55.599999994039536
60.29999999701977
61.20000000298023
56.6000000089407
56.599999994039536
56.400000005960464
57.79999999701977
56.599999994039536
56.70000000298023
64.20000000298023
55.3999999910593
55.70000000298023
55.5
64.40000000596046
60.3999999910593
63.80000001192093
62.3999999910593
57.79999999701977
55.400000005960464
57
55.79999999701977
55.5
55.70000000298023
55.29999999701977
58.1000000089407
61.79999999701977
64.3999999910593
60
55.30000001192093
55.79999999701977
55.099999994039536
59.6000000089407
55.5
55.79999999701977
61.79999999701977
58.599999994039536
56.70000000298023
57.900000005960464
62.099999994039536
55.5
56.6000000089407
55.599999994039536
55.400000005960464
62.69999998807907
59.5
59.5
58.30000001192093
55.599999994039536
59.900000005960464
60.099999994039536
60.70000000298023
57.599999994039536
58.1000000089407
55.599999994039536
58.20000000298023
55.599999994039536
57.29999999701977
57.20000000298023
55.70000000298023
55.5
56.29999999701977
62.1000000089407
68.19999998807907
58.80000001192093
56.099999994039536
55.20000000298023
61
55.099999994039536
61.29999999701977
58.1000000089407
57.599999994039536
56.900000005960464
55.8999999910593
60.80000001192093
59.5
55.69999998807907
56.80000001192093
57.8999999910593
56.1000000089407
58.599999994039536
61.900000005960464
58.599999994039536
55.5
56.099999994039536
58.900000005960464
69.29999999701977
62.900000005960464
56.599999994039536
59.70000000298023
56.79999999701977
57.5
56.400000005960464
56
56.099999994039536
54.900000005960464
57.599999994039536
56.1000000089407
66.69999998807907
62.70000000298023
59.1000000089407
55.69999998807907
62.30000001192093
63
56.29999999701977
55.20000000298023
55.79999999701977
57.099999994039536
57.5
57.900000005960464
60.29999999701977
61.5
56.900000005960464
58.8999999910593
55.79999999701977
56.70000000298023
59.400000005960464
56.79999999701977
58.79999999701977
64.40000000596046
63.70000000298023
55.79999999701977
60.8999999910593
59.30000001192093
58.69999998807907
56.6000000089407
57.3999999910593
55.5
56.400000005960464
56.70000000298023
56.599999994039536
55.400000005960464
56.20000000298023
60
60.599999994039536
63
60
62.099999994039536
56
57.1000000089407
55.5
56
55.5
58.29999999701977
57.29999999701977
56.5
59.6000000089407
60.29999999701977
57.099999994039536
57.20000000298023
57.5
59.29999999701977
55.79999999701977
56.900000005960464
62.29999999701977
64.20000000298023
56.400000005960464
57.099999994039536
60.70000000298023
64.20000000298023
56.79999999701977
56
57.3999999910593
56.20000000298023
55.5
56.79999999701977
55.900000005960464
55.900000005960464
61.3999999910593
59.1000000089407
62
71.19999998807907
65.40000000596046
56.20000000298023
55.79999999701977
55.599999994039536
56
55.6000000089407
56.29999999701977
57.099999994039536
58.900000005960464
55.400000005960464
59.19999998807907
61.30000001192093
55.5
56.5
59.19999998807907
55.900000005960464
56.5
66.79999999701977
61.6000000089407
56.3999999910593
58.20000000298023
56.70000000298023
58.29999999701977
61.400000005960464
56.19999998807907
55.1000000089407
56.70000000298023
58.099999994039536
56
58.900000005960464
55.3999999910593
59.70000000298023
55.70000000298023
55.8999999910593
67
66.90000000596046
60.5
56.599999994039536
56.30000001192093
56.8999999910593
56.900000005960464
55.599999994039536
55.70000000298023
55.900000005960464
56.29999999701977
57.20000000298023
60.79999999701977
62.5
56.70000000298023
60.599999994039536
56.099999994039536
62.80000001192093
56.5
60.3999999910593
58.6000000089407
58.099999994039536
55.400000005960464
56
58.099999994039536
62.70000000298023
56.79999999701977
55.79999999701977
58.6000000089407
57.69999998807907
56.30000001192093
55.599999994039536
60
55.20000000298023
63.20000000298023
56.29999999701977
64.29999999701977
63.599999994039536
59.1000000089407
57.20000000298023
56.69999998807907
56
55.80000001192093
55.79999999701977
55.599999994039536
56.29999999701977
57.70000000298023
57.29999999701977
60.900000005960464
63.099999994039536
61.30000001192093
60.5
61.599999994039536
55.29999999701977
60.29999999701977
57.400000005960464
62.5
56.29999999701977
55.70000000298023
55.900000005960464
60.19999998807907
60.70000000298023
56.79999999701977
56.30000001192093
55.599999994039536
58.400000005960464
56
61.8999999910593
56.20000000298023
63.400000005960464
55.599999994039536
58.400000005960464
60.8999999910593
62.79999999701977
59
55.70000000298023
55.6000000089407
59.29999999701977
56.5
55.8999999910593
56.70000000298023
56.900000005960464
55.8999999910593
59.900000005960464
63.70000000298023
67
62.70000000298023
57.5
55.29999999701977
61.5
56.29999999701977
55.70000000298023
58.099999994039536
55.29999999701977
57.6000000089407
57
59.79999999701977
64
56.79999999701977
56
55.6000000089407
58.19999998807907
59.1000000089407
66.70000000298023
56
56.599999994039536
59.29999999701977
57.5
60.70000000298023
63.099999994039536
68.6000000089407
55.70000000298023
56.099999994039536
55.79999999701977
56.6000000089407
57.79999999701977
57.099999994039536
55.79999999701977
57.900000005960464
58.099999994039536
70.80000001192093
62.099999994039536
58.20000000298023
56.8999999910593
59.900000005960464
56
55.900000005960464
57.29999999701977
59.5
55.099999994039536
55.6000000089407
57.599999994039536
57.79999999701977
62.1000000089407
55.3999999910593
56
55.20000000298023
66.79999999701977
59.79999999701977
58.6000000089407
55.5
59.8999999910593
55.900000005960464
56.099999994039536
60.80000001192093
59.8999999910593
62.6000000089407
56.099999994039536
56.900000005960464
57.8999999910593
59.70000000298023
55.70000000298023
56.099999994039536
55.400000005960464
64.59999999403954
61.5
65.90000000596046
62.3999999910593
61.400000005960464
58.29999999701977
57.1000000089407
56.099999994039536
55.400000005960464
63.099999994039536
58.099999994039536
56.80000001192093
55.79999999701977
60.3999999910593
61.1000000089407
65
56.20000000298023
66.5
59.5
59.29999999701977
55.599999994039536
55.79999999701977
59.900000005960464
56.20000000298023
55.79999999701977
60
62.400000005960464
62.79999999701977
60.8999999910593
56.70000000298023
55.400000005960464
56.79999999701977
57
55.20000000298023
62.79999999701977
61.29999999701977
56.29999999701977
58.30000001192093
65.3999999910593
66.20000000298023
56.599999994039536
55.6000000089407
56.3999999910593
58.70000000298023
56.5
57
59.400000005960464
56.099999994039536
57
55.29999999701977
59.5
73.6000000089407
56.70000000298023
60.5
56.3999999910593
58.20000000298023
58.20000000298023
60.70000000298023
55.3999999910593
56.5
55.5
63
61.900000005960464
62.5
62.5
55.5
58.20000000298023
56.69999998807907
64.40000000596046
55.400000005960464
61.29999999701977
56.79999999701977
60.400000005960464
64.3999999910593
70.6000000089407
64.59999999403954
56.20000000298023
55.79999999701977
59.70000000298023
56.099999994039536
56
55.20000000298023
58.400000005960464
57.19999998807907
56.5
60.5
61.80000001192093
64.59999999403954
57.20000000298023
55.8999999910593
55.30000001192093
61.19999998807907
55.6000000089407
55.3999999910593
57.1000000089407
56.3999999910593
70.40000000596046
56.599999994039536
58.30000001192093
60.5
59.19999998807907
64.70000000298023
55.5
55.20000000298023
55.400000005960464
61.79999999701977
59.29999999701977
55.900000005960464
55.29999999701977
60.79999999701977
59.099999994039536
62.400000005960464
55.79999999701977
61
57.6000000089407
56.099999994039536
59
57
57.5
56.400000005960464
55.599999994039536
55.5
61.20000000298023
65.79999999701977
55.599999994039536
57.1000000089407
55.099999994039536
66.6000000089407
56.3999999910593
55.70000000298023
56.29999999701977
65.40000000596046
56.20000000298023
55.5
58.3999999910593
60.29999999701977
67.1000000089407
58
57.70000000298023
61
67
58.69999998807907
57.30000001192093
56.3999999910593
59.70000000298023
59.29999999701977
59.5
62.20000000298023
72.40000000596046
57.69999998807907
56
55.6000000089407
61.599999994039536
56.29999999701977
57.1000000089407
56.099999994039536
56.6000000089407
58.8999999910593
62.29999999701977
59.30000001192093
58
57
64.09999999403954
56.900000005960464
55.29999999701977
60.099999994039536
56.400000005960464
56.599999994039536
56.20000000298023
60.5
62.599999994039536
60.6000000089407
58.599999994039536
56
57.29999999701977
59.5
55.5
56.6000000089407
56.3999999910593
59.70000000298023
56.400000005960464
57.70000000298023
62.099999994039536
76.59999999403954
55.30000001192093
56
62.099999994039536
56.5
60.900000005960464
56.69999998807907
56.80000001192093
56.29999999701977
55.5
61.599999994039536
61.79999999701977
74.70000000298023
60.5
55.79999999701977
58.5
57.5
60.70000000298023
56.29999999701977
55.6000000089407
65.20000000298023
57
55.8999999910593
60.29999999701977
60.400000005960464
60.099999994039536
55
59.6000000089407
55.5
55.3999999910593
63.30000001192093
56.5
57.69999998807907
55.80000001192093
58.69999998807907
65.20000000298023
62.70000000298023
58
55.70000000298023
56.099999994039536
55.6000000089407
56.3999999910593
56.1000000089407
59.3999999910593
60.400000005960464
62.79999999701977
57.70000000298023
60.3999999910593
65
56.30000001192093
54.69999998807907
57.400000005960464
56.79999999701977
60
64.79999999701977
59.70000000298023
57.5
55
55.79999999701977
59.6000000089407
59.3999999910593
57.80000001192093
60
56.099999994039536
55.70000000298023
57.29999999701977
61.900000005960464
56
56.3999999910593
55.79999999701977
57.1000000089407
64.8999999910593
61.70000000298023
55.400000005960464
56.099999994039536
55.20000000298023
58
58.599999994039536
56.1000000089407
58.5
60.8999999910593
55.70000000298023
56.1000000089407
62
63
56.29999999701977
57.20000000298023
58.5
57.79999999701977
59.5
55.8999999910593
55.6000000089407
56.20000000298023
56
56.8999999910593
58.400000005960464
62.099999994039536
61.1000000089407
59.29999999701977
58.5
55.79999999701977
59.900000005960464
57.3999999910593
57.1000000089407
55.3999999910593
55.5
63.1000000089407
61.5
60.3999999910593
57.20000000298023
56
56
55
55.70000000298023
55.70000000298023
60.3999999910593
57.20000000298023
56.099999994039536
58.1000000089407
65
61.70000000298023
55.3999999910593
55.79999999701977
64.70000000298023
55.5
61.1000000089407
58.5
55.8999999910593
58.20000000298023
56
55.79999999701977
59.29999999701977
63.400000005960464
58.099999994039536
59.20000000298023
56
55.70000000298023
59.20000000298023
57.79999999701977
56.79999999701977
65.40000000596046
55.599999994039536
57
63.29999999701977
62.6000000089407
55.599999994039536
55.6000000089407
55.69999998807907
55.6000000089407
59.5
59.8999999910593
56
57
58.5
59.6000000089407
61
62.79999999701977
65.09999999403954
56.900000005960464
56.79999999701977
61.29999999701977
62.400000005960464
56.900000005960464
58
57.19999998807907
58.1000000089407
55.3999999910593
61
66.40000000596046
57.29999999701977
57.20000000298023
59
59.400000005960464
55.8999999910593
64.6000000089407
56.3999999910593
56.29999999701977
58.900000005960464
56.099999994039536
62.80000001192093
62
55.79999999701977
56.099999994039536
56
55.900000005960464
59.599999994039536
57
55.900000005960464
57
62.099999994039536
55.79999999701977
63.5
59.20000000298023
55.70000000298023
55.400000005960464
73.19999998807907
56.30000001192093
62.79999999701977
58.3999999910593
57
56.6000000089407
56
55.79999999701977
64.59999999403954
59.400000005960464
56.29999999701977
61.1000000089407
55.8999999910593
64.40000000596046
56.3999999910593
56.400000005960464
56.20000000298023
60.8999999910593
56.400000005960464
55.70000000298023
60.099999994039536
63.1000000089407
55.19999998807907
55.900000005960464
58.099999994039536
58.80000001192093
59.69999998807907
55.400000005960464
55.70000000298023
60.5
57.8999999910593
63.20000000298023
57.70000000298023
59.5
56.29999999701977
64.1000000089407
57.599999994039536
55.900000005960464
56.69999998807907
56.70000000298023
56.20000000298023
55.20000000298023
56.20000000298023
59.69999998807907
60.20000000298023
62.5
59.900000005960464
62
55.8999999910593
56
56
55.900000005960464
55.400000005960464
63.5
56.099999994039536
55.5
63.400000005960464
61.3999999910593
56.5
56
55.6000000089407
60.19999998807907
55.5
56.80000001192093
58.599999994039536
63.70000000298023
57.5
56.29999999701977
59.29999999701977
62.1000000089407
57.29999999701977
59.599999994039536
56.1000000089407
55.79999999701977
55.8999999910593
57.70000000298023
55.900000005960464
57.8999999910593
58.6000000089407
58.79999999701977
59.900000005960464
60.3999999910593
68.6000000089407
55.8999999910593
57.79999999701977
56.30000001192093
55.8999999910593
57.20000000298023
55.5
59.400000005960464
57.5
56.3999999910593
59.6000000089407
64.79999999701977
58.70000000298023
55.599999994039536
59.70000000298023
57.5
56
68.29999999701977
55.70000000298023
57.29999999701977
58
56.20000000298023
62.29999999701977
61.20000000298023
61.29999999701977
57.29999999701977
56.20000000298023
56.099999994039536
55.20000000298023
57.70000000298023
57.599999994039536
61.80000001192093
55.8999999910593
56.29999999701977
66.6000000089407
65.20000000298023
57
56.69999998807907
57
61
55.900000005960464
57.79999999701977
71.70000000298023
56.400000005960464
55.79999999701977
56.3999999910593
61.900000005960464
62.900000005960464
59.599999994039536
55.599999994039536
57.1000000089407
65.29999999701977
60.900000005960464
56.5
56
56.3999999910593
57.400000005960464
58
60.599999994039536
73.29999999701977
56
55.80000001192093
55.29999999701977
57.20000000298023
55.8999999910593
58.400000005960464
60.599999994039536
57.5
65.20000000298023
55.70000000298023
64.3999999910593
59.70000000298023
55.400000005960464
55.3999999910593
59.80000001192093
56
59.3999999910593
55.79999999701977
55.80000001192093
56.099999994039536
55.599999994039536
56.1000000089407
57.79999999701977
68.20000000298023
57.70000000298023
64.29999999701977
57
57.5
59.599999994039536
56.29999999701977
55.6000000089407
58
57.79999999701977
55.5
67.70000000298023
60.70000000298023
57.3999999910593
58.79999999701977
56.20000000298023
55.6000000089407
55.8999999910593
60.29999999701977
64.40000000596046
55.900000005960464
55.8999999910593
59.6000000089407
58.599999994039536
62.5
56
55.900000005960464
57.69999998807907
55.80000001192093
59.599999994039536
55.29999999701977
56.20000000298023
56.29999999701977
55.400000005960464
55.79999999701977
63.70000000298023
67.59999999403954
57.20000000298023
54.79999999701977
56
59
55.70000000298023
57.29999999701977
56.400000005960464
55.70000000298023
57.79999999701977
58.20000000298023
63.29999999701977
60
55.79999999701977
55.70000000298023
55.70000000298023
55.19999998807907
58.900000005960464
60.70000000298023
58.29999999701977
56
61.099999994039536
56.20000000298023
60.79999999701977
59.1000000089407
56
56.099999994039536
55.6000000089407
56.8999999910593
60.1000000089407
57.5
55.69999998807907
57.30000001192093
56.79999999701977
56.599999994039536
72
62.1000000089407
57.5
55.79999999701977
60.5
57.5
57.5
55.599999994039536
57.79999999701977
57.80000001192093
55.3999999910593
57.20000000298023
65
60
56
57.400000005960464
56.099999994039536
58.5
60.29999999701977
57.5
57.70000000298023
60.900000005960464
55.8999999910593
55.79999999701977
57.70000000298023
60.6000000089407
57.099999994039536
55.70000000298023
55.599999994039536
56.5
61.29999999701977
56.6000000089407
55.79999999701977
55.79999999701977
57
62
64.90000000596046
62
60.099999994039536
61.1000000089407
55.8999999910593
58.900000005960464
56.20000000298023
55.3999999910593
55.70000000298023
56
57.599999994039536
57.400000005960464
64.29999999701977
62.1000000089407
56.5
57.099999994039536
64
59.900000005960464
55.8999999910593
55.900000005960464
61.20000000298023
56.8999999910593
55.79999999701977
55.70000000298023
60.5
62.6000000089407
56
57.3999999910593
55.70000000298023
56
58.900000005960464
58
55.19999998807907
61
56.400000005960464
59.599999994039536
59.80000001192093
60
61.3999999910593
59.400000005960464
56.29999999701977
57
55.900000005960464
55.599999994039536
56.099999994039536
55.6000000089407
55.5
56.099999994039536
63.900000005960464
63.29999999701977
58.79999999701977
57.6000000089407
56.69999998807907
59
55.80000001192093
55.69999998807907
60.900000005960464
56.5
56.900000005960464
55.19999998807907
60
65.6000000089407
56.599999994039536
55.900000005960464
55.8999999910593
55.70000000298023
62.29999999701977
63
56.30000001192093
56
60
56.79999999701977
63.29999999701977
66
58.70000000298023
56.8999999910593
56
56.1000000089407
56
55.599999994039536
55.900000005960464
55.5
58.20000000298023
57.3999999910593
64.6000000089407
63.79999999701977
56.099999994039536
56.79999999701977
58.6000000089407
55.20000000298023
56.099999994039536
59.70000000298023
58
58.70000000298023
57
55.5
61
60.599999994039536
56.400000005960464
55.599999994039536
55.599999994039536
56.80000001192093
64.19999998807907
57.1000000089407
57.3999999910593
60.20000000298023
56.20000000298023
56.5
62
67.70000000298023
56.29999999701977
55.599999994039536
57.900000005960464
57.400000005960464
56.099999994039536
57.20000000298023
56
55.599999994039536
55.70000000298023
58.70000000298023
65.5
59.8999999910593
56.900000005960464
60.400000005960464
57
55.599999994039536
58.099999994039536
59.900000005960464
57.79999999701977
57.5
57.70000000298023
56.29999999701977
60.29999999701977
60.20000000298023
59.29999999701977
55.1000000089407
61.29999999701977
57.400000005960464
69.8999999910593
58
60.400000005960464
56.099999994039536
57.79999999701977
56.1000000089407
66.09999999403954
62.79999999701977
56
56.80000001192093
59.5
56.5
55.5
56
55.69999998807907
62.80000001192093
57.3999999910593
63.6000000089407
62.5
68.09999999403954
56
57.5
57.20000000298023
58.79999999701977
57.599999994039536
56.6000000089407
56.70000000298023
58
57.8999999910593
56
59.5
60.1000000089407
64.3999999910593
56.29999999701977
62.1000000089407
56.29999999701977
57.099999994039536
60.80000001192093
55.5
58.29999999701977
56.099999994039536
60.29999999701977
60.5
61.6000000089407
56.20000000298023
55.3999999910593
57.6000000089407
56.69999998807907
55.80000001192093
63
55.599999994039536
56.400000005960464
63
57.19999998807907
63.70000000298023
61.70000000298023
56.20000000298023
57.29999999701977
58.599999994039536
57.30000001192093
56.29999999701977
56
55.29999999701977
55.5
57.099999994039536
57.20000000298023
67.40000000596046
64.09999999403954
56.900000005960464
59.8999999910593
56
55.70000000298023
61
60
56
55.70000000298023
61.599999994039536
56.70000000298023
63.20000000298023
62.20000000298023
55.3999999910593
55.900000005960464
56.70000000298023
56.599999994039536
56.20000000298023
55.70000000298023
56.8999999910593
61.80000001192093
58.19999998807907
64.40000000596046
58.400000005960464
63.69999998807907
56.900000005960464
58.400000005960464
57.19999998807907
56.400000005960464
55.599999994039536
56.20000000298023
58.70000000298023
56.29999999701977
59.900000005960464
56.79999999701977
60.900000005960464
61.5
71.5
56.599999994039536
55.20000000298023
61.3999999910593
57
59.80000001192093
55.8999999910593
59.6000000089407
56.29999999701977
55.599999994039536
57.900000005960464
61.8999999910593
55.80000001192093
64.59999999403954
56.70000000298023
57.099999994039536
58.20000000298023
60.900000005960464
55.29999999701977
55.70000000298023
58.599999994039536
57.599999994039536
58.6000000089407
62
61.099999994039536
58
55.900000005960464
57.5
56.20000000298023
55.69999998807907
65.30000001192093
56.099999994039536
56.79999999701977
57.20000000298023
59.79999999701977
65
56
58.1000000089407
61.5
57.8999999910593
55.400000005960464
56.5
60.5
56
55.29999999701977
56
58.599999994039536
69.70000000298023
55.70000000298023
57.20000000298023
56.70000000298023
58.599999994039536
55.70000000298023
60.099999994039536
56.1000000089407
60.29999999701977
58.599999994039536
56.29999999701977
58.80000001192093
65.19999998807907
60.400000005960464
56.20000000298023
55.3999999910593
56.20000000298023
58.900000005960464
62
56.29999999701977
55.5
57
56.70000000298023
60.79999999701977
64.09999999403954
57.900000005960464
60.29999999701977
55.6000000089407
55.79999999701977
57.20000000298023
59.599999994039536
57.29999999701977
56.1000000089407
56.099999994039536
55.79999999701977
67.79999999701977
62.70000000298023
59.1000000089407
57.29999999701977
56.099999994039536
58.20000000298023
55.29999999701977
59.20000000298023
56.20000000298023
60.70000000298023
55.8999999910593
56.900000005960464
60.599999994039536
68.79999999701977
58
56.900000005960464
57.400000005960464
61.8999999910593
55.79999999701977
56.30000001192093
56.599999994039536
56
57.20000000298023
57
59.79999999701977
65.79999999701977
59.900000005960464
56.099999994039536
56.1000000089407
55.599999994039536
57
59.5
56.29999999701977
58.5
64.20000000298023
56.70000000298023
61.29999999701977
60.599999994039536
55.5
55.80000001192093
55.19999998807907
58
56.20000000298023
59.900000005960464
61.79999999701977
57.599999994039536
57
57.6000000089407
64
62.3999999910593
56.900000005960464
57.20000000298023
55.599999994039536
55.6000000089407
56.19999998807907
58.70000000298023
57.5
56.5
55.400000005960464
57.8999999910593
61.70000000298023
69.70000000298023
56.5
55.29999999701977
56.6000000089407
56.099999994039536
63.599999994039536
56
64.40000000596046
56.599999994039536
56
55.6000000089407
61.70000000298023
60.3999999910593
56.400000005960464
55.599999994039536
56.6000000089407
59.5
56.69999998807907
66.40000000596046
55.900000005960464
55.69999998807907
55.400000005960464
55.900000005960464
64.19999998807907
70.40000000596046
56.5
57.900000005960464
57.19999998807907
57.20000000298023
55.20000000298023
55.70000000298023
55.20000000298023
57.79999999701977
55.8999999910593
55.900000005960464
62.099999994039536
68
56.400000005960464
57.29999999701977
58.400000005960464
58
67.29999999701977
57.5
56.099999994039536
63.1000000089407
56
57.79999999701977
60.29999999701977
62.900000005960464
57.8999999910593
56.400000005960464
55
57
63.400000005960464
58
55.599999994039536
57.29999999701977
56.20000000298023
65.5
58.29999999701977
61.1000000089407
57.29999999701977
57.099999994039536
56.6000000089407
56
55.599999994039536
57.79999999701977
56.6000000089407
55.79999999701977
56.20000000298023
56.19999998807907
81
62.6000000089407
55.79999999701977
55.5
66
56.400000005960464
57.19999998807907
55.900000005960464
57.29999999701977
57.29999999701977
56.20000000298023
56.900000005960464
59.599999994039536
61.70000000298023
56.099999994039536
56.400000005960464
57.5
60.099999994039536
62.400000005960464
56.099999994039536
56.1000000089407
59.79999999701977
64.20000000298023
55.79999999701977
60.099999994039536
61.70000000298023
57.79999999701977
57.5
55.70000000298023
57.400000005960464
55.8999999910593
55.6000000089407
56.099999994039536
57.1000000089407
55.69999998807907
62.30000001192093
67.5
62.3999999910593
69.20000000298023
58.900000005960464
57.29999999701977
55.599999994039536
55.5
56.1000000089407
59.29999999701977
57.29999999701977
56.099999994039536
57.70000000298023
60.5
62.70000000298023
56.400000005960464
55.599999994039536
60.599999994039536
60.5
57.900000005960464
65
56.70000000298023
61.20000000298023
59.599999994039536
56.20000000298023
60.29999999701977
64.29999999701977
56.70000000298023
58.70000000298023
56.099999994039536
55.400000005960464
57.29999999701977
57.70000000298023
55.8999999910593
59
56
59.80000001192093
61.5
62.69999998807907
56.5
59.80000001192093
55.8999999910593
59.20000000298023
59.5
56.099999994039536
55.80000001192093
56.79999999701977
56
56.20000000298023
57.79999999701977
59.099999994039536
55.70000000298023
61.29999999701977
62.900000005960464
57.79999999701977
63.400000005960464
55.8999999910593
59.900000005960464
56.5
55.8999999910593
54.900000005960464
61.70000000298023
61.8999999910593
58.20000000298023
59.20000000298023
56.400000005960464
56.19999998807907
55.6000000089407
55.79999999701977
55.599999994039536
59.30000001192093
61
57.8999999910593
62
62.900000005960464
60.3999999910593
56.400000005960464
55.5
56.70000000298023
56
56.3999999910593
55.80000001192093
56.19999998807907
57.5
57.70000000298023
57.79999999701977
60.5
55.80000001192093
59.8999999910593
67.6000000089407
55.79999999701977
56.29999999701977
61.29999999701977
57
56.900000005960464
57
56.3999999910593
61.20000000298023
60
55.79999999701977
55.70000000298023
57.79999999701977
56.20000000298023
55.29999999701977
57.30000001192093
56
63.099999994039536
55.5
57.099999994039536
59.1000000089407
67.59999999403954
55.5
55.6000000089407
56.19999998807907
55.5
57.5
57.900000005960464
55.5
55.79999999701977
58.400000005960464
56.70000000298023
64.09999999403954
62.29999999701977
59.1000000089407
66.8999999910593
62.5
55.6000000089407
56.599999994039536
60.20000000298023
56.5
57.5
56.3999999910593
57.6000000089407
58.8999999910593
59.400000005960464
57.70000000298023
55.79999999701977
66.59999999403954
56
56.30000001192093
56.5
66.29999999701977
62.20000000298023
55.69999998807907
55.900000005960464
63.29999999701977
64.1000000089407
56.3999999910593
55.70000000298023
56
55.5
56.099999994039536
57.20000000298023
58.70000000298023
55.79999999701977
55.900000005960464
58.099999994039536
60.70000000298023
64.40000000596046
58.099999994039536
59.900000005960464
56
55.79999999701977
61.599999994039536
59.400000005960464
57
58.8999999910593
55.900000005960464
56
60.29999999701977
59.5
55.400000005960464
55.599999994039536
56
59.1000000089407
57.8999999910593
57.70000000298023
56.79999999701977
62
55.70000000298023
57
64.5
63.20000000298023
57.70000000298023
55.69999998807907
57.400000005960464
57.099999994039536
56.20000000298023
57.6000000089407
55.29999999701977
55.5
55.599999994039536
63.5
57.6000000089407
62.29999999701977
59.5
60.29999999701977
57.900000005960464
59
57
57.099999994039536
58.400000005960464
55.8999999910593
57.70000000298023
55.79999999701977
59.900000005960464
60.29999999701977
59
56.70000000298023
57.70000000298023
57.19999998807907
55.5
56.20000000298023
59.29999999701977
61.30000001192093
55.8999999910593
60.5
59.20000000298023
61.599999994039536
57.5
59.1000000089407
88.29999999701977
90.40000000596046
71.59999999403954
65
92
77
77.09999999403954
68.70000000298023
76.70000000298023
67.5
56.400000005960464
57.19999998807907
56
57.900000005960464
56.79999999701977
57.29999999701977
56.30000001192093
58.3999999910593
56
62.6000000089407
62.29999999701977
60.79999999701977
57.599999994039536
56.400000005960464
60.400000005960464
60.29999999701977
56.099999994039536
60.900000005960464
56.099999994039536
56
56.29999999701977
61.400000005960464
58.099999994039536
60.80000001192093
56.3999999910593
55.79999999701977
63.20000000298023
55.79999999701977
55.5
55.70000000298023
56.5
62.400000005960464
56.599999994039536
64
71.40000000596046
64.20000000298023
55.5
56
55.5
57.3999999910593
55.900000005960464
56.599999994039536
57.900000005960464
66.09999999403954
55.29999999701977
58.20000000298023
57.5
60.400000005960464
60
56.599999994039536
71.20000000298023
56.599999994039536
60.80000001192093
57.3999999910593
56.900000005960464
56.79999999701977
56.29999999701977
57
61.29999999701977
62.400000005960464
63.5
55.900000005960464
55.5
56
57.29999999701977
57.29999999701977
60.70000000298023
58.5
56.79999999701977
59.599999994039536
62.30000001192093
62.5
55.69999998807907
55.900000005960464
55.599999994039536
58.400000005960464
57.099999994039536
63.20000000298023
55.900000005960464
55.5
55.79999999701977
55.79999999701977
57.6000000089407
67.79999999701977
57.099999994039536
64.5
59
60.70000000298023
55.599999994039536
56.1000000089407
55.70000000298023
55.79999999701977
55.599999994039536
56.5
66
65.6000000089407
58.79999999701977
58.20000000298023
56.29999999701977
55.70000000298023
56.099999994039536
59.599999994039536
57
61.30000001192093
60.3999999910593
55.70000000298023
63.29999999701977
59.5
57.6000000089407
56.79999999701977
55.8999999910593
63
59.70000000298023
55.5
55.70000000298023
56.20000000298023
56.5
57.29999999701977
62.29999999701977
62.5
60.400000005960464
59.70000000298023
58.79999999701977
56.20000000298023
55.69999998807907
56.1000000089407
55.8999999910593
57.20000000298023
55.70000000298023
64.09999999403954
63.20000000298023
63.20000000298023
56
56
55
55.79999999701977
59.6000000089407
57.8999999910593
58
67.79999999701977
56.400000005960464
57.400000005960464
60.19999998807907
59.1000000089407
55.599999994039536
55.70000000298023
64.79999999701977
57.5
56.5
56
55.400000005960464
55.79999999701977
56.599999994039536
59.5
61.1000000089407
62
55.599999994039536
63.1000000089407
56.8999999910593
56.20000000298023
56.5
56
55.20000000298023
58
55.599999994039536
56
60.5
63.900000005960464
57.29999999701977
55.79999999701977
55.6000000089407
60.5
58.3999999910593
55.400000005960464
58.20000000298023
62.599999994039536
55.70000000298023
56.099999994039536
59
62.6000000089407
62.8999999910593
55.79999999701977
55.80000001192093
56
57.29999999701977
57.8999999910593
56.30000001192093
55.599999994039536
55.900000005960464
61.19999998807907
66.5
60.1000000089407
60
59.3999999910593
55.6000000089407
55.79999999701977
57.29999999701977
64.20000000298023
56
56.900000005960464
56.3999999910593
55.79999999701977
59.900000005960464
61.29999999701977
55.6000000089407
56.29999999701977
58.29999999701977
60.70000000298023
56.3999999910593
57.1000000089407
63.8999999910593
62
57
56
67
61.5
55.70000000298023
55.900000005960464
57.20000000298023
57.8999999910593
57.1000000089407
57.5
55.599999994039536
55.400000005960464
60.599999994039536
55.29999999701977
60.6000000089407
66.59999999403954
55.70000000298023
61.3999999910593
64.1000000089407
63.599999994039536
55.900000005960464
55.599999994039536
56.70000000298023
55.70000000298023
56.20000000298023
55.69999998807907
57.5
64.80000001192093
58.69999998807907
62.5
55.900000005960464
55.5
56.5
59.900000005960464
55.79999999701977
59.29999999701977
58.20000000298023
78.59999999403954
76.79999999701977
63
57
79.1000000089407
56.599999994039536
83.90000000596046
57
67.09999999403954
86.29999999701977
95.90000000596046
60.599999994039536
77.80000001192093
87.79999999701977
62.3999999910593
64.80000001192093
65.5
64.59999999403954
68.40000000596046
68.3999999910593
66.90000000596046
58
59.5
60.599999994039536
58.79999999701977
58.5
70.90000000596046
56.70000000298023
56
76.09999999403954
58.1000000089407
55.8999999910593
56.29999999701977
55.70000000298023
55.79999999701977
57
55.80000001192093
60.19999998807907
62.80000001192093
59
60.599999994039536
56.70000000298023
55.70000000298023
57.5
58.599999994039536
55.599999994039536
65.30000001192093
62.5
58.099999994039536
58.70000000298023
59.70000000298023
56.19999998807907
55.70000000298023
55.6000000089407
56.099999994039536
55.400000005960464
57.3999999910593
63.6000000089407
58.69999998807907
55.70000000298023
55.900000005960464
64.29999999701977
60.099999994039536
62.1000000089407
56.099999994039536
58.20000000298023
60.099999994039536
55.6000000089407
59.099999994039536
55.79999999701977
56
55.80000001192093
56.69999998807907
60.5
62
61.30000001192093
57.19999998807907
56.1000000089407
58.099999994039536
61.70000000298023
63.400000005960464
56
55.8999999910593
59.79999999701977
56.5
61.70000000298023
62.1000000089407
56.5
56.79999999701977
57
59.8999999910593
56.900000005960464
56
60.400000005960464
57.3999999910593
55.6000000089407
58.099999994039536
58.900000005960464
65.29999999701977
56.20000000298023
55.79999999701977
61.20000000298023
57.5
56.5
55.3999999910593
55.5
55.70000000298023
55.599999994039536
56.5
62.1000000089407
62.29999999701977
59.599999994039536
58.1000000089407
56.3999999910593
60.1000000089407
62.70000000298023
55.5
56
55.79999999701977
59.70000000298023
56.19999998807907
62.70000000298023
59.900000005960464
57.099999994039536
58
56.79999999701977
55.70000000298023
56
61.400000005960464
56.20000000298023
57.79999999701977
57.5
65
60.29999999701977
60.900000005960464
58.29999999701977
55.5
58.70000000298023
55.19999998807907
57.70000000298023
58.400000005960464
56.20000000298023
55.29999999701977
57.20000000298023
56.29999999701977
59
70.09999999403954
56
56.79999999701977
60.80000001192093
56.69999998807907
56.6000000089407
56.29999999701977
55.70000000298023
56.099999994039536
58.6000000089407
57.3999999910593
63.6000000089407
62.29999999701977
57.70000000298023
57.19999998807907
57.1000000089407
59.099999994039536
57.1000000089407
58.8999999910593
55.5
59
60
56
58.20000000298023
61.900000005960464
58.3999999910593
55.900000005960464
58.8999999910593
55.900000005960464
56.099999994039536
57.900000005960464
55.400000005960464
58.599999994039536
56.29999999701977
55.400000005960464
64.8999999910593
62.400000005960464
64.29999999701977
59.5
57.400000005960464
55.599999994039536
55.70000000298023
56.099999994039536
57
56.1000000089407
59.29999999701977
57.79999999701977
61.400000005960464
63.79999999701977
56.900000005960464
55.5
55.8999999910593
55.70000000298023
60
62.20000000298023
60.099999994039536
61.5
57.1000000089407
55.69999998807907
61
59.80000001192093
56.099999994039536
57.400000005960464
59.099999994039536
55.400000005960464
57.5
58.8999999910593
56.79999999701977
55.900000005960464
55.900000005960464
56.19999998807907
64.20000000298023
68.5
58.1000000089407
58.8999999910593
57.900000005960464
58.20000000298023
56.79999999701977
55.3999999910593
55.900000005960464
56.5
59.79999999701977
57.400000005960464
60.8999999910593
60.900000005960464
60.70000000298023
56.099999994039536
59.1000000089407
61.099999994039536
64.40000000596046
55.8999999910593
59.400000005960464
55.8999999910593
57.400000005960464
56.5
60.400000005960464
60.5
58
62
57.3999999910593
55.900000005960464
56.79999999701977
56.70000000298023
56.20000000298023
55.599999994039536
56
66.20000000298023
62.70000000298023
63.69999998807907
57.5
56.1000000089407
57.29999999701977
56.400000005960464
55.69999998807907
55.6000000089407
55.3999999910593
73.5
57.400000005960464
57.29999999701977
60
61.900000005960464
57
55.20000000298023
67.79999999701977
55
56.29999999701977
59.29999999701977
56.5
56.400000005960464
57.5
56.5
59.599999994039536
63.70000000298023
62.79999999701977
57.1000000089407
57.29999999701977
56
56.70000000298023
57.099999994039536
57.70000000298023
66.8999999910593
57.1000000089407
56.79999999701977
64.40000000596046
62.79999999701977
55.29999999701977
55.79999999701977
56.79999999701977
57.900000005960464
55.900000005960464
57.29999999701977
62.20000000298023
61.599999994039536
57.5
56.099999994039536
57.20000000298023
62.20000000298023
55.900000005960464
60.79999999701977
55.70000000298023
55.5
60.099999994039536
55.5
56.099999994039536
56.900000005960464
57.099999994039536
56.900000005960464
58.400000005960464
60.099999994039536
58.79999999701977
56.29999999701977
55.400000005960464
55.79999999701977
56
57.20000000298023
64.09999999403954
59.20000000298023
55.79999999701977
56.80000001192093
66
62
55.5
56.29999999701977
55.79999999701977
57.900000005960464
57.3999999910593
57.6000000089407
62.29999999701977
55.8999999910593
56.6000000089407
56.599999994039536
69.40000000596046
60.8999999910593
62
55.80000001192093
55.79999999701977
56.20000000298023
60
57.099999994039536
56.599999994039536
57.5
55.900000005960464
57.5
60.900000005960464
64.09999999403954
63.79999999701977
56.20000000298023
55.70000000298023
58.3999999910593
59
57.20000000298023
61.400000005960464
56
55.70000000298023
60.19999998807907
60
59.6000000089407
56.20000000298023
55.8999999910593
59.5
58
56.5
56.79999999701977
63.70000000298023
56
56.1000000089407
62.5
61
63.5
59.79999999701977
59.3999999910593
58.900000005960464
56.79999999701977
55.900000005960464
55.5
55.70000000298023
55.599999994039536
56
56.70000000298023
61.70000000298023
63.599999994039536
61.29999999701977
61.1000000089407
57.19999998807907
55.6000000089407
55.70000000298023
59.69999998807907
57.20000000298023
56.20000000298023
59
56.099999994039536
62.70000000298023
61.1000000089407
57.19999998807907
56.6000000089407
55.5
57.099999994039536
57.1000000089407
55.599999994039536
60.400000005960464
63
56.8999999910593
55.5
60.70000000298023
66.09999999403954
56.5
57.5
59
56.400000005960464
55.400000005960464
55.69999998807907
56.70000000298023
56.1000000089407
56.599999994039536
59.5
65.29999999701977
64
63.20000000298023
55.099999994039536
55.6000000089407
55.79999999701977
63.099999994039536
64.90000000596046
65.70000000298023
68.8999999910593
67.20000000298023
64
62.79999999701977
60.1000000089407
57.29999999701977
56.400000005960464
57.19999998807907
57
61.5
63.30000001192093
55.69999998807907
57.900000005960464
60.099999994039536
60
57.6000000089407
62
61.8999999910593
56.30000001192093
65.09999999403954
57.29999999701977
55.400000005960464
55.79999999701977
57.099999994039536
57.30000001192093
55.599999994039536
58.099999994039536
60
71.1000000089407
56.8999999910593
55.5
56.70000000298023
58.79999999701977
55.900000005960464
60.900000005960464
60.8999999910593
55.400000005960464
58.29999999701977
56.900000005960464
60.3999999910593
60
56.5
56.1000000089407
59.19999998807907
57.6000000089407
57.599999994039536
61.20000000298023
56.5
57.599999994039536
60.20000000298023
56
60
68.29999999701977
57.30000001192093
56.19999998807907
55.70000000298023
57.29999999701977
56.20000000298023
57
56.79999999701977
62.400000005960464
56.20000000298023
57
60.599999994039536
67.1000000089407
55.79999999701977
56.70000000298023
60.8999999910593
57.79999999701977
56.6000000089407
60.099999994039536
58.70000000298023
56.29999999701977
56.29999999701977
55.900000005960464
60.70000000298023
62.3999999910593
62.20000000298023
57.29999999701977
57.70000000298023
58.20000000298023
59.599999994039536
56.70000000298023
55.20000000298023
59.29999999701977
55.79999999701977
55.5
62.20000000298023
62.79999999701977
58.70000000298023
56.79999999701977
55.80000001192093
56.099999994039536
56.900000005960464
55.5
61.69999998807907
55.6000000089407
56.3999999910593
56.20000000298023
71.1000000089407
62.29999999701977
60
58.099999994039536
56.1000000089407
56.5
59.5
58.099999994039536
56.400000005960464
56.79999999701977
56.099999994039536
58.20000000298023
61.5
70.29999999701977
55.70000000298023
55.29999999701977
56.1000000089407
60.69999998807907
56.80000001192093
56
60
57.599999994039536
55.5
61.70000000298023
60.599999994039536
61.6000000089407
58.5
56.19999998807907
57.30000001192093
55.79999999701977
65.20000000298023
56.8999999910593
55.900000005960464
55.70000000298023
56.69999998807907
77.5
61.6000000089407
67.70000000298023
56.29999999701977
56.599999994039536
59
61
55.6000000089407
55.3999999910593
56.79999999701977
58.70000000298023
65
55.6000000089407
60.29999999701977
59.3999999910593
55.80000001192093
57.099999994039536
60.400000005960464
57.29999999701977
57.29999999701977
59.5
57.599999994039536
56.30000001192093
59.69999998807907
56.1000000089407
61
63.5
58.79999999701977
62.900000005960464
56.099999994039536
56.20000000298023
55.70000000298023
57.5
56
55.3999999910593
59.900000005960464
58.20000000298023
65.79999999701977
61.8999999910593
55.80000001192093
60.599999994039536
56.400000005960464
58.5
57.5
56.3999999910593
60.29999999701977
55.900000005960464
57.599999994039536
55.900000005960464
58
59.900000005960464
55.29999999701977
57.20000000298023
59.79999999701977
58.79999999701977
60.20000000298023
56.29999999701977
56.20000000298023
60.599999994039536
55.20000000298023
55.70000000298023
63.20000000298023
63.3999999910593
62.5
56.70000000298023
57.70000000298023
55.79999999701977
56.400000005960464
57.5
55.8999999910593
55.400000005960464
59.099999994039536
57.29999999701977
63.6000000089407
64.29999999701977
59.900000005960464
58
55.8999999910593
58.400000005960464
56.8999999910593
65.70000000298023
56.70000000298023
56.70000000298023
56.20000000298023
55.19999998807907
59.400000005960464
61.29999999701977
57.20000000298023
61.099999994039536
56.400000005960464
59.79999999701977
57.79999999701977
55.6000000089407
60
56.29999999701977
56.099999994039536