8189.93049999699
6734.214399999473
5423.108400005731
5590.304199999082
5285.491999995429
5189.22489999386
4988.945199991576
5064.0694000030635
5011.799900006736
4723.085299992817
4420.9631999983685
4569.900400005281
4342.766200003098
4465.456899997662
4254.292899990105
4218.245199997909
3949.9368999968283
4040.963700012071
3734.1576000035275
3880.1479999965522
3722.9160999995656
3795.2357000031043
3606.4298000128474
3634.5839999994496
3497.4017000058666
3539.082499992219
3430.428799998481
3535.997699989821
3304.2835000087507
3346.4715000009164
3163.20939999423
3310.8394000009866
3140.9294000040973
3066.463500013924
2787.844100006623
3026.6787000000477
2733.040599996457
2784.7701999999117
2787.554700000328
2846.185400005197
2647.5498999934644
2662.15230000671
2809.504200005904
2580.283100003726
2716.636600001948
2533.4153000003425
2802.9281000053743
2631.830100013758
2617.203600006178
2551.9976999930805
2585.200999994413
2661.17760000634
2524.099899994326
2566.5704000130063
2415.2232999913394
2426.8355000094743
2433.24610000127
2440.434299991466
2456.153599996469
2298.054900005809
2266.8553999974392
2409.031100003631
2236.3696999964304
2529.6451000031084
2331.7137000121875
2191.4312000008067
2251.5791000041645
2362.648900001659
2247.070999990683
2204.9016000091797
2184.6746999945026
2383.331000004546
2052.452700008871
2319.6679999964545
2160.687499999767
2039.0984999976354
2295.4256999946665
2076.8505000014557
2038.0519000027562
2184.9368999974104
2119.164499992621
2061.5857999946456
2124.9676999868825
2165.789299993776
2023.8630999956513
2060.5880999937654
1991.896399995312
2025.0221000023885
2085.398000010173
1958.868200003053
2071.4320999977645
2003.0684000084875
2017.8949999972247
2152.375999998185
1995.0285000086296
1911.8698999955086
1980.2793999988353
1911.915400007274
2022.6916999963578
2002.8209000010975
1903.4211999969557
1909.7806999925524
1935.2580999984639
1942.70040000265
1940.05279999692
1767.0587000029627
1929.2806000012206
1795.2625999896554
1824.2001000035089
1891.4685000054305
1766.5948000067146
1716.4434000005713
1829.6174999995856
1814.8942999978317
1859.9045000009937
1830.0987999973586
1788.3489999949234
1952.0851999986917
1719.725799994194
1775.9597999975085
1817.8064999956405
1694.3752999941353
1752.5259999965783
1835.3929999866523
1720.1451000000816
1684.9906999996165
1905.586900000344
1756.1043000023346
1802.233199996408
1655.2616999979364
1677.7491999964695
1827.6571000023978
1648.1916000047931
1718.6033000034513
1685.7496999873547
1638.9647999894805
1723.0943000031402
1765.442300005816
1705.4360000038287
1671.028299999307
1695.313600008376
1742.8271999960998
1670.501200002036
1708.2017000066116
1745.522199998959
1636.1496999888914
1564.7728000039933
1766.8418000102974
1580.8477999962633
1573.5612000135006
1634.5135000010487
1629.5977999980096
1616.6886999999406
1722.5403000047663
1513.70969999698
1568.334200012032
1641.8395999935456
1590.4956000013044
1570.4168999945978
1639.5843000063905
1522.781199993915
1506.580599991139
1580.4080999951111
1570.176099994569
1523.0883000040194
1618.7241000006907
1600.331499997992
1500.929300003918
1648.4175000077812
1477.7245999866864
1512.3686999868369
1576.0496000002604
1599.1533000051277
1535.1792000001296
1641.7394000018248
1457.7548000088427
1520.5996000004234
1709.1619000129867
1533.5219999979017
1533.241099998122
1542.3772000067402
1495.088299998315
1554.9404000048526
1560.6964999897173
1448.835200004396
1446.330000006128
1536.4769000007072
1479.785699993954
1490.30039999343
1604.0856000036001
1489.5042999996804
1463.5535000124946
1504.8604000039632
1415.1893999951426
1440.6630000012228
1497.5984000047902
1393.1188999995356
1414.306899998337
1603.6670000030426
1431.741399996099
1418.9571999886539
1611.2103999912506
1375.6970999966143
1447.7298999991035
1514.4561999914004
1389.0140000003157
1485.9676000050968
1476.644499998656
1417.175300011877
1364.6909999952186
1507.2015000041574
1403.57860000222
1434.4469000061508
1453.3236999996006
1429.521099998965
1424.6570999966934
1456.4057999959914
1416.9538999994984
1342.0688000041991
1412.96259999217
1350.120800008881
1385.1666999980807
1376.148600000306
1342.6256999955513
1307.790599996224
1407.5367000041297
1331.6010999988066
1325.3095999971265
1426.2091999989934
1359.329400002025
1310.3097999992315
1456.7889000027208
1321.7084999923827
1348.811799995019
1456.474899998284
1323.6450999975204
1334.2026000027545
1383.5528000054182
1293.2749999890802
1294.1023000021232
1365.5063000041991
1262.5639000034425
1273.879800006398
1332.0245999930194
1245.6251999974484
1369.6616999950493
1414.1670000099111
1306.1152000009315
1295.1197000074899
1333.0212000000756
1299.4506999966688
1360.3785000013886
1318.6213000008138
1328.1619000044884
1226.3173999963328
1324.5628000004217
1229.0551000041887
1233.3013000024948
1271.0442999959923
1251.858199990238
1367.8952999907779
1255.265200001304
1232.4344999942696
1290.7775000057882
1232.4336000019684
1279.0947999892524
1358.1554999982473
1225.6233000080101
1212.4578000075417
1364.6702999976696
1308.2362999994075
1254.3481000029715
1349.0184000111185
1340.724699999555
1245.8207000017865
1305.1945000042906
1265.9618999896338
1206.6743000032147
1279.3695000000298
1212.2827999992296
1207.461100013461
1350.9810999967158
1243.8795999914873
1237.3404000099981
1271.5243999991799
1216.1568000010448
1179.6631999895908
1296.682600004715
1213.441600004444
1282.3729000083404
1326.203999997233
1183.4497999952873
1190.4314000130398
1314.3653000006452
1176.2174000032246
1202.3502999945777
1298.6536000098567
1202.056599999196
1159.5434000046225
1232.970999990357
1237.2829999949317
1172.2431000089273
1251.2852000072598
1244.3139999959385
1215.8960000087973
1310.6014000077266
1165.1519000006374
1147.868499989272
1267.7253000001656
1215.1244999986375
1148.4022999939043
1265.2958999969997
1228.572099993471
1175.3866000071866
1232.6104999956442
1161.5242999978364
1163.6196000035852
1284.6009000058984
1175.00299999665
1174.6445000026142
1244.9647000030382
1230.940500012366
1327.272800001083
1172.6902999944286
1159.5166999904905
1248.6624000011943
1215.5320000019856
1195.504899995285
1255.721599998651
1157.1735000034096
1170.0781999970786
1202.0091000013053
1110.3274000051897
1270.6304000021191
1138.01730000705
1210.5574000015622
1211.1887999926694
1129.0377999976045
1150.6205999903614
1332.2570000018459
1137.4107000010554
1180.3951000038069
1271.5240999968955
1125.1876000023913
1127.5392999959877
1192.7301999967312
1135.9226999920793
1171.3047999946866
1219.2773999995552
1139.459399986663
1204.210800002329
1132.7988999983063
1152.2432999918237
1214.5375999971293
1123.3782000053907
1113.9841000112938
1199.4596000004094
1110.419099990395
1211.4052999968408
1187.905500002671
1127.6043000107165
1140.3629999986151
1219.9837000080151
1168.7832000025082
1167.0144999952754
1279.0692999988096
1114.5878999959677
1110.044499990181
1208.1624999991618
1164.1454000055091
1161.5985999960685
1160.2800999971805
1088.470699993195
1100.9671000065282
1190.3949999978067
1123.4318999922834
1065.0290000048699
1167.2254000004614
1051.3335000141524
1063.9189000066835
1149.6065000101225
1162.5191000057384
1118.9440000016475
1159.301099993172
1062.2741999977734
1072.1001000056276
1227.510800003074
1208.1762999878265
1181.9728999980725
1187.602899997728
1186.9301999977324
1104.8450999951456
1168.0339000013191
1139.28709999891
1117.9379999957746
1177.7984000073047
1076.7722000018694
1137.3321999999462
1202.0708999916678
1062.6268000050914
1139.4508000084898
1178.14050000743
1132.206700000097
1173.161999991862
1142.8698000090662
1042.7611000050092
1078.1472999951802
1093.0743999924744
1035.0159999943571
1022.2113000054378
1106.1759000003804
1066.93770000129
1096.3779000012437
1176.3816000020597
1041.559999997844
1113.7191000016173
1236.828199995216
1065.8164999913424
1153.4180999879027
1108.40470000403
1063.5436000011396
1025.2496000030078
1188.6682999902405
1027.881999994861
1084.4370999984676
1119.644000005792
1144.6537999872817
1019.0199000062421
1143.3111999940593
1049.8813000012888
1067.4577000027057
1079.1329000057885
1077.483699991717
1096.590200002538
1176.7912000068463
1013.8345000013942
1048.7858000124106
1179.613900007098
1045.953599998029
1080.3996000031475
1173.4722000110196
1097.3230999952648
1062.8953999985242
1118.9866000058828
1002.1726999984821
1042.1701000013854
1137.4541999975918
1088.1964000000153
1056.5224000019953
1063.7175000010757
1025.947600006475
1026.0975999990478
1125.8538999973098
980.559900010121
1059.4903000019258
1078.86240001244
1014.0746000106446
1054.816200005007
1156.894400002784
1041.970799997216
1062.3216000094544
1102.0403000002261
990.2777999959653
976.4124999928754
1018.3448000025237
995.9373000019696
971.7020999960368
1026.4784000028158
1039.9671999912243
1045.0554999988526
1154.5612000045367
1018.8075000041863
1021.7482000007294
1015.3775999933714
964.4740000076126
966.5693000133615
1056.9587999925716
967.583999998169
1002.580600004876
1109.8360000032699
952.7921000117203
998.7372000032337
1089.9550999893108
956.7842999967979
958.2970000046771
1100.9811000112677
1009.5748000021558
987.2116999904392
1102.3414000082994
948.9444999926491
962.6254000031622
1103.719299993827
1034.99680000823
1023.9551999984542
1115.953400003491
1053.6073000112083
986.0864999936894
1101.32010000234
1039.5117000007303
1044.138600002043
1030.454899999313
1017.9369999968912
977.1312000084436
1038.1116999924416
966.9451999943703
931.697100008023
1131.8682999990415
971.894100002828
1016.7194999958156
1011.8541999981971
955.1352999988012
1033.4603999945102
1022.872700006701
933.0261999857612
929.9423999909777
1060.6779999943683
1009.1404999984661
1042.6165999961086
1045.2223000029335
959.1731999971671
964.0782000060426
1117.182900008629
975.5779999977676
934.7436999960337
1123.9632999931928
938.2354999979725
928.2333999872208
1047.6303000032203
945.2616999915335
924.8510000034003
956.0245999891777
957.3804999963613
939.7696999949403
999.2921000084607
931.6328999993857
939.6335000055842
1047.5667999999132
997.6630000019213
917.0616000046721
997.8321999951731
934.0693999984069
1003.2223000016529
1037.1714000066277
1003.5884999961127
1006.3693999982206
1101.980299994466
976.0530999919865
1010.1530000101775
988.75119999866
947.6028999924893
916.330599997309
1103.1194999959553
1001.9249000033597
913.6875999975018
983.003400004236
937.9908999981126
990.0842000060948
1094.9342000094475
913.695800001733
929.7900999954436
1101.334400009364
887.4267999926815
942.8565999987768
1062.5638000055915
901.4625999989221
887.6389000070048
1028.120000002673
921.1775000003399
1002.8096000023652
1103.900899994187
936.3499000028241
913.5636999999406
1070.282300002873
979.3218999984674
998.2965999952285
1004.0951999981189
940.4803000070387
919.5154000044568
1003.6584999907063
929.1192000091542
900.582200003555
951.7611999908695
965.1041999895824
938.9285999932326
1062.116299988702
910.8741000090959
879.8394000041299
969.2840999923646
964.0546000009635
941.5425000042887
1030.45619999466
943.5323999932734
930.5024000059348
954.4511000131024
906.3032999983989
922.9009999980917
1024.7728000103962
965.9632999973837
952.9489999986254
946.8323000037344
877.1138999873074
888.6475000035716
1020.0896000023931
878.6415999929886
899.8617999895941
1036.7732000013348
901.0087999922689
877.3075999924913
954.461999994237
906.7926999996416
925.691900003585
1016.0679999971762
882.2753999993438
919.3624000035925
1034.7161000099732
953.0112000065856
953.4323999978369
1018.1835999974282
892.2646999999415
878.223000006983
1007.6005999871995
893.730100011453
951.2497999967309
1033.2408999965992
947.5049000029685
958.0289000004996
996.4724000019487
913.9076999999816
892.8168999991613
938.4143000061158
884.6405000076629
866.3225999916904
968.8843000039924
883.103400003165
889.4684999977471
984.1388999921037
934.7789000021294
921.0186999989673
920.1312999939546
863.7946999951964
900.1027000049362
977.5080999970669
914.7535000083735
880.1046000007773
995.0582000019494
882.7890999964438
868.2695000024978
973.5991000052309
885.4231000004802
875.0926000066102
966.8661000032444
902.0028999948408
880.0837000017054
1012.5312999880407
910.1878999936162
900.2516000036849
956.62280000397
858.7178000016138
884.0848999971058
953.0055000068387
852.6232000003802
841.0093999991659
910.2491000085138
837.057900003856
858.0324000067776
927.1223000105238
832.755499999621
883.2343999965815
952.5684000109322
896.6611000068951
914.7366999968654
997.4859999929322
917.1656999969855
911.364900006447
995.2517000056105
901.4183999970555
849.7882999945432
949.561100002029
910.2266999980202
880.4300000047078
938.71049999143
870.8624999999302
891.7991000053007
1007.8659999999218
848.7983999948483
839.2834999976913
986.4892000041436
880.4700000036974
863.6358000076143
980.1396999973804
879.328600000008
862.0913000049768
971.6498000052525
887.37690000562
867.1512000000803
909.3970999965677
899.1379999933997
885.2061000070535
957.887299999129
842.5696999911452
837.6098000007914
921.3067000091542
882.4363000021549
880.2670000004582
906.950999997207
900.4711999878054
883.0041000037454
926.6940000088653
846.3845000078436
858.5397999995621
897.3206999944523
894.1109000006691
837.7263000002131
964.367399996263
868.8506999897072
834.6299999975599
852.7628000010736
824.4348000007449
818.610099988291
900.1394999941112
836.1364000011235
861.111999998684
912.745099994936
849.417599994922
855.4257999930996
893.8516000052914
851.734399999259
865.6258999981219
905.0581000046805
876.6143999964697
869.6867999969982
918.1375000043772
843.6259000009159
871.9017999974312
936.5887000021758
885.0056999945082
903.567799992743
943.8300999900093
836.9141000002855
835.8257000072626
906.1996000091312
891.5818999957992
885.3430000017397
909.792300008121
881.2391000101343
827.2543999919435
945.6850999995368
907.2699999960605
899.0101000090363
984.3626999936532
886.3578000018606
873.9108000008855
924.2395000037504
932.0764000003692
901.9494999956805
1004.7685000026831
929.387999989558
912.4497000011615
945.6274999974994
906.452299997909
921.8155999988085
954.351599997608
925.0771000079112
866.8548999994528
899.9595999921439
863.0345999990823
857.8584999922896
1000.2746999962255
840.6993999960832
861.9169000012334
1018.1768000038574
889.9523000000045
825.4038000013679
988.1746000028215
915.6152000068687
820.4411999904551
993.8414000062039
917.2297000040999
902.0453000121051
1016.6404000046896
909.1630000039004
862.9636999976356
894.1311000089627
803.5061999980826
852.6143000053708
949.1364999994403
845.5592000100296
854.8526000085985
961.0011999902781
856.4924000093015
933.5125999932643
1012.814800007618
892.455199995311
825.30090000364
897.3610000102781
808.9751000079559
809.1973999980837
913.4969000006095
818.677100003697
806.0857999953441
870.6333000009181
848.2139999978244
895.2665999968303
948.1434000044828
819.7932999901241
877.3014999896986
953.9150999917183
818.0489999940619
815.8153000113089
930.9729000087827
833.9835000078892
794.7277999919606
883.6218999931589
855.6512999930419
819.4588999904227
970.4178999963915
872.6274999935413
867.6272000011522
901.8777000019327
870.3020000102697
813.9114000077825
898.6829000059515
875.9361999982502
844.8828999971738
833.5217999992892
786.771500002942
780.3222000075039
853.7389999983134
851.9918999954825
820.7064999878639
872.2225999954389
785.7623000018066
841.1489999998594
927.2319999872707
802.8640000120504
815.2034999948228
858.118200005265
780.6759000086458
769.5431000029203
914.049500002875
859.1602999949828
811.8165000050794
859.3890000047395
788.6014999967301
775.1717000064673
917.2512999939499
857.4433000030695
853.0377999995835
880.7010000018636
845.5871999904048
850.7444999995641
847.3870999878272
817.5086999981431
853.7782000057632
907.0349999965401
797.7558999991743
811.5871000045445
883.7358000018867
828.5355000116397
812.0037999906344
894.0517000010004
801.6108000010718
836.006700003054
931.6231999982847
837.676700000884
856.4351000095485
863.8606000022264
860.3359999979148
805.4371000034735
942.6751999999397
818.26829999045
803.5067000018898
872.3752999940189
804.4241000025067
787.6583000033861
903.2450000086101
783.4430999937467
795.0297000061255
881.8611999886343
781.4272999967216
804.5151999976952
851.5881999919657
807.6431000081357
789.9526999972295
915.692399998079
783.3742999937385
790.4640000051586
909.0520000027027
771.3299000024563
772.1031999972183
833.2647000061115
779.2138000077102
815.4327000083867
888.5447000066051
805.8767000038642
772.0961000013631
900.736900002812
804.8882000002777
850.521900007152
879.6050999953877
775.7627999963006
819.0101999934996
864.745300001232
851.7136000009486
831.9673000078183
902.2361999959685
822.9789000033634
795.8431000006385
884.2482000036398
785.1047000003746
777.7071000018623
851.8429999967339
782.6457999908598
783.5702000011224
859.7126999957254
787.2945999988588
786.6530000028433
893.496500008041
823.8930999941658
825.5266999913147
880.5831999925431
782.8787000034936
766.240500001004
870.0302000070224
822.6486000057776
828.329500000109
853.3040000038454
831.0435000021243
798.7837999971816
841.7039000050863
812.8511999966577
807.3456999991322
898.6670000012964
787.8048999991734
835.5158000049414
902.5697000033688
802.8688000049442
794.213100001798
863.1621999957133
792.083599997568
773.7463999947067
888.907400003518
871.7818000004627
853.545000005397
801.2526999955298
764.7594000009121
855.2111000026343
941.3328999944497
761.5742000052705
817.7983000059612
862.4019999988377
756.7892000079155
768.4309999895049
909.1210000042338
753.5307999933138
810.5751999974018
884.0750999952434
844.7565999958897
781.8953999958467
894.1233999939868
762.3727000027429
760.8535000035772
846.7262000049232
765.1515000034124
829.6683999942616
861.0699999990175
777.3711000045296
773.4868999978062
876.0069999989355
809.118999997736
784.3545000068843
903.3984000125201
797.6487999985693
848.0146999936551
933.3895000017947
824.2363999888767
803.1824999925448
884.1387000138639
827.9217000090284
848.9951999945333
878.9701000059722
847.5462999922456
784.6999999892432
832.4783999996725
761.4548999990802
742.3173999995925
901.303899998311
841.0011000087252
755.7699000026332
783.227000007173
841.2944000010611
761.3646999961929
825.6379999947967
753.9264000079129
825.3039999981411
824.3324999930337
746.8318999890471
818.9615000010235
992.0053999958327
830.8324999961769
787.2821999917505
830.331599994679
772.9837999941083
759.6907999977702
835.959100004402
776.3916000112658
876.6156999918167
915.4106000059983
829.1515999881085
778.6265000031563
808.8688999996521
760.8641999977408
763.296300006914
795.8527000009781
737.3121999989962
809.2620999959763
922.8900000016438
833.9072999951895
749.5777000003727
820.1681000064127
819.7645000036573
807.9985999938799
843.8900999899488
740.8258999930695
764.0456999943126
881.7770000023302
782.9104999982519
743.8579000008758
825.0874000077602
715.5768999946304
723.8836000033189
903.9751999953296
786.0363999934634
750.2841000095941
881.8025000073249
802.7072000113549
790.821299990057
882.0014999946579
757.5916999921901
731.3434999960009
857.996099992306
796.5176999859978
730.5642000137595
834.0300999989267
823.9192000037292
765.8778999903006
891.0324000025867
730.0371000019368
805.405699997209
765.7359999866458
738.969600002747
725.2264999988256
882.6712000009138
741.0035999928368
742.679799994221
788.6770999903092
765.4495000024326
799.2730999976629
798.6533000075724
789.6303000015905
797.737299988512
863.2433000020683
730.3699000040069
775.1814000075683
881.7701000079978
737.8468999959296
748.9537000074051
802.6279000041541
749.9226000072667
763.6360000033164
842.3696000099881
734.5168000028934
727.9622000060044
864.1046999982791
720.6904999911785
708.7962999939919
785.1735000003828
799.9338999943575
815.0065000081668
852.0344999997178
728.7592999928165
763.3480999938911
839.9760000029346
722.7954999980284
753.6944000021322
767.9598000104306
757.7388999925461
772.89340000425
799.324899999192
714.3113999918569
716.3118000025861
782.2358999983408
719.2227999912575
717.8946999920299
787.4464000051375
725.1958999986527
732.0408999948995
807.5125000032131
722.2311000077752
697.8796000039438
763.6725000047591
718.4987000073306
739.9046999926213
846.6306000045734
741.9341000058921
739.0812000085134
789.243000006536
740.9696000104304
751.2153999996372
781.441500002984
713.2271000009496
736.9294000091031
770.1965000014752
744.1525000031106
746.8411000008928
792.8872000047704
729.3678999994881
760.1529999956256
789.0440999908606
719.7984000085853
752.6160999987042
797.6510000007693
724.6126999962144
715.2356000005966
779.0889000025345
705.038499989314
719.2868999991333
797.9059999925084
731.1057000042638
743.5408000019379
834.3059000035282
725.3774999990128
757.6696000032825
846.770900010597
776.8954999919515
751.2123000051361
845.3881000023102
750.6232000014279
766.4683000039076
850.1886000012746
764.174500000081
768.1495000142604
844.3453999934718
754.9345000006724
720.4400000046007
769.7661999991396
698.3368000073824
756.6251999960514
838.3820000017295
716.1035000026459
700.8194999943953
752.8525000088848
762.9280999972252
758.5833999910392
762.9703999991762
734.0736999904038
736.0015000012936
793.9750000077765
700.3265999956056
693.1514000025345
802.4110999976983
762.6041999901645
745.1823000010336
771.3827000115998
704.1956000030041
696.987999996054
775.2391999965766
687.9078000056325
700.035800007754
748.0417999904603
707.1795999945607
685.8425999962492
787.05820000323
732.6409999950556
719.2353999998886
763.307100001839
715.7205000112299
707.7306999999564
777.2363999974914
696.4857999992091
670.293799994397
775.4478999995627
703.0177999986336
707.076100006816
772.9707999969833
704.7333999944385
729.0903999964939
779.5498999912525
676.0291999962647
683.926400000928
804.0811999962898
695.8734999934677
708.7724000011804
818.9341999968747
718.0738000024576
715.6014000065625
772.6978999999119
707.1761999977753
709.7997999953805
775.6724999926519
702.8829000046244
681.6996999987168
767.2543000080623
681.0647999955108
689.1047999961302
755.7795000029728
680.7762000098592
687.1109999920009
776.2698000005912
703.0476000072667
694.7736000001896
724.0855999989435
679.1073000058532
708.4907999960706
761.0290000011446
737.620900006732
734.3238000030397
828.197499999078
685.5794000002788
675.4146000021137
770.5987000081223
697.8903999988688
698.2082000031369
766.6736999963177
763.9412999997148
747.284099998069
757.9323999962071
664.6842999907676
691.0520999954315
840.796100004809
768.831700013834
749.4925999926636
789.0717999980552
694.2634000006365
731.0200999927474
764.3089000048349
702.4991999933263
764.3517999968026
838.6276999954134
760.6785000098171
691.7957999976352
708.5422999953153
684.6614000096451
680.9019000065746
788.164700003108
703.4886999899754
687.5471999956062
752.9253999964567
682.8840999951353
706.879100005608
774.9060000060126
712.6903000025777
732.9852999973809
855.7378999976208
749.8648000037065
715.8903000090504
859.7881000023335
689.0876999968896
720.1712999958545
856.5079999971204
682.4930000002496
669.217500006198
790.639500002726
763.3875999890734
765.7614999916404
836.962899993523
678.9121000037994
742.3473999951966
762.8948000055971
762.5745999976061
770.0286000035703
813.8264000008348
686.2650999973994
687.750999990385
833.0866999895079
694.8480999999447
709.9606999981916
756.2632000044687
665.4530000087107
726.2016000022413
769.6438999992097
681.4925000071526
720.3802000003634
817.3931000055745
688.3630999946035
721.9353999971645
725.8483000041451
671.1435000033816
749.6984000026714
787.0435000077123
663.3293000049889
703.3426999987569
833.6284999968484
670.1581999950577
668.8903000031132
702.8763999987859
675.0715000089258
735.1340000022901
841.4124999981141
665.101999999024
699.4564000051469
811.3856999989366
720.651399999042
661.3594999944326
760.9785999957239
698.5987999942154
675.2349999878788
735.7327999925474
670.2583000005689
684.2121000081534
744.3567000009352
698.5895000107121
707.2538000065833
725.8468999934848
667.7646000025561
688.2611999899382
786.0393000009935
658.7836999970023
688.210699998308
782.5818999990588
672.7994000102626
648.1121999968309
714.7412000049371
645.9754999959841
712.6484000036726
788.4829999966314
691.7857000080403
691.6839999903459
721.1291999992682
656.905399999232
646.4201000053436
723.2695999991847
666.5377000026638
708.0315000057453
767.0068000006722
696.2848999974085
646.4716000045883
730.2600000111852
661.5508999966551
711.3182000030065
705.8664000069257
667.9271000029985
677.4781999993138
719.5962999976473
643.6605000053532
641.0718999977689
711.9212999969022
641.8434999941383
635.3927000018302
718.4886000031838
685.3157000005012
641.4614999957848
714.3970000033733
662.4791000067489
653.1197000003885
738.0269999994198
641.2644999945769
675.2596000005724
715.3251999989152
677.2268999920925
671.0762000002433
723.875700001372
663.7512999877799
686.5471999917645
745.3213999979198
656.8240000051446
648.2831999892369
701.1215000093216
658.747499997844
644.7520999936387
735.3674000041792
640.0425999891013
651.3147999939974
734.0934000094421
679.4052999903215
659.5434000046225
726.719400001457
658.2391999982065
669.3001999956323
776.9403999991482
690.7292999967467
677.1612000011373
753.492500007269
644.9284000118496
652.9077999875881
721.2996000016574
631.5688000031514
668.9757999993162
719.6982000023127
660.8292000018992
697.7455000014743
744.1029000037815
688.9329999976326
636.7798000137554
701.3587999972515
635.1690000010421
636.9799000094645
712.5234999984968
637.8108000062639
668.824799999129
715.2897999912966
683.8242999947397
680.8067000092706
807.7575999923283
699.6499000088079
664.1767999972217
762.9813000094146
659.6817999961786
636.3001999998232
712.9337999940617
638.6808999959612
672.1436000079848
703.3567999897059
671.4677999989362
642.4504000024172
672.5786000024527
641.7301000037696
675.3069999977015
690.9053999988828
621.3931999955093
636.5465999988373
686.6235000052257
616.2908999976935
680.3988999890862
758.010399993509
687.5338999961969
635.9664999909
738.3626000082586
641.8316000053892
618.1033000029856
693.8546000019414
679.5645000092918
649.2121999908704
681.0872000060044
620.5312999954913
623.1155999994371
712.5036000070395
645.5011000070954
636.0718000069028
682.468200000585
612.0148000045447
632.9739999928279
750.562400004128
661.6806999954861
664.5830999914324
742.0260999933816
655.0216000032378
626.699100001133
724.7602999996161
664.1995000099996
652.5132000097074
722.2010999976192
701.4659999986179
622.2985999920638
705.6346000026679
613.6411000043154
663.1930000003194
693.0907999922056
669.7963999904459
637.6684999995632
765.6028999917908
689.8970000038389
680.7056999969063
747.1231999952579
682.5414000049932
633.8280999916606
782.7374000044074
695.5321999994339
617.4788999924203
755.4081000125734
632.5148000032641
608.4872000064934
663.014399993699
637.955600002897
685.2593000076013
761.183800001163
615.6448999972781
622.7638999989722
670.7242999982554
613.5330999968573
671.2774000043282
738.4774000092875
644.3557999882614
607.1939999965252
686.4548000012292
623.0688000068767
683.8972999976249
765.5429000005824
693.3009999920614
667.189400002826
672.5722000119276
605.4356999957236
603.0353999958606
693.6130999965826
604.5674000051804
655.1466999953846
678.8062999985414
622.0810999948299
616.8325000035111
739.1979999956675
602.8189999924507
604.7325000108685
676.9061000086367
625.7509999995818
616.9650000083493
719.6793000039179
671.6861999884713
643.4927999944193
708.1180999957724
647.5268000067445
668.366199999582
649.5651000004727
581.6409000108251
602.4166999995941
636.8110000039451
645.5339999956777
660.0760000001173
658.7545999936992
604.2105999949854
604.9666000035359
751.6047999961302
673.7949999951525
633.315599989146
747.7939000091283
627.6436999905854
594.9075999960769
663.7277999980142
592.0058999909088
579.4902000052389
719.7622999956366
605.2120000094874
601.9880999956513
685.9269999986282
658.7683999969158
658.4183999948436
706.8957000010414
588.4916000068188
588.8376000075368
662.9317999904742
585.6656000105431
656.7092000041157
685.6265000096755
594.5916000055149
647.6809000014327
725.8285999996588
624.4299999962095
654.6637999999803
686.033200006932
610.8359999925597
632.4892000120599
680.9538999950746
644.9237000051653
577.5435999967158
676.9308999937493
643.3165000053123
657.8065999929095
678.0908999935491
616.9595999963349
615.5405000026803
668.5543999919901
623.4480999992229
611.7755000013858
669.1640000062762
642.2770999924978
631.8172000028426
674.4858000020031
649.2069999949308
624.5221999997739
733.9572999917436
607.4786999961361
659.8214999976335
736.4935999939917
646.4773000043351
617.1681999985594
670.2243000036106
589.8736000090139
591.336900004535
687.7182000025641
595.3959000034956
588.2923000026494
652.2528999921633
590.0723000086145
582.9809999995632
651.072299995576
630.9401000034995
586.5703000017675
702.644799996051
604.6250999934273
602.4218999955337
655.4436000005808
589.778399997158
635.391100004199
685.6216999876779
575.6613999983529
590.7956000010017
652.663400003803
577.7852999890456
589.145699996152
636.208700001589
580.9215000044787
594.1006000066409
712.8461999964202
635.5301000003237
612.7670999994734
660.2730000013253
614.4925999979023
602.04509999312
671.615400002338
595.8434000058332
614.6869000076549
686.2927999900421
622.7851000003284
629.0881000022637
725.660699987202
637.9845999908866
650.1715999911539
726.3241999899037
656.0746999894036
594.8487999994541
707.9159999993863
659.6910999942338
636.5347999962978
747.7608999906806
665.4388000024483
608.9989000029163
670.8936000068206
604.4223999924725
665.6256999995094
642.9058000067016
605.7306000002427
635.3562000003876
681.8526999995811
590.2538000082131
601.0974000091664
705.1781999907689
664.855399998487
641.7843999952311
759.2906999925617
644.2295000015292
627.9286999924807
726.6233999980614
600.6351999967592
645.7970999908866
684.7799000097439
600.2733000059379
638.8545000081649
727.5664000044344
619.1115000110585
600.4134999966482
738.5039999935543
652.4435000028461
584.608399993158
675.8364999986952
605.7612000004156
628.5279999865452
664.7083999996539
600.6917000049725
593.7841999984812
691.0656000109157
630.297800002154
608.005799993407
626.2268999998923
621.7601000098512
633.5759999928996
703.0621000012616
640.8589000056963
658.1911999965087
656.5694000018993
635.3329999983544
582.5804000050994
644.8006000136957
598.0664000089746
594.641200004844
641.8751000019256
594.7417999996105
616.0430000018096
658.1091999978526
592.6364999904763
592.683599999873
653.6679999990156
600.448500001221
613.8820000051055
665.8452000119723
583.1831000105012
585.0742000038736
658.3974999957718
612.8071999992244
640.9204999945359
651.0812000051374
585.2673000044888
597.7987999940524
649.1557999979705
563.4962000040105
597.3168000055011
658.6288999969838
646.6265999915777
650.1271000015549
659.2669999954524
611.0668999899644
626.7869000002975
704.2753999994602
634.6028999978444
582.829999999376
668.5050000087358
618.6225999990711
593.9639999996871
664.226900000358
604.8055999999633
618.2468000042718
653.9580000098795
616.7817999958061
643.8288999925135
663.0355999950552
592.8849000047194
628.5194999945816
710.3441000072053
598.2457999925828
610.6073000119068
659.9304999981541
614.9866000050679
614.3535000010161
673.6254999996163
615.4793999885442
597.8131999872858
665.7497999985935
627.415299997665
593.0177999980515
691.8387000041548
595.3521000046749
598.3583999914117
649.7667000076035
581.8545000074664
586.2147000007099
652.094400007627
600.2361999999266
599.6517000021413
652.5991999951657
588.1063999986509
631.3413000025321
667.3677000071621
599.441400001524
596.699500005343
710.542799992254
597.6811000000453
580.1264000037918
655.3210999991279
640.8550000051036
632.3896999965655
703.3514999930048
577.0464999950491
575.4174000030616
640.5505000002449
596.2278000079095
618.1247000058647
657.1988000068814
637.4576999951387
606.8053000053624
632.8455000038957
590.1178999920376
597.3969000042416
659.8021999961929
574.7787000000244
573.6208000016632
655.4608000005828
598.9478999981657
577.2637000045506
614.5849999884376
583.0083999899216
578.1287999998312
630.9063000080641
557.7196999947773
610.5044999858364
648.1013000011444
609.2324999917764
632.7201999956742
662.1224999980768
636.9748999859439
575.0856999948155
632.6236000022618
605.3206999931717
617.4961000069743
651.8233999959193
632.2355000011157
565.0077000027522
643.6748999985866
580.9970999980578
566.9335999991745
690.5439000111073
605.9801000083098
648.7780999887036
696.8296999984886
580.8251999987988
573.7309999967692
640.0795999943512
576.0338999971282
575.1542999933008
667.8954999952111
601.5507999982219
574.1895999963162
666.3799999951152
573.2873999950243
564.276000004611
659.225300012622
619.6711999946274
628.6834999918938
657.608599998639
628.238200006308
622.8122000029543
642.1762000099989
566.1451000050874
553.995299997041
715.0876999949105
595.4217000107747
618.030000012368
652.3872000107076
576.0240999952657
615.0554000050761
637.4653999955626
609.3691999994917
562.0790000102716
671.9573000009404
634.0522999962559
626.8386000010651
686.5726999967592
614.982200000668
633.4740999882342
667.8087000036612
616.42189999111
558.8382000132697
623.0729999952018
554.290600004606
590.6648000091081
656.2579999881564
610.6670999870403
634.4595999980811
664.2372000060277
562.4283000070136
555.9482999960892
690.4452000017045
598.4099000052083
633.251699997345
636.9069000065792
604.8490000102902
570.43039999553
642.7791000023717
639.2712000088068
635.8508999983314
686.0301000124309
609.1290000040317
585.2778999978909
636.3963000039803
568.5548999899765
580.3530999983195
654.9211999954423
599.1513000044506
566.0320999886608
707.0750999992015
587.5625000044238
633.2273000007262
711.585400000331
565.7885999971768
566.7152999958489
638.0328999948688
569.3797999992967
561.417499993695
643.3709000120871
588.0356999987271
565.8156000135932
643.9742000075057
568.7315000104718
565.2233000000706
673.6537999968277
641.1934999923687
594.739500011201
637.2943000023952
570.5295999941882
575.0153999979375
660.0093000015477
560.052300003008
599.4238999992376
642.7378000080353
578.1848999904469
601.002299998072
645.2171999990242
580.6106999953045
592.9567999992287
671.1777000018628
602.8430000005756
572.2278000030201
628.5605000011856
557.5243000057526
609.0805999992881
619.2864000040572
572.2329999989597
585.0944999983767
638.5609999997541
599.0642999968259
594.1172000020742
637.5255000020843
554.405399991083
550.1555999944685
614.8004999995464
574.5896000007633
569.0346000046702
640.8694999990985
572.6620000059484
584.1491000028327
660.2895999967586
609.9272999999812
605.0264000077732
652.4963999981992
566.6461000073468
578.9120999979787
631.6268999944441
589.867000002414
582.5645000004442
678.5379000066314
611.979599998449
600.4429000022355
603.9927999954671
583.5941999976058
593.7044000020251
676.1427999881562
567.2913000016706
557.4541999958456
664.0401000040583
560.8261000015773
565.7757000008132
635.5086999974446
564.1230000037467
573.9384999906179
607.7586999890627
575.3542000020389
593.1905000034021
624.617199995555
601.4959000021918
585.3345999930752
644.5883999986108
568.6668999987887
561.0971999994945
618.1501999963075
568.2954999938374
598.1683999998495
640.6750000023749
574.0974999935133
566.5232000028482
642.7912000071956
581.2509000097634
570.2861000027042
644.3721999967238
557.0503000053577
564.3367000011494
632.668799997191
613.330499996664
586.3211999967461
663.2634999987204
560.0946000049589
557.0034999982454
629.2265000083717
566.3655999960611
557.8596999985166
633.0581000074744
573.3433999994304
580.4268999927444
664.082999996026
587.8098999965005
622.7470000012545
701.2303000083193
604.3318999873009
574.8594999895431
693.9775999926496
572.0473999972455
603.1602000002749
682.6302000117721
616.1604999942938
616.8615999922622
654.6063999994658
578.8566000119317
570.7258000038564
633.0005000054371
588.5112999967532
598.5558999964269
692.8702000004705
618.7858000048436
598.3877999969991
642.6765000069281
577.2466999915196
581.3108000002103
636.919399999897
557.9397999972571
610.4598000092665
617.6953999965917
625.9992999985116
578.7956999993185
679.297199996654
589.996800001245
576.4904999959981
651.5581999992719
574.5620999950916
577.1149000065634
634.2580999917118
552.5845000083791
559.985300002154
644.3254999903729
562.0875999884447
556.6009000031045
625.2700999903027
613.513399992371
561.2038999970537
629.1920000076061
566.2530999979936
570.9136000077706
615.8245999977225
566.7770000000019
605.2426999958698
630.917699993006
560.6739999930141
561.7480999935651
650.2882999920985
579.9818999948911
574.3001999944681
710.9927999990759
584.7577999957139
588.6925999948289
669.845800002804
622.7737000008347
580.2624999923864
643.6643000051845
592.4227999930736
587.0664999965811
674.4236999948043
576.350100003765
597.229500010144
623.6485999979777
583.6220000055619
624.478600002476
645.0676999957068
598.3992999972543
562.5470000086352
629.068099995493
568.7190000026021
611.5274999901885
706.9989000010537
564.4117000047117
571.3989000068977
644.2628999939188
575.7234000047902
566.629400011152
669.0534000081243
642.8507999953581
588.5429000045406
668.1705000082729
595.6036999996286
611.5984000061871
671.9291000044905
560.3600000031292
559.289999990142
655.0174000003608
603.0574000033084
562.4371999874711
630.8847000036621
589.6958999946946
575.0287000118988
676.6462000086904
584.3186999991303
556.8749000085518
637.9311999917263
579.8549000028288
617.7940999914426
653.6175000073854
623.7230999977328
592.3008000099799
655.4118000058224
633.8090999925043
636.1181999964174
712.6829000044381
623.4354000043822
614.2817999934778
705.2090000070166
617.7816999988863
563.3057999948505
626.804200001061
549.3488000065554
593.434000009438
634.1985000035493
574.1380999970715
591.0872000094969
700.4369999922346
571.4930999965873
568.2806999975583
642.9754000128014
629.742899996927
579.4843000039691
640.9701999946265
627.1261999936542
634.6702000009827
664.9823000043398
614.2156999994768
623.3378000033554
633.437700002105
558.9221000118414
554.5526000059908
646.0407999984454
556.3008000026457
611.7587000044296
698.067399993306
575.7993000006536
576.0067999945022
712.5305999943521
588.7243000033777
562.0024999952875
627.6361999916844
561.8985000037355
568.1775999983074
629.0662999963388
614.8115000105463
560.8306000067387
630.3306999907363
599.4179999979679
552.2493000025861
681.7221999954199
561.6645999980392
576.748100007535
631.6365999955451
597.6412000018172
601.7433999950299
650.3593000088586
578.3938999957172
558.6739999998827
637.2043000010308
609.5267000055173
554.8105000052601
625.1129000011133
568.7879000033718
566.3865000096848
638.4705000091344
595.9041000023717
557.4836999876425
628.0807000002824
595.8748999983072
620.0070999911986
622.8439999977127
571.5340000024298
600.1990999939153
616.9227999926079
538.3805000019493
556.4605999970809
631.7810000036843
579.1705000010552
554.9704000004567
627.3374000011245
555.9117999946466
559.7665999957826
621.3567000086186
564.383299992187
566.6274999966845
612.089800008107
572.6008999918122
584.8685999953886
629.160900003626
580.6923000054667
551.8769000045722
613.7104999943404
560.2606000029482
565.1764999929583
601.0958000115352
561.2636000005296
585.6396000017412
617.5070000026608
593.6939999955939
565.9344000014244
622.3816999990959
560.0919999997132
559.0277999872342
648.6804000014672
575.1515000010841
579.5347999955993
643.9779000065755
565.3181999950903
559.0735000005225
627.537399996072
558.6517000047024
551.4505000028294
661.9742999901064
602.6656999893021
557.1584999997867
637.9153000016231
563.1299999949988
564.1461999912281
666.4365999895381
581.4997999987099
564.3878999981098
657.7581000019563
553.2808999996632
576.1400999908801
671.3381000008667
558.1583000021055
557.9485000052955
623.5372999944957
575.3167000075337
557.1926999982679
621.4674999937415
561.2869000033243
539.451700009522
603.6690999899292
559.1045999899507
548.9800000068499
656.6151000006357
582.1006000041962
528.3368000091286
611.6423999919789
562.5168999977177
591.4232000068296
635.8124999969732
580.4762000043411
559.9450000008801
613.4057000017492
576.0665999987395
593.4323999972548
574.8675999930128
541.4100000052713
544.6691999968607
605.2179000107571
573.6896000016714
555.7830000034301
635.6130000058329
543.165000010049
592.9941000067629
648.4483999956865
556.26339999435
570.1537999993889
651.8126000009943
556.6944999882253
585.2598999917973
636.910600005649
538.0405000032624
560.2878999925451
606.4349000080256
554.8290000006091
576.2358000065433
595.865600000252
551.3275000121212
554.9831000098493
636.0270000004675
588.6699000111548
577.5913999968907
583.8135000085458
561.1817000026349
599.9445000052219
640.0305999995908
591.3243999966653
576.5784000104759
639.3425999995088
552.7320999972289
590.9060999983922
674.0021000005072
548.1634000025224
557.9176000028383
696.0531999939121
591.8511999916518
561.3816000113729
629.3321999983164
553.9893000095617
583.061400000588
648.1998000090243
595.1522000104887
564.2107000021497
600.4469999897992
558.6402000044473
567.9596999980276
627.3736000002827
557.8829000005499
544.4187999964925
613.8001999934204
559.622800006764
561.8743999948492
621.6109999950277
537.3575999983586
586.3869000022532
621.4364999905229
540.1542999898084
586.9492999918293
657.793300008052
561.0366000037175
546.6674999915995
631.723200000124
576.8207000073744
581.7435999924783
621.5192999952706
570.3169999906095
589.2781000002287
621.743100011372
545.5952000047546
545.7449000095949
632.2495999920648
552.0198999874992
564.8621000000276
601.2159000092652
522.6617000007536
556.4097000024049
637.823600001866
553.3292000036454
550.4838000051677
654.9870000017108
540.7655000017257
539.9146999989171
593.920800005435
526.1544000095455
541.7235000059009
615.9562000102596
534.0949999954319
562.1687999955611
619.0018999914173
558.6943999951473
540.0559999980032
603.8914999953704
549.6127000078559
564.7386999917217
610.4329000081634
581.8020000006072
569.4253999972716
630.0676999962889
545.9384999994654
544.2995999910636
666.9680000049993
543.5043000034057
561.0094000003301
602.5140999990981
568.1135000049835
592.8724999976112
614.919400002691
541.7471000109799
574.7657000028994
629.184899997199
588.9992000011262
555.7139000011375
594.7797000117134
574.8105000093346
597.387300003902
623.0211000074632
548.395799996797
581.4007000008132
687.0998999947915
520.6271999923047
586.9257000013022
607.5158000021474
548.8212000054773
586.1380000133067
694.9993000016548
561.7823000065982
604.2135000025155
673.4519000019645
588.713099990855
532.4093999952311
659.8503999994136
593.8092999858782
604.2059999890625
653.91140000429
609.3046000023605
604.1771999880439
688.9637999993283
534.7957999911159
555.1381999976002
665.171200002078
540.3160999994725
544.6497000084491
613.4561999933794
543.4973999945214
568.4764000034193
606.2169000069844
537.4630000005709
526.3186000083806
648.671299990383
591.857199993683
565.6316999957198
620.9966000023996
571.3315000029979
578.7196000019321
592.3676999955205
529.6726999949897
536.4600000029895
604.2377999983728
542.034700003569
555.8048999955645
594.4916000007652
531.4932999899611
593.9864000101807
681.1624000110896
590.5725000047823
558.8231000001542
608.9248000062071
527.3152000008849
532.7040999982273
636.0134999995353
579.6566999924835
554.2096000135643
677.303699994809
540.1799999963259
544.3227999930969
608.4244000085164
538.9454999967711
551.7107999912696
601.9995000096969
536.9614000082947
589.0933999908157
604.760799993528
591.0106999945128
589.500499991118
644.6851000073366
549.9562000040896
573.8368000020273
658.1354000081774
580.2441999985604
563.1156000017654
630.3467999969143
544.5532999874558
528.9734999969369
637.504500002251
560.8291000098689
524.5167999964906
625.1000000047497
542.3294000065653
528.3538000076078
602.1688999899197
522.958200002904
522.5888999993913
626.9432999979472
588.3576999913203
532.8263999981573
610.4669000051217
587.5240000023041
529.2146000138018
635.0770999997621
532.5953999999911
531.1658999999054
680.3210000070976
535.8242000074824
598.0404000001727
616.5903999935836
540.0567000033334
548.8539000070887
644.7365999920294
567.1916999999667
583.7251000048127
646.6633000090951
560.1413000113098
533.0491000058828
637.1406999969622
535.4592000076082
561.5003999992041
673.0551999935415
612.0556000096258
597.4892000085674
605.1413000095636
538.040400002501
549.9948000069708
639.6905000001425
604.2216999921948
601.4597000030335
674.169100006111
605.8617999951821
572.0410000067204
672.6187000022037
583.5649000073317
533.0610999953933
623.2555000024149
523.2086999894818
557.7315999980783
633.2694000011543
515.976499998942
557.2637000004761
577.8643999947235
536.4380999963032
530.8369999984279
589.8577000043588
533.7804000009783
537.8848999971524
604.7192000114592
536.4618999883533
563.2263000006787
670.7525999954669
557.6202000083867
533.5696000111056
609.1262999980245
554.8771000030683
531.4535000070464
657.2086000087438
591.8951999919955
598.0593999993289
636.1196000070777
532.090499997139
563.3520999981556
671.978999991552
580.3178999922238
581.4818999933777
590.7384000020102
518.1789000052959
522.6580000016838
585.7152999960817
535.6082999933278
542.6432000094792
647.1609000000171
560.7227000000421
552.1709000022383
633.728799992241
530.1139999937732
562.2360999986995
638.2023000041954
524.5674999896437
535.6406999926548
643.5199999978067
565.1781000051415
520.4368999984581
585.5822000012267
529.0591999946628
529.493399997591
595.5566999909934
567.4273000040557
587.3281999956816
662.2252999950433
542.37429999921
522.8251999942586
619.5961000048555
582.3266000079457
576.8444999994244
627.70179999643
567.0373999892035
521.3474000047427
596.1374999897089
524.9059000052512
533.2885999960126
599.4057999923825
546.9242000108352
518.3400999958394
559.9382999935187
517.9150000039954
547.1486000024015
669.4352000049548
572.7815999998711
588.8970000087284
636.8968000024324
602.0399999979418
573.3496000029845
669.7574999998324
583.4804000041913
596.1060999979964
650.4652000003261
601.0806000122102
530.0576000008732
595.3803000011249
529.9439000082202
541.2194000091404
681.7872999963583
541.7338000115706
536.3139999972191
577.4142000009306
528.0092000029981
530.2023999975063
580.1553999917815
527.9158999910578
554.940500005614
659.0126999944914
530.6999000022188
513.4109999926295
620.0486000016099
529.4138000026578
532.2358999983408
597.7245999965817
519.6572999993805
519.8588999919593
599.4250000076136
549.1354999976465
572.186999997939
659.7308000054909
552.6488000032259
582.7675999898929
611.0113999893656
580.2517999982229
586.808000007295
646.164999998291
582.208099993295
589.5018000010168
608.919699996477
590.0647999951616
548.0569999926956
586.2027999974089
525.0328999973135
591.7283000017051
587.8253999981098
524.7700000036275
525.6542999995872
587.7258999971673
572.8914999926928
555.0154999946244
637.6769000053173
577.2278999938862
566.4946000033524
616.9470000022557
522.0698000048287
521.8427999934647
603.6972000001697
536.7363999976078
523.6847000051057
615.673299995251
520.1605000038398
527.2630999970715
540.6199999997625
497.9223999980604
522.7967999962857
592.8417999966769
575.983400005498
570.8870999951614
656.3345000031404
573.1589000060922
554.9962999939453
593.0182000010973
572.1776999998838
542.2776000050362
563.382599997567
551.3483999966411
582.9686000070069
663.2632999971975
521.9470000010915
530.323299986776
624.415800004499
536.864699999569
565.0594000035198
589.0233000100125
550.4244999901857
592.1084000001429
616.9556000095326
576.2053999933414
554.8537000140641
635.4611999995541
593.3005999977468
528.4964000020409
590.0509000057355
523.213400010718
532.6084999978775
573.6274999944726
585.1481999998214
596.2205999967409
664.8659000056796
510.97509999817703
519.2900999973062
590.2614999940852
550.4377999895951
567.3547000042163
595.1727999927243
525.1232000009622
524.016000010306
580.0608999998076
566.7729999986477
556.2292999966303
591.1227999895345
523.1891000003088
498.8856999989366
566.5183999954024
514.531300010276
546.489999993355
568.5823999956483
515.4016000014963
520.4856999916956
582.8465999948094
525.7239999918966
566.4164000045275
632.7592999878107
552.7746000007028
529.4502999895485
562.2507000080077
520.4386999976123
519.7745000041323
591.0823000012897
500.7922999939183
517.5450999959139
588.2631999993464
530.5159999988973
501.9997999916086
607.9922000062652
515.819799999008
558.6880999908317
637.5525000039488
569.2857999965781
518.8981999963289
589.5615000044927
521.9393000006676
559.9306999938563
562.356299997191
519.1327999928035
561.1968000011984
588.4361000062199
519.9992999987444
515.599199992721
580.8600000018487
516.6772999946261
595.7760000019334
602.0251000009011
508.5733000014443
511.28539998899214
617.9364999989048
551.2438000005204
517.0985000004293
584.8388000013074
522.4850999948103
552.9678000020795
565.6235000060406
509.44899999012705
512.2310999868205
663.7068999989424
575.7366999896476
542.3590999998851
640.4286999895703
581.0619999974733
522.7629000000888
569.0547999984119
513.0930000013905
601.4983000059146
647.6509999920381
560.8719000010751
540.0265000062063
639.2163999989862
533.0070999916643
509.475900005782
572.3623999947449
503.2875999895623
496.6015000100015
544.7939000005135
496.9598000025144
536.2867999938317
582.1925000054762
517.0309999957681
518.5229000053369
586.0750000138069
557.4525999982143
569.5722999953432
649.9632999912137
521.739499992691
502.30829999782145
621.5783999941777
526.6707999981008
514.2539999942528
600.9303000028012
486.7752999998629
501.8913999956567
586.7484000045806
514.1800999990664
505.0379000022076
632.3412000056123
567.5010999984806
546.5025000012247
587.3322999977972
524.9649000033969
537.1498000022257
662.218599987682
587.1347000065725
562.7390000008745
631.7392999917502
581.8958000018029
554.7397000045748
601.0431000031531
570.3200999996625
508.1767999945441
562.9031999997096
565.37829998706
516.8554999982007
579.4279999972787
517.4752000020817
556.1159000062617
619.4925000017975
579.2598999978509
509.72320001164917
597.283700000844
532.452600004035
566.2941000045976
643.2367999950657
551.5200000081677
556.8006999965291
589.7427999880165
555.192799991346
532.0836000028066
563.93420000677
505.4870000021765
509.5883000030881
550.362199996016
496.01620000612456
496.51640000229236
572.6701999956276
516.3582999957725
565.6813999958104
586.7684999975609
508.66669999959413
516.6752000077395
586.7646999977296
506.9431000010809
491.8106999975862
577.7586000040174
507.27020000340417
509.55839999369346
615.6206000014208
522.1751999924891
512.6367999910144
601.9473000051221
568.3143999922322
569.2257000046084
570.3813000000082
501.47399998968467
522.0754000038141
580.5563000030816
513.4871999907773
578.7732000026153
579.6934000100009
516.0868000093615
555.1496999978554
650.2117000054568
524.2979000031482
551.9664000021294
648.5307999973884
565.0502000062261
553.6294999910751
564.6066000044812
499.1310000041267
550.7563000137452
624.7177999903215
534.9101000028895
510.9455999918282
646.924399989075
566.9178999960423
513.763499999186
572.3741999972844
528.2627000124194
511.2472000037087
560.4138000053354
549.8742000054335
555.8683999988716
602.3490999941714
532.2845999908168
493.2067000045208
545.8242000022437
503.6180000024615
505.5285999987973
593.5164999973495
492.667700003949
500.4445999948075
565.8384999987902
520.6372000102419
563.206100006937
583.6176000011619
490.9256999962963
491.6481999971438
606.2330999993719
538.9496999996481
562.3787000076845
557.7265000029001
509.94220000575297
503.58889999915846
577.360299997963
517.049500005669
505.8248999994248
593.3634999964852
536.2787000049138
535.4735000000801
556.5435999887995
487.8344000026118
495.687699993141
607.2769000020344
494.98689999745693
485.02790000929963
599.4443999952637
548.7529000092763
534.8704999923939
573.2832999929087
508.2609999954002
495.63550000311807
560.7965999952285
507.5470000010682
533.4558999893488
563.8936999894213
503.0397999944398
524.9508999986574
566.5446999919368
491.4524000050733
504.5875000068918
560.3832000051625
529.4099000020651
489.9575999879744
577.5232000014512
499.55920000502374
505.46650000615045
578.5815000126604
518.9749999990454
503.8258999993559
565.4652000084752
502.4545000051148
493.89199999859557
585.3190000052564
527.660099993227
496.56519999552984
560.991100006504
512.5414000067394
550.8734999893932
594.3390999891562
514.2330000089714
498.9917999919271
555.8043999917572
594.3126000056509
548.0477999954019
610.5957000108901
544.8521999933291
546.1785000079544
620.9158999990905
544.4008000049507
503.4976999886567
569.0456000011181
492.5473999901442
493.3921000047121
562.6181000116048
490.76980000245385
495.28109999664593
579.3192999990424
518.7526000081562
488.6589000088861
568.3264999970561
531.282399999327
498.67539999831934
556.9022999989102
548.0761999933748
536.7425000004005
613.0570999957854
535.7621000002837
500.1263000012841
565.4193999944255
504.4791999971494
498.4905000019353
527.5390000024345
491.16950000461657
542.1955999918282
568.2558999978937
497.7890000009211
507.009900000412
554.0741000004346
496.335599993472
491.3151999935508
559.6700000023702
499.3544000026304
488.8264000037452
577.2127999953227
498.4822999977041
489.4203000003472
587.5272999983281
519.5304000080796
513.3206000027712
533.9226000069175
485.7649999903515
511.02930000342894
549.8973999929149
482.6696000091033
493.4869999997318
552.6106999896001
514.5837999880314
475.8027000061702
544.8293999943417
483.77540000365116
494.95269999897573
604.5335999951931
522.2533000051044
525.1530000095954
548.5768999933498
479.5012999966275
485.7883000076981
569.5317999925464
489.39649999374524
508.56889999704435
570.9650000062538
532.4671000125818
527.515299996594
601.4302999974461
487.7527999924496
494.40660000254866
603.3256000082474
510.329400000046
492.0964999910211
546.2611000111792
484.20909998822026
482.816300005652
539.7090000042226
491.5000999899348
525.8161000092514
548.1874999968568
520.8039999997709
516.3380000012694
554.014699999243
487.78440000023693
499.8267000046326
549.4240000116406
477.0772999909241
490.18880000221543
548.3908000023803
486.65880000044126
483.3224999892991
576.8437999940943
481.4137000066694
500.989699998172
545.4934000008507
476.34459999972023
474.7059000073932
571.124800000689
495.2599999960512
520.7724000065355
574.1050000069663
494.18080000032205
488.785800000187
591.1598999955459
508.0221999960486
532.9395000007935
580.5237000022316
496.04890000773594
489.92220000945963
546.8112000089604
504.62760000664275
541.8503999972017
568.6410000053002
526.0313000035239
480.41590000502765
535.7674999977462
501.8234000017401
511.68219999817666
540.3233000106411
482.37179999705404
481.7763000028208
553.6391000059666
508.39029999042396
483.7286999973003
560.892999987118
492.0626999955857
496.6294000041671
553.8559000124224
480.5430999986129
480.33000000577886
544.1469999932451
483.26939999242313
484.9627000075998
532.7975999971386
466.87889999884646
483.587599999737
551.7461999988882
472.06719999667257
493.6835000116844
550.3231000038795
483.74739999417216
520.2707999997074
562.0419000042602
520.1307999959681
522.8752999973949
554.1837999917334
496.9347000005655
481.44519999914337
573.2476999983191
485.31889999867417
479.2433999973582
584.6011000103317
477.0816000091145
479.0072999894619
549.3848000041908
483.21479999867734
531.5196000010474
614.5598000002792
520.4102999996394
501.30560000252444
572.6545999932569
509.513800003333
498.55179998849053
543.3350999956019
473.8733999984106
508.2247999962419
573.7273999984609
477.5058000086574
475.1962000009371
541.5499000082491
466.6608000115957
465.6463999999687
593.8427999935811
540.5796000122791
492.05779998737853
526.0974999982864
461.51179999287706
471.7801000078907
536.9318000011845
470.98149999510497
451.9525000068825
533.6931000056211
488.9736000041012
521.4596000005258
569.9980000063078
503.6988000065321
512.707900008536
588.1793000007747
501.5362999984063
476.16640001069754
539.378300003591
472.0736000017496
485.84359999222215
540.4755000054138
461.0489000042435
468.6917000071844
586.5933000022778
513.8163999945391
495.41709999903105
579.7099000046728
483.25029999250546
519.8722000059206
588.4556999953929
497.19829999958165
516.8608999956632
536.121600001934
478.12050000356976
504.5159000001149
585.8906000066781
518.3164000045508
507.86289999086875
572.3298999946564
496.04790000012144
510.39419999870006
555.4998999868985
475.63529999752063
461.5217000100529
540.8790999936173
504.6077000006335
476.67079999519046
545.7989000133239
461.2273999955505
468.929599999683
534.7914000012679
471.73939998901915
469.72039999673143
521.5109999990091
474.8697000031825
493.6218000075314
566.9174000067869
497.9637000069488
476.99629999988247
538.0464000045322
451.81319999392144
454.55199999560136
552.7794000081485
481.59920000762213
476.5990000014426
546.0399000003235
503.0074000096647
482.18780000752304
524.8610999988159
507.02089999685995
495.2034000016283
540.080200007651
480.3292000142392
491.43829999957234
539.6985000115819
494.3203999864636
496.9234000018332
571.186300003319
474.6084000071278
476.7098000011174
541.555799994967
471.9055999885313
501.16509999497794
551.3285999913933
478.5847000021022
497.70180000632536
538.018799998099
488.75009999028407
487.189399995259
518.9511000062339
475.7650000101421
473.8692000100855
536.2269000033848
461.4097000012407
487.27720000897534
585.4747000121279
488.85369999334216
501.45170000905637
536.8500000040513
492.85670000244863
467.14849999989383
554.4136999960756
467.3613000049954
481.1954000033438
532.588999994914
475.187799995183
483.3797999890521
571.8175999936648
484.8197999963304
506.69889998971485
547.991200000979
503.5781000042334
509.33030000305735
563.5078000050271
471.1356000043452
469.20089999912307
562.1085000020685
469.32570000353735
477.700300005381
543.1363000097917
476.58400000364054
465.59110000089277
537.2041999944486
472.82199999608565
502.95909999113064
597.332200006349
497.9472999984864
473.49940000276547
503.1315999949584
447.22770000225864
469.11700000055134
531.7244000034407
500.78729999950156
522.0407000015257
530.2303999924334
490.793399992981
506.25700000091456
578.095899996697
476.23319999547675
492.3521000018809
527.0548999978928
471.75480000441894
499.8663000005763
527.5774000037927
466.0184999956982
473.1733000080567
583.2095999940066
490.29079999309033
479.60580000653863
556.8140000104904
488.5934000049019
480.80489999847487
557.5546000036411
521.8458000017563
526.2095999933081
578.3839999930933
516.6533000010531
471.2104000063846
579.5232999953441
457.76640000985935
473.9933000091696
539.5229999994626
458.75609999347944
466.0820999997668
586.7445000039879
522.8693999961251
483.4872999927029
523.923200002173
496.6189000115264
497.08830000599846
539.1475999931572
513.0597999959718
511.85979999718256
523.5157999995863
463.93099999113474
452.34819999313913
529.382099994109
471.70970001025125
477.04079998948146
573.0947999982163
470.34420000272803
492.3567999940133
568.4805999917444
486.9794999976875
477.2031999891624
530.8019999938551
482.26759998942725
515.4291999933776
600.1435999933165
449.9682000023313
470.88440001243725
531.1196999973617
465.910899991286
472.68310000072233
530.7403000042541
483.42080001020804
494.33739999949466
517.848799994681
454.55379999475554
482.6984999963315
587.5550000055227
500.0002000015229
520.347599987872
587.1799000015017
459.6848999935901
455.67599999776576
509.6246000030078
507.2724999918137
530.8153999940259
534.0704999980517
473.86240000196267
453.1572999985656
502.7356999926269
468.3262000035029
467.57330000400543
558.2158000033814
481.014300006791
503.6603000044124
562.1304999949643
521.524199997657
485.6119000032777
521.886499991524
477.97569999238476
455.8413000049768
523.4962999966228
460.09930000582244
513.5589999990771
547.0044999965467
455.6097000022419
473.8495000055991
537.4294000066584
479.8328000033507
471.2606999964919
543.9982000098098
520.4254999989644
505.7242999901064
530.4497000033734
472.35949999594595
488.0921000003582
571.9053999928292
481.1074000026565
464.96230000047944
558.5046000051079
482.26039999281056
457.06950000021607
527.1787000092445
465.90049999940675
469.834899995476
540.8626999997068
475.41939999791794
471.43590000632685
533.6540000134846
509.0273999958299
462.60840000468306
548.3402999961982
469.3779999943217
465.74169999803416
526.5892000024905
516.2979000015184
507.6229999976931
532.1538999996847
493.77020000247285
515.7693000073778
590.341700008139
496.9280999939656
499.39850000373553
515.8187999913935
451.17289999325294
440.025500007323
549.7882999916328
462.0613000006415
450.4846999916481
550.5822999984957
486.3358000002336
497.04009998822585
562.1222000045236
494.6169999893755
481.95440000563394
546.1304999917047
493.1073000043398
467.9773999960162
522.082200011937
475.9438000037335
492.3888000048464
550.0049999973271
454.5388999977149
483.22040001221467
544.3921000114642
493.2435000082478
484.4448999938322
528.8544999930309
462.92439999524504
454.91990000300575
548.766699997941
450.34429999941494
430.7976999989478
514.3077000102494
444.94879999547265
491.500600008294
556.2301999889314
455.83629999600817
492.2552999923937
536.4723000093363
494.6285999903921
468.14959999755956
517.8577999904519
500.81260000297334
498.74139999155886
563.7892999948235
467.286500002956
462.1278999984497
568.5957000096096
486.9258999970043
489.95850000937935
566.0946999996668
474.08379999978933
444.79940000746865
528.1665000075009
508.0144000094151
479.24410000268836
515.6881000002613
450.4374999960419
473.1939999910537
553.0700000090292
452.8017000120599
454.8125000001164
519.8677000007592
452.75470000342466
465.27629999036435
534.7460999910254
451.5670999971917
437.80640000477433
526.2838000053307
496.4425999933155
463.86960000381805
519.9814000079641
459.9324000009801
457.2920000064187
554.0219999966212
515.6473999959417
518.1794000091031
511.86080000479706
512.2585000062827
464.54139999696054
560.0768000003882
453.9597999973921
457.4356999946758
496.95359999896027
481.5991000068607
515.5745000083698
533.8919000059832
513.4687000099802
521.2934000010137
565.4714000120293
477.83599999092985
461.32349999970756
568.2394000032218
479.2803000018466
504.9972999986494
542.4047999986215
483.6425999965286
506.76109999767505
559.7506999911275
461.25999999640044
484.9472999922
582.8253999934532
512.324900002568
464.06679999199696
526.0516999987885
463.2303999969736
478.2188000099268
537.8988000011304
515.5350999993971
479.36560001107864
584.1904999979306
476.4562000054866
453.5436000005575
508.5745999967912
502.91730000753887
504.5105000026524
505.0083999958588
468.8390000083018
491.9190999935381
584.7128000023076
457.51779999409337
457.3579999996582
588.4426999982679
502.91910000669304
523.2904000004055
600.9635000082199
516.0883000062313
500.16759999562055
541.3585000060266
500.6272999889916
520.1781000068877
598.5356999881333
490.1536999968812
479.1540000005625
610.1197999960277
519.7767000063322
473.4828000073321
581.7001999967033
476.07679999782704
519.9166000093101
605.0290999992285
512.1521999972174
503.006800005096
577.82109999971
502.5387000059709
502.52650000038557
557.5757000042358
525.1840999990236
516.2962000031257
601.7673000023933
476.8585000128951
455.35109999764245
547.6423999934923
456.25940000172704
455.6611000007251
522.3688000114635
467.2710000013467
480.9199000010267
559.1100000019651
475.05379999347497
462.1714999957476
553.0192000005627
504.3818999984069
501.87729999015573
538.6283000116237
481.58360000525136
497.5094999972498
514.1629999998258
453.92030000220984
466.869099996984
524.2869999929098
467.2056999988854
459.12820000376087
564.3122000037692
467.1472000045469
470.0931999977911
504.5979999995325
462.5845999980811
451.249599995208
527.3750000051223
476.8754999968223
455.13060000666883
534.9778999952832
463.5983999905875
431.0659000038868
542.2757999913301
452.27409999642987
465.62380000250414
542.685899999924
462.76450000004843
457.1481000020867
521.4066000044113
460.0515999918571
454.3898999982048
547.8956000006292
489.0021000028355
479.582300002221
536.6405000095256
460.7317000045441
458.6298999929568
513.4374000044772
447.87930000165943
442.96630000462756
520.4147000040393
445.669499997166
445.7929000054719
517.6293999975314
488.0905000027269
490.5734000058146
536.4476000104332
462.9770999890752
473.1242999987444
509.3609000032302
448.9677999954438
474.4623999868054
547.7567000052659
478.482399994391
488.76550000568386
551.3027999986662
458.8757000019541
456.11130000906996
522.7379000134533
454.1463999921689
456.2404000025708
538.9491999958409
447.5111000065226
439.8815000022296
529.9000999948476
459.3399000004865
450.49960000324063
511.2397000048077
484.89939999126364
478.6671999900136
546.8813000043156
489.53760000586044
452.5011999940034
545.0141999899643
450.5505999986781
445.95039999694563
531.528099993011
452.8617000032682
444.7132000059355
540.2160999947228
457.30290000210516
481.37059999862686
554.0769000072032
471.19139999267645
478.6353999952553
506.26979999651667
425.2909999922849
460.2556000027107
497.5107000063872
460.44230001280084
472.8765000036219
480.4246999992756
456.3223000004655
457.7521000028355
521.5311000065412
451.45019999472424
429.03829998977017
514.4444999896223
448.2362999988254
444.1603000013856
481.60090000601485
439.22400000155903
445.80639999185223
555.7510000071488
447.1880000055535
439.3205999949714
532.2977000032552
468.518599998788
483.40309999184683
524.944399992819
454.97140000225045
480.1675000053365
558.3235999947647
463.030400002026
450.2360000042245
551.5202999959001
454.3556999997236
446.78310000745114
513.9645999879576
448.27470000018366
484.3762000091374
526.8948999873828
430.8579000062309
482.94869999517687
552.4006999912672
481.0975000000326
463.92650000052527
504.08060000336263
435.14060000597965
441.63459999253973
514.8608000017703
470.8671999978833
447.1858000033535
544.3495000072289
446.5258999989601
442.4900999874808
517.2121999930823
472.90519998932723
448.31819999672007
506.3764000078663
488.75250000855885
490.265400003409
580.8974000101443
498.8725000002887
458.67909998924006
524.4108000042615
451.96580000629183
447.1705000032671
513.764799994533
448.9725000021281
458.2461000100011
551.8459000013536
504.0614000026835
500.12720000813715
530.0429000053555
507.55300000309944
486.94820000673644
543.9584999985527
498.7115999974776
481.15180000604596
506.41539999924134
502.497499997844
475.89899999729823
508.68220000120346
448.2806000014534
453.6288999952376
526.0370000032708
454.7220000094967
470.20949999568984
503.7655000051018
481.78859999461565
500.36700000055134
527.7176999952644
480.3670000110287
445.831699995324
512.4791999987792
480.871699997806
442.83590000122786
536.8212000030326
472.6589000056265
440.2425000007497
500.2451000036672
459.81010000105016
442.6666999934241
497.9240000102436
458.9257999905385
482.3420000029728
504.41890000365674
439.0605999942636
464.1652999998769
565.5006999877514
473.4929000114789
446.4752999920165
530.689799998072
479.37630000524223
459.63519999349955
515.8915999927558
475.2888999937568
497.8292000014335
505.8714000042528
451.78809999197256
448.2408000039868
505.41950001206715
468.0822999944212
485.2132000087295
551.6807999956654
473.5664000036195
487.46249999385327
552.5752999965334
441.2871999957133
455.47430000442546
513.8969000108773
448.16699999501
467.7986000024248
497.81390000134706
475.33349999866914
438.6210999946343
520.839300006628
481.6394999943441
484.8366999940481
515.0143999926513
452.02789999893866
443.0407999898307
490.12830000719987
460.8543000067584
493.2903000008082
524.2903999896953
467.42519999679644
498.8347999897087
484.28299999795854
484.9370000010822
478.18450001068413
513.5917000006884
487.5717999966582
498.03200000314973
563.0746999959229
466.732899993076
441.00109999999404
500.38349999522325
433.6538999923505
462.9660999926273
562.237100006314
488.08540000754874
471.8199999915669
510.03320000017993
479.96700000658166
465.3366999991704
510.01800000085495
442.0375000045169
447.5851000024704
501.4087999879848
437.3721000010846
436.3424000039231
486.0759000002872
431.5492000023369
437.95949999184813
511.68300000426825
459.30119999684393
463.5536999994656
505.26150000223424
477.4370999948587
436.1594999936642
542.4465000105556
511.40240000677295
461.0056999954395
494.66120000579394
434.5152000023518
434.3679000012344
505.7241000031354
440.19969999499153
459.9381999869365
500.6811000057496
493.8828000013018
509.10310000472236
537.401100009447
437.67999998817686
499.5647000032477
536.5563000086695
452.0397000014782
445.875099991099
516.4424999966286
448.98299999476876
505.55980000353884
571.4422000019113
490.4720000049565
497.34829999215435
513.4576999989804
446.68670000100974
447.8876999928616
516.0222999984398
450.3108000062639
493.809899999178
483.3314999996219
432.9016999981832
434.3712999980198
564.842799998587
492.9946000047494
506.9163000007393
559.9311999976635
439.66099999670405
445.2670000027865
501.3366000057431
500.68240000109654
505.691400001524
577.7140999998664
461.3223000051221
446.7937000008533
499.3877000088105
431.74379999982193
490.22279999917373
501.01269999868236
443.1139000080293
469.1024999920046
535.3525999962585
477.48289999435656
471.07230000256095
513.8933999987785
478.5643999930471
440.8304999960819
509.5879000000423
419.4193000002997
451.4907000120729
536.0118000098737
495.64619999728166
454.84429999487475
505.8398999972269
447.24380000843666
472.2487999970326
510.4283000109717
434.40269998973235
439.6975000126986
523.2027000020025
453.10489999246784
497.25679999392014
501.78439999581315
445.20590000320226
452.37250000354834
557.990700006485
472.1425000025192
445.9818000032101
541.3192999985768
467.3451999988174
456.6530000010971
501.2196000025142
439.4604999979492
463.5255000030156
556.4416999986861
439.5362999930512
451.62220000929665
504.331899996032
477.2436000057496
451.94939999782946
511.239100000239
488.56630000227597
451.3758999964921
567.9191000090213
444.6087999967858
468.5468999959994
546.468200001982
445.52130000374746
443.0380999983754
504.69329999759793
438.7851000064984
442.9797999910079
508.9155000023311
445.3494000044884
441.4942000003066
546.828499995172
438.36390000069514
429.3604999984382
573.7693999981275
498.42160000116564
489.07660000259057
524.7722000058275
450.86289999017026
474.6674000052735
572.0698000077391
493.0444999918109
439.7090999991633
505.1139000133844
442.94939999235794
436.4513999898918
493.2775000052061
434.4297000061488
465.10489999491256
519.8365000105696
447.92699998652097
446.06890001159627
499.20860001293477
502.36490000679623
488.14539999875706
547.1725999959745
466.05600000475533
440.06269999954384
514.4748000020627
436.7238999984693
442.7323000127217
506.8233999918448
473.55809999862686
420.7387999922503
499.665899988031
449.8440000024857
443.59110000368673
497.4435000040103
447.867299997597
430.76610000571236
509.2683999973815
445.06909999472555
460.2551999996649
500.3465000045253
440.05839999590535
465.7529000105569
530.4297999973642
447.24210001004394
446.18939999782015
470.98640000331216
453.91270000254735
471.1397999926703
542.7371999976458
474.9739000108093
472.9698000010103
505.1833000034094
457.74399999936577
446.7981000052532
524.8006000038004
434.18139999266714
428.18719999922905
498.73450001177844
420.95790000166744
417.23259999707807
484.3311000004178
428.492200007895
443.48830000672024
527.1306999929948
458.56450000428595
457.65329999267124
506.3558000110788
469.2307999939658
437.8805000014836
508.71700000425335
437.05700000282377
460.0147000019206
521.7447000031825
434.846700009075
444.8439999978291
502.78190000972245
438.49020000197925
442.9634999978589
531.6767000040272
460.0824999943143
465.52599999995437
493.21419998886995
465.0368000002345
431.4359000127297
500.16759999562055
426.94590000610333
451.2542000011308
494.7087000036845
455.2263999939896
487.82850000134204
558.9127999992343
471.80839999055024
487.2918000037316
606.5378000057535
452.98689999617636
473.3304999972461
526.9973000104073
459.7429999994347
436.11569999484345
503.53240000549704
463.081299996702
488.67029999382794
563.0362000083551
433.4136999968905
422.18019999563694
477.8731999977026
435.0793000048725
464.7597000002861
505.7468000013614
475.0774999993155
467.1364999958314
501.43289999687113
438.62760000047274
453.7895999965258
502.9813000001013
440.1874999894062
441.6519999940647
504.637999998522
442.10249999014195
435.1239999959944
502.6741000037873
469.4425999914529
454.91209998726845
499.02689999726135
439.3261000077473
439.0795000072103
523.1918999925256
442.2432999999728
437.63089999265503
550.8287999982713
435.19170000217855
423.510399996303
512.9554000013741
483.7039999983972
441.7348999995738
505.48359999083914
435.01309999555815
440.9133000008296
516.8312999885529
461.29789999395143
472.90209999482613
505.51329999871086
432.55219999991823
481.4106999983778
516.3062999927206
448.1410999869695
486.41159999533556
503.33260001207236
445.5943999928422
440.6100000051083
479.65389999444596
440.1794999866979
445.065899999463
494.5893999974942
464.86860000004526
458.77489999111276
509.1894999932265
425.6342000007862
469.2860999930417
553.1995999917854
449.45949999964796
468.35169999394566
505.9929999988526
456.5470999950776
453.85510000051
518.1052999978419
433.2253999891691
454.77199999731965
520.4154000093695
436.5269999980228
426.88270000508055
523.3655000047293
434.5660999970278
478.3762000006391
533.8822999910917
456.75219999975525
448.25280000804923
498.1840000109514
437.1367999992799
484.93959999177605
568.3591999986675
485.64539999642875
470.94949999882374
493.32789999607485
455.91889999923296
479.9884999956703
520.5127999943215
415.96329999447335
451.5268999966793
523.2621000031941
434.68059999577235
429.9038000026485
494.1028000030201
430.2534000016749
446.368299992173
543.8142999919364
430.2023999916855
464.0989999898011
471.5391999925487
442.11810000706464
439.10679999680724
547.5848000060068
433.27760000829585
484.73499999090564
471.4017999940552
435.7975000020815
435.7111999997869
480.2969000011217
458.4939000051236
486.73460001009516
509.72170000022743
437.97459999041166
420.99359999701846
548.671500000637
476.8191999901319
436.91669999680016
500.8571999933338
437.70690000383183
428.3438999991631
503.85280000045896
437.96629999997094
443.28580000728834
497.66409999574535
446.78720000956673
494.65280000003986
542.6023999898462
453.09730000735726
443.53180000325665
556.7520999902626
480.2392999990843
437.32420000014827
501.283899997361
423.87860000599176
428.93899999035057
520.8803999994416
481.31519999878947
452.1621000021696
544.4534999987809
464.62629998859484
469.6860999974888
521.8451999971876
414.43879999860656
419.7848000039812
491.39359999389853
438.46220000705216
435.53269999392796
472.8015000000596
450.5674999963958
471.85760000138544
530.1631999900565
470.457899995381
447.060300008161
497.5591000111308
438.7908999924548
437.77119999867864
502.77550000464544
429.4262999901548
457.34059999813326
531.7251999949804
472.0734000002267
463.75999999872874
523.3595999889076
441.70470000244677
438.20959998993203
501.62409999757074
448.22459999704733
462.2553999943193
468.5689000034472
442.2342000034405
472.88440000556875
533.710500007146
469.09270000469405
414.77149999991525
495.07989999256097
424.86949999874923
420.39880000811536
511.8446000124095
445.9906999982195
451.2202000041725
519.7909999988042
430.05350000748876
435.22220000158995
498.31320000521373
429.1423999966355
430.68140000104904
476.22200001205783
421.3515000010375
428.2249999960186
503.1894999992801
418.0402000056347
426.00920000404585
536.0930999886477
459.4049000006635
432.19730000419077
539.4414000038523
471.9191000040155
489.5503000007011
570.7704000087688
463.39019999140874
443.25720000779256
504.5728999975836
471.2236000050325
434.85819999477826
499.5649000047706
430.1684999954887
429.8469000059413
527.6560000056634
441.4856000075815
468.269799996051
547.1819999947911
483.4811000037007
476.57330000947695
536.6551000042818
446.71930000185966
435.0941000011517
501.045900004101
461.0610999952769
460.0739000015892
510.7667000120273
432.16940001002513
445.495200008736
485.0925000064308
444.8459000122966
488.54380000557285
509.6990000020014
464.55910000076983
471.44399999524467
509.09069999761414
467.88959999685176
491.1565999937011
510.24419999157544
437.8091999969911
433.96010001015384
524.8493000108283
491.2925999960862
495.5064000096172
528.6131000029854
429.0028999967035
443.2879999949364
535.0887999957195
418.98449999280274
430.4363999981433
540.2193000045372
447.2078999970108
472.9298999882303
504.26190000143833
432.17850000655744
441.03159999940544
480.5789999954868
440.8696000027703
437.59570000111125
535.4988000035519
494.76220000360627
494.10419999912847
496.86410000140313
438.7066000053892
468.62220000184607
539.325399993686
444.3338999990374
440.76850000419654
561.4308000076562
468.00409999559633
446.27179999952205
552.8071000007913
469.5729999948526
451.2931000062963
498.24529999750666
434.09939999401104
436.5117999986978
563.1525999924634
496.0778999957256
479.42619999230374
546.4728000079049
486.2868000054732
453.4309000009671
577.3214000073494
465.28760000364855
432.0597000041744
506.59110001288354
464.4525000039721
469.9508000048809
470.6908999942243
414.5089999947231
433.2445000036387
534.3904999899678
493.5743999958504
434.0877999929944
497.66740000632126
430.4433000070276
446.3733000011416
519.1668999905232
440.8722999942256
461.3188999937847
524.5137000019895
462.2506000014255
470.81720001006033
567.5883999938378
464.6668000059435
431.28070000966545
498.2720999978483
483.0070000025444
473.5545000003185
518.2053000025917
475.791399992886
485.4163999989396
521.9587999890791
468.5171999881277
495.7830999919679
583.4896000014851
449.25429999420885
460.11729999736417
539.6706000028644
443.7231000047177
429.22839999664575
497.97189999662805
432.9217000049539
427.6210000098217
503.7824000028195
447.7467999968212
435.6155999994371
472.30059999856167
433.38679999578744
498.7535999971442
518.9996999979485
441.59810000564903
437.7365000109421
537.0825999998488
459.1616999969119
473.4529000124894
498.03529999917373
452.6299999997718
502.8462999907788
508.82210000418127
465.06000000226777
481.0006999905454
524.3668999901274
419.2019999900367
433.4798000054434
479.2931999982102
504.15970000904053
472.00619999784976
520.4341000062414
431.7758999968646
445.4743999958737
486.8985000066459
437.73479999799747
441.69289999990724
502.8574000025401
436.44740000308957
453.85689999966417
530.7404999912251
498.94960000528954
437.570299996878
480.15220000525005
443.61670000944287
436.8667000089772
510.7038999994984
477.1783000032883
460.3495000046678
556.866800005082
448.35170000442304
427.73399999714456
528.5116000013659
428.6694000038551
450.00500000605825
544.0168999921298
454.7708000027342
445.26849999965634
525.6012000027113
464.5340999995824
469.742999994196
531.7142999992939
468.16540000145324
439.01640000694897
512.9270000034012
450.3368000005139
431.2964999990072
503.3480999991298
425.472400005674
430.2167999994708
541.5546000003815
464.5256999938283
429.05489999975543
491.93460000969935
441.73269999737386
455.2841999975499
545.9886000026017
472.8066000097897
465.75859999575187
529.0883999987273
474.7195000090869
473.7370000075316
498.7045999878319
427.3717000032775
451.66160000371747
518.456600009813
468.1136999861337
434.4435999955749
503.21619999886025
471.70579999510664
473.98739999334794
497.7682000026107
426.049099987722
451.5536999970209
529.9083999998402
458.85660000203643
466.1792999977479
545.6389000028139
453.9628000056837
439.35179999971297
505.18449999799486
464.47859999898355
460.3927999996813
542.1475000039209
429.39940000360366
430.7490999926813
481.77830000349786
414.3757999991067
442.3137999983737
549.8129000043264
457.3819000070216
468.1663999945158
470.6507000082638
408.9057999954093
414.1916999942623
545.2914999914356
462.3379999975441
431.41459999606013
510.3039999958128
435.142000002088
430.478000009316
496.54150000424124
451.0483000049135
445.5826000048546
492.38520000653807
428.3685999980662
428.2855999917956
504.7690000064904
429.09879999933764
446.00070000160486
504.8825999983819
432.90660000639036
445.1013999932911
502.9538000089815
437.2315999935381
458.01930000016
497.96589999459684
422.22079999919515
457.7745999995386
530.5517000088003
442.7152000134811
428.0691000021761
529.0302999928826
436.71910000557546
441.04170000355225
484.5006000105059
441.970499989111
436.70179999026004
498.7989000073867
433.0783000041265
432.77949999901466
470.7817000016803
440.8566000056453
460.7294000015827
496.68139999266714
431.92309999722056
427.99599999852944
529.0820000082022
474.54320000542793
439.5732999983011
508.8855999929365
443.45169998996425
463.48829999624286
476.93609999259934
438.2547999994131
438.2750000077067
556.8764000054216
481.7333000100916
428.7303000019165
492.0118000009097
442.43640000058804
434.7675999888452
494.2336999956751
427.85880000155885
431.26589999883436
496.338899989496
430.63709999842104
412.8084999974817
502.29550000221934
444.9986999970861
484.1683999984525
573.6637999943923
422.8443000029074
445.2718999964418
506.0639000002993
442.6945000013802
443.53780000528786
506.63109999732114
441.6271000081906
461.4157000032719
556.6427000012482
468.5120999929495
431.89340000390075
504.189100000076
484.76219999429304
431.87529999704566
535.7630999933463
462.3037999990629
484.9079999985406
486.61349999019876
450.8271000086097
454.2786999954842
528.8100999896415
422.28050000267103
434.95070000062697
559.3712999980198
480.08030001074076
421.07019999821205
500.56380000023637
453.45600000291597
427.97029999201186
537.2208999906434
441.4896999951452
440.5482000001939
513.0395000014687
441.015200005495
477.40950000297744
528.2710000028601
429.0668000030564
420.30669999076054
566.5345000015805
474.4166000018595
419.6788999979617
522.1386000048369
468.03770000406075
485.9676999913063
517.8602000087267
474.4017999910284
434.73989999620244
467.27150000515394
440.95789999119006
436.7414000007557
504.8876999935601
439.53820000751875
468.68089999770746
562.2227999992901
460.6000000057975
438.2442999922205
493.282099996577
436.61779999092687
430.2741999999853
536.0675000119954
477.60610000113957
428.1176999938907
490.0633000070229
427.2506999986945
431.98259999917354
490.73170000337996
422.4806999991415
429.1386999975657
515.0764999998501
464.75219998683315
450.0518999993801
488.85160000645556
459.9292000057176
500.91560000146274
549.9833999929251
488.9333000028273
432.1512000024086
497.23560000711586
419.8455000005197
424.74760000186507
538.3255000051577
480.1968000101624
459.5470999920508
497.07280000438914
422.7435999928275
414.3002999917371
500.78439999197144
423.3594999968773
452.82930000394117
523.1290999945486
469.25420001207385
433.5486000054516
533.8871999992989
426.5750000049593
438.04750000708736
499.1840000002412
415.2058999898145
440.30479999491945
494.8566000093706
432.2072999930242
450.7071999978507
502.3715999996057
437.4071000056574
444.03059998876415
511.220799991861
455.44150000205263
452.0864999940386
530.8992000063881
455.33440000144765
445.922699989751
522.954000000027
460.8382000005804
446.86120000551455
488.48919999727514
455.5460999981733
455.7904000103008
508.73329999740236
429.0198000089731
425.7919000083348
494.9361999897519
423.1549999967683
420.4064999939874
488.81140000594314
416.61780000140425
436.26810000569094
495.7175999879837
431.05990000185557
431.5959999948973
494.615600007819
428.08050000166986
415.6952000048477
492.3408000031486
427.85839999851305
430.1751999882981
475.5868000065675
438.6708000092767
429.87120000179857
493.1549000029918
457.60860000154935
447.4274999956833
503.3287999976892
442.0100999996066
447.9367000021739
525.4621999920346
433.9251999917906
432.50280000211205
524.2186000104994
445.3226000041468
422.09550000552554
513.5823000018718
444.097999992664
438.7053999962518
504.5045000006212
431.44000000029337
431.39240000164136
497.3245000001043
444.52029999229126
427.00120000517927
482.7625000034459
465.15369998815004
465.06879999651574
519.8668999946676
431.7481000034604
434.91750000976026
529.7101000032853
451.34079999115784
426.8226999993203
465.4503000056138
439.39400000090245
428.2757000037236
500.3343999997014
454.64140000694897
445.2754000085406
508.8346999982605
446.41459999547806
415.1542000035988
454.20809999632183
419.2339000001084
415.3793000004953
496.998500006157
430.5527999968035
423.91569999745116
481.3463999889791
422.08439999376424
419.1909999935888
494.86760000581853
444.7441000083927
422.45379999803845
503.3376999926986
472.2444000071846
445.06000001274515
500.2621000021463
452.2853000089526
450.3042000142159
483.1059999996796
432.0203999959631
468.21320000162814
554.8765999992611
421.68640000454616
434.06649999087676
491.24469999514986
440.5330000008689
439.5904000120936
513.1937000114704
445.4612999979872
421.9647999998415
472.5466000090819
415.1877000113018
475.35019999486394
547.3404999938793
432.4525999982143
430.3566000016872
495.58170000091195
410.79419999732636
458.03090000117663
509.798300001421
434.76939998799935
426.54050000419375
539.7550000052433
442.1242000098573
425.36330000439193
475.1934999949299
421.01459999685176
419.81659999873955
488.4366000042064
453.55259999632835
421.34709999663755
485.724999991362
419.0560999995796
429.36310000368394
502.3786000092514
461.19200000248384
460.8726000005845
531.4222000015434
458.74560000083875
477.3977000004379
489.4561999972211
432.6281000103336
418.35949999222066
561.9589000125416
473.4991000004811
483.3520999964094
492.39819998911116
422.8380999993533
417.8666000079829
548.4766000008676
480.6712999998126
479.8331999918446
505.86699999985285
420.6365999998525
485.54360000707675
561.5257000026759
450.7546000095317
429.84519999299664
494.72299999615643
425.69789999106433
419.1986999940127
556.0065000026952
442.63070001034066
441.57280000217725
523.8888000021689
429.6003000054043
410.2975999994669
468.3948999881977
431.57300000893883
434.4870000059018
502.56020000961144
436.804500001017
436.8607999931555
478.3559000061359
421.57389999192674
437.14969999564346
483.87799999909475
427.2091000020737
411.5768999909051
504.6322999987751
445.71369999903254
437.26279999827966
472.7257000049576
425.66760000772774
429.35610000859015
488.4945000085281
430.376599993906
424.6846000023652
504.80399999651127
428.4329000074649
409.16819999984
510.0368999992497
473.88299999875017
430.5261999979848
502.8299999976298
430.45050000364427
429.2979999881936
486.76010000053793
413.01629999361467
424.0833000076236
490.9087999985786
433.5814000078244
417.6803000009386
534.4815999997081
441.2776999961352
419.2289000056917
486.1735000013141
411.82380000827834
418.6297999985982
492.6971999957459
445.14570001047105
404.57870000682306
480.27379999984987
467.9786999913631
472.5745000032475
548.5991000023205
466.7244000011124
429.13879999832716
548.6398000066401
430.8219999948051
420.72349999216385
492.77270000311546
417.2398999944562
426.80939999991097
479.41860000719316
416.2691000092309
414.61200000776444
481.8715000001248
415.36090000590775
428.34290000610054
480.2249999920605
447.58370000636205
456.32900000782683
538.2553999952506
457.1041999879526
404.3989000056172
507.5700000015786
470.88110000186134
470.8309000125155
543.7748000113061
443.98379999620374
416.2471000017831
511.8490000022575
447.27019999118056
438.9655999984825
505.13669999781996
456.68070000829175
420.4994000028819
477.8045000130078
459.74559999012854
414.7698000015225
519.0425999899162
459.747700006119
437.4753000010969
526.0695000033593
470.52019998955075
422.18369999318384
469.0073000092525
462.12510000623297
480.0749999994878
557.8756000031717
439.1382999892812
418.5515999997733
471.01340000517666
448.61459999810904
413.9205999963451
550.6621999957133
439.8122999991756
473.8694000116084
527.5978999998188
412.825100007467
418.84359999676235
475.05069999897387
437.4822999961907
458.7445000070147
491.1413999943761
420.49850001058076
425.3573000023607
493.0196000059368
393.6093999946024
402.6397999987239
477.7265000011539
437.4662000045646
416.3962999882642
489.58829999901354
395.0450999982422
426.82670000067446
500.736500005587
421.751600006246
418.43689999950584
479.11430000385735
417.8900000115391
420.9382999979425
482.7728000091156
399.84240000194404
421.8252999999095
497.0391000097152
451.9898999860743
434.61090000346303
476.45960000227205
449.36489999236073
467.4881000100868
521.5016000001924
433.35710000246763
459.05030000722036
495.5200000113109
445.2622000098927
444.25509999564383
468.80060000694357
411.79870000632945
440.477700001793
517.4381999968318
453.0850000010105
430.58069999096915
471.30530000140425
424.2011000023922
422.78710000391584
483.55309999897145
418.8350000040373
424.37940000672825
508.2700999919325
422.95130000275094
447.64980000036303
492.34399999841116
403.6992999899667
415.4312000027858
484.4913999986602
434.41810000513215
422.0423000078881
486.75559999537654
423.2521999947494
418.2213000021875
474.33019999880344
455.09190000302624
453.3358000044245
515.6898999994155
408.07679999852553
406.4979999966454
459.6646999998484
423.4164000081364
419.17179999290965
505.9995000046911
414.15280000364874
432.1732000098564
485.93480000272393
413.5441999969771
430.695699993521
485.0646999984747
411.1700999928871
415.33829999389127
484.11119999946095
423.00179999438114
407.29319999809377
481.78570000163745
452.20650000555906
452.7458999946248
482.73299999709707
414.34240000671707
438.58230000478216
498.6547000007704
420.36730000108946
420.97280001326
467.1412000025157
422.1851000038441
416.0245999955805
485.9576000017114
400.05440000095405
417.90440000477247
486.1572999943746
423.1020000006538
419.37920000054874
455.2537999988999
421.9909999956144
410.04899999825284
482.4722000048496
411.25070000998676
452.3012999998173
513.6077999923145
455.2976000122726
468.61019999778364
506.0397000052035
438.2077000045683
459.50040000025183
516.7706000065664
434.9805999954697
415.53129999374505
485.84029999619815
408.0073000077391
420.70000000239816
474.1301000030944
436.47580000106245
418.902799996431
516.4818000048399
452.14159999159165
451.45039999624714
476.32489999523386
395.76100000704173
416.14810000464786
492.96570000296924
425.16720001003705
473.91489999426994
553.8847999996506
438.17559999297373
451.81769999908283
548.1652000016766
424.1137999924831
412.1210999874165
509.8373999935575
419.38730000401847
403.17429999413434
491.2387999938801
402.11640000052284
419.48639998736326
475.3919000067981
458.67039999575354
422.59800000465475
503.8238999986788
414.14500000246335
422.65360000601504
483.54119999567047
417.31809999328107
416.471200005617
492.5240999873495
437.8212000010535
409.057999990182
497.70059999718796
416.8099000089569
429.7223000030499
479.5439000008628
421.5206000080798
423.55429999588523
511.39420000254177
445.35359999281354
409.3180000054417
461.49070000683423
455.23530000355095
413.8133999949787
533.2150000031106
440.65400000545196
452.2856999974465
498.1835000071442
420.34090000379365
406.59349999623373
523.1318000005558
470.53050000977237
403.9587000006577
484.86250000132713
415.1888000051258
432.9996000014944
498.9130000030855
416.9056999962777
423.11390000395477
471.2262999964878
446.9941999996081
467.78759999142494
527.4002999940421
415.10650000418536
398.3697000076063
530.7830999954604
412.78020000027027
402.57829999609385
470.2904000005219
423.89859999821056
411.1057999980403
473.6154999991413
417.4427999969339
408.25399999448564
502.32150001102127
416.21630000008736
406.7789999971865
471.17759998945985
388.2329000043683
420.61000000103377
461.62669999466743
433.98469999374356
441.42039999132976
472.81520000251476
408.1265999993775
416.47050000028685
507.50320000224747
472.2754999966128
455.44689999951515
453.73529999051243
418.9279999991413
415.74450000189245
470.05229999194853
427.3428000014974
422.7972999942722
482.18600000836886
429.01720000372734
437.6835999864852
505.33010000071954
433.468899995205
422.0858000044245
474.02779999538325
465.09519999381155
462.24089998577256
520.36369999405
468.1736000056844
417.2299999918323
473.1090999994194
408.88339999946766
404.29540000332054
534.7135999909369
449.9031000013929
403.98210000421386
510.99940000858624
468.4629999974277
434.03819999366533
497.74299999990035
472.14519999397453
421.14269999729004
480.74860000633635
458.4803000034299
443.66119999904186
517.710400003125
464.5320999989053
465.7096000009915
534.95469999325
467.8157999878749
433.9190000027884
516.8875999952434
413.1915000034496
428.41899998893496
483.87650000222493
419.28819999156985
416.4141000073869
469.4827999919653
416.0930000070948
414.2922000028193
485.7025999954203
406.2535000120988
415.42430000845343
479.525000002468
412.90330000629183
419.74240000126883
495.978400009335
432.0482999901287
439.08850000298116
502.82850000075996
408.56530000746716
446.1804000020493
503.1608999997843
412.0429000031436
415.775899993605
472.947700007353
421.9815000105882
398.9482000033604
475.3130999888526
403.3560999960173
455.2579000010155
459.012299994356
411.8221000098856
410.7990000047721
485.25150000932626
415.1094000117155
418.40310000407044
496.6778000089107
425.85470000631176
417.2206999937771
453.6350999987917
418.27910000574775
445.86570000683423
472.78300000471063
459.5197000016924
419.9771999992663
491.3495999935549
448.951099999249
437.6238000113517
496.77680000604596
435.7484999927692
418.0516000051284
487.51720000291243
413.84589999506716
403.5939000023063
474.5965000038268
409.07929999229964
412.3650999972597
492.93300000135787
455.3186999983154
468.6724999919534
526.3509000069462
415.6022999959532
410.39350000210106
474.84709999116603
433.58379999699537
451.67680000304244
509.75389999803156
431.9242000055965
435.3229999978794
524.7156999976141
397.68939999339636
420.58419999375474
476.1839999991935
415.2667000016663
412.7520000038203
476.75110001000576
444.06619999790564
410.0001000042539
527.329100004863
430.9251999948174
417.271600003005
503.9589999942109
416.40929999994114
452.4184000038076
499.6599000005517
452.1034000063082
413.35800000524614
477.29270000127144
411.147599996184
411.15080000599846
521.8079999904148
423.844500008272
411.77829999651294
515.857699996559
419.90539999096654
445.151200008695
508.87130000046454
423.1595000019297
418.2042000029469
470.0022000033641
421.58320000453386
418.98740000033285
486.67359999672044
434.4131000107154
428.96079999627545
514.6684999926947
459.7780000040075
464.64150000247173
516.3494000007631
435.8171000058064
460.66910000809
520.3291999932844
449.57070000236854
454.0594999998575
510.50809999287594
424.98490000434685
455.78540000133216
468.9892000023974
427.0997000130592
423.3738000039011
489.11670000234153
427.30009999650065
425.1427999988664
523.2955999963451
470.7278999994742
453.38279999850783
503.0196000006981
470.02429999702144
468.46270000969525
488.06050000712276
407.8060999891022
421.710599999642
529.0202999894973
467.14959999371786
425.0975000031758
490.51399999007117
417.5461999984691
414.2539000022225
460.9292999957688
416.09579999931157
413.5507000028156
474.7632000071462
418.8378999970155
465.56340000825
508.3396999980323
456.9125999987591
419.27700000815094
475.87369999382645
414.8834999941755
458.14630000677425
498.107199993683
418.1479999970179
399.34449999418575
497.928700002376
447.5852000032319
432.8499999974156
494.0038999920944
418.7818999926094
445.177200002945
511.28539998899214
451.99120001052506
409.3483000033302
478.9380000001984
414.8436999967089
431.70939999981783
487.0819999923697
417.75459999917075
422.82809999596793
476.3141000003088
417.145100000198
413.2697000022745
489.3027000071015
446.17000001017004
424.4724000018323
535.3220999968471
459.08060000510886
401.54470001289155
495.6322999933036
430.9000999928685
423.5651000053622
496.01719999918714
415.14109999116044
434.8868999950355
478.6408000072697
401.8958999949973
403.3255999966059
478.94849999283906
426.2714000069536
467.1937000093749
536.9051000016043
467.7053000050364
466.38159999565687
527.0744999870658
414.2242000089027
425.2942999883089
481.8663000041852
419.54690001148265
403.8097999873571
517.8003000037279
465.9576999983983
453.87700000719633
541.086399985943
467.80140000919346
438.42880000011064
488.3828000020003
419.48269998829346
431.5727000066545
496.6255000035744
468.31850000307895
461.58469999500085
475.74639999947976
438.2244000007631
468.88609998859465
508.17069999175146
435.713200000464
437.39560000540223
468.97549999994226
419.6022999967681
422.49270000320394
504.20049999956973
464.0408999985084
465.25959999416955
489.76979999861214
418.479700005264
435.227499998291
550.0936000025831
479.17299999971874
444.180000005872
532.5475999998162
454.16320000367705
412.4179000064032
491.9125000014901
434.2605999991065
415.10399999970105
533.158000005642
414.2351000045892
411.39989999646787
473.86480000568554
413.389699999243
425.1689000084298
498.5443000041414
464.1642999922624
435.46750000678
479.45919999619946
412.21219999715686
424.8622000013711
550.1082999981008
433.03679999371525
415.78429999935906
552.5062999950023
441.6830999980448
469.73609999986365
554.2433999944478
419.89010000543203
413.84670000115875
473.00990000076126
445.606699999189
463.2428000040818
551.9285999907879
472.9343999933917
476.90029999648686
497.4984000000404
422.93499999505
423.66140001104213
474.5402999978978
418.0722000019159
417.7747000067029
478.81829999096226
424.8729000100866
439.0062000020407
486.4577999978792
429.1884999984177
434.0349999984028
486.0871999990195
431.16040001041256
413.8681999902474
474.03420000046026
406.940000000759
398.2458999962546
479.1570000088541
412.9815000051167
416.4999000058742
480.39179999614134
455.7585000002291
420.1242999988608
522.8027999983169
427.4986000091303
422.4367999995593
475.8256000059191
417.9549999971641
409.0907000063453
524.1112999938196
429.1679000016302
436.9255999918096
530.3172999992967
439.4827000069199
421.4928000001237
520.3278999979375
423.44290000619367
430.4206999950111
510.9894000052009
414.3474000011338
449.5186999993166
511.84970000758767
451.9030999945244
419.56999999820255
498.69269999908283
413.3130000118399
392.5768000044627
450.8586000010837
413.12399999878835
453.20420000643935
486.97310000716243
415.4080000007525
410.034500004258
474.76160000951495
407.61120000388473
413.42850000364706
464.00760000688024
430.5798999994295
401.26370001235045
455.57250001002103
420.30110000632703
447.2708999965107
504.44839999545366
485.709600005066
458.1081000069389
512.3115000023972
419.4671000004746
437.66429999959655
479.99999999592546
412.0242000062717
430.32050000329036
518.9332000009017
418.94989999127574
416.06380000303034
480.148199989344
413.9906000054907
406.09720000065863
450.35809998807963
406.136300007347
415.1718999928562
462.9609000112396
403.9085999975214
410.3018999885535
495.11819999315776
433.8011999934679
413.60569999960717
478.38420000334736
435.8334999997169
415.75709999597166
511.0214000014821
451.8521999998484
412.7264999988256
525.4909000068437
453.855299987481
453.776199996355
505.42730001325253
435.8498000074178
418.3019000047352
483.55640000954736
420.5775000009453
422.1804999979213
479.1589000087697
412.31149999657646
413.76759999548085
509.18739999178797
432.51309999322984
393.10939999995753
457.84180000191554
410.77210000366904
441.46260000707116
518.9276000019163
418.9172999904258
414.21360000094865
474.76490000553895
426.8690000026254
469.84099999826867
504.34759999916423
456.4588999928674
434.772199994768
549.111600004835
440.2923000016017
458.1661999982316
529.3151000078069
421.4007999980822
439.86519999452867
490.51390000386164
448.51219998963643
422.15820000274107
486.21600000478793
416.6704999952344
448.8620999909472
486.2610999989556
426.7466999881435
426.3984999997774
476.64090000034776
458.73610000126064
474.70969999267254
487.4710000003688
415.07780000392813
444.1538000100991
519.0131999988807
416.9737000047462
415.4510999942431
540.5920000048354
434.7505000041565
424.30050000257324
593.6453000031179
490.3485999966506
475.7926000020234
521.5183999971487
415.34049999609124
417.1028999990085
551.6173999931198
396.6498999943724
426.23009999806527
534.5858999935444
443.56810000317637
436.43359999987297
486.96470000140835
407.24470000714064
414.8146999941673
553.6800000118092
440.39709999924526
435.1838000002317
465.61349999683443
434.38250001054257
431.05079999077134
480.3295000019716
418.16459999245126
423.6442000110401
449.16899999952875
462.5182000017958
435.0574999989476
476.0357000050135
416.4036000001943
429.8411999916425
488.44180000014603
425.9343999874545
420.6969999941066
471.1624999908963
421.10540000430774
422.8080000029877
488.8875000033295
438.1395000091288
470.6134000007296
552.6814000040758
471.89780000189785
454.8017999914009
526.4171000017086
467.16129999549594
438.06559999939054
494.2977000027895
413.62239999580197
426.84379999991506
489.89050000091083
411.959700009902
399.45060000172816
485.82109999551903
414.720100001432
410.5985000060173
516.6761999862501
440.43190000229515
421.01640001055785
519.0933999983827
471.6010999982245
472.4757999938447
490.6306000048062
414.5470000075875
436.47890001011547
487.6619999995455
422.50529999728315
426.57860000326764
517.1745999978157
433.4912000049371
441.0733000113396
465.34670000255574
406.1541999981273
416.421400004765
509.8728000011761
478.29869999259245
430.27430000074673
492.76320000353735
401.4896000007866
435.6963000027463
503.07530000281986
432.494200009387
441.0785000072792
477.64259998803027
412.24229999352247
420.4128999990644
520.2945000055479
400.3591999935452
404.3007000000216
513.7141000013798
426.14910000702366
443.80969999474473
489.9654999899212
427.6618000003509
409.76680000312626
483.5655000060797
446.3672999991104
435.808399997768
464.1375000064727
404.4184999947902
409.3157000024803
486.30300001241267
423.5846999945352
408.1950000108918
474.3373999954201
397.6358999934746
423.74140000902116
495.6627000065055
420.46039999695495
423.6736999882851
466.5153000096325
418.10999999870546
449.61209999746643
516.4297000010265
453.87949999712873
435.17959999735467
493.29969999962486
456.520100007765
450.63000000664033
509.4253999995999
459.23180000681896
453.1389999901876
528.0000999919139
455.65329999953974
455.34760000009555
469.84550000343006
409.09410000313073
417.2044000006281
496.47069998900406
443.71809999574907
454.2885000118986
466.77420000196435
408.35740001057275
426.91199999535456
502.51859999843873
437.9322000022512
426.9009999989066
486.52629999560304
448.3735000103479
416.0093999962555
481.1340000014752
434.3841999943834
447.13109999429435
521.2118000054033
434.75840000610333
411.33769998850767
493.08149999706075
450.4864000045927
446.67410000693053
511.11930000479333
429.7385999961989
423.53580000053626
468.02679999382235
416.4472999982536
416.4738999970723
487.904299996444
445.350399997551
449.7280000068713
519.8528000037186
421.55539999657776
403.9984000119148
497.8601999901002
422.15919999580365
413.18479999608826
473.5534000064945
417.07619999942835
419.10830000415444
483.31800001324154
418.6358000006294
422.32850000436883
493.89569999766536
411.3126000011107
435.1045000075828
450.7873999973526
428.8111000059871
421.05600000650156
429.0502999938326
426.57160000817385
416.4192999887746
513.2229000009829
418.036300005042
457.95389999693725
523.7514999898849
436.6957000020193
461.8246000027284
524.4820999942021
417.87469999690074
415.0024999980815
508.8116999977501
452.19330000691116
413.9106999937212
478.5781999962637
416.0881999996491
415.5789999931585
475.1002000120934
420.65139999613166
422.008099994855
479.5432999962941
435.8377000025939
413.7107999995351
466.7085999972187
444.7999000112759
441.36640000215266
486.59529999713413
417.7633000072092
413.19200000725687
470.17670000786893
462.1716999972705
444.6213000046555
523.5924000007799
468.2615000056103
444.33749999734573
478.23810001136735
415.5033999995794
410.9786000044551
486.96490000293124
412.61429998849053
405.25500000512693
499.50010000611655
455.7066000124905
425.1197000121465
483.770300008473
417.9560000047786
413.85929999523796
461.16150000307243
408.3113999950001
427.89999999513384
539.4606000045314
465.45630000764504
458.10429999255575
515.4177999938838
421.8703000078676
416.4029999956256
475.8499000017764
415.9923999977764
419.2512000008719
470.8569000067655
412.6180999883218
416.1261999979615
476.3468000019202
446.07529998756945
434.19189999985974
476.6184999898542
418.07149999658577
441.37279999267776
535.8986999926856
466.62569999170955
430.45310000889003
539.4154000096023
418.47520000010263
470.67280000192113
533.8071000005584
471.3086999981897
458.15869999933057
539.4253999984358
414.386900010868
433.8270000007469
454.7756000101799
422.99560000537895
428.2092999928864
477.13879999355413
402.09970000432804
415.3813999873819
512.4371999991126
477.0888000057312
425.3593000030378
475.8100999897579
411.7556999990484
409.33989999757614
485.72409999906085
414.0707000042312
467.03420000267215
547.5545999943279
464.0953000052832
467.7629999932833
488.73680000542663
409.2325000092387
430.06729999615345
517.7109999931417
430.3675000119256
425.01289999927394
531.5754000039306
461.6519999981392
414.8506999918027
484.0256000024965
420.9378999948967
434.2160999949556
532.3160999978427
465.5287000059616
416.03559999202844
528.2220000080997
461.93700000003446
432.8496000089217
471.47360000235494
410.54260000237264
432.3032999964198
541.1096000025282
442.58459999400657
459.0996000042651
534.3741000106093
451.2514999951236
452.5489999941783
489.73439999099355
421.0060999903362
450.478300001123
483.3146999881137
413.0989999976009
410.422800006927
519.4626999873435
441.5770999912638
454.47430000058375
456.590599991614
446.0878999962006
466.86420000332873
544.0201000019442
456.6744000039762
419.48120000597555
471.24820000317413
432.03189999621827
439.5126000017626
478.9206999994349
411.91429999889806
421.82729998603463
484.69709999335464
423.36479999357834
413.9128999959212
481.295500008855
410.7403000089107
424.10939998808317
502.36149999545887
448.50009999936447
445.7751999871107
477.4325000034878
418.6016000021482
403.40809999906924
502.6965999859385
479.07499999564607
428.0074999987846
509.59630000579637
410.85949999978766
413.73380000004545
453.4490000078222
409.5716000010725
414.3413999991026
488.0711999867344
412.1512999990955
434.4937999994727
485.32010000781156
445.56540000485256
444.8068999918178
480.2693000092404
446.6225999931339
420.0890999927651
506.0929000028409
413.00240000418853
397.1390000078827
477.8154999949038
419.52730000775773
416.71439999481663
490.7632999966154
420.2652000094531
424.5219000003999
486.36559999431483
416.06459999457
424.78200000186916
487.34629999671597
413.5606000054395
419.5401999895694
529.8708999907831
404.14339999551885
455.0364000024274
552.9239000024972
427.4784000008367
459.00890001212247
506.1901999870315
427.9268999962369
454.26230000157375
478.0079000047408
449.7574999986682
425.91650001122616
475.1723000081256
418.47259999485686
426.1382000113372
526.2002999952529
470.57700000004843
441.2573000008706
482.0677999960026
463.18649999739137
436.36680000054184
500.2734000008786
432.09430000570137
422.772600009921
476.9806999975117
424.19440000958275
424.61180000100285
527.0963000075426
449.0141999995103
470.9319000103278
550.854300003266
449.3503999983659
452.431700003217
493.21210000198334
465.6628000084311
464.30839999811724
464.4873999932315
422.74960000941064
414.350100007141
466.0883000033209
441.73229999432806
474.2689000122482
551.8534000002546
429.17770000349265
430.69379999360535
524.0409999969415
443.9955999987433
421.6644999978598
474.53640001185704
477.8489000018453
464.0211000078125
521.0033000039402
448.09439999517053
427.56899999221787
510.32390000182204
429.8254999885103
447.91009998880327
481.82380000071134
413.90469999169
437.7863999980036
526.0396000085166
444.60760000220034
428.6852999939583
514.7440000000643
417.59880000608973
424.65099999390077
482.0144999976037
447.4301000009291
435.64619999960996
465.97819999442436
445.1457999966806
440.90529999812134
498.7284999951953
409.2991999932565
409.4480000057956
485.4666999890469
440.04560000030324
413.91819999262225
456.93249999021646
426.27640000137035
420.4694000072777
469.67960000620224
411.89309999754187
405.6901000003563
497.4328999960562
429.3098999914946
454.0170000109356
523.3902000036323
443.32479999866337
424.5442999963416
507.9548999929102
427.48220000066794
437.62160000915173
513.8315999938641
429.2814000073122
402.41080000123475
469.96359998593107
409.51610000047367
396.84080000733957
519.8531999922125
421.2330000009388
454.6911000070395
520.0618999951985
443.2819999929052
430.08190000546165
519.5440999959828
433.7383999954909
438.7131999974372
486.2674999894807
422.96739999437705
417.13159999926575
453.97679999587126
412.646600001608
413.88999999617226
510.22769999690354
424.3866999895545
405.6345999997575
470.31169998808764
399.58900000783615
429.86619999282993
517.8171000006841
445.1829000026919
425.802300000214
486.7119999980787
404.8977000056766
431.01149999711197
513.0687999917427
419.45279999345075
418.27519999060314
463.60339999955613
415.9060999954818
432.50319999060594
485.3292999905534
485.2183999901172
459.9086999951396
503.60930000897497
422.92519999318756
412.6027000020258
453.30579999426845
410.2353999915067
410.54820000135805
450.83570000133477
415.6685999914771
422.13019999326207
513.914900002419
457.090199997765
413.79289999895263
484.1569999989588
411.73649999836925
395.4187000053935
499.76960000640247
436.8299999914598
414.4240999885369
482.48429999512155
416.46120000223164
417.32139998930506
483.61840000143275
406.53500000189524
437.8378999972483
478.40930000529625
458.2908999873325
457.596399995964
524.8216000036336
434.57060000218917
465.5151000042679
542.6302999985637
460.4740000067977
466.7413999995915
542.3081000044476
459.94480000808835
466.372599999886
498.02769999951124
436.48429999302607
418.7404999975115
470.46599999885075
415.570299999672
412.2493999893777
461.4657000056468
420.9913999948185
412.2187000029953
549.1393999982392
408.31790000083856
431.40370000037365
473.09129999484867
410.1760999910766
417.7332999970531
480.6393999897409
441.4567000058014
408.2114000048023
509.82620001013856
453.2903999934206
426.3645000028191
490.4283999931067
428.5676000145031
410.91159998904914
475.65140000369865
435.02750000334345
421.62150000513066
472.2963000094751
451.9175000023097
446.9092999934219
477.0717000064906
401.2312999984715
462.67590000934433
530.6710000004387
428.32380000618286
415.1302000100259
448.3749000064563
420.55719999189023
399.3965000117896
492.51409999851603
407.5901999894995
449.05029999790713
493.6946999951033
464.4609999959357
419.32610000367276
523.699499986833
401.3053999951808
399.61130000301637
458.6732000025222
412.45669999625534
399.8143000062555
482.8588999953354
464.34299999964423
413.21400000015274
461.0421999968821
426.2367000046652
420.14889999700245
446.3677000021562
400.4497999994783
424.31909999868367
483.8547999970615
416.1621999955969
415.12150000198744
478.26989999157377
414.49769999599084
414.33639999013394
478.84999999951106
416.95280000567436
418.6693999945419
543.5880000004545
415.92330001003575
419.7048999922117
481.0481000022264
418.25669999525417
410.03810000256635
471.25959998811595
441.9835000007879
430.32729999686126
543.555699987337
421.6636999917682
413.1626000016695
471.96249999979045
409.25769999739714
408.2083999965107
485.0243999972008
445.9564999997383
438.4278999932576
478.35119999945164
421.66020000877324
416.9514999957755
481.00020000129007
419.65509999135975
405.30820000276435
498.98509999911766
414.2169999977341
428.1314000108978
480.15610000584275
401.82119999371935
418.8731999893207
484.72929999115877
420.8218999992823
413.1833999999799
494.4619000016246
419.5038000034401
415.647199988598
489.0884000051301
466.2545999890426
429.66140000498854
522.546299995156
448.098699998809
422.59260000719223
517.4760000081733
431.93320000136737
407.37210000224877
474.5330000005197
419.50659999565687
413.35000000253785
484.5969000016339
429.1850000008708
446.8759000010323
538.6211999866646
443.3817000099225
479.1819999954896
544.8941999929957
414.99439999461174
457.0234000129858
507.31509999604896
401.7789000063203
413.94270000455435
457.75670000875834
420.8585000014864
419.2789999942761
544.1712000028929
460.792699988815
412.45689999777824
488.30549999547657
405.01400000357535
420.495900005335
514.3834000045899
402.09399999002926
421.5881999989506
481.47939999762457
403.0872000003001
417.36609999497887
455.24350000778213
414.67900000861846
416.173899997375
483.6652999947546
410.14279999944847
456.343800004106
515.1020000048447
424.50839999946766
434.60729999060277
472.05890000623185
430.9309999953257
432.09839999326505
469.6494999952847
393.37190000514966
415.7388000021456
481.94409999996424
430.68450001010206
451.12650000373833
523.4816000011051
441.90119999984745
450.58140000037383
526.3158000016119
446.62590000370983
451.971999995294
490.34109999774955
446.52729999506846
415.7659999909811
474.72600000037346
409.61889999744017
411.3738000014564
467.04610000597313
405.15180000511464
407.3958000080893
468.88610000314657
441.327700013062
439.8581999994349
496.9418999971822
410.39879999880213
437.3690000065835
473.04080000321846
407.9611000051955
428.7192000047071
469.290999986697
405.327499989653
438.079799991101
511.8804999947315
418.63820000435226
432.1561999968253
496.7366999917431
404.8181999969529
444.59090000600554
521.9282000034582
443.86309999390505
446.71990000642836
502.655499993125
415.10569999809377
408.5385999933351
464.8248000012245
413.98909999406897
440.30830000701826
470.1301000022795
404.9432000028901
403.5202999948524
482.4289999960456
444.73370000196155
434.30170000647195
440.85569999879226
409.67079999973066
412.07580000627786
501.3452000130201
404.5652000058908
413.9305999997305
471.1981000000378
411.7075999965891
418.76980000233743
476.5696999966167
409.6851000067545
401.57669999462087
450.25779999559745
444.8021999996854
419.1312999901129
496.66949998936616
437.55119999696035
407.82710000348743
466.50039999803994
437.2030999948038
417.70909998740535
521.2111000000732
442.0813000033377
443.3617000031518
509.74730000598356
443.5279999888735
445.9151000046404
518.6920999985887
425.7886000123108
398.83479999843985
464.1198000026634
436.5657999878749
452.66320000519045
510.8085999963805
418.0676999967545
434.8734999948647
479.30239999550395
410.3721999999834
417.0042000041576
489.154700000654
398.8699000037741
454.7327000036603
512.6618999929633
420.5647000053432
408.96080000675283
470.9368000039831
417.85430000163615
431.3638000021456
504.65560000156984
411.9872999872314
410.54160000931006
510.123800006113
406.7275999987032
441.12350000068545
472.52349999325816
408.8410999975167
404.567000005045
474.24180000962224
404.4423999876017
414.7171999939019
503.54089999746066
460.62280000478495
460.9455000027083
508.22590000461787
444.60599999001715
407.410500003607
462.9715000046417
410.43530000024475
416.0868000035407
481.3112999981968
413.33660000236705
413.5285000083968
481.3255999906687
414.7506000008434
399.57710000453517
478.64870000921655
421.2339000077918
409.90480000618845
505.8067000063602
454.97120000072755
441.69580000743736
534.2068000027211
452.24519999464974
410.3393999976106
527.202600002056
458.0612999998266
461.1968999961391
529.7150000114925
462.5746999954572
431.7367999901762
473.10920000018086
413.7494000024162
403.2467000070028
490.7461999973748
415.34300000057556
420.53309999755584
484.30070000176784
421.20700000668876
436.6786000027787
463.2246999972267
413.7492000008933
415.7662000070559
520.7762999925762
462.32140000211075
439.4672000053106
481.28240001096856
408.8511000009021
410.8140999887837
538.9722999971127
460.7235000003129
448.0500999925425
534.9204999947688
463.16010000009555
434.6330999978818
474.25630000361707
462.63189999444876
454.75940000324044
480.23519999696873
412.4246999999741
414.05370000575203
487.20180000236724
409.97960000822786
452.8518000006443
478.0905000079656
404.31129999342375
462.9086999921128
521.4466000034008
441.6605000005802
444.93990000046324
506.7171000118833
401.7364000028465
415.7418999966467
465.72700000251643
417.5235000002431
411.96599999966566
483.5025999927893
418.16329999710433
409.5819000067422
481.55189999670256
417.2570000082487
421.164300001692
483.1973999971524
451.3422000018181
440.15439999930095
464.33149999938905
412.89349998987745
432.11779999546707
518.0023000139045
424.21769999782555
405.81379999639466
535.9804000036092
445.6884999963222
413.44329999992624
465.20269999746233
455.91209999111015
420.49030000634957
499.556599999778
420.17900000791997
418.88599999947473
455.6661999959033
409.974099995452
452.05900000291876
487.4584000062896
444.80890000704676
434.7948000067845
482.69070000969805
429.6016000007512
457.64550000603776
475.6636999954935
414.62319999118336
436.1011000000872
540.5807999923127
428.7820000026841
448.259800003143
537.2592000057921
443.9180000044871
418.9851999981329
457.6699000026565
431.8472000013571
416.36089999519754
471.1902999988524
406.0884999926202
409.48679999564774
530.4083999944851
451.3658000068972
472.8700999985449
505.40179999370594
414.79270000127144
407.31789999699686
502.2986999974819
451.09010000305716
415.53769999882206
482.06300000310875
412.65919999568723
463.6736000102246
528.3227000036277
410.86689999792725
466.49340000294615
499.8644000006607
454.1422999900533
449.1880999994464
458.6310000013327
399.3478999909712
405.23779999057297
467.6097000046866
422.7113999950234
396.9533000054071
472.31170001032297
415.0389999995241
403.91330000420567
510.16839999647345
440.1018000062322
411.4240000053542
486.48259999754373
413.5852000035811
409.4289999920875
477.45010000653565
414.7487000009278
397.37229999445844
478.2604999927571
430.52360000729095
412.3857999948086
481.14440000790637
411.2141000077827
416.9694000011077
464.4324999972014
441.7263999930583
444.8368000012124
490.63359999854583
398.0652000027476
405.6194000004325
475.10730000794865
433.2750999892596
404.1354000073625
516.0476000019116
415.53399999975227
412.7371999929892
505.93129999469966
425.4015999904368
419.76469999644905
475.8231000014348
429.1442999965511
412.18829998979345
477.1284000016749
408.2962999964366
423.9469000021927
510.8607000001939
425.7470000011381
418.0006999959005
491.086300011375
402.38179999869317
410.1723000057973
479.21130000031553
406.9602999952622
421.85159999644384
474.43319999729283
389.04780001030304
405.4147999995621
484.64619999867864
407.8350999916438
415.773500004434
497.60519999836106
425.0272999925073
409.44270000909455
491.4094000123441
407.18029999698047
389.5206000015605
456.4534000091953
410.8108000073116
403.7382000096841
477.98470000270754
409.09149999788497
406.7665000038687
464.1025000018999
405.63579999434296
396.2658999953419
465.8158999955049
403.3519999939017
408.6085000017192
473.4528999979375
440.34140001167543
436.85690000711475
434.35670000326354
405.2757000026759
408.3692999993218
500.6032000092091
445.1705999963451
409.8380000068573
478.3442999905674
405.7075000018813
405.85560000909027
469.6014999935869
413.7600999965798
415.0628999923356
474.2748999997275
406.1784999939846
401.339599993662
495.1411000074586
446.0438000096474
444.14680000045337
509.88839998899493
439.4832999969367
433.0363000044599
518.2974000053946
439.91029998869635
433.0666000023484
467.0263000007253
412.9131999943638
414.6970000001602
527.408199995989
455.48129999951925
420.93959999328945
465.46130000206176
397.82240000204183
412.94209999614395
524.6129000006476
454.2844999959925
435.836599994218
456.6054000024451
413.2212999975309
422.1964000025764
523.6078000016278
411.59270000935066
449.8024000058649
477.7411000104621
404.4843000010587
413.5753000009572
479.6022000082303
405.82610000274144
413.9959000021918
480.5882000073325
415.3024999977788
416.4440000022296
532.2756000095978
398.40550000371877
434.39469998702407
495.424799999455
407.91820001322776
422.1436000079848
535.5946000054246
409.09600000304636
406.8080999859376
472.211200001766
444.97080000292044
416.28279999713413
460.14999999897555
408.4261000098195
416.33659999934025
507.33919999038335
422.5418999994872
469.8667999909958
507.7891999972053
420.87469999387395
392.0714000123553
516.0808000073303
445.1136999996379
409.4399000023259
476.94350000529084
424.14849999477156
423.6430999881122
471.4326999965124
415.6690000090748
427.6296000025468
476.22519999276847
416.8913000030443
428.7553000031039
465.44330001052003
407.1209999965504
414.01709998899605
470.9417999983998
412.6725000096485
389.8105999978725
461.94629999808967
405.73219998623244
442.0644999918295
536.8241999967722
460.3478999924846
466.3806000025943
506.3108000031207
444.4884999975329
417.5904999865452
505.52750000497326
416.50059999665245
449.9939999950584
473.9728999993531
411.52740000688937
420.8264000044437
491.7241000075592
440.3801000007661
442.9241999896476
496.33779999567196
407.15860000636894
421.96619999594986
538.0812999937916
456.05999999679625
403.5831000073813
493.5894000082044
416.8577000091318
405.64890000678133
450.47159999376163
418.125099997269
466.2856000068132
490.7168000063393
429.1047000006074
416.6674000007333
479.87719999218825
409.32140000222716
436.31140000070445
451.85109999147244
405.6697000050917
430.6925999990199
519.7340000013355
422.91379999369383
404.4494000117993
519.1355999995722
438.46239999402314
417.68930001126137
543.975299995509
409.54839999903925
467.8152999986196
542.1553999913158
427.36459999287035
447.8129000053741
463.3326000039233
469.6209999965504
428.732400003355
476.01520000898745
434.76590000500437
400.80899999884423
489.5168999937596
464.700599986827
433.00370000361
540.8955000020796
427.8840000042692
410.55789998790715
537.0852000050945
437.6027999969665
420.6774000049336
489.04590000165626
406.60609999031294
404.74369999719784
502.0319000032032
388.9682000008179
408.8123999972595
485.55230000056326
447.0406000036746
462.29300000413787
521.9811000133632
408.4887000062736
447.7547999995295
481.4886999956798
405.99529999599326
419.0140000137035
524.1778000054182
465.7685999991372
440.2577000000747
539.1435999918031
440.8502000005683
400.38400000776164
469.5637000113493
416.30750001058914
461.0880999971414
482.0231999910902
400.2000000036787
443.9758999942569
517.2515000012936
396.7438999970909
408.9935000083642
476.0012999904575
418.2831999933114
460.31939999375027
542.0599000062793
422.3663000011584
405.24539999023546
515.343600010965
419.71689999627415
414.64460000861436
477.4057000031462
404.15390000271145
405.27970000403
523.5297000035644
410.1843000098597
402.34159999818075
515.5494000064209
463.77239999128506
436.01369998941664
471.06939999503084
407.08279999671504
453.3039999951143
470.9467999928165
427.51850000058766
467.9939999914495
515.8862999960547
454.8478999931831
427.231199995731
514.4551999983378
442.6563000015449
428.3761999977287
487.80069999338593
417.1573000057833
474.58239999832585
477.86769999947865
389.95779999822844
433.6829999956535
509.07240000378806
416.3830999896163
438.44939999689814
493.3162999950582
430.0492999900598
392.2811999946134
483.58400000142865
421.25749999831896
442.2480000066571
510.88370000070427
434.79659999138676
440.87770000624005
474.58399999595713
399.0501999942353
413.9595000015106
464.3754999997327
393.17450000089593
445.48629999917466
511.4889999968
398.0001000018092
402.1784999931697
454.20770000782795
425.5406000011135
400.9807999973418
478.59269999025855
408.3614999981364
422.98780000419356
504.170799991698
433.13859999761917
392.3181999998633
478.342899994459
405.715600005351
420.34129999228753
450.2416000032099
406.7872999876272
404.1791999916313
491.43709999043494
427.1507999947062
427.24180000368506
480.9240000031423
413.8552999938838
416.9551999948453
486.1071999912383
442.3821999953361
430.2033999993
458.354500005953
442.65189999714494
444.7204000025522
467.40549999231007
440.35360000270884
421.98840000492055
452.8513999975985
403.83700000529643
396.83339999464806
487.5352999952156
408.76469999784604
411.1425000010058
496.04729999555275
447.5583000021288
434.39300000318326
512.1715999994194
465.8846999955131
423.1541000044672
537.3205999931088
429.45689999032766
447.5125999888405
499.1267000004882
404.1179999912856
409.38959999766666
513.8483999908203
459.07230000011623
452.05810001061764
488.9114000106929
410.51519999746233
431.0018000105629
486.7073000059463
425.3411999961827
414.94719999900553
475.92760001134593
418.7235999997938
449.03429999249056
526.9888999901013
450.953000006848
454.0304999973159
513.5609999997541
429.15110000467394
434.4875999959186
539.2806000018027
463.7083999987226
423.6458999948809
480.92870000982657
450.433800011524
424.76960000931285
468.2461000047624
418.6576000065543
417.33620000013616
535.9912999992957
451.9042000029003
422.1035000082338
475.66789999837056
438.3797000045888
452.2243000101298
509.25160000042524
462.8667999932077
467.6416000002064
479.54159999790136
401.97449999686796
417.8866000002017
502.93620000593364
398.99689999583643
465.04779999668244
539.3111999874236
406.82719998585526
417.96389999217354
491.5261999994982
431.5487999992911
462.1824999921955
480.08940000727307
419.5062999933725
414.24329999426845
477.1267999894917
417.15449999901466
409.5126000029268
484.9106999899959
410.25500000978354
407.4151999957394
505.2558999886969
448.15720000769943
421.87799999373965
506.933199998457
465.0738999916939
442.70919999689795
517.4640000041109
425.14849999861326
417.0513999997638
480.2685000031488
416.3384999992559
406.9279999966966
481.3030999939656
415.3481999965152
432.73000000044703
543.6575000057928
422.56159998942167
420.73130000790115
484.7793999942951
415.4989999951795
411.8899000022793
509.0593000059016
420.3626000089571
454.2075999925146
507.65290000708774
473.79089999594726
405.90850000444334
458.1125999975484
463.95859999756794
428.862200002186
485.8944000006886
423.79290000826586
432.70430000848137
491.2077000044519
407.76099999493454
414.74740000558086
483.44330000691116
419.9452000029851
410.93860000546556
532.962099998258
444.8759999941103
404.66710001055617
470.06649999821093
414.80320000846405
414.7590000065975
469.1408000071533
390.74629999231547
423.33229999348987
517.8694000060204
460.20739999949
457.190899993293
495.5961999949068
400.86919999157544
403.7663000053726
530.3512000100454
452.6731999940239
457.64139998937026
495.6492000055732
419.3075999937719
408.1780999986222
470.7096000056481
417.39409998990595
405.7723000005353
493.4311999968486
407.2976000024937
408.7866000045324
482.81040000438225
410.447700007353
408.33619999466464
542.6378999982262
456.73219999298453
446.58909999998286
494.75680000614375
409.81740001006983
415.1185000082478
471.85539999918547
455.18630000879057
467.40670000144746
539.2240000073798
468.13680000195745
462.4986999988323
529.6320000052219
465.9793000028003
421.60880001029
527.3649000009755
414.2442000011215
422.5085000070976
491.01740001060534
439.17620000138413
441.9821000046795
539.4687999942107
440.32170000718907
434.1495000116993
492.1579999936512
392.0314999995753
414.4640000013169
477.978399998392
410.5502000020351
408.04530000605155
492.3869000049308
411.87440000067
412.5687000050675
476.95110000495333
413.9689999865368
418.64540000096895
450.3060999995796
417.50549999414943
414.64990000531543
491.75210000248626
458.3203000074718
419.3196000123862
473.53580000344664
424.0291000023717
408.5768999939319
476.05209999892395
408.52159999485593
402.26039999106433
460.66650000284426
411.4817999943625
407.8243999974802
475.72330001275986
408.11990000656806
409.3032999953721
476.85679999995045
453.72439999482594
468.0224000039743
495.84869999671355
397.4962000065716
415.51069999695756
544.5544999965932
403.6963999969885
405.0849999912316
480.059200010146
441.3397000025725
431.15570000372827
474.88770000927616
409.6535999997286
428.7951000005705
472.32179999991786
411.4398999954574
436.83999999484513
473.0302000098163
417.2736000036821
432.1277999988524
517.2594000032404
426.83840000245254
397.18109999375883
469.58259999519214
407.72479999577627
444.73249999282416
504.55800000054296
445.356800002628
441.2824000028195
484.8526999994647
416.5720000019064
424.1641999979038
516.2182000058237
422.27890000503976
408.4644999966258
475.73379999084864
413.7060999928508
410.22640001028776
478.27930000494234
402.9448999935994
406.50230000028387
469.91240000352263
438.82399999711197
440.671200005454
503.89730000460986
438.463700003922
414.214999997057
494.71600000106264
435.38490000355523
398.50189999560826
474.9409999931231
416.1569999996573
471.63369999907445
491.77639999834355
438.03940000361763
405.5113999929745
472.4151999980677
404.73530000599567
420.8611999929417
515.341600010288
434.4291000015801
411.3182000000961
502.1575999999186
434.12960000569
435.7711999909952
507.60499999159947
419.1626000101678
408.7744999997085
483.80440000619274
415.78959999606013
417.4381000048015
453.71579998754896
395.09250000992324
402.38379999937024
468.4119000012288
431.91610000212677
432.30030000268016
466.3261999958195
403.26640001148917
508.9120000047842
488.2499000086682
434.47350000496954
455.97779999661725
517.6415999885648
427.72530000365805
409.515300008934
479.4746999978088
436.362199994619
426.7323999956716
498.22489998769015
405.04329999384936
395.84159999503754
504.2018999956781
417.07369999494404
428.7847999949008
501.2318000080995
416.5833000006387
426.7880000115838
467.4680000025546
413.916599994991
397.8056999912951
444.40610001038294
400.8917000028305
402.58779999567196
494.7676000010688
441.4950999926077
432.4546999996528
467.849099994055
406.5005000011297
412.8758000006201
503.90060000063386
445.6955000059679
418.87780000979546
477.4310999928275
404.4916999991983
435.0290000002133
513.737500004936
420.8665000041947
404.4807999889599
511.5734999999404
439.60479999077506
416.4691000041785
484.11369998939335
417.8510999918217
433.0347999930382
473.7887000082992
446.7626999976346
409.23629999451805
471.88150000874884
427.56959999678656
419.69139999127947
480.18870000669267
461.4797000103863
418.64730000088457
496.6086000058567
409.915699987323
406.56630000739824
468.7144000054104
404.90320000390057
400.24870001070667
487.0009000005666
410.6104999955278
431.36230000527576
471.44480000133626
407.9375000001164
407.8739999968093
460.3525999991689
404.8334999970393
401.08199999667704
535.5457000114257
463.77590000338387
460.0425999960862
503.0395999929169
466.7442000063602
414.4442999968305
492.608200001996
456.73989999340847
432.6285999995889
538.0194000026677
464.5312000066042
454.75940000324044
492.7497000026051
464.089300003252
440.38140001066495
492.03160000615753
434.1580000036629
419.18040000018664
485.4539000079967
442.57650000508875
422.24079999141395
455.6229999870993
416.3471999927424
427.19360000046436
525.9717000008095
450.803800005815
411.1910999927204
483.82150000543334
441.73310000041965
430.7029999908991
506.04829999792855
459.76349999546073
455.51759999943897
516.9898000021931
415.264000010211
415.88869999395683
480.87820000364445
415.1780000102008
408.12770000775345
471.5982000052463
407.00140000262763
411.83020001335535
469.5188000041526
421.7771000112407
398.7007999967318
446.859100004076
400.06430000357796
401.95859999221284
443.7796999991406
410.15679998963606
402.0404999901075
481.25580001214985
418.9068999985466
410.3171000024304
466.3730000029318
416.00719999405555
435.8823999937158
510.773900008644
441.0059000074398
413.7252000073204
475.5714000057196
411.0655999975279
407.35310000309255
470.3171000001021
408.0861999973422
408.90419999777805
472.2596999927191
413.90400000091176
413.2015999930445
501.24599999981
466.8361000076402
463.947799988091
542.4667000042973
456.8153000000166
435.16120000276715
536.4345999987563
460.41559999866877
458.56389999971725
468.63950000260957
411.99170000618324
407.7003999991575
471.53209999669343
414.71830000227783
421.3145999965491
534.6376999950735
453.6740000039572
421.38379999960307
453.7782999977935
408.295300003374
458.6678999912692
530.9921000007307
427.1317000093404
400.15269999275915
475.31829999934416
433.7853000033647
419.86090000136755
492.8881999949226
429.0615999925649
424.37530000461265
534.5079999970039
446.84119999874383
425.09659999632277
525.0305000081426
427.94619999767747
457.3041999974521
456.92480000434443
405.6789000023855
407.2846000053687
475.98289999586996
412.25809999741614
423.9518000103999
492.19150000135414
423.9859999943292
417.455400005565
480.1879000006011
407.2596999903908
409.8873999901116
480.4022000025725
396.20420000574086
403.6312999960501
482.300400006352
410.4475000058301
409.9780999968061
510.9932000050321
468.8575000036508
415.66829998919275
507.1391999954358
451.38139999471605
413.88649999862537
471.0931999870809
407.04140000161715
404.4189000123879
478.3582999953069
418.6612000048626
412.3371000023326
471.7884999990929
413.402699996368
418.94040000624955
511.90920000954065
442.8184999997029
454.74519999697804
490.3234000084922
423.6530999914976
407.2526000090875
491.7369000031613
460.3073000034783
419.7835999948438
486.7361999931745
462.0886999909999
466.56840000650845
478.3517000032589
416.51299998920877
415.476199996192
475.81679999711923
418.2063000043854
415.10769999877084
499.3405999994138
465.7483000046341
443.24529998993967
473.03170000668615
397.83190000161994
401.92340000066906
479.43029999441933
415.1332000037655
424.2472000041744
489.3875999987358
414.0936000039801
454.7310999914771
473.9916999969864
425.24739999498706
431.0602000041399
449.4851999916136
406.9335000094725
407.29270000883844
474.6949999971548
405.0812999921618
403.0874999880325
498.6322000040673
421.6329000046244
414.30200000468176
519.6069999947213
435.60539999452885
400.01099999062717
509.1297999897506
415.9617999976035
404.9729000107618
469.8548000014853
407.43099999963306
406.5984000044409
470.3905000060331
408.06279999378603
449.69760000822134
520.5675999895902
424.47399999946356
438.6322000063956
495.39009999716654
412.66640000685584
411.17799999483395
479.6022000082303
413.18060000776313
407.9970000020694
515.4505000100471
407.2659000084968
415.14230000029784
476.6308999969624
415.1244999957271
412.1158999914769
477.44760000205133
426.66699999244884
425.5487000045832
512.4707000068156
423.5995000053663
415.47419999551494
478.3135999896331
410.5902999872342
441.59180000133347
468.2007999945199
405.0816999952076
405.2716000005603
469.5025000110036
404.2879000044195
404.2039000050863
515.9318999940297
431.57719999726396
405.2209000074072
470.04880000895355
406.4688000071328
415.7039999990957
476.96020000148565
409.3546000076458
386.02020000689663
461.98310000181664
437.71620000188705
433.04440000792965
486.64580000331625
444.5482000010088
445.36450000305194
498.8102999923285
412.8666000033263
424.4050999986939
511.06060000893194
413.7934000027599
417.996399992262
518.2802000053925
438.7568999954965
414.567600004375
493.9836999983527
435.19069999456406
433.6405000067316
501.1174000101164
412.4521000048844
429.0122000093106
499.3607999931555
449.83070000307634
435.88370000361465
496.00440000358503
466.124900005525
437.9029999981867
473.28980000747833
409.0021000010893
415.6031000020448
535.4788000113331
462.3060000012629
421.99629999231547
469.50149998883717
450.655699998606
509.41929999680724
485.1982999971369
439.722899987828
461.7940999887651
514.7821999998996
442.729699992924
446.116199993412
479.4438000099035
441.2621999945259
439.83119999757037
495.4491000098642
409.6968999947421
401.27360000042245
493.70800000906456
464.171500003431
466.252500002156
544.9392000009539
417.59869999077637
417.4194999941392
453.9351999992505
390.20460000028834
411.7318999924464
479.3177000101423
413.4367999940878
403.986100005568
496.2577000114834
408.69710000697523
441.7797000060091
502.57280000369065
417.36069999751635
413.33409999788273
515.5516999948304
458.7410000094678
460.1820999960182
490.2860000001965
426.22300000221003
418.8356999948155
479.4335999904433
415.4319000081159
413.84769999422133
456.3426999957301
411.34530000272207
415.9446999983629
495.5587000004016
439.2329999973299
414.5725999987917
478.09949998918455
455.52719999977853
441.20019998808857
484.85059999802615
447.50999999814667
415.08589999284595
484.83000000123866
417.4946999992244
463.1878000072902
523.6101000045892
438.31650000356603
411.55829999479465
475.84939999796916
458.4752000082517
446.2709000072209
526.3359999953536
417.1384999935981
419.36339999665506
491.03990000730846
465.1125999953365
414.4149999920046
471.8042000022251
429.6602999966126
420.5279000016162
481.61650000838563
417.5238000025274
405.83109999715816
445.0844999955734
407.23589999834076
418.67059998912737
479.40229999949224
420.8255999983521
414.6627999871271
470.6681999959983
418.2576000021072
419.3878000078257
498.29180000233464
429.5516999991378
406.461800012039
540.5623999977252
448.08539999939967
447.5442999973893
532.3494000040228
461.2831999984337
465.93679999932647
466.27199999056756
428.3758000092348
443.20840000000317
480.32529999909457
408.5602999984985
422.4625000060769
475.0137000082759
408.5173999919789
463.43020000495017
513.8146999961464
433.038300005137
455.58449999953154
514.3811000016285
410.87810001045
421.8933999945875
511.85280000208877
448.86229999247007
451.4259999996284
537.2307999932673
420.6663000077242
465.55150000494905
513.1293999875197
417.094200005522
457.8691000060644
463.08059999137186
430.91380000987556
434.2311999935191
478.63060000236146
404.29930000391323
412.70269999222364
479.6284000040032
391.42179999907967
410.8178000024054
478.15389999595936
409.25360000983346
450.81359999312554
533.1177000043681
430.9374000004027
425.6648000009591
472.93239999271464
409.1937000048347
406.8108000064967
482.7069000020856
429.31839999801014
418.19979999854695
476.27270000521094
387.2460999991745
407.9811999981757
470.4615999944508
445.6159999972442
465.03069999744184
472.7736999921035
393.38609999686014
408.54180000314955
481.36250000970904
467.4951000051806
452.0833999995375
505.2815999952145
409.9033000093186
393.4146999963559
476.1454999970738
413.7137000070652
402.7046999981394
467.2027999913553
412.6323999953456
450.0545000046259
473.47690000606235
409.68359999533277
409.2101999995066
480.8114000043133
399.00640000996646
445.49949999782257
488.4612999885576
415.93079999438487
415.6416000041645
499.80150000192225
397.7926999941701
407.56610000971705
476.21360000630375
421.428300003754
432.5276000017766
471.66049999941606
412.3131999949692
404.5598000084283
469.8364999931073
408.69450000172947
436.41379999462515
513.9965000125812
420.7537000038428
415.62129999510944
482.3395000130404
427.89530000300147
419.8954000021331
479.00530000333674
417.1335999999428
397.55419999710284
519.4063000089955
443.55100000393577
443.99920001160353
496.0558000020683
443.4577000065474
428.3926999924006
473.91570000036154
425.8182999910787
434.51759999152273
510.8178999944357
415.58240000449587
420.48179999983404
494.1627000080189
405.4751999938162
402.1078999940073
488.4160000074189
432.2762999945553
408.61169999698177
508.89339999412186
446.1169999995036
447.91830000758637
515.7196000072872
430.9320000029402
440.5976999987615
501.7657999997027
435.498999999254
413.27750000345986
483.1248999980744
416.86319999280386
415.4138000012608
480.40009998658206
433.29680000897497
457.841900002677
458.7524999951711
417.64290000719484
439.78810000407975
477.8812000004109
424.533799989149
442.68059999740217
528.3954000042286
433.1235999998171
419.3980999989435
447.0434999966528
410.15140000672545
446.55490000150166
461.7893999966327
450.1279000105569
407.58959999948274
515.8448000001954
410.8741999953054
411.5119999914896
481.74240000662394
400.25649999734014
429.84530000831
527.8994999971474
414.3513000017265
412.8926999983378
482.58260000147857
407.83329999248963
431.5018999914173
511.36699999915436
450.22379999863915
416.79890001250897
488.5971000039717
467.1882000111509
458.19989999290556
467.17260000878014
427.38269999972545
416.2739000021247
474.7625000018161
408.8054000021657
408.5053000017069
464.661599995452
430.9151000052225
413.9368000032846
509.8419999994803
421.54070000106003
407.0533000049181
470.9352000063518
410.9374000108801
408.54920000128914
477.1030000119936
420.4507999966154
427.5019000051543
507.67040000937413
452.00130000011995
436.65810000675265
524.9627000011969
463.5675000026822
453.2312999945134
516.7916000063997
405.91610000410583
410.28490000462625
503.74980000196956
408.27730001183227
448.1532000063453
537.8541999962181
438.2074999884935
433.30939998850226
473.42689998913556
416.3049999915529
415.50490001100115
477.97629999695346
463.0242000130238
419.250999999349
489.84789999667555
415.89030000614
405.1733999949647
478.2998000009684
438.6360000062268
441.99269999808166
496.9169999967562
439.1491999995196
444.6045999939088
505.7797000044957
433.07369999820367
427.91500000748783
470.90210000169463
420.5766999948537
465.6967000046279
533.6156999983359
457.788800005801
417.123499995796
481.51969999889843
451.35129999835044
461.006700003054
485.98759999731556
407.02900000906084
457.40549999754876
479.59469999477733
404.3065000005299
401.2139000114985
470.6812000076752
412.17799999867566
404.90979999594856
490.92989999917336
426.07820000557695
430.62930001178756
450.0564000045415
397.206500012544
421.1427999980515
483.00779999408405
408.04219999699853
412.8372999985004
479.99459999846295
398.2133999961661
428.482500006794
521.6220000002068
420.32089999702293
408.7471000093501
473.13469999062363
413.1243000010727
415.18060000089463
548.0755999888061
450.4982999933418
440.8447000023443
479.27949999575503
412.4243000114802
420.5048000003444
453.72959999076556
436.2787999998545
435.8846999966772
533.6083000001963
448.10880000295583
423.6178999999538
492.37409999477677
446.9865999999456
425.5101000017021
537.6845999999205
454.02789999207016
410.0994000036735
469.82650000427384
459.68129999528173
444.7946000000229
490.75290000473615
426.96219999925233
444.6025999932317
469.6602000040002
406.38590000162367
411.65880000335164
492.9942000017036
446.37770000554156
435.72959999437444
485.9011999942595
430.9890999866184
405.8235999982571
489.1143999993801
449.5602999959374
443.3749000017997
467.4924999999348
456.23140000679996
412.60029999830294
468.3571999921696
407.6707000058377
472.16689999913797
540.1211999997031
409.436400004779
407.0040000078734
457.32019998831674
404.77259999897797
385.98379999166355
477.2912000044016
419.57249998813495
410.3824999911012
512.1103999990737
404.344199996558
409.4504000095185
466.8812999880174
455.95060000778176
442.16469999810215
518.1013999972492
451.37009999598376
442.64019999536686
536.5722000133246
460.8672999893315
452.93020000099204
488.9837999944575
458.23389998986386
456.73920000263024
471.85800000443123
411.071800001082
405.0394999940181
464.1319000074873
413.08399999979883
455.78249999380205
537.1891999966465
449.89170000189915
465.7786999887321
530.422699986957
456.28040000156034
455.59669999056496
514.1327999881469
448.6462000058964
457.7304999984335
539.8252000013599
410.26489999785554
421.25910001050215
537.174099998083
450.295400005416
413.5699000034947
477.65719999733847
406.3553000014508
469.0136999997776
522.7689000021201
443.61129999742843
405.4123999958392
488.133699996979
422.2367000038503
414.76739999779966
482.6440999895567
417.36830001173075
450.85829999879934
507.4585999973351
429.5273999887286
429.5355000067502
513.2095000008121
459.28470000217203
434.3051000032574
482.0993000030285
451.16919999418315
461.4255999913439
527.3381000006339
398.49730000423733
405.80429999681655
497.5330000015674
402.34820000478067
405.77670000493526
471.95669999928214
427.77620001288597
405.00720001000445
515.4451999987941
429.42430000402965
413.03089998837095
465.8080999943195
410.4561999993166
458.35999998962507
477.7501999924425
420.9941000008257
414.927700010594
469.7930999973323
412.738699989859
442.2591000038665
537.7719999960391
419.20060000848025
415.93299999658484
509.9327999923844
441.6297999996459
432.8148000058718
458.90320000762586
414.2643999948632
406.894600004307
491.82250000012573
409.2930000042543
400.1654000021517
486.40350000641774
470.56079999310896
419.26510000484996
459.2541000019992
417.35990000597667
397.4013999977615
456.43719998770393
401.15680001326837
400.47220000997186
522.3075999965658
425.4977999953553
427.755700002308
534.1240999987349
387.76789999974426
402.74990000762045
462.42899999197107
410.87799999513663
411.71179999946617
435.49450000864454
414.62150000734255
427.5314999977127
520.192899988615
421.3840999873355
464.0395000024
479.9139000097057
423.1030999944778
405.3066999913426
510.97639999352396
412.76929999003187
411.4655000012135
504.024699999718
414.0962999954354
442.2508999996353
488.07449999731034
414.8506999918027
416.4200999948662
483.62810000253376
404.9109000043245
420.9405000001425
509.4052000058582
421.4105999999447
419.96889999427367
494.7022999986075
427.4837999982992
429.45029999827966
519.6786000014981
448.69350000226405
447.48279999475926
508.22960000368766
423.4956999862334
416.74619998957496
469.0769000008004
438.9033999905223
421.73689999617636
476.68350000458304
437.5716999929864
428.7264999875333
495.9249999956228
410.06080000079237
416.2190999923041
481.54900000372436
407.83089998876676
418.289499997627
484.0287000115495
411.8404999899212
427.85490000096615
460.342699996545
396.637700003339
396.8872000114061
487.10620000201743
439.014200004749
447.18920000013895
528.0666999897221
438.3966000023065
410.99029999168124
474.9870999949053
438.58249999175314
444.1228000068804
476.18310000689235
431.22120000771247
442.03409999317955
518.7608999985969
434.71419998968486
465.2514000044903
511.17189999786206
429.81429999053944
424.7068000113359
518.4617000049911
434.4917000125861
414.08010000304785
474.91900000022724
446.57429998915177
474.5676000020467
458.1342000019504
464.0040999947814
438.1751000037184
488.62129999906756
425.7886999985203
435.57819999114145
528.8728000014089
449.09939999342896
453.7845000013476
516.7461000091862
403.81660001003183
427.80109999876004
487.15179999999236
421.32239999773446
429.2268999997759
484.9970000068424
439.56830000388436
392.20210000348743
467.3880000045756
456.1016999941785
390.0891999946907
509.4052000058582
461.3332000008086
447.2997000120813
517.6680000004126
469.41839999635704
458.4662999986904
480.7657999917865
424.81680000491906
424.05250000592787
485.7114000042202
426.53559999598656
397.49139999912586
489.17650000657886
468.209200000274
441.51800000690855
476.9802999944659
407.2542999929283
418.69940000469796
511.93370000692084
411.38499999942724
409.4864999933634
504.1031999862753
428.2289000111632
491.0316000023158
481.92679999920074
432.0337999961339
422.39940000581555
557.1864000085043
458.051699999487
460.37309999519493
529.5207000017399
417.05089999595657
405.8151000062935
484.86519999278244
404.7355999937281
438.1357000092976
523.9057999860961
436.24340000678785
434.55819999508094
463.0581999954302
402.5438000098802
434.02549999882467
480.0361000088742
421.80959999677725
457.11170000140555
449.025799985975
462.4846000078833
426.0365000081947
463.45899999141693
416.4599000068847
414.1005999990739
497.2512999956962
452.14070001384243
414.6876000013435
495.1428000058513
411.51710000121966
413.72620000038296
476.03600000729784
396.34019999357406
446.9232999981614
529.9063999991631
434.62100000760984
424.0778999956092
478.6675999930594
456.85970000340603
440.3624000115087
476.4188999979524
433.6380000022473
450.3165999922203
506.7869000049541
457.7129999961471
437.60060000931844
482.5375000073109
467.98100000887644
419.4439999992028
428.9576000010129
438.0735000013374
411.0321999905864
474.2891000059899
419.14189999806695
425.3852999972878
515.3506000060588
403.13619999506045
412.39920000953134
456.83770001051016
411.05370000877883
412.8908999991836
463.9846000063699
416.14750000007916
409.7675000084564
475.0391999987187
407.9963999975007
427.1169999992708
467.40749999298714
415.3972000058275
409.268899995368
474.16110000631306
437.5048999936553
467.5416999962181
545.1343000022462
459.54989999881946
453.6748000100488
523.9938000013353
396.29279999644496
441.4792000025045
471.19179999572225
414.66619999846444
437.269500005641
546.2262999935774
434.2602000106126
408.4278000082122
451.4934000035282
404.5451999991201
400.0891000032425
534.4031999993604
435.12949999421835
433.4337000036612
534.647499996936
441.8544999934966
430.5222000111826
515.1154000050155
396.31379999627825
451.74979999137577
489.58169999241363
416.080899987719
453.2203000126174
462.4360000016168
404.32960000180174
409.4464999943739
467.29030000278726
403.34259999508504
418.5752000048524
462.1158999943873
403.0431999999564
405.1423000055365
455.0897999870358
451.0641999950167
488.10990000492893
505.88329999300186
410.5522000027122
409.1145999991568
482.0157000067411
441.97309999435674
398.5480999981519
479.2828999925405
417.00059999129735
451.0467000072822
559.849099998246
433.5187999968184
437.44839999999385
500.61480001022574
408.3633000118425
393.41930000227876
538.016599995899
462.4308999918867
458.6949999938952
499.6193000115454
395.6311999936588
453.5883000062313
479.329100009636
393.08510000410024
410.8074999967357
522.6863999996567
448.90940000186674
408.56979999807663
483.14520000712946
399.3963000102667
437.84230000164825
451.5964000020176
439.99800000165123
400.79560001322534
467.9833999980474
420.97829999693204
445.1125000050524
531.5365999995265
405.9075999975903
453.88960000127554
527.2867000021506
405.94720000808593
422.0147000014549
524.4397999922512
408.2458999910159
413.90999998839106
481.01129999849945
402.8855000069598
404.79190000041854
469.93880000081845
402.09950000280514
420.47090000414755
464.73469999909867
406.0059000039473
398.7762000033399
529.7957000002498
436.5821999963373
404.0067000023555
458.4633000049507
409.7743000020273
411.03930000099353
448.11480000498705
410.64109999570064
411.9510000018636
474.7607000026619
424.67259999830276
417.3109999974258
465.8505999977933
401.5584999870043
405.5039999948349
470.5680999904871
409.26990000298247
443.3269000001019
482.5280999939423
404.6302999922773
401.3007000030484
464.55730000161566
399.69550000387244
416.72819999803323
489.518100002897
410.3382000030251
483.3366999955615
504.910599993309
432.28809999709483
392.2541000065394
500.7480000058422
461.3004999991972
412.3108000057982
520.436000006157
422.0417000033194
421.07470000337344
487.19149999669753
404.6146999899065
392.67640000616666
525.062100001378
437.0040999929188
404.4778999959817
468.8934000005247
407.90339998784475
403.0481000081636
443.7591000023531
398.62219999486115
428.49439999554306
494.719599999371
407.0025999972131
402.2032000066247
458.3528000075603
415.6185000028927
415.95260000030976
466.7397000011988
426.07139999745414
417.75849999976344
459.8819000093499
401.21219999855384
402.7384999935748
485.45849999936763
435.70429999090265
408.55819999706
478.81499999493826
421.02449999947567
421.8657000019448
501.44940000609495
424.25970001204405
429.0274000086356
439.08270000247285
390.62489999923855
394.1371999972034
437.6205000007758
394.4437000027392
391.7234999971697
463.22620000864845
407.67000000050757
420.5962000123691
487.6693999976851
409.9821000127122
390.7391000102507
455.8679000037955
402.91020000586286
408.4143999934895
452.11089999065734
414.4101999991108
416.1071999988053
462.6079000008758
410.80220000003465
413.9405000023544
486.5819999977248
415.1449000055436
451.2386999995215
505.62739999440964
402.63479998975527
408.7662000092678
527.1598999970593
451.7362999904435
420.39919999660924
519.66910000192
400.50229999178555
383.8277000031667
498.23209999885876
439.6811000042362
405.2743000065675
467.74579999328125
406.8249999982072
417.0053999987431
471.5095999999903
441.37980000232346
405.8216999983415
466.8549000052735
386.6806000005454
398.1073000031756
474.03930001019035
435.25600001157727
405.0455999968108
514.4997000024887
444.9783000018215
399.3046000105096
475.51130001374986
405.0656000035815
448.2612000138033
466.1991000029957
404.4919000007212
418.1903999997303
488.0639000039082
380.3607000008924
380.72219998866785
464.4828000018606
432.0139999908861
431.1110000126064
518.6166999919806
446.65399999939837
445.97659999271855
503.09030000062194
396.7329999868525
392.09999999729916
452.50270000542514
401.7847999930382
399.3953000026522
465.63990000868216
401.02119999937713
403.65450001263525
476.8051999999443
405.8059999952093
404.8994000040693
459.9095000012312
399.3573999905493
449.6635000105016
449.6235999977216
387.2426000016276
410.7007999991765
481.92970000673085
400.94250001129694
411.2597000057576
472.30629999830853
408.77990001172293
405.08530000806786
462.21470000455156
405.12130000570323
459.0438000013819
515.5318000033731
454.075700006797
406.4743999915663
470.4813000134891
396.8733999936376
409.7585999988951
501.70939999225084
439.3049000063911
401.93100000033155
464.23139999387786
415.39799999736715
446.4219000074081
503.3092000085162
454.5022000093013
449.22239999868907
484.8770000098739
455.1620999991428
439.49409999186173
520.827400003327
451.66400000744034
387.5348000001395
489.07680000411347
405.16399999614805
397.6281000068411
486.83409999648575
460.2069999964442
411.5534000011394
470.5664999928558
411.97220000321977
423.60890000418294
472.2576000058325
417.6835999969626
424.88439999578986
520.9924999944633
450.60470000316855
434.7579000022961
525.1888999919174
450.4711000045063
455.0398999999743
513.9308000070741
440.0854999985313
408.8655999948969
469.0567999932682
400.85000000544824
413.7864999938756
500.0233000027947
454.6719999925699
410.07870000612456
470.20599999814294
449.13249999808613
456.93949999986216
537.4661999958334
460.9703000023728
464.7627999947872
495.6037999945693
406.11140000692103
407.609699992463
474.561300012283
410.38750000006985
411.5278999961447
524.758200001088
418.1360000075074
458.03609999711625
496.7460000043502
393.69250000163447
406.1414000025252
451.74889999907464
404.49939999962226
450.02029999159276
537.3490999918431
442.02629999199416
407.546899994486
480.84190000372473
412.78759999840986
428.6312000040198
484.8774999991292
408.566800004337
459.87089999835007
509.73700000031386
445.17069999710657
404.3167999916477
472.7048999920953
420.2418999921065
415.33059999346733
462.5302000058582
396.5048999962164
415.27460000361316
470.7275999971898
415.07789999013767
431.30919999384787
488.2777000020724
431.72649999905843
434.22530000680126
517.8400000004331
423.6600999865914
413.432900008047
477.63760000816546
413.30730001209304
416.0305999976117
474.9454999982845
407.0096000068588
401.3062000012724
514.5338000002084
403.97320000920445
405.9364999993704
504.5270000118762
416.74120000971016
410.88710000622086
518.9425999997184
404.5384999917587
392.4193999991985
474.01520000130404
417.27330000139773
438.1601000059163
479.5408000063617
435.00800000038
427.8518999926746
468.2892999990145
421.7536000069231
427.0247000094969
464.241800000309
417.0933999994304
416.5765000070678
479.8428999929456
405.4745999892475
411.15659999195486
467.81620000547264
402.56509999744594
427.6998999994248
453.76909998594783
396.9431000004988
432.10419999377336
488.19009998987895
414.3051999999443
391.185200001928
491.8956000037724
410.5998000013642
401.89140000438783
461.07540000230074
397.34590001171455
399.74040001106914
447.5172999955248
439.9212999996962
403.28140000929125
473.12110000348184
448.90550000127405
422.3195999948075
469.07520000240766
409.26079999189824
388.43349998933263
457.3429999873042
413.21529999549966
408.5946999985026
473.3009000046877
437.66199999663513
444.6328000049107
482.5593999994453
450.67740000376943
422.1029000036651
480.15179998765234
425.65279999689665
416.88150000118185
505.9861999907298
408.68769999360666
418.28820000228006
535.6050999980653
437.6529000001028
403.7499999976717
475.8609999989858
402.9389000061201
379.73310000961646
450.4503000061959
423.0314000014914
413.33349999331404
490.53780001122504
408.64420001162216
398.8984000025084
469.99150000920054
423.38459999882616
408.96290000819135
449.27979999920353
459.9879999877885
472.645999994711
538.7808000086807
435.21480000345036
412.40929999912623
469.85619999759365
393.7393000087468
405.1264000008814
472.7128999948036
425.1344000076642
448.24979999975767
476.0034000064479
419.16849999688566
412.96269999293145
493.9981999923475
432.15010000858456
405.4604999982985
460.38279999629594
433.3966000122018
422.49270000320394
477.23210000549443
403.4440999967046
403.26180000556633
470.08199999982025
401.23780000431
434.81469999824185
517.108800006099
418.58130000764504
392.27730000857264
461.7787000024691
422.99620000994764
404.5524999964982
472.2191000037128
411.70039999997243
450.9968000056688
506.02010000147857
439.13339999562595
458.6437000107253
512.7921999956015
452.4400000082096
404.8289000056684
469.30159999465104
402.5524000026053
456.74869998765644
536.1338000075193
427.1390999929281
446.31010000011884
531.3157000055071
453.1501000019489
408.3787999988999
534.3301999964751
414.5798000099603
400.34980000928044
466.5621000021929
404.2845999938436
408.0699999904027
444.6832999965409
405.72229999816045
414.31209999427665
467.07189999870025
403.0265000037616
402.29440000257455
506.38349998916965
416.3083000021288
403.22970000852365
521.9144000002416
424.52079999202397
460.4317999910563
496.0092999972403
445.65929999225773
408.4622000082163
533.0573999963235
422.4748999986332
393.6348999995971
459.2382999981055
408.475999996881
424.7915000014473
474.12609998718835
414.1730999981519
398.97799999744166
469.60399999807123
417.98929999640677
410.32510000513867
471.03359999891836
421.02779999549966
426.5557000035187
505.02499999129213
407.4438999959966
394.9492999963695
457.0155999972485
416.2021999945864
434.4803999993019
469.99139999388717
398.3161999931326
400.5138999928022
451.54350000666454
401.9696999894222
409.7858000022825
489.2777000059141
407.26000000722706
410.1342000067234
467.56610000738874
405.0619000045117
408.56509999139234
472.13989999727346
406.063800008269
394.27140000043437
444.52889999956824
416.57539999869186
400.18750001036096
470.12649998941924
410.2026000036858
414.38319999724627
472.28760000143666
430.1693999877898
431.19050000677817
471.60070000973064
425.3037000016775
420.7287000026554
491.00179999368265
400.7956999994349
406.7522999976063
467.10670000175014
429.4646000053035
444.3027999950573
478.1833999877563
442.8425999940373
426.0682000021916
470.24450000026263
389.0850000025239
394.81150000938214
468.35350000765175
404.44949999800883
410.76389999943785
472.36070000508334
407.7386999997543
415.14930000994354
476.90069999953266
406.0105999960797
405.3633000003174
471.1705000081565
421.21300000872
404.82239999982994
513.5377999977209
425.9793999954127
411.9617000105791
481.83720000088215
415.56029999628663
403.2857999991393
481.36269999668
409.5984000014141
384.88080000388436
468.75050000380725
414.82920000271406
422.5494999991497
486.24690000724513
423.9923999994062
410.49090000160504
443.5436000057962
408.6191000096733
416.51539999293163
471.1673999991035
409.7959000064293
404.64849999989383
475.38239999266807
426.41650000587106
388.1342999957269
460.70690000487957
429.63449998933356
402.8997999994317
515.828399991733
396.2041000049794
434.7033999947598
491.0440999956336
433.57599999581
431.5409999981057
510.56929999322165
409.72539999347646
429.04879999696277
467.6634999923408
401.0417000099551
435.249100002693
490.2919000014663
391.4310999971349
396.7127000069013
457.6353000011295
403.6937000055332
392.50020000326913
463.3761000004597
404.6530000050552
393.3290999993915
467.77689999726135
406.2849999900209
407.74660000170115
492.97289999958593
408.2972000032896
407.25129999918863
468.45340001164004
405.3658000048017
426.2946000089869
510.34739999158774
391.162699990673
407.13839999807533
473.6210000119172
409.1993000038201
401.2722000043141
481.3684000109788
408.1712999904994
393.48379999864846
479.0980999969179
407.4707999970997
406.7687999922782
456.4586999913445
450.7327000028454
447.53839999611955
543.7227999937022
439.3378000095254
411.30939999129623
500.05180000152905
428.90700000862125
427.2115999920061
485.6946999934735
417.1077999926638
444.87279999884777
475.50119999505114
461.0343000094872
411.6735999996308
463.9694000070449
399.89679999416694
414.65079999761656
456.6746999917086
405.61699999670964
406.61059999547433
497.2954000113532
443.99800000246614
447.76870000350755
485.879500003648
404.0394999901764
407.3075000051176
499.49249999190215
414.60460000962485
419.2217999952845
482.1660999878077
403.81129999877885
416.9510999927297
475.3513000032399
458.93289998639375
429.9176000058651
529.641699991771
425.8404000138398
399.14710000448395
449.8958999902243
401.9576999999117
450.2452999877278
461.5580000099726
405.09330001077615
436.2057999969693
492.1071999997366
388.6254000099143
401.2206000043079
472.36220000195317
408.8216999953147
412.47280000243336
505.0368000083836
395.445700007258
406.2522999884095
452.4139999994077
401.7686000006506
403.6377000011271
469.3757000059122
399.3486999970628
407.92220000003
468.72439999424387
400.2757999987807
400.5797999998322
472.85450001072604
418.4726000094088
426.1451000056695
435.5587000027299
405.88069999648724
409.16440000000875
507.78149999678135
405.59789999679197
434.40920001012273
524.5984999928623
395.0304000027245
418.05809999641497
525.5495000019437
406.7618999979459
406.8381999968551
476.95509999175556
418.85370000090916
414.2392999929143
532.8118999896105
428.688299987698
404.0436000068439
468.7664999946719
411.8700999970315
414.0365999919595
533.0719999910798
418.4899999963818
399.0013999864459
465.3775000042515
404.6566999895731
430.9625999885611
443.8005999982124
410.1047000003746
408.7595000019064
536.7843999993056
454.5770000113407
447.1194999932777
515.0379999977304
436.3011999957962
406.35520000068936
471.1561000003712
435.31690000963863
435.63279999943916
475.8986999950139
393.24170000327285
405.39909999642987
462.79770000546705
406.76969999913126
410.91800000867806
472.19299999414943
394.31129999866243
407.3377000022447
546.3567999977386
475.43360000418033
428.2113999943249
513.9716999983648
407.3830999986967
400.75070000602864
464.7419999964768
403.30350000294857
452.03240000410005
476.2147000001278
467.0101999945473
431.8335999996634
469.38629999931436
385.83339999604505
415.42639999534003
474.24599999794737
410.4226000054041
414.8756999929901
488.30379999708384
430.08689999987837
411.0511999897426
481.87859999598004
432.1514000039315
428.4533000027295
465.05050000268966
443.9943999896059
425.73459999402985
479.21150000183843
420.42020001099445
428.03310000454076
479.8103999928571
417.37740000826307
455.7523000112269
531.750699999975
421.6610000003129
453.8443999917945
531.9124000088777
454.77549999486655
446.0070000059204
492.46490000223275
388.14739999361336
453.01650000328664
504.08499999321066
412.5590000039665
470.30570000060834
548.1078000011621
469.5771999977296
475.0434000015957
544.6642999886535
439.85420001263265
404.627600000822
519.690899993293
422.0828999968944
423.94490000151563
470.0050999963423
404.89470001193695
410.9251000045333
526.0177999880398
450.3688999975566
426.6344000061508
477.16969999601133
410.4228999931365
406.4247000060277
507.7187999995658
455.95659999526106
434.58500000997446
504.74499999836553
425.236600000062
460.22929999162443
490.02009999821894
438.27199999941513
403.71710000908934
474.0694999927655
422.5748000026215
410.8831000048667
469.1401999880327
400.052400000277
396.9682000024477
480.9566000039922
443.48460000765044
453.7638000037987
532.1627999946941
473.2627999910619
418.72390000207815
476.34480000124313
394.6430999931181
390.97059999767225
471.98640000715386
429.81599998893216
415.2149000001373
470.2411000034772
404.6151000075042
397.17389999714214
497.3891999979969
397.56759999727365
399.4917000090936
467.82470001198817
442.9067000019131
436.5890000044601
465.83850000752136
410.60710001329426
412.4996999889845
487.9008999996586
402.47879999515135
401.3115999987349
445.4688000114402
405.19200000562705
402.212300003157
463.0478999897605
404.57910000986885
411.32489999290556
473.3412000059616
410.84090000367723
405.687599995872
479.10279998905025
441.0604000004241
442.3483000136912
508.9800000132527
437.1218000014778
407.38649999548215
456.1009000026388
406.9871000101557
409.2035999929067
472.78430000005756
413.0639999930281
425.42949999915436
502.43229999614414
458.3184000075562
438.1178000039654
524.8672000016086
451.03340000787284
431.8548000010196
516.5943000029074
433.4460999962175
414.2037999990862
449.4716999906814
402.4206000030972
394.55480000469834
457.8609000018332
430.1285999972606
406.6021000035107
478.2627999957185
444.8720999935176
435.79800000588875
519.8152999946615
438.12699998670723
407.23939999588765
489.7818999888841
424.6428000042215
430.77039999479894
463.30899999884423
398.21309999388177
400.36780000082217
496.7064000084065
432.36639999668114
410.9078000037698
490.6931000004988
406.4297000004444
401.494100005948
504.98810000135563
422.6046999974642
412.96620000503026
483.79909999493975
415.97049999109004
404.0395000047283
455.34470000711735
399.96399999654386
444.23410001036245
476.0512000066228
432.3329999897396
448.6765000037849
468.4835999942152
411.73089999938384
432.2515000094427
501.8765999993775
431.0745999973733
406.92890000354964
449.2917000025045
399.19820000068285
386.29819999914616
461.8205000006128
395.94010000291746
408.8527999992948
497.2198000032222
446.3818999938667
437.4687000090489
465.4101000051014
404.98390000720974
425.00019998988137
476.6306999954395
408.693300007144
442.5615999934962
490.3857000026619
397.65800000168383
411.4164999919012
481.59599999780767
435.87879999540746
433.8865000026999
467.9608000005828
388.2616000046255
398.86630000546575
464.24430000479333
398.03460000257473
426.53160000918433
508.3202999958303
398.81830000376794
395.52849999745376
455.76749999599997
404.9793000012869
427.96650000673253
493.57390000659507
387.9802000010386
404.8544999968726
465.63350000360515
404.21919999062084
452.0594999921741
472.17320000345353
406.55189999961294
413.0798000114737
522.0917000115151
416.20890000194777
404.15139999822713
469.40869999525603
403.68689999741036
432.3671000020113
495.66950000007637
410.5868000042392
435.4938000033144
529.8918000044068
459.04379998683
413.08139999455307
494.50159999832977
406.233899993822
412.8120000095805
475.59950000140816
414.27339999063406
415.6003999960376
486.31449999811593
410.9362999879522
407.287299996824
548.3641999890096
418.3797000005143
402.1343999920646
459.64380000077654
405.0120000028983
416.64169999421574
483.1543000036618
449.317799997516
458.0790000036359
509.85170000058133
452.865400002338
408.44810000271536
535.0612000038382
417.84999999799766
410.15409999818075
502.947300003143
411.2193000037223
446.54419999278616
528.4257000021171
418.06110000470653
405.2674999984447
448.60139999946114
456.8797999963863
415.859199987608
471.43859999778215
407.90649999689776
419.1443000017898
489.8584999900777
438.10069999017287
467.0683000003919
507.1338999987347
408.738700003596
399.4349999993574
500.05410000449046
436.97189999511465
421.3506999949459
520.5794999928912
406.23159999086056
409.4210000039311
478.74390000652056
416.7920000036247
406.29109999281354
476.3643000042066
409.96969999105204
411.7638000025181
461.10590000171214
410.4798999906052
435.7042000046931
536.6026999981841
430.07820000639185
405.52179999940563
479.4142000027932
403.17639999557287
407.68269999534823
453.30720000492875
387.42900000943337
420.58790000737645
494.8567999963416
410.61910000280477
418.01789999590255
518.6227999947732
403.18979999574367
406.9915000000037
493.13629999232944
405.38360000937246
413.2792000018526
534.7363000037149
449.53799998620525
396.13310000277124
476.9590999931097
457.317200009129
425.3796999983024
450.5176000093343
443.72130000556353
466.44400000513997
500.4468999977689
408.7527000083355
429.8802999983309
514.5960000081686
399.9035000015283
422.47870001301635
532.4930000060704
435.3819000098156
433.110800004215
470.59679999074433
441.6258999990532
386.77529999404214
463.8025999884121
402.43180000106804
403.91410001029726
473.0149000097299
411.90690000075847
453.75840000633616
526.0757000069134
409.4203999993624
403.44330000516493
465.9949999913806
418.48510000272654
416.5876999904867
468.0744999932358
431.0773000033805
424.768299999414
466.26639999158215
446.5485999971861
450.23859999491833
498.0208000051789
446.89690000086557
403.6367000080645
460.25079999526497
398.9648999995552
448.05839999753516
468.319599996903
416.59229999640957
399.9101000081282
466.1466000106884
444.537000003038
435.7343000010587
528.4187999932328
457.99699999042787
429.0765000041574
521.5039999893634
396.39559999341145
383.39790000463836
478.1807999970624
408.1724999996368
408.5922000085702
527.1588000032352
448.11850000405684
403.8159999909112
474.6575000026496
395.93140000943094
403.86029999353923
514.5140000095125
422.0746000064537
383.17559999995865
475.02759999770205
380.26130000071134
419.92499999469146
471.0254000092391
410.6383000034839
426.3802999921609
466.8124999880092
397.0954999967944
428.87070000870153
476.37840000970755
463.2506000052672
430.689100001473
469.80920000351034
403.63539999816567
404.2429999972228
472.41099999519065
400.65120000508614
403.08239999285433
480.53770000115037
463.99980000569485
463.7959000101546
508.5742999945069
460.9726999915438
410.3766999905929
475.76530001242645
436.3180999935139
438.15690001065377
476.6615999978967
428.66040000808425
416.42700000375044
466.242800001055
414.9574999901233
451.4668000047095
540.4689999995753
446.745599998394
428.5978999978397
506.45789998816326
414.16810000373516
393.48420000169426
501.6380000015488
402.45080000022426
458.1065999955172
534.1284000023734
455.8558999997331
424.1390999959549
520.6900000048336
444.7920999955386
460.880200000247
470.9895999985747
410.1832000014838
409.38930000993423
478.3248000021558
416.1829999939073
396.7447000031825
478.9454999990994
409.06320000067353
419.0348999982234
482.0394000125816
414.979699999094
410.6892000127118
465.5186000018148
408.05600000021514
410.99109999777284
539.4235999992816
436.5586999920197
468.0320999905234
529.9085000006016
461.35709999362007
415.3548000031151
517.0622999867192
412.21439999935683
431.38100000214763
454.4746000028681
406.87249999609776
398.8948999904096
463.5422999999719
432.0328000030713
436.63830000150483
485.983300008229
409.31170000112616
405.4406000068411
473.10259999358095
409.43179999885615
406.9372999947518
480.62959998787846
392.9551999899559
400.30579999438487
460.1425000000745
407.05870000238065
443.97269999899436
462.7586999995401
401.91820000472944
396.02020000165794
504.5149999932619
445.56680000096094
418.23609999846667
474.65720000036526
408.5715999972308
424.03229999763425
513.0170000047656
416.31990000314545
438.3988000045065
514.8369000089588
410.80650000367314
382.13189999805763
478.9706000010483
438.1778000097256
441.6304000042146
472.1155000006547
408.2755999988876
407.3741999891354
474.2560000013327
409.68620000057854
429.6191000030376
487.7157000009902
430.6524999992689
423.74179999751505
474.6636000054423
417.85739999613725
439.9840999976732
483.36420000123326
403.8200000068173
399.97139999468345
463.1282000045758
419.7368000022834
433.20349999703467
486.83819999860134
410.344999996596
418.1462999986252
464.35989999736194
415.89859999658074
415.2484999940498
498.206799995387
427.151199997752
413.1724999897415
475.9342000033939
409.9467000050936
406.28989999822807
456.2298000091687
425.2598000020953
414.0371000103187
491.51189999247435
388.883599996916
411.81130000040866
475.83329999179114
407.9385000077309
408.6659999884432
475.5869999935385
400.84719999867957
410.1080000109505
506.55099999858066
432.627300004242
427.15940000198316
514.3377000058535
407.7873000060208
406.52550000231713
456.1653999990085
407.50249999109656
414.04079999483656
485.3099000029033
429.1922999982489
432.4710000073537
474.13699999742676
406.7451000009896
405.00840000458993
473.7326999893412
401.36200000415556
421.9634000037331
494.19480000506155
414.56239999388345
432.2346999979345
493.92599999555387
404.88399998866953
381.4873999945121
487.14270000346005
438.5406000073999
404.59390000614803
463.79540000634734
400.1206999964779
428.1297999987146
519.4224000006216
409.6824000007473
420.87630000605714
522.8586000012001
402.76470000389963
426.17810000956524
528.8016999984393
455.31309999933
418.7889000022551
509.1152999957558
410.81500001018867
382.21930000872817
483.7000999978045
456.18069999909494
422.9042000079062
475.74470000108704
408.5507999989204
392.6535999926273
485.696799994912
415.15139999683015
421.21009998663794
540.4715000040596
439.13749999774154
429.7655999980634
464.3645000032848
401.1841000028653
422.9215999948792
508.5590999951819
455.44959999097046
433.1442000111565
490.59760000091046
414.5771000039531
398.5830000019632
450.5392999999458
413.25149999465793
389.733799995156
509.9134000047343
394.30869999341667
414.51770000276156
475.9090000006836
414.0361000027042
404.17920000618324
475.34440000890754
434.5524999953341
419.75379998621065
527.3087999958079
415.073999989545
405.9607999952277
475.1620000024559
402.01920000254177
384.35379999282304
475.48019999521784
420.15099999844097
401.8089000019245
468.1060000002617
399.9658999964595
393.9303000079235
464.4782999966992
434.14230000053067
408.05649998947047
462.56329999596346
408.3763000089675
445.1182000047993
484.3745999969542
410.33270000480115
414.7186000045622
472.79789998719934
398.36979999381583
408.1278000085149
518.3378000074299
403.93719999701716
407.51870001258794
468.1252000009408
415.4902000009315
408.7708000006387
488.8667999912286
455.15190000878647
447.2735000017565
460.9204000007594
409.4848000095226
458.77629998722114
533.542999997735
406.0821000020951
404.85809999518096
459.7241000010399
392.77590000710916
411.2823000032222
478.21359999943525
420.9108000068227
456.89439999114256
531.4682000025641
412.3247999959858
423.40970000077505
490.03699999593664
412.8548000007868
406.67899999243673
541.7955000011716
403.65819999715313
416.2559999967925
485.9511999966344
406.1595999955898
409.670000008191
469.86050000123214
426.0041999950772
432.8725000086706
507.161300003645
435.92300001182593
440.53829999757
507.4270000040997
427.793599999859
419.2448000103468
510.2069999993546
430.6226000044262
417.44289999769535
506.60389999393374
404.6334000013303
412.1709000028204
463.00249999330845
400.0184000033187
402.21489999385085
460.77320000040345
396.1740000086138
431.0393999912776
515.3521999891382
426.5451999963261
405.2672999969218
462.41169999120757
390.8108000032371
418.6948999995366
484.60009999689646
424.48980000335723
425.618499997654
476.1073999979999
397.2314999991795
434.4286999985343
496.96920000133105
405.94190001138486
404.38279999943916
493.9525999943726
432.2452000051271
402.79030000965577
463.7883000104921
440.73080000816844
433.108600002015
506.0228999936953
404.81749999162275
401.78659999219235
480.13260000152513
403.1696999882115
399.1558999987319
453.31709999300074
383.0195000045933
405.5054999917047
507.9669999977341
450.4027000075439
426.32279999088496
488.4221000102116
452.5292000034824
422.70759999519214
477.60610000113957
452.53159999265336
443.7827999936417
492.7027999947313
389.82550000946503
405.475400009891
466.4550000015879
434.19849999190774
456.12960000289604
533.4120000043185
421.3867000071332
433.3170999889262
517.9776000004495
407.2314999939408
401.6172999981791
475.5118000030052
456.06099998985883
455.8072999934666
473.4505999949761
427.52759999712
403.74969999538735
469.74820000468753
400.90029999555554
391.04190000216477
468.82259999983944
434.60229999618605
401.09579999989364
517.3196999967331
420.70289999537636
437.4067000026116
472.3754000006011
428.53330000070855
429.810899993754
502.46360000164714
456.0705999901984
446.842999997898
484.81969999556895
453.98729998851195
459.6432999969693
510.2274000091711
425.64870000933297
411.4026000024751
471.3064999959897
430.50940000102855
434.8043000063626
501.8677999905776
411.4186999941012
403.96909999253694
475.7753000012599
405.6871000066167
414.2070999951102
477.32960000575986
409.1658999968786
438.002900002175
486.566200008383
385.1063000038266
404.96559999883175
479.96510000666603
400.65410001261625
404.01870000641793
466.35539999988396
408.0295000021579
459.4163000001572
530.6916999979876
403.7349999998696
446.66719999804627
519.0694000048097
425.34279999381397
412.9936999961501
461.986700000125
415.0591999932658
404.26779999688733
501.2578999885591
407.42889999819454
403.7876999936998
479.291399999056
428.01869999675546
467.048699996667
531.403799992404
416.2743000051705
455.1934000046458
491.4944000047399
407.53189999668393
421.31659999722615
466.5485000004992
407.82809999655
412.97399999166373
488.6058999982197
434.36430000292603
398.5178000002634
488.44390000158455
408.6726999958046
425.6703999999445
519.6438999992097
463.74969999305904
453.25510000111535
500.00050000380725
419.59200000565033
385.19390000146814
492.6588999951491
405.4040999908466
408.8887999969302
506.2869999965187
447.11729999107774
438.71210000361316
463.7746999942465
403.1694000004791
410.286600003019
455.6962999922689
407.24970000155736
402.067499991972
471.0994000051869
433.6297999980161
423.9605000038864
473.76429999712855
407.68190000380855
434.4868999905884
491.47150000499096
449.37130001198966
428.9372000057483
474.517000009655
441.1802999966312
435.76029999530874
487.95480000262614
425.04859999462496
400.38999999524094
466.36750000470784
415.23110000707675
422.5730000034673
508.82580000325106
444.3442999909166
416.9795000052545
458.1246000016108
411.7104999895673
416.07059999660123
506.40510000812355
401.9446999882348
399.27669998724014
433.17069999466185
379.7214000078384
400.09170000848826
468.9586999884341
408.137499995064
396.0461000096984
443.952999994508
404.24579998943955
436.1720000015339
509.07589998678304
425.0337999983458
425.6931000127224
438.9078999956837
378.5922999959439
400.03340000112075
465.453199998592
441.9882000074722
436.70429999474436
473.0046000040602
408.02780000376515
439.47329999355134
496.2743999931263
434.8805000045104
430.3378999902634
483.5125999961747
395.42049998999573
424.07550000643823
505.87360000645276
438.8365999911912
435.82890000834595
469.26660000463016
397.3740000074031
414.5241999940481
488.28259999572765
439.7177000064403
403.98780000396073
461.4057999860961
403.6045999964699
407.907000000705
481.7048999975668
400.3441999957431
408.8661000132561
460.88650000456255
400.7592999987537
401.005100007751
497.3160000081407
420.3924999892479
436.97989999782294
506.7562999902293
436.8070000055013
428.54179999267217
473.69119999348186
409.5180000003893
412.4807000043802
469.18460000597406
438.1169999978738
436.3668999867514
444.09550000273157
403.4824000118533
424.17690000729635
513.3779000025243
456.4202000037767
417.6117000024533
474.42830000363756
400.5732999939937
383.4891000005882
466.58590000879485
407.997999995132
408.6109999916516
479.78779999539256
440.8028000034392
432.77059998945333
502.83589999889955
407.30469999834895
398.24229999794625
471.7279000033159
416.8280000012601
421.34960000112187
493.1062999967253
417.10479999892414
409.0215000032913
475.4919999977574
415.2209000021685
408.36870000930503
530.4009999963455
428.3958000014536
429.7338000033051
467.8727999998955
405.89039999758825
405.34119999210816
469.23750000132713
415.7250999996904
426.4378000079887
454.9611999973422
404.90090000093915
413.7425999942934
473.6537999997381
405.00719999545254
403.3987000002526
475.98469999502413
410.9480000042822
403.61149999080226
503.4836999984691
432.5280000048224
408.10050000436604
489.61449999478646
394.03549999406096
402.28449999995064
496.6238000051817
395.317000002251
455.20070000202395
538.4339000011096
403.7458999955561
427.385700008017
515.5099999974482
395.69510000001173
407.29380000266246
468.6560999980429
402.5596999999834
410.3535999893211
506.35360000887886
433.65420000918675
419.8976999905426
480.7357999961823
439.4613000040408
410.53500000271015
488.16930000612047
423.5865999944508
441.58600000082515
496.6796999942744
447.9304999986198
450.981399990269
485.19700000179
410.52140000101645
410.9189999871887
431.19660000957083
412.02160000102594
405.8684000046924
469.73340000840835
410.23509998922236
428.72940000961535
516.9841000024462
454.6433000068646
453.7127999938093
530.0049999932526
441.73579999187496
416.0013000073377
459.89209999970626
415.38849999778904
399.58349999506027
497.97290000424255
441.28870000713505
417.94740001205355
465.8056999905966
407.80639999138657
433.5343999991892
498.48590001056436
427.72570000670385
447.3526999936439
484.4413999962853
429.3734999955632
412.46909998881165
476.2412999989465
423.9430000016
414.06340000685304
442.74650000443216
430.79080000461545
401.5893999894615
443.93459999992047
405.6530000088969
413.22209998907056
511.0722999961581
423.6404999974184
444.102199995541
514.7724999987986
423.7433000089368
387.352000005194
484.001899996656
418.65329998836387
439.12270000146236
485.42620000080206
420.8558999962406
412.6286000100663
473.1725000019651
407.04819999518804
390.3940000018338
485.81230000127107
444.95229999301955
421.6993000009097
513.4115999971982
416.44620000442956
398.86570000089705
479.9462999944808
423.130700000911
409.23109999857843
502.4575999996159
440.99699999787845
420.73519999394193
507.347499995376
413.92330000235233
434.9023999966448
495.23950000002515
408.69710000697523
392.9995999933453
464.07149999868125
398.7593000056222
431.9855999929132
509.3090000009397
427.0892999920761
390.7887999957893
463.35559998988174
402.05770000466146
395.7200000004377
479.36399999889545
437.5407999905292
448.9236999943387
514.0425999998115
430.129999993369
456.6789999953471
502.75660000625066
445.5010000092443
403.418399990187
461.83609998843167
443.4636999940267
442.2931000008248
487.39799999748357
446.17220001237
403.82490000047255
454.89809999708086
405.99460000521503
456.8714000051841
502.2503000072902
414.04590000456665
399.14160000626
473.28370000468567
422.5901000027079
428.5946000018157
467.84939999633934
402.4377000023378
409.79209999204613
497.1272999973735
451.8529000051785
424.8871000017971
514.9851000023773
410.8247000112897
431.69379999744706
460.35620001202915
440.6386000046041
424.23620000772644
503.93849999818485
402.0492999989074
454.79509999859147
478.0983999953605
414.7444000118412
396.124900013092
469.132800004445
404.64959999371786
428.0451000086032
476.5765000047395
458.765699993819
456.4243000058923
476.99399999692105
407.3329999955604
402.53379999194294
496.88659999810625
437.8452999953879
442.2061999939615
538.6959000024945
461.63930000329856
420.16599999624304
475.6303000031039
413.48099999595433
400.8207000006223
475.9182999987388
410.7281000033254
405.4693999933079
474.1269999940414
419.74080000363756
439.7144999966258
483.41059999074787
413.71860000072047
