307.8230999817606
358.9440000068862
360.0882999890018
321.2610999762546
335.6573000201024
324.1042000008747
315.9293000062462
322.93350002146326
286.3041000091471
305.4120000160765
269.11029999610037
273.2100000139326
256.2057999894023
243.46359999617562
249.76890001562424
250.32459999783896
235.3002000018023
249.60019998252392
225.5029000225477
224.8398000083398
231.06960000586696
226.32609997526743
217.40850000060163
217.72290000808425
219.8484999826178
226.3084999867715
227.0196999888867
267.1292999875732
219.36550000100397
206.5837999980431
213.3021000190638
194.39970000530593
191.32399998488836
186.44449999555945
194.50100001995452
191.0304999910295
180.59030000586063
179.5270000002347
176.56770002213307
171.4264999900479
168.36219999822788
171.80690000532195
173.69890000554733
169.0311999991536
164.8245000105817
164.87949999282137
165.99509998923168
164.04899998451583
161.0050000017509
162.93739998945966
160.12139999656938
158.43239999958314
154.425100015942
164.65819999575615
152.57710000150837
151.77940001012757
150.9978000249248
147.83249999163672
145.2650999999605
147.71900000050664
145.19919999293052
146.56490000197664
145.54870000574738
143.492300005164
144.6148999966681
146.20420002029277
143.93300001393072
140.4902999929618
141.33089999086224
138.6019000201486
135.87959998403676
147.07099998486228
137.9816000116989
135.9756999881938
140.6618999899365
155.24900000309572
143.68519998970442
140.37180002196692
142.5333000079263
145.35529998829588
150.2238999819383
139.51119998819195
139.8881000059191
131.65129997651093
142.5087999959942
137.55200000014156
133.25829998939298
130.3804999915883
130.05219999467954
141.26180001767352
136.29029999719933
130.62260000151582
129.60129999555647
128.58140000025742
127.6644000026863
130.38449999294244
129.887899995083
125.36869998439215
125.32869999995455
126.35679999948479
125.99639999098144
126.83160000597127
124.44400001550093
124.27239998942241
124.08280000090599
122.95709998579696
124.98500000219792
133.3077999879606
118.56380000244826
120.7210999855306
122.49619999784045
119.64590000570752
117.48050001915544
122.1363999939058
119.21969999093562
122.9497000167612
125.52859997958876
121.59140000585467
125.8811000152491
124.1098000027705
124.41350001608953
124.79820000589825
120.66210000193678
125.6598999898415
125.07159999222495
137.76670000515878
121.733400010271
122.27249998250045
121.95120000978932
124.0193999838084
116.64269998436794
114.16709999321029
117.82650000532158
111.30039999261498
119.0919000073336
112.65429999912158
115.68240000633523
112.69419998279773
112.3782999929972
119.79799999971874
119.06930000986904
120.00329999136738
120.13489997480065
125.81659998977557
115.57229998288676
120.77340000541881
118.09340000036173
118.52080002427101
112.49629998928867
111.18830001214519
114.80270000174642
113.44039998948574
107.41160000907257
108.62780001480132
108.01809999975376
106.32310001528822
107.79580002417788
104.7891000052914
108.80759998690337
108.31239999970421
108.25789999216795
121.78610000410117
109.07580002094619
106.68670001905411
109.12360000656918
106.79969997727312
112.47360002016649
110.8648999943398
106.65159998461604
103.74640001100488
104.24360001343302
104.81660001096316
102.86949999863282
100.87140000541694
99.84550002263859
100.37889998056926
100.16569998697378
103.18160001770593
109.68889997457154
101.5029999834951
119.93570000049658
109.98269999981858
98.19469999638386
98.78450000542216
100.93630000483245
96.6177000082098
95.3420999867376
98.73070000321604
99.0829000074882
96.59349999856204
96.43629999482073
103.04379998706281
95.8379999792669
96.424899995327
96.92799998447299
98.9998999866657
97.91700000641868
99.18800002196804
97.58970001712441
109.58220000611618
95.01320001436397
98.93800001009367
97.1824000007473
98.14720001304522
97.88939999998547
95.19419999560341
96.64209999027662
97.50720000010915
96.11799998674542
97.66959998523816
98.32160000223666
95.34010000061244
95.63920000800863
95.73239999008365
101.98169999057427
105.86969999712892
103.20489999139681
107.30120001244359
108.31099998904392
101.1929000087548
96.20830000494607
94.73839998827316
93.68770002038218
93.80029997555539
93.66559999762103
94.32230002130382
94.03059998294339
95.04799998831004
94.08870001789182
94.3771000020206
94.2407000111416
94.08050001366064
94.99640000285581
92.88429998559877
91.92239999538288
92.44580002268776
98.82479999214411
102.82509998069145
93.4335999772884
93.5475000005681
93.5895000002347
98.87240000534803
103.14919997472316
92.56079999613576
92.9316999972798
94.8017000046093
91.79420000873506
92.90280001005158
94.1776999970898
92.41089998977259
93.07269999408163
93.21689998614602
100.86559999035671
94.39839998958632
94.34520002105273
94.46709998883307
103.23479998623952
94.69349999562837
92.068099998869
99.05129999970086
102.87329999846406
91.91160000045784
90.68090000073425
91.65429999120533
90.36299999570474
89.57330000703223
89.79779999936
98.5651999944821
100.0231999787502
92.30560000287369
92.39060000982136
91.85160000924952
90.73919997899793
89.18700000504032
89.32110000750981
110.56580001604743
96.52600000845268
96.12059997743927
98.76490000169724
97.54140002769418
101.59539998858236
101.36629999033175
89.14399999775924
90.1603999955114
93.75739999813959
92.02060001553036
93.35359997930937
90.58859999640845
91.45760000683367
90.62960001756437
92.53299998817965
91.57000001869164
91.9966000074055
90.90690000448376
101.07360000256449
91.38190001249313
90.43690000544302
89.48620001319796
88.08680000947788
88.55760001461022
88.19260000018403
88.12500000931323
91.14820000831969
87.28610002435744
86.30160000757314
87.35480002360418
90.28609999222681
94.00739998091012
92.49490001820959
87.80219999607652
87.28609999525361
86.38739999150857
85.66050001536496
97.95519997715019
83.28190000611357
86.03099998435937
85.56669999961741
86.78489999147132
85.90610002283938
85.08229997823946
83.74619999085553
85.2737000095658
85.24399998714216
86.08580002328381
89.32450000429526
88.81220000330359
87.18070000759326
85.85469998070039
86.37150001595728
87.04090001992881
85.39970000856556
88.01139998831786
96.75360002438538
86.80910000111908
86.17660001618788
85.58820001780987
87.83460000995547
86.89349997439422
86.18620000197552
84.50629998696968
85.21290001226589
85.6091000023298
93.93810000619851
87.86790000158362
85.89300001040101
84.79300001636147
84.42009999998845
85.18669998738915
83.63639999879524
82.1513999835588
84.57919998909347
95.80270000151359
84.60339999874122
84.85280000604689
83.48090000799857
84.21689999522641
84.30369998677634
82.53699998022057
83.54950000648387
87.97939997748472
91.92969999276102
91.57030002097599
85.36090000416152
84.79540000553243
86.57539999694563
85.99699998740107
85.74399998178706
83.17099997657351
82.58639997802675
82.97000001766719
101.07850001077168
85.23840000270866
84.12320000934415
83.18169999984093
90.486700006295
83.97080001304857
84.16689999285154
83.52099999319762
90.2873000013642
83.51880000554956
83.79029997740872
81.26120001543313
80.94539999729022
80.15709999017417
80.27320000110194
80.47309998073615
81.00289999856614
87.93589999550022
89.58929998334497
105.53190001519397
83.7527000112459
81.73330000136048
82.45749998604879
81.19929998065345
83.38409999851137
81.485500006238
81.99599999352358
86.10330001101829
79.31340002687648
81.26939999056049
79.24349998938851
83.06510001420975
98.751200013794
99.00399998878129
98.14290000940673
85.28130000922829
80.78160000150092
79.38070001546293
88.70349999051541
80.83450002595782
80.65579997492023
80.02029999624938
80.44210000662133
82.23369999905117
81.65740000549704
82.15490001020953
81.64049999322742
81.92749999579974
84.01890000095591
89.19299999251962
87.95950000057928
81.7148000060115
88.35799997905269
85.58099999208935
77.48350000474602
80.24629999999888
78.73259999905713
91.00320001016371
78.1245999969542
77.99369998974726
78.62269997713156
78.63050000742078
77.2224000247661
76.71759999357164
76.62300000083633
76.91360000171699
75.7762000139337
77.7343999943696
78.91599999857135
77.84720000927337
77.3922000080347
76.6754999931436
77.25859998026863
77.49429999967106
77.62249998631887
77.12450000690296
88.45079998718575
75.18300000810996
79.27220000419766
76.85179999680258
77.02890000655316
75.82719999481924
75.68160002119839
75.37959999172017
74.2663000128232
75.22980001522228
74.38909998745658
76.44629999413155
78.45069997711107
75.36310001160018
74.98929998837411
75.53699999698438
75.26260000304319
74.6008999994956
72.56149998283945
91.75360001972876
77.5656999903731
73.15390001167543
74.69100001617335
76.16150000831112
79.98130001942627
76.92849999875762
76.64139999542385
75.39559999713674
78.09009999618866
75.7298999815248
76.56670000869781
77.75749999564141
76.188099978026
77.15290001942776
78.43120000325143
76.29739999538288
79.2733000125736
80.73980000335723
92.65700000105426
80.09070000844076
79.58469999721274
79.6818999806419
84.94569998583756
79.97530000284314
79.19190000393428
79.0156000002753
78.22680001845583
78.10300000710413
78.53120000800118
76.73249999061227
78.14699999289587
76.06490000034682
79.28790000732988
78.93879999755882
77.85619999049231
77.77130001340993
78.56660001561977
89.82429999741726
76.25220000045374
77.96510000480339
76.79930000449531
77.8944999910891
77.78849999886006
78.70429998729378
79.02659999672323
80.80010002595372
78.09110000380315
78.57220000005327
76.51690000784583
76.48029999108985
76.1108000006061
75.93069999711588
75.59609998133965
76.86739999917336
78.48690001992509
77.68489999580197
85.3429000126198
74.8273000062909
75.73800001409836
74.67060000635684
73.73589999042451
73.56429999344982
74.38770000590011
76.73329999670386
74.20450000790879
73.01040002494119
71.19290000991896
72.73000001441687
73.34969998919405
73.84109997656196
72.5887999869883
74.1165999788791
73.06419999804348
71.90320000518113
72.74390000384301
82.86100000259466
72.99700001021847
73.79009999567643
73.39289999799803
75.04890000564046
72.71489998674951
77.73759998963214
73.26550001744181
74.38279999769293
71.94789999630302
75.93779999297112
74.16399999056011
74.86120000248775
72.79469998320565
79.20639999792911
80.03199999802746
75.00470001832582
74.97129999683239
73.09160000295378
84.91390000563115
77.93679999304004
74.32069999049418
74.50109999626875
74.49229998746887
73.83569999365136
73.92949998029508
73.72379998560064
73.99689999874681
74.98779997695237
75.00890002120286
74.50670000980608
74.34350001858547
76.41949999378994
74.91219998337328
75.362799980212
73.90509999822825
75.47730000806041
73.25950000085868
84.42219998687506
73.26720000128262
72.00640000519343
73.82109999889508
72.76929999352433
78.28079999308102
78.4292999887839
72.46470000245608
72.35940001555718
75.59239998226985
73.18620002479292
73.24110000627115
73.81429997622035
75.3506000037305
73.65519998711534
73.9420999889262
74.40839998889714
78.60599999548867
76.79560000542551
93.03439999348484
74.22489998862147
70.36209999932908
79.73669999046251
71.8920000072103
73.1853999895975
71.9859000237193
70.53509997786023
72.63769998098724
76.78669999586418
77.60930000222288
71.80030000745319
74.14700000663288
73.1853999895975
75.70069999201223
72.49759999103844
72.28299998678267
73.97080000373535
72.45760000660084
86.23449999140576
73.7057999940589
71.7239000077825
74.83759999740869
71.39259998803027
74.4272000156343
71.82869999087416
74.64629999594763
73.69669998297468
77.30150001589209
72.71830001263879
73.59939999878407
74.31289998930879
72.40189998992719
71.97879999876022
74.35690000420436
73.56000001891516
72.52849999349564
72.07940000807866
81.74029999645427
71.59750000573695
73.8775999925565
72.09760000114329
73.37460000417195
73.68609998957254
73.78010000684299
72.01599999098107
70.74070000089705
72.66639999579638
73.29519998165779
74.52429999830201
75.3944999887608
76.05010000406764
71.70520001091063
70.73229999514297
73.8128999946639
75.43630001600832
71.11290001193993
84.62609999696724
73.96549999248236
72.5901999976486
72.79350000317208
73.10880001750775
73.71510000666603
71.92890002625063
71.87839999096468
71.98529999004677
74.23140000901185
78.75929999863729
72.11709997500293
71.76130000152625
70.79260001773946
75.06500001181848
72.13390001561493
72.69309999537654
72.3106000223197
71.71740001649596
80.4368999961298
70.69379999302328
69.819299998926
77.84270000411198
70.60780000756495
70.58749999850988
70.76979998964816
71.6997999988962
71.64089998696
70.8364000020083
70.20809999085031
72.09420000435784
72.66119998530485
68.4225000150036
71.83080000686459
70.11850000708364
72.0625999965705
69.43770000361837
69.42839999101125
77.85830000648275
69.29579999996349
69.69299999764189
69.52709998586215
70.4732000012882
68.27590000466444
73.65399997797795
68.81890000659041
70.179400005145
71.82640000246465
69.81199997244403
69.07990001491271
68.76660001580603
70.57509999140166
69.31369999074377
69.39419999253005
70.03750000149012
72.73189999978058
71.55510000302456
84.49609999661334
71.16940000560135
70.12220000615343
71.34639998548664
70.8438000001479
69.69249999383464
73.60860001062974
78.31309997709468
76.63949998095632
72.9527999938
67.33429999439977
68.26139998156577
70.74500000453554
68.33400001050904
67.3162000020966
67.09850000333972
67.4206999829039
67.75699998252094
68.15279999864288
76.3089999963995
70.45689999358729
68.02700000116602
71.30020001204684
70.90010002139024
66.61300000268966
69.80420000036247
75.13070001732558
68.78729999880306
69.8229999979958
68.48339998396114
72.92800000868738
68.27800002065487
68.56389998574741
69.53130001784302
68.97039999603294
69.84479998936877
69.37670000479557
70.92639998882078
79.78229998843744
69.57280001370236
72.44290001108311
67.65380001161247
66.81150000076741
71.0110999934841
68.11039999593049
68.68980001308955
68.13379999948665
67.4435000109952
69.18029999360442
68.86940001277253
68.3269000146538
67.27100000716746
68.16140000591986
69.14669999969192
67.81090001459233
67.65310000628233
68.86790000135079
78.64469999913126
67.26489998982288
65.39229999179952
66.72110001090914
67.26380001055077
67.6746999961324
69.95950001874007
67.82270001713187
75.79450000775978
71.8050999857951
66.72139998408966
67.74219998624176
67.44069998967461
67.27239998872392
69.55690000904724
70.50370000069961
66.34789999225177
68.37379999342375
69.54070000210777
79.17569999699481
69.4999999832362
68.58160000410862
68.88310000067577
70.37389997276478
68.87170000118203
75.6435000221245
70.73860001401044
73.41070001712069
70.2164999966044
79.59909999044612
75.89400000870228
67.22719999379478
68.5875000199303
67.19299999531358
68.43540002591908
67.54560000263155
68.60530000994913
69.77840000763535
77.71849998971447
68.80310000269674
69.09630002337508
66.43649999750778
69.20279999030754
67.874500004109
66.99310001567937
66.98169998708181
67.15379998786375
66.98139998479746
67.90140000521205
67.9439999803435
66.49380002636462
68.80480001564138
66.05409999610856
66.4935999957379
68.74699998297729
69.6773000236135
72.4523999961093
80.21380001446232
67.79100000858307
66.03320001158863
69.21950000105426
67.87359999725595
70.74500000453554
66.64569998974912
66.83090000296943
66.32930002524517
68.395700014662
66.36409999919124
70.95829999889247
68.14660000964068
66.49749999633059
65.33410001429729
68.22919999831356
66.7828000150621
66.41110000782646
66.94049999350682
75.20620001014322
75.23489999584854
74.31120000546798
72.07920000655577
67.50609999289736
66.20030000340194
65.39400000474416
67.8386999934446
66.24049998936243
64.9392000050284
66.06040001497604
64.61420000414364
66.00260001141578
64.96280001010746
65.27639998239465
65.71359999361448
64.28200000664219
64.78799998876639
64.25409999792464
75.29429998248816
66.00989997969009
65.38300000829622
64.99430001713336
65.86760000209324
64.40860001021065
67.31049998779781
66.40109998988919
64.85570000950247
64.9353000044357
65.41310000466183
64.42730000708252
69.30659999488853
66.53529999312013
70.32520000939257
70.66090000444092
67.89740000385791
65.4136999801267
66.80229998892173
76.37110000359826
65.0344000023324
70.45570001355372
66.38960001873784
62.401600007433444
62.440200010314584
64.44069999270141
66.04309999966063
64.17669999063946
63.76359998830594
63.947000016923994
63.75230001867749
66.54619998880662
64.22359999851324
66.44349999260157
64.49290001182817
63.82870001834817
64.65739998384379
67.59829999646172
71.97029999224469
63.758600008441135
65.18039997899905
70.0467000133358
69.30760000250302
63.72689999989234
62.88219999987632
61.94419998792
63.118699996266514
62.65559999155812
62.52830001176335
63.31289999070577
60.60799999977462
62.127200013492256
62.9281000001356
62.42030000430532
62.773199984803796
62.6668999902904
62.875599978724495
78.06830000481568
62.86490001366474
63.665399997262284
63.36979998741299
63.75980001757853
64.045500010252
64.81889999122359
63.537799986079335
64.40390000352636
65.79200000851415
64.15180000476539
65.04669997957535
64.22020000172779
64.94690000545233
63.92360001336783
66.01619999855757
63.6139000125695
63.49310002406128
62.336199975106865
73.76749999821186
64.81630000052974
62.023799982853234
62.468299991451204
64.58570001996122
65.40429999586195
68.84079999872483
67.46960000600666
62.74910000502132
64.68820001464337
64.147299999604
63.1301999965217
62.2698999941349
66.616600000998
62.68329999875277
60.86160000995733
63.02639999194071
62.71360002574511
68.22600000305101
78.83569999830797
70.30170000507496
68.95729998359457
66.33739999961108
63.657799997599795
67.18710000859573
66.26890000188723
63.91920000896789
67.26330000674352
63.77109998720698
63.66889999480918
63.70289999176748
63.292100006947294
64.1110000142362
64.51260001631454
64.87380000180565
62.004500010516495
63.03639998077415
63.02199998754077
75.51700001931749
68.80839998484589
61.92029998055659
63.41979998978786
63.23220001650043
62.438599998131394
62.8597000031732
63.244399992981926
62.257699988549575
61.825300013879314
63.40820001787506
67.77719999081455
65.20129999262281
63.29890000051819
61.76409998442978
63.21610001032241
62.147899996489286
62.358499999390915
62.419100024271756
72.45900001726113
64.41020002239384
64.81260000145994
63.7533999979496
66.38959998963401
69.71330000669695
62.69439999596216
71.3642000046093
65.8697999897413
63.82280000252649
65.00479998067021
61.813500011339784
63.22499999077991
63.3248999947682
64.4449999963399
63.63600000622682
64.44289998034947
65.51169999875128
64.47250000201166
73.22029999340884
73.17310001235455
64.3145999929402
64.29070001468062
65.27989997994155
64.02999997953884
62.00069998158142
62.43649998214096
64.99909999547526
63.53959999978542
65.54779998259619
65.65249999403022
66.4536000113003
68.00649999058805
62.417799985269085
63.887700001941994
63.52710002101958
63.09409998357296
65.83259999752045
75.00340000842698
66.38299999758601
65.46069998876192
64.47480001952499
63.21510000270791
63.4215000027325
65.05419997847639
69.03260000399314
69.4995999801904
66.54229998821393
65.41499999002554
71.02110001142137
74.7875000233762
72.11859998642467
66.93930001347326
67.06630002008751
64.93809999665245
66.03019998874515
72.61669999570586
79.09980000113137
69.49550000717863
70.62849999056198
64.8358000034932
64.63670000084676
72.77199998497963
71.74899999517947
66.83339999290183
65.17660000827163
66.60660001216456
66.79549999535084
69.17249999241903
67.01679999241605
65.44770000618882
67.12059999699704
66.54990001698025
65.82390001858585
66.63929999922402
66.66720000794157
76.33569999597967
65.71470000199042
65.30110002495348
70.07650000741705
80.76380001148209
79.91170001332648
77.25180001580156
64.98249998549
65.76230001519434
66.60649998229928
65.1656000118237
66.80269999196753
67.8122999961488
65.18239999422804
66.08530000085011
66.89109999570064
66.87969999620691
64.93480000062846
66.09450001269579
78.21160001913086
66.05329999001697
68.39109997963533
65.6375999969896
67.1108000096865
67.42219999432564
66.50019998778589
65.37899997783825
64.94410001323558
64.57860002410598
63.594300008844584
67.17780002509244
73.33009998546913
72.6771000190638
67.43329999153502
66.64150001597591
66.28150001051836
70.0895999907516
65.79389999387786
76.4828999817837
64.38039999920875
65.6730999762658
63.98999999510124
64.08969999756664
67.69480000366457
67.30700001935475
64.89999999757856
64.57710001268424
66.54310002340935
70.02610000199638
68.9256000041496
69.44009999278933
69.89839999005198
69.54870000481606
73.1575999816414
82.95270000235178
66.07349999831058
67.02129999757744
76.62899998831563
64.89789998158813
64.1409000090789
66.29879999672994
63.883199996780604
64.96590000460856
64.81179999536835
64.9447999894619
66.37979997321963
63.61130002187565
64.3442000146024
64.03799998224713
63.14189999829978
61.38739999732934
62.19939998118207
61.687500012340024
62.46630000532605
61.502299999119714
62.466599978506565
72.78119999682531
62.97749999794178
63.53610000223853
70.98610000684857
64.2181999864988
65.39079998037778
62.92079997365363
64.85570000950247
66.45640000351705
63.76399999135174
64.61469997884706
64.86320000840351
64.79499998386018
64.17149998014793
63.697899982798845
64.76149999070913
66.47860002703965
63.60829999903217
64.49390001944266
76.4128000009805
63.46609999309294
64.00559999747202
64.69910001032986
64.79789997683838
63.62930001341738
64.3110999953933
62.90109999827109
64.0881999861449
63.632800010964274
63.11320001259446
63.01139999413863
62.902399979066104
62.068100000033155
62.31159999151714
62.506900023436174
63.28229999053292
65.02539999200962
62.599900003988296
73.24519997928292
63.544000004185364
62.95000002137385
63.795499998377636
63.31679999129847
63.03829999524169
63.83289999212138
63.3529000042472
62.01850000070408
61.78089999593794
61.18829999468289
62.57259999983944
62.371799984248355
60.82040001638234
62.00489998445846
62.61409999569878
62.21859998186119
61.25960001372732
62.522899999748915
72.5283999927342
61.857799999415874
62.06329999258742
61.16789998486638
62.35730001935735
61.12020000000484
60.89140000403859
59.590799995930865
62.571699992986396
62.69439999596216
61.395500000799075
63.380700012203306
61.973500007297844
63.05130000691861
63.58409998938441
62.670999992405996
62.195900012739
60.93849998433143
62.69970000721514
71.2459999776911
61.68389998492785
60.87570000090636
61.14129998604767
61.2185999925714
61.76209999830462
61.561499984236434
60.63029999495484
62.050499982433394
61.026599985780194
63.21229998138733
64.37269999878481
62.286100001074374
62.2019000002183
61.629600008018315
60.780600004363805
61.07019999762997
60.488899995107204
61.57710001571104
70.0389000121504
59.801299998071045
62.58050000178628
61.72470000456087
60.56189999799244
62.070999993011355
58.87109998730011
60.14270000741817
61.75770002300851
61.60680000903085
61.001199996098876
60.490200005006045
60.82760001299903
61.343700013821945
65.10479998541996
60.487300012027845
61.50749998050742
60.83939998643473
60.37349998950958
71.14969997201115
61.253199994098395
59.890300006372854
60.9427000163123
61.93520000670105
62.27769999532029
61.53069998254068
62.712599989026785
61.06279999949038
60.4526000097394
58.58689997694455
60.696100001223385
62.29279999388382
60.410300007788464
61.69149998459034
60.84639998152852
62.71680002100766
61.0226999851875
60.81570000969805
69.6204999985639
59.94119998649694
65.85079999058507
66.1889000039082
61.31900000036694
60.16930000623688
60.255999997025356
60.49710002844222
61.32840001373552
59.62139999610372
60.872400004882365
60.09369998355396
65.66120000206865
64.45790000725538
62.005799991311505
60.881399986101314
61.03820001590066
63.22999999974854
59.69120000372641
71.64800001191907
61.739299999317154
60.93830001191236
59.98000002000481
59.519499976886436
60.53079999401234
59.25479999859817
59.76980002014898
58.53330000536516
60.226500005228445
59.80689998250455
61.14579999120906
63.370600022608414
60.9855999937281
57.352000003447756
59.30569997872226
57.0976999879349
57.547600008547306
58.05640001199208
67.19550001434982
58.64619999192655
57.69399998825975
57.14129999978468
58.685500000137836
60.01489999471232
58.02970001241192
58.38659999426454
60.11200000648387
59.23599997186102
57.82710001221858
57.977600023150444
59.90229998133145
58.14259999897331
58.786200010217726
60.02669999725185
59.22860000282526
59.50219999067485
61.343500012299046
69.0965999965556
59.100599988596514
59.18270000256598
58.89799998840317
58.02950001088902
59.10849999054335
58.88460000278428
60.85410001105629
69.3535000027623
62.53270001616329
62.77250000857748
59.141899982932955
61.15779999527149
60.685600008582696
59.9058999796398
61.835300002712756
59.98330001602881
60.21229998441413
61.8504999729339
70.26529998984188
60.75460001011379
59.746499988250434
60.830799979157746
60.5830000131391
58.68680001003668
61.61150001571514
64.92840001010336
62.623599980724975
62.40200001047924
61.371699994197115
63.246100005926564
60.94699999084696
60.910900007002056
60.50530000356957
58.496200013905764
60.93099998543039
62.5774999789428
61.36950000654906
72.0871000085026
60.92610000632703
62.60099998326041
61.195399990538135
61.65129999862984
61.30540001322515
60.069500003010035
60.82240000250749
59.850099991308525
61.14840001100674
60.46099998638965
59.43299998762086
60.31299999449402
61.33230001432821
61.669499991694465
61.172999994596466
60.633999994024634
61.245999997481704
60.122900002170354
71.17680000374094
65.46400001388974
64.97480001416989
64.46120000327937
63.70170001173392
61.5442999987863
61.502099997596815
58.59270002110861
61.0144000092987
61.40380000579171
60.73709999327548
60.24459999753162
63.542399992002174
64.03010000940412
61.22989999130368
61.729000008199364
63.96410000161268
61.25100000645034
61.00200000219047
71.88439997844398
63.460700010182336
61.49349999031983
62.363600009121
61.72480000532232
63.76809999346733
62.80489999335259
62.18599999556318
62.95049999607727
60.76980000943877
64.04869997641072
63.505099999019876
61.72339999466203
60.95080001978204
62.04060002346523
61.33250001585111
60.09229997289367
61.440100020263344
61.15429999772459
71.54120001359843
60.36299999686889
60.54289999883622
60.81090000225231
61.09880001167767
60.90899999253452
62.173399986932054
61.40310000046156
64.95879997964948
67.37309999880381
63.742500002263114
62.72479999461211
63.30159999197349
61.6411000082735
62.20870002289303
61.50840001646429
61.02439999813214
61.796900001354516
62.131800019415095
70.77219997881912
61.56910001300275
61.14100001286715
63.33599999197759
61.02140000439249
61.66730000404641
60.1580000075046
62.112600018735975
61.252999992575496
61.450300010619685
60.719799977960065
62.071199994534254
60.964500007685274
61.33110000519082
62.925800011726096
61.78259997977875
61.783399985870346
62.43640001048334
62.21900001401082
71.75329999881797
62.146500014932826
62.27519997628406
62.403099989751354
60.49720000009984
60.93700000201352
61.27499998547137
61.496200010878965
61.65000001783483
61.20369999553077
61.30000000121072
61.964599997736514
63.309699995443225
62.08609999157488
62.96529999235645
61.150900000939146
62.70389998098835
62.58570001227781
62.4035999935586
71.32149999961257
62.38419999135658
61.454800015781075
60.069400002248585
63.01399998483248
68.74050002079457
68.82419998873957
65.94589998712763
67.22270001773722
67.39569999626838
65.8263000077568
67.36739998450503
61.07209998299368
61.605900002177805
59.84820000594482
60.360000003129244
63.10890000895597
60.98179999389686
60.47960001160391
71.56599999871105
60.89349999092519
61.28689998877235
61.20539997937158
60.275299998465925
61.06259999796748
59.903600020334125
60.73490000562742
61.13699998240918
61.05509999906644
60.614499991061166
61.58760000835173
61.45710000419058
64.62660001125187
61.70779999229126
59.269199991831556
58.4792000008747
58.76590000116266
60.22680000751279
77.86079999641515
62.27630001376383
59.65950002428144
59.04520000331104
58.9435999863781
58.455899998079985
58.30209999112412
57.91449997923337
59.11120001110248
58.264699997380376
63.97970000398345
61.906599992653355
58.96080000093207
58.5562999767717
57.600899977842346
58.802499988814816
57.964000006904826
58.319600007962435
58.17699999897741
68.23080001049675
57.32219998026267
59.821799979545176
59.07410001964308
57.66649998258799
58.971699996618554
57.98959999810904
59.129900007974356
57.412900001509115
58.300200005760416
57.753699977183715
58.297300012782216
57.02509998809546
58.84439998771995
59.7412999777589
59.45329999667592
58.045600017067045
58.380300004500896
58.387600001879036
69.49059999897145
58.96389999543317
59.69339999137446
64.71999999484979
58.60499999835156
58.614600013243034
60.81880000419915
60.69089999073185
59.28940000012517
58.54449997423217
60.493299999507144
61.508200014941394
58.676499989815056
59.55149998771958
58.77570001757704
58.620299998437986
58.37420001626015
59.913900011451915
59.5333999954164
72.66030000755563
60.88989999261685
58.362700016004965
57.01940000290051
57.33650000183843
58.60620000748895
57.94999998761341
58.06260000099428
57.67120001837611
59.813100000610575
58.24659997597337
59.067700000014156
58.04069997975603
57.54140001954511
58.74670000048354
63.47170000663027
67.5172999908682
58.52660001255572
58.36520000593737
69.18649998260662
60.21379999583587
59.072200005175546
58.070900005986914
57.9829000052996
58.10569997993298
56.912200001534075
58.27740000677295
58.30989999230951
57.80050001339987
57.04019998665899
58.02430000039749
60.143500013509765
58.19589999737218
57.11019999580458
59.45380000048317
58.36350002209656
58.81820002105087
57.96299999929033
79.40749998670071
57.858899992424995
60.42160000652075
61.026499985018745
58.967099990695715
60.15269999625161
59.8972000007052
59.652900003129616
60.676699999021366
60.85680000251159
60.01980000291951
61.19199999375269
58.77550001605414
58.54590001399629
56.07859999872744
59.10690000746399
63.038499996764585
62.558600009651855
63.42140000197105
76.00660002208315
64.2533999925945
59.338899998692796
58.06949999532662
57.63460000162013
57.49240002478473
58.021800010465086
56.882500008214265
57.54879998858087
59.582099987892434
58.1784000096377
57.796700013568625
58.01830001291819
58.49039999884553
62.524500011932105
62.55370000144467
57.75430001085624
58.94470002385788
57.775699999183416
69.61330000194721
58.575800008838996
58.47399999038316
57.42099997587502
57.653299998492
57.804200012469664
56.54570000478998
58.62009999691509
57.978700002422556
59.38450002577156
56.24320000060834
59.81200002133846
58.16220000269823
58.75460000243038
61.377799982437864
58.21710001328029
57.728499989025295
56.73059998662211
59.28919999860227
65.74869999894872
58.10840000049211
57.86210001679137
55.544700007885695
57.00749999959953
56.42690000240691
56.315300025744364
57.041200023377314
56.774399999994785
66.37710001086816
59.4656000030227
57.443900004727766
58.171600016066805
57.94949998380616
58.69830001029186
64.84409997938201
60.49860001076013
57.60629998985678
58.501699997577816
68.30149999586865
56.994999991729856
57.765500008827075
57.10129998624325
57.76049999985844
56.63279999862425
56.82080000406131
58.70140000479296
55.92020001495257
56.80650001158938
57.06220000865869
57.943299994803965
56.87689999467693
57.49390000710264
56.79410000448115
57.41670000134036
55.9754999994766
56.34789998293854
56.1398999998346
65.42949998402037
55.03749998752028
54.470400005811825
55.5781000002753
54.45170000893995
54.40429999725893
54.19430002802983
54.49599999701604
55.421700002625585
54.93519999436103
55.12109998380765
54.55659999279305
54.40189997898415
55.64880001475103
54.51220000395551
53.35110001033172
56.079300004057586
54.19279998750426
54.84870000509545
65.07859998964705
55.461500014644116
55.69750000722706
55.25180001859553
52.873100008582696
59.41080002230592
54.99460001010448
56.000900018261746
56.00569999660365
55.34979997901246
60.07899998803623
54.190299997571856
55.26829999871552
55.77460001222789
59.081200015498325
60.14139999751933
59.28909999784082
56.00500002037734
55.96659998991527
65.14019999303855
55.76330001349561
54.75690000457689
55.255499988561496
54.67300000600517
55.294199992204085
53.79010000615381
55.57620001491159
53.97660000016913
57.22879999666475
58.22679999982938
58.795399992959574
60.01789998845197
59.4658000045456
59.9309999961406
60.691800026688725
59.949600021354854
58.321000018622726
53.72550000902265
65.51519999629818
56.67259998153895
55.70130000705831
55.79899999429472
54.93760001263581
55.99909997545183
54.32039999868721
55.16120002721436
52.7762999990955
55.50049999146722
55.608499998925254
54.57179999211803
55.272099998546764
55.11280000791885
58.17519998527132
60.54910001694225
57.30559999938123
59.863000002224
56.55430001206696
70.48429999849759
64.61729999864474
57.03389999689534
56.42129998886958
56.551899993792176
60.60309999156743
59.76069997996092
59.41479999455623
53.369500004919246
55.73550000553951
56.62139999913052
56.521099992096424
55.879399995319545
55.94940000446513
55.560899985721335
56.573000008938834
56.42290000105277
58.10220001148991
57.56590000237338
66.8098000169266
55.23589998483658
56.55989999650046
60.17880002036691
55.953399976715446
55.21670001326129
58.55909999809228
56.66229999042116
57.53499999991618
57.86739999894053
56.98290001600981
58.12600001809187
57.45089999982156
57.1481000224594
57.17789998743683
59.0029000013601
56.070499995257705
56.52179999742657
56.21640000026673
67.81760000740178
58.1526999885682
60.20669999998063
56.3102999876719
56.18830001913011
57.6347999740392
57.126900006551296
56.98880000272766
56.38349999208003
56.88600000576116
56.849799992050976
55.70719999377616
56.707500014454126
57.68900000839494
62.5960000033956
60.77819998608902
58.25319999712519
57.922600011806935
56.33099999977276
66.97089999215677
55.7828999881167
55.28749999939464
56.64609998348169
59.99579999479465
67.19249999150634
72.80570000875741
58.0164999992121
59.84479998005554
63.097899983404204
60.678500012727454
57.72050001542084
56.25110000255518
57.64610000187531
58.69029997847974
59.38220000825822
58.9979000214953
56.06249999254942
59.35900000622496
70.51250000949949
56.34979999740608
55.39250001311302
58.036800008267164
57.7157000079751
60.32210000557825
62.063699995633215
60.52629998885095
63.93100001150742
61.39060002169572
60.35730001167394
64.25960001070052
58.48179999156855
60.05780000123195
58.27719997614622
58.26659998274408
61.19149998994544
61.77830000524409
63.70119997882284
71.67920001666062
60.20179999177344
58.568399981595576
56.509300018660724
56.63479998474941
57.652999996207654
59.76179998833686
60.070899984566495
60.848699999041855
59.86129998927936
56.87729999772273
56.17190001066774
55.728400009684265
55.645400017965585
56.23139999806881
56.33099999977276
57.223200012231246
58.67460000445135
58.74010000843555
67.17620001290925
56.40770000172779
58.8137999875471
57.3193000163883
56.051200022920966
56.6015999938827
56.408400007057935
55.669199995463714
60.65289999241941
58.42889999621548
56.52350001037121
57.51169999712147
59.578899992629886
59.38740001874976
59.982100006891415
59.43270001444034
59.84960001660511
62.91380000766367
58.55019998853095
67.25930000538938
57.18110001180321
56.91139999544248
55.65090000163764
56.479699996998534
57.24080000072718
56.470500014256686
56.82870000600815
58.78300001495518
57.809999998426065
56.89629999687895
59.011600009398535
59.32040000334382
58.19119999068789
59.62109999381937
59.19299999368377
56.1646000132896
57.412900001509115
56.77769999601878
69.62170000770129
58.9155999768991
58.272299997042865
58.755100006237626
58.08750001597218
57.546199997887015
57.41389998001978
58.83029999677092
62.32110000564717
59.83260000357404
57.599699997808784
58.92020001192577
63.703599997097626
63.702299987198785
64.11050001042895
62.29410000378266
64.53099998179823
61.45670000114478
64.07570000737906
75.03430001088418
64.36089999624528
60.60669998987578
61.78160000126809
62.3265000176616
66.97809998877347
64.20570000773296
68.51849998929538
63.914199999999255
60.381899995263666
59.90100000053644
59.770099993329495
61.03300000540912
61.11809998401441
62.426599994068965
60.51940002362244
60.770200012484565
61.46100000478327
62.69979997887276
71.62800000514835
61.519999988377094
60.302199999568984
60.57509998208843
65.36549999145791
61.211699998239055
60.80929999006912
60.31589998747222
60.30839998857118
60.63799999537878
60.87010001647286
59.73939999239519
59.5929000119213
59.783600008813664
58.76019998686388
59.49390001478605
58.1164000032004
60.96840000827797
59.22870000358671
68.22049999027513
60.37210000795312
58.26560000423342
58.650199993280694
60.0735999760218
60.11769999167882
58.17920001572929
58.32390001160093
57.59690000559203
61.81010001455434
57.940300001064315
57.864900009008124
59.33349998667836
58.589499996742234
59.58719999762252
57.51700000837445
60.309599997708574
58.819099998800084
64.3893999804277
68.63359999260865
60.93659999896772
60.614699992584065
58.331599982921034
59.503299999050796
58.71039998601191
59.46300001232885
57.153500005370006
57.992200017906725
58.13649998162873
59.6666999917943
57.778699992923066
59.789199993247166
59.767099999589846
58.4423000109382
58.39719998766668
58.68970000301488
59.983599989209324
60.49870001152158
67.20609997864813
59.42229999345727
59.47290000040084
59.182099997997284
60.81140000605956
61.3063000200782
69.62530000600964
71.1388000054285
78.05129999178462
68.62070001079701
60.008800006471574
64.47640000260435
66.27609999850392
66.21039999299683
58.8696000049822
60.370299994247034
60.54889998631552
71.0980000148993
69.38140001147985
71.54909998644143
60.229399998206645
61.069499992299825
60.87200000183657
61.26710001262836
57.721099990885705
60.12469998677261
59.78730000788346
59.17789999512024
60.05349999759346
58.88520000735298
58.36620001355186
60.4215000057593
60.80989999463782
59.5059999905061
60.52800000179559
59.32629999006167
63.21229998138733
60.795400000642985
69.10689998767339
58.84230000083335
58.184399997117
59.402800019597635
58.987900003558025
59.22070000087842
56.98289998690598
59.725600003730506
58.71250000200234
58.989299985114485
57.91449997923337
59.28059999132529
60.08620001375675
59.78440001490526
57.30240000411868
59.2954000167083
58.82859998382628
57.22149999928661
55.69780000951141
68.70190001791343
58.069100021384656
59.094600001117215
61.40819998108782
62.444199982564896
58.78979997942224
58.570099994540215
60.37680001463741
60.29290001606569
59.40489997738041
60.23880001157522
59.66809997335076
60.13560001156293
60.21669998881407
59.72379999002442
60.02550001721829
59.26880001788959
59.01220001396723
60.51909999223426
69.1311999980826
60.44520001159981
59.92649999097921
60.54299999959767
60.83309999667108
58.699100016383454
61.43119998159818
61.56680002459325
60.21270001656376
60.91940001351759
60.06089999573305
59.7913000092376
61.48340000072494
60.44089997885749
60.97369999042712
62.05720000434667
65.46659997547977
61.295999999856576
60.90919999405742
71.53069999185391
61.13550000009127
61.03129999246448
59.46260000928305
62.634300003992394
61.31469999672845
61.93389999680221
59.81200002133846
61.30030000349507
61.96200000704266
61.220700008561835
60.38159999297932
61.51800000225194
61.7375000147149
61.854900006437674
61.26469999435358
61.67029999778606
60.61129999579862
60.90889999177307
71.58629997866228
61.04969998705201
62.86720000207424
61.41950000892393
62.63050000416115
60.06419999175705
61.4140999969095
59.783300006529316
60.30689997714944
65.0129999849014
65.02229999750853
61.06589999399148
61.87879998469725
63.130299997283146
62.23149999277666
61.149499990278855
59.773099987069145
62.142299982951954
63.20509998477064
72.1239999984391
62.69309998606332
60.78890000935644
61.22780000441708
60.624900012044236
58.99419999332167
60.60659998911433
60.83719999878667
61.56249999185093
60.63720001839101
61.72359999618493
61.93409999832511
60.93289999989793
61.10550000448711
61.59009999828413
61.944999994011596
60.992599988821894
60.728700016625226
61.10300001455471
76.250699989032
62.38249997841194
61.42769998405129
62.287199980346486
62.41969999973662
61.0166999977082
61.01450001006015
60.30700000701472
61.40020000748336
61.567400000058115
60.83360000047833
62.16199998743832
61.998299992410466
62.349799991352484
66.83010002598166
62.22409999463707
62.3409999825526
63.102300016907975
60.72660000063479
70.52189999376424
60.61729998327792
60.95810001716018
60.721499990904704
68.00560001283884
63.983800006099045
59.528599987970665
61.499400006141514
62.06759999622591
60.74460002128035
60.68359999335371
60.45540000195615
59.131599991815165
61.01840001065284
62.459399981889874
58.74860001495108
63.031099998624995
60.88039997848682
59.22229998395778
69.9894999852404
60.201099986443296
60.31200001598336
60.69539999589324
59.95479997363873
60.136300016893074
59.18219999875873
59.4340999959968
61.20820000069216
60.82149999565445
66.45129999378696
60.46170002082363
59.8654999921564
59.51300001470372
58.015799993881956
59.59610000718385
59.22529997769743
60.1946999959182
59.29950001882389
68.96459998097271
58.85259999195114
58.713600010378286
58.647099998779595
58.879899996099994
60.438399988925084
58.454400015762076
57.901899999706075
59.68790000770241
58.504699991317466
58.93210001522675
59.06430000322871
59.7323999973014
58.587800012901425
57.91689999750815
57.784799981163815
58.52190000587143
58.56969999149442
57.550499972421676
68.14739998662844
59.6582000143826
63.08519997401163
61.40080001205206
58.900399977574125
59.92349999723956
60.08039999869652
61.80080000194721
57.82110002473928
57.288300013169646
57.55640001734719
58.16329998197034
56.87190001481213
58.687200013082474
57.752199994865805
57.0331999915652
57.34870000742376
57.81110000680201
57.361300016054884
69.80289999046363
56.946400000015274
57.93629999971017
57.47749999864027
57.184699981007725
56.77710002055392
57.091299997409806
57.40510000032373
56.1145999818109
58.01259999861941
56.24959999113344
56.058600021060556
55.93540001427755
55.92959999921732
55.68409999250434
55.91680001816712
55.1495999970939
56.39169999631122
56.09830000321381
68.14479999593459
56.1710000038147
59.774599998490885
63.6909999884665
55.6460999941919
55.62790000112727
55.994799971813336
54.78710000170395
53.959099983330816
55.95769998035394
56.83879999560304
55.22789998212829
55.997799994656816
58.28180001117289
60.25949999457225
57.368599984329194
56.52419998659752
59.24050000612624
63.4122000192292
72.06910001696087
57.29390002670698
56.18049998884089
60.11170000419952
55.303100001765415
56.834999995771796
54.61650001234375
55.62699999427423
54.72720001125708
54.43250000826083
55.39159997715615
54.910400009248406
55.56599999545142
55.195099994307384
54.28459998802282
54.32249998557381
61.205900012282655
61.274099978618324
55.00610001035966
67.29540001833811
61.43799997516908
61.690500006079674
57.71619998267852
54.36860001645982
54.67280000448227
53.97439998341724
54.59260000498034
54.31249999674037
53.5731999843847
53.640899976016954
55.21610000869259
54.185899993171915
54.13060000864789
55.25309999939054
54.03160001151264
53.38339999434538
53.34499999298714
53.41339998994954
64.38730002264492
54.625799995847046
54.47460000868887
54.91980002261698
53.75210000784136
55.34679998527281
53.778700006660074
54.93749998277053
55.003900022711605
54.23520001932047
55.594899982679635
54.94390000239946
55.99829999846406
59.240999980829656
55.12259999522939
55.68439999478869
55.59549998724833
56.20289998478256
55.27599999913946
66.47350001730956
56.84430000837892
55.99900000379421
57.9258999787271
55.755100009264424
57.76629998581484
56.381700007477775
56.25700001837686
57.29409999912605
56.29609999596141
58.04460000945255
55.62110000755638
58.00610000733286
56.778800004394725
56.369700003415346
56.116299994755536
55.76600000495091
56.58840000978671
63.85400000726804
73.9363000029698
59.955200005788356
61.78459999500774
63.926200004061684
61.598300002515316
58.99409999256022
57.7186000009533
57.171299995388836
56.82699999306351
58.549200010020286
57.24959998042323
62.38190000294708
64.10269998013973
60.09529999573715
57.258699991507456
58.78890000167303
58.1870999885723
56.725400005234405
64.02260001050308
68.3623000222724
57.44330000015907
58.263500017346814
58.58539999462664
56.7915000137873
57.63570000999607
57.19870000029914
58.872099994914606
58.47130002803169
58.89250000473112
59.626600006595254
59.58129998180084
65.78659999649972
59.19339999672957
59.38680001418106
58.31890000263229
65.4721999890171
58.160899992799386
64.59389999508858
68.94249998731539
57.86679999437183
58.19429998518899
57.81709999428131
58.06300000404008
59.81869998504408
57.53779999213293
58.993900020141155
57.03300001914613
59.70829998841509
57.81240001670085
57.03460000222549
56.2328000087291
57.833900005789474
57.9235999903176
58.52190000587143
57.07719997735694
57.786200020927936
57.40960000548512
66.49540000944398
56.913499982329085
56.98589998064563
56.159499974455684
55.21369999041781
56.146199989598244
56.38399999588728
56.77210001158528
55.504399992059916
56.19750000187196
56.50070001138374
57.43250000523403
56.87560001388192
58.48340000375174
55.66039998666383
56.61170001258142
55.472099978942424
57.06980000832118
58.59309999505058
66.46910001290962
58.167099981801584
56.89840001286939
58.09420000878163
57.29820000124164
58.9777999848593
57.891300006303936
55.92939999769442
55.75030000181869
57.67609999747947
57.897199993021786
56.65260000387207
59.46079999557696
56.48030000156723
55.6125000002794
58.52610000874847
55.76160000055097
57.69539999892004
55.19590000039898
67.35409999964759
56.3663000066299
56.35599998640828
55.47759999171831
58.356900000944734
64.40319999819621
56.36660000891425
56.06499998248182
55.738900002324954
56.3696000026539
55.328099988400936
55.292399978498
56.4367999904789
56.25829999917187
56.160799984354526
55.3457000060007
57.17840002034791
57.78520001331344
55.11119999573566
65.88730000657961
55.2832999965176
55.46690002665855
55.09539999184199
55.68019999191165
55.57019999832846
54.8523000034038
56.029100000159815
57.33229999896139
56.256000010762364
56.17749999510124
55.429100000765175
57.57509998511523
56.494399992516264
55.8137999905739
58.16799998865463
56.295599992154166
57.00329999672249
55.85199999040924
69.51650002156384
61.39180000172928
56.3073999946937
57.97069999971427
57.65169998630881
55.92030001571402
56.698200001847
55.84889999590814
54.6565999975428
54.92450000019744
59.140400000615045
63.00069999997504
56.764200009638444
56.49770001764409
55.97899999702349
55.88349999743514
55.77059998176992
60.06029999116436
60.93400000827387
71.46629999624565
63.328599993838
56.85190000804141
56.839400000171736
55.743300006724894
56.97360000340268
55.6776000012178
58.5475999978371
57.24759999429807
57.10069998167455
57.99130001105368
57.04159999731928
56.24740000348538
58.92899999162182
57.13370000012219
56.12780002411455
57.80040001263842
57.23640002543107
58.19310000515543
68.1932000152301
59.11110001034103
56.498699996154755
57.568499993067235
56.9895000080578
58.24779998511076
59.236600005533546
57.0016999845393
55.11149999802001
58.12010000227019
58.9075000025332
55.7730000000447
55.90430001029745
56.489700014935806
55.59380000340752
56.34720000671223
57.06089999875985
57.73699999554083
57.168500003172085
66.73399999272078
58.21930000092834
57.14999997871928
54.517900018254295
58.39019999257289
56.52119999285787
59.89219999173656
55.861700006062165
55.76039999141358
56.28020002041012
55.92899999464862
55.326900008367375
56.41520000062883
56.04480000329204
56.043999997200444
55.67860000883229
56.05640000430867
56.053000007523224
54.6506000100635
66.00520000210963
55.436299997381866
56.85249998350628
58.09999999473803
55.25060000945814
56.630500010214746
54.11530000856146
59.46570000378415
54.46830001892522
55.67910001263954
54.797699995106086
55.251500016311184
55.2210999885574
57.82729998463765
55.82230002619326
58.03039998863824
54.539900011150166
55.75010000029579
55.06639997474849
66.70480000320822
62.86550001823343
54.80039998656139
54.22510000062175
55.457299982663244
53.30940001294948
54.73480001091957
54.57330000353977
55.12020000605844
52.94829999911599
54.579999996349216
54.186100023798645
53.760900016641244
53.40929998783395
54.445399990072474
53.40860001160763
53.9275000046473
52.37220000708476
53.37500001769513
62.804600020172074
53.830199991352856
58.91009999322705
53.7911000137683
55.57329999282956
57.698799995705485
56.254299997817725
55.13749999227002
53.01499998313375
56.05230000219308
54.159699997399
54.69320001429878
52.566500002285466
53.41609998140484
54.38809999031946
58.416200015926734
51.637600001413375
52.24700001417659
52.80280002625659
63.17710000439547
52.42320001707412
53.30219998722896
52.683699992485344
52.40119999507442
52.051100006792694
53.60330000985414
53.747600002679974
52.83960001543164
53.064300009282306
53.51289999089204
52.59119998663664
54.9514000013005
52.69750001025386
53.91380001674406
59.42559998948127
57.54090001573786
59.648599999491125
57.335999998031184
64.36129999929108
53.646499989554286
52.07940001855604
55.77700000139885
53.359200013801455
54.04039999120869
53.596400015521795
53.578699997160584
52.172600000631064
52.542999997967854
53.50360000738874
54.163599997991696
53.23379999026656
53.44489999697544
51.9817000022158
53.29879999044351
51.8545999948401
54.193400021176785
53.17809997359291
65.62360000680201
56.10849999357015
59.949299989966676
54.74369999137707
53.66509998566471
52.85290000028908
52.29639998287894
54.45950001012534
53.65359998540953
53.596300014760345
52.89869999978691
59.87440000171773
54.26399997668341
55.27889999211766
52.89230000926182
53.49199997726828
54.70549999154173
56.596599984914064
53.6440999712795
65.4004999960307
53.83020002045669
56.16180002107285
57.01109999790788
54.0358999860473
53.409500018460676
54.22079999698326
54.780200007371604
54.31310000130907
54.70120001700707
55.39090000092983
55.184600001666695
54.32920000748709
53.90029997215606
55.32790001598187
52.92029998963699
54.962499998509884
54.897299996810034
53.366800013463944
63.526000012643635
54.664399998728186
55.525500007206574
53.84110001614317
53.892800002358854
54.903000011108816
54.40600001020357
55.32029998721555
55.919600010383874
55.74650000198744
57.00359999900684
54.085300012957305
53.014200006145984
52.045199990971014
53.26359998434782
53.331100003561005
53.54480000096373
52.74980000103824
53.538600011961535
66.1027999885846
53.127899998798966
54.36909999116324
53.05479999515228
54.21460000798106
54.20889999368228
55.291399999987334
53.605299995979294
55.79610000131652
56.71000000438653
53.78349998500198
53.64880000706762
55.06500002229586
54.03579998528585
53.74269999447279
53.45639999723062
54.713299992727116
53.90329999499954
51.936799980467185
62.49519999255426
53.97920001996681
52.69730000873096
55.30110001564026
54.68280002241954
53.42189999646507
53.772399987792596
55.36140000913292
55.85770000470802
54.51310001080856
56.392200000118464
53.79659999744035
55.04020000807941
54.257100011454895
53.78509999718517
56.22979998588562
54.36430001282133
54.526599997188896
55.1716000190936
64.29529999149963
54.171299998415634
54.39710000064224
53.504300012718886
57.79110000003129
58.85980001767166
52.92489999555983
54.35960000613704
52.88730000029318
56.15299998316914
55.400899989763275
53.88560000574216
57.0235000050161
55.150600004708394
53.42759998166002
55.013000004692
53.51549998158589
54.77149999933317
53.559400024823844
64.49210000573657
52.97359998803586
52.74059998919256
53.27229999238625
54.511800000909716
56.90240001422353
57.030800002394244
57.169800013070926
56.404100003419444
52.78319999342784
55.335799988824874
54.36320000444539
53.78519999794662
53.52750001475215
54.134100006194785
54.719499981729314
56.76179999136366
53.17359999753535
52.8041000070516
64.05590000213124
53.31290001049638
53.88610000954941
53.790300007676706
57.89789999835193
56.176999991294
54.96559999301098
56.85819999780506
53.85900000692345
52.84310001297854
56.03279999922961
56.20329998782836
55.09189999429509
53.596000012476
52.75669999537058
55.44580001151189
55.19579999963753
55.91990001266822
52.6679000176955
66.24919999740086
53.63830001442693
53.32200002158061
52.88400000426918
53.81350000970997
53.925399988656864
53.52749998564832
53.858700004639104
55.58280000695959
52.53620000439696
51.246700022602454
50.63420001533814
56.44309998024255
52.95599999953993
53.26840002089739
53.253900026902556
54.01619998156093
54.46690000826493
53.64480000571348
64.41339998855256
54.19289998826571
53.92120001488365
53.600899991579354
54.1259000019636
53.09010000200942
52.98839998431504
54.85159999807365
54.10550002125092
53.65620000520721
52.8106999990996
53.136799979256466
54.19229998369701
52.477699995506555
54.225600004429
52.68540000542998
53.03280000225641
55.153399996925145
53.61970001831651
63.95520002115518
53.836500010220334
52.84260000917129
54.581500007770956
53.6019999999553
53.47379998420365
53.08100002002902
52.74309997912496
53.919400001177564
53.68300000554882
54.80750001152046
56.53080000774935
53.30079997656867
54.76890000863932
54.12139999680221
54.35759999090806
53.405299986479804
53.11600002460182
55.06799998693168
65.43690001126379
54.05979999341071
55.95159999211319
54.480799997691065
54.48740001884289
52.68160000559874
54.314799985149875
53.46619998454116
54.151899996213615
54.694400023436174
55.16150000039488
55.75869997846894
56.34680000366643
56.21209999662824
54.8776000214275
53.55429998598993
54.353399988031015
53.357600001618266
56.43110000528395
64.7705000010319
54.545999999390915
54.04560000170022
59.30560000706464
53.534300008323044
54.020000010496005
59.81069998233579
59.478300012415275
53.88439999660477
61.137799988500774
54.72929999814369
54.50960001326166
60.38469998748042
56.2447999836877
53.17769999965094
54.085299983853474
52.02939998707734
55.97410001792014
53.58790000900626
64.95490000816062
54.53610001131892
56.2758999876678
60.478400002466515
56.57169999903999
55.809999990742654
55.58489999384619
54.37239998718724
55.540100001962855
54.3552000017371
56.31830001948401
55.31739999423735
55.89629997848533
53.846900002099574
56.599399977130815
54.46420001680963
55.40139999357052
55.05229998379946
61.15439999848604
69.79249999858439
55.57780002709478
55.81540000275709
55.7307000271976
53.73809998854995
54.350499995052814
55.661699996562675
53.73499999404885
57.20910002128221
57.967200002167374
59.045800007879734
57.060199993429706
55.2804000035394
53.89229999855161
54.75980002665892
55.64480001339689
66.23729999409989
62.5395999813918
62.46429999009706
71.58899999922141
55.03230000613257
55.29499999829568
53.71100001502782
56.27159998402931
53.75570000614971
55.52460000035353
53.073399991262704
57.12929999572225
54.0663999854587
52.64179999358021
53.385999985039234
53.84939999203198
53.940100013278425
53.794699982972816
53.7320000003092
54.012500011594966
53.73590000090189
54.13589999079704
63.83910001022741
53.67449999903329
52.73950000992045
53.61039997660555
53.052700008265674
52.791900001466274
54.384399991249666
54.777199984528124
52.93960002018139
52.206499996827915
52.568099985364825
54.091300000436604
55.40579999797046
54.09089999739081
52.47379999491386
60.844299994641915
53.18970000371337
58.56530001619831
59.3040999956429
63.69830001494847
57.544799987226725
54.705899994587526
56.15920000127517
58.96029999712482
53.2165999757126
53.04570001317188
52.28409997653216
52.33330000191927
51.70470001758076
53.0430999933742
52.98820001189597
53.3694000041578
52.605200005928054
54.265799990389496
52.85899998852983
53.25469997478649
55.071900016628206
54.59300000802614
63.07660002494231
54.0241000126116
52.509100001771
54.17180000222288
54.52860001241788
53.47810001694597
52.39209998399019
53.47559999790974
50.46179998316802
52.10510001052171
52.66019998816773
49.741299997549504
52.917599998181686
54.175700002815574
52.382599998964
53.51560001145117
52.03699998673983
52.1463000040967
51.35510000400245
63.80210001952946
51.599300000816584
52.95399998431094
52.59279999881983
51.94469998241402
51.98009999003261
52.595999994082376
50.72840000502765
60.17140002222732
58.329899999080226
58.52789999335073
53.61939998692833
52.08379999385215
52.523799997288734
52.25910001900047
52.37960000522435
53.80890000378713
53.691099979914725
52.02699999790639
64.27109998185188
52.563600009307265
60.730199998943135
60.81499997526407
58.84780001360923
58.2777000090573
52.18490000697784
51.062900020042434
52.59740000474267
53.2076999952551
52.64100001659244
53.654100018320605
53.09199998737313
51.89609999069944
52.15089998091571
52.091100020334125
51.92560001160018
51.47879998548888
52.00989998411387
60.12770000961609
51.563500019256026
51.83229999965988
50.83940000622533
51.31099998834543
49.2763000074774
50.48450001049787
49.733599997125566
50.73450002237223
52.596099994843826
60.49390000407584
57.44790000608191
52.99820000072941
51.3861000072211
50.46639998909086
52.926500007743016
52.04389998107217
49.96260002371855
51.80410001776181
61.25379999866709
61.67360002291389
53.051199996843934
57.78900001314469
60.42240001261234
53.233399987220764
52.43509999127127
52.88339999970049
53.64849997567944
51.72400001902133
52.51980002503842
51.22039999696426
54.16929998318665
51.63699999684468
52.593400003388524
51.14669998874888
50.80450000241399
51.70240000006743
59.60669997148216
71.57070000539534
56.355000007897615
54.14089999976568
51.985700003569946
52.12030000984669
50.42329998104833
51.8205999978818
54.47669999557547
52.10399997304194
52.65899997903034
51.816699997289106
60.98109998856671
52.75719999917783
57.31180001748726
59.54889999702573
52.181200007908046
52.00719999265857
54.95720001636073
53.11360000632703
62.930300016887486
55.60429999604821
52.974099991843104
52.49329999787733
54.44159999024123
53.581499989377335
53.196399996522814
53.15290001453832
53.12849997426383
52.81030002515763
52.31549998279661
51.800599991111085
52.32319998322055
51.53749999590218
52.19710001256317
52.43290000362322
52.747499983524904
52.52709999331273
52.591800020309165
63.19899999652989
59.07119999756105
58.59299999428913
53.37369997869246
52.00139997759834
54.37820000224747
54.11080000340007
53.97210002411157
52.436300000408664
53.779899986693636
54.41669997526333
53.882399981375784
51.85069999424741
53.50360000738874
53.47690000780858
52.621400012867525
52.903800009517
52.40870002307929
53.28340001869947
66.4249999972526
53.96600000676699
60.81049999920651
53.563800000119954
52.66340001253411
53.0092999979388
52.18490000697784
52.883800002746284
52.9314000159502
55.0752000126522
52.59569999179803
52.502999984426424
52.81759999343194
55.710699991323054
52.55970000871457
52.843399986159056
52.27349998313002
52.28409997653216
52.00440000044182
61.39919999986887
52.319300011731684
52.280800009611994
52.541300014127046
51.57879999023862
51.50359999970533
51.25180000322871
55.74840001645498
52.69359998055734
52.713300014147535
52.09130002185702
58.743400004459545
59.84089997946285
52.91090000537224
54.19139997684397
53.22100000921637
55.79270000453107
53.638000012142584
54.90650000865571
64.30979998549446
53.01479998161085
53.094100003363565
54.134100006194785
53.12430000049062
53.151900006923825
57.53469999763183
52.96549998456612
52.86090000299737
51.99390000780113
52.860099996905774
53.006800008006394
56.30950001068413
54.6164000115823
53.75900000217371
54.47659999481402
55.52629998419434
53.5084999864921
53.72590001206845
67.39569999626838
56.89480001456104
55.5346000182908
56.77809999906458
55.818599998019636
53.999399999156594
55.95979999634437
53.42169999494217
53.57170000206679
53.88930000481196
61.06890001683496
57.93780001113191
60.18709999625571
58.40639999951236
59.91280000307597
59.31449998752214
56.886900012614205
52.32469999464229
53.495600004680455
60.142100002849475
61.30540001322515
59.53430000226945
55.49050000263378
52.92929999995977
54.15730000822805
53.30339999636635
54.52279999735765
55.42059999424964
53.59689999022521
54.498399986186996
53.75570000614971
54.691400000592694
53.182699979515746
54.026099998736754
53.726799989817664
55.92740001156926
53.874899982474744
53.46399999689311
64.02160000288859
54.899899987503886
59.19309999444522
61.42330000875518
60.37079999805428
56.949099991470575
60.524199972860515
60.1856000139378
60.272500006249174
60.57699999655597
61.26320001203567
59.72920000203885
60.47799999942072
61.878599983174354
61.5410000027623
60.22590000065975
60.152499994728714
63.40069998987019
61.158199998317286
71.8170000181999
53.655600000638515
54.56410002079792
56.99909999384545
61.40780000714585
57.76470000273548
54.472000017995015
56.028999999398366
51.98920000111684
54.62809998425655
54.44480001460761
55.100099998526275
54.69339998671785
54.30690001230687
56.792200019117445
55.98370000370778
54.01910000364296
55.08859999827109
55.22340000607073
65.81449997611344
62.321600009454414
60.993999999482185
58.97359998198226
54.861800017533824
55.02050000359304
55.313700024271384
56.57510002492927
56.504799984395504
54.86720000044443
56.73939999542199
55.50119999679737
55.06830001831986
56.395200022961944
54.744499997468665
54.16559998411685
53.31689998274669
55.22249999921769
54.84329999308102
65.99800000549294
52.68739999155514
54.97329999343492
53.271699987817556
54.46700000902638
52.68860000069253
54.597699985606596
52.69820001558401
53.98080000304617
53.419999981997535
54.114700003992766
53.14269999507815
55.38550001801923
54.230500012636185
54.448099981527776
54.619899980025366
54.772599978605285
54.390500008594245
56.13509999238886
66.58770001376979
54.154899989953265
54.10660000052303
53.43599998741411
54.705999995348975
54.18030000873841
55.40800001472235
53.81019998458214
56.0430999903474
55.40589999873191
53.17509997985326
52.70679999375716
54.505999985849485
60.00550001044758
54.96609999681823
54.855700000189245
53.71120001655072
54.61500000092201
55.76009998912923
64.62419999297708
54.75129999103956
54.63080000481568
53.09959998703562
56.06239999178797
54.97369999648072
54.73620002157986
57.92180000571534
60.40049999137409
60.55610001203604
56.57390001579188
54.677800013450906
53.71069998363964
54.60260002291761
53.21029998594895
54.50410000048578
54.832099995110184
56.96309998165816
57.977199991000816
65.75909999082796
64.7095000022091
67.11420000647195
68.81239998620003
66.80780000169761
66.458799992688
66.76509999670088
55.38380000507459
55.25899998610839
54.84319999231957
55.31219998374581
53.517799999099225
54.117899999255314
55.994900001678616
56.32649999461137
56.34720000671223
54.33149999589659
56.87549998401664
56.24309999984689
66.1172000109218
55.609800008824095
54.663300019456074
55.498900008387864
55.26410002494231
55.03700001281686
56.01909998222254
55.98269999609329
54.205099993851036
55.96500000683591
55.396400013705716
55.43999999645166
57.20519999158569
57.64290000661276
55.70280001848005
53.75130000174977
53.48719999892637
54.88500001956709
54.62999999872409
63.9769000117667
55.05310001899488
55.92579999938607
55.39439999847673
56.16619999636896
54.47269999422133
53.73230000259355
53.71389997890219
53.67540000588633
62.4097999825608
60.487299982924014
55.26809999719262
53.95680002402514
54.236199997831136
58.270599984098226
54.11230001482181
53.97480001556687
52.56289997487329
52.8016000171192
63.61010001273826
53.197699977317825
52.79370001517236
52.775299991481006
53.40920001617633
55.18080000183545
52.566500002285466
53.21959999855608
53.7657999957446
53.70389999006875
52.88689999724738
53.837499988731
55.55469999671914
61.95370000205003
54.05360000440851
54.41479998989962
52.33129998669028
52.78840000391938
52.45869999635033
64.9736000050325
53.26470002182759
53.7968999997247
52.578399976482615
52.66049999045208
52.23890001070686
56.85630001244135
57.83870001323521
59.99119998887181
58.734700025524944
57.19859999953769
52.51729997689836
52.367999975103885
51.52859998634085
53.57879999792203
52.259899995988235
53.3601000206545
52.937100001145154
50.13420002069324
63.969000009819865
51.237700012279674
52.581299998564646
54.68129998189397
58.010100008687004
58.76070001977496
52.65050000161864
57.26270002196543
59.63210001937114
58.11120002181269
54.09070002497174
50.566299993079156
52.36120001063682
51.108499988913536
51.63779997383244
51.13000000710599
49.90189999807626
50.274600012926385
61.12500000745058
67.52369998139329
53.1362000037916
51.06339999474585
52.27549999835901
54.0350999799557
51.32570001296699
50.99369998788461
51.68760000378825
52.175399992847815
50.03350001061335
55.63600000459701
59.91010001162067
59.07049999223091
54.03600001591258
49.52369999955408
51.818499981891364
50.78769999090582
51.88559999805875
51.9573999918066
63.07670002570376
52.98710000352003
53.3778999815695
52.31650001951493
53.151900006923825
52.98180002137087
53.40639999485575
53.24860001564957
60.15879998449236
58.85629999102093
52.45459999423474
52.322000003186986
50.938899978064
54.24019999918528
52.10699999588542
52.471600007265806
50.83140000351705
52.58849999518134
52.5748000072781
62.687300000106916
52.956200001062825
52.84640000900254
54.814100003568456
50.54319999180734
51.366300001973286
55.261600005906075
56.021700002020225
52.76560000493191
53.07570000877604
52.31589998584241
53.86679997900501
53.84710000362247
54.40699998871423
53.864499990595505
52.47059999965131
51.433400018140674
51.73040000954643
51.47430000943132
62.09349998971447
53.085099993040785
53.19950002012774
52.33160001807846
53.48329999833368
58.93120000837371
58.9015000150539
59.53580001369119
57.78709999867715
58.513199997833
53.25050000101328
52.836399991065264
53.363700018962845
50.61589999240823
52.24419999285601
56.86989999958314
52.54229999263771
54.60770000354387
52.640699985204265
65.63420000020415
54.769800015492365
52.9040000110399
58.804300002520904
58.54570001247339
59.2952000151854
57.6872999954503
56.60360000911169
57.506100012687966
57.78090000967495
56.94049998419359
58.925699995597824
58.295900002121925
56.68440001318231
51.34989999351092
51.57139999209903
51.283399981912225
51.66240001562983
52.01129999477416
63.15030000405386
55.21910000243224
57.500399998389184
56.653000006917864
51.818200008710846
51.40480000409298
51.65280000073835
52.81079999986105
50.959200016222894
53.33339999197051
51.69350001960993
51.462699979310855
51.354700000956655
52.52910000854172
51.603400002932176
52.14479999267496
51.77349998848513
54.094199993414804
51.074399991193786
69.70160000491887
58.49960001069121
59.779100003652275
59.76939998799935
58.978799992473796
57.517999986885116
57.44050000794232
50.686400005361065
54.15149999316782
52.76920000324026
51.57559999497607
52.08149997633882
52.80879998463206
51.73949999152683
54.412700003013015
51.70470001758076
52.942900016205385
53.143099998123944
51.499799999874085
61.643000022741035
56.424500013235956
54.860000003827736
52.56270000245422
54.51889999676496
52.09440001635812
53.76760000945069
52.72999999579042
58.47179997363128
58.89670000760816
57.45640001259744
57.65669999527745
58.11009998433292
59.51890000142157
57.220299990149215
52.81019999529235
56.52480002027005
53.362200007541105
52.14020001585595
61.13260000711307
51.98349998681806
51.7149000079371
52.94080000021495
51.28669997793622
50.827200000640005
51.4948999916669
53.175500012002885
51.37000000104308
51.04970000684261
52.532400004565716
52.005100005771965
51.274800003739074
52.21209998126142
51.58689999370836
50.800299999536946
52.19049999141134
54.52930001774803
54.23829998471774
61.96469999849796
57.97540000639856
64.38739999430254
52.98230002517812
64.40000000293367
56.073499988997355
64.12010002532043
55.74340000748634
56.11589999170974
55.96900000819005
57.1263000019826
55.86729999049567
56.84940001810901
57.8181000018958
55.32640000456013
56.4343000005465
57.05849998048507
58.07129997992888
57.34859997755848
81.22620001086034
73.12990000355057
61.82100001024082
68.59589999658056
97.32529998291284
165.03430000739172
249.64349999208935
210.51160001661628
166.7285000148695
94.20069999760017
71.04440001421608
57.110499998088926
54.695800004992634
56.2703000032343
52.86779999732971
52.925299998605624
52.92310001095757
54.91409997921437
53.51829997380264
63.80430000717752
53.522100002737716
55.1467000041157
60.44599998858757
57.721099990885705
53.85070000193082
54.34950001654215
60.04509999183938
70.35200000973418
65.98790001589805
54.772500006947666
52.68849999993108
56.903099990449846
53.9242000086233
51.14970001159236
52.89819999597967
52.846599981421605
52.928099990822375
51.18490001768805
64.07069999841042
54.96579999453388
56.42239999724552
54.688099975464866
55.87740000919439
55.93239999143407
56.14890001015738
58.07689999346621
53.98630001582205
53.27730000135489
53.83820002316497
54.73049997817725
56.7977000027895
53.53020000620745
65.19689998822287
71.3771999871824
68.82529999711551
65.5401999829337
58.55410001822747
167.89899999275804
100.4075999953784
76.12589999916963
62.592400005087256
55.128400010289624
65.95930000185035
56.56019999878481
60.276900010649115
60.0644999940414
56.80380002013408
64.2785000090953
52.49169998569414
54.485300002852455
54.90940000163391
55.86210000910796
56.14659999264404
51.85939997318201
53.889600007096305
54.37159998109564
62.724600022193044
55.162499978905544
82.85269999760203
80.53859998472035
77.37790001556277
61.293200007639825
60.51499999011867
55.270500015467405
53.12160000903532
53.83889999939129
54.09940000390634
75.72339999023825
64.2472000035923
59.60089998552576
66.58680000691675
61.44610000774264
58.3172999904491
66.05610001133755
71.56210002722219
76.29490000545047
58.16730001242831
65.12700000894256
60.139099980005994
56.737299979431555
58.593699999619275
61.649999988731
58.652799983974546
53.49429999478161
55.77760000596754
57.965700019849464
55.68409999250434
51.7892999923788
52.18460000469349
52.22159999539144
50.99970000446774
52.00440000044182
53.71430001105182
53.66920001688413
62.88569999742322
51.853900018613786
63.231400010408834
58.35839998326264
53.18220000481233
50.83120000199415
49.354599992511794
53.936999989673495
68.97900000330992
60.951099992962554
73.30129999900237
60.67500001518056
104.00279998430051
74.45370001369156
57.53019999247044
50.932400015881285
53.732500004116446
53.25150000862777
55.02540001180023
76.70849998248741
98.21320002083667
58.884199999738485
59.36230000224896
66.11630000406876
99.6883999905549
91.95470000850037
85.68699998431839
81.46760001545772
82.50170000246726
82.49490000889637
79.63639998342842
82.15709999785759
84.53960000770167
92.01839999877848
90.67919998778962
84.60179998655804
130.29060000553727
97.19940001377836
101.43939999397844
82.94290001504123
90.6842999975197
75.31889999518171
86.57680000760593
84.73390000290237
78.75739998416975
82.38830001209863
83.17200001329184
89.31110001867637
85.13800002401695
84.3258999811951
94.97939998982474
65.89500000700355
71.34419999783859
95.78239999245852
91.35619999142364
72.09810000495054
94.32909998577088
109.38520001946017
85.69849998457357
102.27730000042357
84.87429999513552
115.20679999375716
115.71589999948628
86.4581000059843
69.28319999133237
58.574399998178706
63.380699983099476
67.21269999979995
63.4278999932576
53.825899987714365
57.60379999992438
55.599299987079576
59.335900004953146
57.864900009008124
56.25389999477193
54.874800000106916
66.28430000273511
52.90929999318905
53.08900002273731
50.84170002373867
51.36450001737103
51.86259999754839
51.07839999254793
51.21629999484867
51.39070001314394
51.22669998672791
52.692400000523776
51.64560000412166
50.239200005307794
51.74840000108816
53.399199998239055
52.997700026025996
51.66820000158623
54.4268999947235
52.96719999751076
67.5733000098262
57.186299993190914
53.104399994481355
51.788900018436834
55.50869999569841
56.75479999626987
51.098399999318644
50.50389998359606
51.50520001188852
52.00260001583956
50.877599976956844
51.590300019597635
53.46349999308586
52.62929998571053
51.53880000580102
51.995999994687736
51.33879999630153
50.44540000380948
50.704100023722276
62.29229999007657
54.07850001938641
55.26280001504347
53.31419999129139
49.87630000687204
54.2163000209257
49.951499997405335
50.07510000723414
50.5334000044968
53.809699980774894
49.37710001831874
55.26940000709146
51.214000006439164
51.224299997556955
50.67329999292269
49.57139998441562
48.921899986453354
48.990000010235235
52.89130000164732
60.26420000125654
50.151600007666275
50.687799986917526
50.04239999107085
51.1601000034716
50.72249998920597
51.40309999114834
50.38929998409003
52.15800000587478
49.0785000147298
51.390200009336695
49.68890000600368
49.600400001509115
50.08710001129657
51.25039999256842
50.38380000041798
52.151599986245856
51.03130001225509
51.24319999595173
61.40120001509786
50.21149999811314
51.93509999662638
51.419700001133606
51.996299996972084
51.32230001618154
50.17999999108724
51.471900020260364
49.77869999129325
51.36450001737103
52.999400009866804
50.87479998474009
50.05479999817908
50.244899990502745
50.391500000841916
52.24730001646094
50.77880001044832
50.29760001343675
50.68680000840686
60.690300015266985
50.81260000588372
52.41769997519441
50.3739999840036
52.09139999351464
50.96389999380335
50.94620000454597
50.20019999938086
60.37079999805428
55.89239997789264
52.525300008710474
55.28609998873435
55.163699988042936
56.5993000054732
50.3720999986399
51.10149999381974
67.58620002074167
71.22729998081923
64.66880001244135
78.99550002184696
51.95359999197535
50.071500008925796
50.59659999096766
49.858299986226484
51.28839999088086
50.034299987601116
49.49000000488013
50.87930001900531
56.16169999120757
55.46529998537153
53.02339998888783
50.7346999947913
48.781000019516796
52.85949999233708
50.59129997971468
49.62219999288209
51.142599986633286
53.15150000387803
59.41800001892261
51.46039999090135
51.483599992934614
53.96839999593794
52.32739998609759
52.137000020593405
57.38879999262281
55.974399991100654
51.224399998318404
51.30479999934323
50.65409999224357
51.32850000518374
50.14639999717474
51.596499979496
55.181700008688495
56.630599981872365
59.93229997693561
55.32620000303723
55.095599993364885
66.88800000119954
58.395400003064424
53.427300008479506
50.68459999165498
53.470300015760586
51.72389998915605
50.81310000969097
49.9378000095021
54.163900000276044
50.69790000561625
50.57469999883324
50.5579000164289
51.43379999208264
52.185800013830885
50.34029998932965
51.080400007776916
51.39810001128353
50.99709998467006
50.554500019643456
60.86609998601489
49.44000000250526
51.63060000631958
57.867900002747774
54.03970001498237
52.60130000533536
51.053900009719655
49.71200000727549
55.35229999804869
51.73939999076538
50.22470001131296
50.481999991461635
50.61740000382997
49.61849999381229
51.29559998749755
53.52769998717122
53.683700010878965
52.92139999801293
50.62690001796
61.396900011459365
52.08870000205934
51.69940000632778
50.622899987502024
51.544199988711625
50.88989998330362
51.55249999370426
50.82990002119914
51.449499995214865
51.375399983953685
55.517900007544085
57.48499999754131
56.110400008037686
55.39449999923818
57.054300006711856
55.18860000302084
55.04169999039732
55.68930000299588
52.274900022894144
60.659100010525435
51.459700014675036
50.23059999803081
56.50729997432791
54.30090002482757
53.9394999796059
58.183399989502504
55.47990000923164
50.940000015543774
50.80379999708384
54.74540000432171
52.64179999358021
52.907299977960065
56.63569999160245
50.84110001916997
52.716400008648634
58.35609999485314
51.57270000199787
52.58230000617914
64.22179998480715
51.81760000414215
51.65010000928305
57.959600002504885
53.51689999224618
51.29730000044219
51.382800011197105
50.363400019705296
51.519400003599
50.939600012497976
53.90780000016093
51.69860000023618
50.930700002936646
50.62020002515055
51.19230001582764
51.50080000748858
51.57300000428222
52.11339998641051
52.676399995107204
61.64780000108294
51.35389999486506
52.60450000059791
59.77190000703558
54.50689999270253
54.568200022913516
57.72750001051463
56.67910000192933
56.02959997486323
55.50950000179
56.61410000175238
55.09810001240112
57.05689999740571
55.01460001687519
51.726700010476634
50.52739998791367
51.39070001314394
51.643699989654124
52.6798999926541
62.31790001038462
51.04669998399913
59.07869999646209
57.96310000005178
52.10509998141788
51.15820001810789
52.12999999639578
51.344100007554516
51.173699990613386
57.697299984283745
65.48270001076162
56.371199985733256
51.16100001032464
49.79380001896061
52.499899989925325
51.58620001748204
52.12629999732599
53.609700000379235
51.91440001362935
66.89109999570064
52.85490001551807
53.70119999861345
53.94209999940358
52.399000007426366
51.848100003553554
51.94169998867437
51.88129999442026
51.46700001205318
53.879300015978515
51.283700013300404
49.549999996088445
71.56900002155453
64.44799999007955
56.27989998902194
54.974200000287965
53.84899998898618
52.429000003030524
51.991899992572144
62.84940001205541
50.937000021804124
51.49169999640435
51.353200018638745
52.41730000125244
50.582900003064424
51.883600011933595
53.925100015476346
51.84279999230057
53.91090002376586
53.756500012241304
75.67479999852367
60.99440000252798
53.70650000986643
59.0463999833446
56.829000008292496
59.6332999994047
61.3858999859076
55.112000001827255
64.92659999639727
55.12169998837635
55.02199998591095
51.907399989431724
53.575500001898035
57.29679999058135
56.49200000334531
53.56259999098256
54.51429999084212
53.02379999193363
63.30899999011308
50.68069999106228
50.84270000224933
52.65649998909794
54.990500007988885
51.61460000090301
59.9365999805741
52.77500001830049
55.99110000184737
62.792500015348196
51.222800015239045
51.52170002111234
52.43970002629794
60.80470001325011
58.58570002601482
58.07450000429526
59.761399985291064
58.53529999149032
57.25409998558462
56.80180000490509
58.96329999086447
59.989199973642826
58.176200021989644
52.27590000140481
53.24389997986145
53.04030000115745
52.546999999322
61.915600002976134
90.31349999713711
69.40219999523833
58.77029997645877
84.90929999970831
78.24689999688417
55.22360000759363
73.05690000066534
65.73929998558015
59.907999995630234
59.23479999182746
55.30790000921115
76.08159998198971
60.51809998461977
59.71779997344129
62.52370000584051
67.81279999995604
102.2456000209786
78.04769999347627
95.11769999517128
82.19960000133142
73.19080000161193
84.36710000387393
69.26210000528954
66.75759999779984
75.03930001985282
76.50239998474717
89.0642000013031
98.81209998275153
68.67120001697913
62.02029998530634
60.687100020004436
58.21560000185855
62.634200003230944
71.77499998942949
57.15000000782311
58.9040000049863
57.57710000034422
70.03609999082983
83.91820001997985
67.9826999839861
55.116600007750094
59.7972999967169
60.74179999995977
58.694599982118234
58.84589999914169
60.36599999060854
61.89579999772832
59.17560000671074
60.5861000076402
66.13279998418875
63.617899984819815
68.58140000258572
89.1342000104487
66.57310001901351
84.03919998090714
78.792499989504
74.19359998311847
105.44449998997152
83.46250001341105
132.80539997504093
126.99240000802092
87.38490001996979
75.68879998871125
73.72389998636208
76.77690000855364
70.59899999876507
73.94300002488308
61.3174999889452
61.657499987632036
57.097200013231486
54.426100017735735
60.45429999358021
64.57720001344569
61.79669999983162
60.99779999931343
62.89059997652657
73.18060001125559
55.752200016286224
61.73240000498481
56.309100007638335
61.50179999531247
54.68930001370609
54.0296999970451
53.3065999916289
55.467700003646314
54.862899996805936
53.6015999969095
58.0787000071723
52.207799977622926
55.420299991965294
51.62079998990521
54.931099992245436
59.01130000711419
52.81760002253577
58.67289999150671
67.35460000345483
55.020300002070144
60.58160000247881
59.734399983426556
55.90079998364672
53.98090000380762
53.44289998174645
59.81500001507811
55.29359998763539
52.93639999581501
54.23880001762882
56.934299995191395
58.24369998299517
58.71909999405034
54.31279999902472
58.98250002064742
60.50839999807067
55.245499999728054
55.26249998365529
64.96619997778907
53.61000000266358
54.31840001256205
56.45829997956753
51.04130000108853
53.033399977721274
52.600600000005215
55.49040000187233
57.744699995964766
53.80910000531003
55.97980000311509
53.486599994357675
59.03010000474751
54.218499979469925
62.42699999711476
51.89659999450669
52.79829999199137
52.26240001502447
54.28050001501106
66.17840001126751
52.52309999195859
53.11100001563318
57.72730000899173
54.19130000518635
52.30650000157766
54.65210002148524
54.18649999774061
56.20660001295619
53.779799985932186
51.82770002284087
55.43740000575781
52.317599998787045
57.01380001846701
51.513100013835356
52.83380000037141
58.36579998140223
58.80330002401024
56.707500014454126
65.04909999785013
54.67809998663142
54.69540000194684
55.680999998003244
55.09300000267103
53.196099994238466
53.32859998452477
52.200800011632964
58.389299985719845
56.55079998541623
54.77069999324158
52.788899978622794
55.61989999841899
56.655899999896064
53.360899997642264
56.84279999695718
54.12559999967925
55.29060002299957
56.36600000434555
66.06270000338554
52.81610001111403
52.036299981409684
55.595000012544915
61.9726000004448
53.63080001552589
56.37050000950694
53.34189999848604
53.06629999540746
55.50859999493696
54.41240000072867
53.99720001150854
53.55299997609109
55.873700010124594
54.99420000705868
58.18289998569526
53.737199981696904
57.10450001060963
58.71170002501458
64.46560000767931
53.228900011163205
55.12889998499304
54.57659999956377
55.33599999034777
55.36739999661222
54.959300003247336
56.378599983872846
52.17469998751767
58.38740000035614
53.53219999233261
55.08600000757724
53.0455999833066
56.549200002336875
54.827299987664446
57.35920000006445
55.54569998639636
57.51899999449961
60.27780001750216
70.91650000074878
60.49139998503961
54.632099985610694
53.92109998501837
57.49909998849034
53.27599999145605
56.36509999749251
52.882200019666925
58.036800008267164
53.697800001828
54.04340001405217
105.37229999317788
63.87319997884333
53.72450000140816
57.90230000275187
52.4788000038825
53.52750001475215
57.50870000338182
54.53369999304414
65.52999999257736
53.76009998144582
55.77910001738928
56.63300000014715
54.62189999525435
57.249800011049956
56.39609997160733
55.86680001579225
53.61169998650439
60.37700001616031
54.701499990187585
61.455999995814636
59.577500011073425
54.76410000119358
56.183300010161474
53.301400010241196
53.08130002231337
55.44299999019131
55.574300000444055
64.24500001594424
53.4963000100106
58.24589999974705
56.72639998374507
54.54709997866303
58.9295000245329
55.72480001137592
59.28650000714697
57.38220000057481
59.100499987835065
55.200900009367615
55.98940001800656
54.80510002234951
54.15119999088347
54.052799998316914
56.07259998214431
54.28919999394566
57.12459998903796
54.01749999145977
64.38440000056289
54.09329998656176
56.92339999950491
56.600799987791106
55.98689999897033
55.052900017471984
59.18760001077317
57.96970002120361
57.41690000286326
54.22489999909885
57.17490002280101
56.61800000234507
58.63790001603775
57.45789999491535
55.5469999962952
55.913700023666024
58.34150000009686
56.31379998521879
55.56140001863241
66.22209999477491
59.718300006352365
56.46229998092167
56.88210000516847
55.589199997484684
57.90099999285303
57.44519998552278
54.73900001379661
55.951999995158985
56.64570000953972
56.04150000726804
59.96939999749884
57.72879999130964
61.083000007783994
56.5622000140138
57.74540000129491
59.48799999896437
57.577200001105666
59.15889999596402
66.8442000169307
58.80070000421256
56.05360001209192
55.90819998178631
56.906099984189495
58.62580001121387
60.28060000971891
54.225999978370965
58.073899999726564
57.041099993512034
58.32670000381768
56.33900000248104
54.323899996234104
57.672399998409674
53.873400000156835
61.433900002157316
56.682600028580055
59.46570000378415
57.13980001746677
68.11500000185333
61.33719999343157
54.43459999514744
61.80399999720976
63.30869998782873
59.86770000890829
59.27640001755208
62.12759998743422
61.56199998804368
66.00809999508783
71.45769998896867
67.36069999169558
67.17870000284165
68.00880000810139
70.08180001867004
64.71999999484979
62.88090001908131
58.1845999986399
60.687399993184954
73.17390001844615
58.581899997079745
57.07239999901503
55.93319999752566
57.3844000173267
58.104000025196
56.15590000525117
62.020600016694516
54.77300001075491
56.335900007979944
57.33330000657588
56.688499986194074
59.22809999901801
55.43969999416731
60.167400020873174
57.39419997553341
60.1207000145223
60.235600016312674
59.668000001693144
68.88089998392388
55.916500015882775
59.60459998459555
54.71160000888631
58.914000022923574
57.997999974759296
60.56400001398288
55.043900007149205
84.20509999268688
68.06479999795556
60.410200007027015
54.209900001296774
56.64429999887943
55.31300001894124
56.793499999912456
57.25620000157505
55.692599999019876
55.56209999485873
55.34849999821745
68.39949998538941
53.38070000289008
56.82379999780096
55.22040001233108
58.949400001438335
57.37190000945702
54.70860001514666
58.20729999686591
53.00710001029074
52.296699985163286
57.75189999258146
54.932500002905726
53.945999999996275
55.20450000767596
53.49779999232851
58.26750001870096
54.23609999706969
54.50670002028346
53.46490000374615
69.44110000040382
54.37950001214631
57.663099985802546
54.88169999443926
58.5097000002861
81.71300002140924
73.74690001597628
123.22959999437444
117.22690000897273
91.6008000203874
63.23080000584014
58.96740002208389
60.1913999998942
59.82090000179596
60.68389999563806
56.30220001330599
59.31300000520423
59.69270001514815
60.71490002796054
68.2983000006061
56.528499990236014
54.40930000622757
53.1331000092905
59.66230001649819
55.083899991586804
59.22910000663251
57.1598999958951
57.983200007583946
53.64689999260008
53.9668999845162
55.28050000430085
54.3930999992881
58.85179998585954
53.59150000731461
53.650999994715676
54.461399995489046
55.61349997879006
60.27509999694303
69.68420001794584
56.61339999642223
54.93790001492016
55.62870000721887
57.3022999742534
54.39259999548085
59.90320001728833
61.6691000177525
65.87900000158697
56.6238000174053
59.05510002048686
56.544799997936934
58.00230000750162
58.460500004002824
76.09580000280403
61.22420000610873
59.199499984970316
61.38180001289584
58.576000010361895
85.47979997820221
83.43929998227395
64.65829999069683
61.19959999341518
60.07810001028702
57.10510001517832
59.34710000292398
54.083700000774115
55.25989999296144
57.03340002219193
54.735799989430234
58.86160000227392
54.99520001467317
55.8387000055518
55.82059998414479
58.000899996841326
52.78850000468083
55.80939998617396
56.049700011499226
68.31729999976233
58.52240000967868
56.44340001163073
57.01530000078492
54.009699990274385
54.99559998861514
58.96450000000186
53.84930002037436
52.76579997735098
59.47649999870919
54.35419999412261
55.651300004683435
53.913499985355884
53.26629997580312
53.91550000058487
62.88389998371713
54.596500005573034
59.067799971671775
54.510499991010875
71.23940001474693
61.34559999918565
57.17760001425631
58.26069999602623
57.59860001853667
59.17419999605045
55.69780000951141
56.57840002095327
57.04799998784438
56.8220000131987
64.42599999718368
57.22579997382127
58.316600014222786
55.6654000247363
57.2373999748379
55.60750002041459
59.39759998000227
52.680599997984245
53.120500000659376
68.37259998428635
59.17870000121184
53.080700017744675
55.52140000509098
53.306000016164035
57.695999974384904
53.867500013438985
58.59480000799522
55.23850000463426
54.37649998930283
58.11099999118596
58.079600014025345
56.578799994895235
56.009299994912
64.57879999652505
63.48219999927096
58.177500002784654
58.11300000641495
53.95830000634305
67.5539999792818
57.20640000072308
54.22660001204349
58.00530000124127
61.17349999840371
57.802600000286475
56.93390002124943
59.56940000760369
108.27349999453872
58.61670000012964
70.32759999856353
68.06449999567121
66.55249997857027
72.57920000120066
65.22940000286326
78.82980001159012
60.34459997317754
55.860299995401874
61.89700000686571
68.58960000681691
65.99309999728575
61.90850000712089
58.06409998331219
59.08829998224974
74.1322000103537
96.13419999368489
81.39349997509271
72.49849999789149
59.608600015053526
60.18979998771101
59.363999986089766
60.04219999886118
55.17169999075122
56.09820000245236
61.95659999502823
57.87039999268018
56.80310001480393
62.391100014792755
71.73499997588806
58.02110000513494
54.100099980132654
59.11719999858178
60.48049998935312
58.31250001210719
54.73460000939667
62.65420001000166
60.13080000411719
52.91580001357943
63.54469998041168
59.19790000189096
58.42309998115525
56.263300008140504
69.98729999759234
62.56120000034571
55.680799996480346
52.15350000071339
57.55840000347234
69.4911000027787
54.21189998742193
53.19589999271557
70.72630000766367
68.28530001803301
58.455799997318536
56.08450001454912
60.29799999669194
64.53550001606345
56.92669999552891
52.29330001748167
50.70200000773184
56.04500000481494
51.80539999855682
55.974699993385
56.401000008918345
65.24399999761954
59.85810002312064
59.65969999670051
66.18140000500716
61.63040001410991
63.38879998656921
57.6502000039909
55.526999989524484
58.13710001530126
59.49189999955706
53.12580001191236
51.944200007710606
54.60000000311993
51.03639999288134
53.25779999839142
56.98210000991821
55.03819999285042
61.06849998468533
58.6745000036899
54.08739999984391
51.130999985616654
54.59610000252724
65.80689997645095
59.61379999644123
57.914999983040616
56.88620000728406
54.372500017052516
55.30829998315312
58.54559998260811
58.10539997764863
51.6561999975238
51.48570000892505
52.78230001567863
52.593200001865625
55.686899984721094
53.519299981417134
52.11950000375509
51.539799984311685
51.682300021639094
54.51829999219626
51.895199983846396
62.01410002540797
51.298200007295236
51.757500012172386
52.00619998504408
50.44680001446977
49.97439999715425
51.43590000807308
51.42489998252131
55.56879998766817
51.445099990814924
51.34819998056628
50.92699997476302
51.50400000275113
57.6512000116054
56.52770001324825
52.54039997817017
50.598799978615716
50.57150000357069
56.464600027538836
60.90749998111278
52.2171999909915
50.77259999234229
53.90979998628609
51.1005999869667
51.06249998789281
51.12540000118315
50.04610001924448
50.17740000039339
53.32720000296831
50.38679999415763
53.69890001020394
49.65170001378283
49.99689999385737
51.71790000167675
49.530599993886426
55.13379999320023
50.371899997117
50.799199991161004
66.02830000338145
52.22929999581538
50.23930000606924
50.508299987996
51.65489998762496
51.136900001438335
48.79770000115968
50.98969998653047
50.53190002217889
51.35729999165051
65.35330001497641
53.45010000746697
50.648000004002824
51.4578000002075
51.89899998367764
48.78919999464415
50.572499982081354
51.26190002192743
50.13210000470281
63.40849999105558
57.107399974484
57.035100006032735
54.94699999690056
52.57060000440106
58.03640000522137
58.14109998755157
56.420200009597465
57.91179998777807
57.56040001870133
56.992400001036
58.35929999011569
51.17439999594353
51.1287999979686
51.1910000059288
63.87189999804832
60.52219998673536
60.87009998736903
57.86999998963438
69.83590000891127
59.60599999525584
58.95710000186227
59.23210000037216
56.873499997891486
58.750900003360584
60.90840001706965
55.47130000195466
55.30409998027608
53.10209997696802
60.55359999299981
59.7542000177782
58.6001000192482
59.04320001718588
59.4651999999769
52.62329999823123
53.47700000857003
51.49600000004284
52.3420000099577
62.50470000668429
51.878899976145476
52.676799998153
50.810999993700534
51.70680000446737
51.47369997575879
51.72300001140684
58.8413999939803
58.98889998206869
60.361300013028085
56.897400005254894
52.69350000889972
52.84780001966283
52.34989998280071
53.738399990834296
55.6767999951262
52.14310000883415
52.64490001718514
55.44600001303479
66.88810000196099
60.85219999658875
61.51630001841113
59.76739997277036
60.93850001343526
58.11039998661727
60.79459999455139
61.60809998982586
60.12830001418479
51.33030001888983
54.781699989689514
52.86990001332015
55.89210000471212
51.90620000939816
53.12989998492412
55.84740001359023
52.40129999583587
52.231699984986335
53.1362000037916
63.77710000379011
53.6324999993667
52.78970001381822
52.10609998903237
52.50969997723587
55.30930001987144
56.48920001112856
50.927999982377514
61.16780001320876
61.06400000862777
55.23599998559803
54.67739998130128
52.60629998520017
54.656199994497
52.56270000245422
53.69899998186156
60.58609997853637
60.096300003351644
57.27699998533353
61.89569999696687
52.40149999735877
53.90490000718273
51.738400012254715
52.00429999968037
52.71869999705814
53.29219999839552
52.769699977943674
52.556100010406226
52.10080000688322
52.359199995407835
54.780000005848706
51.9602999847848
53.51499997777864
55.16119999811053
51.92440000246279
53.43460000585765
51.33320001186803
58.5358000244014
69.53020000946708
59.257599990814924
59.30530000478029
58.87890001758933
53.651099995477125
51.788799988571554
51.742699986789376
52.51870001666248
53.55579999741167
52.704800007632
51.42820000764914
56.45090001053177
53.01790000521578
52.1211999875959
52.05890000797808
50.62929997802712
52.82829998759553
51.372300018556416
51.70379998162389
62.45680002029985
52.47850000159815
54.07890002243221
55.674900009762496
53.820100001757964
51.57270000199787
51.76329999812879
54.981699999189004
56.88570000347681
61.21680000796914
61.37440001475625
58.98450000677258
59.721099998569116
58.33490000804886
60.211699979845434
57.083899999270216
52.56310000550002
54.73520001396537
60.08329999167472
70.53769999765791
59.554000006755814
55.20030000479892
53.547600022284314
51.760699978331104
52.772499999264255
57.63480000314303
53.94979999982752
58.572899986756966
58.54900000849739
59.52599999727681
54.052599996794015
52.249500004108995
52.18620001687668
53.05359998601489
52.45419999118894
51.33449999266304
52.59150001802482
52.338600013172254
62.65720000374131
52.517599979182705
89.72619997803122
54.667399992467836
54.0667999885045
57.45660001412034
62.98990000505
51.63229999016039
51.52130001806654
52.46749997604638
55.02709999564104
58.88440000126138
51.071599998977035
50.896900007501245
54.50539998128079
51.58540001139045
51.953200018033385
53.98339999374002
53.42800001380965
67.6750999991782
60.20539999008179
60.5259999865666
62.201399996411055
51.13190002157353
53.424299985636026
57.47190001420677
52.899900008924305
53.695800015702844
52.212299982784316
53.25789999915287
52.36599998897873
57.27099999785423
51.57280000275932
51.13449998316355
54.02550002327189
52.332399995066226
52.91100000613369
52.26989998482168
67.79440000536852
53.21460001869127
52.66960000153631
52.44309999397956
50.88600001181476
57.88359997677617
56.2420999922324
63.23630001861602
55.24740001419559
51.11269999179058
51.468899997416884
51.85950000304729
54.79399999603629
54.3277999968268
53.95669999415986
51.69120000209659
56.16509998799302
50.818400020943955
53.11710000387393
62.487299990607426
53.00990000250749
55.888200004119426
58.927100006258115
54.63240001699887
52.182799990987405
63.25509998714551
58.6345000192523
54.87009999342263
52.63500000000931
53.34859999129549
62.096099980408326
61.067799979355186
55.00190000748262
52.8072000015527
52.02069997903891
53.2608000212349
53.448199992999434
52.994600002421066
70.54249997599982
52.086499985307455
54.66779999551363
52.97020002035424
52.636300009908155
52.69360000966117
52.630199992563576
52.954599988879636
52.04900001990609
52.92099999496713
51.79660001886077
52.197499986505136
54.7837000049185
50.05260001053102
51.65189999388531
52.10810000426136
52.06340001313947
52.60460000135936
51.68579999008216
64.26079999073409
52.03079999773763
49.20569999376312
52.12609999580309
53.437599999597296
51.12760001793504
52.10850000730716
51.69160000514239
50.55970000103116
52.85169999115169
51.01060000015423
50.935499981278554
52.39980001351796
51.2964999943506
50.57310001575388
51.01269998704083
51.31699997582473
50.06790001061745
52.436099998885766
73.12039998942055
51.719000010052696
49.26180001348257
50.29109999304637
49.962099990807474
50.93050000141375
51.104199985275045
49.87660000915639
51.94180001853965
50.39849999593571
50.49899997538887
49.96150001534261
50.50939999637194
49.466799973743036
50.653699989197776
50.47789998934604
51.34450001060031
51.47099998430349
50.60290000983514
63.891800004057586
57.15249999775551
58.193800010485575
57.0274000056088
59.06289999256842
51.494699990144
52.78669999097474
59.58430000464432
57.23630002466962
51.89649999374524
51.644899998791516
51.90260001108982
51.80849999305792
53.04130000877194
52.27580000064336
52.74260000442155
51.780000008875504
50.57900000247173
50.406499998643994
61.82460000854917
51.87830000068061
54.22960000578314
51.46400001831353
51.16150001413189
51.03430000599474
51.74819999956526
51.96829998749308
50.91230000834912
49.477599997771904
50.19790001097135
51.80529999779537
50.8869000186678
50.282100011827424
54.4862000097055
56.46819999674335
54.03240001760423
56.80009999196045
54.25830002059229
65.29710002359934
53.53869998361915
50.38680002326146
54.96019998099655
52.18779999995604
51.08449998078868
51.26489998656325
49.86510000890121
56.60059998626821
57.93629999971017
53.511899983277544
55.65350002143532
58.700499997939914
51.240400003734976
49.452300008852035
51.624199986690655
50.76839998946525
49.39630001899786
53.882100008195266
63.42630001017824
50.16809998778626
51.19840000406839
51.19840000406839
57.24880000343546
56.75779999000952
51.49350001011044
53.56920001213439
50.96449999837205
51.64450002484955
50.918900000397116
49.8041000100784
50.36739999195561
50.58889999054372
53.21489999187179
56.451200012816116
51.15870002191514
50.98610001732595
51.36749998200685
63.31440000212751
52.15440000756644
49.707300000591204
50.013600004604086
49.43179999827407
50.01950002042577
50.241899996763095
51.134100009221584
50.834800000302494
49.619500001426786
56.518099998356774
57.70389997633174
54.857000010088086
51.16020000423305
51.40170000959188
51.42990002059378
50.32599999685772
49.3358000239823
49.95270000654273
62.84960001357831
52.55980000947602
56.362500006798655
55.76259997906163
58.2400000130292
55.43619999662042
57.98300000606105
50.02359999343753
50.766300002578646
50.16680000699125
50.5952000094112
50.372199999401346
50.800700002582744
50.40100001497194
49.8072000045795
50.815199996577576
50.05150000215508
52.471900009550154
52.344499999890104
68.79730001674034
52.80320000019856
49.55679998965934
51.20159999933094
50.4400999925565
47.49729999457486
50.43380000279285
49.74819999188185
50.78360001789406
49.209299992071465
50.17210001824424
49.84870000043884
50.49810002674349
51.862699998309836
49.055099982069805
50.90649999328889
50.59980001533404
50.720400002319366
53.62120000063442
60.96750000142492
49.68110000481829
49.79499999899417
48.976499994751066
51.040399994235486
57.37190000945702
53.58990002423525
51.491099991835654
50.999099999899045
51.25730001600459
55.51110001397319
56.66830000700429
48.75059999176301
50.98810000345111
50.60689998208545
56.26569999731146
51.129500003298745
50.973799981875345
50.02230001264252
63.911299977917224
50.74529998819344
58.49229998420924
58.618799987016246
57.61069999425672
53.25629998696968
50.13289998169057
49.39770000055432
51.66620001546107
49.85740000847727
50.837600021623075
58.02080000285059
56.4963000069838
50.32399998162873
50.64370000036433
50.092299992684275
50.392900011502206
55.06210000021383
52.82219999935478
60.83579998812638
54.78820001007989
50.382499990519136
51.04869999922812
49.89170000771992
50.01850001281127
51.8424000183586
50.51999998977408
50.65900000045076
51.02900002384558
50.54480000399053
50.35060000955127
50.39069999475032
50.668499985476956
51.67399998754263
51.48579998058267
51.316299999598414
54.26469998201355
53.05669998051599
63.42859999858774
50.31700001563877
58.28940001083538
50.43050000676885
50.521699973614886
51.48630001349375
50.910299993120134
51.16419997648336
52.253800007747486
51.24279999290593
55.905999994138256
58.93389999982901
56.023299985099584
52.30899999151006
53.74420000589453
51.821200002450496
51.91110001760535
51.954599999589846
56.24330000136979
61.986799992155284
55.62279999139719
58.159700012765825
57.30499999481253
57.93819998507388
57.502000010572374
59.98389999149367
56.746100017335266
55.02800000249408
50.348799995845184
50.929500022903085
59.18140002177097
56.88800002099015
51.913300005253404
52.13329999241978
51.348499982850626
50.9304000006523
58.127099997363985
54.809900000691414
59.27310002152808
50.26170000201091
50.26210000505671
51.73140001716092
50.98780000116676
52.428900002269074
50.963600020622835
51.47870001383126
50.64590001711622
50.856999994721264
50.862600008258596
51.030000002356246
56.36810002033599
57.90809998870827
54.85469999257475
57.74079999537207
55.39439999847673
53.53780000586994
49.09449999104254
65.87659998331219
50.48010000609793
50.040300004184246
50.3342000010889
50.0058000034187
50.54610001388937
51.85910000000149
50.11370001011528
50.76160002499819
49.087899998994544
50.59669999172911
49.610799993388355
48.38819999713451
52.7109999966342
50.74509998667054
55.87089998880401
49.947299994528294
53.63070001476444
49.67229999601841
69.3811000091955
55.3795000014361
50.22800000733696
50.569499988341704
50.87940001976676
56.390699988696724
49.07219999586232
50.25920001207851
49.16399999638088
50.41610001353547
50.948799995239824
53.13650000607595
51.38540000189096
52.268800005549565
49.69580000033602
51.4922000002116
53.883699991274625
51.46819999208674
50.67629998666234
60.34769999678247
55.421600001864135
51.702899974770844
52.831800014246255
49.404999997932464
49.126199999591336
56.767100002616644
53.098300006240606
49.4810999953188
52.116300008492544
50.145500019425526
49.135200009914115
50.18890000064857
51.54169999877922
52.64749997877516
52.40919999778271
50.50179999670945
50.533900008304045
53.33160000736825
66.15389999933541
57.978800003184006
54.75820001447573
53.152000007685274
47.87209999631159
52.80330000096001
50.37750001065433
50.359099986962974
48.83939999854192
50.18079999717884
50.2070999937132
49.849200004246086
51.050699985353276
50.7033999892883
50.13859999598935
51.12710001412779
56.95450000348501
54.387299984227866
50.05930000334047
67.65689997700974
56.937200017273426
56.02429999271408
55.036300007486716
51.6648999764584
49.653599999146536
49.567800015211105
49.76689998875372
49.16859997319989
50.34539999905974
50.295300025027245
50.4030000010971
51.340000005438924
51.02199999964796
52.16859999927692
54.97159998049028
51.016999990679324
52.52579998341389
51.899899990530685
64.17329999385402
55.0902999821119
57.77389998547733
53.46619998454116
49.05860000872053
58.08969997451641
56.276299990713596
52.54550001700409
51.5509000106249
56.21959999552928
57.04450001940131
56.22590001439676
50.78799999319017
48.11070000869222
50.531000015325844
50.05039999377914
50.25590001605451
49.57939998712391
48.62439999124035
60.475300007965416
49.324699997669086
50.08300000918098
49.43980000098236
50.15070000081323
50.18960000597872
50.02500000409782
50.72579998522997
50.17109998152591
49.3133999989368
49.45319998660125
49.72149999230169
49.88420000881888
57.23690000013448
57.00729999807663
49.70470000989735
50.219800003105775
51.1224000074435
53.28339998959564
61.72230001538992
52.41629999363795
56.16219999501482
57.05929998657666
56.08509999001399
53.446700010681525
54.620199982309714
66.52649998432025
49.66230000718497
50.0676000083331
52.74370001279749
57.33410001266748
55.66670000553131
56.84340000152588
52.78090000501834
52.29449999751523
49.36239999369718
50.85720002534799
49.340999976266176
61.580500012496486
49.67119998764247
50.999099999899045
49.97130000265315
48.48820000188425
49.21900000772439
49.93730000569485
49.17130002286285
48.148300003958866
55.96940001123585
56.34489998919889
55.292600009124726
52.380000008270144
54.11359999561682
52.0758000202477
53.79260002519004
51.920500001870096
51.566400012234226
50.253699999302626
63.11799999093637
49.148499994771555
50.924899987876415
50.046199990902096
49.5404000103008
49.074199981987476
49.88690000027418
49.495300016133115
48.76589999184944
49.236000020755455
59.242499992251396
50.89439998846501
48.730900016380474
49.241800006711856
49.55379999591969
49.2765000090003
54.54360001021996
50.397599989082664
51.74309998983517
60.67209999309853
56.36499999673106
55.14069998753257
53.63750000833534
50.62349999207072
56.895599991548806
51.38809999334626
51.51049999403767
52.04330000560731
51.54479999328032
50.80460000317544
48.98029999458231
49.4163999974262
53.71710000326857
52.7052000106778
52.907300007063895
50.31829999643378
53.94830001750961
50.07520000799559
60.75019997661002
48.826899990672246
49.62200002046302
49.73559998325072
46.53089999919757
48.9823000098113
49.73420000169426
48.95469997427426
49.292100011371076
49.8348000110127
50.66840001381934
48.48849997506477
48.32650002208538
49.757600005250424
51.597399986349046
52.31660002027638
57.681200007209554
65.7239000138361
58.75150000792928
76.9399999990128
55.62699999427423
50.985600013518706
51.70479998923838
57.33650000183843
56.338599999435246
54.962199996225536
55.633299984037876
60.826599976280704
57.354999997187406
61.84809998376295
59.85039999359287
58.57559997821227
55.48469998757355
57.46119999093935
55.09209999581799
54.12169999908656
101.56129999086261
52.83860000781715
62.24239998846315
49.46159999235533
51.082199992379174
56.75879999762401
55.30279999948107
57.00040000374429
57.70230002235621
49.350199988111854
49.101099983090535
53.82349999854341
57.42600001394749
56.178700004238635
60.2690999803599
60.70580001687631
59.767300001112744
58.67440000292845
51.363700011279434
59.84029997489415
55.9775999863632
66.28210001508705
50.44739998993464
49.20229999697767
51.50460000731982
49.91219998919405
55.393600021488965
57.27919997298159
56.621700001414865
54.815500014228746
54.314900015015155
51.859899976989254
58.217299985699356
55.32769998535514
54.73449997953139
52.78820000239648
53.41210000915453
48.99260000092909
50.25460000615567
67.56160000804812
71.4047999936156
59.0370999998413
57.68650001846254
55.137099989224225
62.663599994266406
64.09249998978339
51.688100007595494
49.22680000890978
54.17799999122508
49.33149999123998
51.375299983192235
49.65900001116097
49.04600000008941
50.21630000555888
57.63889997615479
50.32169999321923
64.06110001262277
60.48309998004697
53.62979997880757
60.72660000063479
49.45150000276044
49.29850000189617
49.163399991812184
50.280600000405684
49.618400022154674
49.835900019388646
50.058500026352704
49.57699999795295
55.195099994307384
52.393399993889034
54.83020000974648
54.18989999452606
58.54749999707565
51.95700001786463
57.25829998846166
53.97790001006797
56.33180000586435
53.73070001951419
61.01269999635406
48.878800007514656
49.55029999837279
50.14090001350269
49.0470000077039
50.5985000054352
49.98169999453239
48.18060001707636
50.50750001100823
52.73289998876862
54.45019999751821
52.418500010389835
50.36120000295341
48.62879999564029
50.02360002254136
49.42080000182614
48.8482000073418
49.53200000454672
50.158799975179136
59.60069998400286
53.3747999870684
51.72909999964759
50.46179998316802
49.34960001264699
49.69939999864437
50.184099993202835
50.35219999263063
49.45940000470728
51.1038999829907
51.532400015275925
49.96539998683147
54.20499999308959
51.99069998343475
50.348800024949014
51.24999998952262
51.07290000887588
51.848200004315004
50.80130000715144
60.46139998943545
50.89319997932762
50.60270000831224
54.559400014113635
57.07690000417642
57.07460001576692
57.47250001877546
48.431600007461384
52.706100017530844
50.88169997907244
51.47560001933016
49.13280002074316
49.81590001261793
49.41989999497309
50.20549998153001
50.286500016227365
49.96099998243153
50.48020000685938
50.182500010123476
61.14259999594651
49.71200000727549
50.81879999488592
50.63790001440793
51.37709999689832
50.46840000431985
50.204699975438416
53.14850001013838
49.318799981847405
50.34020001767203
55.2484999934677
50.94220000319183
51.289299997733906
56.49109999649227
50.35249999491498
50.6238000234589
49.2822999949567
50.253699999302626
49.871700000949204
59.959599981084466
49.89900000509806
49.42679998930544
51.23360001016408
49.98800001339987
49.68830000143498
49.22169999917969
49.96819997904822
49.37410002457909
49.901299993507564
48.51929997676052
50.191800022730604
54.55259999143891
55.411199980881065
49.42009999649599
50.58770001051016
49.788400006946176
51.40299999038689
48.08830001275055
60.79180000233464
50.117600010707974
49.804999987827614
50.42980000143871
56.04789999779314
56.924200005596504
55.33649999415502
54.439200001070276
51.635999989230186
51.302299980307
53.81889999262057
55.13940000673756
56.58219999168068
60.03750002128072
53.524999995715916
50.09999999310821
50.95959999016486
52.86039999919012
52.304299984825775
65.64709998201579
52.26799999945797
49.79960000491701
49.56899999524467
54.931199993006885
58.95880001480691
56.37330000172369
49.24390002270229
48.88960000243969
53.239200002280995
50.95209999126382
49.57850000937469
49.64129999279976
51.10910002258606
49.78200001642108
57.64929999713786
57.249800011049956
64.87360000028275
55.67890001111664
63.17550002131611
51.56469999928959
47.535199992125854
47.788400028366596
53.26519999653101
51.050999987637624
47.428499994566664
48.48989998572506
48.31330000888556
48.67050002212636
50.486500025726855
55.37980000372045
51.42620002152398
49.5865999837406
48.09009999735281
49.91279999376275
50.86620000656694
50.15110000385903
48.65149999386631
61.0107000102289
49.38910002238117
49.98139999224804
52.959099994041026
50.17439997754991
51.55260002356954
50.58070001541637
48.27800000202842
49.67549999128096
50.470199988922104
49.25140002160333
48.63510001450777
52.246599982026964
48.91490002046339
48.68109998642467
48.71609999099746
50.339799985522404
55.28339999727905
55.359599995426834
62.685899989446625
50.4454999754671
52.49510001158342
49.699600000167266
49.464100011391565
49.48560000048019
53.1421999912709
50.60839999350719
48.86799998348579
57.83249999512918
49.827199982246384
49.58320001605898
49.041899997973815
51.85139999957755
49.97950000688434
49.772300000768155
49.197299988009036
51.5847000060603
53.93739999271929
69.5652999856975
54.239099990809336
52.52140000811778
52.41030000615865
48.504200007300824
55.71859999326989
49.108500010333955
52.53660000744276
52.184500003932044
49.92999997921288
51.105899998219684
49.18500001076609
54.91420000907965
54.07879999256693
54.14369999198243
51.8434000259731
49.306900007650256
48.46670001279563
47.864099993603304
68.17270000465214
51.02250000345521
49.57639999338426
48.857899993890896
49.76399999577552
49.73349999636412
50.24290000437759
48.484799975994974
50.19969999557361
50.30509998323396
48.464099992997944
50.793000002158806
55.60649998369627
48.569400009000674
57.15859998599626
51.10780001268722
48.82170000928454
55.93669999507256
50.27730000438169
62.33450002036989
55.15450000530109
55.812700011301786
55.455900001106784
52.054100000532344
48.57039998751134
49.56970000057481
49.523399997269735
48.85140000260435
52.104200003668666
57.39760000142269
52.329400001326576
52.74090002058074
51.24699999578297
53.92619999474846
57.192200009012595
55.775599990738556
56.193600001279265
56.453000026522204
62.23820001468994
51.76329999812879
50.30970001826063
49.87659998005256
49.733899999409914
49.45719998795539
49.893700022948906
49.946999992243946
54.209800000535324
54.97490000561811
50.92399998102337
50.918900000397116
50.4367999965325
52.92620000545867
49.276000005193055
49.79210000601597
53.07310001808219
50.08379998616874
51.05759997968562
61.015999992378056
50.308500009123236
50.11330000706948
50.87659999844618
49.64119999203831
57.289999997010455
55.75140001019463
57.23009997745976
55.995000002440065
57.79740001889877
54.873300017789006
49.973700020927936
49.57909998483956
48.172200011322275
53.48490001051687
52.08459999994375
49.922100006369874
48.5939999925904
49.923299986403435
60.50710001727566
57.735799986403435
53.897000005235896
51.61559997941367
50.944399990839884
50.29630000353791
51.40029999893159
50.83479997119866
51.16380000254139
50.04729999927804
51.08459998155013
55.32590000075288
51.25129999942146
52.215599978808314
51.28600000170991
50.57020002277568
50.91250000987202
50.80160000943579
50.78980000689626
60.90989999938756
50.98359999828972
52.70669999299571
51.46210000384599
51.98320001363754
50.258400005986914
50.94690000987612
57.97860000166111
51.091000001179054
51.38660001102835
50.74740000418387
50.81799998879433
51.13890001666732
58.14140001893975
57.32130000251345
50.8710999856703
52.01470002066344
51.32319999393076
49.85470001702197
62.39079998340458
51.45329999504611
51.30500000086613
49.88830001093447
51.11349999788217
51.09570000786334
50.126499991165474
51.3803000212647
51.194700004998595
56.7948000098113
56.62879999727011
57.129799999529496
55.99600001005456
57.73489997955039
55.82229999708943
55.411000008462
59.7010999917984
57.44530001538806
54.28589999792166
66.44470000173897
51.761999988229945
48.89869998442009
51.58329999540001
53.583000000799075
49.23499998403713
57.494299981044605
59.451500012073666
53.25309999170713
61.35140001424588
58.23910000617616
59.968700021272525
61.871199985034764
68.70279999566264
55.19139999523759
57.40360001800582
61.69829997816123
59.90979998023249
64.61800000397488
72.11739997728728
62.11629998870194
59.887400013394654
61.8082000000868
57.698799995705485
63.641399989137426
60.0210000120569
75.62970000435598
64.09460000577383
75.91129999491386
81.86770000611432
61.77289999322966
67.10190000012517
67.03679999918677
67.90519997593947
61.77960001514293
58.06739997933619
61.937899998156354
59.91480001830496
72.3637999908533
75.50649999757297
63.23530001100153
57.36640002578497
65.6299999973271
63.30040001193993
60.521399980643764
67.4122000054922
69.13719998556189
56.76730000413954
54.338699992513284
58.33549998351373
60.21110000438057
61.30440000561066
52.2493000025861
53.220000001601875
51.371100009419024
53.32639999687672
52.06929999985732
63.03670001216233
52.71869999705814
53.248199983499944
53.799300017999485
56.13649997394532
57.77990000206046
51.31409998284653
51.03400000371039
52.05370002659038
53.49609997938387
52.20299999928102
53.593299991916865
52.70820000441745
52.33020000741817
53.64009999902919
52.61889999383129
50.98190001444891
50.34600000362843
51.840600004652515
64.68609999865294
50.61109998496249
51.156300003640354
50.982599990675226
52.07049997989088
55.74969999724999
53.4365999919828
53.22629999136552
67.21969999489374
101.0320000059437
61.076799989677966
60.14260000665672
65.31410000752658
55.965400009881705
54.274900001473725
51.305600005434826
59.26609999733046
68.00689999363385
61.45400000968948
70.02669997746125
49.505600007250905
51.9817000022158
52.02670002472587
52.948699973057956
51.612399984151125
49.51349998009391
51.90979997860268
52.039200003491715
50.30319999787025
48.70079999091104
53.729100007331
53.449500002898276
52.98659999971278
55.20770000293851
54.27679998683743
51.77180000464432
51.03999999118969
49.314500007312745
61.659200000576675
56.162299995776266
61.138999997638166
59.983299986924976
59.94249999639578
60.26900000870228
50.404999987222254
60.838500008685514
65.444399981061
59.585000009974465
56.60959999659099
57.094200019491836
63.022299989825115
56.554899987531826
57.247000018833205
59.99140001949854
63.35199999739416
57.492899999488145
54.997800005367026
69.45020001148805
50.862600008258596
49.689199979184195
49.78960001608357
51.630200003273785
58.3827999944333
57.61199997505173
54.376899992348626
53.266000002622604
53.11100001563318
55.698699987260625
54.563899990171194
55.23110000649467
57.04620000324212
53.46959998132661
60.19029999151826
58.68940000073053
55.89629997848533
50.62379999435507
60.23209998966195
47.881899983622134
52.016800007550046
84.36869998695329
75.84000000497326
69.69440000830218
76.91249999334104
61.44389999099076
59.37200001790188
61.733200011076406
52.92329998337664
56.81619999813847
60.43199999839999
65.21369999973103
63.96580001455732
56.498599995393306
56.689799996092916
62.306399981025606
54.55549998441711
66.27929999376647
59.92970001534559
55.41620001895353
55.816999985836446
54.907500016270205
56.11859998316504
56.248300010338426
55.77519998769276
53.98860000423156
55.53459998918697
49.85750000923872
71.48889999371022
58.5465999902226
63.89900000067428
84.69560000230558
71.11469999654219
70.45749999815598
63.4894999966491
57.08759999834001
70.38230000762269
66.30090001272038
59.7999999881722
53.40720000094734
79.82700000866316
101.48370001115836
78.31850001821294
70.34269999712706
63.25310000102036
62.32860000454821
56.51429999852553
60.25039998348802
57.61089999577962
55.233299994142726
53.18700001225807
53.67719999048859
52.846599981421605
50.63199999858625
47.661099990364164
63.66040001739748
52.53580000135116
55.25340000167489
52.71069999434985
49.65720002655871
50.34810001961887
48.03060000995174
48.7178000039421
49.505400005728006
49.358899996150285
54.08179998630658
50.82810000749305
51.64379999041557
53.00489999353886
48.62009998760186
54.162199987331405
50.45189999509603
52.33590002171695
50.11060001561418
65.51609997404739
51.49270000401884
49.12680000416003
51.32440000306815
50.612499995622784
52.93330000131391
49.64139999356121
49.760499998228624
51.17569997673854
49.695199995767325
50.8986999921035
49.733699997887015
49.96109998319298
49.08250001608394
54.26640002406202
58.25110001023859
57.67410001135431
58.1557999830693
56.48289999226108
62.124499992933124
82.81560000614263
58.17549998755567
50.05140000139363
49.50649998500012
48.815000016475096
48.65690000588074
49.17029998614453
48.29260002588853
49.29569998057559
50.69329999969341
50.86190000292845
49.123899982078
48.72799999429844
58.40090001584031
60.330000007525086
53.053799987537786
49.42879997543059
48.28129999805242
71.1007000063546
60.01100002322346
58.32939999527298
57.35760001698509
59.58430000464432
52.83860000781715
57.13529998320155
52.52990001463331
49.79210000601597
50.80169998109341
48.00499998964369
59.77189997793175
52.60029999772087
60.19789999118075
56.140200002118945
56.84309999924153
52.77219999697991
61.00529999821447
52.8127999859862
74.84729998395778
59.876999992411584
60.974599997280166
54.306200006976724
53.932399983750656
48.36950000026263
48.409100010758266
48.62940000020899
54.55550001352094
49.14970000390895
55.22410001140088
61.657800019020215
57.226000004448
56.463199987774715
48.6901999975089
56.998199986992404
60.88460001046769
50.849599996581674
49.6710000152234
60.93669999972917
51.81779997656122
58.041300013428554
51.03539998526685
54.60569998831488
56.63839998305775
56.98260001372546
54.646599979605526
53.37760000838898
48.7272999889683
51.09750002156943
51.63269999320619
49.60659999051131
52.63539997395128
54.82570000458509
56.147499999497086
55.1473000086844
50.52670001168735
48.05340000893921
62.73229999351315
57.069100002991036
57.56939999992028
58.670900005381554
60.20649999845773
57.91570001747459
56.47330000647344
58.76809998881072
56.66590001783334
57.47250001877546
54.386700008763
50.22810000809841
53.31839999416843
56.95870000636205
49.94490000535734
55.63570000231266
51.94609999307431
53.754699998535216
54.272100009256974
65.92209998052567
54.92729999241419
49.026900000171736
54.32460000156425
76.58040002570488
75.83590000285767
56.29920001956634
73.97019999916665
113.51090000243858
86.80910000111908
83.46150000579655
82.56869998876937
66.44470000173897
60.654699977021664
58.081199997104704
55.01019998337142
52.168099995469674
53.00549999810755
56.07230000896379
71.80309999966994
59.39750000834465
59.60930002038367
59.770300023956224
57.24600001121871
55.3760000038892
52.751700015505776
53.82519998238422
58.57539997668937
60.1203000114765
56.04429999948479
50.66480001551099
57.49040000955574
54.06700001913123
59.691600006772205
64.63689997326583
63.72850001207553
58.20729999686591
66.38129998464137
70.61140000587329
54.690999997546896
60.73810000088997
57.86120000993833
63.515499990899116
63.89729998772964
60.26529998052865
51.519400003599
53.07429999811575
55.34849999821745
56.165499991038814
53.27889998443425
52.12749997735955
49.17559999739751
53.17809997359291
53.38370002573356
52.330900012748316
50.17589998897165
50.68099999334663
63.86480000219308
50.91419999371283
53.87370000244118
49.726200028089806
59.68040000880137
54.99840000993572
58.124000002862886
58.96210001083091
53.64030000055209
60.06829999387264
58.23290001717396
55.97689998103306
50.697400001809
53.05469999439083
60.49979999079369
55.16889999853447
55.26730002020486
54.95690001407638
54.32150000706315
68.06059999507852
55.9437999909278
51.97150001185946
54.366699972888455
60.46600002446212
54.85450002015568
49.52530001173727
60.312600020552054
55.7797999936156
52.602199983084574
54.9509999982547
51.09189997892827
50.563600001623854
54.366600001230836
52.86609998438507
55.46559998765588
51.70680000446737
54.96199999470264
52.17909999191761
68.64869999117218
52.81640001339838
50.81509999581613
56.7975000012666
50.60109999612905
49.89850000129081
53.23560000397265
55.06399998557754
54.69450002419762
51.43110000062734
49.6765999996569
52.40409998805262
53.815599996596575
49.49770000530407
52.53330001141876
50.29450001893565
52.22949999733828
50.720700004603714
52.35849999007769
62.875800009351224
51.44559999462217
59.72059999476187
54.264400008833036
51.23230000026524
50.56159998639487
51.25789999146946
51.08020000625402
49.563399981707335
50.684999994700775
49.9058999994304
58.13849999685772
53.67689998820424
50.702799984719604
58.36620001355186
52.382599998964
53.46100000315346
51.6780000180006
53.05630000657402
60.832399991340935
50.91710001579486
53.57950000325218
50.807999999960884
52.23420000402257
54.33169999741949
54.65920001734048
50.555799971334636
51.490999991074204
51.06239998713136
51.31809998420067
53.825799986952916
54.405100003350526
52.524899976560846
52.969500015024096
52.08869997295551
53.1046999967657
51.059799996437505
51.34010000620037
60.399899986805394
51.60770000657067
52.90059998515062
50.619599991478026
51.494100014679134
50.557299982756376
52.133999997749925
51.43839999800548
51.18330000550486
52.20750000444241
51.056900003459305
50.60859999503009
52.28410000563599
52.379800006747246
51.71349999727681
52.174099982948974
52.10460000671446
50.082100002327934
53.91229997621849
61.81719998130575
53.71699997340329
60.369999991962686
53.21589999948628
52.75440000696108
54.624700016574934
53.903099993476644
55.520900001283735
52.544400008628145
57.91000000317581
53.707599989138544
52.81670001568273
50.8593000122346
50.51370000001043
56.267600011778995
62.21720000030473
55.65210001077503
65.92650001402944
52.81620001187548
66.77460001083091
53.28989998088218
55.325499997707084
49.142600008053705
56.35730002541095
52.485099993646145
52.274699992267415
49.706899997545406
49.85060001490638
51.350299996556714
55.189000006066635
52.833199995802715
50.052300008246675
49.38310000579804
51.31209999672137
51.551800017477944
56.672200007596985
52.80620002304204
50.29129999456927
58.9726000034716
50.837599992519245
51.43649998353794
54.93919999571517
50.187000015284866
50.65910000121221
51.45189998438582
55.323700013104826
52.319200010970235
52.935700019588694
51.80730001302436
51.60969999269582
49.919099983526394
52.06220000400208
50.096799997845665
51.56310001621023
52.07139998674393
57.27419999311678
53.75520000234246
65.84900000598282
52.46029997942969
53.50029998226091
51.883700012695044
57.51849999069236
52.29940000572242
51.12719998578541
51.74470000201836
53.008899994893
51.012199983233586
51.00549999042414
56.757899990770966
49.714699998730794
49.70809997757897
55.05630001425743
51.06960001285188
51.99150001863018
53.368199995020404
50.02769999555312
64.71659999806434
51.918999990448356
50.70619998150505
50.3379000001587
57.12749998201616
50.90969998855144
53.06819998077117
51.61650001537055
52.32009998871945
51.947100000688806
52.11059999419376
50.72289999225177
51.12519999966025
51.80689998087473
50.79429998295382
49.72979999729432
50.26690001250245
52.4470999953337
52.06170000019483
66.07950001489371
55.208300007507205
50.57619998115115
52.215599978808314
50.90909998398274
52.73160000797361
50.7995999942068
52.51730000600219
51.539799984311685
50.86789999040775
51.60380000597797
49.561900028493255
49.90949999773875
51.0913000034634
51.08239999390207
53.71139998896979
54.82960000517778
51.12700001336634
51.48689998895861
61.59140000818297
52.880600007483736
51.67559999972582
52.416799997445196
53.854300000239164
52.182999992510304
53.31449999357574
51.096899987896904
53.12130000675097
51.631900016218424
51.11540001234971
50.329399993643165
50.61710000154562
52.187099994625896
51.21810000855476
53.031899995403364
52.276199974585325
52.02800000552088
50.44689998612739
62.56120000034571
50.41570001048967
52.56759998155758
52.619900001445785
54.52730000251904
49.581300001591444
54.5828000176698
49.79389999061823
51.74920000717975
55.796300002839416
51.06500000692904
52.738300000783056
53.12009999761358
49.787299998570234
50.375099992379546
52.17619999893941
52.52460000338033
53.008199989562854
51.92719999467954
63.631400000303984
108.39410001062788
56.7379999847617
50.71429998497479
54.83259999891743
54.987699986668304
49.55329999211244
52.600499999243766
50.54600001312792
52.83380000037141
52.080800000112504
53.46269998699427
50.572500011185184
113.52280000573955
105.83359998418018
62.9841000190936
54.4886999996379
58.64820000715554
55.33159998594783
73.44560002093203
58.63159999717027
56.12349999137223
49.83340000035241
50.48750000423752
52.42789999465458
59.12739998893812
59.887300012633204
62.64839999494143
59.80670001008548
68.4317999985069
62.462400004733354
55.56179999257438
49.13749999832362
62.36399998306297
50.21490002400242
55.110200017225
52.95450001722202
52.039000001968816
63.701000006403774
52.54529998637736
51.041900005657226
50.089199998183176
52.65910000889562
55.4446000023745
56.45800000638701
61.530099977971986
54.59610000252724
55.45479999273084
62.31189999380149
57.50510000507347
57.60509998071939
62.54439998883754
66.08660001074895
64.31319998227991
65.633499994874
59.2051999992691
57.17849999200553
69.25309999496676
57.196600013412535
56.99309997726232
65.0753999943845
57.95570000191219
56.64500000420958
59.05270000221208
61.879899993073195
58.53969999589026
51.89040000550449
52.977100014686584
57.08929998218082
65.7984999998007
56.679599976632744
50.053899991326034
50.32010001013987
60.00500000664033
53.916200005915016
53.25509997783229
63.4985999786295
52.1520999900531
50.66780000925064
54.38390001654625
55.0418000202626
51.49140002322383
55.069199996069074
52.46400000760332
52.779999998165295
53.48200001753867
53.2383999961894
54.431900003692135
50.98100000759587
51.88329998054542
49.526099988725036
49.641899997368455
50.49749999307096
49.29130000527948
52.09929999546148
63.34789999527857
54.13469998165965
54.621399991447106
54.296899994369596
53.2604000181891
52.923799987183884
55.55720001575537
54.996499995468184
48.82789999828674
53.73439998948015
50.79579999437556
49.43349998211488
54.11080000340007
49.85479998867959
52.923399984138086
53.07100000209175
51.93620000500232
50.846399972215295
49.67360000591725
58.044000004883856
51.05350000667386
57.445399987045676
51.440599985653535
50.9271000046283
51.54200000106357
51.0292999970261
51.067299995338544
53.75110000022687
53.14849998103455
53.539999993517995
50.58670000289567
52.03590000746772
51.90049999509938
53.91660000896081
54.985900002066046
54.96750000747852
58.49480000324547
55.17920001875609
62.08550001611002
53.298499988159165
54.48150000302121
60.16470000031404
98.7955000018701
53.53220002143644
53.231700003379956
51.65169999236241
51.486400014255196
55.23389999871142
55.052599986083806
50.89440001756884
54.956199979642406
54.807000007713214
52.17209999682382
51.04419999406673
51.8488000088837
51.01470000226982
51.24110000906512
63.019399996846914
52.01009998563677
53.1423999927938
52.01129999477416
51.265699992654845
54.40300001646392
51.90630001015961
58.928500016918406
62.13519998709671
64.59019999601878
52.61059998883866
52.34999998356216
52.79409998911433
52.507500018691644
59.98399999225512
69.43180001690052
54.18070001178421
52.136900019831955
52.88430000655353
63.029900018591434
50.04239999107085
53.87570001767017
51.22189997928217
54.440599982626736
54.45170000893995
55.48260000068694
50.89939999743365
51.48249998455867
64.00209999992512
55.777300003683195
56.177099992055446
52.17020001146011
57.37630001385696
55.214200023328885
49.86639998969622
56.16779997944832
53.13799998839386
53.516300016781315
68.25660000322387
65.2964000182692
56.07910000253469
58.16339998273179
55.06720000994392
54.00350000127219
51.53510000673123
62.312399997608736
56.19770000339486
52.06050002016127
50.99109999719076
50.72590001509525
49.45310001494363
52.974000020185485
51.16160001489334
51.18110001785681
51.50080000748858
51.68390000471845
53.5241000179667
64.25119997584261
69.97920002322644
62.75799998547882
55.34130000160076
51.772300008451566
52.411000011488795
52.04119998961687
52.03140000230633
50.10369999217801
50.93739999574609
54.3214000063017
52.83100000815466
53.20600001141429
49.782599991885945
50.717500009341165
49.69770001480356
52.22769998363219
50.48450001049787
51.784300012513995
63.2257999968715
53.40179998893291
53.13899999600835
52.63120000017807
50.879000016720966
51.57790001248941
50.65940000349656
52.667399984784424
61.85410000034608
58.83779999567196
59.75120002403855
58.553900016704574
62.39049998112023
56.46679998608306
51.79669999051839
50.89899999438785
55.96460000379011
53.276099992217496
49.52879998018034
65.71230001281947
49.693699984345585
51.77010002080351
56.80049999500625
53.56150001171045
50.78839999623597
61.22309999773279
62.368899991270155
50.04900001222268
54.37950001214631
51.43940000561997
54.517999989911914
58.37119999341667
53.106100007425994
48.31990000093356
51.61880000378005
52.77910002041608
59.06390000018291
57.86150001222268
63.49380000028759
53.58860001433641
53.22410000371747
52.32930000056513
51.51649998151697
52.42399999406189
50.73040002025664
52.85149998962879
55.91180000919849
64.49469999643043
51.92410000017844
50.427900016075
50.2664000086952
50.266999984160066
52.307300007669255
52.18219998641871
52.35810001613572
50.40120001649484
51.49280000478029
66.78150000516325
49.550199997611344
54.431800002930686
55.836499988799915
55.95449998509139
50.43790000490844
49.889199988683686
53.52620000485331
52.95530002331361
51.09590000938624
52.194899995811284
54.406699986429885
52.271900000050664
50.333700026385486
58.344699995359406
54.220199992414564
59.88769998657517
55.260099994484335
51.43990000942722
62.52839998342097
50.98530001123436
51.959200005512685
51.60849998355843
50.65329998615198
62.35150000429712
55.00590000883676
52.59789997944608
50.98230001749471
50.53730000508949
55.249899975024164
51.25950000365265
51.64230000809766
53.39220000314526
54.54569999710657
56.556499999715015
51.45499997888692
51.069999986793846
50.54210001253523
62.54199999966659
53.29159999382682
52.96589998761192
52.78850000468083
53.42909999308176
51.0976999939885
52.31739999726415
53.005599998869
49.66029999195598
49.228299991227686
50.4617000115104
50.53059998317622
48.99690000456758
52.562299999408424
50.60909999883734
52.43539999355562
51.0601999994833
60.860800003865734
61.68099999194965
62.31759997899644
55.829199991421774
64.06259999494068
53.115000016987324
52.37459999625571
52.09949999698438
52.77499998919666
49.03230001218617
53.87610002071597
48.94670000066981
50.48669999814592
51.14840000169352
53.19659999804571
51.7182000039611
50.6046999944374
50.480400008382276
50.74229999445379
51.45060000359081
50.85430000326596
62.38720001420006
50.80160000943579
49.17310000746511
53.220000001601875
49.01909999898635
51.25210000551306
51.96280000382103
50.2293000172358
53.74470000970177
55.26380002265796
50.18510000081733
49.10520001430996
49.89419999765232
50.92870001681149
50.22309999912977
50.895299995318055
51.54400001629256
48.11060000793077
53.33049999899231
67.4148999969475
51.14769999636337
50.732000003336
51.49859999073669
51.74789999728091
51.55350000131875
52.54549998790026
51.69010002282448
53.01879998296499
53.28590000863187
51.30620001000352
50.52900000009686
49.456599983386695
53.74679999658838
53.171300009125844
52.35839998931624
52.70519998157397
50.59430000255816
53.86669997824356
63.923200010322034
53.080799989402294
50.673199992161244
52.66909999772906
51.797500025713816
52.119300002232194
53.33930000779219
51.200599991716444
62.44539999170229
67.10390001535416
63.4960999886971
53.85739999474026
58.970000012777746
58.2748000160791
58.818799996515736
52.15110001154244
49.535300000570714
51.444999990053475
52.45129999821074
63.85119998594746
54.356200009351596
50.385799986543134
51.799000008031726
53.630499984137714
50.11680000461638
50.1170999777969
50.41150000761263
52.42809999617748
96.16700001060963
53.787600016221404
51.31419998360798
52.858599985484034
50.418099999660626
51.501200010534376
53.433399996720254
51.767899974947795
51.82910000439733
49.84520000289194
63.051900011487305
54.9911999842152
51.36330000823364
51.0577000095509
51.0319999884814
50.85410000174306
51.70769998221658
51.602100022137165
51.39410000992939
48.26720000710338
53.30209998646751
51.94259999552742
55.25320000015199
50.13049999251962
50.84969999734312
47.61629999848083
53.855500009376556
49.94470000383444
50.00820002169348
63.67619999218732
50.39779999060556
49.369500018656254
51.336800010176376
50.37449998781085
50.12539998278953
50.49640001379885
49.508500000229105
51.21730000246316
52.26970001240261
56.10629997681826
56.67589997756295
52.27800001739524
50.79579999437556
51.135200017597526
51.55490001197904
49.77169999619946
53.2604000181891
52.36750000040047
61.717100004898384
52.1434000111185
51.24260002048686
52.93519998667762
50.834599998779595
51.05849998653866
51.43649998353794
50.44550000457093
49.12399998283945
57.5519000121858
51.03649999364279
51.76979998941533
50.48679999890737
51.76699999719858
48.77630001283251
49.14220000500791
50.74370000511408
52.270200016209856
50.81950000021607
62.58709999383427
49.93579999427311
52.507099986542016
49.63319998933002
50.90780000318773
54.88730000797659
53.151700005400926
49.83079998055473
50.911500002257526
53.14380000345409
51.0381999774836
51.10159999458119
50.39489999762736
56.402599991997704
50.27269999845885
49.53049999312498
52.93359997449443
51.57610002788715
49.5682000182569
63.83670002105646
49.8632000235375
50.91079999692738
52.57640001946129
50.838899973314255
53.80600001080893
50.196199998026714
52.19349998515099
58.18139997427352
51.18489998858422
57.645299995783716
57.84329999005422
54.9139000067953
50.215399998705834
52.637599990703166
50.6689999892842
51.63110001012683
53.933899995172396
51.67209997307509
60.00679999124259
50.652299978537485
49.33300000266172
52.613899984862655
52.38059998373501
51.26959999324754
56.497199984733015
51.41869999351911
49.730900005670264
51.83199999737553
50.42149999644607
51.52600002475083
53.25060000177473
49.5437000063248
50.811000022804365
51.58350002602674
51.31290000281297
52.03289998462424
50.11779998312704
65.85179999819957
53.785800002515316
54.38390001654625
52.91989998659119
49.624300008872524
52.66499999561347
51.61729999235831
51.53599998448044
54.87409999477677
52.4104000069201
49.923499987926334
48.960200016153976
51.55120001290925
52.07110001356341
51.45939998328686
51.24309999519028
51.505900017218664
50.34359998535365
49.0894999820739
64.21530002262443
52.514600014546886
50.35250002401881
50.43580001802184
51.12700001336634
50.480700010666624
52.74490002193488
52.66840002150275
51.69280001427978
55.184500000905246
51.33220000425354
53.07989998254925
54.202100000111386
53.3941000176128
51.04740001843311
52.768199995625764
53.77349999616854
55.25689999922179
50.38170001353137
108.35350002162158
54.12640000577085
54.67529999441467
51.81189998984337
56.011399981798604
49.536799982888624
50.40690000168979
51.274800003739074
51.56439999700524
52.67229999299161
51.35819999850355
52.639000001363456
98.69390001404099
51.26320000272244
51.31199999595992
51.9514000043273
49.123200005851686
50.084699993021786
54.935499996645376
61.72399999923073
50.674700003582984
51.61490000318736
51.22610001126304
51.04390002088621
50.34190000151284
50.34240000532009
52.934100007405505
50.45040001277812
53.12569998204708
53.05630000657402
50.9209000156261
52.49440000625327
50.193000002764165
51.27880000509322
49.661199998809025
50.17760000191629
51.910400012275204
52.147099981084466
61.20809999993071
52.79989997507073
53.67600001045503
52.01519999536686
49.46740000741556
51.378399977693334
51.18330000550486
55.99439999787137
52.119200001470745
50.04259999259375
49.218200001632795
52.83659999258816
50.78960000537336
51.08540001674555
50.738399993861094
50.70239998167381
48.57740001170896
51.68289999710396
51.834500016411766
60.657699999865144
50.859699986176565
49.97019999427721
55.01660000300035
53.44350001541898
50.49130000406876
49.867099995026365
51.49720000918023
49.970699998084456
50.04569998709485
50.18220000783913
51.58810000284575
53.89900002046488
53.22080000769347
53.81879999185912
50.844800018239766
50.34400001750328
51.67580000124872
51.36819998733699
63.202999997884035
51.90099999890663
53.279299987480044
49.50049999752082
53.896999976132065
50.59970001457259
52.141299995128065
55.614599987166
58.40969999553636
52.14849999174476
51.95239998283796
48.79380000056699
50.647900003241375
50.070199999026954
51.525999995647
48.349799995776266
49.80839998461306
51.385700004175305
49.972399981925264
62.98319998313673
51.38810002245009
50.08370001451112
59.25389999174513
52.578399976482615
52.64179999358021
50.622700015082955
51.736900000832975
54.6901999914553
51.53510000673123
54.710399999748915
48.80980000598356
52.497099997708574
51.40890000620857
51.89599998993799
54.77970000356436
51.133900007698685
52.29370002052747
52.79210000298917
61.06690000160597
51.751699997112155
50.490800000261515
50.57610000949353
55.71029998827726
50.36620001192205
53.9989999961108
50.42039998807013
50.99429999245331
50.609500001883134
51.3275999983307
59.62840002030134
63.12509998679161
59.86720000510104
69.28049999987707
73.23639999958687
56.430399999953806
61.04670002241619
54.64449999271892
62.907999992603436
52.357800013851374
49.74640000727959
49.72760000964627
51.339900004677474
50.945499999215826
51.79870000574738
50.069899996742606
51.76290002418682
51.31090001668781
50.96910000429489
52.12849998497404
52.45770001783967
54.97239998658188
54.488199995830655
51.141400006599724
52.2491000010632
49.60749999736436
51.486299984389916
60.98840001504868
48.310100013623014
50.74320000130683
52.89669998455793
52.49280002317391
50.6662999978289
50.6695999938529
47.99079999793321
53.910600021481514
51.58939998364076
51.76880001090467
53.71890001697466
54.371000005630776
55.183999997098
50.290899991523474
50.32609999761917
50.54369999561459
50.533699977677315
49.423999997088686
60.47460000263527
52.794599992921576
49.615299998549744
53.11249999795109
50.22919998737052
51.51660001138225
52.44120000861585
50.09699999936856
52.01640000450425
51.76410000422038
51.351699978113174
51.89919998520054
51.27779999747872
51.986000005854294
52.65150000923313
51.84410000219941
51.35490000247955
50.60669998056255
50.887899997178465
62.47200001962483
52.569399995263666
55.00930000562221
54.09659998258576
53.1988000147976
53.47849999088794
47.957099974155426
48.915999999735504
52.322100003948435
50.459699996281415
50.01460001221858
50.95239999354817
51.57159999362193
51.07099999440834
51.67069999151863
51.616699987789616
55.57329999282956
52.06539999926463
52.166699984809384
61.91029999172315
50.16230000182986
49.409400002332404
52.517800009809434
50.07430000114255
50.868499994976446
51.9229999918025
50.00659998040646
54.02830001548864
50.81169999903068
49.54770000767894
54.5292999886442
52.43799998424947
50.70059999707155
50.07040000054985
50.06050001247786
56.71279999660328
52.74469999130815
49.60070000379346
61.960200022440404
51.06240001623519
51.541199994971976
51.40330002177507
51.71060000429861
51.00079998373985
50.28320002020337
49.889200017787516
54.38109999522567
55.32360001234338
51.02250000345521
51.20980000356212
51.748800004133955
57.833500002743676
56.23099999502301
53.606700006639585
49.92889999994077
49.50369999278337
51.5566999965813
62.44949999381788
52.44699999457225
49.38149999361485
51.09279998578131
50.91709998669103
51.20600000373088
54.41810001502745
56.15859999670647
54.28860001848079
50.11080001713708
51.20980000356212
52.415599988307804
52.03739998978563
50.44079999788664
71.43570002517663
64.76750000729226
57.12430001585744
56.95389999891631
54.63570001302287
77.48629999696277
52.69449998741038
49.047800013795495
51.683800003957
48.915999999735504
56.904600001871586
51.98220000602305
53.95309999585152
51.26780000864528
50.05190000520088
50.88559997966513
52.148699993267655
51.443500007735565
56.220099999336526
57.796600012807176
55.59760000323877
48.63669999758713
53.329600021243095
49.468400015030056
64.46059999871068
52.9662000190001
51.852600008714944
50.05300001357682
50.71380001027137
51.10750001040287
51.03400000371039
54.23110001720488
53.77809997298755
50.89029998634942
51.030200003879145
51.64890000014566
51.341199985472485
50.5696999898646
51.59070002264343
57.06069999723695
56.96610000450164
51.30920000374317
50.50929999561049
63.51209999411367
51.96089998935349
50.69489998277277
52.56400001235306
51.51740001747385
50.80550001002848
50.419600011082366
51.831899996614084
50.50899999332614
49.853900010930374
49.96689999825321
51.50699999649078
51.62189999828115
48.90160000650212
51.67960000107996
55.76500002644025
51.00249999668449
54.80060001718812
50.89720000978559
60.97410002257675
50.89920002501458
50.3741999855265
51.394699985394254
51.88829998951405
49.96679999749176
50.194599985843524
51.72249997849576
53.21929999627173
54.168100003153086
55.346000008285046
51.531100005377084
52.63120000017807
51.6215999959968
51.28830001922324
51.702700002351776
49.57740000099875
51.22080000001006
51.00580002181232
64.86899999435991
52.70959998597391
49.935500021092594
50.88450000039302
51.84250001912005
51.83499999111518
51.984599995194
50.04750000080094
49.50220001046546
52.2771000105422
51.243699999758974
52.47589998180047
52.676099992822856
49.49199999100529
50.98770000040531
53.992100001778454
52.419799991184846
52.541300014127046
54.23219999647699
62.91310000233352
51.60259999684058
49.22509999596514
51.212300022598356
51.981500000692904
51.531100005377084
57.356600009370595
55.68769999081269
53.02399999345653
50.43730000033975
52.98700000275858
51.40170000959188
50.68990000290796
51.07220000354573
50.59689999325201
50.600400019902736
54.056900000432506
55.4136999999173
53.304399974877015
62.78780000866391
51.365100021939725
51.90920000313781
50.41009999695234
51.68399997637607
52.29180000605993
51.03539998526685
51.086499996017665
50.83100000047125
51.46600000443868
50.510200002463534
49.81920000864193
53.046399989398196
52.58489999687299
54.763599997386336
55.27609999990091
50.53479998605326
53.03129999083467
49.57490001106635
59.42470001173206
51.90979997860268
50.78900000080466
51.75959999905899
52.66690001008101
50.05710001569241
52.16870000003837
51.332499977434054
51.02159999660216
50.67999998573214
51.88040001667105
50.13210000470281
50.54959998233244
51.388699997914955
51.1570000089705
50.68400001619011
48.63020000630058
51.37349999858998
50.47630000626668
64.78339998284355
54.712000011932105
53.923600004054606
49.78319999645464
52.88309999741614
50.459699996281415
49.17919999570586
51.44889999064617
50.08729998371564
50.706999987596646
50.89899999438785
51.66940001072362
48.324800009140745
49.64869999093935
52.348600002005696
55.62880000798032
50.50620000110939
51.99390000780113
49.85760001000017
61.934800003655255
52.255599992349744
51.16410000482574
50.55509999510832
51.623000006657094
52.23199998727068
50.29590000049211
50.0342000159435
50.365000002784654
52.97299998346716
50.2406999876257
55.18719999236055
59.42700000014156
52.604900003643706
50.8560000162106
52.18620001687668
49.46480001672171
54.31420000968501
54.56109999795444
69.65299998410046
61.903599998913705
60.25640000007115
67.10960000054911
63.28219998977147
64.82430000323802
71.28600002033636
63.17869998747483
57.504600001266226
52.77370000840165
55.45600000186823
53.1763999897521
68.63379999413155
61.373300006380305
56.70980000286363
52.56539999390952
49.83030000585131
54.02069998672232
58.183499990263954
63.48479998996481
52.581600000848994
50.96330001833849
57.83769997651689
62.296199990669265
56.84140001540072
59.43569997907616
72.72170000942424
60.15880001359619
58.02090000361204
59.499099996173754
56.2727999931667
59.77919997530989
56.79120001150295
56.08340000617318
56.90000002505258
61.911099997814745
54.744599998230115
57.319500017911196
65.72189999860711
58.725700015202165
70.96149999415502
89.62770001380704
69.5463000156451
63.28709999797866
77.7092999778688
72.63629999943078
79.47329999296926
83.54610000969842
80.11500001884997
75.22280002012849
88.7458999932278
60.408499994082376
54.45080000208691
53.491099999519065
56.49849999463186
84.33009998407215
100.30190000543371
120.61189999803901
78.54570000199601
60.78589998651296
63.13569998019375
53.180000017164275
55.61690000467934
57.008400006452575
60.66760001704097
57.2033999778796
62.89299999480136
61.91749998833984
55.37180000101216
58.451699995202944
61.20850000297651
56.73229999956675
50.65489999833517
57.710499997483566
51.87870000372641
52.45950000244193
63.05510000674985
51.295699988259
52.644999988842756
51.65150001994334
51.9728000217583
50.87229999480769
53.61510001239367
53.85329999262467
51.38029999216087
51.54949999996461
51.964899990707636
51.413999986834824
55.69020000984892
54.28350000875071
53.60549999750219
52.747399982763454
53.11850001453422
53.91239997697994
50.6011999968905
61.95869998191483
55.738600000040606
53.57530000037514
60.4862000036519
53.78210000344552
50.046199990902096
54.26659999648109
53.75359999015927
55.214099993463606
52.391900011571124
51.87539997859858
55.624500004341826
53.21600000024773
52.10079997777939
53.00779998651706
52.52860000473447
53.624299995135516
56.27620001905598
53.775500011397526
69.98510000994429
73.28259997302666
59.31430001510307
58.13049999414943
52.618499990785494
51.93439999129623
52.99409999861382
52.40889999549836
52.38109998754226
50.9423999756109
52.0816000062041
52.58839999441989
51.16719999932684
55.53390001296066
50.23029999574646
57.24910000571981
54.38549999962561
55.67850000807084
56.00050001521595
65.53039999562316
52.612400002544746
57.075199991231784
52.974000020185485
54.111899982672185
54.639199981465936
57.05169998691417
49.70370000228286
54.496899974765256
59.02539999806322
53.35299999569543
51.339900004677474
54.0356999845244
54.837800009408966
52.45449999347329
53.1050999998115
50.7940000097733
51.78840001462959
55.07259999285452
63.182099984260276
50.762099999701604
53.56040000333451
51.535400009015575
60.18280002172105
51.73210002249107
50.45510001946241
49.949899985222146
50.76550002559088
55.602499982342124
50.163500010967255
51.18099998799153
52.62179998680949
48.689200018998235
65.97180000972003
171.5861999837216
74.24780001747422
61.34379998547956
54.491799994139
63.35490001947619
53.06669999845326
60.1042999769561
54.06720002065413
52.118999999947846
53.150199993979186
50.52550000254996
51.96679997607134
55.36289999145083
51.50770000182092
51.92759999772534
53.279400017345324
50.41590001201257
55.82229999708943
50.673199992161244
51.619899983052164
50.413699995260686
53.80940000759438
51.9137000082992
67.53380000009201
51.282000000355765
50.13570000301115
52.12700000265613
53.754900000058115
51.2559000053443
48.66490000858903
52.84720001509413
50.08290000841953
54.047999990871176
52.66060002031736
55.49080000491813
54.981499997666106
58.30299999797717
63.179499993566424
51.69429999659769
56.87890000990592
52.15730000054464
52.75729999993928
67.47910002013668
51.11279999255203
56.88800002099015
56.896100024459884
50.74509998667054
53.345799999078736
52.89520000224002
49.86739999731071
51.163700001779944
56.66250002104789
53.292700002202764
49.72020001150668
55.495600012363866
51.5447000216227
69.47059999220073
57.27260001003742
69.8467000038363
53.71839998406358
52.58380001760088
66.19130002218299
51.374100003158674
50.71409998345189
54.52190001960844
52.52830000245012
56.790599977830425
49.510199984069914
60.62449997989461
56.234899995615706
56.24619999434799
59.442500001750886
53.27740000211634
51.96139999316074
54.17809999198653
55.7363000116311
59.69369999365881
59.734600014053285
55.44629998621531
101.27630000351928
64.49660001089796
52.934200008166954
49.781200010329485
52.200799982529134
51.47989999386482
55.97359998500906
53.52629997651093
52.347499993629754
52.274599991505966
56.335600005695596
51.35130000417121
50.598900008480996
51.43429999588989
52.17859998811036
51.55200001900084
53.22510001133196
53.60749998362735
54.28620000020601
54.21679999562912
69.4130000192672
51.39129998860881
52.411200013011694
51.9538999942597
50.06150002009235
54.520800011232495
50.826999999117106
49.83659999561496
49.50339999049902
51.8541999917943
55.42720001540147
83.06570001877844
81.88069998868741
64.03000000864267
58.28669999027625
57.125299994368106
55.58519999613054
56.7324000003282
50.86770001798868
63.92539999797009
51.27259998698719
49.24820002634078
51.628800021717325
53.12190001131967
52.02939998707734
54.194900003494695
55.84879999514669
58.088600024348125
55.90260002645664
61.925699992571026
67.650799988769
65.61439999495633
65.27779999305494
59.775900008389726
62.66560000949539
63.99389999569394
60.494600009405985
60.35479999263771
72.68740001018159
65.73540001409128
58.471999975154176
58.67940001189709
63.0922999989707
59.12980000721291
62.0776999858208
62.21359997289255
58.910799998557195
59.073699987493455
56.67140000150539
58.4423000109382
55.546099989442155
54.39149998710491
50.23219998111017
51.25779999070801
52.98529998981394
53.07000002358109
54.076200001873076
68.88320000143722
53.55849998886697
55.01749998074956
57.34130000928417
56.00520002190024
48.94489998696372
58.92359997960739
54.54769998323172
53.98539997986518
63.5832000116352
56.65969999972731
54.81339999823831
56.03120001615025
59.41210000310093
51.76390000269748
51.667099993210286
55.02390000037849
57.92780002229847
54.52010000590235
66.8932999833487
51.33310001110658
52.55150000448339
52.931800018996
53.630300011718646
51.59519999870099
53.26769998646341
50.34240000532009
50.46350002521649
55.79230000148527
53.59369999496266
51.43550000502728
50.68320001009852
50.68469999241643
50.05599997821264
51.59819999244064
51.80280000786297
50.34590000286698
50.1673000107985
62.748199998168275
49.825699999928474
52.83060000510886
52.46169999008998
52.68329998943955
50.381099979858845
53.372399997897446
52.24119999911636
51.92570001236163
51.30690001533367
51.3238999992609
51.627799984999
50.246400001924485
53.153299988480285
51.2248000013642
51.552999997511506
52.722299995366484
51.218500011600554
51.98180000297725
66.4954999811016
58.99700001464225
59.570199984591454
49.84709998825565
55.43859998579137
60.54239999502897
55.78090000199154
50.06969999521971
52.097000007051975
52.430299983825535
53.26509999576956
51.44260000088252
52.00150000746362
49.03840000042692
50.34669997985475
50.70670001441613
51.04280001251027
51.37929998454638
50.870100007159635
60.45970000559464
52.3823999974411
51.99060001177713
51.26330000348389
54.630599974188954
50.71060001500882
49.520199972903356
52.1123000071384
53.843799978494644
51.35220001102425
58.866499981377274
55.47609998029657
51.594699994893745
51.00310000125319
56.4318000106141
54.89159998251125
52.73049999959767
59.47000000742264
56.91159999696538
71.45659998059273
58.165599999483675
57.90290000732057
56.25069999950938
99.89770001266152
52.535299997543916
50.97350000869483
57.62519998825155
56.77080000168644
54.17970000416972
53.56299999402836
55.596399994101375
55.77960002119653
59.28190000122413
60.66409999039024
56.21619999874383
61.091800016583875
59.235099994111806
56.292799999937415
63.09609999880195
52.702699991641566
54.55309999524616
56.49099999573082
60.942099982639775
63.370600022608414
52.425599977141246
55.605200002901256
59.16449998039752
53.550299984635785
58.44310001702979
57.54959999467246
65.84309999016114
54.78179999045096
51.49660000461154
57.07740000798367
61.89750001067296
57.16480000410229
67.16219999361783
64.82480000704527
52.78199998429045
62.24769999971613
57.76940000941977
54.40439999802038
48.403200024040416
50.7004999963101
51.25049999332987
50.797700008843094
53.87989999144338
52.047900011530146
50.16310000792146
52.907500008586794
51.58749999827705
58.10369999380782
51.77059999550693
49.55480000353418
50.67840000265278
50.37450001691468
62.26639999658801
56.74090000684373
54.99170001712628
53.51130000781268
52.945899980841205
55.46810000669211
49.606499989749864
51.83360000955872
49.37739999149926
50.60849999426864
51.30930000450462
58.45949999638833
53.74269999447279
51.27090000314638
50.04079997888766
52.63590000686236
51.14500000490807
56.19020000449382
54.750600014813244
63.1516000139527
49.046300002373755
55.76190000283532
53.71409998042509
51.20519999763928
52.990500000305474
52.30040001333691
53.72039999929257
50.09720000089146
49.504100024932995
50.75049999868497
52.778399985982105
49.527900002431124
54.190399998333305
53.32439998164773
51.31290000281297
54.07659997581504
50.984200002858415
54.833300004247576
66.4124000177253
59.52059998526238
60.44390000170097
59.58760000066832
53.17800000193529
61.36249998235144
54.6782000164967
53.618500009179115
58.36779999663122
57.10559998988174
52.187299996148795
49.29280001670122
56.70210000243969
53.508800017880276
49.4757000124082
56.36420001974329
62.76239998987876
53.44479999621399
55.7730000000447
68.57690002652816
51.361599995289
51.51540000224486
49.422800017055124
51.437699992675334
60.36180001683533
48.874400003114715
52.125199988950044
53.66510001476854
50.814000016544014
52.399099979083985
57.930100010707974
57.73550001322292
49.942700017709285
51.523599977372214
48.38139997445978
53.726699989056215
55.618799990043044
57.49109998578206
67.39719997858629
52.06309998175129
51.713299995753914
52.267099992604926
52.597900008549914
54.82090002624318
55.64849998336285
50.970899988897145
50.61639999621548
51.68580001918599
50.86680001113564
50.82970001967624
52.313199994387105
50.85279999184422
51.84379999991506
55.61380001017824
94.56080000381917
54.510399990249425
52.777000004425645
64.46049999794923
51.48969998117536
49.02830001083203
50.01609999453649
52.04239999875426
51.59400001866743
50.9386999765411
50.50760001176968
50.08709998219274
51.468600024236366
51.42370000248775
54.917800007387996
55.40260000270791
50.60750001575798
50.655099999858066
51.701099990168586
53.73680000775494
52.7647000271827
51.981299999170005
61.68830001843162
50.6040999898687
54.85299997963011
51.91810001269914
51.4549000072293
49.609300011070445
54.338599991751835
55.48919999273494
53.50529999122955
53.15560000599362
50.83860000013374
49.91569998674095
56.531099980929866
52.03970000729896
54.45609998423606
56.84619999374263
51.42549998709001
54.2538000154309
52.04539999249391
61.075300007360056
49.18179998639971
56.13459998858161
51.421500014839694
50.359200016828254
50.38800000329502
49.72249999991618
49.081999983172864
51.10220002825372
55.44119997648522
52.04879998927936
51.527899981010705
50.539699994260445
49.6341000252869
51.07089999364689
51.159000024199486
49.941099976422265
53.38850000407547
58.7117999966722
60.05280002136715
51.790400000754744
56.95270001888275
55.71240000426769
50.07209998439066
49.77109999163076
54.781500017270446
51.74250001437031
51.342899998417124
53.82699999609031
50.29280000599101
50.566399993840605
56.14380000042729
53.43299999367446
58.85480000870302
52.96289999387227
52.76109999977052
55.19460001960397
56.34410001221113
70.48560000839643
51.262799999676645
50.627299991901964
53.04570001317188
54.38570000114851
52.46079998323694
53.297200007364154
52.06089999410324
51.39940002118237
49.79479999747127
53.466000012122095
55.93910001334734
50.41789999813773
49.94659998919815
51.870399998733774
52.92730001383461
53.729599982034415
49.772200000006706
49.78469997877255
64.16330000502057
56.349100021179765
51.14609998418018
51.10830001649447
51.262699998915195
50.90640002163127
51.39369997777976
50.652400008402765
50.74950002017431
49.508500000229105
49.93639999884181
53.52549999952316
51.88850002014078
51.14070000126958
51.98109999764711
51.035999989835545
53.820200002519414
50.61320000095293
55.08319998625666
60.37859999923967
52.848199993604794
50.61889998614788
55.894400022225454
54.305900004692376
49.84250001143664
60.4559000057634
55.912199983140454
56.414499995298684
53.85949998162687
51.65320000378415
49.471599981188774
53.44889999832958
51.86360000516288
51.56969997915439
53.06360000395216
50.60560000129044
52.90480001713149
50.01770000671968
62.58560001151636
50.33570001251064
50.75370002305135
51.44760000985116
50.50299997674301
50.50090001896024
52.62049997691065
50.83490000106394
52.14549999800511
51.21580002014525
50.38219998823479
49.99229998793453
52.00150000746362
65.15859998762608
51.274500001454726
53.40040000737645
53.719399991678074
50.58219999773428
50.63540002447553
64.7764999885112
49.3140000035055
52.385799994226545
49.73490000702441
54.05729997437447
51.27429999993183
50.55989997345023
54.981399996904656
57.826400006888434
62.8374999796506
52.74780001491308
53.03679997450672
50.35560001851991
51.38979997718707
54.436600010376424
54.12149999756366
52.916099986759946
50.353199971141294
49.66640000930056
69.74460001219995
50.2015000092797
50.81019998760894
51.105799997458234
49.15489998529665
52.81349999131635
51.05330000515096
49.090799991972744
52.55590000888333
49.844799999846146
50.7655999972485
51.48610001197085
50.68259997642599
50.02049999893643
51.910800015321
57.33060001512058
49.721899995347485
50.510000000940636
55.14490001951344
60.6195000000298
54.05910001718439
53.77020000014454
48.01470000529662
55.33800000557676
53.45639999723062
50.74609999428503
51.77320001530461
49.18370000086725
49.12519999197684
50.81350001273677
49.90060001728125
52.9996000113897
51.62340000970289
52.72769997827709
51.97509998106398
50.0146999838762
57.10529998759739
51.41290000756271
67.5381000037305
54.01769999298267
52.31679999269545
49.843499989947304
52.14159999741241
52.015900000697
55.67900001187809
53.590499999700114
65.2641000051517
78.97820000653155
64.8143999860622
65.75240002712235
82.7358000096865
81.93260000552982
83.42719997745007
51.002100022742525
50.64410000341013
50.99720001453534
48.997500009136274
59.356800018576905
47.30019997805357
53.58350000460632
64.9950000224635
55.537400010507554
58.172999997623265
61.68340001022443
56.28789999173023
51.76319999736734
50.053899991326034
55.503200012026355
60.20080001326278
60.186499991687015
57.10659999749623
58.371499995701015
57.61180000263266
59.550800011493266
57.239400019170716
55.06429998786189
65.41680000373162
54.21959998784587
53.0375000089407
47.949800005881116
50.32169999321923
50.64259999198839
48.170599999139085
47.61290000169538
51.05949999415316
49.076100025558844
48.61749999690801
50.24420001427643
48.14510000869632
47.7653999987524
48.59769999166019
55.65669998759404
51.50940001476556
59.12930000340566
58.45820001559332
68.0436999828089
56.69059997308068
57.95760001637973
62.83480001729913
53.46819999977015
51.939799974206835
50.526400009403005
51.42100001103245
50.99109999719076
51.16740000084974
47.94369998853654
51.31849998724647
53.16700000548735
47.788500000024214
48.986799985868856
48.172100010560825
49.213699996471405
48.71060000732541
48.37569998926483
57.20800001290627
49.74960000254214
49.91270002210513
47.82049998175353
47.49399999855086
48.372199991717935
48.898100008955225
48.83479999261908
48.99489998933859
49.5404000103008
49.15940001956187
48.22029999922961
52.821599994786084
48.358800006099045
49.9775999924168
51.16689999704249
48.41480002505705
48.80670001148246
48.03070001071319
62.37999998847954
68.02139998762868
65.71349999285303
63.554199994541705
61.84249999932945
67.91130002238788
51.74100000294857
48.36000001523644
48.08269999921322
51.63940001511946
51.185499993152916
50.70920000434853
48.61719999462366
49.52590001630597
55.17090001376346
52.21460000029765
51.33919999934733
52.64100001659244
49.096799979452044
59.05859998892993
48.32559998612851
48.59400002169423
47.4363999965135
48.344000009819865
48.278700007358566
48.86310000438243
48.02050002035685
49.92380001931451
50.439100014045835
53.689500025939196
53.92030000803061
57.046800007810816
51.70700000599027
50.566299993079156
50.25869997916743
47.90740000316873
48.30789999687113
48.90610001166351
57.928299997001886
47.577999997884035
46.8840999819804
50.52109999815002
49.121999996714294
48.60229999758303
48.256600013701245
47.70060000009835
48.287700017681345
48.34660000051372
46.53720001806505
47.23979998379946
47.665600024629384
47.40439998568036
47.917199990479276
55.53110002074391
50.99950000294484
47.69460001261905
49.293599993688986
60.37980000837706
47.55160000058822
49.213599995709956
47.26419999497011
50.068600015947595
57.326800015289336
50.650899996981025
49.84309998690151
49.120399984531105
50.105700007406995
49.02210002182983
50.09020000579767
48.274600005242974
47.94809999293648
50.88739999337122
49.47060000267811
48.56110000400804
51.631600013934076
47.92300000553951
61.22480001067743
48.38910000398755
53.9332999906037
51.197699998738244
48.138100013602525
48.26909999246709
49.39500000909902
52.08839999977499
55.704499973217025
53.56050000409596
47.708400001283735
48.19499998120591
53.27420000685379
59.2822999751661
52.739900012966245
53.33000002428889
48.336800013203174
48.429799993755296
47.14809998404235
58.03929999819957
48.77009999472648
49.32140000164509
47.683400014648214
46.66610001004301
47.98940001637675
47.19479999039322
51.27840000204742
49.70000000321306
50.67349999444559
47.43010000674985
48.41909999959171
49.23540001618676
50.43880001176149
48.70189999928698
48.64280001493171
50.89460001909174
48.79229998914525
48.28820002148859
58.31039999611676
48.30900000524707
48.49190000095405
47.14350000722334
48.62590000266209
47.894899995299056
52.60310001904145
48.167900007683784
48.49999997531995
46.43889999715611
49.38620000029914
48.53729999740608
47.7338999917265
48.268300015479326
49.750100006349385
47.77180001838133
49.29880000418052
49.15380000602454
52.43209999753162
59.65640000067651
48.463999992236495
49.51630000141449
47.70750002353452
49.49879998457618
48.47189999418333
47.91260001366027
47.2687000001315
46.97920000762679
54.16270002024248
50.76300000655465
49.56579999998212
54.22790002194233
53.823099995497614
54.19680001796223
53.68330000783317
48.20380001910962
48.35090000415221
48.25419999542646
59.1028000053484
48.44680000678636
45.875599986175075
46.80579999694601
49.145400000270456
52.53010001615621
47.5670000014361
47.93390000122599
46.96959999273531
47.65409999527037
47.625499981222674
50.216800009366125
48.433000018121675
48.09279998880811
47.048999986145645
48.10499999439344
49.27479999605566
49.683399993227795
50.739900005282834
58.002400008263066
47.832799988100305
48.57879999326542
48.880399990594015
48.48800000036135
48.57770001399331
49.98800001339987
53.043799998704344
52.32570000225678
48.511600005440414
47.65169997699559
47.905500017805025
47.6349999953527
48.62740001408383
48.78280000411905
51.14610001328401
51.382600009674206
50.60380001668818
46.195600007195026
57.53830002504401
49.501000001328066
49.30080001940951
48.7176000024192
48.05169999599457
51.6563999990467
49.2423000105191
46.194299997296184
47.1753999881912
47.600099991541356
47.809199983021244
48.37189998943359
47.40740000852384
45.878699980676174
47.09599999478087
48.88119999668561
49.11980000906624
48.666899994714186
47.80410000239499
56.177299993578345
47.77830000966787
48.88830002164468
50.13049999251962
55.98289999761619
48.68719997466542
47.251999989384785
48.24430000735447
48.67799999192357
48.46779999206774
48.78730000928044
49.23549998784438
47.79329997836612
47.78320001787506
49.19250000966713
48.94020000938326
50.430000002961606
49.862900021253154
47.85179998725653
65.97779999719933
53.91259997850284
54.328199999872595
53.30400000093505
104.56939999130554
73.939199995948
52.85799998091534
53.44119999790564
56.310599989956245
54.1005999839399
52.66970000229776
49.658400006592274
47.19070001738146
48.38210000889376
58.20379999931902
61.91960000433028
78.63469998119399
70.49550002557226
63.065099995583296
79.58489999873564
59.82699999003671
64.49359998805448
51.42909998539835
48.492000001715496
47.387099999468774
56.34439998539165
53.618400008417666
52.79399998835288
53.09010000200942
51.225600007455796
48.130600014701486
50.36419999669306
48.47710000467487
49.30350001086481
49.176699976669624
51.765099982731044
47.711399995023385
48.05410001426935
61.850500002037734
49.74779998883605
48.59920000308193
47.432800027308986
54.9880999897141
52.64089998672716
54.134200006956235
48.501100012799725
47.83210001187399
50.7594000082463
48.86640000040643
46.822300006169826
63.72689999989234
62.32659998931922
56.44169999868609
58.878299983916804
60.3535000118427
59.04449999798089
55.4849999898579
67.2469999990426
57.155199989210814
64.36379998922348
54.009699990274385
48.70780001510866
54.89820000366308
51.48460000054911
47.231500007910654
49.326300009852275
50.1112999918405
48.659799998858944
52.443499997025356
48.50790000637062
48.91189999761991
48.606399999698624
51.132399996276945
54.56879999837838
56.66570001631044
55.29910000041127
68.55419999919832
49.723299976903945
47.75669999071397
50.18230000860058
51.539999985834584
47.54739999771118
48.413800017442554
47.59960001683794
49.81180001050234
50.35189999034628
47.35829998389818
48.112699994817376
49.647900013951585
49.6088000072632
49.53350001596846
48.03530001663603
45.945099991513416
60.26389999897219
66.04440000955947
80.34710001084022
58.7394000031054
64.57279997994192
64.13600000087172
68.38289997540414
53.525199997238815
55.2492999995593
60.06920000072569
57.96220002230257
64.85550000797957
60.13860000530258
83.10679998248816
65.08080000639893
59.276899992255494
56.08340000617318
53.400900011183694
64.06340000103228
63.82559999474324
59.02449999121018
79.69000001321547
53.590399998938665
50.593199994182214
49.931400018977
53.51100000552833
53.618499980075285
50.059600005624816
49.246399983530864
49.12690000492148
57.689899986144155
52.514600014546886
51.84899998130277
49.52150001190603
47.22370000672527
53.03579999599606
49.11779999383725
53.88629998196848
52.4837999837473
56.79180001607165
59.528600017074496
47.7433999767527
50.30180001631379
48.315699998056516
48.601899994537234
48.70600000140257
48.66359999869019
47.66770001151599
48.28670001006685
48.46770002041012
49.23859998234548
48.68069998337887
57.45019999449141
56.469000002834946
48.86060001445003
53.71110001578927
48.33469999721274
47.620900004403666
48.81880001630634
67.60809998377226
63.378000020748004
54.16309999418445
55.80070000723936
50.636100000701845
52.55000002216548
52.71650000941008
49.59270000108518
48.499800002900884
51.79649998899549
48.263900011079386
48.4940999886021
52.685100003145635
51.671900000656024
53.78849999397062
53.427200007718056
48.69110000436194
51.56870000064373
48.04860000149347
60.20459998399019
49.441800016211346
55.012700002407655
58.39789999299683
54.541399993468076
47.633000009227544
48.91029998543672
52.68329998943955
51.550100004533306
50.39069999475032
48.45000000204891
49.93579999427311
50.434299977496266
48.878999979933724
51.627200009534135
58.94869999610819
47.6658999978099
48.25569997774437
48.219499993138015
59.319699998013675
48.600400012219325
55.75100000714883
63.817999995080754
48.201700003119186
48.86199999600649
63.66470002103597
58.98669999442063
54.86679999739863
53.36009999155067
50.99849999533035
58.998199994675815
55.452800006605685
55.69229999673553
53.85980001301505
49.65610001818277
48.738200013758615
52.712000004248694
54.65950001962483
58.596899994881824
55.23850000463426
53.105700004380196
50.28379999566823
47.872899973299354
50.268699997104704
48.455300013301894
49.16850000154227
48.15779998898506
51.86639999737963
52.92479999479838
54.726900008972734
52.270199987106025
54.72060001920909
50.514499976998195
54.974400001810864
54.96640002820641
56.046800018521026
55.189000006066635
63.54899998405017
56.611300009535626
54.73500001244247
48.397500009741634
48.17310001817532
47.14420001255348
47.391400003107265
47.87230002693832
48.550099978456274
48.6959999834653
48.28550000092946
49.861200008308515
47.28520000935532
49.42180000944063
53.039299993542954
48.02650000783615
47.77309999917634
48.70140002458356
48.38520000339486
62.93700000969693
48.400300001958385
48.2217000098899
49.130700004752725
48.09890000615269
52.79840002185665
54.76430000271648
56.72220000997186
55.89489999692887
54.089900018880144
57.100099977105856
56.275499984622
54.85389998648316
48.747099994216114
48.12829999718815
49.297999998088926
49.92219997802749
47.57880000397563
49.495399987790734
59.88779998733662
48.417999991215765
48.127600020961836
47.41100000683218
47.86299998522736
47.736699983943254
48.73330000555143
49.30000001331791
48.480400000698864
49.357300013070926
49.19409999274649
51.14649998722598
53.51279999013059
52.369500015629455
48.26660000253469
49.333599978126585
48.77299998770468
46.56139999860898
49.01170000084676
59.6670999948401
48.85260001174174
47.53019998315722
48.25000002165325
47.86360001889989
48.75250000623055
48.61339999479242
50.05489999894053
48.62009998760186
48.66479997872375
48.43510000500828
50.606499979039654
48.23459999170154
51.92110000643879
52.507499989587814
55.10279998998158
54.7182000009343
56.36489999596961
54.449699993710965
66.83520000660792
57.08189998404123
55.32610000227578
51.14019999746233
46.74029999296181
49.30439998861402
48.25319998781197
47.831400006543845
48.18489999161102
47.58189999847673
48.69569998118095
49.90029998589307
50.02170000807382
49.631500005489215
48.364499991294
47.938100004103035
58.86610000743531
56.57239997526631
54.428899980848655
66.95790000958368
64.29690000368282
50.91989997890778
51.384300022618845
49.306799977784976
51.51399999158457
51.96089998935349
52.53900002571754
52.12269999901764
55.5469999962952
56.26419998588972
57.212799991248176
56.81609999737702
56.31690000882372
55.69209999521263
53.20089997258037
51.683400000911206
86.25829999800771
49.9316000204999
59.777699992991984
48.63979999208823
50.221100013004616
46.42050000256859
49.20960002345964
48.79530001198873
49.83370000263676
48.80220000632107
49.38390001188964
47.75820000213571
48.25250001158565
49.32009999174625
48.78820001613349
52.02040000585839
47.786799987079576
47.03310001059435
48.11619999236427
49.12820001482032
48.087700008181855
59.43019999540411
53.96410002140328
55.64720000256784
56.37940001906827
55.791899998439476
55.368100001942366
54.9202999973204
56.306000013137236
54.659499990521
54.923899995628744
52.598999987822026
49.010900023858994
54.76110000745393
53.663200000301
55.20299999625422
53.04100000648759
51.99090001406148
52.843699988443404
51.18310000398196
61.46320002153516
57.99319999641739
78.03140001487918
54.60420000599697
55.624500004341826
55.567000003065914
59.83310000738129
63.16990000777878
55.65530000603758
61.18269998114556
55.75519998092204
55.71149999741465
56.51540000690147
56.236300006276
57.53550000372343
50.82390000461601
48.210700013441965
48.72739998972975
57.2286999959033
68.56600000173785
48.875699983909726
49.05709999729879
56.20510000153445
48.16430000937544
88.79730000626296
122.31669999891892
77.60879999841563
67.62809999054298
51.72320001292974
51.36840001796372
49.82469999231398
55.74660000274889
54.22049999469891
52.31639998964965
51.77029999322258
52.375500003108755
52.17339997761883
54.62409998290241
64.65159999788739
52.4812999938149
55.78699999023229
59.030700009316206
51.96839998825453
52.39429997163825
56.93489999976009
58.35739997564815
56.128399999579415
54.14120000205003
57.448499981546775
69.33389999903738
57.32920000446029
65.46409998554736
66.81379998917691
74.91520000621676
57.6932999829296
58.43479998293333
63.57270001899451
74.01179999578744
57.266100018750876
69.11270000273362
57.638099999167025
59.029399999417365
56.10970000270754
50.387099996441975
49.416599998949096
49.69720001099631
53.60009998548776
50.750199996400625
49.597599980188534
60.25580002460629
63.78189998213202
61.2869999895338
66.56730000395328
61.191099986899644
55.30060001183301
53.53229999309406
67.10740001290105
54.31659999885596
54.14190000738017
53.31149999983609
53.74040000606328
54.3531000148505
55.752000014763325
55.637799989199266
52.8782999899704
52.278999995905906
48.64699998870492
49.72439998527989
47.41830000421032
48.892099992372096
51.18840001523495
50.30930001521483
49.07350000576116
53.62270001205616
47.70180000923574
61.35370000265539
50.320500013185665
57.18149998574518
55.62040000222623
53.202099981717765
52.42809999617748
49.34810000122525
49.28110001492314
50.59219998656772
53.5729999828618
56.4402999880258
54.89819997455925
53.44160000095144
51.529299991670996
52.859799994621426
53.80409999634139
54.704699985450134
52.37050002324395
51.7149000079371
64.41590000758879
52.01479999232106
54.62939999415539
55.21089999820106
49.717299989424646
46.734799980185926
48.9536999957636
51.66800000006333
54.40600001020357
54.582900018431246
57.239500019932166
51.264299981994554
54.16580001474358
52.72149998927489
53.600699990056455
58.94829999306239
54.196400014916435
51.00239999592304
54.473299998790026
61.9973000138998
65.93170002452098
52.6829999871552
50.147100002504885
53.50409998209216
55.99120000260882
55.29459999524988
56.700500019360334
60.69640000350773
56.67459999676794
51.49769998388365
57.973200018750504
61.0568999836687
52.92310001095757
52.73510000552051
50.14540001866408
49.802100023953244
47.5977000023704
47.961800009943545
64.76890001795255
49.126500001875684
48.462399980053306
50.8648999966681
63.38030000915751
61.36180000612512
56.44139999640174
59.8253000061959
66.15769999916665
57.03930000890978
56.96280000847764
55.83299999125302
55.275000020628795
49.51570002594963
49.60959998425096
51.61460000090301
47.79049998614937
59.915499994531274
76.49390000733547
77.34200000413693
62.817600002745166
64.37249999726191
55.06869999226183
55.383200000505894
53.24000000837259
55.264800001168624
53.756399982376024
57.024600013392046
54.52710000099614
53.81919999490492
51.5253999910783
54.42130001029
50.553200009744614
50.16280000563711
49.731000006431714
49.553100019693375
49.84229998080991
52.360399975441396
58.90599999111146
48.60380000900477
51.424399978714064
49.52509998111054
48.95980001310818
48.60680000274442
47.844599990639836
49.52739999862388
48.71619999175891
48.546799982432276
48.024000017903745
50.966300012078136
48.68559999158606
48.97430000710301
48.496499977773055
47.083400015253574
50.740999984554946
52.130800002487376
48.35169998113997
65.90920002781786
56.13340000854805
54.114900005515665
53.51979998522438
54.84589998377487
57.74509999901056
50.53410000982694
51.21030000736937
48.82179998094216
51.47440001019277
52.30169999413192
49.21729999477975
49.52669999329373
49.99639999005012
48.2309999933932
48.526099999435246
50.02789999707602
59.98269998235628
78.32640002015978
78.70630000252277
64.98309999005869
53.282100008800626
54.50940001173876
54.062899987911806
52.77060001390055
52.336999971885234
51.436000008834526
61.45879998803139
53.390400018543005
56.18559999857098
56.16010000812821
56.335600005695596
48.851999978069216
46.474400005536154
54.13530001533218
51.6254999965895
50.57170000509359
59.02859999332577
61.75130000337958
48.51169997709803
47.70060000009835
49.825699999928474
48.960200016153976
50.44560000533238
51.72470002435148
52.81079999986105
48.23089999263175
96.32680000504479
72.54589998046868
57.81339999521151
55.96169998170808
54.809699999168515
60.21579998196103
55.5434999987483
51.190600002883
52.94540000613779
51.3984999852255
65.6707999878563
53.85440000100061
54.20309997862205
48.42289999942295
48.55499998666346
52.66519999713637
55.18550000851974
48.38759999256581
51.10899999272078
50.94009998720139
47.91510000359267
48.97340000024997
47.93679999420419
49.597499979427084
53.07699998957105
50.390099990181625
55.452900007367134
53.279100015060976
48.80889999913052
56.77170000853948
48.856500012334436
47.913100017467514
48.52449998725206
49.286500026937574
47.659700008807704
48.058200016384944
49.138200003653765
52.696900005685166
48.33180000423454
50.0393999973312
50.71779998252168
47.92399998405017
50.892500003101304
49.57550001563504
48.76560001866892
48.93279998213984
51.523499976610765
49.288000009255484
62.95390002196655
48.5482000221964
48.837500013178214
51.16079997969791
49.127600010251626
49.720600014552474
47.26019999361597
48.203100013779476
47.98299999674782
48.243400000501424
48.512899986235425
49.482100002933294
47.28719999548048
47.114099987084046
49.007599998731166
48.46760001964867
48.84709999896586
50.32979999668896
48.1844000169076
59.623700013617054
48.33770002005622
49.79329998604953
48.68880001595244
48.56070000096224
48.246199992718175
49.446299992268905
49.02760000550188
48.90160000650212
49.11970000830479
48.226899991277605
47.81429999275133
48.231199994916096
48.33190000499599
48.32090000854805
48.09710002155043
48.28529999940656
48.6222000035923
49.36420000740327
61.8825999845285
48.51500000222586
49.558800004888326
48.196000017924234
48.45000000204891
46.35059999418445
48.43679998884909
47.61730000609532
46.875900006853044
47.16570000164211
47.46569998678751
48.40220001642592
50.15480000292882
48.99820001446642
47.23920000833459
48.792899993713945
48.583899973891675
46.05699999956414
49.4407000078354
59.19899998116307
47.75500000687316
48.75090002315119
51.98489999747835
47.69880001549609
47.9922000085935
49.19240000890568
48.195800016401336
48.987000016495585
48.02069999277592
47.43249999592081
48.216600000159815
47.66270000254735
50.1421999942977
49.22640000586398
48.241599986795336
47.800200001802295
47.77529998682439
48.38459999882616
63.1915999983903
48.671500000637025
50.385800015646964
47.71410001558252
48.339700006181374
48.22929998044856
50.40439998265356
46.98640000424348
54.074799991212785
53.486599994357675
54.38430001959205
49.867200024891645
52.73799999849871
47.05419999663718
47.786900016944855
47.852100018644705
47.29780001798645
47.58490002132021
49.30429998785257
59.23499999335036
49.16070000035688
51.73879998619668
48.46189997624606
49.173900013556704
48.956100014038384
49.5867999852635
48.04580000927672
49.667000013869256
51.8453000113368
49.63269998552278
52.03849999816157
52.53359998459928
49.104300007456914
47.19499999191612
50.96690001664683
49.86530001042411
54.33100002119318
52.9439999954775
60.54439998115413
47.57990001235157
48.87850000523031
47.43069998221472
53.23389999102801
49.67770000803284
48.828600003616884
49.06879999907687
48.883099982049316
48.48249998758547
47.19500002101995
49.87080002319999
48.73690000385977
50.0334000098519
48.420999984955415
48.05539999506436
48.843500000657514
49.043299979530275
51.0268000070937
63.6796000180766
52.44040000252426
48.595900007057935
55.18409999785945
51.85570000321604
56.128199998056516
54.83539999113418
48.94429998239502
50.228599982801825
48.08670000056736
48.55829998268746
47.95320000266656
48.58899998362176
48.23819999000989
48.50039997836575
48.11959998914972
48.892199993133545
50.80440000165254
50.298099988140166
63.80400000489317
53.08410001453012
52.02089998056181
53.73350001173094
48.382399982074276
52.27270000614226
51.2497000163421
48.17319998983294
49.86470000585541
56.63099998491816
54.26510001416318
56.52209999971092
55.464599980041385
52.440800005570054
48.492300003999844
54.212699993513525
57.37049999879673
56.959400011692196
54.15850001736544
71.90839998656884
56.49970000376925
53.57879999792203
48.63389997626655
50.53040001075715
50.15409999759868
48.74009999912232
58.58140002237633
54.16739999782294
55.187600024510175
57.50560000888072
52.29359999066219
51.222700014477596
53.71730000479147
56.77630001446232
55.80939998617396
49.459700006991625
49.305499996989965
51.40550000942312
66.34560000384226
58.569899993017316
58.15589998383075
52.28149998583831
53.06679999921471
53.50830001407303
55.77950002043508
50.478999997721985
56.82070000329986
57.32730001909658
55.209799989825115
56.06740000075661
54.68900001142174
49.840599996969104
47.98219999065623
48.992800002451986
55.32300000777468
54.42499998025596
52.362099988386035
67.36039998941123
58.20769999991171
56.70889999601059
49.18470000848174
49.24699998809956
51.94820000906475
50.64130001119338
55.040899984305725
53.63280000165105
53.972699999576434
51.51649998151697
55.3795000014361
51.72819999279454
48.35249998723157
49.2703000199981
52.45290001039393
55.23080000421032
53.87440000777133
54.98510002507828
65.94559998484328
57.05539998598397
54.86539998673834
51.96839998825453
55.84650000673719
54.534299997612834
49.672900000587106
53.990499989595264
51.22510000364855
54.001899989089
47.96960001112893
48.299499991117045
47.07060000509955
47.95360000571236
53.763799980515614
54.80189999798313
52.51579999458045
48.50750000332482
46.47940001450479
64.24229999538511
50.810999993700534
52.951699995901436
51.14949998096563
60.138900007586926
54.79080000077374
48.86680000345223
49.08749999594875
49.782900023274124
52.66829999163747
55.27719997917302
50.28080000192858
49.68729999382049
49.34729999513365
50.591700011864305
52.76610000873916
53.74940001638606
53.791999991517514
49.1184999991674
67.3090000054799
47.77269999613054
48.397499980637804
53.14920001546852
50.26489999727346
47.09330000332557
47.880199999781325
49.03329999069683
48.3980999852065
48.28699998324737
52.68880000221543
49.4124999968335
48.75850002281368
48.606099997414276
48.326199990697205
47.717100009322166
49.356100003933534
47.52210000879131
55.88430000352673
62.269500020192936
49.8072000045795
53.96780002047308
56.66399997426197
53.658599994378164
58.22460001218133
54.942899994784966
50.27550001977943
53.637700009858236
47.95219999505207
48.14470000565052
48.18209999939427
49.18500001076609
52.46360000455752
53.11649999930523
49.32980000739917
55.9781999909319
49.64540002401918
48.62899999716319
59.766999998828396
49.57880001165904
51.496700005372986
49.68610001378693
48.63340000156313
49.207599979126826
55.27879999135621
55.04910001764074
50.73889999766834
48.98649998358451
47.62729999492876
48.65260000224225
47.9421999771148
53.757599991513416
47.82199999317527
47.892300004605204
