1061.9000000000233
441.9000000000233
420.0999999999767
239.30000000004657
187.79999999993015
244.70000000006985
183.5
187.29999999993015
148.5
149.5
148.40000000002328
146.09999999997672
136.5
131
128.90000000002328
140.09999999997672
135.40000000002328
121.90000000002328
122.59999999997672
118.30000000004657
130.40000000002328
120.69999999995343
123.30000000004657
115.09999999997672
114.79999999993015
107.60000000009313
109.5
129.39999999990687
109.90000000002328
117.5
108.59999999997672
117.5
134
123.40000000002328
107.30000000004657
107.5
116.90000000002328
111.5
96.39999999990687
93.40000000002328
91.40000000002328
94.09999999997672
101.70000000006985
116.69999999995343
108.19999999995343
104.20000000006985
99
91.69999999995343
89.90000000002328
109
108.90000000002328
90.40000000002328
92.59999999997672
85.19999999995343
92.90000000002328
90.09999999997672
96.09999999997672
100.5
94.30000000004657
82.30000000004657
82.5
89.5
84.39999999990687
86.10000000009313
81.5
82.5
92.19999999995343
84.40000000002328
81.5
92.79999999993015
80.5
78.40000000002328
80.70000000006985
80.5
76.29999999993015
77.40000000002328
78.19999999995343
86.60000000009313
82.29999999993015
78.5
92.90000000002328
82.19999999995343
94.20000000006985
77.79999999993015
76.60000000009313
76.19999999995343
76.80000000004657
75.09999999997672
73.69999999995343
73.80000000004657
81.19999999995343
74.20000000006985
80.39999999990687
79.70000000006985
78.90000000002328
76.29999999993015
83.5
74.80000000004657
87.79999999993015
74.90000000002328
75.59999999997672
72.80000000004657
75.90000000002328
71.40000000002328
92.09999999997672
91.5
101.09999999997672
88.30000000004657
74.5
76.29999999993015
69.59999999997672
73.5
77.60000000009313
70.79999999993015
71.5
70.30000000004657
74.09999999997672
73.59999999997672
70.09999999997672
71.30000000004657
69.40000000002328
69.59999999997672
74.40000000002328
76
67.69999999995343
73.59999999997672
73.80000000004657
70.09999999997672
71
81.70000000006985
70.39999999990687
66.60000000009313
68.79999999993015
69.09999999997672
69.20000000006985
70.19999999995343
72.80000000004657
68.29999999993015
81.70000000006985
72.69999999995343
76
75.5
69.5
68.09999999997672
68.5
66.30000000004657
70.09999999997672
67.80000000004657
69.09999999997672
71.09999999997672
67
85.70000000006985
76.79999999993015
72.5
82
79
90.80000000004657
68.5
67.19999999995343
64.40000000002328
85.59999999997672
72.70000000006985
67.69999999995343
66.90000000002328
71.19999999995343
76.80000000004657
63.5
69.29999999993015
66.20000000006985
64.79999999993015
67.70000000006985
68.09999999997672
65
65.30000000004657
70.29999999993015
64.59999999997672
69.30000000004657
73.30000000004657
64.5
69.59999999997672
78.40000000002328
65.29999999993015
64.70000000006985
64.39999999990687
65.10000000009313
64.5
81.5
78.39999999990687
65.40000000002328
74.40000000002328
64.80000000004657
63.79999999993015
64.5
66.09999999997672
71.30000000004657
69.90000000002328
62.40000000002328
63.5
62.39999999990687
63.5
68.20000000006985
95.69999999995343
114.5
97.80000000004657
86.29999999993015
83.60000000009313
82.39999999990687
80.60000000009313
75.89999999990687
62.300000000046566
67.19999999995343
63.40000000002328
62.800000000046566
67.19999999995343
60.300000000046566
77
75
58.699999999953434
60.90000000002328
58.40000000002328
60.5
63.29999999993015
59.20000000006985
64
67.69999999995343
87.59999999997672
73.30000000004657
64.5
59.699999999953434
61.5
77.90000000002328
65.70000000006985
81.69999999995343
80.90000000002328
90.5
73.5
70.90000000002328
71.89999999990687
89.20000000006985
75.09999999997672
94.59999999997672
71.09999999997672
83.60000000009313
60
76.69999999995343
68.90000000002328
76.69999999995343
73.90000000002328
74.5
76.59999999997672
63.70000000006985
61.09999999997672
84.09999999997672
79.5
57.90000000002328
63.199999999953434
64.5
82.09999999997672
64.10000000009313
60.39999999990687
58.60000000009313
62.5
58.59999999997672
75.40000000002328
81.39999999990687
69.40000000002328
60.70000000006985
72.79999999993015
57.09999999997672
57.800000000046566
59.699999999953434
59
67.30000000004657
65.69999999995343
78
67.60000000009313
71.59999999997672
84.90000000002328
89.59999999997672
86.40000000002328
89.89999999990687
84.70000000006985
90.90000000002328
81.79999999993015
98.40000000002328
84.09999999997672
90.30000000004657
81.09999999997672
78.09999999997672
71.80000000004657
93.29999999993015
79.80000000004657
64.80000000004657
91
93.89999999990687
81.90000000002328
79
98.90000000002328
82.80000000004657
87.29999999993015
66
80.59999999997672
87.80000000004657
76.30000000004657
89.5
68.5
80.69999999995343
101
94.90000000002328
84.59999999997672
80.09999999997672
80.40000000002328
86.40000000002328
80.79999999993015
87.40000000002328
68.80000000004657
80.40000000002328
74.39999999990687
89.20000000006985
70.90000000002328
79.29999999993015
85.30000000004657
82.09999999997672
72.19999999995343
75.20000000006985
77.19999999995343
77.80000000004657
69.09999999997672
74.59999999997672
70.09999999997672
66.60000000009313
59.699999999953434
56.90000000002328
69
58.29999999993015
57.60000000009313
63.39999999990687
57.20000000006985
54.199999999953434
55.09999999997672
67.60000000009313
71.79999999993015
56.09999999997672
54.10000000009313
56.79999999993015
57.70000000006985
68.09999999997672
63.699999999953434
54.300000000046566
53.90000000002328
61.29999999993015
54
54.90000000002328
67.80000000004657
57.59999999997672
70
68.09999999997672
68.40000000002328
65.59999999997672
56
56.59999999997672
65
61.800000000046566
66.69999999995343
64
62.70000000006985
74
56.09999999997672
59.59999999997672
75.30000000004657
55.199999999953434
64.90000000002328
52.90000000002328
59.79999999993015
53.5
54
52.70000000006985
65.79999999993015
61.20000000006985
60.29999999993015
59
64.70000000006985
57.29999999993015
58.90000000002328
52.5
63.59999999997672
54.800000000046566
53.40000000002328
51.39999999990687
53
53.5
54.10000000009313
57.699999999953434
59.09999999997672
58.90000000002328
67
59.90000000002328
52.59999999997672
54.800000000046566
54.5
52.699999999953434
61.09999999997672
51.800000000046566
51.79999999993015
54
73.20000000006985
52.90000000002328
59.5
59.79999999993015
60.09999999997672
50.800000000046566
51.59999999997672
53.20000000006985
58.29999999993015
54.5
52.59999999997672
54.40000000002328
57
67.90000000002328
61.300000000046566
54.39999999990687
52.10000000009313
52.59999999997672
51.90000000002328
50.5
52
51.59999999997672
61.199999999953434
56.800000000046566
70.09999999997672
57.800000000046566
51.09999999997672
59.199999999953434
52.59999999997672
52
51.5
69.60000000009313
64.39999999990687
51.40000000002328
52.800000000046566
54.29999999993015
59.70000000006985
52
51.199999999953434
51.800000000046566
55.09999999997672
58.5
52.300000000046566
52.29999999993015
57.40000000002328
53.800000000046566
51.59999999997672
68
55.40000000002328
52
55.29999999993015
65.70000000006985
55.59999999997672
51.199999999953434
64.90000000002328
51.800000000046566
50.59999999997672
51
57.40000000002328
56
57.699999999953434
54.199999999953434
49.300000000046566
55.40000000002328
54.29999999993015
51.10000000009313
52.29999999993015
53.300000000046566
50.09999999997672
49.300000000046566
54.09999999997672
53.199999999953434
57.300000000046566
52.40000000002328
50.59999999997672
50.5
49.79999999993015
49.20000000006985
51.699999999953434
52
57.20000000006985
55.699999999953434
51.699999999953434
53.300000000046566
53.699999999953434
52.90000000002328
61.90000000002328
50
64.90000000002328
54.29999999993015
50.90000000002328
48.59999999997672
63.10000000009313
50.29999999993015
49.70000000006985
60.29999999993015
56.40000000002328
50.300000000046566
50.5
51.39999999990687
50.60000000009313
54.89999999990687
51.20000000006985
51.699999999953434
51.09999999997672
47.90000000002328
49
54.70000000006985
64.79999999993015
55.90000000002328
50.199999999953434
50.800000000046566
48.199999999953434
48.90000000002328
49.300000000046566
52
49.90000000002328
51.199999999953434
55.699999999953434
53.800000000046566
55.59999999997672
51.20000000006985
50
53
50.79999999993015
50.09999999997672
50.70000000006985
62.59999999997672
55.199999999953434
55.90000000002328
53.59999999997672
57.90000000002328
63.300000000046566
55.29999999993015
50.60000000009313
48.79999999993015
49.59999999997672
55.800000000046566
57.40000000002328
51.09999999997672
48.59999999997672
47
49.59999999997672
53
53.70000000006985
50.699999999953434
50.5
48.90000000002328
63.59999999997672
49.5
49.09999999997672
49.300000000046566
48.699999999953434
49.10000000009313
53.39999999990687
51.90000000002328
54.800000000046566
49.5
48.40000000002328
48
49.39999999990687
48.800000000046566
46.90000000002328
73.79999999993015
55.70000000006985
60.5
75.79999999993015
79
62
49.5
47
47.10000000009313
47.5
54.09999999997672
49.79999999993015
47.60000000009313
48.09999999997672
47.29999999993015
47.20000000006985
53.59999999997672
52.800000000046566
50.29999999993015
47.5
49.40000000002328
45.699999999953434
47.300000000046566
47.5
70.19999999995343
49.10000000009313
59.39999999990687
55.10000000009313
50.79999999993015
64.59999999997672
53.20000000006985
56.90000000002328
48.79999999993015
49
47.59999999997672
46.40000000002328
50.800000000046566
48.59999999997672
47.59999999997672
49.09999999997672
54.90000000002328
67.5
63.20000000006985
57
48.39999999990687
47.40000000002328
56
60.09999999997672
47.60000000009313
47.59999999997672
46.29999999993015
48.40000000002328
52.09999999997672
60.70000000006985
52.699999999953434
47.800000000046566
47.5
47.59999999997672
49.199999999953434
47.70000000006985
48.90000000002328
47.59999999997672
51.699999999953434
58.800000000046566
48.199999999953434
52.09999999997672
53.800000000046566
69.09999999997672
48.59999999997672
47.40000000002328
46.40000000002328
46.199999999953434
46.60000000009313
48
47.79999999993015
47
60.800000000046566
63
57.09999999997672
46.5
46.5
46.800000000046566
48
64
47.89999999990687
45.300000000046566
60.90000000002328
46.59999999997672
52.800000000046566
61.699999999953434
66.40000000002328
47.90000000002328
54.5
45
46.09999999997672
47.29999999993015
47.60000000009313
56.699999999953434
53.699999999953434
47.10000000009313
49
57.199999999953434
48.09999999997672
56.300000000046566
47.59999999997672
52.199999999953434
48.20000000006985
46
47
49.199999999953434
59.40000000002328
47.199999999953434
51.40000000002328
59.90000000002328
45.5
45.800000000046566
47.29999999993015
48.90000000002328
47.5
48.800000000046566
52
56.79999999993015
46.59999999997672
49.60000000009313
56.199999999953434
53
47.800000000046566
47.09999999997672
46.5
51.29999999993015
51.20000000006985
46.5
47.09999999997672
49.699999999953434
46.90000000002328
47.59999999997672
47.60000000009313
50.59999999997672
47.699999999953434
57.300000000046566
48
48.5
49.09999999997672
44.90000000002328
56.29999999993015
48.5
48.5
48.60000000009313
49.699999999953434
51
50.90000000002328
48
47.59999999997672
48
48.300000000046566
61.59999999997672
62.90000000002328
46
50.59999999997672
56.09999999997672
51.5
57.40000000002328
47.199999999953434
46
65.09999999997672
45.5
46.20000000006985
47.40000000002328
47.199999999953434
49.699999999953434
46.800000000046566
46.699999999953434
49.5
57.5
46
51.10000000009313
47
47.09999999997672
45.79999999993015
46.300000000046566
47.199999999953434
47.5
46.5
46.800000000046566
48.5
54.199999999953434
45.10000000009313
45.199999999953434
45.699999999953434
47.5
59.5
63.70000000006985
51
45.40000000002328
46.89999999990687
45.5
50.70000000006985
50.29999999993015
47.70000000006985
45.79999999993015
44.40000000002328
44.40000000002328
44.90000000002328
46.29999999993015
46.300000000046566
46.199999999953434
49.20000000006985
46
47
49.79999999993015
57
55.20000000006985
45.5
45.09999999997672
44.09999999997672
44.40000000002328
49.199999999953434
45.60000000009313
45.79999999993015
47.90000000002328
47.699999999953434
49.60000000009313
43.79999999993015
44.800000000046566
45
46.09999999997672
45.300000000046566
47.199999999953434
58.09999999997672
43.59999999997672
44.90000000002328
59.20000000006985
52.699999999953434
49.800000000046566
44.39999999990687
47.10000000009313
43.79999999993015
43.90000000002328
46.40000000002328
46.199999999953434
45
44.800000000046566
44.59999999997672
44.800000000046566
46
52.89999999990687
43.20000000006985
44.29999999993015
43.70000000006985
48.59999999997672
62.40000000002328
49.79999999993015
49.60000000009313
56.79999999993015
43.70000000006985
44.199999999953434
48.40000000002328
48.29999999993015
41.90000000002328
43.09999999997672
43.20000000006985
45.29999999993015
45.10000000009313
43.39999999990687
46
50.70000000006985
44.79999999993015
45.20000000006985
48.29999999993015
48.40000000002328
51.800000000046566
56.40000000002328
43.699999999953434
45.40000000002328
45.29999999993015
45.800000000046566
45.40000000002328
44.59999999997672
44.59999999997672
43.40000000002328
46.199999999953434
47.70000000006985
46.5
50.29999999993015
47.60000000009313
45.09999999997672
45.09999999997672
49.699999999953434
44.90000000002328
44.40000000002328
51.09999999997672
45.90000000002328
60.09999999997672
57.40000000002328
45
46.5
45.199999999953434
45
45.800000000046566
60.300000000046566
55.29999999993015
47.5
51.40000000002328
53.09999999997672
49.90000000002328
50.699999999953434
46.60000000009313
50.39999999990687
44.10000000009313
44.5
45.89999999990687
47
45.10000000009313
50.699999999953434
59.199999999953434
44.10000000009313
58.79999999993015
62.09999999997672
54.20000000006985
46
45.699999999953434
46.90000000002328
45.300000000046566
44.29999999993015
45.40000000002328
45.199999999953434
46.60000000009313
59
50.39999999990687
48.800000000046566
43.59999999997672
47.5
45.5
48.300000000046566
62.29999999993015
49.60000000009313
46.09999999997672
46.29999999993015
46.300000000046566
46.90000000002328
47.90000000002328
53.5
45.699999999953434
45.699999999953434
50.90000000002328
43.09999999997672
45.60000000009313
45.29999999993015
48.20000000006985
47.89999999990687
59.5
44.300000000046566
46.699999999953434
48
44.800000000046566
45.59999999997672
47.09999999997672
48.300000000046566
45.300000000046566
44.39999999990687
51.60000000009313
43.29999999993015
51.40000000002328
53.5
58.199999999953434
47.40000000002328
45.300000000046566
49.79999999993015
45.300000000046566
47.40000000002328
45.699999999953434
46.5
44.800000000046566
43.29999999993015
44.300000000046566
45
47
51.40000000002328
50.699999999953434
53
43.90000000002328
45.5
51.800000000046566
44.09999999997672
43.59999999997672
49.800000000046566
44.79999999993015
42.40000000002328
45.699999999953434
51.90000000002328
43.59999999997672
49.60000000009313
43.29999999993015
43.20000000006985
45
42.79999999993015
43.20000000006985
42.5
43.5
44.39999999990687
53.40000000002328
53.300000000046566
64.40000000002328
49.699999999953434
43.199999999953434
45.40000000002328
43.90000000002328
48.59999999997672
44.40000000002328
43.800000000046566
42.79999999993015
43.90000000002328
47.699999999953434
54.5
43.300000000046566
42.800000000046566
42.29999999993015
43.59999999997672
42.10000000009313
43.59999999997672
44.29999999993015
45.300000000046566
44.300000000046566
46.39999999990687
44.60000000009313
45.59999999997672
42.699999999953434
43.5
44.300000000046566
49.59999999997672
42.09999999997672
42.40000000002328
42.699999999953434
46.20000000006985
48
43
45.29999999993015
53.5
41.40000000002328
42
42.90000000002328
51.199999999953434
43.90000000002328
43.90000000002328
42.300000000046566
46.699999999953434
46.199999999953434
43.800000000046566
62.90000000002328
49.09999999997672
44
48.5
42.800000000046566
44.59999999997672
42.79999999993015
43.40000000002328
43.300000000046566
43.90000000002328
44
42.89999999990687
47
46.800000000046566
43.40000000002328
43.90000000002328
44.199999999953434
49.40000000002328
43.90000000002328
41.199999999953434
46.300000000046566
43.5
43.199999999953434
44.300000000046566
46.09999999997672
52.59999999997672
41.800000000046566
44.5
42.5
43.29999999993015
42.90000000002328
43.300000000046566
43.09999999997672
42
48.40000000002328
52.199999999953434
44.90000000002328
49.59999999997672
47
44.300000000046566
43.59999999997672
41.59999999997672
43
64.5
53.5
42.90000000002328
42.699999999953434
46
44.5
47.59999999997672
43.20000000006985
44.09999999997672
42.699999999953434
42.800000000046566
44
54.09999999997672
41.800000000046566
48
43.699999999953434
42.40000000002328
45.699999999953434
51.10000000009313
42.39999999990687
41.300000000046566
42.5
46.300000000046566
48.5
42.699999999953434
46.90000000002328
47.90000000002328
41
41.59999999997672
45.59999999997672
49.699999999953434
43.300000000046566
42.09999999997672
41.90000000002328
41.40000000002328
47.699999999953434
42.09999999997672
48.10000000009313
42
42.5
58.79999999993015
67.59999999997672
55.70000000006985
41.09999999997672
53.5
42.300000000046566
42.89999999990687
42.800000000046566
48.40000000002328
40.79999999993015
43
41.90000000002328
42
44.5
46.90000000002328
41.40000000002328
43.90000000002328
41.59999999997672
42.699999999953434
43.09999999997672
41.800000000046566
41.90000000002328
43.40000000002328
40.39999999990687
42
65.70000000006985
49.199999999953434
51.5
54.90000000002328
43.5
40.800000000046566
46.5
42.39999999990687
41.90000000002328
55.40000000002328
43.5
42.40000000002328
45.09999999997672
45.59999999997672
43.5
49.70000000006985
42.09999999997672
42.79999999993015
42
41.10000000009313
41.199999999953434
43.199999999953434
43.5
48.20000000006985
56.90000000002328
51.79999999993015
40.300000000046566
42.90000000002328
42.09999999997672
63.29999999993015
42.70000000006985
41.09999999997672
42.59999999997672
42
40
43.40000000002328
49.699999999953434
50.20000000006985
42.79999999993015
41.800000000046566
42.09999999997672
41
41.09999999997672
41.90000000002328
42.90000000002328
41.40000000002328
50.40000000002328
42.89999999990687
44.90000000002328
47.300000000046566
44.09999999997672
42.40000000002328
41.5
60.79999999993015
41.90000000002328
41.59999999997672
41.300000000046566
42.300000000046566
42.199999999953434
42.800000000046566
47.29999999993015
50.09999999997672
42.10000000009313
41
42.199999999953434
41.800000000046566
42.09999999997672
42.79999999993015
46.10000000009313
41.09999999997672
41.09999999997672
43.300000000046566
49.199999999953434
48.5
42.59999999997672
44.40000000002328
42.800000000046566
41.09999999997672
41.5
41.40000000002328
41.39999999990687
42.10000000009313
42.59999999997672
41.59999999997672
44.199999999953434
46.800000000046566
41.59999999997672
46.800000000046566
43.699999999953434
42.5
46.70000000006985
41.29999999993015
50.59999999997672
60.20000000006985
57
44.59999999997672
61.90000000002328
50.5
46.699999999953434
63.40000000002328
57.09999999997672
45.59999999997672
42.40000000002328
45.90000000002328
54.800000000046566
42.89999999990687
44.60000000009313
40.699999999953434
44
53.09999999997672
41.300000000046566
53.90000000002328
45.29999999993015
41.40000000002328
42
50.5
43.90000000002328
41.79999999993015
43.70000000006985
42
49.699999999953434
54.5
41.300000000046566
42.5
41.40000000002328
41.79999999993015
58.20000000006985
65.39999999990687
41.20000000006985
44.09999999997672
41.40000000002328
41.90000000002328
44.89999999990687
57.70000000006985
45.79999999993015
41.800000000046566
40.59999999997672
50
42.09999999997672
51.800000000046566
44.59999999997672
42.90000000002328
42.300000000046566
40.79999999993015
43.90000000002328
49.59999999997672
41.59999999997672
42.20000000006985
42
40.40000000002328
40.5
41.39999999990687
50.300000000046566
42.09999999997672
42.40000000002328
41.699999999953434
58.800000000046566
46.5
42.199999999953434
40.60000000009313
48.29999999993015
41.90000000002328
41.199999999953434
41.90000000002328
50.300000000046566
41.5
41.199999999953434
42.300000000046566
44.79999999993015
54.60000000009313
41.39999999990687
39.5
42
40.40000000002328
41.20000000006985
56
46
43.29999999993015
53.5
45.5
63.800000000046566
53.29999999993015
51.90000000002328
42.40000000002328
40.90000000002328
40.29999999993015
40.10000000009313
44.29999999993015
53.09999999997672
42.300000000046566
42
40.59999999997672
45.40000000002328
45.800000000046566
40.89999999990687
41.90000000002328
46.59999999997672
42.5
60.300000000046566
41.800000000046566
40.39999999990687
41
40.5
46.40000000002328
49.70000000006985
53.79999999993015
40.5
40.59999999997672
42.300000000046566
41.59999999997672
41.09999999997672
41.70000000006985
41.199999999953434
42
38.800000000046566
39.5
42.699999999953434
53.20000000006985
44.09999999997672
41
41.09999999997672
40.90000000002328
40.199999999953434
49.59999999997672
41.60000000009313
46.199999999953434
41.199999999953434
40.60000000009313
45.29999999993015
50.300000000046566
40.29999999993015
41.40000000002328
41.90000000002328
40.5
41.59999999997672
40
39.800000000046566
40.699999999953434
40.5
41
45
48.5
40.800000000046566
41.199999999953434
39.09999999997672
40.70000000006985
43.29999999993015
56.10000000009313
43.09999999997672
41.5
39
41.09999999997672
43
52.699999999953434
41.800000000046566
43.5
40.800000000046566
41.199999999953434
38.800000000046566
39.199999999953434
40.09999999997672
42.40000000002328
40.699999999953434
40
42.300000000046566
44.40000000002328
40.29999999993015
39.5
40.5
43.5
40.20000000006985
40.09999999997672
39.199999999953434
40.40000000002328
52.09999999997672
46.5
53.90000000002328
49.59999999997672
40.10000000009313
39.29999999993015
40.5
40.40000000002328
41.90000000002328
51.79999999993015
40.300000000046566
39.699999999953434
41
38.90000000002328
42.300000000046566
44.29999999993015
40.70000000006985
44.5
39.90000000002328
40.5
39.79999999993015
39.70000000006985
39.699999999953434
40.40000000002328
39.90000000002328
41.09999999997672
42.5
45.40000000002328
46.79999999993015
39.40000000002328
39.90000000002328
40.199999999953434
39.800000000046566
40
39.59999999997672
39.5
39.90000000002328
41.699999999953434
48
57.300000000046566
39.79999999993015
46.10000000009313
46.09999999997672
39.09999999997672
40.5
39.90000000002328
39.699999999953434
40.90000000002328
41.40000000002328
37.79999999993015
43.40000000002328
45.5
42.09999999997672
47.60000000009313
39.699999999953434
40.40000000002328
39.5
40.40000000002328
39.5
39.59999999997672
40.09999999997672
45.5
43.40000000002328
47.09999999997672
39.800000000046566
39.59999999997672
40
39.59999999997672
47.800000000046566
41
38
39.09999999997672
40.40000000002328
39.39999999990687
42.20000000006985
46.29999999993015
42.5
46.10000000009313
38.39999999990687
39.800000000046566
40.5
40.300000000046566
39.699999999953434
44.300000000046566
38.699999999953434
39.59999999997672
42.09999999997672
48.90000000002328
40.5
39.59999999997672
40.60000000009313
47.699999999953434
38.40000000002328
39.09999999997672
40.300000000046566
40.5
41.89999999990687
39.90000000002328
42.300000000046566
42.40000000002328
41.29999999993015
40.40000000002328
44.5
40.40000000002328
40.59999999997672
44.09999999997672
39.800000000046566
39.59999999997672
39.800000000046566
40.199999999953434
42.300000000046566
48.29999999993015
45
39.40000000002328
39.800000000046566
38.79999999993015
39
39.90000000002328
39.300000000046566
39.59999999997672
41.29999999993015
39.60000000009313
41.79999999993015
42.59999999997672
42
39.10000000009313
40.29999999993015
46.800000000046566
38.699999999953434
39.800000000046566
39.40000000002328
48.29999999993015
58.40000000002328
57.699999999953434
44.10000000009313
44.89999999990687
39.300000000046566
39.5
42.59999999997672
42.40000000002328
39.699999999953434
40.800000000046566
40.800000000046566
39.5
40
39.79999999993015
44.70000000006985
44.29999999993015
42
59.300000000046566
46.79999999993015
42.300000000046566
39.09999999997672
39.09999999997672
40.20000000006985
39.40000000002328
39.5
38
47.5
45.89999999990687
41
39.5
41.5
40
40.10000000009313
38.79999999993015
39.800000000046566
41.09999999997672
40.199999999953434
40.20000000006985
41.79999999993015
49.60000000009313
38.199999999953434
40.09999999997672
40.5
44.90000000002328
40.800000000046566
44.199999999953434
43
37.90000000002328
39.29999999993015
39.20000000006985
45.79999999993015
51.90000000002328
40.59999999997672
39.40000000002328
38.300000000046566
46.699999999953434
39.800000000046566
40.5
46.40000000002328
41.199999999953434
44.5
47.40000000002328
43.09999999997672
45.40000000002328
39
40.59999999997672
40.59999999997672
43.20000000006985
39.39999999990687
39.90000000002328
40.5
40.300000000046566
39.90000000002328
52.09999999997672
47.29999999993015
47
38
39.20000000006985
40.40000000002328
40.699999999953434
40
39.5
40.90000000002328
38.90000000002328
39.39999999990687
40
47
44.800000000046566
41.59999999997672
40.20000000006985
38
39.199999999953434
48.199999999953434
40.5
40.20000000006985
41.29999999993015
42.10000000009313
38.89999999990687
48.20000000006985
44.5
40.90000000002328
43.79999999993015
43.90000000002328
40.699999999953434
40.5
46.10000000009313
62
42
44.199999999953434
39.90000000002328
42
53.40000000002328
38.59999999997672
39.199999999953434
39.90000000002328
48.699999999953434
40.70000000006985
41.40000000002328
51.89999999990687
38.5
61.40000000002328
38.90000000002328
42.5
48.199999999953434
40.40000000002328
39
47.40000000002328
39.199999999953434
39.20000000006985
42.09999999997672
44.59999999997672
39.90000000002328
40.199999999953434
37.800000000046566
46.5
57.09999999997672
42.40000000002328
39.300000000046566
41.29999999993015
40.40000000002328
40.300000000046566
37.79999999993015
39.09999999997672
40.300000000046566
46.300000000046566
41.29999999993015
42.300000000046566
44.79999999993015
38
39.60000000009313
39.5
40.09999999997672
43.199999999953434
39.40000000002328
39.90000000002328
38.699999999953434
39.20000000006985
40.5
47
44.59999999997672
40
49.59999999997672
38.90000000002328
41.79999999993015
39.10000000009313
39.699999999953434
39.699999999953434
39.300000000046566
57.59999999997672
41.300000000046566
43.90000000002328
42.699999999953434
40.90000000002328
42.79999999993015
45.300000000046566
40.59999999997672
39.59999999997672
37.60000000009313
40.29999999993015
40.90000000002328
39.199999999953434
48.70000000006985
59.09999999997672
42.40000000002328
38.29999999993015
40
39.70000000006985
48.90000000002328
40.199999999953434
38.800000000046566
39.29999999993015
40
41.5
38.90000000002328
50.90000000002328
43.79999999993015
43.300000000046566
40.09999999997672
37.59999999997672
39.20000000006985
46.40000000002328
40.5
39.29999999993015
39.70000000006985
39.29999999993015
38.90000000002328
40.199999999953434
52.40000000002328
39.70000000006985
39.59999999997672
39.79999999993015
40.90000000002328
42
39.20000000006985
44.699999999953434
40.90000000002328
39.79999999993015
39.5
57.800000000046566
62.699999999953434
38.5
39
49.70000000006985
41.40000000002328
40.59999999997672
40.40000000002328
39.59999999997672
38.59999999997672
39.300000000046566
46.89999999990687
42.800000000046566
44.5
40.90000000002328
40.59999999997672
38.90000000002328
38.199999999953434
49.20000000006985
49.89999999990687
40.90000000002328
39.59999999997672
44.10000000009313
38.29999999993015
42.20000000006985
46.5
40.59999999997672
41.5
40.199999999953434
45.800000000046566
41
37.29999999993015
38.90000000002328
39.59999999997672
40.5
40.20000000006985
43.699999999953434
43
39.59999999997672
40.40000000002328
56.20000000006985
40.59999999997672
45.699999999953434
49.40000000002328
45.300000000046566
38.59999999997672
39.699999999953434
41.40000000002328
44
47
39.59999999997672
40.09999999997672
40.60000000009313
37.89999999990687
39.10000000009313
39.09999999997672
39
40.5
41.59999999997672
38.699999999953434
40.800000000046566
53.40000000002328
39.59999999997672
40.199999999953434
39.70000000006985
43.40000000002328
45.79999999993015
46.300000000046566
42
44.199999999953434
39.09999999997672
40.40000000002328
50.59999999997672
51.10000000009313
40.79999999993015
38.70000000006985
39.199999999953434
41.300000000046566
39.09999999997672
39.699999999953434
38.800000000046566
40.40000000002328
38.699999999953434
39.699999999953434
43.60000000009313
49.39999999990687
42.800000000046566
39.300000000046566
50.59999999997672
38.5
40.699999999953434
44.09999999997672
54.20000000006985
39.199999999953434
39.20000000006985
39.29999999993015
57.300000000046566
43.5
39.29999999993015
39.800000000046566
39.59999999997672
40.70000000006985
48.199999999953434
37.59999999997672
39.59999999997672
41.5
39.300000000046566
39.800000000046566
41.39999999990687
43.40000000002328
43.5
38.09999999997672
39
39.60000000009313
41.699999999953434
46.800000000046566
38.79999999993015
39.70000000006985
37.59999999997672
45.199999999953434
42.5
45.09999999997672
39.10000000009313
39.59999999997672
39.699999999953434
43.5
40.5
39
45.300000000046566
38.29999999993015
44.10000000009313
39.29999999993015
46.20000000006985
57
40
46.89999999990687
43.5
39
40.800000000046566
38.59999999997672
40
45.59999999997672
39.20000000006985
38.699999999953434
46.20000000006985
41.79999999993015
39.40000000002328
38
37.699999999953434
39.5
39.60000000009313
38.39999999990687
40.10000000009313
39.699999999953434
41.5
44.59999999997672
47
45.90000000002328
38.90000000002328
39
39.09999999997672
36.800000000046566
38.39999999990687
42.60000000009313
44.79999999993015
39.70000000006985
40.29999999993015
39
43.300000000046566
53.199999999953434
44.59999999997672
40.70000000006985
39.699999999953434
38.59999999997672
39.800000000046566
42.5
38.09999999997672
39.5
40.09999999997672
39.90000000002328
43.90000000002328
52.199999999953434
40
38
38.5
38.800000000046566
39.800000000046566
39.59999999997672
47.09999999997672
39.699999999953434
37.40000000002328
49.300000000046566
50.199999999953434
46
40
45.20000000006985
39.29999999993015
40.20000000006985
38.59999999997672
38.29999999993015
43.90000000002328
39.70000000006985
41.29999999993015
39.5
41
45.09999999997672
53.300000000046566
40.59999999997672
40.09999999997672
39.60000000009313
40.09999999997672
40.59999999997672
46.90000000002328
39.699999999953434
38.59999999997672
38.5
46.300000000046566
43.5
39.5
38.5
39
42.800000000046566
40
39.199999999953434
39.59999999997672
39
38.800000000046566
38.09999999997672
48.699999999953434
47.10000000009313
40.199999999953434
39.199999999953434
39.300000000046566
38.199999999953434
38.5
38.40000000002328
40.5
42
40.300000000046566
39.199999999953434
48.59999999997672
43.300000000046566
38.90000000002328
40
39.09999999997672
39.5
39.300000000046566
44.699999999953434
38.09999999997672
38
38.5
39.09999999997672
43.40000000002328
42
38.09999999997672
39.20000000006985
39.09999999997672
38.59999999997672
38.5
39.300000000046566
39.29999999993015
50.300000000046566
53.40000000002328
37.79999999993015
47.20000000006985
50.199999999953434
42.800000000046566
41.40000000002328
39.5
38
38.199999999953434
38.699999999953434
38.70000000006985
39.199999999953434
47.09999999997672
39
57.70000000006985
47.699999999953434
40
39
39.5
40.20000000006985
38.699999999953434
39.5
39.09999999997672
41.59999999997672
41.300000000046566
45.5
46.5
44
43.09999999997672
38.5
37.70000000006985
39.59999999997672
39.5
38.40000000002328
38.89999999990687
38.60000000009313
37.39999999990687
40.5
45.90000000002328
44.5
39.09999999997672
39.10000000009313
39.199999999953434
38.300000000046566
37.79999999993015
39.40000000002328
50.800000000046566
58.199999999953434
41.199999999953434
39.70000000006985
41.40000000002328
43.59999999997672
39.09999999997672
41.300000000046566
52.39999999990687
39.40000000002328
39.40000000002328
45.699999999953434
38.10000000009313
43.09999999997672
41.79999999993015
38.70000000006985
52.79999999993015
50.60000000009313
39.89999999990687
40
39.10000000009313
39.59999999997672
50.90000000002328
44.699999999953434
40.5
38.5
47
46.699999999953434
43.60000000009313
46.59999999997672
41.699999999953434
40
46.59999999997672
38.800000000046566
42.5
39.09999999997672
39.70000000006985
40
40.39999999990687
39.300000000046566
54
42.09999999997672
38.300000000046566
39.09999999997672
39.199999999953434
44
52.90000000002328
40.70000000006985
47.29999999993015
38.59999999997672
40.20000000006985
48.29999999993015
44.40000000002328
42.800000000046566
39
47.29999999993015
42.60000000009313
39.199999999953434
39.59999999997672
38.90000000002328
40.300000000046566
40.199999999953434
39.40000000002328
38.40000000002328
41.29999999993015
58.09999999997672
39.300000000046566
43.5
39.59999999997672
38.09999999997672
39.300000000046566
46.5
39.09999999997672
39.800000000046566
40.59999999997672
43.09999999997672
48.59999999997672
43.60000000009313
38.39999999990687
39.5
38.70000000006985
39.5
38.90000000002328
38.5
38.39999999990687
39.300000000046566
40.40000000002328
41.699999999953434
43.800000000046566
47.699999999953434
40.09999999997672
37.60000000009313
38.89999999990687
39.5
40.20000000006985
39.40000000002328
38.79999999993015
38.90000000002328
37.59999999997672
42.800000000046566
41.59999999997672
44.40000000002328
39.59999999997672
39.199999999953434
44.300000000046566
47.09999999997672
37
38
46.300000000046566
39.59999999997672
39.800000000046566
44.39999999990687
50.5
42.5
40
40
38.800000000046566
39.59999999997672
39.40000000002328
40.300000000046566
38.59999999997672
41.5
39.699999999953434
39
42.90000000002328
51.300000000046566
39.699999999953434
39.09999999997672
38.40000000002328
46.699999999953434
38.60000000009313
39.79999999993015
40.59999999997672
52.5
53.90000000002328
39.20000000006985
41.5
48.29999999993015
39.90000000002328
38.90000000002328
39.5
38.59999999997672
37.800000000046566
37.59999999997672
43.199999999953434
38.800000000046566
39.79999999993015
39.300000000046566
46.800000000046566
53.5
49.29999999993015
42.90000000002328
38.699999999953434
39.800000000046566
39.09999999997672
43.300000000046566
45.09999999997672
38.40000000002328
39.59999999997672
38.40000000002328
41.199999999953434
51.59999999997672
40.300000000046566
38.5
37.199999999953434
38.40000000002328
38.5
38.5
39.09999999997672
39.5
38.10000000009313
37.29999999993015
40.40000000002328
45.5
40.5
40.300000000046566
40.29999999993015
43.90000000002328
38
38.300000000046566
38.59999999997672
38.40000000002328
39
47.89999999990687
48.90000000002328
41.300000000046566
39.90000000002328
38.89999999990687
39.300000000046566
40
39
39.800000000046566
39.199999999953434
36.90000000002328
38.79999999993015
38.70000000006985
41.59999999997672
54
56.800000000046566
45.09999999997672
37.59999999997672
39.5
48.5
39.90000000002328
42.29999999993015
45.70000000006985
40.29999999993015
37.10000000009313
40.39999999990687
44.20000000006985
39.40000000002328
39.09999999997672
39.79999999993015
38.70000000006985
37.79999999993015
53.800000000046566
38.40000000002328
38.79999999993015
39
38.70000000006985
41.79999999993015
50
40.800000000046566
39.09999999997672
39.70000000006985
38.699999999953434
40.5
40.59999999997672
38.59999999997672
37
38.40000000002328
39.5
44
45.800000000046566
46.699999999953434
40.59999999997672
38.10000000009313
52.89999999990687
38.90000000002328
40.59999999997672
40.40000000002328
39.5
38.800000000046566
44.79999999993015
39.10000000009313
44.29999999993015
38.70000000006985
41.59999999997672
39.40000000002328
38.59999999997672
38.29999999993015
38.300000000046566
38.199999999953434
39.70000000006985
38.79999999993015
39.10000000009313
42.59999999997672
50.79999999993015
38.10000000009313
37.89999999990687
40.90000000002328
52.70000000006985
38.699999999953434
39.5
44
41.199999999953434
39.300000000046566
42.699999999953434
61.40000000002328
44.300000000046566
38.79999999993015
47.70000000006985
37.29999999993015
38.70000000006985
38.09999999997672
39.300000000046566
39.5
38.39999999990687
38.60000000009313
37.39999999990687
57.300000000046566
50
39.5
39.800000000046566
39.29999999993015
39
42
36.70000000006985
37.89999999990687
43.800000000046566
38.90000000002328
39.29999999993015
44.60000000009313
45.89999999990687
36.5
38
56.60000000009313
43.699999999953434
39.300000000046566
39
38.59999999997672
37.5
37.699999999953434
37.40000000002328
44.199999999953434
49.10000000009313
37.79999999993015
39.59999999997672
44.300000000046566
36.59999999997672
38
37.59999999997672
38.60000000009313
38.89999999990687
37.60000000009313
36.699999999953434
48
42.59999999997672
38.09999999997672
38.20000000006985
38.40000000002328
44.09999999997672
42
37.09999999997672
37.59999999997672
43.09999999997672
38
37.90000000002328
47.300000000046566
44.90000000002328
37.5
38.89999999990687
42.10000000009313
44.699999999953434
38.5
39.90000000002328
38
38.09999999997672
39.199999999953434
38.20000000006985
43.09999999997672
42.90000000002328
38.59999999997672
38.40000000002328
40.40000000002328
37.199999999953434
38.5
39
39.300000000046566
38.29999999993015
37.90000000002328
42.59999999997672
38.70000000006985
42.29999999993015
38
38
38.59999999997672
39.20000000006985
38.90000000002328
37.89999999990687
37.800000000046566
37.800000000046566
38.09999999997672
45.59999999997672
52.09999999997672
51.800000000046566
36.40000000002328
48.5
38.199999999953434
38.90000000002328
39.699999999953434
41.300000000046566
40.09999999997672
42.800000000046566
37.29999999993015
37.800000000046566
42.79999999993015
42.90000000002328
38.40000000002328
39.09999999997672
36.20000000006985
37.5
38.39999999990687
40.60000000009313
39.199999999953434
38.300000000046566
43.79999999993015
38
49.800000000046566
42.40000000002328
37.89999999990687
38.70000000006985
38.29999999993015
38.60000000009313
39.29999999993015
36.20000000006985
43
41.699999999953434
39.300000000046566
38.199999999953434
41.40000000002328
43.40000000002328
36.5
37.59999999997672
37.09999999997672
38.699999999953434
38.300000000046566
38.199999999953434
38.70000000006985
37.29999999993015
40
37.5
43.70000000006985
45.5
42.79999999993015
38.90000000002328
63.40000000002328
56.5
46.90000000002328
38.79999999993015
44.60000000009313
41.59999999997672
47.5
37.59999999997672
38.5
41.5
39
38.90000000002328
39.5
39.199999999953434
38.90000000002328
36.59999999997672
50.5
45.800000000046566
41.699999999953434
41.20000000006985
47.79999999993015
41.800000000046566
36.79999999993015
37.70000000006985
38.199999999953434
46
38.300000000046566
38.40000000002328
38
37.199999999953434
42.800000000046566
40
46.89999999990687
50.300000000046566
39
37.699999999953434
38
36.20000000006985
45.09999999997672
49.300000000046566
41.89999999990687
39.10000000009313
43.09999999997672
38.09999999997672
40.5
41.300000000046566
37.59999999997672
37.09999999997672
52.5
45.300000000046566
37.5
36
37.699999999953434
37.800000000046566
39.5
50.699999999953434
41.09999999997672
55.300000000046566
35.79999999993015
37.60000000009313
53.699999999953434
39
38
39.09999999997672
43.20000000006985
38.199999999953434
37.59999999997672
39.20000000006985
44.89999999990687
46.300000000046566
40.40000000002328
37.5
39
37.199999999953434
37.40000000002328
38.40000000002328
38.59999999997672
37.800000000046566
38.5
39.79999999993015
45
41.09999999997672
38.10000000009313
41.5
39.199999999953434
38.59999999997672
50.5
37.59999999997672
38
37.40000000002328
37.90000000002328
38.800000000046566
40.699999999953434
47.199999999953434
40.70000000006985
37.699999999953434
38.59999999997672
39.60000000009313
39.79999999993015
46.800000000046566
52
38.199999999953434
37
37.800000000046566
49.5
48.40000000002328
38.5
38.59999999997672
42.699999999953434
38
46
37.300000000046566
39.79999999993015
39.60000000009313
38.09999999997672
42.09999999997672
38.90000000002328
41.199999999953434
43.59999999997672
43.10000000009313
38.39999999990687
38.800000000046566
45.40000000002328
36.699999999953434
37.300000000046566
38.199999999953434
38.20000000006985
39.199999999953434
42.59999999997672
51.300000000046566
44.59999999997672
37.90000000002328
37.59999999997672
40.800000000046566
43.89999999990687
38.20000000006985
38.79999999993015
38.5
38.10000000009313
38.59999999997672
43.29999999993015
50
57.20000000006985
38.59999999997672
37.90000000002328
44.40000000002328
37.699999999953434
37.800000000046566
41
37.699999999953434
38.300000000046566
44.29999999993015
46.5
41.09999999997672
38.70000000006985
41.29999999993015
40.70000000006985
39.699999999953434
37.300000000046566
38.59999999997672
40.300000000046566
38.79999999993015
39
38.09999999997672
41.60000000009313
43.199999999953434
37.90000000002328
37
42.59999999997672
37.59999999997672
39.09999999997672
39.20000000006985
40.699999999953434
39.300000000046566
38.90000000002328
38.29999999993015
40.09999999997672
46.800000000046566
38.59999999997672
38.5
41
40.59999999997672
41.5
37.20000000006985
39.40000000002328
38.59999999997672
48
47.09999999997672
41.800000000046566
41.09999999997672
38.199999999953434
38.90000000002328
38.40000000002328
38.29999999993015
38.5
50.10000000009313
36.79999999993015
37.70000000006985
37.89999999990687
42.800000000046566
43
51.59999999997672
37.90000000002328
36.40000000002328
44.90000000002328
38.199999999953434
40.199999999953434
39.10000000009313
37.699999999953434
39.5
36.59999999997672
38.5
40.5
45.70000000006985
40.79999999993015
39.20000000006985
43.89999999990687
38.5
36.90000000002328
40.20000000006985
37.5
42.39999999990687
38.60000000009313
37.89999999990687
47.20000000006985
51.5
38.5
68.29999999993015
78.10000000009313
74.09999999997672
72
68.09999999997672
69
70.40000000002328
64.69999999995343
63.90000000002328
65
63.40000000002328
62.699999999953434
61.5
62.800000000046566
61.29999999993015
65.20000000006985
70.90000000002328
61.79999999993015
62.59999999997672
76
64.80000000004657
61.59999999997672
65
63.800000000046566
65
66.40000000002328
60.199999999953434
63.90000000002328
63.40000000002328
64.5
62.5
64.29999999993015
65.5
62.59999999997672
68.20000000006985
63.5
63
64.59999999997672
71.5
65.30000000004657
68.59999999997672
63
61
66.40000000002328
67.09999999997672
57.59999999997672
59.300000000046566
58.5
55.699999999953434
56.59999999997672
59.20000000006985
60.29999999993015
56.40000000002328
58.300000000046566
60.29999999993015
59.59999999997672
56.60000000009313
60.39999999990687
63.800000000046566
59.09999999997672
63.40000000002328
59.800000000046566
62
59.5
58.39999999990687
64.70000000006985
63.40000000002328
58.89999999990687
63.90000000002328
63.40000000002328
56.800000000046566
57
57.39999999990687
58.199999999953434
56.60000000009313
56.39999999990687
57.4000000001397
56.0999999998603
56.200000000186265
57.199999999953434
55.0999999998603
54
63.300000000046566
55.9000000001397
48.0999999998603
46.4000000001397
56
49.699999999953434
49.699999999953434
52.39999999990687
54.9000000001397
46.699999999953434
38.10000000009313
40.5999999998603
54.60000000009313
48.39999999990687
47.10000000009313
60.300000000046566
56.5999999998603
55.4000000001397
57.5
58.299999999813735
59.800000000046566
57
62.300000000046566
63.89999999990687
57.4000000001397
57.199999999953434
60.300000000046566
57.300000000046566
57
58.0999999998603
57.60000000009313
56.5999999998603
56.800000000046566
57.199999999953434
57.9000000001397
58.0999999998603
58.700000000186265
58.5999999998603
58.10000000009313
56.5
58.199999999953434
59.699999999953434
57.60000000009313
57.5999999998603
61.60000000009313
55.699999999953434
58.699999999953434
60.200000000186265
61.199999999953434
57.199999999953434
59.5
56.39999999990687
57.10000000009313
54.800000000046566
56
55.5999999998603
58.60000000009313
56.5
55.699999999953434
59.5
57.300000000046566
56.10000000009313
55.5999999998603
57.699999999953434
57.4000000001397
57.39999999990687
62.9000000001397
57.699999999953434
57.699999999953434
57.89999999990687
56.60000000009313
59.5
58.300000000046566
57.5
57
55.300000000046566
58.0999999998603
57.800000000046566
57.5
57
57.300000000046566
57.39999999990687
56.199999999953434
56.4000000001397
57.5999999998603
57.700000000186265
58
58.39999999990687
61.300000000046566
54.89999999990687
55.699999999953434
56.5
57.10000000009313
56
55.800000000046566
57.800000000046566
58.299999999813735
55.9000000001397
56.5999999998603
57.300000000046566
57
56.300000000046566
58.300000000046566
56.5999999998603
55.60000000009313
58.10000000009313
56.0999999998603
58.10000000009313
58.0999999998603
57.5
62.5
56.4000000001397
56.89999999990687
63.5
57.5
56.5
58.800000000046566
57.89999999990687
57.300000000046566
58.300000000046566
58.89999999990687
60.4000000001397
60.300000000046566
58.39999999990687
58.199999999953434
58.4000000001397
55.799999999813735
58.700000000186265
60.0999999998603
57.5
59.800000000046566
59.89999999990687
65
57.5
58.700000000186265
59.0999999998603
57.300000000046566
59
58.699999999953434
58
58.300000000046566
58.89999999990687
58
60.700000000186265
60.699999999953434
60.39999999990687
57.4000000001397
56
62.39999999990687
58.39999999990687
62
59.60000000009313
58.5
57.60000000009313
63.699999999953434
58.5
68.69999999995343
59.300000000046566
61.0999999998603
57
48.300000000046566
45.699999999953434
47.60000000009313
52.10000000009313
58.299999999813735
53.700000000186265
68.69999999995343
66
63
52.0999999998603
44.4000000001397
45.800000000046566
51.5
56.39999999990687
47
50
62.10000000009313
66.39999999990687
55.89999999990687
56.700000000186265
62.699999999953434
44.199999999953434
45.199999999953434
55.300000000046566
43.199999999953434
56.9000000001397
51.5
49.699999999953434
42.199999999953434
52
44.199999999953434
58.699999999953434
50.9000000001397
59.89999999990687
59.800000000046566
58.89999999990687
44.200000000186265
42.5999999998603
53.5
49.300000000046566
63
61.699999999953434
52.199999999953434
59
49.300000000046566
57.699999999953434
53.300000000046566
51.10000000009313
50.89999999990687
54.4000000001397
47.39999999990687
47.39999999990687
42.10000000009313
38.199999999953434
51.4000000001397
63.199999999953434
55.89999999990687
59.199999999953434
44
49.9000000001397
38.800000000046566
49.699999999953434
59.39999999990687
55.10000000009313
57.5999999998603
43
45.5
54.4000000001397
47.300000000046566
58.39999999990687
63.300000000046566
63.699999999953434
48.5
47.89999999990687
43.700000000186265
47.299999999813735
60.700000000186265
55.799999999813735
39.200000000186265
53.299999999813735
58.300000000046566
43.4000000001397
38.5
38.199999999953434
40.0999999998603
51
38.60000000009313
38.60000000009313
36.699999999953434
37.0999999998603
42.60000000009313
41.800000000046566
43.300000000046566
38.699999999953434
37.699999999953434
37.89999999990687
36.700000000186265
45.5999999998603
37.699999999953434
55.5
57.10000000009313
38.199999999953434
36.800000000046566
36.89999999990687
40.4000000001397
41.5999999998603
38.300000000046566
35.800000000046566
37.10000000009313
46.299999999813735
36.200000000186265
35.89999999990687
41.60000000009313
36.0999999998603
37.300000000046566
40.89999999990687
40.60000000009313
34.60000000009313
35.89999999990687
36.199999999953434
36.699999999953434
35.300000000046566
36.199999999953434
37.700000000186265
41.5999999998603
35.60000000009313
36.5
41.199999999953434
44.300000000046566
37.0999999998603
42.300000000046566
37.199999999953434
35.300000000046566
37.199999999953434
39.300000000046566
49.699999999953434
39.200000000186265
50.5
37.5999999998603
54.5
41.5
36.5
38.9000000001397
41.0999999998603
40.800000000046566
44.5
50.199999999953434
40.800000000046566
42.5
42
42.39999999990687
47.10000000009313
45
37.699999999953434
37.699999999953434
39.200000000186265
38.0999999998603
38.4000000001397
39.5
39.5
40.299999999813735
36.300000000046566
40.699999999953434
46.5
52.10000000009313
38.5
38.300000000046566
41.39999999990687
42.300000000046566
41.5
46.89999999990687
48.700000000186265
40.39999999990687
40
38.39999999990687
38.4000000001397
44.199999999953434
44.39999999990687
38.300000000046566
38.10000000009313
37.39999999990687
38.199999999953434
43.60000000009313
50.39999999990687
44.700000000186265
38.299999999813735
38.300000000046566
43.10000000009313
44.89999999990687
41.9000000001397
36.699999999953434
36.699999999953434
38.300000000046566
37.39999999990687
38.5
37.60000000009313
37.89999999990687
41.10000000009313
39
42.5
42.5
37.5
39.199999999953434
40.300000000046566
37.199999999953434
39.300000000046566
37.89999999990687
44.60000000009313
38.89999999990687
38.4000000001397
41.199999999953434
46.199999999953434
43.800000000046566
37.5999999998603
37.700000000186265
38
38.39999999990687
37.199999999953434
43.699999999953434
37.10000000009313
37.60000000009313
38.199999999953434
38
43.5999999998603
41.4000000001397
37.89999999990687
36
37.5
36.699999999953434
43.700000000186265
37.89999999990687
37.39999999990687
38.9000000001397
36.5999999998603
37.800000000046566
40.199999999953434
50.60000000009313
38.5
37.60000000009313
37.5
35.199999999953434
37.0999999998603
43.4000000001397
39.0999999998603
37.800000000046566
45.199999999953434
43
38.200000000186265
43.0999999998603
37.9000000001397
39.5999999998603
38.300000000046566
37.89999999990687
38.10000000009313
44.800000000046566
36.39999999990687
37.300000000046566
37.300000000046566
42.39999999990687
41.199999999953434
42.5
52.9000000001397
36.699999999953434
38.699999999953434
44.60000000009313
37.89999999990687
37.699999999953434
38.10000000009313
38.199999999953434
36
36.699999999953434
41.4000000001397
42.5
37.89999999990687
37.60000000009313
39.199999999953434
37.39999999990687
47
44.200000000186265
37.5
42.199999999953434
36.800000000046566
37.299999999813735
37.200000000186265
49.299999999813735
38
51.300000000046566
37.4000000001397
36.699999999953434
37.89999999990687
39.300000000046566
35.89999999990687
36.4000000001397
37.39999999990687
43.199999999953434
45
44
37.300000000046566
44.699999999953434
40.700000000186265
36.5
37.89999999990687
42.10000000009313
39
38.5999999998603
36.4000000001397
40.5
53.5999999998603
61.4000000001397
43.39999999990687
44.199999999953434
44.800000000046566
44.800000000046566
41.300000000046566
49.39999999990687
44.5
47.300000000046566
40.5999999998603
45.10000000009313
47.699999999953434
48.5
45.60000000009313
47.699999999953434
48.39999999990687
49.5
38.60000000009313
36.89999999990687
48.10000000009313
40.800000000046566
39
36.89999999990687
39.10000000009313
46.89999999990687
36.60000000009313
38.89999999990687
40.10000000009313
39.199999999953434
37.300000000046566
35.89999999990687
41.5
44.199999999953434
40.5
39.5
39.5
54.5
49.200000000186265
52
39.699999999953434
37.300000000046566
39
40.39999999990687
40
40.60000000009313
44.39999999990687
39.5
41.10000000009313
45.5999999998603
40
38.60000000009313
40.0999999998603
42.300000000046566
42.199999999953434
36.60000000009313
34.10000000009313
37.699999999953434
46.5
38.5999999998603
41.5
46.200000000186265
38.5999999998603
44.699999999953434
36.10000000009313
35.89999999990687
36.800000000046566
36.10000000009313
41.300000000046566
36.199999999953434
40.5999999998603
47.700000000186265
39
41.5
38.5999999998603
38.199999999953434
41.300000000046566
36.9000000001397
37.5
36.5
37.699999999953434
40.199999999953434
38.300000000046566
41.89999999990687
44.699999999953434
46.4000000001397
49.800000000046566
42.89999999990687
41.800000000046566
36.800000000046566
37
36.299999999813735
36.200000000186265
41.0999999998603
36.60000000009313
36.5
41.0999999998603
40.60000000009313
37.60000000009313
35.699999999953434
37
34.800000000046566
36.699999999953434
36.800000000046566
39.5999999998603
40.699999999953434
34
35.700000000186265
39.0999999998603
41.9000000001397
36
35.199999999953434
36.800000000046566
37
33.799999999813735
35.800000000046566
34.9000000001397
36.0999999998603
36
36.4000000001397
40.89999999990687
41.89999999990687
35.5
35.5
37
37.200000000186265
35.5
42.39999999990687
34.699999999953434
34.60000000009313
35.5999999998603
36.10000000009313
43.800000000046566
40.89999999990687
35.5
36.300000000046566
35.10000000009313
34.799999999813735
36.10000000009313
36.10000000009313
35.799999999813735
37.200000000186265
37.199999999953434
34.300000000046566
37
42.39999999990687
37.10000000009313
35.299999999813735
35.60000000009313
40.5
33.800000000046566
36.0999999998603
35.800000000046566
36.300000000046566
37.89999999990687
37.200000000186265
38.799999999813735
38.60000000009313
37.199999999953434
39.800000000046566
37.199999999953434
36
36.699999999953434
36.10000000009313
34.39999999990687
35.300000000046566
36.10000000009313
36.300000000046566
39
43.39999999990687
36.10000000009313
40.39999999990687
35
35.300000000046566
36.89999999990687
36.4000000001397
38.299999999813735
36.4000000001397
35.699999999953434
34.39999999990687
37.4000000001397
43.39999999990687
37.199999999953434
36.200000000186265
36.799999999813735
37
36.9000000001397
36.800000000046566
35.89999999990687
35.89999999990687
36
36.200000000186265
38.199999999953434
43.0999999998603
34.60000000009313
35.300000000046566
36.5
35.199999999953434
36.300000000046566
36.5999999998603
37.300000000046566
35.800000000046566
34.60000000009313
35.699999999953434
38.5
39.300000000046566
35.199999999953434
36.0999999998603
36.5
36.5
36.200000000186265
35.799999999813735
36.60000000009313
37.10000000009313
52
34.799999999813735
39.700000000186265
44.799999999813735
36.4000000001397
36.0999999998603
35.5
36.10000000009313
34
35.60000000009313
35.39999999990687
36.39999999990687
37.5
37.4000000001397
39
39.199999999953434
35.10000000009313
35.699999999953434
37.300000000046566
39.699999999953434
37.39999999990687
35.5
40.699999999953434
34.4000000001397
35.699999999953434
35.89999999990687
40
46.10000000009313
36.39999999990687
34.10000000009313
35.800000000046566
35.5
35.800000000046566
35.5
36.89999999990687
36.89999999990687
37.5
34.4000000001397
38.800000000046566
41.39999999990687
35.800000000046566
38.0999999998603
36.800000000046566
36.300000000046566
33.800000000046566
35.800000000046566
39.799999999813735
36.700000000186265
35.89999999990687
35.199999999953434
39.60000000009313
41.699999999953434
35
37
43.60000000009313
36.5
36.5
35.5999999998603
33.9000000001397
35.5999999998603
34.800000000046566
37.60000000009313
40.299999999813735
40.200000000186265
36.0999999998603
39.199999999953434
36
37.800000000046566
35.10000000009313
36.39999999990687
36.199999999953434
35.800000000046566
35.9000000001397
36.0999999998603
37.699999999953434
41.200000000186265
36.5
36.89999999990687
35.300000000046566
36.0999999998603
33.700000000186265
35.199999999953434
38.5
37.89999999990687
37.300000000046566
36.5
40.699999999953434
43.800000000046566
33.699999999953434
36.60000000009313
37.699999999953434
35.89999999990687
35.60000000009313
34.800000000046566
34.89999999990687
36.699999999953434
36.60000000009313
35.89999999990687
40.60000000009313
41.60000000009313
36.5
35.5
34.5999999998603
35.800000000046566
36.10000000009313
36.799999999813735
36.700000000186265
35.39999999990687
35.199999999953434
35.699999999953434
41.300000000046566
45.800000000046566
36.89999999990687
37
35.60000000009313
37
34.199999999953434
35.699999999953434
36
36.700000000186265
37.89999999990687
42.39999999990687
38
42
37.700000000186265
35.39999999990687
36.699999999953434
36.5
36.60000000009313
36.0999999998603
39.800000000046566
36.5
40.10000000009313
35.5999999998603
39.9000000001397
40.199999999953434
37.39999999990687
39
34.9000000001397
35.39999999990687
37.199999999953434
39.4000000001397
36.0999999998603
36.60000000009313
38.60000000009313
34.89999999990687
39.5
41.60000000009313
36.799999999813735
36.9000000001397
36.300000000046566
37.0999999998603
41.199999999953434
34.200000000186265
35.799999999813735
36.200000000186265
36.5
36.799999999813735
38.700000000186265
40.5
36.0999999998603
35.9000000001397
37.199999999953434
37.5999999998603
42
37.300000000046566
37.199999999953434
34.60000000009313
36.199999999953434
36.9000000001397
38.799999999813735
40.700000000186265
36.5
35.699999999953434
35.300000000046566
35.5
39.699999999953434
36.39999999990687
37.300000000046566
37.60000000009313
37.5
34.299999999813735
39.10000000009313
42.39999999990687
36.800000000046566
39.5
35.5
35.9000000001397
35
34.699999999953434
35.0999999998603
38.60000000009313
36.199999999953434
36.4000000001397
39.199999999953434
47.0999999998603
35.300000000046566
39
36.699999999953434
37.200000000186265
37.0999999998603
36.300000000046566
37.60000000009313
34.5
36.799999999813735
35.700000000186265
39.299999999813735
41.5
36.4000000001397
36.0999999998603
34.4000000001397
36.5999999998603
37.10000000009313
36.60000000009313
36.299999999813735
36
36.800000000046566
40.10000000009313
38.800000000046566
41.5999999998603
35.300000000046566
35.89999999990687
36.300000000046566
35.10000000009313
34.89999999990687
35.199999999953434
36.200000000186265
36.199999999953434
35.89999999990687
35.5
39.10000000009313
40.800000000046566
35.199999999953434
35.699999999953434
35.199999999953434
36.5
36
36.699999999953434
35.700000000186265
34
37.89999999990687
41.10000000009313
38
42.5999999998603
35.699999999953434
35.60000000009313
38
36.10000000009313
35.699999999953434
36.39999999990687
35.60000000009313
37.199999999953434
36
34.60000000009313
38.5
40.39999999990687
38
36.89999999990687
36.60000000009313
35.800000000046566
42
35.5999999998603
36
36.10000000009313
37
35.699999999953434
38.60000000009313
40.0999999998603
35
36.9000000001397
36.800000000046566
37.799999999813735
36
36.300000000046566
38.199999999953434
34.4000000001397
37
36.699999999953434
39.60000000009313
40.5
35.699999999953434
36.0999999998603
39.800000000046566
33.9000000001397
37.0999999998603
35.300000000046566
36.10000000009313
36.0999999998603
35.300000000046566
35
38.199999999953434
40.199999999953434
36.4000000001397
36.39999999990687
37.4000000001397
35.0999999998603
35.800000000046566
33.5
36.60000000009313
35.89999999990687
35.5
36.5
41
40.89999999990687
34.5
34.9000000001397
37.5
40.5999999998603
35.4000000001397
37.5999999998603
36.200000000186265
34.299999999813735
35.800000000046566
36.199999999953434
41.4000000001397
43.199999999953434
41.5
35.199999999953434
34.699999999953434
35.60000000009313
35.10000000009313
38.299999999813735
36.700000000186265
35.89999999990687
36.60000000009313
36.89999999990687
38.60000000009313
41.5999999998603
36.800000000046566
51
37.39999999990687
35.700000000186265
35.89999999990687
33.60000000009313
36.699999999953434
35.699999999953434
35.800000000046566
36.89999999990687
38.5
40.199999999953434
34.5
36.4000000001397
36.39999999990687
35.60000000009313
36.300000000046566
36.699999999953434
35.300000000046566
35.89999999990687
34.800000000046566
37.300000000046566
40.699999999953434
45.699999999953434
36.89999999990687
36.9000000001397
34.5999999998603
36.200000000186265
38.39999999990687
38
36.300000000046566
37.0999999998603
35.800000000046566
37.60000000009313
37.89999999990687
42.300000000046566
36
36.5
36.89999999990687
36.700000000186265
35.5
36.799999999813735
36.60000000009313
35.800000000046566
35.699999999953434
41.39999999990687
41.10000000009313
41.199999999953434
33.60000000009313
35.5999999998603
36.10000000009313
35.89999999990687
37
36.800000000046566
36.300000000046566
36.89999999990687
37
35.800000000046566
39.800000000046566
40.300000000046566
36.5
36.800000000046566
35.39999999990687
33.89999999990687
36.800000000046566
36.10000000009313
35.89999999990687
40
35.5
35
39.10000000009313
39.39999999990687
36.300000000046566
35.800000000046566
35.5
36.0999999998603
35.200000000186265
34.699999999953434
36
35.699999999953434
35.39999999990687
35.800000000046566
40.10000000009313
47.5999999998603
35.800000000046566
36.199999999953434
35.300000000046566
36.9000000001397
35.5
40.5999999998603
36.9000000001397
33.699999999953434
35
35.5999999998603
39.4000000001397
42.199999999953434
36.699999999953434
37.199999999953434
34.800000000046566
35.300000000046566
35.10000000009313
35.5
36.39999999990687
36
35.300000000046566
35.5
36.5999999998603
39.60000000009313
35.60000000009313
35.5
37.0999999998603
42.5
36.300000000046566
35.800000000046566
35.89999999990687
35.300000000046566
35.699999999953434
36.60000000009313
38.699999999953434
40.10000000009313
33.5999999998603
38.60000000009313
35.800000000046566
35.39999999990687
35.5
37.89999999990687
36.4000000001397
37.300000000046566
34.5999999998603
36
38.699999999953434
39.700000000186265
36.5
39.39999999990687
34.10000000009313
35.5999999998603
34.9000000001397
35
35.39999999990687
37.800000000046566
36.5999999998603
35.9000000001397
37
40.800000000046566
35.89999999990687
36.800000000046566
41.300000000046566
36.0999999998603
35
33.9000000001397
35.199999999953434
34.5
35.89999999990687
36
40.4000000001397
44.0999999998603
42
34.60000000009313
35
36.800000000046566
36.199999999953434
36.5
34.39999999990687
34.199999999953434
35.9000000001397
35.5
38.800000000046566
44.5999999998603
35.300000000046566
35.10000000009313
35.699999999953434
34.39999999990687
36
34.800000000046566
35.5
36.800000000046566
37.0999999998603
36.10000000009313
37.199999999953434
38.4000000001397
36
36.89999999990687
40.5
35.39999999990687
34.700000000186265
35.299999999813735
35.200000000186265
34.89999999990687
35.60000000009313
34.799999999813735
41.200000000186265
39.199999999953434
35.0999999998603
34.700000000186265
34.799999999813735
38.9000000001397
35.89999999990687
34.60000000009313
35.300000000046566
35.89999999990687
35.89999999990687
35.5
39.200000000186265
39.799999999813735
34.800000000046566
39.4000000001397
34.699999999953434
34
34.800000000046566
35.39999999990687
35.699999999953434
36.699999999953434
34.700000000186265
35.699999999953434
36.5
39.300000000046566
34.699999999953434
35.5999999998603
35.300000000046566
34.9000000001397
35.5
34.5
33.5999999998603
37.10000000009313
35
36.300000000046566
37.799999999813735
39
39.700000000186265
35.0999999998603
35
34.10000000009313
34.800000000046566
35.0999999998603
35.300000000046566
35.10000000009313
33.299999999813735
35.300000000046566
41
41.60000000009313
36.89999999990687
36.699999999953434
36.300000000046566
35.4000000001397
35.0999999998603
35.300000000046566
36
35.39999999990687
34.800000000046566
35.800000000046566
39
40.199999999953434
35.800000000046566
34
40
35.10000000009313
36.39999999990687
33.39999999990687
35.200000000186265
36.299999999813735
35
35.200000000186265
36.5999999998603
39.300000000046566
34.800000000046566
35.5
35.199999999953434
35.10000000009313
35.199999999953434
35.89999999990687
34.800000000046566
34.199999999953434
33.699999999953434
36.5
38.4000000001397
42.199999999953434
36.39999999990687
39.9000000001397
34.699999999953434
35.699999999953434
35.5
34.699999999953434
35.4000000001397
35.0999999998603
35.10000000009313
35.39999999990687
35.800000000046566
41.4000000001397
36.199999999953434
34.699999999953434
34.800000000046566
35.699999999953434
35.199999999953434
35.5
33.300000000046566
35.89999999990687
35.10000000009313
36.699999999953434
37.4000000001397
41.199999999953434
34.89999999990687
33.4000000001397
39.5
35.39999999990687
34.699999999953434
35.800000000046566
37.10000000009313
38.39999999990687
34.800000000046566
34.5999999998603
37.200000000186265
39.5
34.799999999813735
34.9000000001397
34.699999999953434
35.10000000009313
33.39999999990687
36.10000000009313
35.5
35.799999999813735
36.5
36.60000000009313
41.300000000046566
38.0999999998603
35.10000000009313
36.800000000046566
35.699999999953434
35.300000000046566
35.300000000046566
35.199999999953434
33.800000000046566
34.5999999998603
35
36.5
40.60000000009313
41.300000000046566
37.699999999953434
38.89999999990687
36.199999999953434
35.700000000186265
36.199999999953434
37.0999999998603
36.200000000186265
36.199999999953434
35.300000000046566
33.799999999813735
37.9000000001397
45.199999999953434
35.699999999953434
34.9000000001397
35.199999999953434
33.199999999953434
34.800000000046566
35.39999999990687
35.800000000046566
35.10000000009313
34.799999999813735
35.5
39.200000000186265
38
36
36.299999999813735
36
37.700000000186265
35.5999999998603
35.4000000001397
33.799999999813735
35
35
35.300000000046566
42.60000000009313
39.5999999998603
34.60000000009313
33.800000000046566
35.300000000046566
36.699999999953434
35.5999999998603
35.9000000001397
35.0999999998603
36.300000000046566
34.10000000009313
35.5999999998603
37.4000000001397
40.5
35.199999999953434
35.300000000046566
35.800000000046566
35.0999999998603
34.9000000001397
35.699999999953434
36
38.0999999998603
37.300000000046566
40
40.10000000009313
37.699999999953434
37
35.5
36.39999999990687
35.4000000001397
36
35.5999999998603
34.10000000009313
36.10000000009313
35.39999999990687
36.60000000009313
38.0999999998603
41.10000000009313
37.39999999990687
35.199999999953434
36.60000000009313
35.800000000046566
36
36.0999999998603
35.800000000046566
40.4000000001397
34.89999999990687
37.10000000009313
38
45.799999999813735
36.300000000046566
35.199999999953434
36.300000000046566
35.5
34.60000000009313
36.5
35.5999999998603
35.60000000009313
36.199999999953434
35.9000000001397
38.799999999813735
41.10000000009313
35.199999999953434
36.60000000009313
36.5999999998603
35.800000000046566
36.60000000009313
41
34.199999999953434
36
37.10000000009313
36.39999999990687
39.39999999990687
40.800000000046566
36.199999999953434
36
39
37.10000000009313
35.89999999990687
35.800000000046566
35.5
36.60000000009313
34.89999999990687
34.699999999953434
38.4000000001397
40.5
36.39999999990687
37.4000000001397
35.699999999953434
39.800000000046566
35.0999999998603
36.9000000001397
36.89999999990687
37.39999999990687
35.10000000009313
35.39999999990687
38.200000000186265
37.699999999953434
35.800000000046566
34.699999999953434
35.199999999953434
37.39999999990687
36.700000000186265
36.699999999953434
39.300000000046566
38
36.299999999813735
37.300000000046566
38.199999999953434
43.9000000001397
35.5999999998603
40.200000000186265
34.39999999990687
34.699999999953434
36.199999999953434
35
35.800000000046566
35.300000000046566
36.89999999990687
34.800000000046566
37.9000000001397
44.39999999990687
37.10000000009313
35.89999999990687
35.89999999990687
35.4000000001397
34.300000000046566
35.0999999998603
36.199999999953434
35.800000000046566
35.9000000001397
36
51.5999999998603
44.4000000001397
34.89999999990687
35.699999999953434
36.199999999953434
35.700000000186265
35.39999999990687
35.39999999990687
35.9000000001397
34.699999999953434
35.800000000046566
35.5999999998603
37.5
40.10000000009313
36.39999999990687
35.5
35.200000000186265
37
36.699999999953434
37.5
36.0999999998603
35.800000000046566
35.300000000046566
41.10000000009313
36.5999999998603
46.10000000009313
35.39999999990687
40.5
37
35.5
35.300000000046566
36
36.39999999990687
35.300000000046566
35.5
36.9000000001397
40.5999999998603
40.5
34.199999999953434
36.4000000001397
35.199999999953434
37.89999999990687
35.800000000046566
36.9000000001397
36.299999999813735
34.10000000009313
36.10000000009313
40.5
38.199999999953434
39.89999999990687
35.300000000046566
36.699999999953434
33.699999999953434
34.9000000001397
34.699999999953434
39.89999999990687
36.5
35.5
35.5
34.9000000001397
38.5
39.5999999998603
35.60000000009313
36.5
35.5
38.39999999990687
39.800000000046566
34.4000000001397
35.0999999998603
36.300000000046566
36.10000000009313
36.0999999998603
37.9000000001397
39
34
37.5
36.5999999998603
37
35.9000000001397
35.5999999998603
35.800000000046566
34
36.10000000009313
38.5
42.39999999990687
42.699999999953434
36.4000000001397
35.5999999998603
39.60000000009313
35.5
35.39999999990687
35.699999999953434
35.10000000009313
35.5
35.199999999953434
33.300000000046566
38.60000000009313
39.39999999990687
36.300000000046566
34.800000000046566
36.0999999998603
35.199999999953434
34.700000000186265
34.5
36.39999999990687
34.300000000046566
35.5
35.39999999990687
38
39.300000000046566
34.10000000009313
37.199999999953434
35.300000000046566
35.0999999998603
39.5
34.5
35
34.300000000046566
35.5
35.10000000009313
39.299999999813735
40.200000000186265
34.0999999998603
34.699999999953434
33.4000000001397
34.0999999998603
35.4000000001397
41.0999999998603
35.300000000046566
34.4000000001397
34.799999999813735
35.200000000186265
35.0999999998603
40.10000000009313
36.5
35.39999999990687
35.60000000009313
39.5999999998603
33.5
36.9000000001397
35.699999999953434
34.89999999990687
35
34.200000000186265
37.799999999813735
41.60000000009313
33.39999999990687
34.700000000186265
36
36.39999999990687
36.39999999990687
34.9000000001397
35.39999999990687
35.800000000046566
33
35.89999999990687
39.700000000186265
40.299999999813735
34.800000000046566
36
38.60000000009313
39.39999999990687
37.800000000046566
35.699999999953434
34.60000000009313
35.800000000046566
36
37.699999999953434
35.89999999990687
39
34.9000000001397
35.0999999998603
35.10000000009313
34.699999999953434
35.10000000009313
33.39999999990687
34.5
35.800000000046566
35.5999999998603
35.5
37.300000000046566
39.300000000046566
35
36
35.699999999953434
35.300000000046566
39.800000000046566
35.300000000046566
36.89999999990687
33.300000000046566
34.800000000046566
35.5
41
40.699999999953434
35.199999999953434
36.699999999953434
35.199999999953434
33.60000000009313
35.300000000046566
35.300000000046566
36.5
36.699999999953434
35
34.5999999998603
35.800000000046566
38.199999999953434
35.300000000046566
36.9000000001397
35.299999999813735
39
34.9000000001397
35
34.39999999990687
34.10000000009313
35.0999999998603
34.4000000001397
38.39999999990687
39.5
33.699999999953434
36.300000000046566
35.10000000009313
36
35.5999999998603
38
36.200000000186265
34.699999999953434
33.300000000046566
35.699999999953434
39.300000000046566
41.89999999990687
35
34.60000000009313
34.199999999953434
33.800000000046566
38.799999999813735
35
36.9000000001397
36.5
35.5
35.89999999990687
35.800000000046566
38.89999999990687
35.10000000009313
34.699999999953434
37.10000000009313
37
35.89999999990687
35.800000000046566
33.699999999953434
35
36.60000000009313
38.0999999998603
41
40.5
38.9000000001397
33.39999999990687
34.9000000001397
34.39999999990687
36.10000000009313
35.799999999813735
35.10000000009313
34.39999999990687
33.300000000046566
34.60000000009313
39.300000000046566
40
35.199999999953434
35.800000000046566
34.299999999813735
33.5
35.9000000001397
34.89999999990687
35.5
35.4000000001397
35.199999999953434
35
37.199999999953434
38.60000000009313
36.799999999813735
36.9000000001397
40.199999999953434
35.199999999953434
35.300000000046566
34.10000000009313
36.0999999998603
34.4000000001397
35.199999999953434
34.89999999990687
38.4000000001397
39.299999999813735
34.5
33.5
35.200000000186265
35.39999999990687
36.10000000009313
36.699999999953434
35.800000000046566
35.39999999990687
35.60000000009313
34.5
39.0999999998603
40.60000000009313
35.800000000046566
38.5
35.39999999990687
33
35.10000000009313
36.39999999990687
35.89999999990687
36.5
36.200000000186265
35.199999999953434
37.5999999998603
38.10000000009313
34.5
35.199999999953434
35.5
34.9000000001397
34.89999999990687
36.10000000009313
33.0999999998603
36.4000000001397
35.39999999990687
35.60000000009313
40.5
39.799999999813735
34.5
33.5
40.4000000001397
35.5
35.800000000046566
34.799999999813735
35.60000000009313
35.800000000046566
33.39999999990687
37
37.699999999953434
40.60000000009313
36.60000000009313
35.299999999813735
35.9000000001397
37.199999999953434
34.10000000009313
35.199999999953434
35.199999999953434
35.60000000009313
35.39999999990687
39.300000000046566
36.800000000046566
40.299999999813735
35.60000000009313
36.800000000046566
36
37
35.699999999953434
36.699999999953434
40.800000000046566
35.39999999990687
34.800000000046566
35.699999999953434
39.10000000009313
40.300000000046566
35.800000000046566
37.299999999813735
36.200000000186265
35.5
37.299999999813735
37.60000000009313
36.10000000009313
39.199999999953434
34.199999999953434
34.60000000009313
37.799999999813735
42.300000000046566
35.60000000009313
36
35.5999999998603
36.10000000009313
34.5
34.300000000046566
34.699999999953434
34.60000000009313
36.0999999998603
35.4000000001397
38.5999999998603
39.300000000046566
34.800000000046566
35.199999999953434
40.699999999953434
36.199999999953434
35
37.60000000009313
40
33.300000000046566
34.5999999998603
34.4000000001397
40.5
40.199999999953434
35
35.699999999953434
34.800000000046566
34.10000000009313
35.5
34.5999999998603
34.9000000001397
35.299999999813735
35
34.10000000009313
36.60000000009313
41.5999999998603
36.300000000046566
35.5
37.39999999990687
35.10000000009313
33.89999999990687
35.700000000186265
36.299999999813735
35
40.200000000186265
38.39999999990687
39.89999999990687
39.60000000009313
34.300000000046566
39.300000000046566
34.5
35.5
36.699999999953434
34.699999999953434
33.300000000046566
34.89999999990687
34.10000000009313
35.699999999953434
38.800000000046566
40.89999999990687
35.699999999953434
35.10000000009313
34.89999999990687
34.700000000186265
34.5
36.299999999813735
36.700000000186265
40.5
33.799999999813735
34.700000000186265
37.5999999998603
41.199999999953434
35.60000000009313
38.89999999990687
36.700000000186265
36.299999999813735
33.200000000186265
34.5
34.0999999998603
35.699999999953434
34.60000000009313
35.300000000046566
37.39999999990687
38
34.60000000009313
34.0999999998603
35
34.800000000046566
36.5
35.199999999953434
38.800000000046566
35.60000000009313
36.5
35.0999999998603
40.200000000186265
40.5999999998603
35.300000000046566
35
32.89999999990687
34.9000000001397
34.89999999990687
37.199999999953434
36.200000000186265
35.199999999953434
36.0999999998603
34.800000000046566
37.199999999953434
39.800000000046566
36.199999999953434
36.10000000009313
35.89999999990687
35.300000000046566
35.300000000046566
34.10000000009313
35.699999999953434
36.5
40.89999999990687
36.199999999953434
38.800000000046566
38.5
34.800000000046566
36.300000000046566
37.300000000046566
35.5
37.199999999953434
36.699999999953434
35.39999999990687
33.4000000001397
34.89999999990687
36.300000000046566
40.10000000009313
40.5
35.39999999990687
35.60000000009313
33.0999999998603
35.9000000001397
34.699999999953434
36.5
39.800000000046566
35.199999999953434
37.5
35
40.300000000046566
40.799999999813735
36.60000000009313
35.39999999990687
36.300000000046566
40.9000000001397
35.299999999813735
35.800000000046566
34.800000000046566
36.39999999990687
35.700000000186265
35.0999999998603
38.300000000046566
43.10000000009313
49.799999999813735
37.800000000046566
35.699999999953434
35.10000000009313
35.10000000009313
39.299999999813735
33.700000000186265
34.299999999813735
35.5
34.800000000046566
38.9000000001397
39.0999999998603
36
36.199999999953434
33.800000000046566
35.800000000046566
34.300000000046566
35.800000000046566
36.299999999813735
35.300000000046566
34.9000000001397
34.699999999953434
36.199999999953434
38.89999999990687
34.800000000046566
35.10000000009313
36.199999999953434
36.60000000009313
43.799999999813735
35.60000000009313
34.5
34.699999999953434
34.800000000046566
35.89999999990687
37.4000000001397
38.800000000046566
33.5
34.39999999990687
34.5
35.39999999990687
35
35.5
36
34
35
34.5
39.9000000001397
39.0999999998603
35.200000000186265
34.89999999990687
35
34
35.199999999953434
35.699999999953434
38.200000000186265
34.5999999998603
37.699999999953434
36.4000000001397
38.199999999953434
38.39999999990687
35.4000000001397
35.300000000046566
35.299999999813735
34.60000000009313
34.60000000009313
33.5
34.5
35.699999999953434
35.5
34.89999999990687
40.60000000009313
41
34.89999999990687
34.9000000001397
34.39999999990687
36.89999999990687
36.800000000046566
38.9000000001397
35.299999999813735
33.4000000001397
34.89999999990687
34.5
37.4000000001397
40
36.699999999953434
37.300000000046566
39.89999999990687
34.39999999990687
34.800000000046566
35.9000000001397
35.199999999953434
35.5
34.5999999998603
35.10000000009313
35.699999999953434
38.699999999953434
34.300000000046566
35
35.699999999953434
34.5
36.200000000186265
36.39999999990687
38.10000000009313
34.5999999998603
35.199999999953434
35
36.60000000009313
39.199999999953434
33.300000000046566
35.60000000009313
35.699999999953434
35.300000000046566
37.299999999813735
36.10000000009313
35.89999999990687
35.800000000046566
33.199999999953434
35
40.10000000009313
39.199999999953434
35
35.10000000009313
38.5
33.199999999953434
33.800000000046566
34.5999999998603
35.9000000001397
35.89999999990687
36
35.10000000009313
37.39999999990687
38.699999999953434
34.800000000046566
34.60000000009313
36.39999999990687
35.10000000009313
34.5
33.300000000046566
35.5
34.799999999813735
36.60000000009313
35.699999999953434
40
39
35.10000000009313
34
35.300000000046566
35
38.699999999953434
34.699999999953434
36
33.199999999953434
34.4000000001397
34.0999999998603
38.800000000046566
40.89999999990687
35
36.4000000001397
36
32.89999999990687
35.4000000001397
35.89999999990687
35.39999999990687
34.4000000001397
35.300000000046566
35.39999999990687
35.39999999990687
39.9000000001397
37
36.5999999998603
35.4000000001397
39.199999999953434
34.60000000009313
32.799999999813735
35.300000000046566
34.5
34.60000000009313
34.300000000046566
37.39999999990687
39
34.300000000046566
33.5
33.699999999953434
35.300000000046566
36
35.800000000046566
35.0999999998603
34.10000000009313
33.39999999990687
34.60000000009313
36.800000000046566
41.39999999990687
35.199999999953434
34.5
34.699999999953434
38.4000000001397
32.699999999953434
41.800000000046566
35.800000000046566
34.5
34.89999999990687
35.800000000046566
36.5999999998603
38.700000000186265
35
35.299999999813735
34.700000000186265
34.799999999813735
34.4000000001397
34.5
32.89999999990687
36.300000000046566
35.60000000009313
35.299999999813735
40.10000000009313
39.300000000046566
34.800000000046566
33.39999999990687
36.199999999953434
35.699999999953434
35.200000000186265
35.799999999813735
39.5
35.300000000046566
33.4000000001397
40.0999999998603
40.699999999953434
39.700000000186265
35
35.199999999953434
34.800000000046566
34.0999999998603
34.300000000046566
35.199999999953434
37.5
36.5
34.199999999953434
34.9000000001397
37.5
37.5
35.199999999953434
35.5
35.10000000009313
35
34.799999999813735
34.60000000009313
34.300000000046566
38.89999999990687
35.5
35.199999999953434
37.4000000001397
45.5999999998603
34.800000000046566
36.699999999953434
35.5
34.300000000046566
34.800000000046566
34.300000000046566
35.699999999953434
35.300000000046566
33.699999999953434
35
36.89999999990687
41.10000000009313
35.300000000046566
35.199999999953434
34.699999999953434
41
34.60000000009313
36
36.199999999953434
35.300000000046566
35.89999999990687
35.300000000046566
36.800000000046566
37.199999999953434
34.300000000046566
36.0999999998603
35.9000000001397
34.39999999990687
34.699999999953434
36.9000000001397
33.89999999990687
35.60000000009313
35.199999999953434
36.5
39.300000000046566
41.89999999990687
35.300000000046566
34.5
33.39999999990687
34
35.300000000046566
39.10000000009313
35.5999999998603
36.60000000009313
33.39999999990687
35.200000000186265
36.699999999953434
42.199999999953434
35.39999999990687
36.5
35.9000000001397
34.5
33.300000000046566
35.799999999813735
34.200000000186265
35.199999999953434
35
38.300000000046566
38.0999999998603
37.300000000046566
35.699999999953434
33.5
34.4000000001397
35.89999999990687
39.5
34.300000000046566
34.0999999998603
35
35.10000000009313
34.39999999990687
38.4000000001397
40.0999999998603
42.200000000186265
35.299999999813735
34.9000000001397
34.0999999998603
34.10000000009313
34.39999999990687
34.700000000186265
34.699999999953434
34.5999999998603
33
37.200000000186265
41.0999999998603
35
37.5
34.10000000009313
35.39999999990687
33.5
38.800000000046566
34.699999999953434
35.10000000009313
34.39999999990687
34.5
36.60000000009313
37
33.800000000046566
35.39999999990687
34.39999999990687
36.700000000186265
35.699999999953434
34.5
35.199999999953434
32.60000000009313
35.299999999813735
35.9000000001397
37
39.0999999998603
34.200000000186265
38.5
33.5999999998603
34.10000000009313
35.199999999953434
34.89999999990687
48.4000000001397
36.5
35.0999999998603
33.200000000186265
36
40.699999999953434
35.800000000046566
34.5
35.699999999953434
35.39999999990687
33.60000000009313
33.89999999990687
34.10000000009313
34.300000000046566
36.0999999998603
37.10000000009313
39.89999999990687
38.9000000001397
33.0999999998603
36
34.300000000046566
38.89999999990687
33.700000000186265
35
32.89999999990687
35.199999999953434
34.699999999953434
34.4000000001397
43.5999999998603
40.4000000001397
35.800000000046566
35.199999999953434
33.199999999953434
35.10000000009313
35.199999999953434
35.800000000046566
36
34.5
35.5
32.699999999953434
37.0999999998603
38.10000000009313
36.39999999990687
35.5
40.300000000046566
35.60000000009313
32.699999999953434
34.800000000046566
34.699999999953434
34.699999999953434
34.60000000009313
34
37.0999999998603
38.5
33.300000000046566
35.800000000046566
37
35.199999999953434
34.10000000009313
35.5
35.699999999953434
32.89999999990687
35.4000000001397
35.0999999998603
38.60000000009313
39
34.5
35.10000000009313
38.0999999998603
35
36.199999999953434
34.200000000186265
37.299999999813735
36
35.700000000186265
33.39999999990687
38.5
39.10000000009313
35.0999999998603
34.4000000001397
34.699999999953434
34.800000000046566
34.199999999953434
33.300000000046566
35.5
44.299999999813735
35.60000000009313
35.39999999990687
38.9000000001397
40
33.89999999990687
34.199999999953434
34
35.4000000001397
35
38.39999999990687
34.60000000009313
32.89999999990687
34.4000000001397
33.89999999990687
37.10000000009313
39.5999999998603
35.4000000001397
35.5
34.5999999998603
34.800000000046566
35.10000000009313
34.5
34.89999999990687
35
35
34.89999999990687
36.60000000009313
44.10000000009313
35.39999999990687
35.300000000046566
34.5999999998603
34.200000000186265
35.5
34.5999999998603
38.60000000009313
34.0999999998603
35.5
34.5
38.5
45.60000000009313
32.699999999953434
36.4000000001397
35.39999999990687
35.10000000009313
34.5
35
35.299999999813735
34.10000000009313
34.39999999990687
34.10000000009313
41.300000000046566
39.89999999990687
34.4000000001397
35.89999999990687
38
35.699999999953434
34.800000000046566
34
34.699999999953434
34.5
34.300000000046566
34.300000000046566
36.300000000046566
38.89999999990687
34
34.800000000046566
34.699999999953434
35.699999999953434
35.800000000046566
33.699999999953434
34.800000000046566
35.300000000046566
35.39999999990687
34.9000000001397
37.699999999953434
39.199999999953434
34.10000000009313
34.0999999998603
34.800000000046566
36.10000000009313
39
35.199999999953434
34.800000000046566
33.39999999990687
39.300000000046566
34.5
37.699999999953434
41.699999999953434
35.300000000046566
35.89999999990687
34.4000000001397
33.699999999953434
34.800000000046566
34.0999999998603
34.200000000186265
35.199999999953434
34.89999999990687
36.5
39.5
40.199999999953434
35.300000000046566
35.10000000009313
34.699999999953434
39.10000000009313
33.699999999953434
33.0999999998603
35.300000000046566
36.300000000046566
34.60000000009313
34.299999999813735
37
38.300000000046566
49.10000000009313
35
34.39999999990687
34.4000000001397
35.89999999990687
36.39999999990687
34.800000000046566
34
33.5
34.5
39.60000000009313
39.89999999990687
34.800000000046566
35.89999999990687
36.200000000186265
34.699999999953434
37.89999999990687
34.300000000046566
34.89999999990687
34.4000000001397
34.39999999990687
35.4000000001397
36.799999999813735
39.10000000009313
35
35.699999999953434
36.300000000046566
35.300000000046566
38.0999999998603
34.800000000046566
33.699999999953434
34.9000000001397
34.800000000046566
34.5
37
38.799999999813735
38.60000000009313
32.89999999990687
35.5
35.9000000001397
35.39999999990687
36.199999999953434
36.200000000186265
34.299999999813735
33.9000000001397
33.89999999990687
39.199999999953434
39.200000000186265
34.5999999998603
34.60000000009313
34.300000000046566
33.5999999998603
39.800000000046566
58.800000000046566
41.39999999990687
40.199999999953434
41.300000000046566
37.300000000046566
41.10000000009313
39.799999999813735
34.800000000046566
34.10000000009313
39.199999999953434
34.300000000046566
34.699999999953434
33.10000000009313
35
35.39999999990687
35.699999999953434
35.10000000009313
37.39999999990687
43.10000000009313
34.800000000046566
33.199999999953434
34.800000000046566
33.5999999998603
34.60000000009313
34.199999999953434
34.89999999990687
35.60000000009313
32.800000000046566
34.39999999990687
37.5
40.699999999953434
37.60000000009313
38.800000000046566
34
34.5999999998603
36
34.60000000009313
34.39999999990687
34
34.800000000046566
34.5
35.699999999953434
40.5
35.700000000186265
35.199999999953434
36.5999999998603
35.200000000186265
34.39999999990687
34.5
33.10000000009313
35.5999999998603
35.9000000001397
36.699999999953434
36.5999999998603
38.9000000001397
34
33.199999999953434
37.300000000046566
34.199999999953434
35.800000000046566
41.39999999990687
35.5
34
33.10000000009313
34
37.800000000046566
39.0999999998603
34.800000000046566
35.699999999953434
34.800000000046566
34.10000000009313
33.299999999813735
35.10000000009313
35.300000000046566
35
36.199999999953434
36.300000000046566
42.800000000046566
38.0999999998603
34.10000000009313
36.5
34.800000000046566
35.799999999813735
34.9000000001397
35.199999999953434
34
34.60000000009313
33.89999999990687
41.39999999990687
39.800000000046566
39.9000000001397
34.299999999813735
33.60000000009313
35.199999999953434
34.9000000001397
34.5999999998603
34.5
35.4000000001397
34.5
35.39999999990687
35
38.5
42.5
41.39999999990687
34.5
35.300000000046566
33.4000000001397
34.5
35.799999999813735
34.200000000186265
35
34.799999999813735
35.800000000046566
36.4000000001397
37.5999999998603
35.60000000009313
36.199999999953434
36.10000000009313
36.0999999998603
34.800000000046566
34.39999999990687
32.800000000046566
35.5
34.699999999953434
35.700000000186265
37.199999999953434
43.199999999953434
34.39999999990687
38
34.200000000186265
34.199999999953434
35.0999999998603
37.60000000009313
34.39999999990687
35.4000000001397
33.300000000046566
34.799999999813735
36.800000000046566
40
34.699999999953434
35.5
36
34.800000000046566
34.300000000046566
36.39999999990687
35.300000000046566
35.60000000009313
36.0999999998603
35.9000000001397
37.300000000046566
37.199999999953434
39.699999999953434
35.89999999990687
35.10000000009313
34.5
36.10000000009313
35.299999999813735
33.200000000186265
34.699999999953434
34.300000000046566
35.799999999813735
38.9000000001397
42.39999999990687
35.5
34.10000000009313
33
35.5999999998603
35.300000000046566
35.60000000009313
36.199999999953434
35.800000000046566
39.199999999953434
36.10000000009313
37.699999999953434
41.300000000046566
35.0999999998603
35.199999999953434
35.10000000009313
33.699999999953434
33
34.5
34.5
34.800000000046566
34.10000000009313
34.299999999813735
37
37.9000000001397
33.800000000046566
35.0999999998603
35.5
36.5
35.5
36.5
35.10000000009313
32.699999999953434
34.199999999953434
35
43.699999999953434
39.200000000186265
34.5
35.5
34.5
34.699999999953434
34.800000000046566
35.5999999998603
36.199999999953434
35.4000000001397
35.39999999990687
33.4000000001397
37.699999999953434
41.199999999953434
34.39999999990687
37.10000000009313
34.10000000009313
35.199999999953434
33.300000000046566
33.5999999998603
34.9000000001397
35.5
35.0999999998603
39
37.9000000001397
38.5
34.39999999990687
34.89999999990687
35.4000000001397
35.800000000046566
34.199999999953434
35.5
37.39999999990687
35.5
34.10000000009313
35
36.800000000046566
41.39999999990687
35.199999999953434
34.9000000001397
33.89999999990687
35.800000000046566
35.39999999990687
35.5
34.699999999953434
35.200000000186265
35.199999999953434
34
41.89999999990687
39.800000000046566
35.39999999990687
35.10000000009313
34.199999999953434
34.5
33.60000000009313
36.699999999953434
35.300000000046566
34.39999999990687
34.699999999953434
34.700000000186265
46.5999999998603
41.10000000009313
33.0999999998603
36
35.300000000046566
35.199999999953434
35.800000000046566
41.300000000046566
39.199999999953434
33.5
36.4000000001397
36.699999999953434
39.89999999990687
40
35.60000000009313
35.300000000046566
33.5999999998603
33.800000000046566
34.300000000046566
35.0999999998603
34.4000000001397
35.199999999953434
36
34.39999999990687
37.300000000046566
38.9000000001397
35.5
35.5
38.299999999813735
35.200000000186265
34
33.0999999998603
34.9000000001397
35.199999999953434
39.300000000046566
35.89999999990687
37.800000000046566
37.39999999990687
36.10000000009313
35.300000000046566
35.199999999953434
35.300000000046566
36.199999999953434
34.5999999998603
35.800000000046566
33.699999999953434
34.4000000001397
34.5
40.0999999998603
38.800000000046566
34.9000000001397
34.5999999998603
33.5
35.5
34.60000000009313
34.89999999990687
35.10000000009313
45.0999999998603
34.4000000001397
33.800000000046566
38
42.0999999998603
36
34.800000000046566
34.5
35
34.199999999953434
35.699999999953434
34.700000000186265
34.5
34.699999999953434
34.300000000046566
37.89999999990687
38.60000000009313
35
35.199999999953434
34.699999999953434
35.300000000046566
36.300000000046566
34.89999999990687
34.60000000009313
32.5999999998603
40
35.300000000046566
38.39999999990687
45.800000000046566
35.699999999953434
34.200000000186265
32.799999999813735
35
35
34.4000000001397
35.800000000046566
35.39999999990687
36.199999999953434
36.10000000009313
36.5999999998603
38.700000000186265
35.5
36.5999999998603
35.300000000046566
35.800000000046566
39.0999999998603
33
34.300000000046566
34.300000000046566
34.60000000009313
35
36.699999999953434
38.39999999990687
33
34.60000000009313
34.300000000046566
37.799999999813735
36.200000000186265
34.199999999953434
34.5999999998603
33
35.5
34.300000000046566
38.199999999953434
41.200000000186265
35.89999999990687
34.699999999953434
34.4000000001397
33.199999999953434
35.89999999990687
35.4000000001397
41.299999999813735
36.200000000186265
34.5999999998603
33.199999999953434
36.5
38.200000000186265
34.39999999990687
34.699999999953434
35.800000000046566
34.10000000009313
35.299999999813735
33
35.4000000001397
34.5999999998603
39.300000000046566
36.800000000046566
37.39999999990687
42.200000000186265
33.299999999813735
36.800000000046566
34.5
35
35.60000000009313
38.199999999953434
34.699999999953434
33.4000000001397
35.0999999998603
34.60000000009313
39.199999999953434
41.10000000009313
34.299999999813735
34.800000000046566
33.300000000046566
34.10000000009313
35.799999999813735
34.200000000186265
34.5
35
34.89999999990687
34
35.699999999953434
38.699999999953434
40.4000000001397
36.39999999990687
35.300000000046566
35.10000000009313
35
33.39999999990687
38.300000000046566
35.39999999990687
40.4000000001397
36.799999999813735
40.4000000001397
39.39999999990687
33
34.4000000001397
34.699999999953434
36.199999999953434
36.199999999953434
35.5
34.300000000046566
34
33
34.60000000009313
38.0999999998603
42.199999999953434
35.200000000186265
35.199999999953434
38.800000000046566
34
37.799999999813735
34.200000000186265
36
34.5999999998603
35
34.300000000046566
37.5
39.199999999953434
34.4000000001397
35
34.5
35
34.799999999813735
34.10000000009313
35.800000000046566
37.300000000046566
36.0999999998603
35.5
37.5
41.800000000046566
34.300000000046566
34
34
35
38.89999999990687
34.60000000009313
34.89999999990687
33
34.4000000001397
50.5999999998603
40.9000000001397
40
36.299999999813735
35.10000000009313
35.60000000009313
34.5
35.5
35
36.199999999953434
34.699999999953434
34.5
34.699999999953434
35.800000000046566
39.800000000046566
34.5999999998603
34.800000000046566
35.4000000001397
40.39999999990687
35.60000000009313
33.299999999813735
34.60000000009313
34.199999999953434
34.9000000001397
34.5999999998603
36.60000000009313
38.5
32.89999999990687
38
34.699999999953434
34.9000000001397
35.300000000046566
35.799999999813735
34.300000000046566
34.800000000046566
34.199999999953434
35.9000000001397
39.0999999998603
41.800000000046566
35.800000000046566
35.0999999998603
35.60000000009313
35.39999999990687
38.200000000186265
34.5
34.39999999990687
35
36.10000000009313
35.0999999998603
38.10000000009313
38.199999999953434
34.60000000009313
35.799999999813735
34.9000000001397
34.199999999953434
34.39999999990687
37.4000000001397
33.300000000046566
34.5
34.0999999998603
36
37.800000000046566
38.800000000046566
40.199999999953434
33.5
34.699999999953434
34.10000000009313
34.0999999998603
35.4000000001397
35.89999999990687
37.10000000009313
33.5999999998603
34.60000000009313
38.699999999953434
41.60000000009313
34.800000000046566
34.799999999813735
35.4000000001397
33.5
35.800000000046566
34.5
35.0999999998603
35
34.699999999953434
34.60000000009313
39.89999999990687
39.9000000001397
34.89999999990687
35.300000000046566
39.800000000046566
34.0999999998603
35
33.5
34.300000000046566
34.60000000009313
34.199999999953434
34.39999999990687
39.9000000001397
38.5999999998603
35.60000000009313
34.5
34.89999999990687
34.5
34.700000000186265
34.39999999990687
34.199999999953434
35.300000000046566
34.199999999953434
34.699999999953434
36.60000000009313
39.699999999953434
34.9000000001397
38.89999999990687
37.39999999990687
35.60000000009313
34.10000000009313
34
34.699999999953434
35.5
36.300000000046566
34.5999999998603
36.60000000009313
38.5999999998603
34.60000000009313
34.5
35
35.10000000009313
35.799999999813735
34.300000000046566
33.10000000009313
35.89999999990687
35.199999999953434
35.300000000046566
37.800000000046566
39.10000000009313
35.299999999813735
34.10000000009313
38.800000000046566
34.199999999953434
35.300000000046566
34.89999999990687
35.199999999953434
40.800000000046566
42.4000000001397
34.89999999990687
38
40.800000000046566
35.5999999998603
35.4000000001397
35.199999999953434
35.10000000009313
35.39999999990687
36.39999999990687
34.800000000046566
34.800000000046566
35.300000000046566
35.300000000046566
41.199999999953434
36.89999999990687
35.4000000001397
34.5999999998603
36.199999999953434
35.800000000046566
35.199999999953434
36
33.800000000046566
34.5
33.800000000046566
36
39.89999999990687
45.60000000009313
35.39999999990687
33.800000000046566
35.9000000001397
35.199999999953434
36.699999999953434
34
35.60000000009313
34.199999999953434
35.300000000046566
33.5999999998603
37.300000000046566
40.89999999990687
39.700000000186265
34.89999999990687
35.5
34.39999999990687
34.9000000001397
34.0999999998603
34.800000000046566
35
34.800000000046566
34.800000000046566
36.300000000046566
37.699999999953434
35.300000000046566
36.0999999998603
35.10000000009313
37.5
34.5999999998603
34.9000000001397
32.800000000046566
35.5
35
34.699999999953434
39.699999999953434
44.10000000009313
34
33.5
36.299999999813735
34.4000000001397
35.89999999990687
36
34.699999999953434
34.800000000046566
34.5
32.800000000046566
36.300000000046566
42.300000000046566
35.199999999953434
34.699999999953434
34.800000000046566
34.39999999990687
33.4000000001397
35.0999999998603
34.5
36.300000000046566
39.300000000046566
36.0999999998603
37.300000000046566
42.4000000001397
34.5
34.39999999990687
34.699999999953434
34.5
35.199999999953434
35.300000000046566
33.5
36.10000000009313
36.5
35.300000000046566
37.699999999953434
39.199999999953434
35.60000000009313
35
33.699999999953434
34.699999999953434
34.39999999990687
34.800000000046566
35.10000000009313
34.199999999953434
34.5
38.800000000046566
41.39999999990687
38.699999999953434
43.300000000046566
40.300000000046566
35.5
34.300000000046566
32.39999999990687
35.10000000009313
34.199999999953434
34.699999999953434
34.699999999953434
34.4000000001397
36.699999999953434
37.39999999990687
35.800000000046566
36
36.5
35.10000000009313
35
34.699999999953434
34.89999999990687
33.60000000009313
34.60000000009313
35.5
37.199999999953434
40.800000000046566
38.199999999953434
33
34.300000000046566
34.799999999813735
37.300000000046566
36.5
34.699999999953434
36.5
36.200000000186265
33.799999999813735
36.800000000046566
38.699999999953434
35.10000000009313
36.199999999953434
34.300000000046566
34.89999999990687
34
35
35.5
36.4000000001397
35.5999999998603
35
37.60000000009313
43
33.199999999953434
33.4000000001397
34.699999999953434
34.699999999953434
35
34.699999999953434
35
33.4000000001397
34.5
39.5999999998603
39.800000000046566
41.300000000046566
35.39999999990687
34.5
33.5
34
35.800000000046566
35.60000000009313
35.0999999998603
35.10000000009313
34.199999999953434
35.199999999953434
35.60000000009313
38.800000000046566
35.39999999990687
39.89999999990687
34.800000000046566
34.60000000009313
32.89999999990687
36.199999999953434
35.4000000001397
34.300000000046566
35
35.39999999990687
39.60000000009313
41.299999999813735
34.800000000046566
47.800000000046566
35.5
37.60000000009313
36.5999999998603
36
34.9000000001397
33.5
35.699999999953434
35.5
39.89999999990687
38.9000000001397
41.0999999998603
36
34
35.300000000046566
34.699999999953434
35.9000000001397
35.199999999953434
34.39999999990687
34.300000000046566
33.60000000009313
36.799999999813735
39.10000000009313
35.800000000046566
35.300000000046566
35.39999999990687
34.5
35.300000000046566
36
35.5999999998603
34.9000000001397
35.89999999990687
35.4000000001397
40.39999999990687
38.699999999953434
33.699999999953434
39.10000000009313
34.699999999953434
34.9000000001397
41.799999999813735
35
34.10000000009313
34.5
35.800000000046566
34.5999999998603
39.60000000009313
40.60000000009313
35.799999999813735
34.200000000186265
33.39999999990687
35.5
34.300000000046566
35.699999999953434
34.39999999990687
34.800000000046566
34.699999999953434
40.700000000186265
35.89999999990687
40.199999999953434
35.199999999953434
35.60000000009313
36.300000000046566
36.300000000046566
36.299999999813735
33.700000000186265
34.5
35
35.699999999953434
35.300000000046566
37.199999999953434
39.699999999953434
33.60000000009313
35.199999999953434
35.39999999990687
35.300000000046566
35.800000000046566
34.89999999990687
34.699999999953434
34.200000000186265
34.39999999990687
36
38.699999999953434
45.5
35.10000000009313
37.39999999990687
33.60000000009313
34.199999999953434
34.800000000046566
34.699999999953434
34.89999999990687
35
36.5
34.700000000186265
37.39999999990687
39.199999999953434
35.699999999953434
36.10000000009313
35
35.39999999990687
34.5
32.800000000046566
34
33.9000000001397
35
34.699999999953434
41.300000000046566
40.5
38.199999999953434
34.0999999998603
34.800000000046566
35
35.4000000001397
35.5
38.5
36.299999999813735
33.9000000001397
34.5
39.39999999990687
38.800000000046566
36.10000000009313
35.299999999813735
34.200000000186265
33.39999999990687
36.39999999990687
34.700000000186265
34.699999999953434
34.5999999998603
34.300000000046566
35.800000000046566
37.39999999990687
42.800000000046566
33.699999999953434
35.300000000046566
34.5
35.4000000001397
35
33.5999999998603
34.699999999953434
34.10000000009313
35
34.10000000009313
37
40.299999999813735
34.800000000046566
34.300000000046566
35
35.699999999953434
35.199999999953434
35.10000000009313
35.199999999953434
38
33.60000000009313
35.300000000046566
38
40.5999999998603
35.10000000009313
35.199999999953434
34.800000000046566
33.199999999953434
34.39999999990687
33.5
35.4000000001397
35.0999999998603
35.4000000001397
36
36.39999999990687
39.10000000009313
34.199999999953434
35.699999999953434
34.9000000001397
36.699999999953434
37.89999999990687
34.4000000001397
33.299999999813735
34.5
35.300000000046566
37.9000000001397
39
38.5
34.799999999813735
35.5
34.10000000009313
35.199999999953434
34.60000000009313
35
34.5999999998603
34.5
32.4000000001397
35.300000000046566
39.89999999990687
40.800000000046566
35.300000000046566
34.299999999813735
34.9000000001397
34.199999999953434
36.39999999990687
36.300000000046566
36.60000000009313
36.199999999953434
44.39999999990687
34.9000000001397
35.5999999998603
42.10000000009313
34.699999999953434
34.5
35.10000000009313
34.89999999990687
34.300000000046566
34.60000000009313
35.89999999990687
34.10000000009313
35.199999999953434
34.39999999990687
39
42.300000000046566
34.39999999990687
33.10000000009313
35.300000000046566
35.0999999998603
35.700000000186265
34.5999999998603
35.10000000009313
34.800000000046566
33.5
38.699999999953434
38.5
42.0999999998603
37.300000000046566
35.10000000009313
35.5
33.800000000046566
34.0999999998603
34.199999999953434
34.4000000001397
34.5999999998603
34.200000000186265
35.699999999953434
36.800000000046566
38.39999999990687
34.800000000046566
34
35.39999999990687
34
34.9000000001397
37.5999999998603
33.5
34.10000000009313
35.699999999953434
35
38
39.5
34
33.199999999953434
34.800000000046566
35.10000000009313
34.5
38.89999999990687
35.800000000046566
33.699999999953434
33.300000000046566
34.89999999990687
36.60000000009313
41.699999999953434
36.39999999990687
34.800000000046566
36
34.5
33
39.199999999953434
34.4000000001397
39.5
34.89999999990687
34.4000000001397
36.89999999990687
37
34.800000000046566
33.89999999990687
34.60000000009313
35.699999999953434
35
35
32.89999999990687
36.200000000186265
35.0999999998603
35.300000000046566
39.699999999953434
38.9000000001397
35.0999999998603
33.199999999953434
34.800000000046566
36
34.699999999953434
35.4000000001397
39.39999999990687
34.60000000009313
32.800000000046566
35
37.799999999813735
39.700000000186265
43.199999999953434
34.699999999953434
33.800000000046566
34.39999999990687
32.5
34
34
34.800000000046566
34.10000000009313
33.699999999953434
37
37.5
34.5999999998603
36
39
35.4000000001397
35
35.0999999998603
38.800000000046566
32.4000000001397
34.199999999953434
35
37.39999999990687
38.5
35.5
34.5
34.300000000046566
34.5
34.5
36.300000000046566
34
34.89999999990687
35
32.60000000009313
36.300000000046566
39.89999999990687
34.39999999990687
35.200000000186265
34.699999999953434
36
33.300000000046566
34.5
35.39999999990687
39.800000000046566
40.699999999953434
34.5
37.699999999953434
36.699999999953434
34.800000000046566
35.199999999953434
35.300000000046566
36.10000000009313
34.5999999998603
34.700000000186265
32.699999999953434
34.199999999953434
33.800000000046566
35.0999999998603
38.4000000001397
39
34.800000000046566
34.699999999953434
33.5999999998603
34.9000000001397
34.0999999998603
35.200000000186265
34.699999999953434
38.0999999998603
32.9000000001397
34.5
37.5
40.300000000046566
38.799999999813735
36
35.300000000046566
34.10000000009313
33.199999999953434
34.39999999990687
33.800000000046566
35
35.199999999953434
35.5
37.300000000046566
38.9000000001397
32.799999999813735
35.9000000001397
35
35.5
36
34.699999999953434
38.699999999953434
32.5
35.199999999953434
34.10000000009313
38.5
38.199999999953434
35.800000000046566
34.39999999990687
32.300000000046566
34.60000000009313
34.5
36.300000000046566
34.39999999990687
36.89999999990687
34.9000000001397
33.199999999953434
36.699999999953434
39.9000000001397
35.299999999813735
34.9000000001397
34.699999999953434
35.300000000046566
34.39999999990687
32.699999999953434
35.200000000186265
34.799999999813735
39.10000000009313
34.39999999990687
41.200000000186265
37.39999999990687
34.60000000009313
34.799999999813735
34.9000000001397
34.0999999998603
34.5
34.4000000001397
35
33.800000000046566
34.5
34.299999999813735
42.200000000186265
41.699999999953434
35
35.300000000046566
32.89999999990687
33.89999999990687
35.200000000186265
35.299999999813735
35.9000000001397
39.300000000046566
34.299999999813735
32.700000000186265
36.5
38.799999999813735
34.9000000001397
34.89999999990687
34.199999999953434
35.5
34
34.60000000009313
34.699999999953434
34.800000000046566
34.89999999990687
36.800000000046566
37.4000000001397
39.0999999998603
34.4000000001397
34.5
38.5999999998603
36
34.800000000046566
34.800000000046566
36.0999999998603
33.9000000001397
38.0999999998603
34.9000000001397
37.5
40.800000000046566
34.799999999813735
34.700000000186265
34.39999999990687
34.199999999953434
34.699999999953434
34.800000000046566
35.199999999953434
35.10000000009313
34.60000000009313
35.199999999953434
35.199999999953434
41.39999999990687
35.9000000001397
34.5999999998603
34.9000000001397
35.300000000046566
38.799999999813735
33.10000000009313
37.89999999990687
35.10000000009313
34.699999999953434
34.60000000009313
36.800000000046566
38.299999999813735
33.9000000001397
35.800000000046566
34.89999999990687
35
35.300000000046566
34.5
35.300000000046566
33.799999999813735
35.10000000009313
34.300000000046566
40
40.5
34.0999999998603
34.800000000046566
34.199999999953434
34
34.800000000046566
35.800000000046566
38.89999999990687
33.9000000001397
34.89999999990687
33.60000000009313
36.89999999990687
42.699999999953434
36.300000000046566
36.199999999953434
36
34.4000000001397
34.800000000046566
34
36.89999999990687
35.39999999990687
34.60000000009313
35.199999999953434
37.199999999953434
38.800000000046566
33.300000000046566
34.5
35.699999999953434
35.5
34.800000000046566
38.10000000009313
34.799999999813735
33.10000000009313
35.10000000009313
34.5999999998603
40
38.60000000009313
34.699999999953434
35.10000000009313
33.5
44.799999999813735
35.60000000009313
34.5
35.89999999990687
36.300000000046566
34.300000000046566
36
36.699999999953434
38.5
34.699999999953434
35.4000000001397
35.199999999953434
35.10000000009313
35.699999999953434
34.199999999953434
38.60000000009313
34.5999999998603
34.5
34.199999999953434
37.10000000009313
38.800000000046566
34.800000000046566
34.39999999990687
34.800000000046566
36
36.800000000046566
34.89999999990687
34.39999999990687
37.200000000186265
33.5999999998603
34.699999999953434
39
39.300000000046566
34.5
35.5
42.4000000001397
34
34.199999999953434
36.5
35.39999999990687
35.199999999953434
34.300000000046566
35.4000000001397
38.39999999990687
38
33.89999999990687
34.5
35.10000000009313
35.89999999990687
35.10000000009313
33.10000000009313
36
35.699999999953434
36
35.5
36.800000000046566
44.199999999953434
34.89999999990687
33.10000000009313
34.300000000046566
36.199999999953434
39.800000000046566
35.0999999998603
34.5
35.10000000009313
33.0999999998603
35.10000000009313
39.5
43.199999999953434
34.699999999953434
35.60000000009313
34.39999999990687
33.4000000001397
33.89999999990687
35.800000000046566
35.800000000046566
34.800000000046566
36.5999999998603
35.300000000046566
35.39999999990687
38.10000000009313
34.89999999990687
35.700000000186265
36.199999999953434
41.5
34.300000000046566
32.5
35.5
34.39999999990687
34.300000000046566
34.699999999953434
39.39999999990687
39.200000000186265
34.299999999813735
33.10000000009313
35.89999999990687
34.5
36.200000000186265
35.699999999953434
35.699999999953434
35.60000000009313
33.299999999813735
33.800000000046566
37.199999999953434
42.5
35.200000000186265
34.799999999813735
35.10000000009313
38.89999999990687
33.60000000009313
34.5
34.699999999953434
38.10000000009313
34.699999999953434
34.39999999990687
35.60000000009313
41.199999999953434
34.300000000046566
35.800000000046566
36.699999999953434
35.699999999953434
34.9000000001397
34.5
33.199999999953434
35.39999999990687
36.699999999953434
36.4000000001397
40.89999999990687
42.800000000046566
34.699999999953434
33.4000000001397
34.5999999998603
34.300000000046566
36.199999999953434
38.699999999953434
34.800000000046566
43.9000000001397
34
34.39999999990687
39.699999999953434
43.5
37.699999999953434
36.4000000001397
34.800000000046566
33.199999999953434
35.0999999998603
35.800000000046566
34.9000000001397
34.39999999990687
34
35.10000000009313
36.89999999990687
37.5
36.60000000009313
35.0999999998603
36.5
36.699999999953434
38.9000000001397
34.199999999953434
34.89999999990687
34.300000000046566
35.4000000001397
35.299999999813735
38.200000000186265
38.699999999953434
34.699999999953434
33.800000000046566
35
37
36.5
36.39999999990687
34.9000000001397
34.0999999998603
33.10000000009313
35.199999999953434
37.5
41.10000000009313
34.89999999990687
34.800000000046566
35.199999999953434
38.89999999990687
34
34.5
35.200000000186265
34.39999999990687
35.5
34.5
39
37.60000000009313
36
34.5999999998603
35.60000000009313
35
34.5
34.5
33
35.0999999998603
39.4000000001397
36.5999999998603
37.10000000009313
40
34.5
34.800000000046566
34.39999999990687
35.5
35.10000000009313
39.0999999998603
35.4000000001397
34.5999999998603
34.5
34.800000000046566
36.800000000046566
41.10000000009313
35.39999999990687
34.699999999953434
35.4000000001397
35
32.699999999953434
34.39999999990687
33.60000000009313
34.89999999990687
34.60000000009313
35.39999999990687
36.60000000009313
38.39999999990687
40.699999999953434
35.200000000186265
35.89999999990687
35.199999999953434
40
35.60000000009313
33.39999999990687
35
33.800000000046566
34.5
37.10000000009313
44.299999999813735
34.4000000001397
33.5
35.199999999953434
33.89999999990687
35.700000000186265
34.39999999990687
34.199999999953434
35.4000000001397
36.699999999953434
32.89999999990687
36.300000000046566
40.699999999953434
34.800000000046566
35.60000000009313
34
34.0999999998603
35.60000000009313
35
37.800000000046566
34.299999999813735
35.200000000186265
35.5
38.39999999990687
39.60000000009313
33.89999999990687
33.699999999953434
34.800000000046566
34.699999999953434
34.5
34.300000000046566
33.699999999953434
36.10000000009313
34.0999999998603
34.800000000046566
37.9000000001397
39.0999999998603
34.4000000001397
34.699999999953434
34
34.800000000046566
33.699999999953434
38.5999999998603
34.5
35.4000000001397
34.199999999953434
37.699999999953434
40.699999999953434
40.10000000009313
35.39999999990687
33.9000000001397
34.199999999953434
35.699999999953434
34.300000000046566
35.300000000046566
34.89999999990687
35.699999999953434
35.300000000046566
34.9000000001397
36.799999999813735
38.800000000046566
33.300000000046566
35.10000000009313
34.199999999953434
34.89999999990687
40
35.199999999953434
33.60000000009313
35.10000000009313
35.5999999998603
35.9000000001397
40.0999999998603
41.60000000009313
35.699999999953434
49.10000000009313
34.39999999990687
33.800000000046566
34
34.800000000046566
34.799999999813735
35.5
35.300000000046566
33
38.10000000009313
38.300000000046566
35.299999999813735
35.9000000001397
35.800000000046566
36.89999999990687
39.699999999953434
33.10000000009313
34.5
34.5
34.699999999953434
33.699999999953434
39.60000000009313
37.300000000046566
35.299999999813735
35
34.5
35.4000000001397
34
37.39999999990687
34.5
33.60000000009313
35.0999999998603
36.5
37.300000000046566
45.199999999953434
39.60000000009313
38
41.5
48.199999999953434
42.9000000001397
39.0999999998603
43.5
43
37
33.5
38
38.699999999953434
36
34.9000000001397
34.199999999953434
35
33.89999999990687
34.10000000009313
34.300000000046566
34
38.39999999990687
35.699999999953434
36.800000000046566
38.5
33.199999999953434
35.300000000046566
35.199999999953434
35
34.800000000046566
38.5
34.199999999953434
37.800000000046566
37.5
34
39.199999999953434
39.300000000046566
34.5
33.800000000046566
32.89999999990687
33.9000000001397
34.199999999953434
34.60000000009313
34.5
33.89999999990687
34.800000000046566
34.5999999998603
36.4000000001397
38.0999999998603
34.10000000009313
39.699999999953434
35.199999999953434
34.800000000046566
36.199999999953434
32.800000000046566
34.9000000001397
39.0999999998603
34.4000000001397
34
39.0999999998603
39.10000000009313
32.39999999990687
36.699999999953434
35.4000000001397
35.699999999953434
34.60000000009313
36.299999999813735
37.4000000001397
34.39999999990687
34.800000000046566
34.5
37.10000000009313
39.89999999990687
34.800000000046566
34.5
34
32.800000000046566
36.39999999990687
37.89999999990687
39.200000000186265
36.5
35.699999999953434
33.89999999990687
36.10000000009313
39.199999999953434
34.5
35.10000000009313
34.5999999998603
34.4000000001397
35.299999999813735
33.700000000186265
34.799999999813735
35.300000000046566
34.800000000046566
34.60000000009313
39.299999999813735
41.4000000001397
34.300000000046566
34.699999999953434
33.5999999998603
34.200000000186265
34.799999999813735
38.4000000001397
33.699999999953434
32.60000000009313
34.5999999998603
34.699999999953434
43.700000000186265
40.0999999998603
35.5
35.5
33.9000000001397
35.199999999953434
36.0999999998603
36
35.800000000046566
35.800000000046566
35.199999999953434
33.9000000001397
36
38.5999999998603
37.10000000009313
37.5
36.300000000046566
34.5999999998603
34.60000000009313
32.89999999990687
37.4000000001397
34.0999999998603
35
35.4000000001397
39.699999999953434
40.39999999990687
33.4000000001397
33.699999999953434
51.39999999990687
37.4000000001397
34.199999999953434
34.5999999998603
34.200000000186265
34.89999999990687
32.60000000009313
34.799999999813735
39.4000000001397
39.300000000046566
35.5999999998603
34.5
40.5
32.800000000046566
35.39999999990687
35.4000000001397
35.89999999990687
34
34.60000000009313
34
35.39999999990687
38.199999999953434
34.10000000009313
34.5
34.39999999990687
34.5
34.10000000009313
33.199999999953434
39.4000000001397
35.5
36.0999999998603
35.300000000046566
39.699999999953434
38.199999999953434
35.4000000001397
40.5999999998603
34
35.60000000009313
38.39999999990687
34.5
33.800000000046566
33.300000000046566
35.60000000009313
34.799999999813735
40.200000000186265
40.699999999953434
35.39999999990687
35
34.199999999953434
32.9000000001397
34
34.39999999990687
34.4000000001397
35.0999999998603
34.699999999953434
34.700000000186265
38.199999999953434
39
34.5
35.300000000046566
35.199999999953434
39
41.800000000046566
33.0999999998603
34
34.60000000009313
35.5
35.0999999998603
36
39.300000000046566
33.60000000009313
35.0999999998603
33.800000000046566
35
35.5
35.60000000009313
34.699999999953434
35.39999999990687
34
34.9000000001397
39.39999999990687
39.60000000009313
34.5999999998603
34.5
36.5
32.800000000046566
38.60000000009313
33.800000000046566
34.5999999998603
34.699999999953434
37.200000000186265
35.199999999953434
35.5999999998603
38.300000000046566
33.699999999953434
34.9000000001397
34.89999999990687
34.4000000001397
35.0999999998603
33.800000000046566
33.60000000009313
35.5
34.0999999998603
35.4000000001397
38.0999999998603
38.800000000046566
37.800000000046566
33
34.5
33.699999999953434
35
34
35
38.60000000009313
34.5
34.299999999813735
39.10000000009313
40.60000000009313
34.5999999998603
43.60000000009313
35.199999999953434
32.89999999990687
34.5
34.5
34.200000000186265
38.199999999953434
41.89999999990687
44.60000000009313
41.5999999998603
40.10000000009313
37
35.199999999953434
38.699999999953434
35.60000000009313
35.199999999953434
34.5
37.10000000009313
37.89999999990687
37.199999999953434
37
51.10000000009313
43.199999999953434
36.699999999953434
35.700000000186265
37.89999999990687
37.39999999990687
34.300000000046566
35.10000000009313
38.89999999990687
42.60000000009313
35.39999999990687
34.60000000009313
36.5999999998603
40.700000000186265
36.0999999998603
40.800000000046566
36.800000000046566
35
36.300000000046566
36.199999999953434
37.800000000046566
38.799999999813735
37.10000000009313
37.10000000009313
38.199999999953434
41.0999999998603
38
39.300000000046566
35.60000000009313
34.89999999990687
34.199999999953434
34.700000000186265
33.89999999990687
35.300000000046566
35.199999999953434
34.39999999990687
40.10000000009313
40.800000000046566
35.0999999998603
32.9000000001397
36.39999999990687
35.5
34.699999999953434
34.4000000001397
34.699999999953434
34.39999999990687
32.800000000046566
34.10000000009313
36.89999999990687
40.10000000009313
35.199999999953434
35.39999999990687
35
34.60000000009313
34.300000000046566
34.300000000046566
39.5
36
33.799999999813735
34.800000000046566
41.199999999953434
38.10000000009313
34.89999999990687
34.800000000046566
35.60000000009313
36.199999999953434
35.800000000046566
34.300000000046566
32.799999999813735
33.60000000009313
36.199999999953434
47.5
38.800000000046566
38.800000000046566
34.199999999953434
32.800000000046566
35.199999999953434
34
34.89999999990687
35.10000000009313
35.699999999953434
36.10000000009313
33.699999999953434
32.89999999990687
48.700000000186265
40.699999999953434
38.5
35.800000000046566
35.799999999813735
34
34.700000000186265
34.5999999998603
34.10000000009313
35.300000000046566
34
35.89999999990687
37.199999999953434
36.60000000009313
34.800000000046566
33.39999999990687
35
34.89999999990687
34
34.10000000009313
34.10000000009313
35.5
34.799999999813735
34.300000000046566
37.699999999953434
42.60000000009313
35.39999999990687
33.200000000186265
36.199999999953434
34.699999999953434
33.699999999953434
34.800000000046566
43.39999999990687
35.4000000001397
34.300000000046566
32.39999999990687
36.5
41.39999999990687
34.800000000046566
34.9000000001397
34.89999999990687
35
34.89999999990687
35.10000000009313
35.39999999990687
34.200000000186265
34.89999999990687
34.10000000009313
36.799999999813735
37.700000000186265
37.699999999953434
35
34.39999999990687
34.800000000046566
34.60000000009313
35.0999999998603
34
38.800000000046566
34.5
34.300000000046566
37.300000000046566
40.199999999953434
34.199999999953434
35.39999999990687
33.200000000186265
34.5
34.39999999990687
34.199999999953434
34.199999999953434
34.10000000009313
38.800000000046566
33.699999999953434
37.199999999953434
40.4000000001397
34.0999999998603
34.800000000046566
33.60000000009313
34.699999999953434
32.699999999953434
34.5
33.699999999953434
36
35.10000000009313
34.0999999998603
37.300000000046566
37.4000000001397
36.5999999998603
34.9000000001397
36.39999999990687
36.10000000009313
35.299999999813735
36.60000000009313
42.60000000009313
37
36.39999999990687
35.89999999990687
44.700000000186265
43
36.699999999953434
43.199999999953434
36.89999999990687
36
35.9000000001397
37.39999999990687
37.800000000046566
37.300000000046566
36.199999999953434
33.10000000009313
38.799999999813735
39.9000000001397
35.300000000046566
34.39999999990687
33.800000000046566
39.0999999998603
34.9000000001397
34.199999999953434
33.699999999953434
36.4000000001397
34.699999999953434
39.0999999998603
37.60000000009313
36.800000000046566
34.699999999953434
34.5
35.10000000009313
34.0999999998603
34.5
34.4000000001397
35.89999999990687
33.699999999953434
35.199999999953434
35.10000000009313
39.5
41.39999999990687
35.4000000001397
35.300000000046566
33.5999999998603
35.5
35
34
35.199999999953434
34.10000000009313
38.699999999953434
39.4000000001397
39.699999999953434
46.199999999953434
47.300000000046566
42.5999999998603
45.5
44.60000000009313
33.800000000046566
34.0999999998603
38.10000000009313
35.60000000009313
34.5
35.199999999953434
39.0999999998603
39.5
32.800000000046566
34.9000000001397
33.699999999953434
34.199999999953434
35
35.300000000046566
34.699999999953434
32.699999999953434
33.9000000001397
34.199999999953434
36.89999999990687
59.10000000009313
35.800000000046566
36
33.5
38.39999999990687
34.199999999953434
35.5
37
35.60000000009313
34.39999999990687
32.199999999953434
38.300000000046566
39.5
36.60000000009313
34.800000000046566
34.299999999813735
36
36.10000000009313
33.699999999953434
36.10000000009313
34.300000000046566
34.89999999990687
36.199999999953434
42.800000000046566
40.300000000046566
36.699999999953434
36.699999999953434
38.699999999953434
41.10000000009313
38.300000000046566
37.5999999998603
38
36.300000000046566
37.4000000001397
40.699999999953434
45.5999999998603
41.5
37.700000000186265
37.5999999998603
37.300000000046566
36.5
37.699999999953434
43.5
38.10000000009313
37.0999999998603
39.700000000186265
39.199999999953434
36
40.39999999990687
36.699999999953434
36.10000000009313
34.300000000046566
60
60.800000000046566
46.39999999990687
39
41
59.300000000046566
42
44.39999999990687
46.10000000009313
40.39999999990687
45.800000000046566
43.800000000046566
41.699999999953434
43.300000000046566
39.699999999953434
56.60000000009313
50.5999999998603
51.800000000046566
45.800000000046566
43.5999999998603
38.60000000009313
41.199999999953434
44.199999999953434
46.60000000009313
43.10000000009313
44.5999999998603
41.699999999953434
43.9000000001397
43.5999999998603
41.700000000186265
44
44.299999999813735
42.700000000186265
45
44.39999999990687
41.800000000046566
44.0999999998603
41.700000000186265
40.299999999813735
43.10000000009313
43.60000000009313
41.5999999998603
44
43.199999999953434
39.4000000001397
42.5999999998603
59
44
45.10000000009313
45.199999999953434
42.5
42.800000000046566
46.300000000046566
39
41.5999999998603
41.5
38.9000000001397
41.199999999953434
41.89999999990687
39.4000000001397
41.0999999998603
42.300000000046566
38.9000000001397
42.799999999813735
41.200000000186265
37.799999999813735
41.700000000186265
38.5999999998603
43.5
40.10000000009313
38.300000000046566
42.5999999998603
41.699999999953434
39.300000000046566
44
42.10000000009313
37.300000000046566
42.299999999813735
40.800000000046566
40.300000000046566
44
41.60000000009313
37.299999999813735
42.800000000046566
40.699999999953434
37.200000000186265
43.0999999998603
40.199999999953434
40.200000000186265
44
41.39999999990687
37
42.10000000009313
41.0999999998603
37.60000000009313
44
41.0999999998603
37.700000000186265
44.0999999998603
40.699999999953434
37.200000000186265
44.299999999813735
41.700000000186265
36.799999999813735
45
42.800000000046566
35.800000000046566
44
38.89999999990687
41.4000000001397
43.89999999990687
37.9000000001397
41.5999999998603
43.4000000001397
37.5999999998603
42.699999999953434
42.300000000046566
37.4000000001397
40.89999999990687
43.10000000009313
37.89999999990687
41.39999999990687
43.4000000001397
38.5
40.5999999998603
42.10000000009313
38
41.699999999953434
43.4000000001397
40.199999999953434
40.699999999953434
42.699999999953434
37.9000000001397
43.699999999953434
53.300000000046566
44.699999999953434
45.89999999990687
42.4000000001397
37.299999999813735
41
43.5
38.800000000046566
41.60000000009313
42.39999999990687
37.699999999953434
42.800000000046566
42.800000000046566
38.10000000009313
46.199999999953434
40.0999999998603
42.200000000186265
42
40.39999999990687
42.300000000046566
40.5
39.699999999953434
41.60000000009313
41.699999999953434
39.5999999998603
43.60000000009313
43.60000000009313
39.89999999990687
42.699999999953434
42.300000000046566
39.89999999990687
41.200000000186265
45.39999999990687
40.10000000009313
40.5999999998603
41.5
39.300000000046566
43
42.699999999953434
40.4000000001397
40.799999999813735
40.200000000186265
41.799999999813735
42
40.9000000001397
39.699999999953434
41.699999999953434
40.699999999953434
39.60000000009313
42
41.199999999953434
43.199999999953434
44.10000000009313
41.39999999990687
37.4000000001397
42.699999999953434
38.699999999953434
45.800000000046566
40.89999999990687
37.300000000046566
42.699999999953434
41.4000000001397
37.300000000046566
43.199999999953434
41
37.199999999953434
42.300000000046566
41.199999999953434
38.10000000009313
43.699999999953434
41.89999999990687
37.300000000046566
42.39999999990687
41.4000000001397
37.39999999990687
42.699999999953434
40.800000000046566
37.300000000046566
41.89999999990687
40.9000000001397
36.800000000046566
47.89999999990687
42.699999999953434
37.4000000001397
42.299999999813735
42.200000000186265
40.0999999998603
42.9000000001397
42.39999999990687
36.60000000009313
43.699999999953434
43.0999999998603
37.5
45
42.10000000009313
37.199999999953434
44.5
38.699999999953434
40.60000000009313
42.199999999953434
37.699999999953434
40.5
42.10000000009313
37.199999999953434
42.699999999953434
44.10000000009313
38.300000000046566
41.0999999998603
42.9000000001397
38.699999999953434
41.800000000046566
42.699999999953434
38.300000000046566
42
43.39999999990687
38.800000000046566
43.699999999953434
43.300000000046566
39.10000000009313
42
43.199999999953434
38
43.800000000046566
43.199999999953434
38.300000000046566
42.5999999998603
42.699999999953434
38.200000000186265
41.699999999953434
43.0999999998603
38.4000000001397
43.699999999953434
42.10000000009313
37.5999999998603
43.60000000009313
44.39999999990687
36.9000000001397
42.199999999953434
40.89999999990687
41.699999999953434
44.4000000001397
40.800000000046566
42.799999999813735
42.300000000046566
40.699999999953434
41.5
41.200000000186265
40.39999999990687
43.89999999990687
46.200000000186265
41.299999999813735
41.60000000009313
42
40.39999999990687
42.4000000001397
41.699999999953434
40.699999999953434
41.800000000046566
43
39.5
43.699999999953434
41.699999999953434
43.300000000046566
42.60000000009313
42.699999999953434
40.300000000046566
41.5999999998603
41.300000000046566
39.10000000009313
43
41.199999999953434
40
42.60000000009313
41.799999999813735
40.300000000046566
43.5
42.199999999953434
40.10000000009313
42.800000000046566
38.300000000046566
43.799999999813735
41.4000000001397
37.800000000046566
44.5
42.89999999990687
39.10000000009313
43.199999999953434
42.699999999953434
39.60000000009313
43.5999999998603
40.9000000001397
37.5
43.0999999998603
40.4000000001397
38.0999999998603
44.300000000046566
41.800000000046566
37.5999999998603
43.4000000001397
42.300000000046566
39.0999999998603
43.4000000001397
41.89999999990687
37.699999999953434
42.800000000046566
41.800000000046566
37.699999999953434
42.5
42.10000000009313
38.89999999990687
42.699999999953434
40.60000000009313
38.89999999990687
43.699999999953434
41.200000000186265
37.5999999998603
46.60000000009313
42.300000000046566
36.5
44.799999999813735
39.800000000046566
41.9000000001397
42.699999999953434
38.0999999998603
40.9000000001397
43.699999999953434
39.89999999990687
42
42.60000000009313
38.300000000046566
41.0999999998603
43.200000000186265
38.39999999990687
41.10000000009313
43.199999999953434
38.699999999953434
41
47.60000000009313
38.5999999998603
42.699999999953434
42.60000000009313
38.300000000046566
42.5999999998603
43.4000000001397
39.300000000046566
43.39999999990687
42.89999999990687
39.700000000186265
40.799999999813735
43.4000000001397
39.800000000046566
41.199999999953434
42.699999999953434
38.10000000009313
41.39999999990687
42.300000000046566
38.39999999990687
42.5
44.699999999953434
37.60000000009313
41.800000000046566
41.39999999990687
43.4000000001397
40.799999999813735
39.9000000001397
41.300000000046566
41.5
39.199999999953434
41.0999999998603
41.700000000186265
39.299999999813735
41.200000000186265
41.89999999990687
40.60000000009313
41.39999999990687
43.39999999990687
40.4000000001397
41.5
41
40.39999999990687
41.9000000001397
42
40.89999999990687
42.39999999990687
42
44.10000000009313
42.60000000009313
42.39999999990687
39.89999999990687
41.9000000001397
42.300000000046566
39.5999999998603
42.800000000046566
41.699999999953434
39.9000000001397
42.299999999813735
41.5
39.200000000186265
44.299999999813735
42.800000000046566
38.60000000009313
42.300000000046566
37.89999999990687
44.10000000009313
40.5999999998603
37.300000000046566
43.800000000046566
43.300000000046566
38.5999999998603
45.699999999953434
41
37.200000000186265
43.699999999953434
41.199999999953434
39
44
41.89999999990687
37.800000000046566
42.699999999953434
41.60000000009313
37.300000000046566
43.199999999953434
45.699999999953434
38.10000000009313
42.5999999998603
41.9000000001397
37.699999999953434
43.10000000009313
41
37.799999999813735
45.5
42
40.10000000009313
44.10000000009313
43.5
38.299999999813735
44.200000000186265
42.0999999998603
37.800000000046566
46.60000000009313
42.0999999998603
36.5
45
40.300000000046566
41
43.5
40
41.300000000046566
42.800000000046566
38
41.799999999813735
43.10000000009313
38.39999999990687
41.4000000001397
44.39999999990687
38.9000000001397
41.39999999990687
43.60000000009313
39.5
40.89999999990687
43.39999999990687
38.10000000009313
41.10000000009313
43.5
38
41.199999999953434
42.0999999998603
37.800000000046566
41.199999999953434
43.300000000046566
37.699999999953434
41.300000000046566
44.10000000009313
38.5
40.699999999953434
42.800000000046566
37.5
41
42.800000000046566
37.799999999813735
44.10000000009313
43.60000000009313
38.89999999990687
43.699999999953434
41
41.199999999953434
41.200000000186265
40.699999999953434
41.199999999953434
41.10000000009313
39.89999999990687
44
43.60000000009313
42.5999999998603
43.300000000046566
46.5
47.10000000009313
44.5
42.699999999953434
42.199999999953434
44.39999999990687
42.800000000046566
42.199999999953434
44.300000000046566
43.5
44.199999999953434
44.800000000046566
44.10000000009313
40.5
43.300000000046566
42.299999999813735
40.800000000046566
42.4000000001397
41.0999999998603
40.300000000046566
43.699999999953434
40.9000000001397
41.199999999953434
45.699999999953434
42.5
39.699999999953434
44.199999999953434
42.60000000009313
40.10000000009313
43.89999999990687
40.5
45.199999999953434
46.9000000001397
42.39999999990687
49
44.60000000009313
41.89999999990687
44.89999999990687
43.4000000001397
42.699999999953434
43.60000000009313
64.5
74.29999999981374
42.4000000001397
38.39999999990687
42.699999999953434
38
37.9000000001397
39.699999999953434
46.699999999953434
44.199999999953434
38.800000000046566
39.199999999953434
34.10000000009313
35.5
35.800000000046566
38.300000000046566
39
40.199999999953434
35.800000000046566
38.699999999953434
40.300000000046566
35.5999999998603
35.10000000009313
34.39999999990687
38.60000000009313
36.0999999998603
34.10000000009313
32.39999999990687
36.5
35.9000000001397
35.800000000046566
39.199999999953434
43.5999999998603
39.200000000186265
35.0999999998603
37.5
37
37.10000000009313
36.699999999953434
34.300000000046566
34.300000000046566
32.699999999953434
38.5
43.699999999953434
41.199999999953434
35
34.300000000046566
34.199999999953434
33.4000000001397
35.299999999813735
34.5
34
39.5
35.700000000186265
35.299999999813735
39.5
39.700000000186265
35.699999999953434
35.5999999998603
35.200000000186265
34.699999999953434
35.300000000046566
38.799999999813735
32.700000000186265
33.89999999990687
34.300000000046566
36.300000000046566
37.89999999990687
38
34
34.10000000009313
36.199999999953434
35.300000000046566
35.0999999998603
35.300000000046566
36.5
37.199999999953434
34.60000000009313
33.5999999998603
36.800000000046566
42.300000000046566
35.300000000046566
36
37.0999999998603
35.5
33.300000000046566
38.9000000001397
36.89999999990687
41.5
37.300000000046566
36.5999999998603
38.300000000046566
37.199999999953434
35.200000000186265
34.199999999953434
36.0999999998603
36.800000000046566
37.199999999953434
36.10000000009313
44.39999999990687
36.700000000186265
36.799999999813735
37.200000000186265
36.299999999813735
40.60000000009313
37.10000000009313
37.5999999998603
36.4000000001397
35.5
34.5999999998603
37
40.10000000009313
33.89999999990687
33
36.300000000046566
40.10000000009313
43
36.5
36.199999999953434
34.5
34.300000000046566
34.89999999990687
37.699999999953434
36.10000000009313
34.800000000046566
34.5
36.799999999813735
45.10000000009313
42
37.699999999953434
38.10000000009313
37.5
36.5
37
36.5999999998603
38.700000000186265
33.0999999998603
34.199999999953434
35.300000000046566
40.300000000046566
43.39999999990687
39.300000000046566
36.10000000009313
36.5999999998603
35.10000000009313
34.300000000046566
35.5999999998603
36.700000000186265
36.799999999813735
37.200000000186265
36.0999999998603
42.4000000001397
44.299999999813735
37.700000000186265
36.299999999813735
35.60000000009313
34.5
32.89999999990687
35.10000000009313
34.89999999990687
34
38.700000000186265
45.199999999953434
43
37.89999999990687
34.10000000009313
35.199999999953434
36.199999999953434
35.300000000046566
34.699999999953434
35
32.9000000001397
35.299999999813735
34.60000000009313
35
39.39999999990687
41.4000000001397
34.300000000046566
34
35.299999999813735
34.800000000046566
34.60000000009313
35.39999999990687
34.60000000009313
39
35
37.5
40.39999999990687
48.5
39.60000000009313
38.699999999953434
36.5
35
36.5
34.89999999990687
37.60000000009313
37.10000000009313
36.5
35.5999999998603
41.199999999953434
43.700000000186265
37.5
36.299999999813735
35.5
36.9000000001397
35.89999999990687
35.60000000009313
35.5999999998603
33.4000000001397
35
35
42.300000000046566
39.299999999813735
38.10000000009313
34.699999999953434
33.800000000046566
36.89999999990687
34.10000000009313
37
36.300000000046566
34.199999999953434
34.60000000009313
34.5999999998603
36.60000000009313
38.300000000046566
34.5999999998603
34.199999999953434
33.9000000001397
35.199999999953434
38.89999999990687
34.300000000046566
35.5
35
34.199999999953434
38.700000000186265
36.699999999953434
38.199999999953434
35.39999999990687
34
34.60000000009313
34.10000000009313
34.5
34.199999999953434
34.699999999953434
33.5
36
35.699999999953434
46
42.699999999953434
35.300000000046566
35.300000000046566
34
33.89999999990687
34.200000000186265
34.199999999953434
34.5999999998603
35.300000000046566
34.300000000046566
38.39999999990687
35.200000000186265
39.699999999953434
35.800000000046566
35.5999999998603
36.800000000046566
35.39999999990687
34.700000000186265
32.5
34.89999999990687
34
34.800000000046566
33.89999999990687
38.60000000009313
39.0999999998603
32.800000000046566
36.4000000001397
38.5999999998603
35.60000000009313
35.39999999990687
35.60000000009313
36.300000000046566
34.5
32.699999999953434
35.699999999953434
38.699999999953434
43.9000000001397
35.199999999953434
34.89999999990687
33.300000000046566
34
35.89999999990687
35.200000000186265
35.199999999953434
35.89999999990687
34.300000000046566
34.199999999953434
38.699999999953434
39.200000000186265
34.299999999813735
34.10000000009313
35.800000000046566
34.89999999990687
35
34.4000000001397
37.39999999990687
35.5
36
42.300000000046566
41.39999999990687
38.199999999953434
32.700000000186265
34.299999999813735
34.300000000046566
35.699999999953434
34.9000000001397
33.800000000046566
34.799999999813735
32.800000000046566
34.5
33.800000000046566
47.5
39.89999999990687
34
35.10000000009313
34
33.199999999953434
34.60000000009313
34.5999999998603
34.5
35
36
35.200000000186265
38.199999999953434
41.5
35.199999999953434
36.10000000009313
35.799999999813735
35.200000000186265
34.0999999998603
33.5
33.9000000001397
34.199999999953434
34.5999999998603
34.700000000186265
37.0999999998603
38.699999999953434
35.700000000186265
33.89999999990687
34.89999999990687
36.5
38.800000000046566
35.10000000009313
34.5
39.699999999953434
33.60000000009313
35
38.299999999813735
40.5
33.9000000001397
34.5
36.699999999953434
33.89999999990687
34.4000000001397
35.5999999998603
36.10000000009313
35.10000000009313
34.699999999953434
34.5
37.699999999953434
39.300000000046566
35.5
34.5999999998603
36.5
34.5
34.700000000186265
35.0999999998603
35.300000000046566
36
34.699999999953434
41.199999999953434
41
43.10000000009313
34.800000000046566
37.5
36.199999999953434
40.10000000009313
36.799999999813735
37.200000000186265
39.699999999953434
40.699999999953434
41.89999999990687
38.60000000009313
41.5
45.800000000046566
36.89999999990687
44
37.4000000001397
34.699999999953434
34.0999999998603
34.60000000009313
36.10000000009313
36.0999999998603
38.9000000001397
34
37.199999999953434
39.300000000046566
34.5
35.799999999813735
34.9000000001397
34.5999999998603
34
33.4000000001397
37.39999999990687
35
35.699999999953434
83
63.4000000001397
48.5
47.5999999998603
40.4000000001397
45.800000000046566
43.799999999813735
39.5
42.9000000001397
41.5999999998603
44.200000000186265
45.39999999990687
42.39999999990687
39.5
44
41.700000000186265
38.89999999990687
43.699999999953434
42.10000000009313
38
43.0999999998603
41.9000000001397
39.0999999998603
44.200000000186265
41.299999999813735
37.300000000046566
43.800000000046566
41.10000000009313
37.699999999953434
42.800000000046566
41.199999999953434
37.5
42.39999999990687
41.4000000001397
38.699999999953434
43.89999999990687
41
37
44
42
37.9000000001397
43.299999999813735
41.60000000009313
36.800000000046566
43.5
42
37.199999999953434
43.39999999990687
45.9000000001397
37.300000000046566
44.5
42.0999999998603
37.300000000046566
45
40.800000000046566
36.199999999953434
43.39999999990687
39.4000000001397
43.89999999990687
42.699999999953434
41
40.4000000001397
46.5
38.800000000046566
41
42.0999999998603
37.9000000001397
42.0999999998603
42.699999999953434
37.200000000186265
42.199999999953434
42.0999999998603
38.5
40.700000000186265
42.199999999953434
37.0999999998603
42.200000000186265
42.799999999813735
38.10000000009313
40.5
41.699999999953434
38
41
44.300000000046566
38.60000000009313
39.799999999813735
42.300000000046566
38.4000000001397
40.39999999990687
42
37.300000000046566
41.0999999998603
41.700000000186265
38.39999999990687
44.5
42.39999999990687
36.9000000001397
43.89999999990687
40
41.60000000009313
41.800000000046566
40.799999999813735
41.200000000186265
40.39999999990687
39.5
40.699999999953434
41
40.699999999953434
42.800000000046566
44
40.10000000009313
40.5999999998603
42.4000000001397
39.800000000046566
41
41.699999999953434
39.89999999990687
41
40.699999999953434
40
41.300000000046566
42.199999999953434
40.4000000001397
41.800000000046566
41.0999999998603
39.4000000001397
42.0999999998603
40.60000000009313
40.300000000046566
41.5999999998603
40.4000000001397
41
41.89999999990687
40.60000000009313
39
42.299999999813735
40.800000000046566
39.60000000009313
41.300000000046566
38.5
43.5999999998603
41.4000000001397
37.5
42.39999999990687
40.89999999990687
37.300000000046566
42.699999999953434
41.60000000009313
37.39999999990687
43.200000000186265
40.699999999953434
37.300000000046566
43.0999999998603
42.199999999953434
38.800000000046566
42.5
41
36.60000000009313
44.199999999953434
41.5
37
42.300000000046566
41.5999999998603
38.700000000186265
42
40.799999999813735
37.60000000009313
43.5
43.199999999953434
37.10000000009313
42.5999999998603
41.60000000009313
37.39999999990687
44.700000000186265
41.89999999990687
36.800000000046566
45.800000000046566
42.5
35.89999999990687
43.89999999990687
40.5
43
42.60000000009313
37.60000000009313
42.5999999998603
43.300000000046566
37.199999999953434
42.199999999953434
42.300000000046566
37.60000000009313
41.39999999990687
43.10000000009313
37.199999999953434
41.10000000009313
43
37.5999999998603
41.300000000046566
42.5
37.300000000046566
43.300000000046566
42.299999999813735
37.5
45.60000000009313
47.60000000009313
44
46.0999999998603
48.9000000001397
43.39999999990687
47.199999999953434
44.199999999953434
37.200000000186265
42.699999999953434
42.39999999990687
38
40.699999999953434
41.200000000186265
37.799999999813735
41.9000000001397
43.300000000046566
36.89999999990687
40.800000000046566
41.800000000046566
41.699999999953434
40.699999999953434
41.89999999990687
42
42.700000000186265
39.199999999953434
43
40.39999999990687
40
40
40.9000000001397
39.799999999813735
43.200000000186265
42.5
39.5999999998603
41.10000000009313
40.699999999953434
40.800000000046566
41.5999999998603
45.300000000046566
40.60000000009313
41.699999999953434
41.39999999990687
39.9000000001397
42.5999999998603
41.10000000009313
39.699999999953434
41.800000000046566
43.199999999953434
40.199999999953434
41.60000000009313
42.699999999953434
39.10000000009313
43.800000000046566
42.699999999953434
39.699999999953434
43.699999999953434
42.300000000046566
40.10000000009313
42.5999999998603
38.5
42.9000000001397
41.0999999998603
37.5
44.199999999953434
42.800000000046566
38.800000000046566
43
41.10000000009313
38
44.299999999813735
42.700000000186265
38.799999999813735
43.700000000186265
43.199999999953434
38.699999999953434
43.5
41.60000000009313
37.5999999998603
43.4000000001397
41.89999999990687
37.60000000009313
44.199999999953434
41.89999999990687
37.5
43.5
41.5
37.5
43
41.800000000046566
37.39999999990687
43.5
43
38.60000000009313
44.199999999953434
42.60000000009313
37.300000000046566
45.799999999813735
42
37.800000000046566
44.300000000046566
39.60000000009313
43.89999999990687
43.39999999990687
38.9000000001397
40.5999999998603
43.700000000186265
40.299999999813735
41.200000000186265
42.699999999953434
38.5
41.199999999953434
42.699999999953434
38.9000000001397
42.39999999990687
43.39999999990687
38.60000000009313
40.89999999990687
42.60000000009313
38.300000000046566
41.800000000046566
42.5999999998603
38
42.199999999953434
43
37.9000000001397
42.39999999990687
44.699999999953434
37.9000000001397
40.89999999990687
43.10000000009313
40.300000000046566
42.0999999998603
41.699999999953434
38.300000000046566
43.300000000046566
42.60000000009313
43.0999999998603
43.699999999953434
43
36.60000000009313
42.39999999990687
40
42.4000000001397
41.5
41.699999999953434
41.699999999953434
42.60000000009313
39.5
41.5999999998603
44.200000000186265
40
43.699999999953434
41.39999999990687
40.199999999953434
42.300000000046566
42.60000000009313
40.39999999990687
43.800000000046566
41.89999999990687
40.800000000046566
49.5
41
41.5
41.800000000046566
40.5
40.60000000009313
41.299999999813735
43.300000000046566
43.4000000001397
43.5
41.699999999953434
40.39999999990687
41.699999999953434
41
41.200000000186265
43.0999999998603
41
40.60000000009313
44.300000000046566
42.0999999998603
39.300000000046566
43.10000000009313
39.699999999953434
43.89999999990687
42.10000000009313
37.39999999990687
43.60000000009313
40.800000000046566
37.5999999998603
43.10000000009313
41
38.5
45
41.699999999953434
40.10000000009313
44.5
42.5999999998603
41.199999999953434
43
41.5
38.4000000001397
42.300000000046566
42.199999999953434
39.300000000046566
42.5999999998603
41.60000000009313
38.39999999990687
45.300000000046566
41.699999999953434
37.5
43
41.800000000046566
38.60000000009313
44.199999999953434
42.0999999998603
38.4000000001397
44.199999999953434
42.800000000046566
38.89999999990687
45.4000000001397
41.89999999990687
36.89999999990687
43.9000000001397
38.800000000046566
41.39999999990687
42.800000000046566
39.89999999990687
43.60000000009313
43.199999999953434
38.300000000046566
40.5999999998603
42.9000000001397
42.5
41.300000000046566
42.199999999953434
39.199999999953434
40.39999999990687
43.300000000046566
38.699999999953434
40.700000000186265
44.5
39.5
43.199999999953434
43.699999999953434
37.800000000046566
41.5999999998603
45
37.700000000186265
41.39999999990687
42.800000000046566
39.199999999953434
42.10000000009313
43.39999999990687
38.39999999990687
41
41.60000000009313
38.60000000009313
41.799999999813735
44
39
43.300000000046566
42.300000000046566
36.60000000009313
42.39999999990687
39.800000000046566
42.5999999998603
41.5
41
41.200000000186265
42.199999999953434
40.0999999998603
41.700000000186265
40.5
40.5
42
42.299999999813735
40.4000000001397
42.800000000046566
40.5999999998603
41.10000000009313
43.199999999953434
41.39999999990687
40.5
42.4000000001397
41
40.5
43.5999999998603
41.4000000001397
40.39999999990687
43.60000000009313
41.199999999953434
41.300000000046566
42.300000000046566
41.5999999998603
42.10000000009313
42
40.5
39.5
44.800000000046566
41.5999999998603
39.60000000009313
46
40.89999999990687
39.60000000009313
43.699999999953434
39.300000000046566
44.300000000046566
42
37.0999999998603
43.4000000001397
41.299999999813735
37.5
42.800000000046566
41.199999999953434
37.5
44.9000000001397
41.39999999990687
38.300000000046566
42.89999999990687
43.300000000046566
37.5
43.9000000001397
41.699999999953434
37.699999999953434
44.10000000009313
42.199999999953434
38.89999999990687
43.10000000009313
41.800000000046566
38.0999999998603
48.300000000046566
42.10000000009313
39
42.699999999953434
42.199999999953434
40.10000000009313
42.799999999813735
42.60000000009313
38.60000000009313
45.89999999990687
41.60000000009313
37.39999999990687
46.5
42.800000000046566
35.89999999990687
43.5
39
41.4000000001397
43.299999999813735
38.5
40.60000000009313
44.39999999990687
39.800000000046566
41.800000000046566
44.89999999990687
38.4000000001397
40.199999999953434
42.699999999953434
40.60000000009313
42.39999999990687
43.300000000046566
39.89999999990687
40.800000000046566
43.800000000046566
38.60000000009313
40.5
42.799999999813735
38.5
41
42.200000000186265
38.199999999953434
42.89999999990687
42.60000000009313
38.39999999990687
42.10000000009313
43.5999999998603
38.800000000046566
42
43.300000000046566
38.199999999953434
40.800000000046566
42.10000000009313
38
42.5
43.0999999998603
37
41.800000000046566
40.89999999990687
43.800000000046566
41.4000000001397
39.699999999953434
43
41.800000000046566
41.5999999998603
41.60000000009313
41.800000000046566
40.699999999953434
40.89999999990687
40.800000000046566
41.300000000046566
41.89999999990687
41.5
42.5
41
41.5
40.4000000001397
43
41.699999999953434
40.199999999953434
40.89999999990687
41.4000000001397
38.800000000046566
42.699999999953434
40.800000000046566
39.5
41.799999999813735
41.200000000186265
40.5999999998603
44.199999999953434
41.800000000046566
40
41.699999999953434
41.9000000001397
40
44.800000000046566
41.89999999990687
39.800000000046566
42.0999999998603
38.4000000001397
44.300000000046566
41.199999999953434
37.800000000046566
43.699999999953434
41.699999999953434
37.300000000046566
43.5
42.39999999990687
37.300000000046566
43.699999999953434
42.5
39.5
43.199999999953434
42.300000000046566
37.800000000046566
42.300000000046566
40.5999999998603
38.4000000001397
42.5999999998603
40.60000000009313
40.199999999953434
46
41
38.199999999953434
43.300000000046566
41.60000000009313
37.800000000046566
43.799999999813735
42.700000000186265
37.39999999990687
45.199999999953434
42.699999999953434
37.200000000186265
45.89999999990687
43.39999999990687
38.200000000186265
46.39999999990687
42.699999999953434
37.5
43.9000000001397
39.0999999998603
41.9000000001397
42.299999999813735
38.60000000009313
41.699999999953434
43.60000000009313
38.39999999990687
41.10000000009313
43.39999999990687
38.199999999953434
40.9000000001397
43.89999999990687
40.9000000001397
41.799999999813735
42.5
39
41.700000000186265
42.5
38
43.199999999953434
42.300000000046566
38.0999999998603
41
43.300000000046566
37.699999999953434
40.9000000001397
42.89999999990687
37.699999999953434
43
45.5
37.800000000046566
41.199999999953434
41.9000000001397
37.89999999990687
43.300000000046566
42.800000000046566
39.299999999813735
43.700000000186265
43.5999999998603
38.9000000001397
45.799999999813735
43.10000000009313
41.800000000046566
41.800000000046566
39.39999999990687
41.5
41.5
38.89999999990687
43
41.300000000046566
39.60000000009313
41.800000000046566
41.199999999953434
41.5999999998603
41.800000000046566
41.199999999953434
40.60000000009313
42.60000000009313
41.0999999998603
40
42.10000000009313
40.89999999990687
41.199999999953434
41.9000000001397
42.39999999990687
39.9000000001397
43
43.5999999998603
41
42.5
41.9000000001397
41.0999999998603
42.699999999953434
41.4000000001397
40.800000000046566
42.799999999813735
40.60000000009313
40
43.800000000046566
42.0999999998603
39.4000000001397
41.39999999990687
38.300000000046566
43.60000000009313
41
38
43.0999999998603
41.300000000046566
39
42.60000000009313
42.699999999953434
39.39999999990687
42.800000000046566
42.199999999953434
39
43.800000000046566
41.89999999990687
38.300000000046566
43.4000000001397
42.5999999998603
39.800000000046566
42.300000000046566
42.5
38.300000000046566
43
41.799999999813735
37.5
42.60000000009313
41.300000000046566
37.800000000046566
43.199999999953434
42.39999999990687
40.199999999953434
44.10000000009313
43.300000000046566
38.39999999990687
45.60000000009313
42.0999999998603
37.5
44.5
42.9000000001397
36.699999999953434
45.5
39.699999999953434
41.4000000001397
42.199999999953434
38.5
42.0999999998603
42.4000000001397
39.800000000046566
41.0999999998603
42.10000000009313
38.699999999953434
40.89999999990687
42.4000000001397
38.5999999998603
41.300000000046566
43
38.4000000001397
40.799999999813735
43.200000000186265
38.0999999998603
40.5
42.60000000009313
38
40.89999999990687
43.5
39.800000000046566
42.5
43.300000000046566
38.199999999953434
41.39999999990687
43
38.10000000009313
40.5
42.39999999990687
37.800000000046566
41.10000000009313
42.199999999953434
37.699999999953434
44.300000000046566
44.699999999953434
36.9000000001397
41.299999999813735
41.200000000186265
42.699999999953434
40.5999999998603
41.300000000046566
41.199999999953434
40.5
40.10000000009313
40.300000000046566
40.89999999990687
40.300000000046566
42.300000000046566
45.39999999990687
40.699999999953434
43.200000000186265
40.5
40.39999999990687
41.300000000046566
40.800000000046566
39.89999999990687
40.800000000046566
40.699999999953434
42.60000000009313
41.0999999998603
42.9000000001397
40.699999999953434
42.199999999953434
41.60000000009313
40.39999999990687
41.39999999990687
41.300000000046566
40
41.5
42
40.199999999953434
42.10000000009313
42.5
39.89999999990687
43.800000000046566
41.300000000046566
39.39999999990687
42.700000000186265
38.39999999990687
43.10000000009313
41.199999999953434
37.5
44.199999999953434
42
38.199999999953434
43.5
42.800000000046566
37.800000000046566
43.0999999998603
40.60000000009313
38.10000000009313
42.199999999953434
42.5999999998603
39.300000000046566
42.800000000046566
43
40.5
43.5
41.800000000046566
37.89999999990687
42.9000000001397
41
37.799999999813735
44.300000000046566
41.9000000001397
37.799999999813735
43.300000000046566
42.800000000046566
37.60000000009313
44.39999999990687
42.39999999990687
37.4000000001397
43.800000000046566
41.39999999990687
37.5
44.60000000009313
46.0999999998603
37.5
43.300000000046566
38.89999999990687
40.9000000001397
42.89999999990687
37.699999999953434
42.9000000001397
42.5
37.5999999998603
41.700000000186265
42.5999999998603
37.60000000009313
41.0999999998603
42.60000000009313
38.89999999990687
40.9000000001397
43.89999999990687
39.4000000001397
43.5
42.89999999990687
38
41.39999999990687
46.200000000186265
37.5999999998603
41
42.4000000001397
37.5999999998603
41.4000000001397
42.39999999990687
38.300000000046566
41.699999999953434
43.10000000009313
37.5999999998603
41.300000000046566
42.39999999990687
38.200000000186265
41.5999999998603
43.199999999953434
40
43.300000000046566
42.9000000001397
37.299999999813735
41.5
40.200000000186265
41.5999999998603
42.199999999953434
40.9000000001397
42.5999999998603
41.4000000001397
40.0999999998603
41
42.300000000046566
41
42.10000000009313
41.800000000046566
41.5999999998603
41.9000000001397
40.5999999998603
39.9000000001397
43.5999999998603
40.9000000001397
39.39999999990687
42.60000000009313
41.5
40.699999999953434
41.699999999953434
43.89999999990687
41.300000000046566
41.300000000046566
41.5
41
41.699999999953434
41.60000000009313
40.0999999998603
41.700000000186265
41.39999999990687
41.89999999990687
42
41.700000000186265
40.0999999998603
43.699999999953434
41.300000000046566
38.60000000009313
42.699999999953434
39.39999999990687
43.700000000186265
42.699999999953434
38.800000000046566
42.699999999953434
40.699999999953434
37.699999999953434
42.300000000046566
42.800000000046566
39.5999999998603
43.60000000009313
42.5
39.5
43.60000000009313
41.0999999998603
38.199999999953434
47.60000000009313
41.300000000046566
38.199999999953434
42.5
42.5
37.60000000009313
43.0999999998603
41.199999999953434
37.800000000046566
44.10000000009313
41.800000000046566
40.5
43.199999999953434
41.89999999990687
38.60000000009313
45.5
41.89999999990687
37.9000000001397
44.199999999953434
41.89999999990687
37.5
45.199999999953434
42.700000000186265
36.5999999998603
43.800000000046566
39.199999999953434
41
44.300000000046566
39.10000000009313
42.0999999998603
42.4000000001397
37.799999999813735
42.9000000001397
42.39999999990687
38.5
44.10000000009313
43.0999999998603
38.300000000046566
43.300000000046566
42.89999999990687
37.5
41.200000000186265
41.799999999813735
40.10000000009313
41.199999999953434
42
38.300000000046566
42.800000000046566
42.800000000046566
39.39999999990687
42.800000000046566
42
38.5
41.5999999998603
42.9000000001397
38.39999999990687
40.800000000046566
41.800000000046566
37.699999999953434
44.39999999990687
42.4000000001397
38.199999999953434
43.89999999990687
44.300000000046566
37.199999999953434
42
40.300000000046566
41.699999999953434
41.9000000001397
40
41.5999999998603
40.800000000046566
39.10000000009313
42.300000000046566
42.299999999813735
39.800000000046566
43.5
41.5
40
43.199999999953434
40.9000000001397
38.89999999990687
41.9000000001397
41.299999999813735
40.200000000186265
41.799999999813735
41.800000000046566
40.300000000046566
42.300000000046566
40.199999999953434
41.89999999990687
43.800000000046566
40.199999999953434
41.800000000046566
43.300000000046566
40.800000000046566
41.5
47.699999999953434
41
39.699999999953434
42.60000000009313
45.39999999990687
41
44.800000000046566
41.699999999953434
39.4000000001397
43.5
39.5
44.0999999998603
41.60000000009313
37.89999999990687
43.199999999953434
44.4000000001397
39
44
41.699999999953434
39.199999999953434
43
41.9000000001397
37.699999999953434
43.0999999998603
41.300000000046566
37.300000000046566
44.10000000009313
41.5
37.5
43.39999999990687
42
38.39999999990687
43.10000000009313
41.5
37.39999999990687
44
42.4000000001397
39
44.5
40.5
37.5999999998603
43.300000000046566
41.4000000001397
38.5
45.39999999990687
41
38.300000000046566
45.199999999953434
42
38.199999999953434
44.60000000009313
39
43
43.300000000046566
38.89999999990687
41
42.800000000046566
38.0999999998603
41.300000000046566
43.699999999953434
37.60000000009313
42.800000000046566
42.39999999990687
40.199999999953434
41.200000000186265
41.799999999813735
38.10000000009313
42.5
43.199999999953434
38.10000000009313
41.39999999990687
42.300000000046566
38
41.5
42.39999999990687
37.9000000001397
42.699999999953434
42.60000000009313
38.5999999998603
42.9000000001397
42.699999999953434
39.199999999953434
40.199999999953434
43.60000000009313
38.300000000046566
40.5999999998603
43.699999999953434
39.4000000001397
44.199999999953434
42.89999999990687
37
41.300000000046566
42.10000000009313
41.199999999953434
42
40.39999999990687
41.5
41.5
39.9000000001397
41
40.800000000046566
39.699999999953434
41.39999999990687
41.300000000046566
40.5
41.89999999990687
41.4000000001397
39.89999999990687
45.10000000009313
41.800000000046566
39.89999999990687
41.39999999990687
44
41.5
42.300000000046566
41.699999999953434
40.4000000001397
41.300000000046566
41.39999999990687
39.800000000046566
41.699999999953434
41.5
40.199999999953434
41.199999999953434
42.10000000009313
40.39999999990687
41.5
44
40.5
42.800000000046566
41.10000000009313
39.699999999953434
42.300000000046566
38.0999999998603
44.10000000009313
41.39999999990687
38.800000000046566
43.800000000046566
40.89999999990687
37.60000000009313
43.60000000009313
42.39999999990687
39.39999999990687
43.10000000009313
41.699999999953434
38
44
41.199999999953434
38.5
42.700000000186265
41.89999999990687
38.89999999990687
44.200000000186265
41.39999999990687
38.199999999953434
42.4000000001397
43.199999999953434
37.5999999998603
42.4000000001397
43.5
41.300000000046566
42.5
42.39999999990687
39.300000000046566
44.699999999953434
41.5
38.10000000009313
45.0999999998603
41.800000000046566
37.89999999990687
45.200000000186265
41.299999999813735
36.5
43.300000000046566
38.9000000001397