419.46830000233604
350.19240000110585
290.1092999964021
267.67600000312086
273.3464000048116
251.4595000029658
243.02470000111498
246.77880000672303
234.11659999692347
215.4621000008774
211.19390000239946
210.4440999974031
208.72570000210544
204.69600000069477
205.28460000059567
192.61009999900125
200.95690000016475
187.6360999958706
186.3658000002033
184.5279000044684
182.30599999515107
175.58789999748114
173.4532999980729
173.12440000387141
174.94860000442713
174.22179999994114
156.93710000050487
168.6619000029168
156.6579999998794
156.08879999490455
155.71909999562195
152.7178999967873
156.72600000107195
150.0702999983332
169.73950000101468
147.36010000342503
141.17239999904996
141.97370000329101
144.56419999623904
140.07199999468867
140.0320999964606
138.21789999929024
139.52309999876888
161.57339999335818
139.3926000018837
133.49960000050487
130.7823000024655
134.46939999994356
132.89960000111023
127.42120000621071
131.28860000142595
126.93489999946905
140.85550000163494
127.28139999671839
118.47110000235261
120.21770000137622
121.26619999617105
119.25679999694694
113.6393999986467
113.39910000242526
115.85080000077141
128.83989999681944
116.25880000065081
117.17230000067502
118.44640000344953
119.75629999506054
118.96909999632044
116.71110000315821
107.42759999993723
106.36050000175601
122.0171000022674
106.42689999804134
105.72580000007292
110.5567000049632
108.74849999527214
112.3451000021305
104.4949000061024
103.31030000088504
105.20869999891147
117.06309999863151
106.45130000193603
103.61890000058338
103.50589999870863
104.64490000595106
103.20840000349563
102.92479999770876
110.37949999445118
113.22440000367351
118.72069999662926
101.72079999756534
99.15889999683714
102.06230000039795
100.87260000000242
101.55739999754587
100.68949999549659
100.072099994577
100.77270000329008
109.61479999969015
94.62409999832744
94.82629999547498
97.55659999791533
99.68400000070687
106.85930000181543
99.4907000058447
92.87010000116425
93.70180000405526
107.39289999764878
101.87859999859938
95.10620000219205
91.66209999966668
94.52389999933075
94.68990000459598
97.56530000595376
91.3564000002225
94.99800000048708
104.83039999962784
92.84219999972265
92.24839999660617
91.94299999944633
93.32620000350289
92.90570000302978
103.6136999973678
90.74719999625813
98.04380000423407
106.6586000015377
93.28599999571452
93.70479999779491
90.26290000474546
89.14609999919776
86.80419999291189
88.53419999650214
87.08779999869876
86.16380000603385
85.23499999864725
98.11099999933504
89.93740000005346
90.55660000012722
88.1913000048371
86.1873000030755
87.1197000014945
90.83770000142977
89.20909999869764
88.85540000483161
85.75459999701707
98.55200000311015
87.53180000348948
84.01869999943301
86.84260000154609
86.51010000176029
83.01460000075167
85.53560000291327
88.89759999874514
80.66029999463353
76.24249999935273
90.74749999854248
78.21840000542579
78.07660000253236
79.29359999980079
80.88609999686014
82.63260000239825
79.85059999919031
76.99950000096578
81.92160000180593
77.69640000333311
89.11709999665618
80.23189999948954
81.12460000120336
80.7033999954001
84.2795999997179
82.94919999752892
79.59500000288244
75.47010000416776
76.83610000094632
79.66989999840735
90.04650000133552
81.91920000535902
83.98139999917476
83.64409999921918
78.4233000013046
73.32699999824399
76.77319999493193
78.75609999609878
76.77440000406932
75.08750000124564
84.27549999760231
72.27559999591904
73.34769999579294
72.29050000023562
73.58139999996638
71.30960000358755
67.24060000124155
70.66499999928055
72.21569999819621
71.16089999908581
84.97379999607801
74.58360000600806
74.92329999513458
70.12530000065453
74.26320000377018
74.25849999708589
71.88070000120206
73.07009999931324
73.36180000129389
73.70069999888074
85.47009999892907
74.34030000149505
72.80979999632109
72.62349999655271
82.7376999950502
76.20540000061737
78.09679999627406
75.0555999984499
71.7471999960253
70.41730000491953
86.30609999818262
69.37140000081854
75.77860000310466
69.07189999765251
67.83530000393512
69.4459999940591
67.39920000109123
65.10590000107186
68.82089999999152
67.9219000012381
78.09229999838863
68.24410000263015
70.5653999975766
72.23949999752222
67.76530000206549
69.89469999825815
71.48500000039348
69.18790000054287
66.62979999964591
65.88729999930365
77.17229999980191
66.21039999299683
65.72800000139978
66.48750000022119
75.04400000470923
68.23289999738336
66.54569999955129
66.38789999851724
68.11259999813046
68.56430000334512
76.03409999865107
70.59540000045672
71.70929999847431
67.98620000336086
66.1582000029739
66.77330000093207
65.2637999955914
65.76539999514353
66.1067999972147
63.49689999478869
73.53020000300603
64.1544999962207
63.56529999902705
67.60909999866271
68.1003999998211
67.6549000054365
67.1516000002157
73.62999999895692
79.97339999565156
75.3340000010212
86.86360000137938
62.81010000384413
64.20679999428103
64.37530000403058
64.32460000360152
64.4627000001492
69.04130000475561
65.85169999743812
64.1133000026457
65.33480000507552
82.08050000393996
65.63440000172704
71.2478999994346
67.96040000335779
64.496600003622
65.1335000002291
67.14040000224486
65.5482000001939
63.63349999446655
63.285699994594324
76.07500000449363
65.06159999844385
65.44389999908162
66.63989999651676
66.72880000405712
65.56239999918034
68.55889999860665
65.28160000016214
63.74810000124853
62.549899994337466
75.1520999983768
62.07039999571862
64.86930000392022
64.07420000323327
65.89330000133486
63.31789999967441
63.18779999855906
62.612400004582014
64.00900000153342
63.009499994223006
73.60920000064652
62.20990000292659
60.38139999873238
61.110399998142384
61.843799994676374
59.83610000112094
61.03869999788003
59.8796999984188
60.53940000128932
58.91630000405712
69.41320000623818
59.54319999727886
64.20540000544861
64.83429999934742
61.02349999855505
61.69900000531925
62.23179999506101
61.271600003237836
61.320699998759665
63.735499999893364
73.15450000169221
62.375100002100226
61.78329999966081
60.613900001044385
62.11280000570696
62.54559999797493
61.673999996855855
62.35799999558367
61.0266999938176
61.84670000220649
77.56199999857927
59.68540000321809
61.78689999796916
61.93409999832511
61.43270000029588
61.85659999755444
62.03530000493629
62.87230000452837
62.92509999911999
61.21539999730885
68.89509999746224
61.521199997514486
66.81899999966845
62.09520000265911
60.86370000411989
62.089500002912246
60.04820000089239
58.83960000210209
61.65409999812255
63.556000000971835
67.87689999327995
59.04960000043502
59.42500000674045
58.77119999786373
58.3383999983198
58.32389999704901
58.912899999995716
57.200000002922025
60.69059999572346
60.13779999921098
70.54250000510365
61.18579999747453
63.27600000076927
64.20639999851119
60.92239999998128
64.36869999743067
60.00619999394985
59.13210000289837
61.86229999730131
62.999499998113606
70.37829999899259
59.590600001683924
61.93809999967925
58.43019999883836
57.8864999988582
57.913999997253995
58.73129999963567
57.882699999026954
58.368400001199916
61.453700000129174
70.95220000337576
59.5644999993965
61.64790000184439
59.63779999729013
59.23619999521179
59.725999999500345
61.303499998757616
55.80470000131754
57.0956000010483
54.49070000031497
67.39199999719858
56.13749999611173
56.36679999588523
60.24220000108471
57.51929999678396
57.67270000069402
56.04579999635462
53.331000002799556
55.893700002343394
55.895899997267406
67.5593000050867
56.85290000110399
55.96240000159014
55.47849999857135
55.65139999816893
59.66510000143899
57.02690000180155
55.859699998109136
56.370599995716475
56.93530000280589
66.02620000194293
57.6266000061878
55.07020000368357
62.00879999960307
56.66969999583671
55.13509999582311
55.899999999383
55.286499999056105
56.276299997989554
54.928099998505786
65.91550000302959
56.65510000108043
51.81530000118073
53.94289999821922
54.748900001868606
58.1538000042201
57.18930000148248
54.067499993834645
51.14470000262372
58.489700000791345
66.54410000192001
53.62129999411991
55.860000000393484
54.18939999799477
53.52090000087628
53.51900000096066
53.02340000343975
50.3104000017629
52.537800002028234
52.11819999385625
63.103200001933146
52.900700000463985
53.45419999503065
51.93249999865657
53.372499998658895
52.564899997378234
52.24689999886323
49.90160000306787
51.67960000107996
51.92999999417225
62.280900005134754
50.589700003911275
52.240799996070564
50.764399995387066
53.496299995458685
51.43230000248877
52.46199999965029
50.8719999997993
52.47789999702945
52.14700000215089
62.99410000065109
49.80329999671085
55.92700000124751
51.14740000135498
51.298900005349424
52.34119999659015
51.32959999900777
51.23900000035064
52.77119999664137
51.83269999542972
62.89199999446282
51.97800000314601
53.29479999636533
52.45000000286382
53.333600000769366
52.78890000045067
54.134999998495914
55.090499998186715
54.32000000291737
53.79140000150073
64.41179999819724
52.24810000072466
55.915199998707976
54.61050000303658
53.980099997716025
55.876400001579896
56.1533000000054
55.51920000289101
57.16799999936484
54.85449999832781
65.4629000055138
54.51570000150241
56.04209999728482
54.27369999961229
54.3859999961569
54.98729999817442
54.42680000123801
54.60869999660645
53.89770000329008
56.15909999323776
65.80559999565594
54.40850000013597
54.62719999923138
52.288600003521424
52.35349999566097
52.9409000009764
52.07769999833545
54.38709999725688
55.60510000213981
53.44190000323579
64.34129999979632
53.861100001086015
54.08940000052098
52.208900000550784
53.062699997099116
52.9305000018212
50.29890000150772
52.293499997176696
53.66369999683229
51.67539999820292
61.48109999776352
52.157800004351884
51.19399999966845
50.05979999987176
50.86950000259094
50.604500000190455
51.24019999493612
53.01589999726275
49.36409999936586
52.78589999943506
62.08860000333516
54.753600001276936
51.56110000098124
48.85160000412725
51.16719999932684
52.0567999992636
54.51710000488674
49.798799998825416
51.07499999576248
49.380000004020985
60.534099997312296
49.81289999705041
52.24330000055488
51.40199999732431
48.90039999736473
48.28070000075968
50.500500001362525
50.69999999977881
50.091899996914435
51.56469999928959
60.19709999964107
50.28419999871403
48.50119999900926
50.771400005032774
50.23349999828497
47.44789999676868
49.78560000017751
48.700899998948444
49.363899997842964
49.88420000154292
58.69460000394611
51.090699998894706
50.52770000474993
52.17429999902379
50.20259999582777
50.03969999961555
51.31059999985155
51.30420000205049
55.30369999905815
51.25580000458285
61.490100000810344
51.23979999916628
51.008200003707316
50.34149999846704
53.59440000029281
50.256000002264045
51.364200000534765
49.351300003763754
49.7691999989911
48.04629999853205
60.720599998603575
50.12919999717269
50.77029999665683
50.56860000331653
50.442699997802265
49.90850000467617
50.04130000452278
50.841299998865
51.482400005625095
53.278299994417466
64.47040000057314
49.83310000534402
51.02420000184793
49.864300002809614
49.08439999417169
48.091199998452794
48.233699999400415
49.01449999306351
50.74750000494532
49.370799999451265
57.69290000171168
49.05180000059772
48.98200000025099
49.150699996971525
48.86100000294391
48.72310000064317
48.02480000216747
49.4475000014063
47.26739999750862
48.042300004453864
58.6498999982723
49.93509999621892
47.659800002293196
49.14950000238605
51.48410000401782
52.085899995290674
48.47919999883743
51.54919999768026
51.16709999856539
48.492000001715496
58.7253999983659
48.63669999758713
46.38780000095721
48.52379999647383
49.271500000031665
47.85040000570007
46.65530000056606
47.769199998583645
48.71560000174213
48.5467000034987
58.349200000520796
45.79160000139382
47.626300001866184
47.51580000447575
48.427399997308385
48.477999996975996
48.07939999591326
47.64869999780785
48.29230000177631
49.12549999426119
58.50540000392357
47.55999999906635
46.619799999461975
49.22960000112653
49.40789999818662
48.48540000239154
50.00879999715835
49.92520000087097
46.86760000186041
47.611900001356844
59.19900000299094
46.47629999817582
49.032199996872805
46.84589999669697
49.758000001020264
49.818300001788884
50.32089999440359
49.16680000314955
48.877200002607424
47.2446999992826
58.4346000032383
45.25870000361465
48.20099999778904
48.153899995668326
48.905900002864655
47.60330000135582
46.131000002787914
47.885499996482395
47.46769999474054
45.736200001556426
59.275999999954365
46.15090000152122
46.2243000001763
46.66720000386704
47.425599994312506
45.75299999851268
45.664199999009725
44.87930000323104
46.715900003619026
49.71600000135368
59.000200002628844
46.09679999703076
44.35589999775402
44.418299999961164
46.37150000053225
44.907199997396674
47.00310000043828
47.384400000737514
49.005699998815544
45.93709999608109
60.92760000319686
48.726900000474416
45.797599996149074
43.113899999298155
45.903300000645686
47.289500005717855
44.62929999863263
45.228999995742925
46.13279999466613
46.537499998521525
55.98409999947762
45.39729999669362
44.2890999984229
45.52339999645483
45.19989999971585
44.68330000236165
44.68489999999292
46.856900000420865
45.722299997578375
46.19300000194926
54.458500002510846
45.625300001120195
43.730500001402106
44.87459999654675
43.79820000031032
44.3513000063831
44.14900000119815
45.630200002051424
44.95630000019446
44.347600000037346
54.908800004341174
43.67099999944912
45.06050000054529
44.616099999984726
43.580500001553446
44.32490000181133
43.01329999725567
42.62889999517938
42.17459999927087
43.32570000406122
53.53639999520965
42.25149999547284
43.80500000115717
44.163500002468936
43.67149999598041
43.11479999887524
45.85149999911664
44.74320000008447
44.3197999993572
44.8815999989165
53.64180000469787
44.75820000516251
44.986300003074575
44.587000003957655
45.35970000142697
45.35149999719579
43.9942999946652
43.970799997623544
44.4119999956456
42.75969999434892
54.38150000554742
43.880999997782055
46.50199999741744
41.67579999921145
44.02280000067549
44.127900000603404
43.30099999788217
44.28050000569783
45.381199997791555
46.17030000372324
57.0062999977381
42.88790000282461
45.92059999413323
43.06019999785349
42.4637000032817
41.597699993872084
46.17000000143889
43.936200003372505
43.050799999036826
44.77249999763444
54.78969999967376
43.00659999717027
43.09790000115754
42.719400000351015
43.93100000015693
44.3130999992718
46.84189999534283
45.76519999682205
46.40759999892907
42.42779999913182
53.046100001665764
45.86360000394052
45.12370000156807
47.31010000250535
44.49190000013914
44.52049999963492
45.67809999571182
46.66630000428995
46.19049999746494
45.06209999817656
52.76710000180174
42.520900002273265
41.885499995260034
42.549800004053395
43.78739999810932
43.4400000012829
43.012000001908746
43.53419999824837
43.37859999941429
47.077399998670444
55.90159999701427
41.342500000610016
44.38479999953415
43.017299998609815
42.95110000384739
45.08949999581091
44.40319999412168
43.37690000102157
43.76179999962915
45.7962000000407
54.9507999967318
43.205699999816716
42.71889999654377
43.389999998908024
43.90170000260696
43.573399998422246
42.84840000036638
42.08459999790648
40.452399996866006
43.956199995591305
53.2355000032112
40.85109999869019
43.02080000343267
43.048899999121204
41.29319999628933
42.94899999513291
43.06129999895347
45.26590000023134
42.11850000137929
43.03090000030352
57.420299999648705
42.095400000107475
43.07870000047842
42.93139999936102
42.467799998121336
41.84229999373201
43.37890000169864
42.77169999841135
42.74720000103116
46.41779999656137
54.044900003646035
48.19760000100359
40.6793000001926
43.3195999939926
43.767699993622955
43.370200000936165
42.605900001944974
42.91680000460474
44.851200000266545
43.3132000034675
52.90509999758797
41.8160999979591
42.79069999756757
44.362599997839425
41.77409999829251
41.02069999498781
44.27749999740627
40.011700002651196
41.597199997340795
40.44850000354927
51.090900000417605
41.99189999781083
40.86959999403916
44.14020000695018
41.63420000259066
41.59110000182409
42.990900001314
42.375600001832936
42.544900003122166
44.224199999007396
54.511900001671165
43.61349999817321
42.85829999571433
38.33339999982854
42.692900002293754
41.39700000087032
40.830499994626734
41.99710000102641
41.06960000353865
38.424500002292916
50.897699999040924
40.46569999627536
42.03490000509191
41.60969999793451
40.93740000098478
40.333600001758896
39.84469999704743
42.532999999821186
40.63309999764897
40.892800003348384
49.02830000355607
42.13329999765847
42.375900004117284
41.376600005605724
41.071600004215725
41.08579999592621
40.07190000265837
42.14760000468232
42.89030000654748
41.671800005133264
51.47600000054808
41.01310000260128
41.11720000219066
40.62940000585513
40.86190000089118
39.80899999442045
39.59909999684896
42.2004000065499
42.545399999653455
41.26420000102371
52.75660000188509
41.74889999558218
39.81799999746727
41.71650000353111
39.92070000094827
41.71560000395402
40.851699995982926
40.48250000050757
40.5631000030553
41.657200003101025
53.229700002702884
40.36179999820888
42.0220000014524
45.83409999759169
40.54729999916162
41.26869999890914
41.80649999761954
40.41680000227643
43.696900000213645
44.72890000033658
51.94530000153463
41.91529999661725
42.07930000120541
38.68489999877056
41.361900002812035
41.2687000061851
39.49840000132099
41.647500002000015
42.40700000082143
39.535700001579244
51.54739999852609
39.08190000220202
42.76740000204882
44.10279999865452
41.64730000047712
40.68260000349255
41.6932000007364
39.44039999623783
40.72959999757586
38.9458999998169
54.54679999820655
41.83509999711532
38.988300002529286
41.10249999939697
40.563800001109485
40.24509999726433
38.34400000050664
40.28649999963818
41.662100004032254
41.73760000412585
51.10830000194255
41.4357999979984
40.002100002311636
40.85350000241306
39.12509999645408
42.08759999892209
43.41510000085691
45.10880000452744
41.82530000252882
43.66029999800958
55.419500000425614
38.11940000014147
40.892700002586935
42.388299996673595
39.368300000205636
40.883200003008824
40.370599999732804
41.65389999980107
40.759700001217425
42.98939999716822
51.20280000119237
44.41479999513831
43.99030000058701
41.652699997939635
41.39829999621725
42.19860000011977
40.62240000348538
42.79569999926025
42.43979999591829
41.19800000626128
53.77809999481542
43.16419999668142
43.65980000147829
43.484499998157844
42.85430000163615
41.43409999960568
44.58829999930458
44.10989999450976
41.77000000345288
41.177800005243625
51.00800000218442
40.56699999637203
41.362500000104774
41.657100002339575
42.01019999891287
38.77739999734331
41.37590000027558
41.696399995998945
39.585700003954116
39.85560000000987
49.24300000129733
45.9874999942258
41.21490000397898
44.00790000363486
41.71580000547692
40.771899999526795
43.52800000197021
42.13139999774285
41.68410000420408
39.203100001032
49.530399999639485
39.525700005469844
40.13649999978952
40.09539999970002
40.44489999796497
39.886099999421276
40.83620000164956
40.19160000461852
40.474399997037835
38.88359999837121
50.16299999988405
39.371200000459794
39.69340000185184
39.91479999967851
41.381300005014054
40.798999994876795
40.96820000268053
40.29820000141626
43.031699999119155
37.80469999765046
52.25339999742573
40.67650000069989
43.55529999884311
43.36749999492895
41.940200004319195
39.898000002722256
42.80680000374559
42.20480000367388
41.41189999791095
41.04979999829084
51.47539999597939
42.15309999563033
45.05809999682242
43.547499997657724
44.067399998311885
41.418199994950555
40.251200000057
41.91780000110157
41.65729999658652
40.78990000562044
59.68880000000354
41.50890000164509
45.28969999955734
44.0764999948442
43.65740000503138
44.31940000358736
43.5529000023962
43.706800002837554
43.351499996788334
43.30360000312794
50.98390000057407
42.00000000128057
44.3775999956415
41.79379999550292
39.88969999772962
43.554799995035864
45.17230000055861
46.08310000185156
43.99310000007972
44.623200003115926
47.31430000538239
46.21789999509929
43.14639999938663
41.41140000137966
41.86539999500383
44.2036000022199
42.63329999957932
45.69970000011381
43.43160000280477
42.45430000446504
53.445300000021234
42.61590000533033
42.41159999946831
41.57890000351472
43.99389999889536
41.993999999249354
42.805999997654
43.56660000485135
42.342299995652866
41.25539999949979
51.09210000227904
40.781799994874746
42.03319999942323
42.300799999793526
41.272599999501836
41.62390000419691
40.762099997664336
47.32499999954598
44.2174000054365
41.03390000091167
53.767099998367485
41.110400001343805
42.990699999791104
41.87190000084229
41.1171999949147
42.250099999364465
40.90229999565054
41.34820000035688
41.66629999963334
38.11940000014147
50.72849999851314
40.808300000207964
39.42960000131279
39.618299997528084
40.087199995468836
38.11249999853317
40.520100003050175
39.84369999670889
46.679999999469146
42.126799999095965
49.69149999669753
39.84849999687867
40.41069999948377
40.140500001143664
42.86490000231424
38.3399999991525
40.28680000192253
40.92350000428269
39.75519999949029
35.956100000476
48.15270000108285
38.37320000457112
38.47240000322927
41.01739999896381
39.98919999867212
38.38939999695867
39.3980000008014
39.64260000066133
39.85539999848697
38.685600004100706
48.48610000044573
39.048999999067746
38.70509999978822
40.85960000520572
40.026500006206334
40.188899998611305
41.67639999650419
42.064299996127374
42.39050000614952
39.9595999988378
50.065000003087334
39.13499999907799
39.4910000031814
39.910200001031626
44.04719999729423
41.29790000297362
39.40639999927953
39.92859999561915
39.152800003648736
39.16839999874355
48.349700002290774
38.942799998039845
40.24889999709558
37.26949999690987
38.62670000671642
39.10799999721348
39.24179999739863
42.73459999967599
37.97199999826262
37.95879999961471
49.61620000540279
38.54639999917708
41.340499999932945
42.42070000327658
39.818600002035964
41.55960000207415
36.561500004609115
38.899099999980535
39.35339999588905
38.241000002017245
48.53020000155084
37.529500004893634
38.55409999960102
38.87110000505345
37.583299999823794
38.75580000021728
37.27889999572653
38.37329999805661
36.93109999585431
36.99820000474574
46.57740000402555
35.92049999861047
39.54280000471044
36.893500000587665
38.40969999873778
37.30389999691397
34.61719999904744
37.63270000490593
37.40599999582628
36.9529000017792
49.79019999882439
36.38849999697413
36.05010000319453
36.034699995070696
36.98589999839896
38.94550000404706
36.38920000230428
34.260899999935646
35.60009999637259
37.08010000264039
45.020699995802715
36.503999996057246
36.38599999976577
34.91570000187494
35.81149999808986
36.04040000209352
37.88289999647532
36.55910000088625
39.68729999905918
37.04149999975925
46.33940000348957
37.474599994311575
36.813600003370084
37.13199999765493
36.96029999991879
38.083400002506096
36.02800000226125
37.157099999603815
36.0004999965895
36.22200000245357
45.06499999843072
35.32470000209287
38.971400004811585
35.300900002766866
38.7025999953039
36.34149999561487
37.80949999782024
38.688400003593415
36.03669999574777
35.89609999471577
47.69789999409113
36.08159999566851
39.04579999652924
36.31419999874197
39.33799999504117
37.71319999941625
38.64120000071125
36.494100000709295
36.276300001190975
36.97180000017397
46.196399998734705
36.01119999802904
37.190900002315175
40.16280000359984
34.25589999824297
36.610300005122554
36.154700006591156
36.75509999447968
37.21560000121826
43.950800005404744
49.000899998645764
37.40010000183247
44.58530000556493
38.77140000258805
37.35539999615867
37.66639999957988
37.815499999851454
34.24210000230232
36.79539999575354
35.44800000236137
45.94810000708094
44.955599994864315
39.89949999959208
37.39710000081686
36.8021000031149
34.80370000033872
33.26730000117095
33.69650000240654
37.37810000166064
36.503800001810305
45.95259999769041
36.87609999906272
38.36510000110138
37.65169999678619
37.200799997663125
38.235600004554726
38.35230000549927
38.46260000136681
38.257899999734946
36.43709999596467
45.12780000368366
38.28609999618493
35.96139999717707
39.51539999980014
35.77429999859305
34.03309999703197
37.02070000144886
37.548500004049856
38.57180000341032
37.85729999799514
48.00439999962691
35.081200003332924
35.33690000040224
38.7503999954788
39.284200000111014
34.72869999677641
36.09390000201529
36.300300002039876
34.829100004571956
32.86829999706242
44.53739999735262
33.74910000275122
34.210199999506585
33.90509999735514
33.51409999595489
33.90930000023218
33.1367999970098
34.38360000291141
34.15099999983795
32.43700000166427
42.40439999557566
34.674599999561906
35.29990000242833
36.03350000048522
34.88129999459488
35.623399999167304
34.81639999517938
37.29320000275038
35.43470000295201
34.510000004956964
43.9979000002495
33.722599997418
35.65389999857871
33.205899999302346
37.35969999979716
35.782500002824236
34.39950000029057
35.19890000461601
35.67560000374215
35.41389999736566
44.94010000053095
38.746999998693354
36.128400002780836
33.60690000408795
35.31360000488348
36.55040000012377
36.79149999516085
35.79319999698782
36.356199998408556
36.23379999771714
46.09350000100676
38.589999996474944
37.09820000221953
37.830299996130634
33.869300001242664
36.26100000110455
36.799100002099294
38.68499999953201
36.336899996967986
36.21729999576928
44.879900000523776
37.350400001741946
33.50050000153715
37.1586000037496
37.27249999792548
37.24379999766825
35.70139999646926
37.13259999494767
34.662999998545274
37.5278999999864
46.435700001893565
36.88500000134809
37.734800003818236
37.17490000417456
36.86330000346061
42.47610000311397
45.32449999533128
37.0552999956999
38.3367000031285
35.66560000035679
46.4295999991009
36.534800005028956
35.20399999979418
37.10789999604458
35.688999996636994
36.69880000234116
37.185900000622496
35.526500003470574
41.53829999995651
36.05919999972684
47.91839999961667
48.6903999990318
37.48999999515945
36.64019999996526
37.339099995733704
39.47070000140229
38.93989999778569
37.78249999595573
38.43059999780962
38.720599994121585
46.40849999850616
37.40690000267932
40.1272999952198
38.00570000021253
37.79979999671923
37.14349999791011
37.4459000013303
37.592699998640455
35.296300004119985
37.41900000022724
48.214499998721294
37.16649999842048
36.23499999957858
37.89340000366792
37.80700000061188
35.77629999927012
38.37819999898784
38.08700000081444
38.60939999867696
39.370899998175446
49.641700003121514
37.766699999338016
37.935899999865796
38.13439999794355
37.40680000191787
39.12839999975404
39.237600001797546
38.95059999922523
41.616299997258466
39.23249999934342
47.10519999935059
36.25520000059623
39.65779999998631
37.967600001138635
36.44460000214167
39.3261999997776
44.86289999476867
41.13900000083959
40.70320000028005
40.092099996400066
50.60209999646759
41.490299998258706
41.753700003027916
39.01380000024801
37.88489999715239
38.49649999756366
37.73190000356408
37.61590000067372
38.59720000036759
37.55039999668952
47.631299996282905
37.331100000301376
39.23439999925904
36.421000004338566
37.79970000323374
39.699900000414345
39.741000000503846
38.47410000162199
37.980000000970904
41.40909999841824
45.9262000003946
36.00230000301963
37.46780000074068
37.54230000049574
36.769600003026426
38.09419999743113
36.085699997784104
36.973399997805245
35.04350000002887
36.978399999497924
46.297699998831376
38.01240000029793
36.80150000582216
37.88850000273669
39.28069999528816
39.50949999853037
39.49000000284286
39.305700003751554
38.05669999564998
38.15450000547571
48.23279999982333
37.63469999830704
36.898099999234546
36.259100001188926
34.60409999388503
37.466699999640696
37.764599997899495
36.073000002943445
37.73670000373386
36.39869999460643
47.11189999943599
35.93249999539694
35.34790000412613
36.99190000043018
35.87120000156574
36.782000002858695
37.08850000111852
36.637299999711104
36.51900000113528
37.24050000164425
46.198500000173226
36.58440000435803
35.671999998157844
39.40899999724934
38.95310000370955
36.878500002785586
36.95039999729488
35.9147999988636
36.48320000502281
34.958899996127
44.62410000269301
35.00319999875501
35.417200000665616
35.57849999924656
39.939300004334655
39.866700004495215
35.927700002503116
34.379600001557264
35.69189999689115
35.366600000998005
44.57140000158688
35.01729999698
35.65369999705581
34.8978000038187
33.39459999551764
33.844800003862474
33.96410000277683
37.2949999946286
39.332399996055756
34.81399999873247
45.53630000009434
34.590099996421486
35.44500000134576
36.36540000297828
33.985499998379964
31.568200000037905
33.69300000485964
34.03930000058608
32.79750000365311
32.91180000087479
41.519200000038836
33.72289999970235
33.970700002100784
33.701500004099216
34.56709999591112
35.43830000126036
34.23740000289399
35.003500001039356
35.31779999320861
34.028699999907985
45.320600002014544
33.90930000023218
35.14269999868702
34.30560000560945
35.84509999927832
36.30689999408787
35.7157999969786
35.78469999774825
33.60950000205776
36.07529999862891
46.0495000006631
35.400899992964696
34.17619999527233
34.08320000016829
34.691799999563955
35.25890000310028
34.62209999997867
34.27640000154497
34.688499996264
35.42759999982081
45.67020000104094
34.01980000489857
34.371900001133326
34.48740000021644
35.548200001358055
36.917999997967854
33.421100000850856
34.09590000228491
34.254499994858634
33.890500002598856
46.84400000405731
34.56970000115689
34.118199997465126
34.502700000302866
36.356299999170005
39.772600001015235
35.16539999691304
33.77270000055432
35.429200004728045
35.15709999919636
43.8441000005696
34.865800000261515
35.13820000080159
32.27500000502914
34.22890000365442
33.784499995817896
33.25659999973141
34.290399999008514
34.83950000372715
33.87129999464378
42.53020000032848
34.52630000538193
34.747599995171186
33.87529999599792
34.64090000488795
35.5827000021236
34.500100002333056
34.81150000152411
34.432899999956135
31.607499993697274
45.261700004630256
34.08370000397554
35.01140000298619
42.12869999901159
35.393500002101064
37.219499994535
37.08819999883417
34.41279999969993
37.02099999645725
35.529000000678934
45.334900001762435
35.71109999757027
34.8909000022104
35.03749999799766
35.22469999734312
34.683900004893076
33.5997000001953
35.31750000547618
34.1720000069472
34.42240000003949
43.93820000404958
34.1584000052535
34.34090000519063
33.22469999693567
34.345599997323006
34.142399999836925
34.749700003885664
33.78820000216365
33.84830000140937
34.628599998541176
44.49100000056205
33.799299999373034
32.93390000180807
35.267799998109695
36.278999999922235
34.73400000075344
33.16330000234302
34.285299996554386
33.409999996365514
33.50559999671532
43.77720000047702
32.97040000325069
33.02290000283392
33.19100000226172
33.33320000092499
34.209700002975296
34.07100000185892
33.80319999996573
31.229300002451055
33.90169999329373
44.40049999539042
33.43499999755295
34.34329999436159
34.05390000261832
34.614500000316184
37.68309999577468
37.670000005164184
36.153499997453764
34.951099994941615
36.14690000540577
45.908799998869654
34.11539999797242
34.81090000423137
32.110000000102445
34.3769999963115
34.28560000611469
34.87830000085523
34.14840000186814
33.08429999742657
33.87939999811351
43.658100003085565
33.21210000285646
33.94240000488935
34.20100000221282
33.71519999927841
33.19779999583261
33.77270000055432
32.80909999739379
34.51620000123512
33.486699998320546
44.456700001319405
34.03419999813195
35.19670000241604
34.22389999468578
33.40129999560304
34.323899999435525
31.78009999828646
33.26779999770224
33.549799998581875
33.56310000526719
42.148799999267794
32.13339999638265
33.310099999653175
32.639899996866006
32.76049999840325
32.719200004066806
33.51759999350179
32.58769999956712
33.35870000591967
32.99400000105379
43.012499998440035
31.998600003134925
31.933500002196524
32.05789999628905
31.652300000132527
33.01620000274852
32.675900001777336
32.80770000128541
32.2230000019772
32.60739999677753
40.75250000460073
32.54420000303071
32.2225999989314
33.077600004617125
32.73120000085328
32.12150000035763
32.38309999869671
32.501900001079775
33.1131999992067
40.17029999522492
45.24899999523768
32.15970000019297
34.18650000094203
32.06159999535885
32.320699996489566
31.861100003879983
31.670299998950213
32.30549999716459
31.953799996699672
31.655300001148134
42.59870000532828
32.11530000407947
31.10999999626074
30.084999998507556
32.063900005596224
32.66230000008363
31.10000000015134
32.069499997305684
32.56359999795677
32.91190000163624
40.681700003915466
31.478099997912068
29.748600005405024
32.9831999988528
32.923499995376915
30.366599996341392
33.02669999538921
33.49080000043614
33.50569999747677
31.263600001693703
41.977199995017145
32.74989999772515
29.116700003214646
32.76279999408871
32.22719999757828
32.373600006394554
31.831799999054056
33.56359999452252
43.58219999994617
35.27580000081798
42.93399999733083
31.911600002786145
32.584599997790065
30.3185000011581
33.96250000514556
33.30860000278335
32.44389999599662
34.921599995868746
39.102499998989515
32.148800004506484
42.08420000213664
33.13150000030873
33.66539999842644
32.76049999840325
32.918499993684236
35.68049999739742
37.98549999919487
33.3355999973719
33.92549999989569
35.29069999785861
49.16009999578819
32.344999999622814
30.37179999955697
32.0928000001004
32.95870000147261
30.181800000718795
32.736400004068855
32.37579999404261
33.2600999972783
32.86649999790825
42.808800004422665
33.532900000864174
37.4394000027678
40.41209999559214
32.695800000510644
33.77840000030119
35.149199997249525
35.58210000483086
34.25650000281166
34.82120000262512
42.38379999878816
33.883300005982164
33.39910000067903
33.85110000090208
35.729700000956655
34.03460000117775
34.00329999567475
34.693500005232636
32.95380000054138
33.37570000439882
43.350799998734146
33.82279999641469
33.64139999757754
31.88650000083726
34.176200002548285
34.699000003456604
33.97200000472367
33.44150000339141
34.21910000179196
31.967299997631926
43.90090000379132
34.54060000512982
33.10639999835985
35.07349999563303
34.80279999348568
34.04030000092462
33.62180000112858
34.239599997818004
33.7123999997857
33.97680000489345
40.74479999690084
33.63579999859212
33.35009999864269
34.281700005522
32.306199995218776
33.32070000033127
33.23859999363776
32.812099998409394
33.18060000310652
33.375599996361416
42.872299993177876
33.91579999879468
32.94589999859454
34.35149999859277
33.595300003071316
32.245999995211605
37.10339999815915
36.2920000043232
37.687299998651724
33.37620000093011
43.77519999979995
33.588199999940116
34.45400000055088
33.36899999703746
34.13350000482751
33.665800001472235
33.99419999914244
33.324799995170906
40.20370000216644
38.7886000025901
46.62850000022445
37.099100001796614
33.53429999697255
34.26459999900544
34.47839999716962
32.86640000442276
34.047900000587106
33.864099998027086
35.22530000191182
33.84360000200104
43.346699996618554
33.32139999838546
33.208699998795055
34.231999998155516
34.6170000048005
31.481799996981863
33.82129999954486
34.03500000422355
32.0750999962911
32.62840000388678
42.35719999996945
32.99390000029234
33.124399997177534
31.15350000007311
33.49879999586847
37.943200004519895
39.673499995842576
37.64420000516111
32.649500004481524
33.35250000236556
47.625900006096344
41.231200004403945
31.914200000755955
33.47809999831952
32.52930000599008
33.566500002052635
33.302999996521976
33.561300006113015
33.31840000464581
33.845099998870865
43.95220000151312
33.52979999908712
31.817700000829063
34.2365999968024
33.97100000438513
34.08289999788394
35.28379999625031
35.17419999843696
34.033400006592274
33.98910000396427
43.79250000056345
34.96360000281129
34.2328999977326
34.418000002915505
34.295099998416845
34.09470000042347
35.34020000370219
31.829100000322796
33.486899999843445
34.06659999745898
44.55220000090776
34.13860000000568
32.34349999547703
33.777299999201205
34.43939999851864
34.81140000076266
36.334600001282524
34.57219999836525
35.76679999969201
37.815299998328555
45.22249999718042
36.615299999539275
34.798100001353305
34.18979999696603
35.46909999568015
35.09559999656631
35.31239999574609
40.08520000206772
41.18500000186032
42.37730000022566
51.306000001204666
40.869099997507874
38.07680000318214
38.67850000096951
36.93419999763137
39.9939999988419
37.92339999927208
41.231499999412335
43.247299996437505
41.10159999981988
52.93800000072224
37.56759999669157
36.61420000571525
38.58699999545934
36.5689999962342
36.94839999661781
37.80230000120355
37.74410000187345
37.30820000055246
38.563299996894784
47.870999995211605
39.15499999857275
37.9183999975794
37.7370999995037
40.26489999523619
36.05020000395598
36.920200000167824
36.608399997930974
36.63780000351835
37.28699999919627
47.34869999811053
37.11789999942994
34.61039999820059
36.25109999848064
40.90360000554938
39.81690000364324
39.05749999830732
40.847299998858944
39.99630000180332
37.749700000858866
45.77330000029178
35.94619999785209
34.65889999642968
34.43590000097174
36.05119999701856
35.11609999986831
34.602100000483915
35.0386000063736
34.79680000600638
35.35260000353446
44.44110000622459
34.805499999492895
35.79180000087945
34.25660000357311
35.08499999588821
32.84430000348948
35.45309999753954
40.94710000208579
38.3155999952578
36.034400000062305
46.00439999921946
33.45670000271639
35.59079999831738
35.71209999790881
36.3260000012815
36.82490000210237
36.61580000334652
35.446300003968645
35.57829999772366
35.076499996648636
45.86610000114888
35.9043999997084
35.284300000057556
36.56110000156332
38.77289999945788
35.318700000061654
35.84260000206996
35.15209999750368
35.6067000029725
34.442000003764406
44.87080000399146
36.421899996639695
35.633100000268314
35.187800000130665
36.394199996721
36.82210000260966
36.20769999542972
35.36310000345111
35.661400004755706
36.21900000143796
45.247800000652205
36.6716999997152
33.66770000138786
36.05309999693418
36.27520000009099
37.13930000230903
36.973899994336534
36.80200000235345
37.035500005003996
37.7373000010266
47.02839999663411
37.785900000017136
36.22110000287648
36.63360000064131
36.74660000251606
36.39129999646684
35.894200002076104
34.94380000483943
37.16310000163503
43.97380000591511
53.30530000355793
40.868700001738034
39.87310000229627
37.40960000141058
35.53309999551857
35.81500000291271
34.742000003461726
35.10480000113603
35.596800000348594
37.7195999972173
46.271799998066854
35.61259999696631
34.75089999847114
36.368699999002274
34.06189999805065
34.78130000439705
34.989100000530016
34.57860000344226
35.86229999928037
35.16400000080466
46.307500000693835
35.1714999997057
35.42800000286661
34.17020000051707
33.8082999951439
34.367100000963546
33.438200000091456
42.7378000022145
33.1958000024315
33.167400004458614
44.00629999872763
34.02099999948405
34.26799999579089
35.550400003558025
34.66540000226814
36.26549999898998
35.01649999816436
35.48479999881238
34.6547000008286
34.65349999896716
45.32070000277599
37.10990000399761
40.73980000248412
35.13820000080159
34.90040000178851
35.44550000515301
35.75090000231285
35.96020000259159
36.44640000129584
36.73220000200672
45.88789999979781
37.85079999943264
40.09470000164583
41.23989999789046
41.58689999894705
38.383999999496154
37.027299993496854
36.61660000216216
36.53679999843007
37.067500001285225
47.21310000604717
37.832200003322214
44.677099998807535
40.36130000167759
37.20639999664854
36.78260000015143
36.67529999802355
38.29359999508597
37.99260000232607
37.46780000074068
48.03700000047684
36.63830000004964
35.90719999920111
37.39950000453973
36.61320000537671
36.266700000851415
38.23240000201622
37.38500000326894
35.80589999910444
38.5798000061186
47.37100000056671
36.809099998208694
36.53090000443626
37.185900000622496
37.45390000403859
38.51950000534998
38.2129999998142
37.85809999681078
39.70020000269869
37.75099999620579
47.63259999890579
38.14329999295296
37.08049999841023
38.943399995332584
37.74169999815058
37.11459999612998
37.1785999959684
39.42820000520442
39.66509999736445
39.47160000097938
45.21820000081789
38.01499999826774
38.057099998695776
37.10900000442052
38.47789999417728
38.2129999998142
36.94109999923967
38.236299995332956
36.39890000340529
36.69839999929536
49.09130000305595
37.8911000007065
39.295700000366196
38.40679999848362
37.943700001051184
37.51670000201557
37.38329999760026
39.03780000109691
38.34330000245245
38.14110000530491
48.48100000526756
37.71520000009332
39.908099999593105
39.50210000039078
49.61719999846537
38.487799996801186
36.35980000399286
39.237899996805936
37.822199999936856
39.265199993678834
47.81370000273455
38.09229999751551
38.11709999718005
37.8841999990982
39.83010000229115
39.91999999561813
38.92279999854509
38.35049999906914
37.198199999693315
35.0006000007852
48.064899994642474
37.45889999845531
36.6855000029318
36.92079999746056
38.04569999920204
35.24399999878369
38.308800001686905
37.12480000103824
35.41959999711253
35.935200001404155
46.78190000413451
37.27980000257958
36.334299998998176
42.33850000309758
40.62030000204686
43.6520000002929
37.038599999505095
35.756199999013916
35.87680000055116
36.320399995020125
47.82789999444503
37.45530000014696
41.72649999964051
38.61000000324566
41.41269999672659
41.75979999854462
40.54609999730019
37.48809999524383
37.91730000375537
44.60560000006808
46.50470000342466
33.67920000164304
41.062299998884555
44.291800004430115
36.07150000607362
36.05430000607157
37.8433000005316
37.35420000157319
35.925999996834435
39.61700000218116
46.21900000347523
36.223499999323394
35.60429999924963
35.50360000372166
35.27390000090236
35.04640000028303
35.19629999937024
35.57369999907678
36.167899997963104
35.98570000031032
44.64699999516597
35.60719999950379
35.53000000101747
35.75960000307532
35.129100004269276
34.88970000034897
36.09510000387672
36.293200006184634
36.17379999923287
36.136899994744454
44.585299998288974
35.901600000215694
32.73990000161575
36.0348000031081
32.698199996957555
37.03010000026552
36.36679999908665
36.8769999986398
37.68120000313502
38.824299997941125
44.57959999854211
34.266299997398164
34.263200002897065
34.175600005255546
34.408400002575945
32.92269999656128
34.20609999739099
35.676699997566175
35.14469999936409
33.96640000573825
43.701700000383426
35.25449999870034
34.36440000223229
34.376800002064556
34.67069999896921
34.90659999806667
34.7710999994888
32.441700001072604
32.87899999850197
33.35209999931976
44.62179999973159
33.65990000020247
33.52959999756422
33.385899994755164
32.93629999825498
33.748399997421075
33.41260000161128
33.073499995225575
34.35029999673134
32.58649999770569
55.615299999772105
36.281699998653494
37.45340000023134
32.792400001198985
33.38079999957699
33.20949999761069
34.51729999505915
34.80330000456888
34.468600002583116
35.52240000135498
49.13420000229962
39.5663000017521
34.71809999609832
34.057600001688115
32.82739999849582
33.525500002724584
33.79270000004908
32.78370000043651
32.981199998175725
34.01809999922989
43.96519999863813
32.49719999439549
32.29080000164686
31.798799995158333
33.58059999300167
31.645000002754387
32.55419999914011
31.664299996919
31.249200001184363
31.812100001843646
47.18909999792231
35.91470000537811
31.473299997742288
31.512000001384877
31.45089999452466
32.19410000019707
30.981099997006822
32.253399993351195
32.48349999921629
31.709199996839743
42.20450000138953
35.846800004947
30.536999998730607
31.480999998166226
30.549700000847224
31.56650000164518
29.134099997463636
30.92149999429239
29.24939999502385
33.302800002275035
42.47530000429833
32.93470000062371
36.888799993903376
31.737500001327135
32.16470000188565
32.59979999711504
33.04339999885997
31.58629999961704
33.22739999566693
32.023499996284954
42.88580000138609
31.83260000514565
31.858100002864376
32.04910000204109
33.27530000387924
32.93560000020079
32.70790000533452
33.0623000045307
31.164599997282494
33.15210000437219
42.90909999690484
33.42540000448935
37.54140000091866
37.59169999830192
33.39330000017071
33.82669999700738
30.978399998275563
33.92490000260295
35.1888000004692
34.430100000463426
44.9637999990955
34.70240000024205
35.500499994668644
34.30360000493238
34.035999997286126
34.16099999594735
34.3570000040927
34.50600000360282
34.688600004301406
35.16230000241194
42.95719999936409
33.63749999698484
33.32490000320831
31.532399996649474
33.62850000121398
33.881299998029135
38.1065999972634
31.827899998461362
34.87869999662507
34.56759999971837
44.42900000140071
34.1201999981422
33.92170000006445
33.68889999546809
34.27960000408348
31.954899997799657
34.11729999788804
44.52510000555776
34.822699999494944
34.55730000132462
43.46860000077868
34.48269999353215
35.434500001429114
35.79589999571908
35.535700000764336
35.03039999486646
35.388700001931284
35.2058999997098
36.08070000336738
36.803599999984726
45.334900001762435
36.540100001730025
35.65679999883287
35.65309999976307
35.466199995425995
36.14899999956833
35.46220000134781
33.60100000281818
34.21850000449922
33.91840000404045
44.33620000054361
34.326300003158394
34.11010000127135
34.25499999866588
34.60439999616938
36.714200003189035
33.11760000360664
35.08960000181105
36.28570000000764
33.57089999917662
45.52279999916209
31.722400002763607
33.47400000347989
35.383499998715706
34.75150000303984
34.77099999872735
34.370399996987544
34.2843999969773
35.16069999750471
33.93789999972796
43.72610000427812
33.457999998063315
34.16580000339309
33.86129999853438
33.74980000080541
32.281700005114544
33.803600003011525
38.56459999951767
36.45049999613548
35.08750000037253
50.01010000705719
36.63629999937257
34.248800002387725
31.757699995068833
36.55349999462487
34.37479999411153
33.99050000007264
33.38919999805512
34.018700003798585
33.28180000244174
43.617199997243006
34.761200004140846
33.9557999977842
33.97170000243932
33.41289999661967
33.80410000681877
34.40750000299886
34.899500002211425
33.50199999840697
33.65180000400869
50.59359999722801
34.92559999722289
36.63189999497263
34.02980000100797
33.83860000030836
31.483200000366196
33.271499996772036
33.094899998104665
32.7497999969637
33.7024000036763
42.69090000161668
31.12890000193147
32.74750000127824
32.255099999019876
34.40969999792287
31.79910000471864
33.00339999987045
31.846499994571786
32.23190000426257
32.0175000015297
41.99359999620356
32.2706000006292
32.30030000122497
33.05559999716934
33.024600001226645
32.61059999931604
33.47110000322573
32.99649999826215
33.007899997755885
33.06910000537755
42.81530000298517
32.92409999994561
32.744099997216836
33.450000002630986
33.034799998858944
32.67700000287732
33.29720000328962
29.581300004792865
34.8433000035584
32.31930000038119
42.391700000735
34.084200000506826
34.236799998325296
37.263000005623326
34.16989999823272
37.58340000058524
32.90949999791337
33.92290000192588
31.52149999368703
30.866000000969507
43.731599995226134
31.783400001586415
33.172399998875335
31.8766999989748
32.54900000320049
31.85769999981858
31.44089999841526
33.32850000151666
32.35770000173943
33.579099996131845
42.57879999931902
33.52509999967879
32.57080000184942
30.58519999467535
34.05960000236519
32.55640000134008
34.563400004117284
37.425999995321035
38.52979999646777
36.460200004512444
43.566599997575395
33.138400001917034
38.21350000362145
33.94549999939045
33.14709999540355
33.66120000282535
33.28270000201883
33.37210000609048
32.90060000290396
32.86540000408422
43.61590000189608
33.046200005628634
33.9038999954937
31.118499995500315
34.03719999914756
33.41530000034254
34.03219999745488
34.69329999643378
33.474400006525684
35.187599998607766
43.810800001665484
33.2027000040398
34.00800000235904
33.60149999934947
33.58019999723183
33.223599995835684
34.65929999947548
36.70889999921201
30.213799997000024
32.272500000544824
41.77740000159247
33.765299995138776
33.031999999366235
33.360800000082236
32.61750000092434
42.50280000269413
37.98119999555638
35.08210000291001
33.030399994459
35.39399999863235
47.849000002315734
35.013300002901815
36.43960000044899
32.19280000485014
33.87239999574376
29.816599999321625
32.21470000426052
29.257199996209238
32.28359999775421
29.446799999277573
48.15180000150576
36.49359999690205
33.68620000401279
33.411600001272745
34.88900000229478
34.149999999499414
32.749099998909514
33.18329999456182
29.100400002789684
31.259000003046822
40.86029999598395
31.845999998040497
29.794300004141405
31.735200005641673
31.570300001476426
30.86089999851538
29.13770000304794
31.140099999902304
34.90520000195829
34.72009999677539
46.396900004765484
33.14499999396503
34.749400001601316
29.576600005384535
31.94989999610698
32.08209999866085
32.371399996918626
31.440000006114133
32.44550000090385
31.686599999375176
41.16780000185827
32.429200000478886
30.9551999962423
31.912599995848723
31.12899999541696
30.97669999988284
31.323200004408136
30.4829000015161
30.377799994312227
31.229799998982344
37.345700002333615
29.47190000122646
31.159699996351264
30.210400000214577
27.95440000045346
30.00570000585867
29.785499995341524
30.114599998341873
29.321499998332
29.45270000054734
40.14699999970617
31.861999996181112
29.37499999825377
29.19850000034785
28.55260000069393
27.12469999823952
28.490699995018076
28.553799995279405
29.49850000004517
30.945600003178697
40.34200000023702
30.80930000578519
29.509399995731656
29.72589999990305
29.109399998560548
30.496999999741092
31.39299999747891
27.538500005903188
29.479100005119108
30.943899997510016
37.273399997502565
29.98669999942649
35.87159999733558
35.330200000316836
30.13199999986682
31.338499997218605
32.48639999947045
30.032499998924322
31.9971000062651
30.75870000611758
39.7886999999173
30.60870000626892
31.273799999326002
30.148699996061623
29.97270000196295
30.106999998679385
30.130599996482488
30.8701000030851
30.801000000792556
30.12769999622833
37.86070000205655
30.647999999928288
31.742099999974016
31.517199997324497
31.25960000033956
31.004599994048476
32.025599997723475
31.500600001891144
31.939600004989188
30.82420000282582
44.8407000003499
30.663099998491816
30.86749999783933
30.796899998676963
31.870800004980993
29.799500000081025
32.255099999019876
27.128499998070765
29.724700005317573
29.73020000354154
38.59750000265194
28.950499996426515
30.302099999971688
29.175800002121832
30.779400003666524
30.87490000325488
30.24569999979576
30.417399997531902
32.04629999527242
30.88920000300277
39.41769999801181
29.45959999487968
30.9311999953934
31.97879999788711
30.8186000038404
31.220199998642784
30.07909999723779
31.30080000119051
30.662800003483426
30.486499999824446
40.14330000063637
31.15319999778876
30.77569999732077
32.443300005979836
36.418800002138596
30.3113999980269
30.384400000912137
37.80489999917336
32.141799994860776
31.467100001464132
40.87850000360049
30.213199999707285
30.20969999488443
30.546499998308718
30.262399995990563
30.13449999707518
30.51419999974314
30.12009999656584
29.489400003512856
29.097900005581323
41.16040000371868
30.511799996020272
29.588799996417947
30.22419999615522
30.51699999923585
31.005900003947318
30.979900002421346
30.199200002243742
33.02070000063395
30.935800001316238
39.86520000034943
31.011999999464024
29.60039999743458
30.796599996392615
31.107900002098177
31.46770000603283
31.32280000136234
30.279900005552918
28.549199996632524
30.213799997000024
40.29399999853922
30.52449999813689
30.549200004315935
30.411100000492297
30.25290000368841
32.01179999450687
31.75139999802923
31.027900004119147
32.13220000179717
31.31269999721553
38.43290000077104
31.76839999650838
31.072500001755543
31.766899999638554
30.81380000367062
32.8631000011228
30.624299994087778
30.053599999519065
29.258199996547773
31.376799997815397
40.81830000359332
30.00130000145873
29.46700000029523
31.34460000001127
31.036300002597272
30.762299997149967
29.997700003150385
31.89140000176849
30.104500001471024
29.66790000209585
39.55300000234274
27.859100002388004
29.38729999732459
30.33500000310596
30.0818999967305
29.671199998119846
29.521800002839882
29.249899998831097
30.1712000000407
30.365500002517365
40.522799994505476
29.748699998890515
30.2432000025874
30.677200003992766
29.300400005013216
29.61729999515228
29.818899995007087
30.3284999972675
33.24939999583876
30.770400000619702
40.30809999676421
30.567399997380562
29.421699997328687
30.39149999676738
29.895799998485018
30.392200002097525
30.322799997520633
31.303800002206117
30.883100000210106
28.938599993125536
40.67550000036135
29.780099997879006
27.980300001217984
28.451000005588867
28.867999993963167
29.40150000358699
29.264400000101887
29.5274000018253
30.10230000654701
29.647600000316743
38.31260000151815
28.510399999504443
29.1815000018687
28.387199999997392
36.37710000475636
33.36409999610623
31.270999999833293
30.841700005112216
29.33399999892572
31.25700000236975
40.35890000523068
28.58410000044387
29.989199996634852
29.513499997847248
29.944800000521354
29.088899995258544
29.838000002200715
26.058999996166676
26.758600004541222
30.131400002574082
41.822099999990314
29.35530000104336
29.381300002569333
29.775700000755023
30.28229999472387
27.876599997398444
30.122099997242913
29.051299999991897
29.84900000592461
27.365199995983858
44.52350000065053
32.22790000290843
29.676300000573974
29.808900006173644
28.940800002601463
30.30340000259457
29.233699999167584
29.934300000604708
29.64340000471566
30.073999994783662
39.605600002687424
28.168400000140537
30.416200002946425
29.562499999883585
29.543899996497203
30.181800000718795
30.999399998108856
31.87880000041332
30.600299993238878
30.537300001014955
41.50810000282945
31.003800002508797
30.76899999723537
30.276799996499904
30.20229999674484
29.97499999764841
30.179800000041723
31.67350000148872
32.25850000308128
31.227200001012534
42.76740000204882
33.31719999550842
33.98179999931017
31.1437999989721
33.81269999954384
37.149600000702776
35.09750000375789
30.890800000634044
30.978299997514114
30.983299999206793
39.85850000026403
33.910099999047816
33.651199999439996
31.940399996528868
31.122500004130416
31.76290000556037
30.827100003079977
31.30379999493016
31.127300004300196
31.436800003575627
38.39690000313567
31.854099994234275
31.858400005148724
32.63890000380343
30.16159999970114
30.31639999971958
29.632400000991765
30.375999995158054
30.184300005203113
30.757799999264535
39.3677000029129
33.44189999916125
32.477900000230875
32.60890000092331
32.80570000060834
31.786000006832182
31.251799999154173
30.68119999807095
31.088100004126318
31.530100000964012
40.21840000496013
30.898500001057982
31.048400000145193
31.841299998632167
32.65999999712221
30.963999997766223
31.28889999788953
30.587400004151277
29.81739999813726
29.80530000058934
42.32559999945806
30.555199999071192
31.17020000354387
30.107400001725182
31.413999997312203
34.04169999703299
32.17029999359511
31.757400000060443
31.735999997181352
30.087099999946076
40.98620000149822
30.079700001806486
30.729300000530202
29.116800003976095
30.782599998929072
29.787400002533104
29.6574000021792
31.072399993718136
29.98200000001816
29.479900003934745
38.8394999972661
28.013399998599198
29.165899999497924
29.172500006097835
29.617300002428237
28.676100002485327
30.48560000024736
29.983200001879595
30.181000001903158
28.781300003174692
38.07059999962803
29.813400004059076
30.51200000481913
31.47940000053495
30.095199996139854
30.939199998101685
30.259799998020753
29.634899998200126
28.59809999790741
29.59959999861894
36.28659999958472
27.703899999323767
29.090999996697064
28.07110000139801
29.006099997786805
28.569600006449036
28.516500002297107
28.435300002456643
29.03869999863673
29.327399999601766
38.91269999439828
29.701999999815598
30.441399998380803
29.666900001757313
29.145699998480268
27.496000002429355
28.855100004875567
28.074799993191846
28.70710000570398
28.342900004645344
36.67120000318391
28.978700000152458
30.175100000633392
29.993399999511894
28.96139999938896
28.31729999888921
29.45960000215564
28.411499995854683
29.088399998727255
26.802300002600532
40.40000000532018
29.30690000357572
28.86150000267662
30.365499995241407
27.1197000038228
29.79369999957271
28.891599999042228
27.76080000330694
28.4551000004285
27.585899995756336
39.14489999442594
28.74030000384664
29.327999996894505
29.13359999365639
30.072200002905447
28.961800002434757
28.684099997917656
27.878399996552616
28.969500002858695
28.80849999928614
38.39739999966696
28.40920000016922
28.746099997079
28.92960000463063
29.466599997249432
26.238399994326755
25.729599998157937
29.86160000000382
29.444599997077603
28.134599997429177
37.945600000966806
28.35810000397032
29.479899996658787
29.189200002292637
28.565000000526197
28.039999997417908
27.679999999236315
29.491300003428478
28.706000004603993
29.290600003150757
38.43390000110958
28.9416000014171
28.696699999272823
29.490000000805594
28.758599997672718
29.103299995767884
28.34140000049956
28.55680000357097
26.499200001126155
31.157199999142904
37.54820000176551
31.351499994343612
28.49179999611806
28.420700000424404
31.672600001911633
29.855400003725663
30.927499996323604
31.16750000481261
28.778499996406026
27.481600001920015
38.73159999784548
25.618599996960256
29.91230000043288
28.216700004122686
28.915800001414027
28.211700002430007
29.151399998227134
27.958999999100342
28.22089999972377
27.48309999878984
38.667000000714324
27.72990000084974
28.68020000460092
28.934900001331698
28.31480000168085
27.428500005044043
29.025200004980434
29.24429999984568
27.66459999838844
28.20219999557594
35.02660000231117
28.84989999438403
27.746900006604847
27.261700000963174
28.923099998792168
31.667100003687665
30.031599999347236
29.199600001447834
27.643900000839494
29.277000001457054
38.633000003756024
28.44580000237329
28.768899996066466
28.884400002425537
28.13400000013644
27.569400001084432
28.96879999752855
29.504499994800426
28.13879999303026
29.621299996506423
38.25639999558916
27.26470000197878
27.501100004883483
26.916099996014964
28.1743000014103
27.585900003032293
27.608099997451063
26.902899997367058
27.738499993574806
28.365199999825563
37.81389999494422
30.058800002734642
30.065999999351334
27.950600000622217
28.916700000991113
28.180699999211356
28.08079999522306
30.41549999761628
26.100200004293583
28.56430000247201
37.43830000166781
29.186799998569768
28.601599995454308
29.427399997075554
29.451499998685904
28.996399996685795
28.69220000138739
28.224599998793565
29.6606999982032
28.422800001862925
38.78919999988284
28.744799994456116
28.69259999715723
27.681600004143547
29.017400003795046
28.969200000574347
29.221100005088374
28.52810000331374
28.858399993623607
28.198200001497753
35.741899999266025
26.61159999843221
29.45699999690987
30.125800003588665
29.06549999897834
28.6541000023135
28.326500003458932
28.522399996290915
29.383299995970447
29.311099999176804
37.01559999899473
30.559500002709683
29.608200005895924
29.826699996192474
28.77979999902891
30.13420000206679
29.95760000339942
29.531200001656543
28.83970000402769
29.734499999904074
41.626599995652214
29.068899995763786
27.594899998803157
27.06680000119377
26.486599999770988
29.75970000261441
29.55130000191275
28.79889999894658
28.293900002609007
28.340899996692315
40.37899999821093
29.34550000645686
28.25960000336636
29.06339999753982
29.315400002815295
28.67990000231657
28.425800002878532
29.53729999717325
28.973899999982677
28.97300000040559
38.85930000251392
28.74819999851752
29.097400001774076
29.707800000323914
28.686899997410364
27.87940000416711
28.214099998876918
27.055099999415688
27.72469999763416
29.21739999874262
38.0347999962396
28.406400000676513
25.982099999964703
29.301000002305955
28.691899999103043
28.347300001769327
28.443199997127522
30.818899998848792
28.55210000416264
30.838099999527913
41.36179999477463
28.68519999901764
26.818199999979697
29.2297000050894
29.83690000110073
29.70629999617813
27.958499995293096
28.707900004519615
29.399700004432816
28.758699998434167
35.60109999671113
26.816999998118263
28.516899998066947
28.543300002638716
29.27540000382578
29.273899999679998
29.26889999798732
28.80890000233194
30.17800000088755
29.269600003317464
40.135400005965494
29.656200000317767
30.191300000296906
31.56009999656817
31.81419999600621
32.337000004190486
31.288599995605182
27.723700004571583
31.690900003013667
31.568399994284846
40.851600002497435
31.668900002841838
29.829099999915343
27.367599999706727
30.103899996902328
29.899000001023524
30.376199996680953
26.864799998293165
29.501999997592065
30.01360000052955
39.692700003797654
30.399499999475665
30.04979999968782
29.463600003509782
30.147700002999045
30.009800000698306
29.733700001088437
30.50519999669632
30.46320000430569
29.756099997030105
38.43400000187103
28.945700003532693
26.58030000020517
29.9412999956985
30.706100005772896
29.791400003887247
29.102200001943856
26.977900000929367
30.219199994462542
29.63179999642307
40.31839999515796
29.414699994958937
31.062699999893084
30.261899999459274
29.625999995914754
30.353900001500733
29.523799996240996
30.973999993875623
30.402199998206925
30.04759999748785
39.968899996893015
33.11840000242228
30.740900001546834
33.78969999903347
34.84849999949802
31.36419999646023
30.465199997706804
31.434700002137106
31.04460000031395
30.943900004785974
40.01060000155121
31.08050000446383
30.218699997931253
31.543900004180614
31.76299999904586
31.941099994583055
30.592499999329448
30.767199998081196
29.71879999677185
30.749600002309307
40.82030000427039
31.5065999966464
30.55750000203261
29.63399999862304
31.247499995515682
36.26619999704417
30.36430000065593
29.82950000296114
29.733900002611335
30.58459999738261
40.54000000178348
30.416899993724655
30.554999997548293
29.80299999762792
31.15560000151163
30.78799999639159
31.156700002611615
30.544000001100358
31.192700000246987
31.033799998112954
40.98169999633683
31.76089999760734
31.133699994825292
31.153900003118906
31.45829999994021
31.15569999499712
31.74120000039693
30.44699999736622
30.506199997034855
29.94340000441298
39.85180000017863
29.485400002158713
30.370000000402797
30.454700005066115
31.450199996470474
29.610300000058487
29.765700004645623
30.188600001565646
30.368699997779913
29.895899999246467
40.14469999674475
29.773499998555053
30.360500000824686
30.080500000622123
31.674500001827255
29.018200002610683
30.809099996986333
29.82559999509249
30.276100005721673
30.375000002095476
39.81489999569021
31.059400003869087
29.64349999820115
29.671099997358397
30.82160000485601
30.955700000049546
30.180000001564622
30.455000000074506
30.47789999982342
27.58950000134064
40.47069999796804
30.334299997775815
29.499199998099357
30.824500005110167
29.89739999611629
30.403700002352707
30.839499995636288
30.032199996639974
31.412500000442378
30.27309999743011
40.93719999946188
30.798500003584195
30.286599998362362
31.36540000559762
34.00919999694452
32.67240000423044
33.09140000055777
32.14099999604514
30.14919999986887
28.394200002367143
40.232100000139326
30.787099996814504
31.648500000301283
31.645600000047125
30.11010000045644
28.020799996738788
30.026699998416007
29.376399994362146
30.384999998204876
30.167999997502193
39.426800001820084
29.87589999975171
29.74940000422066
30.401600000914186
27.06919999764068
31.85720000328729
29.754099996353034
31.163500003458466
31.129599999985658
30.57730000000447
42.31749999598833
32.0272999961162
31.77579999464797
30.534699995769188
30.639499993412755
31.121100000746083
32.12079999502748
31.976800004485995
27.63799999956973
31.07379999710247
41.10509999736678
31.64909999759402
30.605100000684615
30.688299993926194
30.70040000602603
29.940100001113024
30.99550000479212
31.213399997795932
30.97400000115158
30.161800001224037
41.110500002105255
29.88550000009127
31.095600003027357
31.207499996526167
30.719799993676133
30.672400003822986
30.276299999968614
29.91959999781102
29.680800005735364
30.029699999431614
42.653800002881326
27.44389999861596
29.4281000024057
29.91669999755686
30.460399997537024
31.118099999730475
29.79139999661129
31.015500004286878
31.30030000465922
31.356800005596597
42.09399999672314
29.54180000233464
29.03659999719821
31.398900006024633
31.759899997268803
30.97379999962868
35.03669999918202
28.675000001385342
28.882200000225566
28.671799998846836
38.90349999710452
27.97650000138674
28.943500001332723
27.176200004760176
29.447099994285963
28.630100001464598
29.507000006560702
30.238299994380213
29.01700000074925
29.070800002955366
38.059300000895746
29.063599999062717
29.181700003391597
28.974100001505576
28.394200002367143
26.71389999886742
30.322699996759184
28.40680000372231
28.852800001914147
29.022900002019014
38.86929999862332
28.78959999361541
28.710099999443628
28.29369999381015
29.15200000279583
29.23670000018319
29.511599997931626
28.3248999985517
29.731299997365568
30.83429999969667
40.3465999988839
27.072900003986433
29.172900001867674
27.73429999797372
27.602400004980154
36.40379999706056
31.556599999021273
30.95799999573501
30.876400000124704
28.51129999908153
37.13910000078613
28.540500003146008
31.345299998065457
30.46310000354424
30.020099999092054
30.350600005476736
28.050200002326164
28.106499994464684
28.62469999672612
28.43629999551922
40.09640000003856
25.973899995733518
28.343399993900675
25.570199999492615
27.17619999748422
28.34430000075372
31.70979999413248
28.236400001333095
26.694699998188298
28.192899997520726
36.18099999584956
28.171500001917593
27.320100001816172
25.318300002254546
27.389100003347266
27.93509999901289
28.143900002760347
29.2221999989124
28.736899999785237
25.717500000610016
35.90019999683136
27.225099998759106
33.811499997682404
31.4241999949445
31.195000003208406
30.360800003109034
29.088599992974196
30.55329999915557
28.557999998156447
29.10399999382207
38.73659999953816
29.682400003366638
28.667999999015592
29.208899999503046
28.638000003411435
28.768500000296626
28.84279999852879
28.982000003452413
29.954600002383813
27.701200000592507
38.64629999588942
28.381999996781815
28.48979999544099
28.51099999679718
28.531799995107576
29.223199999250937
28.11680000013439
28.591599999344908
29.069399999571033
28.672100001131184
43.62769999715965
29.079499996441882
26.866599997447338
30.04250000230968
28.88290000555571
28.992699997616
28.9517999990494
29.509400003007613
29.431200004182756
28.996500004723202
37.046099998406135
32.61529999872437
28.369100000418257
29.35810000053607
28.953499997442123
29.951299999083858
28.161000002000947
29.395700003078673
27.66439999686554
28.56690000044182
37.29489999386715
29.101800006174017
28.120099996158388
30.363400001078844
27.770399996370543
28.16729999904055
28.473699996538926
27.382300002500415
29.04329999728361
28.02209999936167
37.60270000202581
28.202299996337388
28.16259999963222
27.683700005582068
29.335200000787154
28.56189999874914
29.965900001116097
26.63839999877382
27.43929999996908
28.164000003016554
35.906400000385474
27.64279999973951
27.546100005565677
29.889500001445413
27.37619999970775
28.04399999877205
27.44389999861596
27.830200000607874
26.24170000490267
26.76919999794336
37.41759999684291
26.70360000047367
27.951099997153506
27.507899998454377
28.396199995768256
28.723399998852983
28.151400001661386
29.1402000002563
28.63200000138022
28.296800002863165
38.35589999653166
29.105699999490753
28.78910000436008
27.63799999956973
28.664500001468696
28.384500001266133
27.561499999137595
29.315600004338194
25.672600000689272
27.665699999488425
42.79819999646861
30.151000006299
28.291400005400646
34.06900000118185
32.11459999874933
29.432199997245334
28.553799995279405
30.795799997576978
28.652300003159326
29.257000001962297
39.168499999505
28.224800000316463
27.99290000257315
29.187100000854116
28.563699997903313
30.372900000656955
28.20479999354575
28.61980000307085
28.582399994775187
27.92310000222642
37.4971999990521
28.068600004189648
27.69300000363728
27.547199999389704
27.62990000337595
27.272199993603863
28.08029999869177
27.615200000582263
27.11529999942286
25.55489999940619
37.19110000383807
28.98750000167638
27.63839999533957
27.428299996245187
27.542899995751213
29.107000002113637
29.787999999825843
29.012999999395106
28.192300000227988
28.797000006306916
37.80410000035772
28.4313000011025
29.713599993556272
28.524100001959596
29.54489999683574
28.58890000061365
28.51099999679718
28.17949999734992
29.277100002218504
28.98799999820767
37.94610000477405
28.953000000910833
28.33929999906104
28.118100002757274
29.96490000077756
28.724600000714418
28.471799996623304
28.12380000250414
28.96150000015041
28.188600001158193
38.53900000103749
28.413400003046263
36.00189999997383
32.9831999988528
31.985199995688163
30.71059999638237
29.18119999958435
29.405299996142276
29.53700000216486
29.279499998665415
38.37790000397945
28.466900002968032
28.482900001108646
29.547899997851346
28.212099998199847
29.942399996798486
28.92950000386918
27.740300000004936
28.050499997334555
28.9684999952442
38.67960000206949
27.80229999916628
28.01019999606069
27.873499995621387
28.75550000317162
30.91380000114441
28.36609999940265
26.233299999148585
25.655099998402875
27.014500003133435
38.02870000072289
27.30400000291411
25.937699996575247
29.52229999937117
29.955399993923493
29.111999996530358
29.066299997793976
29.86349999991944
28.925300000992138
26.967800004058518
37.16539999732049
27.772599998570513
26.38930000102846
29.372900004091207
29.07960000447929
25.086999994528014
27.609000004304107
27.824500000861008
28.00310000020545
28.231500000401866
38.332600001012906
27.241499999945518
28.175999999803025
27.73670000169659
27.402399995480664
28.82310000131838
27.617799998552073
27.849099999002647
29.141899998649023
30.433899999479763
42.92179999902146
28.730500001984183
27.71710000524763
25.07270000205608
26.699599999119528
27.84080000128597
27.186300001631025
27.137899996887427
32.71709999535233
29.9144000018714
39.862199999333825
26.185899994743522
28.89340000547236
27.711000002454966
29.899499997554813
27.6912999979686
32.04659999755677
31.982200001948513
31.6199000008055
30.596099997637793
40.19699999480508
28.5476999997627
30.69870000035735
29.536099995311815
28.909200002090074
29.33849999681115
28.637600000365637
30.715900000359397
34.621899998455774
30.721199997060467
41.00720000133151
29.706199995416682
29.73299999575829
31.15869999601273
28.853700001491234
29.816499998560175
28.176799998618662
32.02489999966929
32.358900003600866
31.217199997627176
40.075000004435424
29.773599999316502
27.92799999588169
29.214399997727014
29.310600002645515
28.494600002886727
29.869300000427756
29.13270000135526
29.030599995166995
29.78129999974044
38.58179999951972
27.841700000863057
28.743800001393538
32.850899995537475
32.262100001389626
28.58869999909075
28.123100004449952
29.37220000603702
28.889000001072418
29.311099999176804
41.12680000253022
31.033100000058766
28.82740000495687
29.420599996228702
28.50670000043465
30.456600004981738
28.144299998530187
29.69149999989895
28.200500004459172
29.660800006240606
41.45490000519203
31.338900000264402
29.97049999976298
30.89180000097258
31.681100001151208
29.976300000271294
27.08620000339579
28.089499995985534
28.75260000291746
29.001300004892983
41.33459999866318
33.05669999826932
31.047500000568107
29.63140000065323
29.97789999790257
27.706600005330984
27.922399996896274
29.615200000989717
28.577199998835567
32.35159999894677
38.66360000392888
29.3558999983361
29.041400004643947
29.303299997991417
25.911500000802334
29.492800000298303
28.129500002251007
26.72069999971427
29.98039999511093
34.72909999982221
40.59350000170525
30.258600003435276
26.460799999767914
27.45620000496274
27.585199997702148
26.905099999567028
27.029600001696963
27.536800000234507
26.48169999883976
26.677699999709148
36.60110000055283
28.55499999714084
26.18570000049658
28.156300002592616
29.651699995156378
30.11039999546483
27.768600004492328
31.703900000138674
36.077900003874674
33.90129999752389
42.039599997224286
27.603399998042732
25.025400005688425
27.3425000050338
26.889399996434804
28.227599999809172
28.164799994556233
27.920100001210812
25.43889999651583
28.834500000812113
38.325599998643156
26.943900003971066
27.560700000321958
27.270600003248546
28.593400005775038
28.314099996350706
25.183200006722473
25.921100001141895
27.932499993767124
28.178200002002995
40.159999996831175
28.641199998673983
31.480400000873487
30.573199997888878
32.022999999753665
32.43710000242572
28.272700001252815
28.214500001922715
27.39280000241706
28.507700000773184
35.20330000173999
28.505399997811764
29.706700006499887
29.67190000344999
27.161600002727937
29.369299998506904
27.846999997564126
28.20669999346137
28.67310000146972
28.36099999694852
38.7403999993694
29.828999999153893
29.76889999990817
28.50849999958882
28.224099994986318
29.033200000412762
29.013300001679454
28.857999997853767
28.972399995836895
27.968000002147164
39.04710000642808
26.010300003690645
26.869599998462945
25.09930000087479
29.45989999716403
26.93849999923259
26.237799997034017
28.21620000031544
27.960200000961777
27.953599994361866
37.94249999918975
27.670100003888365
27.618899999652058
29.02650000032736
28.291499998886138
24.810200004139915
28.75779999885708
28.69999999529682
28.286800006753765
28.156499996839557
38.221400005568285
28.043099999194965
28.693300002487376
29.03599999990547
28.625900005863514
28.548700000101235
26.318099997297395
27.71500000380911
28.311299996857997
27.941499996813945
38.788599995314144
27.46620000107214
27.200800002901815
27.502900004037656
25.18529999360908
28.328400003374554
27.69359999365406
27.66179999889573
26.080200004798826
28.161700000055134
36.63090000191005
27.455099996586796
28.412799998477567
28.81780000461731
28.099099996325094
25.166999999783002
27.34910000435775
28.68560000206344
27.991599999950267
28.14510000462178
37.22909999487456
28.918900003191084
26.450900004419964
28.636099996219855
28.66329999960726
27.416500000981614
28.571299997565802
27.234399996814318
27.079500003310386
28.189700002258178
37.47789999761153
28.877800003101584
28.606699997908436
28.303899998718407
27.640899999823887
27.530100000149105
28.95169999828795
27.944999994360842
27.51429999625543
27.268499994534068
37.32989999843994
27.737500000512227
28.72370000113733
28.25499999744352
29.706900000746828
25.512599997455254
28.323500002443325
27.916699997149408
29.184599996369798
27.508200000738725
37.87150000425754
26.89059999829624
27.427799999713898
30.252199998358265
31.395700003486127
28.913599999214057
27.60140000464162
28.386200006934814
27.1779000031529
27.30540000629844
38.56850000011036
27.239700000791345
27.772300003562123
28.432500002963934
27.977700003248174
28.58669999841368
27.818899994599633
28.272700001252815
27.540299997781403
25.8520999996108
36.71980000217445
28.92480000446085
29.41189999546623
28.291700000409037
28.303999999479856
33.475199998065364
33.30800000549061
31.841800002439413
30.976000001828652
33.43899999890709
44.54460000124527
32.6372999988962
33.30689999711467
27.78099999704864
29.177500000514556
30.418399997870438
29.615999999805354
28.867500004707836
29.2494999957853
29.046399999060668
37.055499997222796
28.352699999231845
28.78210000199033
27.464999999210704
28.224800000316463
29.477599993697368
25.794799999857787
26.961499999742955
27.38169999793172
27.81440000399016
37.81380000145873
28.08509999886155
27.437400000053458
28.39190000668168
28.00139999453677
25.327700001071207
28.73370000452269
27.422999999544118
27.225799996813294
28.580000005604234
38.23349999584025
28.173499995318707
28.628200001548976
28.901600002427585
28.120499999204185
30.26069999759784
29.20789999916451
30.326599997351877
28.58109999942826
28.236999998625834
37.926000004517846
25.986400003603194
27.960300001723226
27.858599998580758
27.21670000028098
28.240500003448687
27.759200005675666
28.055399998265784
27.519600000232458
25.655099998402875
36.852199998975266
26.676899993617553
28.152099999715574
27.654599995003082
26.00420000089798
27.503899997100234
26.954799999657553
27.18690000619972
27.786599996034056
27.667499998642597
36.18619999906514
27.65950000321027
25.368800001160707
28.853099996922538
28.19739999540616
28.53839999443153
29.200199998740572
29.992200004926417
28.09589999378659
28.18190000107279
37.90199999639299
27.100800005428027
30.013299998245202
28.446399999666028
29.45219999674009
27.670499999658205
31.58129999792436
28.7361000009696
29.15190000203438
28.480499997385778
37.05090000585187
28.233600001840387
28.468800002883654
27.935999998589978
26.232999996864237
28.110899998864625
28.35870000126306
27.513199995155446
27.73729999898933
28.39470000617439
38.064699998358265
28.510399999504443
28.07589999429183
28.51439999358263
27.426100001321174
27.38820000377018
28.1022999988636
27.142800005094614
27.754900002037175
27.530499995918944
41.29820000525797
35.01730000425596
32.75359999679495
32.31240000604885
31.883800002106
29.633099999045953
28.311699999903794
28.04150000156369
28.325999999651685
28.161400005046744
36.30239999620244
28.040799996233545
28.468599994084798
27.175299997907132
28.112800006056204
28.008899993437808
27.767100000346545
28.422500006854534
27.341699998942204
27.881100002559833
39.20569999900181
27.70099999906961
28.282200000830926
26.81200000370154
28.159499997855164
27.738799995859154
28.122000003349967
27.69030000490602
27.219500007049646
29.028499993728474
37.394599996332545
27.79529999679653
27.26799999800278
26.8660000001546
28.03239999775542
27.844799995364156
27.23409999452997
25.168799998937175
28.460600005928427
27.713499999663327
37.96890000376152
27.832799998577684
28.318900003796443
27.463700003863778
28.170899997348897
28.362600001855753
27.924500005610753
28.37369999906514
27.709699999832083
28.45549999619834
37.98810000444064
29.20810000068741
26.4718999969773
27.556000000913627
28.919399999722373
27.723900006094482
27.41839999362128
27.909300006285775
29.041300003882498
28.642500001296867
37.7576000028057
29.029100005573127
28.309599998465274
27.856799999426585
29.19050000491552
32.51299999828916
32.00990000186721
28.592800001206342
27.357899998605717
29.139300000679214
38.02240000368329
28.30549999634968
27.89380000467645
27.6568999979645
24.500200001057237
28.60789999976987
26.874500006670132
26.955600005749147
27.65469999576453
27.09060000051977
38.03769999649376
26.79809999972349
27.33250000164844
27.423299994552508
28.10019999742508
27.748100001190323
25.862200003757607
27.527000005648006
29.508799998438917
28.5165999957826
41.359700000612065
30.104299999948125
29.482999998435844
28.288000001339242
28.48470000026282
29.02370000083465
29.3796999976621
29.24650000204565
28.2909000015934
28.05880000232719
38.42150000127731
29.002900002524257
28.515300000435673
28.89080000022659
28.890299996419344
27.963400003500283
28.347799998300616
29.09670000371989
28.51389999705134
29.236299997137394
39.34280000248691
30.62099999806378
29.618599997775164
29.84419999847887
30.717399997229222
29.039499997452367
29.420300001220312
29.601200003526174
29.49369999987539
28.9998000007472
39.36359999352135
29.22730000136653
29.9964000005275
26.516499994613696
27.5889000040479
29.740700003458187
28.800599997339305
28.87610000470886
28.386099998897407
29.112999996868894
38.304000001517124
29.284299998835195
28.495099999418017
29.07989999948768
29.67709999938961
28.49419999984093
29.035100000328384
28.986400000576396
28.505299997050315
28.722799994284287
39.591399996425025
28.12619999895105
28.68280000257073
27.850099999341182
27.45919999870239
28.53329999925336
26.305799998226576
27.280499998596497
31.63019999919925
28.85729999979958
45.06779999792343
32.59389999584528
32.60009999939939
32.702900003641844
30.058399999688845
32.666300001437776
28.06869999767514
25.88790000299923
28.31750000041211
28.10180000233231
39.1682999979821
27.615699997113552
28.38480000355048
28.445199997804593
28.50120000221068
27.534200002264697
25.909799995133653
28.771999997843523
28.11659999861149
28.964400000404567
37.62950000236742
28.596500000276137
27.519300005224068
27.902399997401517
27.520100004039705
27.352900004188996
31.45280000171624
33.895400003530085
30.934100002923515
30.827399998088367
42.049600000609644
31.401499996718485
30.64509999967413
31.161599996266887
30.569599999580532
28.886799998872448
28.453400002035778
28.08069999446161
26.94049999990966
27.352999997674488
46.78770000464283
29.059100001177285
26.65780000097584
31.648399999539834
34.29320000577718
28.858500001661014
24.865600003977306
27.573400002438575
26.86149999499321
28.520399995613843
35.3324999960023
27.54169999388978
28.023699996992946
26.460300003236625
27.616899998974986
26.388400001451373
27.440799996838905
25.55679999932181
26.8900000010035
26.903999998467043
35.25470000022324
26.197599996521603
24.185999995097518
27.128199995786417
26.92870000464609
23.84359999996377
26.87720000540139
31.4485999988392
30.791199998930097
29.874600004404783
41.00520000065444
27.400800005125348
26.904099999228492
26.72520000487566
26.802399996086024
26.39420000195969
26.091100000485312
27.481199998874217
26.066799997352064
25.139599994872697
35.77940000104718
26.432300001033582
24.41499999986263
26.43960000568768
27.050500000768807
27.508799998031463
26.62370000325609
26.716799999121577
26.806399997440167
26.38749999459833
35.927999997511506
26.612900001055095
28.176300002087373
25.48939999542199
27.089299997896887
29.402899999695364
28.231500000401866
26.14940000057686
26.376200003142003
26.32599999924423
35.83190000063041
26.038800002424978
28.019099998346064
35.91400000004796
30.967999999120366
26.96500000456581
30.30199999921024
27.53320000192616
27.35749999555992
26.884300001256634
35.48430000228109
26.19830000185175
26.511899995966814
26.74220000335481
26.144799994654022
28.60579999833135
29.970700001285877
25.61279999645194
27.371900003345218
26.69370000512572
36.148699997283984
27.8528000053484
33.2946999988053
32.71590000076685
31.268200000340585
28.019199999107514
30.60709999408573
30.690299994603265
26.30219999991823
27.295899999444373
37.254299997584894
26.506599999265745
28.08789999835426
29.15960000245832
30.032000002393033
27.098900005512405
31.299800000851974
28.829399998357985
29.06980000261683
29.676400001335423
39.83480000169948
28.790900003514253
30.394399997021537
29.505800004699267
28.11420000216458
27.153100003488362
28.1163000036031
26.806499998201616
24.76070000557229
28.049300002749078
36.43300000112504
27.648800001770724
27.689799993822817
27.223199998843484
28.01220000401372
28.27590000379132
27.14890000061132
28.103299999202136
27.217100003326777
28.134599997429177
38.342899999406654
26.91159999812953
26.538000005530193
29.558399997767992
27.846900004078634
28.0101000025752
27.560099995753262
27.45869999489514
27.563399999053217
25.292400001490023
37.7468999940902
27.692399999068584
28.467099997214973
28.928400002769195
27.859699999680743
28.665199999522883
28.509499999927357
29.12070000456879
28.185399998619687
27.06659999967087
37.67280000465689
28.332900001259986
27.32780000224011
29.126699999324046
27.609100005065557
27.374799996323418
28.23069999431027
28.15109999937704
26.942199998302385
27.57059999566991
38.46209999755956
26.853399998799432
27.404400003433693
27.047099996707402
28.3077999993111
25.74820000154432
27.759599994169548
30.781699999351986
30.464600000414066
30.789299999014474
40.1480000000447
27.065900001616683
26.862099999561906
27.722600003471598
27.999999998428393
27.21390000078827
27.29469999758294
28.440099995350465
27.90839999943273
27.0161999942502
37.779299993417226
27.88249999866821
28.43869999924209
28.244599998288322
28.191099998366553
27.612099998805206
30.746000004000962
27.636500002699904
28.841899998951703
27.353800003766082
38.48940000170842
28.577199998835567
29.264600001624785
28.671300002315547
28.060299999197014
28.24220000184141
29.16469999763649
28.06129999953555
30.578799996874295
28.923199999553617
37.703300004068296
30.464900002698414
27.602100002695806
28.74349999910919
27.39770000334829
27.760500001022592
26.702600000135135
27.702100000169594
26.30959999805782
27.82909999950789
37.80990000086604
28.66859999630833
28.359999996609986
26.95059999678051
28.69749999808846
28.717599998344667
28.243900000234134
27.88410000357544
29.599299996334594
28.452699996705633
39.637000001675915
29.311199999938253
29.421599996567238
26.29500000330154
26.893899994320236
26.738499997009058
26.385400000435766
28.89570000115782
28.722800001560245
29.25159999722382
38.43310000229394
29.48380000452744
28.67349999723956
28.736799999023788
29.190599998401012
29.16479999839794
29.425499997159932
26.336300004913937
30.414000000746455
28.705400000035297
38.175999994564336
29.626099996676203
28.97619999566814
29.0991000001668
29.397400001471397
29.12120000110008
29.093499993905425
28.610500005015638
27.260900002147537
29.138900004909374
40.237000001070555
29.765400002361275
30.15640000376152
29.01679999922635
27.757600000768434
28.918800002429634
29.35080000315793
30.965500001912005
33.21880000294186
33.45399999670917
39.33549999783281
29.48860000469722
30.859200000122655
30.491099998471327
28.63470000011148
37.217100005364046
31.72659999836469
33.573700005945284
29.400799998256844
29.246099998999853
38.458999995782506
26.881100005994085
29.790399996272754
28.73840000393102
27.97619999910239
35.38680000201566
34.07880000304431
30.880900005286094
29.595699998026248
31.524500001978595
38.152199995238334
28.370100000756793
28.979099995922297
28.13899999455316
28.889399996842258
29.28010000323411
25.453800000832416
28.127400000812486
26.746200004708953
28.44080000068061
41.851199996017385
29.151000002457295
28.539300001284573
28.297600001678802
29.66990000277292
28.816500001994427
29.136600001947954
29.14819999568863
27.798300005088095
28.732999999192543
39.72039999644039
28.374699999403674
27.86760000162758
29.259399998409208
26.400399998237845
25.661699997726828
25.70870000636205
28.28620000218507
28.68250000028638
29.777399999147747
44.0221000026213
30.956799993873574
28.46000000135973
29.248699996969663
28.892400005133823
28.882899998279754
28.771899997082073
29.472100002749357
29.131499999493826
28.429700003471226
42.41199999523815
29.60529999836581
32.13139999570558
33.06719999818597
31.78689999913331
32.242900000710506
31.859299997449853
31.451200004084967
30.469500001345295
32.876799996302
42.25790000054985
31.58850000181701
32.09860000060871
27.379599996493198
26.82959999947343
28.173899998364504
28.239200000825804
26.959099996020086
25.612600002205
27.54320000531152
37.053100000775885
27.51390000048559
27.41499999683583
27.687199995853007
25.350899995828513
27.368499999283813
28.10000000317814
28.091599997424055
27.29850000469014
28.052200003003236
38.10410000005504
28.579400001035538
27.684599997883197
29.248599996208213
26.983099996868987
28.834400000050664
30.816200000117533
29.55610000208253
31.514900001639035
27.965700006461702
38.529299999936484
28.137299996160436
27.800999996543396
28.050599998096004
23.832899998524226
27.794000001449604
27.75629999814555
27.111600000353064
27.994699994451366
27.39540000038687
36.51370000443421
26.414400002977345
27.600099994742777
30.704099997819867
29.686100002436433
26.493700002902187
29.997300000104588
32.54980000201613
31.13350000057835
28.249399998458102
40.019400003075134
27.188400003069546
27.282200004265178
27.278599998680875
27.52160000090953
26.588500004436355
27.978099999018013
25.90599999530241
27.38120000140043
28.34939999593189
38.28819999762345
28.88189999794122
28.320899997197557
28.25239999947371
28.286699998716358
29.05050000117626
25.38750000530854
26.33590000186814
27.74429999408312
26.37479999975767
40.403899998636916
28.11910000309581
32.34119999979157
28.1604999981937
28.783800000383053
27.57969999947818
28.371799999149516
27.56030000455212
25.947599999199156
26.516499994613696
37.07679999934044
26.66020000469871
28.175400002510287
28.014399998937733
27.03530000144383
28.46780000254512
27.63079999567708
26.443700000527315
24.384700001974124
26.595499999530148
37.28599999885773
26.69159999641124
27.813300002890173
27.679599996190518
25.95819999987725
27.93999999994412
27.19280000019353
26.501300002564676
28.246699999726843
27.473699999973178
38.298899999062996
26.913400004559662
27.213000001211185
28.904999999213032
27.75409999594558
27.27749999758089
27.402299994719215
31.248599996615667
31.660099994041957
30.415700006415136
38.38679999898886
28.277299999899697
28.40260000084527
27.665299996442627
27.85250000306405
27.518199996848125
26.430800004163757
27.575899999646936
27.915300001041032
24.360399998840876
37.76659999857657
26.929300001938827
28.68039999884786
27.744899998651817
28.55190000263974
25.64899999561021
26.958900001773145
27.677999998559244
28.50909999688156
27.09089999552816
38.37970000313362
27.629500000330154
28.076700000383426
26.04569999675732
29.182500002207235
27.05430000060005
27.59140000125626
26.7837999999756
28.543499996885657
30.10579999681795
34.08340000169119
29.181399993831292
27.573399995162617
27.665299996442627
28.234500001417473
28.331699999398552
27.449300003354438
28.002499995636754
28.125599994382355
28.681899995717686
37.08090000145603
28.477500003646128
28.88639999582665
26.15949999744771
30.185900002834387
29.202799996710382
27.80209999764338
28.30510000057984
29.183099999499973
27.832699997816235
38.2062999997288
27.756099996622652
28.649799998675007
25.56890000414569
27.390000002924353
27.658799997880124
27.32329999707872
26.96760000253562
28.447500000766013
28.031199995893985
35.149199997249525
28.02450000308454
28.042700003425125
28.0440999995335
28.691900006379
27.392199997848365
27.68849999847589
27.816100002382882
27.75380000093719
27.46389999811072
35.36829999939073
28.314600000157952
28.115100001741666
28.118099995481316
28.595199997653253
29.115099998307414
28.979700000490993
30.07200000138255
28.69030000147177
28.216700004122686
39.53639999963343
28.260200000659097
28.907200001413003
29.693100004806183
27.58880000328645
28.369600004225504
29.08690000185743
30.0035000036587
27.59430000151042
28.932699999131728
37.794899995788
28.055399998265784
28.07780000148341
24.365700002817903
28.054800000973046
27.765200000430923
31.28810000634985
33.95930000260705
28.344800004560966
28.132300001743715
38.35849999450147
28.45829999569105
28.238600003533065
25.82819999952335
27.979999998933636
28.75520000088727
28.511600001365878
28.340799995930865
29.76409999973839
28.78179999970598
38.07690000394359
28.533800003060605
28.37260000524111
28.54700000170851
25.650999996287283
32.91980000358308
28.4213000049931
29.645100003108382
28.111100000387523
28.670200001215562
37.95019999961369
29.322499998670537
27.885900002729613
27.405700006056577
27.55020000040531
28.510000003734604
28.99710000201594
27.6882000034675
28.605999999854248
27.998800003842916
41.87649999948917
33.14710000267951
31.714800003101118
31.135199998971075
32.4791999955778
30.94480000436306
32.33959999488434
28.331699999398552
28.85930000047665
28.553199997986667
36.48409999732394
27.61869999812916
28.217899998708162
26.941800002532545
27.65429999999469
27.341400003933813
27.362500004528556
27.57539999583969
29.064700000162702
28.1053999933647
37.47289999591885
32.08439999434631
32.13739999773679
30.230000003939494
28.39230000245152
28.32259999559028
26.911299995845184
31.011899998702575
34.40219999902183
30.63310000288766
37.462299995240755
28.69759999884991
25.425200001336634
27.878900000359863
29.093400000419933
27.967900001385715
28.099000002839603
27.643499997793697
26.67910000309348
27.749900000344496
38.53250000247499
28.333400005067233
28.15540000301553
28.37520000321092
27.78989999933401
26.588399996398948
27.6672999971197
27.13479999511037
27.489699998113792
26.898600001004525
37.30370000266703
26.353300003393088
25.868599994282704
27.39639999344945
27.201299999433104
26.94309999787947
27.919200001633726
26.927900005830452
27.473800000734627
27.21919999748934
38.16799999913201
27.798300005088095
37.14040000340901
28.22569999989355
25.025399998412468
28.5543999998481
28.2255999991321
27.338899999449495
28.51399999781279
27.60660000058124
37.982200003170874
25.696699995023664
27.597799999057315
28.40690000448376
27.48240000073565
27.247000005445443
27.11960000306135
26.2323999995715
26.84469999803696
27.57969999947818
36.26749999966705
27.71809999831021
27.80969999730587
25.930399999197107
27.031800003896933
27.810899999167304
29.079399995680433
31.72160000394797
30.467499993392266
28.06799999962095
40.86449999886099
30.10830000130227
27.90919999824837
28.118700000050012
27.641600005154032
27.56220000446774
26.540599996224046
28.033700000378303
28.152399994723964
27.963499996985774
39.09239999484271
28.30810000159545
29.412800002319273
28.386700003466103
28.97549999761395
28.45789999992121
28.283399995416403
29.743300001427997
28.018400000291876
28.712899998936336
38.57649999554269
27.602399997704197
26.39979999366915
26.234900004055817
27.756700001191348
29.11350000067614
27.96469999884721
28.626400002394803
27.96690000104718
29.31640000315383
37.51400000328431
27.743099999497645
28.662199998507276
29.119500002707355
28.65139999630628
29.552700005297083
31.29609999450622
30.643899997812696
28.90509999997448
27.948399998422246
39.87070000584936
28.42909999890253
29.138100006093737
29.15950000169687
29.697300000407267
29.047000003629364
28.87889999692561
28.721299997414462
28.599600002053194
29.462400001648348
38.73010000097565
29.891799997130875
29.398200000287034
28.78249999776017
28.77940000325907
29.10189999965951
28.56189999874914
28.30849999736529
28.17740000318736
28.556400000525173
44.03409999940777
32.83229999942705
31.390600001032
30.736000000615604
27.169799999683164
28.320500001427718
25.442300000577234
25.877299995045178
28.16249999887077
28.234299999894574
37.902799995208625
28.11459999793442
29.19889999611769
28.35899999627145
28.77999999327585
28.5061999966274
28.608200002054218
29.28070000052685
29.485300001397263
28.113799999118783
39.22090000560274
29.041200003121048
30.64470000390429
31.336499996541534
31.713399999716785
29.42849999817554
26.434200000949204
25.487799997790717
29.264800003147684
27.811100000690203
37.23280000122031
28.564199994434603
28.316700001596473
27.86309999646619
27.974799995718058
28.62549999554176
28.88600000005681
29.031900005065836
29.15999999822816
28.538700003991835
37.77790000458481
28.22800000285497
28.782800000044517
28.146399999968708
28.11449999717297
29.230100000859238
28.65179999935208
28.81090000300901
28.541400002723094
28.940199998032767
38.623300002655014
28.71700000105193
25.71400000306312
29.088700001011603
27.574200001254212
27.558300003875047
27.135700001963414
27.084000001195818
27.977400000963826
27.670000003126916
38.20579999592155
27.486300001328345
28.829899994889274
27.9547999962233
28.420599999662954
26.858199998969212
28.3832999994047
27.9417000056128
29.686199995921925
29.08939999906579
37.39730000233976
29.153700001188554
28.696499997749925
28.39210000092862
29.579900001408532
30.331899994052947
28.524100001959596
29.37979999842355
28.931499997270294
29.3868000007933
36.08620000159135
33.813100002589636
33.84579999692505
31.655200000386685
31.282600000849925
31.41019999748096
29.465500003425404
28.899899996758904
28.563799998664763
29.20050000102492
38.90590000082739
29.093699995428324
28.89619999768911
28.885599997011013
28.151899998192675
27.94069999799831
35.26099999726284
29.69689999736147
29.506699997000396
28.84240000275895
39.808800000173505
28.85190000233706
28.85719999903813
28.415599997970276
29.34809999715071
29.037899999821093
27.987900000880472
28.17979999963427
30.01100000255974
29.571799997938797
43.56079999706708
29.836599998816382
31.449500005692244
29.386000001977663
29.33869999833405
27.346700000634883
27.84090000204742
29.326900003070477
28.51139999984298
28.64959999715211
36.60859999945387
28.560999999172054
28.44110000296496
28.972799998882692
27.907900002901442
28.485399998317007
27.895200000784826
29.10110000084387
25.785499994526617
28.779000000213273
38.72879999835277
28.512400000181515
28.669599996646866
28.56919999612728
28.27660000184551
27.319699998770375
28.341299999738112
27.73959999467479
28.580500002135523
26.206000002275687
37.24720000172965
28.01539999927627
28.63420000358019
28.379499999573454
28.02920000249287
29.589799996756483
28.764200003934093
28.97409999422962
28.466099996876437
28.800899999623653
38.89309999794932
29.322200003662147
28.006400003505405
29.74510000058217
27.901900000870228
30.9521000017412
31.92279999348102
35.15979999792762
31.36850000009872
28.879899997264147
39.00370000337716
29.270599996380042
29.516700000385754
28.444299998227507
30.13259999715956
28.49889999924926
27.143699997395743
30.40770000370685
29.689199996937532
29.025499999988824
40.097199998854194
29.315899999346584
29.361000000790227
29.646999995748047
28.320999997959007
28.582099999766797
28.932699999131728
30.882899998687208
28.474200000346173
29.298800000105985
37.353300001996104
28.889200002595317
27.878900000359863
29.010899997956585
28.34939999593189
29.634600003191736
30.375200003618374
31.2497999984771
25.785000005271286
29.199399999924935
37.355499996920116
28.51159999408992
27.619899999990594
26.64500000537373
28.079700001399033
27.39139999903273
27.420100006565917
27.939200001128484
28.735300002153963
25.54229999805102
38.48629999993136
27.529700004379265
28.17240000149468
27.176700001291465
26.96989999822108
29.593600003863685
28.138600006059278
27.92060000501806
24.65989999473095
28.86440000293078
37.41939999599708
27.967100002570078
27.176499999768566
29.14990000135731
28.111599996918812
28.88600000005681
27.154399998835288
27.452700000139885
30.142899995553307
26.872499998717103
37.60290000354871
27.585799994994886
28.79399999801535
28.803000001062173
27.51699999498669
27.64510000270093
25.296899999375455
27.791100001195446
27.343800000380725
27.86289999494329
37.07840000424767
28.338500000245403
28.303799997956958
27.882999995199498
29.840600000170525
25.744099999428727
28.006200001982506
29.18610000051558
28.554099997563753
28.892399997857865
37.79049999866402
27.997299999697134
28.223799999977928
28.16770000208635
27.71769999526441
27.70790000067791
27.549099999305326
27.59669999795733
25.139199999102857
27.76810000068508
36.973000002035405
28.599199999007396
27.46399999887217
27.212699998926837
26.02820000174688
27.183400001376867
27.162700003827922
28.429900004994124
28.138000001490582
24.720599998545367
37.56499999872176
26.97180000541266
28.01049999834504
25.47939999931259
27.21459999884246
27.983100000710692
27.16810000129044
27.8044000006048
26.695400003518444
26.772799996251706
40.01319999952102
30.528399998729583
29.18830000271555
31.73689999675844
27.189599997655023
27.70730000338517
26.900899996689986
25.496600006590597
30.828000002657063
30.692600004840642
39.078100002370775
32.24130000307923
28.759099994204007
30.859099999361206
31.35399999882793
30.3665000028559
31.544699995720293
25.811800005612895
27.00880000338657
27.44399999937741
37.014100002124906
27.529400002094917
26.16190000117058
26.43489999900339
27.26540000003297
27.67370000219671
27.199299998756032
27.86329999798909
27.028799995605368
27.128599998832215
37.75630000018282
24.636499998450745
28.000399994198233
26.326199993491173
27.30129999690689
23.7009999982547
27.338100000633858
26.787399998283945
26.785200003359932
27.81200000026729
38.69980000308715
30.204099995899014
30.752899998333305
30.150999999023043
28.416399996785913
29.299399997398723
30.784400005359203
29.51990000292426
27.986099994450342
27.735399999073707
34.26269999908982
28.325699997367337
29.734700001426972
30.103800003416836
27.3834000036004
27.326000003085937
28.32960000523599
28.430899998056702
27.830899998662062
24.77809999982128
37.75209999730578
27.348400006303564
26.909000000159722
26.4619000008679
26.583000006212387
26.59000000130618
26.921800003037788
25.688700006867293
26.455700004589744
27.09020000474993
36.45120000146562
27.246700003161095
27.058599996962585
26.82499999355059
27.063599998655263
27.18069999536965
27.082900000095833
27.903299996978603
28.19620000082068
27.01830000296468
36.34020000026794
28.133100000559352
27.40540000377223
26.323300000512972
27.285399999527726
27.52640000107931
27.389399998355657
25.681200000690296
27.946399997745175
27.351500000804663
37.57000000041444
26.543899999524
27.45860000140965
27.551400002266746
27.4753999983659
24.596800001745578
26.587000000290573
28.408700003637932
27.547899997443892
27.29160000308184
38.11880000284873
27.353099998435937
28.651000000536442
27.64069999830099
27.360399995814078
28.639099997235462
27.4271999951452
27.977199999440927
27.48040000005858
27.334399994288106
36.9598000033875
26.533200005360413
25.701500002469402
27.902100002393126
26.789799994730856
27.275200001895428
27.1909999937634
27.776899994933046
27.043699999921955
28.95630000421079
36.43300000112504
27.590400000917725
26.325599996198434
26.21730000100797
27.03990000009071
25.632500000938307
27.343500005372334
26.849500005482696
26.331900000513997
29.760199999145698
41.89549999864539
30.302200000733137
25.101000006543472
27.588000004470814
26.91939999931492
27.188400003069546
28.47489999840036
27.856400003656745
26.99189999839291
27.491000000736676
37.028700004157145
28.350799999316223
27.560900001844857
25.936599995475262
26.67970000038622
27.263700001640245
28.53809999942314
28.21370000310708
28.43610000127228
25.295100000221282
36.88819999661064
28.248200003872626
27.921900000364985
28.063399993698113
28.44119999645045
28.237200000148732
27.90580000146292
25.272800005041063
28.58410000044387
26.975699998729397
38.92739999719197
27.836300003400538
27.827600002638064
28.372200002195314
27.898300002561882
28.164300005300902
28.074699999706354
28.24440000404138
27.397500001825392
25.80360000138171
37.45619999972405
28.55779999663355
27.537300004041754
29.030400000920054
28.99749999778578
30.024699997738935
29.743999999482185
29.02350000658771
29.784999998810235
28.17279999726452
38.62929999741027
28.366500002448447
27.8388000006089
27.75399999518413
27.76839999569347
27.648000002955087
27.65440000075614
27.220000003580935
27.950999996392056
28.647300001466647
37.17239999969024
26.786700000229757
27.19210000213934
28.24539999710396
28.701399998681154
27.994599993689917
27.52899999904912
28.46329999738373
26.119499998458195
28.0685000034282
35.32890000496991
27.905299997655675
27.85539999604225
26.589300003251992
28.39780000067549
25.217099995643366
27.462700003525242
27.49949999997625
26.37700000195764
26.487400005862582
36.110199995164294
27.786000006017275
26.34820000093896
26.75870000530267
27.268400001048576
27.298000000882894
25.49939999880735
27.401700004702434
26.92139999999199
24.703900002350565
36.308199996710755
26.525300003413577
26.451400000951253
26.426399999763817
26.675699999032076
27.441399994131643
25.809500002651475
26.981000002706423
27.0135000027949
26.69210000021849
33.61179999774322
25.882099995214958
26.828399997611996
27.041699999244884
26.552200004516635
26.156100000662263
26.003600003605243
26.121900002181064
27.330099997925572
26.515500001551118
38.96530000201892
29.74749999702908
30.407000005652662
26.082700002007186
30.660399999760557
30.599900004744995
27.038599997467827
26.9652999995742
25.579600005585235
26.900700002443045
36.27730000152951
26.685400000133086
27.563999996345956
30.024699997738935
26.78800000285264
25.359499995829538
25.916099999449216
26.280800004315097
26.661199997761287
26.208799994492438
35.93489999911981
27.163999999174848
26.811100004124455
24.938800001109485
27.529899998626206
26.080300005560275
26.395199995022267
26.769600000989158
26.4275000008638
26.452700003574137
36.24610000406392
26.557599994703196
26.73030000005383
25.517899994156323
28.988700003537815
27.560800001083408
28.488199997809716
26.331500004744157
26.05809999658959
28.236899997864384
41.86279999703402
27.93579999706708
29.47180000046501
29.136600001947954
26.0749000008218
28.533799995784648
28.83060000021942
25.9583000006387
26.188199997704942
25.446300001931377
36.5758999978425
26.02399999886984
26.5612000002875
26.458200001798104
25.711199996294454
28.143900002760347
27.01109999907203
27.545199998712633
26.956499998050276
27.039299995522015
36.794399995415006
26.245399996696506
26.91429999686079
25.647299997217488
27.37390000402229
26.855600000999402
26.042099998448975
25.95639999344712
25.124799998593517
26.28749999712454
35.281300006317906
24.209099996369332
26.22010000050068
25.752000001375563
25.275899999542162
26.053599998704158
25.737899995874614
27.334200000041164
23.912700002256315
26.291000001947396
36.51140000147279
26.82950000598794
26.537800004007295
25.696600001538172
26.337399998737965
25.969499998609535
26.98450000025332
27.120300001115538
26.361100004578475
27.454900002339855
36.42129999934696
27.748499996960163
26.35510000254726
24.398900000960566
26.407199999084696
26.311100002203602
26.77790000598179
25.044599999091588
27.203199999348726
25.824500000453554
35.07940000417875
26.400199996714946
26.914600006421097
26.233700002194382
25.916500002495013
26.48600000247825
26.23680000397144
26.96750000177417
25.795199995627627
26.501699998334516
35.833800000546034
26.975699998729397
26.078599999891594
26.005899999290705
27.500999996846076
26.655099994968623
24.893599998904392
26.58289999817498
26.465700000699144
26.98170000076061
37.437700004375074
27.387399997678585
27.177500000107102
27.157500000612345
26.659299997845665
25.893999998515937
27.140899997903034
26.494800004002172
27.65690000524046
26.354099994932767
35.94390000216663
25.945099994714838
25.398499994480517
26.167500000155997
26.296899995941203
26.141700000152923
26.06730000115931
26.073699998960365
24.418900000455324
26.218200000585057
36.51669999817386
26.61219999572495
27.082900000095833
27.582900002016686
26.675900000554975
27.174600007128902
23.96020000014687
27.56500000396045
26.339699994423427
27.444899998954497
36.83409999939613
26.334799993492197
26.67220000148518
31.981100000848528
31.219500000588596
28.717499997583218
28.78469999996014
29.19619999738643
28.187700001581106
27.93579999706708
37.60570000304142
26.727100004791282
25.717299999087118
27.099500002805144
25.844199997663964
26.552600000286475
25.005099996633362
26.32860000449
29.49559999979101
29.867400000512134
38.835800005472265
28.573199997481424
29.30190000188304
29.14980000059586
28.288299996347632
26.557000004686415
25.942599997506477
25.954799995815847
26.298700002371334
23.349800001597032
36.62330000224756
25.655399993411265
26.38269999442855
26.521399995544925
27.442799997515976
27.111300005344674
26.251099996443372
26.118800000404008
24.181000000680797
29.094999998051208
38.58760000002803
27.665800000249874
28.284799998800736
25.446200001169927
24.838999997882638
26.433200000610668
26.569599998765625
26.057099996251054
27.306800002406817
26.19070000218926
36.743799995747395
25.831899998593144
26.618100004270673
26.72059999895282
25.37030000530649
27.716199998394586
27.09619999950519
28.050900000380352
25.98799999395851
26.16969999508001
34.37610000401037
26.11159999651136
26.980399998137727
27.37169999454636
25.5163999972865
26.47399999841582
26.86649999668589
24.88439999433467
26.589499997498933
23.675999997067265
36.740999996254686
26.62170000257902
26.390699997136835
26.6773999974248
26.753999998618383
28.008699999190867
25.024000002304092
26.302800004486926
23.753100002068095
26.634699999704026
36.85039999982109
25.249199999962002
26.772299999720417
26.272600000083912
26.770000004034955
27.119099999254104
26.653199995053
27.357400002074428
27.7533000044059
28.353299996524584
35.809400003927294
26.157799999054987
24.02109999820823
27.199099997233134
27.22679999715183
27.005299998563714
23.902900000393856
27.35470000334317
26.593900001898874
27.121500002976973
36.77400000015041
26.7496000014944
26.647300001059193
26.50569999968866
26.33390000119107
25.94649999809917
26.82679999998072
27.22370000265073
26.967800004058518
26.680399998440407
38.51340000255732
29.07470000354806
28.998399997362867
27.03079999628244
24.687100005394313
26.06530000048224
26.692899999034125
26.25100000295788
23.407299995596986
27.82320000551408
39.23949999443721
28.423399999155663
27.30840000003809
27.336799998010974
27.34690000215778
27.29909999470692
26.109900005394593
26.412499995785765
26.731199999630917
25.649600000178907
33.271699998294935
26.327699997636955
27.17829999892274
26.654899993445724
25.028500000189524
30.639899996458553
33.48060000280384
28.251100004126783
27.033799997298047
28.123099997173995
35.11409999919124
27.048600000853185
27.861499998834915
27.34490000148071
27.489499996590894
26.854399999137968
27.809700004581828
27.106000001367647
26.857699995161965
27.434099996753503
37.137999999686144
24.934100001701154
25.972499999625143
26.652200001990423
26.055500005895738
27.229800005443394
25.979999998526182
26.861500002269167
27.704400003131013
24.590400003944524
36.49739999673329
26.082799995492678
27.003399998648092
26.626800005033147
26.45209999900544
25.563600000168663
26.221500003885012
24.425399999017827
26.399999995192047
27.554799999052193
38.04659999877913
25.072100004763342
26.69419999438105
27.082300002803095
27.5506999969366
27.13870000297902
24.319299998751376
27.990799993858673
26.670500003092457
27.394600001571234
35.74959999968996
27.20759999647271
26.06730000115931
26.001199999882374
24.461799999698997
26.46670000103768
28.334199996606912
27.167899999767542
26.980900001944974
26.674000000639353
36.15379999973811
28.91509999608388
27.35440000105882
27.36239999649115
26.787500006321352
27.662899999995716
27.152599999681115
27.690299997630063
26.02620000106981
26.94540000084089
37.070300000777934
27.343699999619275
27.40500000072643
26.080200004798826
26.97920000355225
27.333799996995367
26.180499997281004
27.234399996814318
23.366399997030385
26.308400003472343
35.581999996793456
26.552100003755186
25.720300000102725
28.580799997143913
26.832499999727588
25.891899997077417
26.622400000633206
27.276399996480905
30.82159999758005
30.18790000351146
39.02930000185734
26.448299999174196
27.370100004191045
26.08909999980824
29.24699999857694
29.462000005878508
28.936200003954582
27.61129999998957
26.324400001612958
27.805600002466235
35.35630000260426
25.985799999034498
26.421800001116935
26.448099997651298
25.596300001780037
26.99430000211578
26.027100000646897
27.50240000023041
26.854499999899417
26.3727999990806
37.784199994348455
26.771800003189128
25.301900001068134
26.149299999815412
27.05660000356147
26.664099998015445
26.056800001242664
26.66989999852376
26.221799998893403
26.467399999091867
36.88749999855645
27.731299996958114
26.91469999990659
25.18959999724757
27.195500006200746
23.71990000392543
27.219999996304978
25.71380000154022
23.509799997555092
26.395499997306615
37.469200004125014
26.095500004885253
26.898599993728567
26.167899995925836
25.026399998751003
27.019499997550156
26.823400003195275
23.975999996764585
27.46119999937946
25.686599998152815
33.7502999973367
26.473300000361633
25.885499999276362
24.30320000712527
25.4410999987158
26.203900000837166
22.90029999858234
28.052599998773076
26.965999997628387
24.253700001281686
35.172900003090035
26.00180000445107
26.79839999473188
25.277399996411987
27.987699999357574
26.465799994184636
25.98489999945741
26.448600001458544
26.24140000261832
26.550800001132302
35.75029999774415
27.14879999984987
27.457700001832563
26.087700003699865
25.94620000309078
26.046200000564568
25.911999997333623
26.2081999971997
25.12600000045495
23.85370000411058
36.02549999777693
27.099999999336433
25.872199999867007
26.50310000171885
23.729299995466135
32.25669999665115
27.467100000649225
31.44139999494655
29.556800000136718
26.588900000206195
37.15079999528825
22.896399997989647
26.634599998942576
25.059699997655116
25.767800005269237
26.08229999896139
26.257500001520384
26.876399999309797
26.40830000018468
27.952900003583636
36.27369999594521
26.572199996735435
26.614500005962327
26.74470000056317
27.37370000249939
25.026199997228105
26.69199999945704
26.530399998591747
26.10090000234777
26.148599994485267
36.8120999992243
27.351099997758865
26.296199997887015
27.432999995653518
30.944499994802754
25.949800001399126
24.75550000235671
26.405499993416015
25.80869999655988
26.322300000174437
36.96800000034273
24.45889999944484
25.855200001387857
27.494000001752283
23.182400000223424
26.86070000345353
26.852599999983795
26.252600000589155
26.39499999349937
26.402399998914916
38.23730000294745
26.314700000511948
28.102600001147948
27.448599998024292
26.690899998357054
27.590699995926116
26.61639999860199
27.203699995880015
28.67849999893224
27.628800002275966
44.66310000134399
32.20739999960642
30.542699998477474
34.57180000259541
27.086699999927077
27.215999994950835
26.804900000570342
26.244799999403767
26.908699997875374
25.41130000463454
37.024099998234306
27.15879999595927
26.470099997823127
26.88549999584211
25.5131000012625
26.831099996343255
27.1128000022145
26.702299997850787
27.507799997692928
25.226099998690188
37.936499997158535
27.66719999635825
27.75590000237571
27.413899995735846
27.309299999615178
25.10440000332892
28.205399998114444
27.750500004913192
27.753399997891393
28.78999999666121
37.680199995520525
24.921299998823088
26.64580000418937
27.33079999597976
27.784300000348594
26.218799997877795
25.339500003610738
26.28050000203075
26.327899999159854
26.553199997579213
36.221199996361975
26.860300000407733
27.779600000940263
26.90739999525249
28.13590000005206
24.470499993185513
27.15380000154255
26.348500003223307
27.570400001422968
25.626200003898703
37.22349999588914
26.496899998164736
27.529300001333468
27.062600005592685
24.05939999880502
26.34129999933066
26.228899994748645
27.863100003742147
25.90749999944819
26.4857000001939
36.99679999408545
32.1230999979889
30.136299996229354
26.862899998377543
26.424899995618034
26.763799993204884
26.649499995983206
27.046000002883375
29.017599998041987
28.648100000282284
37.96180000063032
29.487400002835784
29.52259999437956
28.696900000795722
30.208199998014607
29.606399999465793
29.62660000048345
29.095099998812657
28.342899997369386
26.775999998790212
38.76180000224849
29.28710000560386
29.156199998396914
30.239100000471808
27.493900000990834
24.77340000041295
27.897100000700448
30.609900000854395
29.63160000217613
29.789100000925828
39.90009999688482
27.45839999988675
24.914200002967846
29.2152999973041
29.363900001044385
30.782200003159232
28.469299999414943
27.87700000044424
24.04660000320291
27.33050000097137
36.94499999983236
27.10040000238223
26.88789999956498
29.731200003880076
31.312499995692633
28.15129999362398
27.03050000127405
27.18280000408413
27.76340000127675
31.284800003049895
43.80980000132695
29.058799998892937
29.523899997002445
29.378999999607913
28.388699996867217
28.68509999825619
28.923600002599414
26.340399999753572
26.662299998861272
27.029199998651166
35.85890000249492
26.617800001986325
26.170500001171604
24.597700001322664
26.44039999722736
26.828499998373445
24.055599998973776
27.15580000221962
25.71340000577038
26.37200000026496
35.79929999978049
27.065700000093784
26.96309999737423
25.75079999951413
27.072900003986433
28.292299997701775
28.047200001310557
27.822800002468284
28.05130000342615
27.832100000523496
37.929499994788785
26.27529999881517
26.605899998685345
27.259299997240305
27.063800000178162
26.9408999956795
26.506900001550093
27.457099997263867
26.114999993296806
25.36120000149822
35.94840000005206
25.993600000219885
25.887099996907637
25.918800005456433
25.615799997467548
26.050399996165652
27.10819999629166
25.135199997748714
26.361399999586865
26.388799997221213
36.49049999512499
27.457199998025317
25.965100001485553
25.870699995721225
30.430900005740114
31.778000004123896
26.734799997939263
26.71530000225175
26.11610000167275
26.67199999996228
35.5591000043205
31.37609999976121
25.96570000605425
26.55379999487195
26.569499998004176
27.46349999506492
25.596500003302936
23.61179999570595
26.34980000584619
26.6094000035082
37.40580000157934
29.531300002417993
28.06599999894388
28.01470000122208
26.922199998807628
26.25399999669753
25.36260000488255
25.972200004616752
25.374999997438863
25.439699995331466
36.65589999582153
25.926799993612804
26.27080000092974
26.156100000662263
25.78660000290256
27.171400004590396
28.258199999982025
25.535500004480127
26.274499999999534
26.320700002543163
36.63780000351835
26.947799997287802
27.02290000161156
26.244799999403767
25.913199999195058
25.654600001871586
25.548700003128033
28.70999999868218
28.623000005609356
26.839800004381686
37.427900002512615
26.607799998600967
26.465200004167855
28.338199997961055
28.173200000310317
27.639300002192613
27.620399996521883
26.576100004604086
26.419200003147125
23.0063000053633
35.99140000005718
25.207999999111053
26.17910000117263
24.711300000490155
25.66089999891119
25.168700005451683
26.087799997185357
25.433900002099108
25.79400000104215
25.645000001532026
35.013499997148756
25.788200000533834
26.74769999430282
25.180399999953806
25.590299999748822
25.688000001537148
25.05310000560712
25.190899999870453
25.43679999507731
25.481099997705314
33.35009999864269
25.742899997567292
26.709199999459088
25.82760000223061
25.464400001510512
26.127099998120684
26.097100002516527
26.686299999710172
25.235400004021358
25.046500006283168
37.55800000362797
27.51909999642521
28.428099998563994
27.036199993744958
27.52869999676477
27.79999999620486
28.066899998520967
25.815399996645283
24.761400003626477
25.94650000537513
34.83730000152718
26.39430000272114
25.580000001355074
25.68530000280589
25.809999999182764
25.09200000349665
25.328700001409743
25.538799993228167
25.586999996448867
24.73650000320049
35.221300000557676
26.1157999993884
24.755599995842203
27.27269999741111
25.73869999469025
25.329900003271177
26.088099999469705
24.232299998402596
26.301100006094202
25.844299998425413
36.678699994808994
24.425399999017827
26.719300003605895
26.36250000068685
26.5300999963074
25.619199994252995
25.564400006260257
26.325600003474392
24.834600000758655
25.05150000069989
36.04460000497056
26.102099996933248
26.617499999701977
25.838800000201445
26.702300005126745
27.287600001727697
26.716599997598678
27.588600001763552
27.68409999407595
26.791600001160987
34.83869999763556
25.154000002657995
32.23739999521058
26.266900000337046
25.371200004883576
26.11829999659676
25.626099995861296
31.046000003698282
30.026899999938905
28.502599998319056
36.617999998270534
27.41729999979725
28.142600000137463
27.19719999731751
27.356300000974443
25.89270000316901
24.167199997464195
25.424899999052286
24.890299995604437
30.44170000066515
38.850600001751445
26.95829999720445
26.42359999299515
26.414899999508634
26.093200001923833
25.119500001892447
25.21409999462776
24.549500005377922
26.97500000067521
24.839300000166986
35.01680000044871
24.515999997674953
24.852399998053443
24.904100006096996
25.283800001489
25.096500001382083
24.865300001692958
24.118700006511062
24.68599999701837
24.082299998553935
35.02670000307262
25.940699997590855
26.027300002169795
26.064400000905152
24.946499994257465
25.23769999970682
25.611199998820666
25.971899995056447
25.920699998096097
25.56639999966137
36.63309999683406
25.86969999538269
25.846200005616993
24.455799997667782
29.164999999920838
28.171300000394695
30.78020000248216
30.221100001654122
28.759100001479965
29.03620000142837
39.87570000026608
29.89049999450799
30.36910000082571
30.01609999773791
28.261699997528922
29.985300003318116
26.356200003647245
25.156100004096515
25.698400000692345
29.976500001794193
36.157700000330806
25.14779999910388
25.340700005472172
25.463999998464715
24.539699996239506
24.10249999957159
26.735999999800697
26.146799995331094
25.998400000389665
29.187400003138464
37.64029999729246
25.657500002125744
25.58310000313213
24.96419999806676
24.78520000295248
24.790499999653548
25.57939999678638
24.938599999586586
26.254600001266226
24.779199993645307
35.65520000120159
24.93500000127824
25.089000002481043
24.781500003882684
25.144400002318434
24.660399998538196
24.90849999594502
24.53809999860823
27.546999997866806
28.41160000389209
40.72420000011334
25.59099999780301
28.771700002835132
28.485499999078456
28.415300002961885
24.720100002014078
25.818600006459747
25.02769999409793
24.820099999487866
25.377400001161732
34.66660000412958
24.936000001616776
24.759599997196347
25.649499999417458
26.639800002158154
25.307199997769203
26.133600003959145
24.6155999993789
25.777700000617187
25.88819999800762
36.573600002157036
24.921399999584537
25.908800002071075
25.19969999411842
25.36310000141384
25.326099996163975
25.449000000662636
24.967700002889615
24.86460000363877
24.94299999671057
35.100200002489146
24.977100001706276
26.537600002484396
24.06619999965187
26.001500002166722
26.635599999281112
27.143300001625903
28.585300002305303
29.27829999680398
29.550500003097113
37.98770000139484
28.887499996926636
25.025000002642628
25.456600000325125
24.52369999809889
25.538000001688488
24.94750000187196
25.62000000034459
25.340000000142027
24.750100004894193
35.35410000040429
28.239100000064354
25.638400002208073
27.803100005257875
27.597100001003128
28.51510000618873
27.44640000310028
24.998699998832308
24.560600002587307
24.7631000020192
33.71940000215545
24.12400000321213
25.905800001055468
27.26000000257045
27.72489999915706
27.47510000335751
24.74439999787137
28.573199997481424
27.280100002826657
24.50459999818122
35.030099999858066
23.184999998193234
23.9547000019229
32.695599998987745
32.99169999809237
28.429500001948327
28.219600004376844
26.961199997458607
27.815900000859983
28.149499994469807
38.83240000141086
27.56099999533035
26.806399997440167
27.730699999665376
24.55550000013318
24.019800002861302
24.92540000093868
23.903599998448044
24.541200000385288
25.25690000038594
32.567599999310914
24.244400003226474
25.427299995499197
24.32550000230549
24.86009999847738
24.076900001091417
24.521999999706168
23.842000002332497
26.26120000059018
24.2696999994223
34.834199999750126
25.415500000235625
25.4066999987117
25.622900000598747
24.517500001820736
24.45849999639904
25.132199996733107
24.00340000167489
24.880500001017936
24.367499994696118
34.5822999952361
25.630500000261236
25.798499998927582
24.92820000043139
26.102599993464537
25.974600001063664
25.279900000896305
27.298499997414183
29.267500001878943
27.573999999731313
39.66030000447063
25.1674000028288
24.824800006172154
25.43790000345325
24.02319999964675
24.999499997647945
22.330200001306366
25.6294999999227
24.534500000299886
24.829699999827426
34.53799999988405
24.418200002401136
24.654000000737142
23.761199998261873
25.127100001554936
22.464299996499904
26.10879999701865
29.21010000136448
27.925299997150432
27.037299994844943
34.54349999810802
25.123300001723692
24.014499998884276
24.914300003729295
24.309100001119077
24.149200005922467
24.638100003357977
25.052999997569714
25.867700001981575
24.811599992972333
34.37599999597296
24.64479999616742
25.09930000087479
22.964600000705104
24.873500005924143
24.405999996815808
25.520699993649032
22.168200004671235
24.542400002246723
24.600199998531025
33.84350000123959
27.691899995261338
25.799499999266118
27.64490000117803
29.504199999792036
29.376099999353755
25.385799999639858
26.5579000042635
24.442699999781325
23.900899999716785
33.94280000065919
24.426500000117812
24.51709999877494
24.208699993323535
23.188500003016088
24.58969999861438
25.268099998356774
24.512399999366608
24.725900002522394
24.32330000010552
35.73809999943478
26.485000002139714
24.60109999810811
24.931400002969895
25.410300004296005
24.18809999653604
22.734099999070168
24.517900004866533
24.386900004174095
24.524899999960326
34.77030000067316
22.439799999119714
25.1773999989382
24.00159999524476
25.875400002405513
24.29190000111703
25.45270000700839
24.524899999960326
23.913400000310503
25.98450000368757
33.929299999726936
24.575800001912285
24.842400001944043
23.484500001359265
24.13850000448292
23.77890000207117
30.593700001190882
26.998000001185574
25.597100000595674
25.549499994667713
36.647199995059054
26.999599998816848
25.439299999561626
26.5341000049375
26.418800000101328
25.134000003163237
28.702700001304038
28.57689999655122
27.61280000413535
28.232399999978952
36.91149999940535
26.33380000042962
25.313599995570257
27.73689999594353
24.933700005931314
24.357599999348167
24.440899993351195
24.715600004128646
24.12749999348307
25.66839999781223
34.10199999780161
25.176499999361113
27.996799995889887
26.148700002522673
26.608399995893706
26.358900002378505
25.76260000205366
25.857300002826378
25.449599997955374
23.802799994882662
35.02000000298722
32.612900002277456
31.509300002653617
28.14349999971455
25.969999995140824
27.742600002966356
29.35799999977462
28.0951999957324
27.806199999758974
25.27929999632761
35.89569999894593
25.418199998966884
25.147300002572592
24.91079999890644
24.675100001331884
25.47490000142716
25.23749999818392
25.998800003435463
24.76520000345772
24.331399996299297
32.54639999795472
24.744999995164108
25.391899995156564
25.154599999950733
25.33409999887226
25.161500001559034
23.94030000141356
30.516599996190052
31.183099999907427
24.96380000229692
34.76850000151899
25.91000000393251
23.755599999276455
24.433600003249012
23.864499999035615
25.20109999750275
24.921800002630334
22.82740000373451
24.93450000474695
25.744100006704684
35.289699997520074
25.98450000368757
22.74809999653371
24.222300002293196
24.904400001105387
24.11920000304235
24.945999997726176
25.189899999531917
24.933200002124067
25.376300000061747
33.89830000378424
23.85399999911897
25.076199999602977
24.331299995537847
24.11990000109654
24.07140000286745
24.669700003869366
24.849100002029445
25.51359999779379
22.936000001209322
34.53779999836115
25.019100001372863
24.414599996816833
24.837000004481524
25.12179999757791
25.047700000868645
23.869399999966845
24.584600003436208
24.149500000930857
25.48449999449076
34.30820000357926
22.77890000550542
24.702499998966232
24.145200004568323
25.355199999467004
24.25029999722028
25.22789999784436
23.446799998055212
24.381800001719967
24.459599997499026
34.27989999909187
25.142400001641363
24.005499995837454
24.444999995466787
24.46339999733027
23.895000005722977
24.815600001602434
25.251499995647464
22.848900000099093
24.14380000118399
34.32810000231257
24.57519999734359
24.960499998996966
22.7288000023691
25.085799999942537
24.148199998307973
25.434399998630397
24.679800000740215
24.61070000572363
25.009500001033302
33.80640000250423
25.196099995810073
24.108199999318458
25.61730000161333
24.36120000493247
25.599799999326933
24.57680000225082
25.585199997294694
24.96889999747509
25.617999999667518
32.47620000183815
25.116199998592492
24.752599994826596
24.36889999808045
27.208799998334143
24.969600002805237
26.89200000168057
28.03709999716375
28.434799998649396
27.184200000192504
34.935700001369696
24.005200000829063
24.19229999941308
26.089500002854038
25.117700002738275
24.911599997722078
24.769800002104603
24.366399993596133
24.791700001514982
24.26959999866085
34.604699998453725
24.56710000114981
24.46110000164481
24.90449999459088
23.796300003596116
26.69410000089556
24.06909999990603
22.707100004481617
24.35239999613259
24.752199999056756
38.40399999899091
24.476499995216727
23.19280000665458
24.481899999955203
24.10760000202572
24.253999996290077
25.526900004479103
23.972999995748978
24.457399995299056
23.799800001143012
35.001299998839386
25.4960000020219
24.297399999340996
24.46770000096876
25.190599997586105
26.29789999627974
24.810199996863957
24.46110000164481
25.40870000666473
24.888200001441874
36.45450000476558
25.251499995647464
25.284299998020288
24.763800000073388
24.89600000262726
25.87160000257427
24.877899995772168
27.68209999339888
27.205200000025798
27.596199994150084
38.05909999937285
24.68550000048708
26.494500001717824
25.42080000421265
24.486199996317737
24.489299998094793
23.678400000790134
24.111700004141312
23.157300005550496
24.42519999749493
33.7945999999647
32.901499995205086
29.240799995022826
27.936799997405615
27.418799996667076
27.253600004769396
27.317699998093303
26.72859999438515
24.69810000184225
26.72310000343714
35.70169999875361
24.597600000561215
24.49440000054892
28.496399994764943
30.941100005293265
27.271699997072574
26.274399999238085
24.061299998720642
21.76049999980023
25.10700000129873
32.95589999470394
24.585899998783134
24.67849999811733
22.334900000714697
27.80720000009751
27.6058000017656
27.523299999302253
25.80570000282023
24.445499999274034
27.96979999402538
33.84560000267811
25.39950000209501
23.682999999437016
26.230000003124587
26.78569999989122
25.897499996062834
28.425500000594184
27.806100006273482
29.081000000587665
27.58989999711048
35.54000000440283
27.33099999750266
26.400399998237845
25.360200001159683
23.780299998179544
24.276799995277543
23.477000002458226
24.38139999867417
23.62839999841526
24.807899993902538
31.750299996929243
26.373200002126396
27.745200000936165
27.484099999128375
27.82630000001518
27.992899995297194
26.85619999829214
26.760500004456844
26.822199994057883
25.844099996902514
33.57270000560675
24.07899999525398
24.31619999697432
24.71960000548279
24.982800001453143
24.002099999052007
27.359800005797297
27.290900005027652
27.970099996309727
26.728799995908048
38.70669999741949
28.22320000268519
26.148100005229935
24.72490000218386
23.668900001212023
25.974800002586562
21.787800003949087
25.02200000162702
23.888800002168864
24.35989999503363
34.45909999572905
21.909899995080195
24.374799999350216
24.25539999967441
23.443700003554113
24.92799999890849
23.927299997012597
24.40990000468446
24.653400003444403
25.186599996231962
35.22849999717437
25.26400000351714
26.0167000014917
24.596199997176882
26.027600004454143
25.690700000268407
25.549099998897873
25.07799999875715
23.579200002131984
25.732200003403705
34.18750000128057
24.819500002195127
27.456900003016926
29.209799999080133
26.87040000455454
25.146700005279854
24.508000002242625
23.206400001072325
25.091100003919564
24.306400002387818
34.23359999578679
24.670600003446452
23.576500003400724
26.743999995233025
24.24339999561198
30.94680000504013
24.989000005007256
24.02970000548521
25.29540000250563
25.821000002906658
35.8561999964877
25.69759999460075
25.08780000061961
25.108699999691453
25.745800005097408
23.00210000248626
25.983599996834528
23.378500001854263
26.068400002259295
22.60940000269329
35.09670000494225
24.30129999993369
24.978100002044812
24.263499995868187
24.70579999499023
22.21129999816185
25.715499999932945
22.567699998035096
25.846099997579586
28.05419999640435
35.519499993824866
24.833199997374322
24.873700000171084
25.081700005102903
24.332100001629442
24.33250000467524
24.281699996208772
24.69559999735793
25.639899999077898
24.896800001442898
34.47000000596745
24.256700002297293
25.78650000214111
25.15730000595795
24.988099998154212
25.129699999524746
24.55550000013318
24.299799995787907
25.944799999706447
24.449399999866728
36.204299998644274
24.984499999845866
25.63899999950081
24.534800002584234
25.819699993007816
25.55220000067493
27.559300004213583
29.124499997124076
29.674400000658352
28.795899997930974
34.34220000053756
26.45009999832837
24.450699995213654
25.605800001358148
24.70069999981206
28.406400000676513
26.22010000050068
22.282199999608565
24.330500003998168
25.47519999643555
33.95479999744566
25.34140000352636
21.94020000024466
24.965199998405296
24.16549999907147
32.419300005130935
29.346499999519438
28.637900002649985
28.143400006229058
27.9037000000244
39.078599998902064
25.55049999500625
24.7462000043015
25.448200001847
21.977999997034203
25.639699997555
24.602800003776792
25.309199998446275
23.725199993350543
24.817800003802404
34.002100001089275
26.17620000091847
31.003600000985898
27.7390999981435
28.927999999723397
27.39990000554826
25.94130000215955
27.21410000231117
27.15380000154255
23.513800006185193
33.00689999741735
22.311900000204332
24.40029999706894
23.883900001237635
25.001900001370814
23.718600001302548
24.628500003018416
23.874099999375176
24.074699998891447
23.35989999846788
33.7299000020721
24.51699999801349
24.66920000006212
26.04839999548858
24.49299999716459
24.326799997652415
23.647200003324542
24.890599997888785
21.680300000298303
24.020199998631142
33.956499995838385
27.521099997102283
27.79469999950379
22.524400003021583
24.494299999787472
24.21899999899324
25.391299997863825
24.19509999890579
25.115500000538304
23.146100000303704
35.77850000147009
23.99919999879785
23.958700003277045
24.719000000914093
23.844899995310698
23.795199995220173
24.03279999998631
24.03799999592593
25.113000003329944
24.616100003186148
32.022899998992216
26.855200005229563
27.23839999816846
27.287400000204798
25.199700001394376
27.162399994267616
27.309400000376627
28.78039999632165
24.62039999954868
23.80540000012843
39.88550000212854
28.766800001903903
27.49760000006063
25.60749999975087
25.52839999407297
26.034299997263588
24.85069999966072
23.986399995919783
23.417699994752184
24.359800001548138
33.05069999623811
24.6296000041184
23.719799995888025
23.9962000050582
23.939099999552127
23.63840000180062
23.343099994235672
22.3074000023189
23.763400000461843
24.115799998980947
33.66020000248682
24.76089999981923
21.974000002956018
24.74409999558702
23.88259999861475
24.41969999927096
27.471100002003368
27.051899996877182
28.09799999522511
26.5369999979157
34.03579999576323
24.01079999981448
24.60620000056224
23.675900003581773
24.225300003308803
23.533499996119644
23.866800001997035
24.60840000276221
24.435400002403185
21.764799996162765
34.23940000357106
23.521399998571724
25.744600003235973
23.585599999933038
22.68960000219522
23.557799999252893
24.430900004517753
24.44150000519585
24.63020000141114
23.704200000793207
38.18749999481952
27.038400003220886
24.619600000733044
23.833100000047125
24.18710000347346
24.378399997658562
23.605700000189245
24.39510000112932
23.65579999604961
25.02440000534989
34.292600001208484
25.40890000091167
24.496000005456153
23.708000000624452
25.25969999987865
24.285600004077423
22.69720000185771
24.74649999930989
24.1704000000027
23.70330000121612
34.76700000464916
22.65609999449225
24.72480000142241
24.734999999054708
23.129799999878742
24.811100003717
24.483699999109376
24.501400002918672
23.74660000350559
24.952699997811578
33.95279999676859
24.132300000928808
24.097299996356014
24.051200001849793
24.290599998494145
24.27709999756189
23.525199998402968
24.929799998062663
21.858200001588557
25.536999994073994
33.68349999800557
25.894700003846083
23.770200001308694
21.99789999576751
25.384799999301322
23.950800001330208
25.27840000402648
24.02849999634782
24.595599999884143
24.176700004318263
34.84559999924386
25.25210000021616
23.78099999623373
25.37540000048466
24.476400001731236
24.319800002558623
24.07159999711439
24.029400003200863
24.991900005261414
26.289299996278714
35.5933000028017
27.704200001608115
27.668599999742582
25.759200005268212
27.033400001528207
21.50699999765493
23.811899998690933
23.956700002599973
23.73220000299625
24.357700000109617
35.44800000236137
24.532499999622814
24.307399995450396
25.18239999335492
24.523800006136298
24.447099996905308
24.890299995604437
24.96959999552928
24.93289999983972
33.74909999547526
41.013900001416914
25.81859999918379
24.406100004853215
25.700900005176663
24.713600003451575
25.02970000205096
24.067499994998798
21.295599995937664
23.913599994557444
25.006500000017695
32.52290000091307
23.969399997440632
21.95919999940088
23.61400000518188
24.880199998733588
23.944300002767704
24.832299997797236
24.382700001297053
24.339299998246133
25.463600002694875
34.05979999661213
25.98050000233343
27.89440000196919
26.52710000256775
24.363000004086643
23.47639999788953
24.283399994601496
24.554399999033194
31.595599997672252
22.14040000399109
34.70519999973476
24.17799999966519
25.04849999968428
24.203699998906814
21.972299997287337
24.047899998549838
23.945399996591732
24.48749999894062
24.14929999940796
24.171999997633975
33.80749999632826
30.75439999520313
24.16110000194749
27.128000001539476
23.93370000208961
24.80850000574719
23.491500003729016
33.11569999641506
25.119400001130998
24.07159999711439
38.13599999557482
27.0645999989938
26.881899997533765
26.873800001339987
25.11439999943832
24.24289999908069
22.61960000032559
24.996300002385397
24.092100000416394
24.531200004275888
33.40810000372585
23.482600001443643
29.108000002452172
27.175099996384233
27.710800000932068
24.58710000064457
25.30269999988377
23.203100005048327
24.198399994929787
24.315000002388842
35.75300000375137
25.30990000377642
28.33999999711523
27.577600005315617
27.866199998243246
26.62179999606451
23.972900002263486
24.46770000096876
21.276599996781442
24.183900000934955
34.609100002853666
24.481200001901016
24.346199999854434
21.326100002625026
23.96289999887813
24.396300002990756
31.304899996030144
28.95600000192644
26.30680000584107
27.714899995771702
34.47310000046855
24.583300000813324
24.442300004011486
24.618900002678856
26.206000002275687
23.838599998271093
25.304099995992146
23.95280000200728
24.507400004949886
23.81269999750657
31.407700000272598
25.09989999816753
23.665599997912068
24.54589999979362
24.803699998301454
21.60120000189636
24.720599998545367
24.041999997280072
32.821100001456216
30.157000001054257
38.889399998879526
27.05180000339169
23.646499997994397
23.81980000063777
24.03720000438625
23.333499993896112
32.371399996918626
31.296200002543628
24.363699994864874
23.864099995989818
34.471899998607114
25.83069999673171
28.32749999652151
28.889399996842258
28.478100000938866
26.446700001542922
27.975900004094
24.52880000055302
24.205000001529697
25.1023000018904
33.56989999883808
24.560600002587307
22.845699997560587
24.614200003270525
25.374400000146125
23.82000000216067
24.019600001338404
31.78689999913331
28.260799997951835
26.301300000341143
34.18299999611918
23.941999999806285
27.16340000188211
27.622499997960404
24.27400000306079
24.394799998844974
24.184199995943345
24.03290000074776
24.577700001827907
21.64860000630142
33.92539999913424
24.106900003971532
23.75410000240663
25.168100000882987
21.571000004769303
25.122499995632097
24.05249999719672
24.49479999631876
23.996099997020792
25.282599999627564
37.5387000021874
24.914300003729295
24.531800001568627
24.03749999939464
24.079899994831067
23.741599994536955
24.82600000075763
23.943600004713517
26.824299995496403
28.318800003034994
38.14969999802997
27.387200003431644
26.79820000048494
24.404499999945983
24.41249999537831
26.619900003424846
24.599799995485228
27.808099999674596
24.289799999678507
23.92870000039693
34.616600001754705
22.75999999983469
24.382000003242865
24.249800000688992
23.2657999949879
25.76740000222344
24.60599999903934
24.96850000170525
23.564299997815397
24.970899998152163
34.94490000593942
24.442300004011486
25.812899999436922
25.01520000078017
25.19179999944754
23.80809999885969
25.203199998941272
24.366199999349192
22.752099997887854
24.077499998384155
34.83280000364175
24.68349999981001
24.416000000201166
22.563699996680953
23.999000004550908
24.455300001136493
24.660800001583993
24.179999993066303
23.799399998097215
31.902100003208034
37.73090000322554
24.61549999861745
23.764999998093117
26.03310000267811
27.978300000540912
24.795299999823328
24.17829999467358
24.034299996856134
26.664500001061242
26.28749999712454
34.55410000606207
25.06349999748636
26.31680000195047
26.423700001032557
25.70900000137044
22.53210000344552
26.56589999969583
27.66649999830406
25.613699996029027
27.374400000553578
38.076899996667635
27.041900000767782
26.504399997065775
26.293899994925596
25.770200001716148
26.964399999997113
25.800199997320306
26.36999999958789
27.222100005019456
24.674699998286087
35.23719999793684
23.72579999791924
23.50029999797698
24.54340000258526
24.8624000014388
23.99919999879785
23.658199999772478
22.3005000007106
24.65970000048401
24.500999999872874
34.612599993124604
23.376000004645903
21.999199998390395
24.664800002938136
24.140099994838238
27.834900000016205
25.950199997168966
28.783800000383053
26.19050000066636
23.80309999716701
34.196299995528534
23.685200001636986
24.266200001875404
23.978700002771802
23.663200001465157
24.058399998466484
24.258900004497264
26.216400001430884
27.1917000063695
23.619899999175686
36.83420000015758
26.620399999956135
27.599799999734387
24.091300001600757
22.33200000046054
24.598299998615403
23.849100005463697
24.49730000080308
23.91870000428753
26.196999999228865
34.43659999902593
25.05889999883948
25.28889999666717
27.404899999964982
26.354000001447275
26.985500000591855
25.75799999613082
27.095500001451
26.334299996960908
24.28229999350151
34.67439999803901
24.626800004625693
23.910199997771997
24.518300000636373
24.051200001849793
24.324400001205504
22.09690000017872
24.776900005235802
23.95369999430841
24.34450000146171
34.81140000076266
21.555799998168368
24.06959999643732
24.326599996129517
24.251499999081716
24.314100002811756
23.934099997859448
23.47350000491133
24.3551999956253
25.470900000073016
34.36879999935627
24.69790000031935
24.224599997978657
24.486399997840635
23.550000005343463
24.35410000180127
26.91229999618372
26.81280000251718
24.07179999863729
27.876400003151502
35.76510000129929
26.125199998205062
23.764500001561828
23.28729999862844
23.786899997503497
23.95299999625422
23.610600001120474
28.00549999665236
25.705200001539197
25.490399995760527
33.261300006415695
24.01069999905303
24.984700001368765
23.689400004514027
24.022199999308214
24.142599999322556
24.68819999921834
23.689900001045316
24.609799998870585
23.436399998900015
31.499700002314057
24.135100000421517
24.626499995065387
23.39100000244798
24.764800000411924
22.158300002047326
24.202900000091176
23.51240000280086
24.30630000162637
23.815699998522177
34.011700001428835
25.115399999776855
24.362399999517947
24.735000006330665
23.696099997323472
25.131300004431978
24.771500000497326
23.9819999987958
25.524299999233335
27.36880000156816
37.87860000011278
27.863399998750538
24.77530000032857
25.20090000325581
23.820499998691957
25.069600000279024
24.010499997530133
22.46680000098422
25.810099999944214
24.722800000745337
34.137500006181654
24.305200000526384
23.12329999404028
24.263799998152535
24.888100000680424
24.156799998308998
24.73900000040885
23.675199998251628
24.122199996782
25.72679999866523
37.92799999791896
23.944900000060443
25.424799998290837
24.903399993490893
25.2424999998766
25.7357000009506
25.951700001314748
26.630000000295695
27.42950000538258
23.75179999944521
35.112699995806906
23.879100001067854
24.314599999343045
23.44279999670107
22.08750000136206
25.56919999915408
26.51049999985844
23.71619999757968
26.20780000142986
27.64059999753954
35.755800003244076
24.132500002451707
23.978099998203106
24.418799999693874
23.723800004518125
25.15259999927366
23.774300003424287
26.146100004552864
26.3455000022077
26.385899996967055
38.661999999021646
25.95860000292305
25.019000000611413
23.739100004604552
24.83599999686703
23.997199998120777
20.615999994333833
24.94190000288654
24.2597000033129
24.808599999232683
33.02360000088811
21.373299998231232
24.682300005224533
24.106099997879937
24.883199999749195
23.557499996968545
24.90100000431994
24.55000000190921
24.16580000135582
24.37370000552619
33.585999997740146
23.923100001411512
24.98070000001462
23.945399996591732
24.874099995940924
23.590700002387166
24.597100004029926
24.087000005238224
22.43569999700412
23.66539999638917
34.249099997396115
24.649999999383
24.493600001733284
22.035200003301725
24.46110000164481
24.909899999329355
24.02579999761656
24.774999998044223
24.07400000083726
25.302299996837974
34.54240000428399
24.454899998090696
24.632299995573703
23.939500002597924
25.37339999980759
23.211899999296293
24.232599993410986
24.518199999874923
23.74699999927543
24.338700000953395
31.314400002884213
23.75000000029104
23.959100006322842
24.024300000746734
24.752699995588046
21.564199996646494
25.986200002080295
24.268300003313925
24.16590000211727
24.26059999561403
35.58150000026217
24.39510000112932
24.16580000135582
24.817199999233708
23.924200002511498
25.361799998790957
25.93660000275122
26.73019999929238
24.695000000065193
25.76530000078492
36.573900004441384
27.62570000049891
26.692700004787184
25.003200003993697
24.911600004998036
24.4273999996949
24.58420000039041
21.69280000089202
27.25030000146944
27.391200004785787
37.7537999956985
24.130999998305924
21.989700006088242
24.687600001925603
24.113999999826774
25.19680000114022
26.866600004723296
26.843400002690032
26.828499998373445
25.967599998693913
38.05560000182595
26.703099996666424
26.89269999973476
26.1227000009967
25.718599994434044
27.396800003771205
25.03190000425093
24.34299999731593
23.20070000132546
23.151399997004773
33.58550000120886
24.249300004157703
25.062199994863477
24.56220000021858
23.14549999573501
24.709299999813084
24.406000004091766
28.512199998658616
27.745200000936165
28.084100005798973
38.349900001776405
26.571000002149958
25.63860000373097
27.167300002474803
26.46279999316903
25.325499998871237
26.843300001928583
28.10289999615634
26.078100003360305
26.919700001599267
37.67589999915799
26.289399997040164
26.14739999989979
26.799799998116214
25.449100001424085
26.179699998465367
23.872400000982452
24.462100001983345
23.80230000562733
25.026899995282292
34.01609999855282
21.573700003500562
24.74169999914011
24.4511999990209
24.71470000455156
23.774300003424287
25.063600005523767
23.85379999759607
24.481399996147957
23.571400000946596
34.81649999594083
27.419300000474323
27.89910000137752
24.55240000563208
27.278200002911035
28.735499996400904
26.79569999600062
26.93639999779407
22.149999997054692
27.73190000152681
36.114499998802785
25.35879999777535
25.42380000522826
22.195099998498335
24.23619999899529
23.9551000049687
24.357900001632515
23.611199998413213
24.110899998049717
25.323100002424326
34.277999999176245
24.61310000217054
23.81030000105966
25.185899998177774
25.381400002515875
23.994900002435315
25.146100000711158
23.667900000873487
25.33889999904204
23.678999998082872
31.1264999982086
25.294699997175485
25.01979999942705
23.86069999920437
24.3962999957148
21.665199994458817
24.93780000077095
23.576599996886216
24.811000002955552
26.73800000047777
38.943299994571134
24.003800004720688
24.650899998960085
24.0062000011676
24.333499997737817
24.812399999063928
24.312100002134684
23.86339999793563
24.43640000274172
23.60439999756636
34.02279999863822
24.13170000363607
23.81319999403786
23.93389999633655
25.177999996230938
24.431300000287592
26.278500001353677
24.375999993935693
26.479699998162687
26.01880000293022
37.531900001340546
27.237000002060086
23.690900001383852
26.27530000609113
25.62449999823002
26.60430000105407
27.638799998385366
25.913299999956507
24.588399995991495
23.57510000001639
34.52030000335071
24.90080000279704
24.251700000604615
24.080000002868474
24.788100003206637
23.351999996521045
24.769499999820255
25.988800000050105
24.648699996760115
21.883199995500036
35.54549999535084
23.651499999687076
28.025500003423076
27.80019999772776
24.368300000787713
27.912400000786874
24.975599997560494
24.10779999627266
23.757400005706586
24.602099998446647
34.084300001268275
24.343900004168972
24.158199994417373
23.901300002762582
25.61710000009043
23.741500001051463
24.39849999791477
23.692000002483837
25.034600002982188
24.51930000097491
33.544500001880806
24.242499996034894
24.312800000188872
24.880800003302284
24.43679999851156
24.08369999466231
22.480400002677925
24.47789999860106
24.125800002366304
24.327099999936763
34.682699995755684
22.233800002140924
23.72769999783486
24.946199999249075
24.508399998012464
23.892300006991718
24.873399997886736
25.193200002831873
23.293899997952394
25.77749999909429
35.5995999998413
24.55339999869466
24.140400004398543
23.34740000515012
24.74919999804115
26.40199999586912
25.31050000106916
25.21639999758918
21.763600001577288
24.721899993892293
35.064299998339266
26.054499998281244
26.45900000061374
22.08719999907771
25.163500002236106
24.765000001934823
26.40110000356799
27.009600002202205
26.105299999471754
26.33610000339104
36.30640000483254
26.688600002671592
26.11109999998007
26.730399993539322
25.633500001276843
25.94880000106059
24.104700001771562
24.270800000522286
24.213100004999433
24.462200002744794
30.793999998422805
24.723499998799525
23.864900002081413
24.953299995104317
26.506700000027195
21.560699999099597
25.013099999341648
23.728599997411948
25.118400000792462
24.439800006803125
34.62330000184011
25.378700003784616
25.91200000460958
25.466300001426134
24.994799998239614
25.43850000074599
25.68339999561431
25.32230000360869
24.781200001598336
25.74080000340473
36.569500000041444
24.10260000033304
24.17359999526525
24.293599999509752
25.303499998699408
24.86270000372315
24.55270000064047
22.661999995762017
24.57979999599047
24.95669999916572
36.23259999585571
23.751200002152473
22.015499998815358
23.842499998863786
24.5095999998739
24.948400001449045
24.40099999512313
24.128400000336114
23.573699996632058
24.67639999667881
35.818700001982506
25.768999999854714
25.152200003503822
26.313599999411963
25.666500005172566
23.586999996041413
24.614800000563264
25.453400005062576
26.03349999844795
23.450399996363558
35.69299999799114
25.867699994705617
24.491500000294764
27.66840000549564
23.556400003144518
26.046200000564568
26.983499999914784
25.948199996491894
26.772299999720417
26.53229999850737
35.95379999751458
27.595400002610404
27.84799999790266
25.031199998920783
26.89459999965038
26.804799999808893
25.81369999825256
24.314499998581596
23.697399999946356
25.671100003819447
33.517900003062095
26.92350000143051
27.07120000559371
26.347099999838974
26.158900000154972
26.99360000406159
24.060700001427904
25.818400004936848
27.513200002431404
27.706200002285186
35.4559999977937
22.43620000081137
23.989300003449898
23.731799999950454
23.651499999687076
24.08599999762373
23.837600005208515
23.541199996543583
30.16610000486253
24.603199999546632
33.59389999968698
24.77260000159731
24.0501999942353
24.45840000291355
23.715099996479694
24.243899999419227
24.425399999017827
23.63350000086939
23.6460999949486
23.396800002956297
34.39259999868227
25.28300000267336
24.2216999977245
22.662299998046365
23.641599997063167
24.621000004117377
24.67890000116313
24.58689999912167
24.0644000004977
24.106699995172676
35.48350000346545
24.46790000249166
24.26519999426091
24.62300000479445
24.307699997734744
24.118200002703816
24.345600002561696
24.14919999864651
24.923500001023058
23.84660000097938
32.07739999925252
24.155400002200622
23.76219999860041
25.037700004759245
25.655000004917383
21.76830000098562
24.17000000423286
24.24769999925047
25.54000000236556
24.191500000597443
34.916800002974924
25.09250000002794
25.880599998345133
24.324700003489852
24.744600006670225
24.265799998829607
24.590300003183074
23.447400002623908
24.738699998124503
24.03300000150921
36.14419999939855
24.658800000906922
23.917200000141747
24.455799997667782
24.440099994535558
24.156099992978852
24.257299999590032
21.894800003792625
24.744800000917166
24.106300006678794
33.781899997848086
26.1088999977801
22.599600000830833
24.697199994989205
24.10299999610288
24.356499998248182
23.680400001467206
26.370899999164976
24.39070000400534
24.171599994588178
33.992299999226816
23.65049999934854
24.816900004225317
24.447399999189656
24.17560000321828
24.19250000093598
24.069999999483116
24.275600000692066
25.026399998751003
22.105900003225543
34.39590000198223
24.259500001790002
25.69309999671532
25.79169999808073
21.94539999618428
25.418199998966884
23.842599999625236
25.850199999695178
23.393199997371994
27.235100002144463
36.19510000135051
24.090399994747713
24.09089999855496
24.502500004018657
23.820700000214856
24.437500003841706
24.70500000345055
24.07849999872269
25.197299997671507
23.71800000400981
34.95370000018738
24.534600001061335
25.574899998900946
23.453000001609325
25.422000006074086
24.46079999936046
22.373899999365676
24.557099997764453
23.458499999833293
24.332099994353484
33.84590000496246
21.757299997261725
24.49769999657292
23.92410000175005
23.524199998064432
24.97340000263648
25.844099996902514
23.709299995971378
24.769600000581704
24.17550000245683
34.430599996994715
24.900600001274142
24.549399997340515
23.63649999460904
24.11720000236528
24.3791999964742
24.612100001832005
24.229899994679727
21.06449999700999
23.71790000324836
34.37429999758024
25.48669999669073
24.57710000453517
21.558599997661076
23.527999997895677
25.074099998164456
24.41819999512518
24.847199994837865
24.592499998107087
24.04930000193417
32.96830000181217
24.96429999882821
26.773199999297503
23.67690000392031
25.698400000692345
25.65840000170283
24.316600000020117
25.483199999143835
25.140300000202842
25.87179999682121
33.196100004715845
27.76850000373088
26.022199999715667
26.72520000487566
26.831499999389052
23.164999998698477
24.40020000358345
23.593400001118425
23.466900005587377
23.5608000002685
36.81320000032429
25.28370000072755
27.29869999893708
27.64799999567913
25.374000004376285
24.86769999813987
23.799800001143012
24.045300000580028
24.206100002629682
24.093899999570567
34.450099999958184
24.515199998859316
24.027100000239443
24.566899999626912
24.38790000451263
24.934400003985502
24.454300000797957
21.738200004620012
28.718999994453043
27.692100004060194
35.562400000344496
24.57970000250498
22.74980000220239
24.34460000222316
23.765400001138914
25.53310000075726
23.741000004520174
25.702800005092286
24.22639999713283
25.104299995291512
33.5239999985788
23.985100000572857
24.600400000053924
24.029500003962312
24.85309999610763
24.375400003918912
24.994300001708325
24.42449999944074
24.353000000701286
22.17910000035772
37.30060000088997
26.830399998289067
26.637499999196734
24.234900003648363
22.626400001172442
23.90890000242507
24.735699997108895
23.682699997152667
24.26030000060564
23.574099999677856
34.16629999992438
24.58920000208309
23.861800000304356
23.901300002762582
25.257900000724476
25.168499996652827
24.64719999989029
24.133099999744445
23.716399999102578
25.60589999484364
33.912500002770685
24.311699999088887
25.833200001216028
24.493899996741675
24.01090000057593
25.013799997395836
22.23270000104094
25.78900000662543
24.344199999177363
24.51139999902807
34.38149999419693
22.17899999959627
24.525399996491615
25.577899999916553
24.483599998347927
24.28949999739416
23.82239999860758
23.611299999174662
23.55330000136746
23.83949999784818
33.93990000040503
25.205400001141243
23.8589000000502
25.219100003596395
24.208399998315144
23.96030000090832
23.81250000325963
24.54549999674782
22.012199995515402
25.161799996567424
33.329400001093745
24.384299998928327
25.083799999265466
21.38120000017807
24.600899996585213
26.388500002212822
26.333199995860923
26.06269999523647
26.664699995308183
24.930999999924097
36.970300003304146
24.53310000419151
24.386900004174095
23.702799997408874
24.476899998262525
23.35260000108974
29.460899997502565
27.439900004537776
26.956200003041886
25.357099999382626
34.15040000254521
25.56149999873014
26.327699997636955
24.040600001171697
24.704000003112014
21.735499998612795
24.78780000092229
24.62789999844972
25.183999998262152
24.636499998450745
37.638999994669575
26.08419999887701
25.7869999986724
26.2224000034621
26.241100000333972
27.326800001901574
24.273999995784834
23.66769999935059
24.3588000012096
24.34049999283161
34.29899999900954
23.772300002747215
23.70320000045467
24.452899997413624
24.49470000283327
24.25249999942025
22.853999995277263
22.226900000532623
24.300899996887892
25.703500003146473
34.425000005285256
24.49299999716459
23.197000002255663
23.890399999800138
24.749399999564048
23.53880000009667
25.21559999877354
24.514800003089476
23.883100002421997
24.011200002860278
34.238700005516876
24.472299999615643
25.742799996805843
26.779599997098558
25.942599997506477
26.19859999686014
24.696200001926627
24.74639999854844
25.566099997377023
22.218800004338846
37.545900006080046
26.163499998801854
26.727500000561122
26.86280000489205
24.18490000127349
24.935600005846936
25.26219999708701
25.993800001742784
26.07939999870723
25.805099998251535
36.07650000049034
25.531600003887434
26.268500005244277
26.833099997020327
26.093000000400934
26.401800001622178
25.592699996195734
26.37240000331076
25.442799997108523
25.329199997941032
34.92849999747705
23.620799998752773
24.093800006085075
23.58470000035595
25.942699998267926
25.528699996357318
22.018199997546617
24.795000004814938
25.228400001651607
24.75129999947967
36.18189999542665
22.429600001487415
24.594700000307057
24.974699997983407
24.30140000069514
24.599799995485228
24.30820000154199
25.038400002813432
24.86289999797009
23.753499997837935
34.52529999776743
25.41670000209706
25.03380000416655
24.244499996711966
24.43889999995008
24.942900003225077
23.665699998673517
24.05719999660505
25.25949999835575
26.04579999751877
33.610200000111945
23.889399999461602
24.285100000270177
21.366900000430178
24.411399994278327
26.209899995592423
24.75340000091819
25.163500002236106
23.70630000223173
25.58369999314891
34.44889999809675
24.580199999036267
24.27999999781605
24.994899999001063
23.803500000212807
24.021600002015475
24.306700004672166
24.899100004404318
24.36930000112625
23.001000001386274
32.07970000221394
24.384999996982515
23.759800002153497
24.238800004241057
23.57800000027055
23.003499998594634
23.793899999873247
24.4994000022416
23.656100005609915
24.023999998462386
34.70099999685772
23.81969999987632
24.466599999868777
23.9618000050541
24.237600002379622
25.03660000365926
23.79559999826597
24.88710000034189
24.955599998065736
24.997499996970873
35.04610000527464
24.84280000498984
24.039299998548813
24.803100001008715
24.1944000008516
24.611699998786207
24.22369999840157
22.110699996119365
25.038299994776025
23.844600000302307
34.137800001190044
24.85080000042217
21.87699999922188
24.837400000251364
24.15859999746317
24.607700004708022
23.895900005300064
23.893899997347035
24.200100000598468
23.960999998962507
33.740899998520035
23.750200001813937
24.880299999495037
24.122800001350697
23.734000002150424
24.33490000112215
23.91939999506576
23.72029999969527
24.306899998919107
22.345199999108445
34.974400005012285
24.71990000049118
24.238299993157852
25.00710000458639
21.54560000053607
24.43700000003446
24.438100001134444
23.576499996124767
24.690099999133963
23.864800001319963
34.26159999798983
25.524899996526074
24.474899997585453
26.914900001429487
24.77599999838276
24.91800000279909
25.233599997591227
24.454200000036508
25.812899999436922
28.450199999497272
39.64090000226861
26.613699999870732
27.220500000112224
24.854299997969065
24.20669999992242
24.11059999576537
22.07750000525266
24.689499994565267
24.0059999996447
24.411700003838632
34.89400000398746
22.569500004465226
25.26969999598805
25.141300000541378
24.069500002951827
25.208399994880892
23.953399999300018
25.31969999836292
24.08550000109244
24.938499998825137
34.14350000093691
24.755799997365102
24.253800002043135
23.7185000005411
24.27000000170665
24.203100001614075
25.383200001670048
24.304499995196238
21.740600001066923
24.1704000000027
34.31089999503456
25.338699997519143
24.181500004488043
22.40940000046976
23.77070000511594
24.154700004146434
23.96020000014687
24.230099996202625
24.243199994089082
24.952899999334477
33.978200001001824
24.44380000088131
24.53080000123009
23.883900001237635
24.07080000557471
24.786900001345202
24.525099994207267
24.238999998487998
24.129800003720447
24.254299998574425
31.725200002256315
24.8384000005899
24.18480000051204
23.69209999596933
25.16000000468921
22.096100001363084
24.7317999965162
25.11939999385504
24.779100000159815
23.86069999920437
33.837499999208376
25.117700002738275
24.024099999223836
24.20700000220677
24.044300000241492
25.33450000191806
24.198399994929787
23.842400005378295
24.04479999677278
24.48710000317078
33.97250000125496
25.719500001287088
24.80230000219308
24.010599998291582
26.071699998283293
23.857499996665865
25.03669999714475
22.394800005713478
24.098400004731957
25.608100004319567
36.29979999823263
24.570599998696707
21.892700002354104
24.33780000137631
24.176400002033915
24.807699999655597
23.734100002911873
25.103200001467485
23.480899995774962
24.841600003128406
34.14570000313688
23.981199999980163
24.93930000491673
23.92870000039693
24.068200000328943
23.8076000023284
24.478599996655248
23.526299999502953
24.285599996801466
22.1767999973963
34.66739999566926
24.430800003756303
24.60330000030808
23.177299997769296
23.79099999961909
24.019000004045665
25.172800000291318
24.752299999818206
24.610599997686222
24.397399996814784
33.80199999810429
26.67239999573212
27.90660000027856
25.845700001809746
25.065499998163432
26.920899996184744
24.713600003451575
24.03480000066338
25.04190000036033
23.293199999898206
35.00509999867063
23.68189999833703
25.20640000147978
24.57029999641236
23.739099997328594
24.251700000604615
22.179999999934807
24.638200004119426
25.13560000079451
27.696400000422727
39.45470000326168
26.876199997786898
27.78810000017984
27.47109999472741
26.030300003185403
25.265999996918254
25.26390000275569
24.578200005635154
24.065799996606074
23.708199994871393
34.44139999919571
23.954199998115655
24.19730000110576
24.610000000393484
23.29009999812115
24.85990000423044
23.90459999878658
25.018100001034327
23.641200001293328
24.080799994408153
33.69500000553671
24.010299996007234
24.958800000604242
21.60089999961201
23.951499999384396
23.96249999583233
24.421699999948032
24.43440000206465
23.112599999876693
31.318400004238356
40.8367999989423
25.042300003406126
27.605600000242703
28.39220000169007
27.3592000012286
25.054199999431148
24.370099999941885
23.523100004240405
25.961000006645918
26.496000005863607
35.10880000249017
29.116899997461587
28.13400000013644
26.158599997870624
25.180299999192357
21.687599997676443
25.473000001511537
24.360900002648123
25.318299994978588
26.66960000351537
34.846399998059496
24.984600000607315
24.916900001699105
24.262299994006753
23.825700001907535
24.247499997727573
23.959500002092682
24.026300001423806
24.658599999384023
26.67210000072373
39.910200001031626
27.153100003488362
27.215699999942444
24.536500000976957
27.657700004056096
27.133800002047792
28.035100003762636
24.993899998662528
27.507500002684537
23.796899993612897
34.382300000288524
24.626200000056997
21.493899999768473
24.418400003924035
23.958600002515595
23.64790000137873
24.74350000557024
24.703800001589116
26.85840000049211
26.388100006442983
39.11879999941448
27.27769999910379
26.655600006051827
27.46579999802634
24.859099998138845
27.239100003498606
29.470000001310837
28.76789999572793
29.020100002526306
25.6468000006862
38.069399997766595
28.290000002016313
27.984400003333576
27.54350000031991
22.141599998576567
24.367199999687728
24.519500002497807
23.978600002010353
24.082600000838283
24.046200000157114
34.74370000185445
25.112700001045596
25.076400001125876
24.228099995525554
24.319600001035724
24.75360000244109
25.698800003738143
25.9516000005533
26.82749999803491
24.624999998195563
35.09180000401102
24.799399994662963
23.58259999891743
24.513499993190635
24.381999995966908
23.681599996052682
21.836200001416728
24.35029999469407
24.8723999975482
23.17429999675369
33.95710000040708
23.64780000061728
24.048300001595635
25.90069999860134
24.36370000214083
24.504700006218627
24.069899998721667
24.488000002747867
23.95780000369996
24.313099995197263
34.418000002915505
28.425999997125473
24.62999999988824
24.81180000177119
23.97709999786457
24.793200005660765
23.71799999673385
24.299799995787907
22.461399996245746
24.186700000427663
34.984899997652974
23.645199995371513
25.597300002118573
27.169299995875917
27.525500001502223
24.723299997276627
25.20350000122562
23.584199996548705
25.032500001543667
23.675600001297425
35.00959999655606
24.32330000010552
24.916800000937656
27.68579999974463
27.60149999812711
26.499200001126155
24.312699999427423
25.187899998854846
28.330100001767278
28.437300003133714
32.7095000029658
24.663399999553803
25.46559999609599
26.289200002793223
25.132900002063252
22.03190000000177
24.326600003405474
24.12979999644449
26.903800004220102
24.909399995522108
33.90870000293944
25.045599999430124
24.067800004559103
24.151899997377768
24.12460000050487
26.735500003269408
28.641099997912534
27.43880000343779
27.149300003657117
24.867899999662768
34.85540000110632
24.130600002536085
24.47810000012396
24.55259999987902
24.762000000919215
26.68160000030184
28.37549999821931
25.49449999787612
25.32259999861708
24.87190000101691
33.983000001171604
24.559899997257162
22.748700001102407
23.828599994885735
25.197700000717305
24.825499996950384
24.921999996877275
24.75849999609636
24.172099998395424
24.102799994579982
34.43779999361141
24.909100000513718
24.145199997292366
25.06829999765614
24.35910000349395
25.0439000010374
26.654299996152986
27.929099996981677
24.760399996011984
23.53169999696547
34.97020000213524
26.248099995427765
23.61640000162879
24.882000005163718
21.926900000835303
24.011700006667525
24.10729999974137
25.468200001341756
24.534999996831175
25.238000001991168
33.767599998100195
24.277700002130587
24.442400004772935
23.482299999159295
24.733600002946332
23.857899999711663
23.836000000301283
23.91219999844907
23.305599999730475
24.372200001380406
33.57339999638498
24.35439999680966
25.219000002834946
23.88049999717623
24.55579999514157
24.392399995122105
22.33659999910742
24.64239999972051
23.948699999891687
24.138399996445514
34.01299999677576
23.040499996568542
24.47340000071563
23.752699999022298
24.16770000127144
24.963399999251124
27.04230000381358
27.563800002099015
27.20709999994142
26.93899999576388
34.74089999508578
24.119199995766394
24.89849999983562
24.338900002476294
23.94520000234479
24.612299996078946
23.944400003529154
25.39190000243252
21.85010000539478
24.800499995762948
34.35140000510728
23.840200003178325
24.367799996980466
22.13839999603806
23.87289999751374
24.70980000362033
24.055299996689428
25.040699998498894
25.30730000580661
24.205999994592275
33.50219999992987
23.741600001812913
25.26919999945676
24.164299997210037
28.15109999937704
27.65959999669576
23.736199997074436
24.730199998884927
26.547800000116695
24.304800004756544
31.878599998890422
24.119299996527843
25.08490000036545
24.417900000116788
25.36750000581378
21.886000002268702
24.17989999958081
24.01589999499265
24.359700000786688
23.830800004361663
34.05959999508923
24.84810000169091
23.619700004928745
24.48260000528535
23.710299996309914
24.917099995946046
24.553200004447717
26.04589999828022
26.774600002681836
25.64120000170078
38.783399999374524
28.114199994888622
26.228199996694457
27.09100000356557
27.208600004087202
23.63109999714652
24.345600002561696
21.931299997959286
24.676900000486057
23.668500005442183
34.14160000102129
24.132300000928808
24.788700000499375
26.211599993985146
27.10579999984475
27.43719999853056
26.045099999464583
26.35770000051707
27.79249999730382
27.837499997986015
36.36559999722522
29.725100001087412
27.682399995683227
26.898099997197278
24.77740000176709
26.638099996489473
23.684899999352638
24.101499999233056
25.019399996381253
21.77609999489505
33.59020000061719
23.66269999765791
25.22089999547461
24.082299998553935
21.510099999431986
23.804399999789894
24.929599996539764
24.2839000056847
24.61359999870183
24.512600000889506
35.51470000093104
25.260799993702676
24.08329999889247
25.97080000123242
25.187999999616295
25.096400000620633
23.412099995766766
24.55080000072485
24.588299995230045
24.21380000305362
33.88739999354584
23.973800001840573
24.338999995961785
24.137699998391327
24.036499999056105
24.264200001198333
22.86409999942407
24.106100005155895
23.68920000299113
24.259400001028553
34.35370000079274
21.93969999643741
25.439299999561626
24.7079999971902
24.672999999893364
23.69840000028489
23.688100001891144
32.569900002272334
30.49009999813279
24.822700004733633
37.06719999900088
25.30310000292957
25.506600002699997
23.57349999510916
26.006499996583443
23.634999997739214
24.914199995691888
24.565799998526927
21.624299995892216
25.01499999925727
33.86849999515107
24.016100003791507
26.071599997521844
21.184199998970143
25.581699999747798
23.5127999985707
24.3929999996908
24.12220000405796
24.84109999932116
23.697899996477645
41.412899998249486
29.339500004425645
27.546500001335517
26.55130000493955
26.28050000203075
26.474400001461618
27.849500002048444
28.61789999587927
25.41390000260435
24.05410000210395
31.154000003880356
29.773199996270705
24.213299999246374
23.93599999777507
24.88689999881899
21.467400001711212
27.12500000052387
23.986000000149943
24.10000000236323
24.014299997361377
35.02370000205701
23.88020000216784
27.604800001427066
25.737299998581875
25.611800003389362
26.366999998572282
26.730900004622526
26.27720000600675
24.474699996062554
24.6259999985341
38.72050000063609
26.999700006854255
27.317000000039116
26.53419999842299
26.3042000005953
24.778500002867077
25.656500001787208
25.228899998182897
27.138500001456123
27.40559999801917
34.268899995367974
23.448300002200995
22.656699999060947
24.77039999939734
25.87889999995241
23.843899994972162
25.580299996363465
24.56030000030296
24.556199998187367
24.40970000316156
33.5205999945174
24.099299997033086
25.715399999171495
23.370599999907427
24.0881999998237
24.291199995786883
23.14259999548085
25.169800006551668
23.407300002872944
22.780500003136694
33.14959999988787
24.022099998546764
25.907399998686742
23.836399996071123
22.550499998033047
23.96670000598533
24.52590000029886
24.47760000359267
22.950200000195764
25.12140000180807
33.56809999968391
23.72550000291085
24.51889999792911
23.654099997656886
24.853300004906487
23.567399999592453
25.183399993693456
24.686800003109965
24.104200005240273
23.88509999582311
34.41949999978533
25.335199999972247
23.963000006915536
24.948099999164697
28.417699999408796
27.164700004504994
25.289800003520213
25.68269999756012
23.709399996732827
24.016899995331187
34.599799997522496
23.362299994914792
23.806800003512762
23.740200005704537
23.862300004111603
25.447199994232506
24.689800004125573
25.537399997119792
24.100099995848723
25.7701000009547
33.656200001132675
23.90660000673961
25.538499998219777
23.840299996663816
25.63910000026226
23.46140000008745
27.455999996163882
26.64530000038212
24.58209999895189
24.561300000641495
35.14359999826411
27.03289999772096
26.852900002268143
22.332799999276176
24.225599998317193
23.828999997931533
25.343899993458763
23.58549999917159
26.39880000060657
24.237999998149462
35.19170000072336
23.844700001063757
24.479899999278132
25.110599999607075
23.07200000359444
24.06619999965187
23.405100000672974
23.905399997602217
25.821900002483744
27.070799995271955
33.9112000001478
24.890499997127336
24.78059999702964
26.479599997401237
24.534800002584234
24.42670000164071
26.709800004027784
26.50790000188863
27.20250000129454
26.617900002747774
39.537600001494866
25.46739999525016
24.245199994766153
24.04739999474259
23.61139999993611
24.03960000083316
26.9622000050731
28.064599995559547
26.80300000065472
26.76179999980377
33.242699995753355
24.984499999845866
24.045699996349867
24.179399995773565
24.184200003219303
24.394899999606423
24.426199997833464
21.738399998866953
23.726400002487935
24.380599999858532
34.53879999869969
24.1362000015215
22.364199998264667
24.130999998305924
24.63300000090385
23.842399998102337
23.786100005963817
25.18899999995483
24.481499996909406
24.321199998666998
33.57289999985369
25.18669999699341
24.676099994394463
25.756200004252605
23.937999998452142
25.192799999786075
23.925199995574076
25.088000002142508
24.48999999614898
22.664700001769233
38.78640000039013
26.659999995899852
25.736800002050586
26.8008999992162
22.529000001668464
25.52849999483442
23.658700003579725
24.392200000875164
24.2770000040764
24.93300000060117
34.11780000169529
33.0614999984391
29.60499999608146
26.632700006302912
27.290899997751694
23.81710000190651
25.161300000036135
24.042999997618608
24.893000001611654
23.751100001391023
35.11319999961415
24.038700001256075
24.778999999398366
26.07970000099158
27.338499996403698
23.78869999665767
22.035599999071565
24.45330000045942
23.75410000240663
25.146899999526795
33.89189999870723
21.704400001908652
25.15520000451943
23.751200002152473
25.882699999783654
24.56180000444874
23.785199999110773
23.505700002715457
24.02799999981653
24.669600003107917
33.934799997950904
25.68780000001425
23.84209999581799
24.08090000244556
24.012800000491552
24.969600002805237
23.94349999667611
24.3447999964701
21.77030000166269
26.715100000728853
37.6274000009289
27.485999999043997
28.350699998554774
23.17649999895366
27.354099998774473
25.548899997374974
25.907299997925293
29.705000000831205
24.844300001859665
23.314500002015848
36.64330000174232
24.474400001054164
24.811000002955552
23.63849999528611
24.598399999376852
24.052799999481067
25.585100003809202
25.338400002510753
23.730199995043222
23.974299998371862
31.154500000411645
23.820400005206466
25.27140000165673
24.16819999780273
25.5682000060915
21.65709999826504
25.0439000010374
24.782100001175422
25.639700004830956
24.241999999503605
33.73510000528768
25.22529999987455
23.78560000215657
25.020400003995746
24.39520000189077
25.173300004098564
27.131100003316533
26.736299994809087
27.497800001583528
26.09659999870928
34.46010000334354
23.864499999035615
23.700199999439064
29.71830000024056
30.523699999321252
27.227200000197627
27.520099996763747
21.265800001856405
24.62629999354249
24.13220000016736
34.60639999684645
24.20630000415258
23.369199996523093
24.072399995930027
24.295499999425374
24.297099997056648
25.590199998987373
23.606199996720534
25.040100001206156
24.053999994066544
34.2811000009533
26.155300001846626
24.757999999565072
26.134200001251884
24.526400004106108
25.432200003706384
25.94659999886062
25.892500001646113
26.448800002981443
23.442600002454128
36.668699998699594
24.411500002315734
24.108999998134095
24.043600002187304
22.44119999522809
24.83189999475144
23.51220000127796
24.93500000127824
24.875600000086706
24.9857000017073
33.78569999767933
23.852400001487695
26.488800001970958
23.526400000264402
24.999400004162453
24.27229999739211
24.039299998548813
24.99069999612402
28.732999999192543
26.916199996776413
38.744199999200646
25.154099996143486
23.798700000043027
24.212800002715085
24.011599998630118
24.98360000026878
21.137299998372328
24.074400003883056
25.991299997258466
24.48549999826355
34.88829999696463
21.538600005442277
24.1052999990643
25.25479999894742
24.308199994266033
25.247800003853627
23.779900002409704
24.965999997220933
23.767600003338885
25.62299999408424
33.68950000003679
24.280000005092006
24.84330000152113
24.652400003105868
24.113300001772586
24.44400000240421
24.52139999513747
24.21440000034636
22.834799994598143
24.45290000468958
33.83239999675425
25.527300000248943
23.94510000158334
23.20270000200253
23.688100001891144
24.535499993362464
23.649899994779844
24.95690000068862
24.28620000137016
24.50450000469573
33.943500005989335
24.04739999474259
25.45990000362508
24.692499995580874
25.32960000098683
25.528400001348928
25.12340000248514
24.27950000128476
25.495300003967714
24.27210000314517
32.514399994397536
25.707500004500616
24.606500002846587
24.169000003894325
28.335499999229796
24.31549999892013
25.768599996808916
23.765499994624406
24.404600000707433
24.564100000134204
34.8770999989938
26.034000002255198
23.850799996580463
25.51810000295518
23.84959999471903
25.628399998822715
24.12449999974342
24.54040000156965
23.966000000655185
25.31979999912437
37.86099999706494
23.9235999979428
24.1466000006767
24.609700005385093
23.75259999826085
24.45330000045942
24.61079999920912
21.36419999442296
24.528000001737382
24.07400000083726
37.26800000004005
24.4340999997803
22.848400003567804
25.78170000197133
25.472199995419942
25.50399999745423
25.431400004890747
24.983099996461533
24.635800000396557
23.93840000149794
36.191700004565064
24.166799994418398
23.68920000299113
24.865300001692958
24.43229999335017
24.789399998553563
23.366699999314733
24.65929999743821
24.143199996615294
21.918800004641525
34.00310000142781
23.713800001132768
23.80470000207424
24.07669999956852
21.650200003932696
24.159400003554765
23.81730000342941
24.795500001346227
23.84650000021793
24.551900001824833
33.9280999978655
24.175700003979728
25.678500001959037
24.03520000370918
24.201000000175554
24.769299998297356
24.35469999909401
24.625700003525708
24.412800004938617
24.438000000372995
34.31060000002617
25.096299999859184
28.924099999130704
24.623600002087187
26.794099998369347
23.663699997996446
22.052100001019426
23.719000004348345
24.16320000338601
24.854600000253413
35.257600000477396
23.920699997688644
24.832299997797236
36.72069999447558
28.00349999597529
29.00009999575559
29.703000000154134
26.308300002710894
24.7317999965162
24.42919999884907
34.916500000690576
25.046900002053007
25.21359999809647
24.010099994484335
25.333799996587913
22.89500000188127
26.682600000640377
24.86059999500867
23.012999998172745
25.89280000393046
35.34219999710331
24.902099998143967
24.46330000384478
22.112400001788046
25.63900000677677
25.73599999595899
25.192799999786075
25.006399999256246
25.650499999755993
24.929799998062663
35.19380000216188
25.509099999908358
23.837499997171108
25.173000001814216
25.768700004846323
24.365600002056453
22.98239999799989
24.43640000274172
24.036199996771757
24.875299997802358
31.06349999870872
23.997199998120777
25.166200000967365
23.930200004542712
24.650899998960085
22.82299999933457
24.706799995328765
23.708000000624452
25.03739999519894
23.805600001651328
34.573199998703785
24.101199996948708
24.16590000211727
23.418899996613618
25.07639999384992
24.014099995838478
25.161899997328874
23.970599999302067
25.881600005959626
24.917199996707495
37.755499994091224
27.408899994043168
27.37669999623904
26.051100001495797
29.090799995174166
25.92239999648882
26.58779999910621
22.904299999936484
24.120699999912176
25.40700000099605
39.98890000366373
27.958000006037764
22.57580000150483
34.7200000032899
30.59689999645343
25.277499997173436
36.373199996887706
24.413400002231356
24.65160000429023
23.62379999976838
35.695999999006744
23.894300000392832
24.19190000364324
23.951400005898904
24.77980000548996
23.927800000819843
23.341400003118906
24.181500004488043
24.27190000162227
22.509399997943547
36.32139999535866
26.552399998763576
24.755200000072364
24.6259999985341
22.81089999451069
25.303900001745205
24.759599997196347
25.339799998619128
24.329200001375284
24.239800004579592
34.5551999998861
23.551999998744577
24.306799998157658
23.87990000715945
23.919999999634456
24.72420000412967
25.221399999281857
26.91169999889098
26.625400001648813
26.194199999736156
43.580999998084735
24.142599999322556
24.447299998428207
24.265699998068158
24.82120000058785
22.61239999643294
22.424700000556186
24.248800000350457
24.601600001915358
24.42229999724077
32.855000004929025
21.332199998141732
24.566899999626912
23.029900003166404
23.599100000865292
24.461700006213505
24.041999997280072
24.275100004160777
24.023999998462386
25.0367999979062
38.89570000319509
27.833700005430728
25.226000005204696
24.549399997340515
24.203300003136974
23.986100000911392
23.648400005185977
24.568399996496737
22.018000003299676
26.923000004899222
33.24789999896893
24.990199999592733
25.103699997998774
21.849700002348982
25.081499996304046
24.31329999672016
24.964800002635457
24.747800001932774
24.123499999404885
24.2965999932494
35.37820000201464
24.946100005763583
23.853099999541882
24.909200001275167
24.440799999865703
24.761900000157766
24.304300000949297
24.28220000001602
23.905699999886565
24.147900003299583
32.400000003690366
24.18539999780478
24.320199998328462
23.905500005639624
24.742499997955747
21.552099999098573
24.598299998615403
24.067999998806044
26.27859999483917
24.049499996181112
37.54530000151135
26.172100006078836
25.549099998897873
24.031299995840527
23.572199999762233
24.617299997771624
23.816200002329424
24.997000000439584
23.76179999555461
24.193199998990167
34.640700003365055
24.542699997255113
24.86470000440022
24.237099998572376
25.478700001258403
24.177200000849552
23.956199998792727
22.018499999830965
24.481499996909406
24.843199993483722
33.832699999038596
25.92480000021169
21.668199995474424
24.123499999404885
23.688599998422433
23.999500001082197
24.242100000265054
25.00000000145519
24.554299998271745
24.430500001471955
33.672700003080536
25.291400001151487
29.85900000203401
28.989400001592003
23.717399999441113
24.522599996998906
27.02790000330424
30.84340000350494
25.359200000821147
21.677499993529636
35.57050000381423
27.171200003067497
27.990199996565934
28.064800004358403
25.85430000181077
24.64200000395067
23.646800000278745
23.54850000119768
24.023500001931097
23.356999998213723
35.08200000214856
24.60129999963101
23.458299998310395
25.195800000801682
24.617799994302914
24.418100001639687
23.624800000106916
24.523100000806153
24.052400003711227
24.061299998720642
33.982799999648705
23.423700004059356
24.32330000010552
23.41110000270419
24.40220000426052
24.489499999617692
22.391499995137565
24.94270000170218
25.13860000181012
25.137799995718524
35.03210000053514
21.91090000269469
24.35380000679288
24.19699999882141
25.55700000084471
27.505300000484567
23.95249999972293
24.30129999993369
23.715399998764042
24.643699995067436
34.14389999670675
24.096499997540377
26.894099995843135
33.222999998542946
31.415800003742334
30.469400000583846
28.754899998602923
27.063100002123974
24.280000005092006
27.96420000231592
37.53049999795621
26.310799999919254
28.689200000371784
24.643299999297597
24.73209999880055
24.223099993832875
24.09060000354657
24.311599998327438
25.270199999795295
24.800699997285847
34.44810000655707
24.945800003479235
23.721800003841054
24.75449999474222
23.78849999513477
24.63529999658931
23.835799998778384
24.701700000150595
24.125299998559058
23.70639999571722
32.26189999986673
24.47340000071563
24.19709999958286
24.288300002808683
23.756499998853542
22.058099995774683
23.957199999131262
24.01819999795407
23.874400001659524
24.61300000140909
36.191799998050556
26.348899998993147
25.049899995792657
25.77440000459319
25.262900002417155
24.685199998202734
25.29260000301292
27.490699998452328
28.131500002928078
23.545599993667565
35.095699997327756
29.484300001058728
32.40419999929145
25.465600003371947
24.1872999977204
24.918900002376176
23.90949999971781
21.804800002428237
25.218900002073497
23.948599999130238
33.818599993537646
24.80700000160141
21.83119999972405
24.43259999563452
23.48919999349164
24.991700003738515
23.5608000002685
24.796899997454602
23.79590000055032
24.569199995312374
34.69180000683991
23.766300000716
24.44660000037402
24.235799995949492
23.934400000143796
25.004899995110463
23.717299998679664
24.171900004148483
23.317300001508556
22.51840000099037
34.06579999864334
24.672899999131914
24.204900000768248
24.00580000539776
22.538299999723677
24.55440000630915
23.75170000595972
24.5885000040289
23.7732000023243
24.977799999760464
34.32330000214279
24.60389999760082
23.786400000972208
24.63999999599764
25.25969999987865
27.715800002624746
28.03480000147829
23.925000001327135
24.389899997913744
25.141300000541378
33.9116000031936
23.73739999893587
24.185700000089128
23.557600005005952
26.36999999958789
30.70290000323439
27.777299997978844
26.620800003001932
27.011799997126218
24.652799998875707
36.114000002271496
21.894400000746828
23.73490000172751
24.731299999984913
23.48820000042906
24.56059999531135
24.9617000008584
25.890400000207592
24.571499998273794
27.406600005633663
41.51160000037635
26.49570000357926
28.30769999854965
26.743400005216245
27.918899999349378
28.816900005040225
27.418400000897236
24.383099997066893
22.1668000012869
24.021800003538374
33.835100002761465
24.11710000160383
24.072799998975825
22.132599995529745
24.384100004681386
23.904900001070928
24.843900006089825
24.286399995617103
24.099000002024695
23.53360000415705
33.87829999701353
24.217599995608907
24.103900002955925
24.53589999640826
23.63369999511633
25.550899998052046
25.81559999816818
24.086900004476774
24.070200001006015
24.801499996101484
32.24999999656575
24.577999996836297
23.958199999469798
24.051100001088344
24.188199997297488
22.519500002090354
25.233300002582837
25.81369999825256
24.629200001072604
22.870499997225124
34.396899995044805
25.053199999092612
23.722000005363952
25.442599995585624
24.280499994347338
24.164199996448588
24.419099994702265
23.56090000102995
25.539599999319762
23.818699999537785
36.0352000061539
24.067799997283146
24.336200003745034
24.176099999749567
24.667199999385048
23.732199995720293
25.347899994812906
22.248299996135756
24.604999998700805
25.151499998173676
33.91800000099465
24.919199997384567
22.911100000783335
23.915500001749024
24.10520000557881
23.760299998684786
24.514600001566578
23.370900002191775
24.58860000479035
25.280200003180653
33.78720000182511
24.892800000088755
24.1734999945038
25.03969999816036
24.188100003811996
24.863300001015887
24.686400000064168
24.795999997877516
23.83679999911692
22.538499993970618
33.52200000517769
23.881100001744926
24.422600006801076
23.58510000340175
22.366000004694797
24.336199996469077
24.392500003159512
24.43630000198027
24.36909999960335
25.483699995675124
34.61139999853913
24.824899999657646
24.169699994672555
24.820799997542053
24.263100000098348
26.9583999979659
31.94219999568304
27.81430000322871
25.27120000013383
25.233300002582837
34.42139999970095
23.506800003815442
23.728899999696296
24.00409999972908
25.05899999960093
24.15599999949336
21.467099999426864
23.864499999035615
25.26930000021821
24.381500006711576
33.35900000092806
29.14769999915734
24.68109999608714
24.0884000013466
24.69299999938812
25.081599997065496
29.322000002139248
28.45349999552127
23.563900002045557
26.865100000577513
38.10119999980088
28.758600004948676
24.09790000092471
23.479399998905137
24.196300000767224
24.928500002715737
24.885400001949165
25.262899995141197
23.080099999788217
24.73949999694014
34.65829999913694
24.17309999873396
24.130900004820433
21.338300000934396
24.634599998535123
24.128299999574665
