1851.8000000000466
997
821.6999999999534
786.6999999999534
708.8999999999069
689.6000000000931
715.1000000000931
663.5999999998603
616.5
613.5
600.9000000001397
614.6999999999534
570.5999999998603
561.8000000000466
549.4000000001397
558.1999999999534
528.3000000000466
522
511.19999999995343
515.3999999999069
512.6000000000931
497.69999999995343
508.5
493.19999999995343
474.80000000004657
463.39999999990687
513.2000000001863
465.5999999998603
456.10000000009313
450.30000000004657
458.39999999990687
464.30000000004657
447.19999999995343
431.69999999995343
429.10000000009313
459.69999999995343
431.89999999990687
422.80000000004657
399.9000000001397
407.5999999998603
415.9000000001397
408.5999999998603
405.30000000004657
388.10000000009313
386.89999999990687
422.5
398.89999999990687
421
378.5
369.30000000004657
376.80000000004657
372.30000000004657
375.5
367.89999999990687
375.5
371.5
364.4000000001397
351.0999999998603
356.4000000001397
375
366.79999999981374
347.20000000018626
357.89999999990687
354
349.80000000004657
352.39999999990687
336.9000000001397
346.19999999995343
338.19999999995343
334.19999999995343
337.5
347.60000000009313
332.30000000004657
329.0999999998603
331.30000000004657
338.89999999990687
330
324.70000000018626
325.19999999995343
333.69999999995343
316
329.60000000009313
324.89999999990687
321.80000000004657
320.39999999990687
320.4000000001397
316.89999999990687
317.80000000004657
324
314.39999999990687
312.69999999995343
315.9000000001397
309.39999999990687
315.80000000004657
315.60000000009313
307.19999999995343
303.80000000004657
304.29999999981374
305.70000000018626
313.79999999981374
310.70000000018626
306.29999999981374
298.20000000018626
301.29999999981374
294.9000000001397
307.30000000004657
301.29999999981374
302.30000000004657
297.9000000001397
294.5999999998603
304.60000000009313
294.5999999998603
290.10000000009313
292
294.89999999990687
296.30000000004657
300.5
295.5
290.5
294.19999999995343
289.4000000001397
296.80000000004657
293.39999999990687
291.19999999995343
288.5
284.19999999995343
295.10000000009313
290.80000000004657
285.19999999995343
284.60000000009313
287.5
288.0999999998603
289.19999999995343
296.20000000018626
286
289.29999999981374
281
292.5
283.9000000001397
287.89999999990687
275.19999999995343
319.20000000018626
287.0999999998603
282.69999999995343
278.9000000001397
294.0999999998603
274.5
282.80000000004657
282
280
276.69999999995343
277.9000000001397
282.19999999995343
272.30000000004657
288
279
274.0999999998603
275.10000000009313
277.19999999995343
280.80000000004657
272
272.69999999995343
275
275.19999999995343
275.60000000009313
270.89999999990687
272
274.80000000004657
263.30000000004657
268.5
275.60000000009313
273.0999999998603
263.69999999995343
272
266.9000000001397
267.89999999990687
272
273.80000000004657
270.10000000009313
267.19999999995343
262.5
276.89999999990687
266.4000000001397
263.39999999990687
263.69999999995343
261.69999999995343
259.10000000009313
275.5
257.19999999995343
263.10000000009313
258
261.5
254.19999999995343
265.30000000004657
257
260.80000000004657
258.0999999998603
258.19999999995343
269.9000000001397
257
249
249.5999999998603
245.9000000001397
250
244.5
246.30000000004657
248.19999999995343
249
246.0999999998603
236.9000000001397
241
249.5999999998603
249
240.9000000001397
238.30000000004657
245.79999999981374
246.60000000009313
242.60000000009313
254.19999999995343
244.5999999998603
239.70000000018626
257
234.69999999995343
241.0999999998603
235.60000000009313
242.10000000009313
242.5
240.79999999981374
237.4000000001397
231.69999999995343
243.5
240.19999999995343
241.69999999995343
237.9000000001397
237.19999999995343
242.69999999995343
236.30000000004657
237
236.10000000009313
240.5
239.0999999998603
237.10000000009313
232.19999999995343
242.19999999995343
232.10000000009313
231.5999999998603
240.70000000018626
237
232.5999999998603
228.9000000001397
235.79999999981374
240.10000000009313
232.60000000009313
227
234.0999999998603
243
229
227.9000000001397
240.29999999981374
238.20000000018626
225.79999999981374
230.4000000001397
241.5999999998603
235
227.20000000018626
232.79999999981374
235.20000000018626
240.79999999981374
230.10000000009313
235.89999999990687
227
244.9000000001397
231.5999999998603
226.9000000001397
225.39999999990687
240.69999999995343
230.20000000018626
222.69999999995343
226.89999999990687
239.30000000004657
224.60000000009313
228
232.69999999995343
233
224.5999999998603
226.10000000009313
230.5
239.89999999990687
229.80000000004657
226.30000000004657
225.80000000004657
234.89999999990687
221.80000000004657
226.80000000004657
227.39999999990687
229.69999999995343
225.70000000018626
227.5999999998603
228.5
233
220.10000000009313
226
228.5999999998603
229.9000000001397
218.0999999998603
231
228.9000000001397
229.5
219.69999999995343
218.30000000004657
224.5
236.30000000004657
218.69999999995343
222.30000000004657
223.39999999990687
231.5
229.30000000004657
219.19999999995343
229.89999999990687
226.70000000018626
220.39999999990687
222.10000000009313
223.89999999990687
222.19999999995343
220.9000000001397
217.69999999995343
231.69999999995343
225.69999999995343
216.5
221
218.4000000001397
231.5
222.5999999998603
215.9000000001397
220
225.5999999998603
220.10000000009313
219.5
228.80000000004657
223.5999999998603
215.10000000009313
219.0999999998603
217.5
226.9000000001397
219.89999999990687
215.10000000009313
221.69999999995343
223.10000000009313
216.39999999990687
211.39999999990687
217.20000000018626
232.89999999990687
215.10000000009313
215.89999999990687
217.69999999995343
221.60000000009313
221.0999999998603
211.60000000009313
222.10000000009313
221.5999999998603
212.4000000001397
217.69999999995343
217.89999999990687
220.10000000009313
212
219.5999999998603
218.60000000009313
219.89999999990687
213
219.80000000004657
218.5
223.9000000001397
212.39999999990687
220.30000000004657
215.19999999995343
226.19999999995343
216.80000000004657
213.5
216.30000000004657
227.19999999995343
212.30000000004657
216.0999999998603
217.5
218.80000000004657
217.30000000004657
218.19999999995343
226.5
221.10000000009313
210.5999999998603
215.80000000004657
213.69999999995343
225.80000000004657
235.80000000004657
235.69999999995343
224.5
217.19999999995343
217.30000000004657
221.10000000009313
219.30000000004657
220.5
211.19999999995343
215.5
216.19999999995343
217.80000000004657
216.69999999995343
208.19999999995343
228.5
216.5
209.10000000009313
212.69999999995343
209.5
222.69999999995343
216.5
205.80000000004657
213.10000000009313
221.29999999981374
218.4000000001397
207.30000000004657
217.0999999998603
214.60000000009313
208.69999999995343
215.10000000009313
207.89999999990687
216.69999999995343
213.30000000004657
208.5
215
214.39999999990687
207.10000000009313
215.69999999995343
215.30000000004657
222.19999999995343
205.60000000009313
205.0999999998603
214.60000000009313
215.89999999990687
212
212.4000000001397
213.69999999995343
221.60000000009313
209.19999999995343
211.5999999998603
210.70000000018626
212.0999999998603
214.69999999995343
206.9000000001397
211.5999999998603
214.30000000004657
206
204.10000000009313
207.80000000004657
241.0999999998603
224.5
204.19999999995343
209.70000000018626
210
208.0999999998603
204.10000000009313
205.0999999998603
222.80000000004657
202.4000000001397
207.5
211.5
222.79999999981374
201.80000000004657
206.80000000004657
211.10000000009313
207
202.19999999995343
204.5999999998603
204.10000000009313
226.5
200.10000000009313
199.5999999998603
205.19999999995343
209.30000000004657
204.9000000001397
206.79999999981374
202
208.70000000018626
199.5999999998603
202.69999999995343
206.60000000009313
207.60000000009313
209
198.5
208
206.29999999981374
200.80000000004657
221.10000000009313
204.30000000004657
218.79999999981374
200.80000000004657
200
206.10000000009313
209.89999999990687
201.4000000001397
202.69999999995343
210.19999999995343
204.60000000009313
200.79999999981374
202.5
208.80000000004657
210.80000000004657
198.5
201.19999999995343
211.19999999995343
212.30000000004657
198.19999999995343
201
202.9000000001397
205.30000000004657
207.69999999995343
199.5
199.30000000004657
206.0999999998603
199
200.4000000001397
208.69999999995343
203.5999999998603
196.5
203.30000000004657
199.30000000004657
208.69999999995343
205.30000000004657
199
209.89999999990687
203.9000000001397
199.80000000004657
197
207.89999999990687
211.39999999990687
197.30000000004657
202.60000000009313
217.69999999995343
206.60000000009313
202.19999999995343
205
202.19999999995343
203
196.10000000009313
205.0999999998603
199.19999999995343
206
198.10000000009313
203.19999999995343
204.30000000004657
208
197.69999999995343
196.9000000001397
200.39999999990687
211.60000000009313
202.29999999981374
198.5
201.80000000004657
209.60000000009313
202.30000000004657
202.89999999990687
200.10000000009313
203.79999999981374
196.5
198.80000000004657
200.5
212.19999999995343
193.30000000004657
198
202.9000000001397
203.79999999981374
198.4000000001397
194.5
207.80000000004657
208.69999999995343
193.69999999995343
195.89999999990687
197.20000000018626
202.29999999981374
202.70000000018626
208.19999999995343
197.39999999990687
218.4000000001397
195.69999999995343
195.80000000004657
200.69999999995343
209.80000000004657
212.19999999995343
192.80000000004657
199.89999999990687
207.89999999990687
199
208.80000000004657
195.30000000004657
213.5
202.5
196.39999999990687
205.10000000009313
204.30000000004657
194.89999999990687
198.60000000009313
206.5999999998603
202.10000000009313
191.19999999995343
193.5
196.69999999995343
218.9000000001397
206.69999999995343
192.69999999995343
196
211.80000000004657
196
192.10000000009313
202.69999999995343
202
193.89999999990687
195.19999999995343
198.5
201.5
204.80000000004657
192.30000000004657
198.39999999990687
209.60000000009313
198.30000000004657
191.5999999998603
203.30000000004657
209.80000000004657
192.60000000009313
192.5
199.5999999998603
220.80000000004657
194.89999999990687
192.5
194.10000000009313
213
192.69999999995343
192.69999999995343
199.9000000001397
196.0999999998603
192.80000000004657
203.5
191.9000000001397
201.0999999998603
189.69999999995343
189.4000000001397
194
208.5999999998603
192.80000000004657
188.30000000004657
194.5
201
189.30000000004657
200.89999999990687
200.9000000001397
202.19999999995343
193.5
191.39999999990687
193.10000000009313
205.5
195.5
190
200.19999999995343
193.39999999990687
187.80000000004657
193
191.9000000001397
204.39999999990687
190.39999999990687
187.5
193.9000000001397
200.69999999995343
196.39999999990687
190.60000000009313
201
196.5
188
191.80000000004657
195.69999999995343
197.5
189.10000000009313
194.69999999995343
198.89999999990687
201.30000000004657
190.5
190.89999999990687
195.5
197.60000000009313
194.60000000009313
194.69999999995343
194.80000000004657
195.79999999981374
190.60000000009313
193.5
200.10000000009313
202.0999999998603
189.60000000009313
189.5
193
196.19999999995343
198.5
192.89999999990687
193
199.20000000018626
188.39999999990687
198
192.10000000009313
207.89999999990687
198.80000000004657
189.5999999998603
197.9000000001397
200.0999999998603
194.4000000001397
193.5
200.5
196.19999999995343
188.39999999990687
187.20000000018626
192.89999999990687
202.19999999995343
186.5
196.19999999995343
190.30000000004657
197.9000000001397
191.89999999990687
192.69999999995343
196.4000000001397
200.5
185.5
195.0999999998603
195.10000000009313
200.0999999998603
189.4000000001397
190.89999999990687
191.60000000009313
203.89999999990687
189.9000000001397
200.5
190
197.0999999998603
189.69999999995343
192.80000000004657
193.9000000001397
203.79999999981374
188.30000000004657
187.10000000009313
193
200.30000000004657
224.69999999995343
211.0999999998603
189.60000000009313
204.39999999990687
188.30000000004657
192.5
194.10000000009313
198.19999999995343
187.80000000004657
190.0999999998603
192.30000000004657
194.69999999995343
195.4000000001397
198.30000000004657
229.29999999981374
207.10000000009313
195.30000000004657
191.80000000004657
206.39999999990687
204.89999999990687
198.30000000004657
185.10000000009313
191.19999999995343
201.80000000004657
196.69999999995343
189.60000000009313
200.69999999995343
195
184.5
186.89999999990687
197.80000000004657
195.89999999990687
198.30000000004657
190.19999999995343
193.60000000009313
200.10000000009313
188.0999999998603
186.69999999995343
199.5
191.30000000004657
188.9000000001397
190.39999999990687
199
195
190.89999999990687
196.60000000009313
188.30000000004657
197.5
189.5999999998603
188.20000000018626
192.29999999981374
196.9000000001397
197
188.30000000004657
191.5
198.69999999995343
188
183.0999999998603
191.80000000004657
198.10000000009313
189
187.5999999998603
190.60000000009313
194
189.30000000004657
184.30000000004657
193.0999999998603
200.80000000004657
184.19999999995343
181.80000000004657
194.19999999995343
197.60000000009313
189.80000000004657
194.69999999995343
189.39999999990687
193.4000000001397
190.5
184.29999999981374
195.20000000018626
212.5
189.5999999998603
185.60000000009313
191.80000000004657
188.5999999998603
186.10000000009313
187
184.39999999990687
191.9000000001397
182
187.89999999990687
190.5
196.30000000004657
230.89999999990687
188.10000000009313
206.0999999998603
216
194.30000000004657
196.9000000001397
214.5999999998603
204.60000000009313
205.19999999995343
188.19999999995343
190.19999999995343
204.60000000009313
193.10000000009313
183.0999999998603
200.4000000001397
189.79999999981374
182.70000000018626
193.19999999995343
189.5999999998603
196.80000000004657
186.9000000001397
184.5
192.89999999990687
190.89999999990687
183.9000000001397
186.39999999990687
189.10000000009313
191.5999999998603
194.80000000004657
183.30000000004657
192.89999999990687
194.30000000004657
186.10000000009313
184.19999999995343
193.5
189.80000000004657
182.19999999995343
185.89999999990687
189.4000000001397
193.19999999995343
190
183.39999999990687
188.4000000001397
190
186
182.5999999998603
194.5
187.10000000009313
182.69999999995343
186.9000000001397
190.29999999981374
188.70000000018626
181.69999999995343
190.89999999990687
186.19999999995343
194.9000000001397
187.5
183.39999999990687
188.10000000009313
194.19999999995343
185.5
189.10000000009313
193.89999999990687
195.10000000009313
185.19999999995343
186.0999999998603
188.60000000009313
205.30000000004657
187.69999999995343
184.10000000009313
186.79999999981374
192.30000000004657
185.30000000004657
188.69999999995343
189.69999999995343
191.60000000009313
182.80000000004657
180.80000000004657
184.19999999995343
200.5
185.80000000004657
184.69999999995343
190.0999999998603
186.9000000001397
183.30000000004657
183.89999999990687
195.69999999995343
191.60000000009313
184.39999999990687
180.60000000009313
190.69999999995343
189.89999999990687
187.5
190.5
190.60000000009313
188.39999999990687
184.60000000009313
181.39999999990687
191.30000000004657
187.9000000001397
188.79999999981374
184.9000000001397
184.89999999990687
190.80000000004657
195.30000000004657
181.0999999998603
186.20000000018626
190.5
188.5999999998603
179.30000000004657
189.80000000004657
192.39999999990687
182.10000000009313
182.19999999995343
194.69999999995343
189.30000000004657
183.10000000009313
180.0999999998603
185.9000000001397
189.5
186.69999999995343
182.5
193.19999999995343
192.19999999995343
189.9000000001397
180.19999999995343
188.19999999995343
196
182.39999999990687
180.9000000001397
187.0999999998603
188.60000000009313
188.69999999995343
182.9000000001397
196.19999999995343
196.80000000004657
180.79999999981374
178.60000000009313
186.5
196.69999999995343
184.19999999995343
182.10000000009313
191.39999999990687
192
180.5
179.4000000001397
188.69999999995343
194.30000000004657
178.89999999990687
174.69999999995343
179.9000000001397
179.89999999990687
185.69999999995343
186.20000000018626
178.69999999995343
178.89999999990687
176.9000000001397
175.89999999990687
186.10000000009313
182.5999999998603
173.4000000001397
175.19999999995343
184.69999999995343
184.89999999990687
184.60000000009313
178.69999999995343
194.9000000001397
184.5999999998603
179
179.80000000004657
188.60000000009313
187.79999999981374
181.9000000001397
183.39999999990687
185.10000000009313
183.69999999995343
179.30000000004657
172.5
176.89999999990687
183.4000000001397
175.5999999998603
181
185.30000000004657
180.60000000009313
173.19999999995343
176.80000000004657
176
185.89999999990687
177.80000000004657
175.89999999990687
183.9000000001397
183.5
174
172.5999999998603
178.30000000004657
178.5
176.39999999990687
180.60000000009313
190.39999999990687
188.5
176.9000000001397
173.5999999998603
179.5
194.5
177.60000000009313
196.39999999990687
187.9000000001397
178.89999999990687
177.60000000009313
173.39999999990687
180.69999999995343
181.30000000004657
179.4000000001397
173.5999999998603
179.5
184.19999999995343
177.20000000018626
174.39999999990687
178.69999999995343
183.10000000009313
176.89999999990687
171.60000000009313
178.19999999995343
188.10000000009313
182.19999999995343
173.80000000004657
179.89999999990687
179.69999999995343
172.19999999995343
177.80000000004657
182.5
179.19999999995343
182.20000000018626
170.29999999981374
175.10000000009313
182.5
176.30000000004657
170.30000000004657
181.5999999998603
180.80000000004657
171.69999999995343
173.69999999995343
178.5
187.4000000001397
171.89999999990687
169.60000000009313
178.30000000004657
186
177.19999999995343
173
175.89999999990687
187.19999999995343
169.60000000009313
180.19999999995343
174.30000000004657
175.60000000009313
173.29999999981374
172.5
178.9000000001397
184.5
178.0999999998603
170.80000000004657
180.9000000001397
186.5
170.39999999990687
172.60000000009313
179.0999999998603
177
178.4000000001397
171.39999999990687
175.5
176.89999999990687
173.60000000009313
172.89999999990687
178.70000000018626
178.0999999998603
170.4000000001397
179
180.29999999981374
177.60000000009313
175.80000000004657
171.5999999998603
176.20000000018626
203.0999999998603
173.10000000009313
171.5
178.19999999995343
178.19999999995343
170.19999999995343
173.5
189.9000000001397
179.30000000004657
179.89999999990687
172.19999999995343
187.19999999995343
180.10000000009313
177.60000000009313
174.19999999995343
190
177.30000000004657
171.29999999981374
171.70000000018626
182.39999999990687
182.60000000009313
175.5
171.0999999998603
173.60000000009313
184.30000000004657
175.0999999998603
170.30000000004657
176.10000000009313
178.0999999998603
171.4000000001397
177.5
178.19999999995343
178.30000000004657
171.69999999995343
170.19999999995343
171.80000000004657
177.89999999990687
176.4000000001397
169.5
181.29999999981374
177
169.80000000004657
172.4000000001397
178.19999999995343
180.19999999995343
176
166.69999999995343
171.60000000009313
180.0999999998603
172
171.10000000009313
176.30000000004657
176.69999999995343
168.19999999995343
176.69999999995343
176.60000000009313
179.19999999995343
170.5
170.9000000001397
173.5999999998603
186.80000000004657
173.60000000009313
168.0999999998603
173.9000000001397
177.0999999998603
170.60000000009313
183.19999999995343
174.80000000004657
180.89999999990687
174.30000000004657
168.19999999995343
173.30000000004657
180.19999999995343
171.19999999995343
168.4000000001397
183.5
179.80000000004657
171.19999999995343
169.80000000004657
176.89999999990687
175.30000000004657
174.89999999990687
169.9000000001397
186.69999999995343
183.19999999995343
175
166.80000000004657
172.5
176.5999999998603
177.60000000009313
168.69999999995343
175.30000000004657
180.5
168.89999999990687
167
177.10000000009313
178.80000000004657
171.5999999998603
168.60000000009313
174.30000000004657
179.80000000004657
167.0999999998603
174.69999999995343
173.60000000009313
174.89999999990687
166.80000000004657
172.19999999995343
171.9000000001397
176
171.5999999998603
176.5
169
182.20000000018626
172.79999999981374
169.10000000009313
175.69999999995343
175.19999999995343
167
178.80000000004657
171.30000000004657
176.30000000004657
173.69999999995343
170.30000000004657
176.89999999990687
181.4000000001397
169.19999999995343
172.69999999995343
176.89999999990687
173.10000000009313
170.89999999990687
173.9000000001397
173.89999999990687
175.9000000001397
172.39999999990687
174.10000000009313
175.5
178.69999999995343
169.69999999995343
166.5
175.10000000009313
173.89999999990687
171.30000000004657
175.39999999990687
169.30000000004657
179
173.89999999990687
169.20000000018626
171.5
178.39999999990687
166.5
171.89999999990687
176.9000000001397
177.5999999998603
169.20000000018626
168.89999999990687
170.19999999995343
172.19999999995343
168.5
176.70000000018626
170
179.69999999995343
166.80000000004657
166.5
181.5
174.79999999981374
169.30000000004657
172.10000000009313
170.39999999990687
176.80000000004657
167.89999999990687
168.70000000018626
169.5999999998603
173.80000000004657
171.60000000009313
166.79999999981374
174.5
176.9000000001397
165
165.5999999998603
170.70000000018626
179.39999999990687
171.10000000009313
167.89999999990687
172.10000000009313
175.39999999990687
166.30000000004657
168.5
179.5999999998603
176
168.9000000001397
167.5999999998603
171.5
172.9000000001397
171.0999999998603
166
177.80000000004657
173.5
166.5
167.5
175.69999999995343
174.20000000018626
166.0999999998603
163.19999999995343
177.20000000018626
173.79999999981374
169.9000000001397
167
168.39999999990687
173.60000000009313
166.80000000004657
169.89999999990687
182.60000000009313
171.79999999981374
165.5
167.70000000018626
170.0999999998603
175.30000000004657
168.30000000004657
168.89999999990687
173.69999999995343
171.80000000004657
164.9000000001397
167
173.0999999998603
181.60000000009313
168.39999999990687
178.10000000009313
173.5
172.89999999990687
169.30000000004657
163.89999999990687
166.80000000004657
173.19999999995343
165.4000000001397
163.5999999998603
175.10000000009313
174.80000000004657
164.0999999998603
167.5
169.30000000004657
174.9000000001397
169.89999999990687
171.69999999995343
166.69999999995343
174.70000000018626
165.5999999998603
164.69999999995343
170.4000000001397
175.69999999995343
171.89999999990687
163.4000000001397
167.19999999995343
174.89999999990687
168.20000000018626
163.79999999981374
164.4000000001397
178.69999999995343
164.60000000009313
163.19999999995343
171.5999999998603
177.80000000004657
162.9000000001397
163.89999999990687
168
182.19999999995343
168.60000000009313
164
172
172.5999999998603
164.30000000004657
164.69999999995343
171.20000000018626
180.79999999981374
163.4000000001397
164.5
167.30000000004657
174.0999999998603
173.30000000004657
165
166.39999999990687
176.20000000018626
163.39999999990687
166.39999999990687
172.80000000004657
168.69999999995343
165.30000000004657
162.5
165.69999999995343
182.10000000009313
165
162.19999999995343
167.10000000009313
173
163.5999999998603
162.80000000004657
168.60000000009313
182.5999999998603
162.10000000009313
166.60000000009313
173.79999999981374
172.30000000004657
165.60000000009313
176.19999999995343
165.60000000009313
177.29999999981374
163.9000000001397
165.5
171.5
174.0999999998603
160.80000000004657
165.4000000001397
173.39999999990687
173.10000000009313
165
167.29999999981374
167.10000000009313
169.30000000004657
164.80000000004657
166.19999999995343
165.30000000004657
176.79999999981374
164.5
160.60000000009313
169.19999999995343
170.5
166.5
166.30000000004657
168
168.30000000004657
165.5999999998603
162
169.20000000018626
172.79999999981374
181
162.20000000018626
169.5
173.5999999998603
163
162.80000000004657
170
167.5
168.60000000009313
164.5999999998603
163.30000000004657
175.5
167.80000000004657
160.80000000004657
166
174.0999999998603
168.4000000001397
160.89999999990687
168.39999999990687
175.10000000009313
160.89999999990687
163
165.80000000004657
170
167.19999999995343
163.5
169.30000000004657
169.5
161.69999999995343
160.10000000009313
164.10000000009313
171.19999999995343
183.69999999995343
161.10000000009313
169.39999999990687
173.30000000004657
159.5999999998603
161.4000000001397
171.5999999998603
169
165.80000000004657
166.30000000004657
169.60000000009313
168.79999999981374
162.10000000009313
162.5
162.60000000009313
178.39999999990687
162.5
160
168.5
172.10000000009313
160
163
168.0999999998603
169.4000000001397
167.0999999998603
162.60000000009313
167.89999999990687
172.10000000009313
168.69999999995343
180.80000000004657
166.89999999990687
171
165.5
162.19999999995343
175.80000000004657
168.69999999995343
160.10000000009313
167.19999999995343
162
175.19999999995343
160.80000000004657
163.60000000009313
166.69999999995343
168.89999999990687
159.5
168.5
164.80000000004657
170
161.9000000001397
164
164.0999999998603
166.9000000001397
159.69999999995343
182.39999999990687
166.19999999995343
166.60000000009313
164.5
159.30000000004657
163.5
173.30000000004657
161
166.69999999995343
162.69999999995343
173.80000000004657
161.30000000004657
158.69999999995343
170.80000000004657
168.5999999998603
159.19999999995343
166.4000000001397
165.80000000004657
170.29999999981374
167.5
158.70000000018626
163
168.5
160.69999999995343
164.69999999995343
164.80000000004657
176.5
160.39999999990687
160.69999999995343
164.30000000004657
169.19999999995343
165
163.10000000009313
167.89999999990687
169
163.9000000001397
159.5999999998603
168.9000000001397
174.0999999998603
180.20000000018626
158.79999999981374
166.60000000009313
169.10000000009313
159.0999999998603
159.5
169.80000000004657
176.10000000009313
160.0999999998603
159.9000000001397
164.89999999990687
170.10000000009313
159.69999999995343
158.89999999990687
173.9000000001397
170.89999999990687
158.69999999995343
158.30000000004657
167.89999999990687
167.30000000004657
161.10000000009313
162.89999999990687
169.5
170.4000000001397
166.5999999998603
163.5
165.10000000009313
166.5
166.69999999995343
160.39999999990687
169.30000000004657
168.80000000004657
158.69999999995343
162.69999999995343
161.70000000018626
170.39999999990687
161.89999999990687
158.60000000009313
170
169.10000000009313
158.29999999981374
161.80000000004657
167.30000000004657
167.10000000009313
161.89999999990687
159.39999999990687
167.9000000001397
171.5999999998603
163.10000000009313
162.10000000009313
162.39999999990687
167.69999999995343
160.60000000009313
161.69999999995343
170.69999999995343
170.4000000001397
165.5
162.0999999998603
164.9000000001397
170.5
160.89999999990687
164.89999999990687
164.9000000001397
172.89999999990687
161.4000000001397
158.19999999995343
163.0999999998603
166.4000000001397
163.89999999990687
160.9000000001397
169
168.19999999995343
160.30000000004657
161.5
160
170.0999999998603
157.30000000004657
160.60000000009313
162.39999999990687
168.5
161.19999999995343
158.9000000001397
161.19999999995343
174.80000000004657
165.69999999995343
158.19999999995343
161.69999999995343
169.60000000009313
158.89999999990687
165.60000000009313
163.89999999990687
177.9000000001397
156.69999999995343
170.89999999990687
164.10000000009313
168
160.5
158.89999999990687
165.69999999995343
175.30000000004657
159.30000000004657
157.39999999990687
165
164.9000000001397
158.0999999998603
174.20000000018626
165.39999999990687
172.5
159.60000000009313
160
162.39999999990687
165.19999999995343
166
160.69999999995343
159.5
174.20000000018626
156
161.79999999981374
161.80000000004657
171
158.19999999995343
159.70000000018626
162.79999999981374
171.30000000004657
159.80000000004657
162.10000000009313
168.5
165.5999999998603
161.5
160.30000000004657
166.30000000004657
167.69999999995343
156.80000000004657
166.69999999995343
161.5
169.30000000004657
157.5999999998603
164.10000000009313
164.69999999995343
167.30000000004657
164.10000000009313
159.39999999990687
161.80000000004657
165.19999999995343
164.10000000009313
161.29999999981374
165.30000000004657
169.9000000001397
161.69999999995343
158.0999999998603
163
167.30000000004657
165.5
157.5
169
169.9000000001397
161.39999999990687
166.80000000004657
162.19999999995343
165.10000000009313
164.79999999981374
164.10000000009313
161
169.10000000009313
162.39999999990687
158.80000000004657
162
164.0999999998603
171.5
158.30000000004657
165.19999999995343
185.5
158.60000000009313
158.10000000009313
162.89999999990687
170.60000000009313
163.5
160
159.19999999995343
168.39999999990687
160.60000000009313
157.0999999998603
167.30000000004657
170.5
163.9000000001397
156.5999999998603
164.9000000001397
163.39999999990687
157
161.10000000009313
164.89999999990687
165.39999999990687
163.20000000018626
167.89999999990687
167.80000000004657
166.89999999990687
163.19999999995343
159.60000000009313
160.60000000009313
172
157.69999999995343
157.80000000004657
165.79999999981374
169
157.20000000018626
173.0999999998603
170.30000000004657
163
159.10000000009313
158.19999999995343
166.5999999998603
162.80000000004657
161.10000000009313
164.89999999990687
159.69999999995343
167.70000000018626
157.69999999995343
171.39999999990687
161.5
169.5
157.30000000004657
164.39999999990687
160.80000000004657
166.60000000009313
168.89999999990687
160.69999999995343
160.5
166.9000000001397
156.5999999998603
164
162
173.30000000004657
158.30000000004657
156
161.19999999995343
167.10000000009313
157.0999999998603
162.4000000001397
169.19999999995343
165.5
158.19999999995343
157.9000000001397
162.5
162.5999999998603
155.69999999995343
169.9000000001397
158
164.39999999990687
163.9000000001397
159.5999999998603
158.60000000009313
162.30000000004657
161.69999999995343
162.69999999995343
165.10000000009313
175.29999999981374
158.5
154.20000000018626
163.29999999981374
168
159.70000000018626
163.29999999981374
159
167.70000000018626
157.29999999981374
155.80000000004657
163.10000000009313
166.0999999998603
166.10000000009313
157.39999999990687
161.60000000009313
166.10000000009313
155.79999999981374
159.70000000018626
161.0999999998603
170.9000000001397
155.79999999981374
156.30000000004657
162.69999999995343
164.4000000001397
163.39999999990687
156.69999999995343
165.30000000004657
164.5
156.9000000001397
163.79999999981374
164.80000000004657
168.69999999995343
156.10000000009313
157.69999999995343
168.19999999995343
164.70000000018626
168.89999999990687
161.89999999990687
168.80000000004657
163.9000000001397
156.89999999990687
165.19999999995343
164.60000000009313
164.30000000004657
158.79999999981374
160.9000000001397
158.19999999995343
162.69999999995343
160.80000000004657
157.60000000009313
163.5999999998603
162.19999999995343
160.9000000001397
157.80000000004657
163
164.69999999995343
156.69999999995343
154.89999999990687
165.9000000001397
168
154.39999999990687
160.9000000001397
162.89999999990687
163.30000000004657
156.5999999998603
155.5
170.4000000001397
168.5999999998603
158.80000000004657
155.60000000009313
157.5999999998603
167.4000000001397
154.80000000004657
162
170.5999999998603
167.60000000009313
158.5999999998603
156.70000000018626
160.19999999995343
166.30000000004657
178.0999999998603
161.19999999995343
160
163.10000000009313
159.39999999990687
158.20000000018626
161.29999999981374
180
160
157.80000000004657
159.60000000009313
167.5999999998603
156.20000000018626
156.29999999981374
161.60000000009313
166
158.10000000009313
160.39999999990687
159.19999999995343
167
157.30000000004657
159.30000000004657
160.30000000004657
172.5999999998603
160
156
159.80000000004657
166.5
159.19999999995343
153.9000000001397
161.19999999995343
176.80000000004657
154.39999999990687
155.39999999990687
161.4000000001397
172.30000000004657
155.39999999990687
157.60000000009313
158.0999999998603
171.80000000004657
156.39999999990687
159.70000000018626
166.0999999998603
169.80000000004657
156.89999999990687
156.60000000009313
164.39999999990687
172.10000000009313
154.69999999995343
163.19999999995343
164.70000000018626
161.89999999990687
156.80000000004657
158.39999999990687
160.30000000004657
171.5
163.80000000004657
160.39999999990687
159.5
167
156.60000000009313
156.5999999998603
161.10000000009313
182.19999999995343
155.4000000001397
159.79999999981374
162.9000000001397
164
162.5999999998603
157.4000000001397
169.30000000004657
165.0999999998603
159.69999999995343
158.30000000004657
161.5
164.10000000009313
158.5
165.39999999990687
161.60000000009313
165.39999999990687
160.80000000004657
156
163.5
162.80000000004657
171.5999999998603
154.10000000009313
162.69999999995343
178.69999999995343
157.20000000018626
156.89999999990687
158.80000000004657
173.5999999998603
165.4000000001397
157.5
166.89999999990687
164.80000000004657
156.89999999990687
153.9000000001397
165.39999999990687
164
159.69999999995343
155.80000000004657
161.9000000001397
165.89999999990687
156.60000000009313
167.29999999981374
157.5
162.9000000001397
165.89999999990687
157.30000000004657
157.19999999995343
166.80000000004657
170.89999999990687
158.70000000018626
161.5999999998603
169
163.19999999995343
156.5
163.30000000004657
171.69999999995343
168.9000000001397
158.5
158.5999999998603
166.5
163.20000000018626
157.29999999981374
169.10000000009313
161.69999999995343
155.9000000001397
157.0999999998603
161.4000000001397
167.79999999981374
163.4000000001397
168.89999999990687
163.5
166.30000000004657
156.60000000009313
156.39999999990687
162.60000000009313
171.79999999981374
160.80000000004657
157.69999999995343
165.60000000009313
161.69999999995343
159.5
156.19999999995343
166.20000000018626
170.39999999990687
164.19999999995343
158.4000000001397
160.89999999990687
164.30000000004657
157.5999999998603
162.30000000004657
166.30000000004657
172.69999999995343
155.10000000009313
159.80000000004657
158
163.29999999981374
159.4000000001397
168.39999999990687
160.4000000001397
160.79999999981374
159.60000000009313
157.69999999995343
158.10000000009313
167.19999999995343
163.39999999990687
161.4000000001397
157.39999999990687
166.5
160.30000000004657
153.30000000004657
160.39999999990687
167.9000000001397
155.89999999990687
163.39999999990687
159.9000000001397
163.5
160.89999999990687
155.10000000009313
164.30000000004657
168.69999999995343
157.5999999998603
201.9000000001397
209.5
223.19999999995343
162.30000000004657
158
160.69999999995343
168.89999999990687
156
164.5
157.4000000001397
184
158.69999999995343
157
159
167.19999999995343
155.80000000004657
163.39999999990687
163.80000000004657
163.19999999995343
156.80000000004657
156.10000000009313
159.89999999990687
162.19999999995343
157.20000000018626
167.19999999995343
159.89999999990687
163.5
171.60000000009313
153.89999999990687
157.4000000001397
166.89999999990687
167.19999999995343
155.10000000009313
160.5999999998603
163.4000000001397
153.5999999998603
158.10000000009313
158.30000000004657
174.19999999995343
157
155.89999999990687
159.80000000004657
165.60000000009313
155.89999999990687
159.5
170
162.4000000001397
163.19999999995343
157
163.89999999990687
164.4000000001397
157
160.0999999998603
168.5
161
154.69999999995343
156.9000000001397
160.39999999990687
160.4000000001397
159
158.0999999998603
164.4000000001397
161.89999999990687
162.60000000009313
158.79999999981374
166.20000000018626
167.5999999998603
156.60000000009313
155.0999999998603
165.9000000001397
163.69999999995343
154.19999999995343
157
164.5
162
155.10000000009313
157.69999999995343
172.5
230.60000000009313
301.29999999981374
231.5
220.30000000004657
195.10000000009313
184.30000000004657
217.79999999981374
188.60000000009313
178
191.89999999990687
185.9000000001397
200.39999999990687
184.5
176
197.60000000009313
206.0999999998603
171.20000000018626
168.5
184.29999999981374
166.80000000004657
169.5
154.4000000001397
162.69999999995343
172.19999999995343
190.80000000004657
174
164.5
167.5
175.19999999995343
181.10000000009313
175.0999999998603
181
167.30000000004657
157.80000000004657
156.39999999990687
159.69999999995343
174.9000000001397
161.30000000004657
154.39999999990687
160
166.69999999995343
153.5
158.60000000009313
158.19999999995343
173.19999999995343
154.4000000001397
156.29999999981374
164
162.5
157.30000000004657
154.19999999995343
164.20000000018626
171.39999999990687
152.5
154.69999999995343
164.5
164.30000000004657
154.69999999995343
158.30000000004657
174.30000000004657
166.5999999998603
157.9000000001397
157
181.39999999990687
160.5
159.9000000001397
158.79999999981374
157.5
170
154.30000000004657
158.19999999995343
155.9000000001397
179
175.0999999998603
154.9000000001397
162.39999999990687
171.80000000004657
157.10000000009313
163.19999999995343
161.0999999998603
165.4000000001397
162.80000000004657
155.39999999990687
161.39999999990687
243.20000000018626
256.39999999990687
272.39999999990687
244.60000000009313
308.30000000004657
351
372.19999999995343
419
440
427.5
385.19999999995343
495.19999999995343
409.10000000009313
476.80000000004657
441.69999999995343
388.5
481
511.10000000009313
461.79999999981374
393.80000000004657
453.10000000009313
388.19999999995343
401.80000000004657
459.69999999995343
447.39999999990687
400.80000000004657
358.10000000009313
284.5999999998603
206.30000000004657
191.60000000009313
189.0999999998603
175.9000000001397
203.39999999990687
191.30000000004657
177.80000000004657
179.80000000004657
211.79999999981374
195.5
173.5
184.20000000018626
190.29999999981374
179
174.9000000001397
191
193.19999999995343
179
174.80000000004657
185.80000000004657
192.39999999990687
175.69999999995343
186.69999999995343
172.10000000009313
189.30000000004657
166.5999999998603
167.20000000018626
192.5
190.29999999981374
175.5
184
175.80000000004657
205
185.19999999995343
181.5
188.5
194
189.80000000004657
186.10000000009313
187.5
183.69999999995343
173.80000000004657
174.69999999995343
163.89999999990687
165
167.5
178.60000000009313
189.80000000004657
193.30000000004657
174.19999999995343
163.0999999998603
160
174
157.9000000001397
171.5
180.39999999990687
233.9000000001397
156.79999999981374
163.20000000018626
160.5
162.69999999995343
156.89999999990687
167.10000000009313
156.89999999990687
165.80000000004657
162.19999999995343
158.5
157.4000000001397
173.79999999981374
163.4000000001397
176.0999999998603
156.20000000018626
162.5
167.5999999998603
161.19999999995343
157.9000000001397
167.19999999995343
156.19999999995343
160.19999999995343
159.20000000018626
161.89999999990687
159
157
160
167.69999999995343
163.9000000001397
161.5999999998603
155.9000000001397
167.5
163.5999999998603
158.10000000009313
154.0999999998603
180.60000000009313
161.30000000004657
158.80000000004657
159.19999999995343
162.5999999998603
155.80000000004657
156.69999999995343
162.60000000009313
166.89999999990687
178.10000000009313
155.5
163.69999999995343
167.10000000009313
159.19999999995343
172
163.89999999990687
172.80000000004657
155.60000000009313
158.5
163.0999999998603
163.5
155.30000000004657
164.60000000009313
162.39999999990687
162.30000000004657
153.10000000009313
157.0999999998603
165.80000000004657
161.39999999990687
154.4000000001397
158
164
159.89999999990687
161.9000000001397
153.39999999990687
161
161.5
155.10000000009313
151.5
162.0999999998603
175
158.60000000009313
156.5999999998603
158.9000000001397
161.89999999990687
154.69999999995343
153.70000000018626
165.5999999998603
163.9000000001397
152.89999999990687
174.10000000009313
156.69999999995343
164.5999999998603
156.10000000009313
162.30000000004657
161.80000000004657
165.89999999990687
153.69999999995343
158.30000000004657
159.30000000004657
164.5
162.19999999995343
154.60000000009313
165.0999999998603
158.60000000009313
159.0999999998603
156.60000000009313
170.5
165.30000000004657
159.30000000004657
154.89999999990687
169
162.39999999990687
162.5
155.10000000009313
180.10000000009313
173.29999999981374
157.5
161.5
177.5
181.5
171.70000000018626
157.29999999981374
157.70000000018626
172.19999999995343
173.89999999990687
161.30000000004657
169.69999999995343
214.60000000009313
170.5
166.5
160
172.80000000004657
155.69999999995343
192.5
168.69999999995343
176.80000000004657
158.5
172.19999999995343
162.19999999995343
173.30000000004657
161.10000000009313
153.79999999981374
157
167.60000000009313
171.10000000009313
154.19999999995343
167
167.80000000004657
152.39999999990687
154.5
160.60000000009313
160.0999999998603
159.69999999995343
157.80000000004657
161.4000000001397
170.0999999998603
159.5
154.9000000001397
159.69999999995343
165.5999999998603
158.60000000009313
153.19999999995343
157.19999999995343
171.4000000001397
155
160
164.0999999998603
179.10000000009313
169.5
164.30000000004657
159
171.5
156.30000000004657
158.39999999990687
173.10000000009313
172.79999999981374
159.5
157
163
183.70000000018626
168.79999999981374
162.80000000004657
166.10000000009313
173.89999999990687
153
153.80000000004657
166.60000000009313
166.69999999995343
155.69999999995343
158.30000000004657
158
160.89999999990687
155.80000000004657
163.30000000004657
162.89999999990687
159.80000000004657
157.39999999990687
155.4000000001397
156.19999999995343
159.80000000004657
162
158.19999999995343
158
162.89999999990687
154.70000000018626
158.29999999981374
157.4000000001397
178.80000000004657
170.69999999995343
169.69999999995343
171.80000000004657
180.19999999995343
159.19999999995343
153.10000000009313
160.5999999998603
161.70000000018626
161.19999999995343
166.5
182.80000000004657
179.5999999998603
164.69999999995343
155.30000000004657
158.10000000009313
160.89999999990687
158.69999999995343
159.70000000018626
157.5
166.5
155.5999999998603
151.69999999995343
161.10000000009313
162.60000000009313
159.19999999995343
154.5
171.5
165.0999999998603
152.30000000004657
153.19999999995343
157.5
161.4000000001397
160.89999999990687
160.10000000009313
161.69999999995343
161.39999999990687
155.5
153.70000000018626
158
158.0999999998603
161
158.69999999995343
160
162.9000000001397
154.0999999998603
154.70000000018626
158.89999999990687
171.5
154.10000000009313
153.89999999990687
161.10000000009313
163.89999999990687
155.5
154.80000000004657
168
161.30000000004657
155.39999999990687
154
157.10000000009313
157.5999999998603
156.9000000001397
167.0999999998603
155.19999999995343
180.60000000009313
162.5
154.39999999990687
159.20000000018626
162.29999999981374
154.9000000001397
164.80000000004657
173
179.69999999995343
160.89999999990687
165.69999999995343
162.9000000001397
165.80000000004657
169.0999999998603
165.4000000001397
160.5999999998603
191.69999999995343
188.60000000009313
198.89999999990687
179.60000000009313
196.80000000004657
156.5
167.0999999998603
159.9000000001397
171.30000000004657
199.69999999995343
158.80000000004657
158.19999999995343
163.30000000004657
154.5999999998603
165.80000000004657
176.10000000009313
171.29999999981374
161
154.9000000001397
156.39999999990687
164.9000000001397
157.5999999998603
171.69999999995343
169.80000000004657
176.9000000001397
166.29999999981374
160
157.9000000001397
162.5
155.5
169.30000000004657
169.69999999995343
164.80000000004657
160
163.39999999990687
157.89999999990687
157.20000000018626
162.29999999981374
165.4000000001397
169.69999999995343
184.39999999990687
165.4000000001397
159.39999999990687
160.10000000009313
176.5999999998603
169.30000000004657
174.30000000004657
173.80000000004657
182.19999999995343
161.5
161.60000000009313
166.5
158
161
160.0999999998603
157.69999999995343
165.5
167.20000000018626
167.79999999981374
165.30000000004657
166.69999999995343
160.30000000004657
165.69999999995343
166.70000000018626
162.0999999998603
163.4000000001397
161.5
168.69999999995343
161.19999999995343
150.89999999990687
157.4000000001397
166.80000000004657
178.5999999998603
172.19999999995343
165.80000000004657
171.60000000009313
158.5999999998603
155.4000000001397
167.19999999995343
165.60000000009313
166.0999999998603
171.80000000004657
176.39999999990687
171.60000000009313
157.69999999995343
154.5
157.69999999995343
155.60000000009313
162.60000000009313
154.69999999995343
154.69999999995343
161.89999999990687
158.5
157
153.5
165
172
155.9000000001397
152.5
161.5
160.30000000004657
159.5
157.79999999981374
158.80000000004657
168.10000000009313
153
158.5
154.5
165.19999999995343
158.5
151.19999999995343
154.80000000004657
163.19999999995343
158.80000000004657
150.89999999990687
156.80000000004657
168
149.4000000001397
152.39999999990687
165.19999999995343
164.9000000001397
152.19999999995343
154.69999999995343
162.39999999990687
163.80000000004657
151.10000000009313
153.19999999995343
156
167.10000000009313
151.5
156.19999999995343
160.39999999990687
160.10000000009313
153.5999999998603
157.70000000018626
156.5
167.69999999995343
153
149
157.5999999998603
163
150.80000000004657
150.60000000009313
157.80000000004657
169.5
149.39999999990687
153.60000000009313
157.0999999998603
158.4000000001397
150.5
160.29999999981374
179.5
190.60000000009313
190.10000000009313
158.79999999981374
180.10000000009313
160.80000000004657
157.5999999998603
150.30000000004657
154.60000000009313
165.30000000004657
153.5
157
155.39999999990687
167.60000000009313
159.5
164.5
160
180.29999999981374
155.5
151.20000000018626
158.5999999998603
160
152.4000000001397
155.29999999981374
153.20000000018626
159.5999999998603
150.4000000001397
155.0999999998603
155.19999999995343
162
156.60000000009313
150.80000000004657
155.69999999995343
161.5
156
152.60000000009313
152.79999999981374
160.20000000018626
155.39999999990687
151.5
155.80000000004657
160.5999999998603
154.80000000004657
149.5
154.30000000004657
160.10000000009313
156.89999999990687
149.80000000004657
156
162.30000000004657
149.19999999995343
152.30000000004657
154
176.29999999981374
191.80000000004657
194.9000000001397
184.29999999981374
180.4000000001397
160.39999999990687
150.5
153.4000000001397
162.19999999995343
156.30000000004657
157.5
153.89999999990687
161.30000000004657
148.39999999990687
149.30000000004657
160.30000000004657
156.30000000004657
158.0999999998603
150
159.5
158.19999999995343
153.60000000009313
160.10000000009313
188.0999999998603
182.30000000004657
175.60000000009313
176.0999999998603
191.80000000004657
211.89999999990687
149.10000000009313
150.30000000004657
156.89999999990687
163.9000000001397
150.19999999995343
149.5
187.89999999990687
182.5
164.80000000004657
160.39999999990687
207.80000000004657
202.80000000004657
176.10000000009313
156.5
160.89999999990687
182.10000000009313
160.19999999995343
164.30000000004657
157.89999999990687
159.5
150.10000000009313
153.69999999995343
153.19999999995343
156.60000000009313
152.5
161
152.5
156.39999999990687
155.10000000009313
150.19999999995343
155
161.39999999990687
155.4000000001397
155.69999999995343
152.30000000004657
162.5999999998603
151.5
148.80000000004657
162.19999999995343
162.4000000001397
151.69999999995343
156.89999999990687
152.30000000004657
157.60000000009313
154.19999999995343
151.19999999995343
154.30000000004657
159.30000000004657
150.19999999995343
155.89999999990687
151.80000000004657
159.19999999995343
155
151.30000000004657
153.5
158
152.10000000009313
156
152.19999999995343
162.0999999998603
154.70000000018626
148
153.5999999998603
162.19999999995343
149.60000000009313
154.69999999995343
155.9000000001397
160.5999999998603
147.9000000001397
151.19999999995343
152.89999999990687
156.80000000004657
155
150.5
152.39999999990687
157.4000000001397
150.89999999990687
149.80000000004657
152.30000000004657
166.30000000004657
147.39999999990687
148.60000000009313
153.69999999995343
156.80000000004657
155.89999999990687
148.10000000009313
158.69999999995343
157.5
150.30000000004657
148.5999999998603
156.19999999995343
156
148.10000000009313
148.30000000004657
161.69999999995343
159.5
148.89999999990687
160.5
167.70000000018626
177.0999999998603
161.80000000004657
162
173.69999999995343
165.30000000004657
167.60000000009313
164.69999999995343
168.80000000004657
175.0999999998603
178.60000000009313
166.19999999995343
170
173.89999999990687
168.20000000018626
176.29999999981374
186.10000000009313
160.19999999995343
161.5
162.60000000009313
162
170.30000000004657
162.79999999981374
155.20000000018626
175.39999999990687
167.60000000009313
147.79999999981374
149.80000000004657
158.60000000009313
170.19999999995343
161.30000000004657
149
149.39999999990687
156.80000000004657
150
151.39999999990687
159.4000000001397
158
148.19999999995343
151.60000000009313
153
155.69999999995343
153.69999999995343
157.19999999995343
151.80000000004657
156.19999999995343
149
146.69999999995343
158.9000000001397
156.5
155.19999999995343
151.30000000004657
151.5
160.0999999998603
148.70000000018626
149.5999999998603
153.30000000004657
161.89999999990687
148.9000000001397
146.80000000004657
153.89999999990687
158.80000000004657
147
147.89999999990687
154.9000000001397
161.89999999990687
147.60000000009313
149.5
152.69999999995343
157.30000000004657
147.0999999998603
164.5
152.5
164.19999999995343
150
148.80000000004657
154.30000000004657
153.39999999990687
148.60000000009313
147.69999999995343
149.80000000004657
162.80000000004657
148.39999999990687
148.19999999995343
152.4000000001397
161.5999999998603
149.80000000004657
150.30000000004657
151.19999999995343
161
146.30000000004657
146.89999999990687
154.5
154.5
147
148.60000000009313
153.39999999990687
163.60000000009313
147.30000000004657
153.19999999995343
151.89999999990687
163.20000000018626
147.5999999998603
149.9000000001397
149.39999999990687
160.19999999995343
151.10000000009313
152.39999999990687
150.19999999995343
157.10000000009313
149.60000000009313
147.5
155.0999999998603
157.10000000009313
150.89999999990687
150.69999999995343
152.5
157.4000000001397
147.80000000004657
153.5
155.39999999990687
152.89999999990687
150
150.20000000018626
152.19999999995343
154.19999999995343
151.5
156.89999999990687
151
156.4000000001397
149
148.69999999995343
149.10000000009313
157
158.19999999995343
148.30000000004657
150.19999999995343
156.5999999998603
151.10000000009313
147.30000000004657
150.5999999998603
161.10000000009313
154.69999999995343
150.19999999995343
150.9000000001397
157.89999999990687
147.69999999995343
148.4000000001397
153.39999999990687
158.30000000004657
153.80000000004657
149
152.89999999990687
162.10000000009313
147.39999999990687
154.19999999995343
148.5
157.30000000004657
154.60000000009313
150
147.69999999995343
155.80000000004657
153.5999999998603
147.70000000018626
151
156.69999999995343
155.69999999995343
144.60000000009313
154.39999999990687
160.5
148.19999999995343
146.5
149.9000000001397
160.19999999995343
153.0999999998603
149.4000000001397
158.30000000004657
155.0999999998603
148.60000000009313
150.39999999990687
152.5
162.9000000001397
150.0999999998603
151.30000000004657
152.80000000004657
154.5999999998603
149.60000000009313
147.39999999990687
154.80000000004657
157.10000000009313
151.5
148.0999999998603
150.60000000009313
160
148.10000000009313
154.69999999995343
149.30000000004657
160.69999999995343
149.0999999998603
148.5
153.60000000009313
152.60000000009313
148.0999999998603
152.5
154.5
155.69999999995343
149.10000000009313
152.10000000009313
152.19999999995343
152.80000000004657
150.19999999995343
157.5999999998603
151.30000000004657
156.60000000009313
151
146.89999999990687
150.5
157.10000000009313
149.39999999990687
162
148.69999999995343
158.80000000004657
148.10000000009313
145.30000000004657
149.0999999998603
158.5
147
153
150.60000000009313
155.19999999995343
147.69999999995343
145.4000000001397
154
156.0999999998603
148.30000000004657
155
147.69999999995343
170.80000000004657
146.5
150
149.30000000004657
155.69999999995343
149.19999999995343
151.80000000004657
148.80000000004657
162.5999999998603
149.5
146.70000000018626
151.5999999998603
157
152.10000000009313
145.39999999990687
155.4000000001397
158.39999999990687
145.10000000009313
146.19999999995343
152.30000000004657
162.19999999995343
149.5999999998603
146.9000000001397
154.5
152.80000000004657
147.0999999998603
146.30000000004657
164.10000000009313
155.39999999990687
147.5
149.5
153.89999999990687
153.9000000001397
147.89999999990687
146.30000000004657
156.60000000009313
155
149.19999999995343
147
151.39999999990687
154.4000000001397
145
146
159.39999999990687
159.89999999990687
145.20000000018626
145.39999999990687
154.5
155.39999999990687
146
147.60000000009313
162
154.39999999990687
143.9000000001397
157.5
150.0999999998603
151.60000000009313
146
150.10000000009313
155.29999999981374
152.9000000001397
147.0999999998603
147.60000000009313
153
153.10000000009313
147.0999999998603
144.60000000009313
157
154.19999999995343
148.80000000004657
145.5999999998603
150.10000000009313
153.69999999995343
143.60000000009313
145.5
158.80000000004657
153.79999999981374
146.30000000004657
145.10000000009313
155.30000000004657
153.39999999990687
144.30000000004657
152.89999999990687
149.10000000009313
151.5999999998603
145.60000000009313
149.60000000009313
148.39999999990687
153.89999999990687
151.5
147.30000000004657
151
156.10000000009313
148.89999999990687
145.30000000004657
149
161.10000000009313
144.5999999998603
147.30000000004657
149.30000000004657
168.39999999990687
146.4000000001397
144.5999999998603
151.4000000001397
158.89999999990687
144.10000000009313
145.79999999981374
155.70000000018626
154.79999999981374
146.9000000001397
145.89999999990687
151.4000000001397
163
144.39999999990687
149.60000000009313
153.29999999981374
153.70000000018626
146.39999999990687
145
150.30000000004657
156.5999999998603
147.9000000001397
144.69999999995343
152.80000000004657
155.80000000004657
145.69999999995343
143.69999999995343
150.80000000004657
163.5
143.5999999998603
142.9000000001397
152.19999999995343
154
143.69999999995343
152.19999999995343
152.5
158.5
144.70000000018626
146.79999999981374
152.30000000004657
152
167
151.80000000004657
149.39999999990687
155.80000000004657
145.5
145.5
152.60000000009313
153.89999999990687
148.30000000004657
144.69999999995343
153
153.69999999995343
144.9000000001397
154.5
153.0999999998603
157.60000000009313
143.80000000004657
149.0999999998603
150.20000000018626
155.5999999998603
146.69999999995343
144.20000000018626
157.5
153.39999999990687
154.80000000004657
144.30000000004657
152
155
145.69999999995343
148.69999999995343
150.19999999995343
152.4000000001397
151.5999999998603
145.5
150.4000000001397
152.19999999995343
150.30000000004657
145.0999999998603
150.4000000001397
154.39999999990687
154.80000000004657
143.5
148.89999999990687
157
146.19999999995343
145.30000000004657
151.9000000001397
157.5
153.69999999995343
143.5
155.89999999990687
152.4000000001397
144.19999999995343
144.89999999990687
150.9000000001397
153.29999999981374
150.4000000001397
150.5999999998603
150.30000000004657
158.10000000009313
144.5
147.39999999990687
148.60000000009313
154.19999999995343
156.80000000004657
145.19999999995343
151.69999999995343
156.30000000004657
145.5
143.60000000009313
150.89999999990687
158.30000000004657
151.19999999995343
149.80000000004657
153.5
156.5
145.5
145.39999999990687
151.60000000009313
160.5999999998603
147.5
147.9000000001397
154.39999999990687
150.5
144.9000000001397
150.79999999981374
157
153.80000000004657
145.30000000004657
148.39999999990687
149.20000000018626
152
149.79999999981374
151.10000000009313
151.89999999990687
151.60000000009313
148.39999999990687
146.30000000004657
150
157
145.69999999995343
151
150
153.9000000001397
145.5999999998603
147.70000000018626
153.39999999990687
157.10000000009313
144.5999999998603
151.30000000004657
151.89999999990687
154.10000000009313
148.5
148.89999999990687
149.5
155.10000000009313
145.10000000009313
153.5999999998603
148.10000000009313
152.69999999995343
151.10000000009313
146.69999999995343
148.0999999998603
151.5
146.30000000004657
152.19999999995343
147.4000000001397
156.5999999998603
147.9000000001397
142.5
148.39999999990687
156.5
146.10000000009313
152.39999999990687
153.10000000009313
159.19999999995343
143.80000000004657
145.0999999998603
149.9000000001397
155.39999999990687
146.30000000004657
154.69999999995343
151.30000000004657
156.30000000004657
155.80000000004657
149
150.5999999998603
155.4000000001397
153.79999999981374
149.4000000001397
147.89999999990687
155
148.30000000004657
146.69999999995343
148.10000000009313
164.39999999990687
147.30000000004657
148.39999999990687
150.5
158.9000000001397
148
147.69999999995343
156.60000000009313
158.69999999995343
146.5999999998603
149.80000000004657
151.5
152.19999999995343
144.4000000001397
152.5
157.39999999990687
153
145.5
148.4000000001397
150.19999999995343
152
146.5999999998603
148
158
152.80000000004657
147.4000000001397
149
148.5999999998603
152.69999999995343
145.70000000018626
148.79999999981374
152.70000000018626
153.79999999981374
146
147.80000000004657
151
155.19999999995343
146.20000000018626
147.79999999981374
155.9000000001397
152.80000000004657
143.69999999995343
150.69999999995343
155.19999999995343
161.5
145.9000000001397
160.79999999981374
153.4000000001397
149.5999999998603
148.4000000001397
144.80000000004657
149.69999999995343
154.80000000004657
142.39999999990687
147.89999999990687
152.80000000004657
155.30000000004657
148.60000000009313
146.0999999998603
154.10000000009313
151.30000000004657
145.0999999998603
145.80000000004657
153.80000000004657
157.69999999995343
146.80000000004657
144.5
148.89999999990687
152.60000000009313
145.5
154.19999999995343
149.19999999995343
153.9000000001397
147.39999999990687
145.30000000004657
149.89999999990687
152
152.69999999995343
148
148.30000000004657
153.30000000004657
143.10000000009313
149.39999999990687
147.80000000004657
162.89999999990687
147.19999999995343
145.4000000001397
149.80000000004657
151.79999999981374
146.10000000009313
145.39999999990687
151.70000000018626
162.5
145.19999999995343
146.69999999995343
147.30000000004657
169.80000000004657
144.69999999995343
157.89999999990687
149.4000000001397
159
146.39999999990687
144.69999999995343
152.69999999995343
154.5
147.4000000001397
147.39999999990687
146
158.4000000001397
145.39999999990687
145.89999999990687
152.80000000004657
165.30000000004657
142.39999999990687
147.9000000001397
147.5999999998603
159
147.20000000018626
150.79999999981374
153.70000000018626
152.39999999990687
145
145.80000000004657
148.0999999998603
158.9000000001397
146.69999999995343
152.69999999995343
147.5
151.80000000004657
145
144.80000000004657
149.5999999998603
159.4000000001397
148.89999999990687
146.5
148.4000000001397
153.5
143.0999999998603
146.4000000001397
153
155.19999999995343
143.89999999990687
149.19999999995343
149
152
146.20000000018626
152.39999999990687
150.5
150.89999999990687
148
145.80000000004657
148
156.10000000009313
150
147.80000000004657
148.5999999998603
155.60000000009313
155
145.5999999998603
149
150.5
155.20000000018626
143.5999999998603
150.60000000009313
153.30000000004657
148.19999999995343
149.30000000004657
148.69999999995343
154.89999999990687
149.19999999995343
148
149.4000000001397
153.89999999990687
142.9000000001397
147.69999999995343
150.5999999998603
152.30000000004657
160.30000000004657
146.39999999990687
150.10000000009313
156.69999999995343
143.60000000009313
150.5999999998603
150.4000000001397
152.39999999990687
151.60000000009313
144.89999999990687
146.80000000004657
153.89999999990687
147.5
146.5
149.4000000001397
155.5999999998603
149.70000000018626
145.5999999998603
149.9000000001397
153.69999999995343
149.39999999990687
147.69999999995343
147.70000000018626
151
148.19999999995343
148.80000000004657
153.19999999995343
149.19999999995343
146.10000000009313
148
144.5
156.69999999995343
146.39999999990687
151
149.4000000001397
153.39999999990687
145.80000000004657
145.0999999998603
152.5
152.80000000004657
146
146.80000000004657
150.10000000009313
160.19999999995343
150.80000000004657
152.0999999998603
147.69999999995343
154
146.10000000009313
146.5
151.80000000004657
149.0999999998603
142.30000000004657
152
149.5
150.5
143.10000000009313
149.89999999990687
146.5
151.30000000004657
149.5
155.39999999990687
147.80000000004657
148.4000000001397
148.69999999995343
144.5
145.5
152.30000000004657
149.29999999981374
155
146.9000000001397
154.0999999998603
147.10000000009313
144.5
147.39999999990687
155.20000000018626
143.39999999990687
150.10000000009313
147.69999999995343
150.30000000004657
147.0999999998603
144.9000000001397
149.29999999981374
151.60000000009313
142.80000000004657
152.5
145.39999999990687
157.69999999995343
159.4000000001397
151
147.69999999995343
151.60000000009313
144.89999999990687
150.69999999995343
146.80000000004657
151.5
147.60000000009313
144.0999999998603
146
153.5
150.4000000001397
146.19999999995343
148.39999999990687
157.69999999995343
143.4000000001397
143.80000000004657
148.79999999981374
155.5
142.9000000001397
146.69999999995343
151.69999999995343
153.69999999995343
142.9000000001397
146.5
153.69999999995343
150.5
146.10000000009313
150.0999999998603
147.69999999995343
150
148.70000000018626
145
156.29999999981374
154.9000000001397
148.39999999990687
144.5
148.10000000009313
159.19999999995343
143.89999999990687
143.80000000004657
154.9000000001397
156
142.5999999998603
144.30000000004657
147.10000000009313
152
146.39999999990687
143.19999999995343
157.80000000004657
151.10000000009313
142
146.79999999981374
149.4000000001397
152.39999999990687
142.80000000004657
146.89999999990687
152.9000000001397
151.80000000004657
143
149.0999999998603
153.10000000009313
150.89999999990687
146
145.19999999995343
155.30000000004657
152
145.60000000009313
145.30000000004657
149.39999999990687
155
146.5
143.80000000004657
153.5999999998603
153.30000000004657
145.69999999995343
143.30000000004657
150.9000000001397
154.79999999981374
142.9000000001397
148.69999999995343
149.19999999995343
156.19999999995343
144.70000000018626
145.5
147.0999999998603
152.10000000009313
150.89999999990687
147.5999999998603
146
154.40000000037253
144.89999999990687
142.6999999997206
147.5
156
144.10000000009313
145.8000000002794
146.59999999962747
155.20000000018626
143.5
145.39999999990687
151.89999999990687
162.60000000009313
146.20000000018626
142.60000000009313
151.09999999962747
151.5
144.5
144.8000000002794
149.5
157.29999999981374
141.89999999990687
147.70000000018626
148.89999999990687
153.8000000002794
145.79999999981374
142.39999999990687
147.60000000009313
155
154.5
142.79999999981374
150.90000000037253
150.6999999997206
142.5
147
148.5
158.5
142.39999999990687
146.20000000018626
150.60000000009313
153.89999999990687
143.70000000018626
146.5
156.6999999997206
158.5
145.39999999990687
145.5
147.60000000009313
151.5
145.39999999990687
146
148.70000000018626
161.70000000018626
142.79999999981374
151
149.79999999981374
153.60000000009313
145.5
142.3000000002794
152.89999999990687
151
145.6999999997206
146.5
149.20000000018626
153.89999999990687
146.20000000018626
150.79999999981374
149.5
152.10000000009313
143.79999999981374
144.60000000009313
151.39999999990687
148.40000000037253
142.79999999981374
147.10000000009313
143.79999999981374
149.8000000002794
149.09999999962747
145.60000000009313
145.3000000002794
154.09999999962747
146.5
139.3000000002794
145
149.89999999990687
146.5
139.5
144.29999999981374
156
141.3000000002794
142.60000000009313
142.6999999997206
157.39999999990687
138.5
140.8000000002794
149.89999999990687
148.79999999981374
138.70000000018626
141.89999999990687
148.60000000009313
151.10000000009313
141.89999999990687
162.10000000009313
144.10000000009313
148.89999999990687
141.10000000009313
147.09999999962747
143.8000000002794
154.1999999997206
145.5
143
143.5
148.5
145.40000000037253
143
145.09999999962747
154.10000000009313
146.3000000002794
139.6999999997206
157.39999999990687
150.3000000002794
142.1999999997206
139.90000000037253
146
157.39999999990687
140.6999999997206
143.5
147.90000000037253
151
145.39999999990687
140.6999999997206
145.5
154.90000000037253
143.59999999962747
143.20000000018626
145.70000000018626
149
141.59999999962747
141.5
144.5
154.20000000018626
144.5
142.79999999981374
146.3000000002794
149.89999999990687
143.89999999990687
144.20000000018626
145.79999999981374
153.60000000009313
141
143.70000000018626
146.59999999962747
146.40000000037253
145.59999999962747
144
148
152.20000000018626
142.10000000009313
143.79999999981374
142.70000000018626
150.60000000009313
143.79999999981374
144.10000000009313
146.29999999981374
156.5
150.20000000018626
141.10000000009313
143.09999999962747
149.3000000002794
148.1999999997206
146.20000000018626
145.89999999990687
156.20000000018626
144.39999999990687
144.89999999990687
147.10000000009313
151.39999999990687
143.3000000002794
143.39999999990687
146.10000000009313
155.39999999990687
142.10000000009313
142.6999999997206
149.70000000018626
153.10000000009313
150.39999999990687
152.1999999997206
146.20000000018626
153.89999999990687
144
147.8000000002794
143.89999999990687
151
143.10000000009313
142.5
149.59999999962747
148.20000000018626
146.20000000018626
141.09999999962747
145.5
154.10000000009313
139.20000000018626
143.79999999981374
150.10000000009313
154.20000000018626
141.59999999962747
141.20000000018626
148.60000000009313
149.1999999997206
139.20000000018626
145.29999999981374
151.8000000002794
155.39999999990687
140
141
149
147.10000000009313
145.5
147
147.6999999997206
147.60000000009313
142
143.60000000009313
146.39999999990687
150.3000000002794
143.79999999981374
141.70000000018626
144.79999999981374
149
144.20000000018626
140.59999999962747
149.60000000009313
153.89999999990687
142.10000000009313
140.39999999990687
145.5
148.90000000037253
139.89999999990687
147
150.6999999997206
151.10000000009313
140.20000000018626
141.1999999997206
143.70000000018626
148.79999999981374
142.20000000018626
151.10000000009313
156
148.29999999981374
141.3000000002794
139.59999999962747
145.90000000037253
151.1999999997206
146.60000000009313
139.39999999990687
149.5
148.3000000002794
144.59999999962747
141.8000000002794
150.60000000009313
152.6999999997206
143
150.8000000002794
146.79999999981374
155.60000000009313
140.6999999997206
144.70000000018626
146.89999999990687
151.60000000009313
144.29999999981374
142.70000000018626
144.60000000009313
150.10000000009313
147.79999999981374
145.79999999981374
141.60000000009313
152.10000000009313
140.39999999990687
142.70000000018626
144.39999999990687
151.29999999981374
148.3000000002794
139.5
145.39999999990687
153.89999999990687
142
140.3000000002794
150
151.59999999962747
141.70000000018626
140.20000000018626
147.89999999990687
147.60000000009313
142.79999999981374
142
154.70000000018626
156
145.1999999997206
145.70000000018626
147.10000000009313
156.09999999962747
157
145.8000000002794
143.60000000009313
152.1999999997206
144.89999999990687
142.20000000018626
147
150.5
147.70000000018626
146.5
146.89999999990687
152.6999999997206
143.3000000002794
145.6999999997206
151.70000000018626
161.5
142.39999999990687
139.3000000002794
150
149.59999999962747
141.20000000018626
141.79999999981374
149.8000000002794
150.1999999997206
144.10000000009313
141.20000000018626
151.1999999997206
151
140.5
150
143.40000000037253
147.5
148.59999999962747
144.70000000018626
146
148.20000000018626
146.5
142.1999999997206
147.70000000018626
149.10000000009313
141.39999999990687
149.29999999981374
143.8000000002794
155.09999999962747
146.20000000018626
144.5
147.29999999981374
153.8000000002794
147.10000000009313
145.59999999962747
151.3000000002794
154.79999999981374
144.60000000009313
144.70000000018626
149.09999999962747
157.90000000037253
142.5
151.79999999981374
149
153.89999999990687
142.8000000002794
146.5
149.1999999997206
161.10000000009313
144.70000000018626
147.39999999990687
146.1999999997206
154.10000000009313
144.5
147.20000000018626
145
159.10000000009313
145
147.09999999962747
146.70000000018626
152
145.20000000018626
144.6999999997206
151.89999999990687
161.40000000037253
143.29999999981374
144.79999999981374
147
154
141.90000000037253
156.39999999990687
147.10000000009313
160.39999999990687
143.1999999997206
145.5
150.90000000037253
147.1999999997206
149.70000000018626
145.10000000009313
147.79999999981374
160.5
141.60000000009313
143.79999999981374
147.3000000002794
153.59999999962747
142.90000000037253
146.59999999962747
145.90000000037253
155.89999999990687
141.29999999981374
147.8000000002794
146.39999999990687
146.10000000009313
141.39999999990687
142.6999999997206
145.20000000018626
146.39999999990687
145.39999999990687
148.20000000018626
144.29999999981374
147.40000000037253
140.79999999981374
139.89999999990687
151
153.39999999990687
148.40000000037253
141.1999999997206
155.60000000009313
149.60000000009313
140.5
145.1999999997206
146.40000000037253
157.6999999997206
143.60000000009313
141.89999999990687
152.5
147.70000000018626
140.39999999990687
150.89999999990687
150.70000000018626
151.79999999981374
144.39999999990687
145.60000000009313
148.3000000002794
149.59999999962747
143.90000000037253
152.5
147
151.39999999990687
148.89999999990687
141.10000000009313
149.5
150.79999999981374
150.89999999990687
142
147
169.3000000002794
142.89999999990687
144.20000000018626
147.5
159.29999999981374
143.20000000018626
145.29999999981374
150.39999999990687
149.5
144.89999999990687
143.8000000002794
160.39999999990687
155.60000000009313
141.29999999981374
144.5
147.5
153.60000000009313
142.60000000009313
146.6999999997206
148.3000000002794
150.29999999981374
149.3000000002794
147
148.29999999981374
153.60000000009313
144.79999999981374
140.20000000018626
153.5
150.89999999990687
140
141.39999999990687
146.3000000002794
163.79999999981374
145.29999999981374
142.90000000037253
150.79999999981374
157.89999999990687
142.60000000009313
142.20000000018626
153.29999999981374
151.79999999981374
143
147.10000000009313
147.8000000002794
149.59999999962747
140.20000000018626
147.10000000009313
147.10000000009313
149.79999999981374
142.89999999990687
146.8000000002794
144.79999999981374
149.29999999981374
143.10000000009313
144.89999999990687
143.8000000002794
150.60000000009313
141.79999999981374
144.5
144
152.89999999990687
143.39999999990687
141.90000000037253
147.39999999990687
151
147.5
142.10000000009313
146.59999999962747
152.20000000018626
142.5
141.20000000018626
143.59999999962747
156.10000000009313
140.70000000018626
143.1999999997206
143.70000000018626
150.29999999981374
153.70000000018626
140.5
151.20000000018626
148.5
146.5
143.39999999990687
145.29999999981374
207.20000000018626
204.1999999997206
194.60000000009313
197.70000000018626
152.10000000009313
144.5
160.6999999997206
149.5
162.70000000018626
186.39999999990687
154.5
166.89999999990687
155.8000000002794
150.59999999962747
169.40000000037253
159.09999999962747
154.8000000002794
153.60000000009313
151.1999999997206
147.39999999990687
153.40000000037253
147.79999999981374
148.10000000009313
148.39999999990687
163.60000000009313
149
155.79999999981374
155.10000000009313
155.29999999981374
173.20000000018626
145.39999999990687
166.39999999990687
172.20000000018626
163.5
148.89999999990687
172
176.70000000018626
152.10000000009313
151.5
152.6999999997206
163.89999999990687
146.20000000018626
148.39999999990687
156.3000000002794
161.89999999990687
167.10000000009313
145.5
153.29999999981374
166.70000000018626
154.09999999962747
147.70000000018626
158.5
165.29999999981374
154.3000000002794
168.79999999981374
175
163.89999999990687
167.60000000009313
178.3000000002794
171
173.89999999990687
160
174.1999999997206
187.90000000037253
153.6999999997206
152.39999999990687
144.70000000018626
144.70000000018626
176.6999999997206
146.5
168.10000000009313
160.20000000018626
177.1999999997206
152.5
149.10000000009313
155.89999999990687
151.60000000009313
165.5
155.89999999990687
157.10000000009313
165.79999999981374
153.60000000009313
150.70000000018626
163.29999999981374
164.20000000018626
150.6999999997206
151.90000000037253
153.39999999990687
154.29999999981374
165
147.8000000002794
168
157.79999999981374
159.5
158.29999999981374
147.8000000002794
178.5
154.89999999990687
148
149.39999999990687
180.39999999990687
151.10000000009313
160.89999999990687
153.90000000037253
160.1999999997206
155.70000000018626
172.39999999990687
150.79999999981374
156.20000000018626
151.29999999981374
147.60000000009313
154.5
166.60000000009313
165.60000000009313
164
163.89999999990687
161.29999999981374
154.20000000018626
164.29999999981374
164.60000000009313
248.8000000002794
261
241.09999999962747
237.3000000002794
202.10000000009313
192.6999999997206
210.10000000009313
194.60000000009313
214.89999999990687
185.20000000018626
177.89999999990687
190.29999999981374
188.89999999990687
160.40000000037253
174.1999999997206
177
172.20000000018626
171.39999999990687
165.20000000018626
168.89999999990687
181
163.10000000009313
167.79999999981374
167.10000000009313
170.39999999990687
175.60000000009313
165.1999999997206
174.10000000009313
183.89999999990687
172.10000000009313
165
167.89999999990687
173
177.60000000009313
167.60000000009313
173.29999999981374
182.3000000002794
169.39999999990687
173.60000000009313
170.10000000009313
180.89999999990687
172.29999999981374
168.39999999990687
174.90000000037253
178.5
174.5
169.79999999981374
173.70000000018626
176.29999999981374
170.10000000009313
173.60000000009313
173.6999999997206
176.8000000002794
169.1999999997206
171.39999999990687
168.60000000009313
183.20000000018626
168.29999999981374
171.5
191.60000000009313
190.29999999981374
198.40000000037253
186.09999999962747
172.70000000018626
171.89999999990687
174.8000000002794
167.09999999962747
171.10000000009313
175
176.3000000002794
160.89999999990687
183.6999999997206
195.8000000002794
181.89999999990687
208.10000000009313
238.60000000009313
183.5
188.5
171.89999999990687
195.89999999990687
168.79999999981374
187.8000000002794
175
199.6999999997206
212.20000000018626
189.79999999981374
175.3000000002794
212.39999999990687
193.29999999981374
180
159.70000000018626
169.79999999981374
172.3000000002794
172.79999999981374
174.3000000002794
177
173.79999999981374
171.29999999981374
166.20000000018626
163.20000000018626
159.5
181.39999999990687
152.1999999997206
165
166.90000000037253
157.1999999997206
163.20000000018626
164.79999999981374
169
165
167.39999999990687
161.70000000018626
182.29999999981374
158.60000000009313
166.89999999990687
162.3000000002794
165
164.79999999981374
159.70000000018626
163.29999999981374
167.89999999990687
170.20000000018626
161.10000000009313
185.60000000009313
178.89999999990687
174.6999999997206
188
195.20000000018626
174
153.89999999990687
148.8000000002794
160.6999999997206
160.8000000002794
160.09999999962747
171.5
170.40000000037253
165.09999999962747
161.60000000009313
156.8000000002794
161.1999999997206
166.89999999990687
164.10000000009313
160.10000000009313
168
166.70000000018626
156.39999999990687
163
165.89999999990687
175.89999999990687
164.89999999990687
189.5
170
159.90000000037253
156.89999999990687
172.60000000009313
167.6999999997206
171.70000000018626
155.10000000009313
159.5
169.5
173.79999999981374
166.29999999981374
159.70000000018626
156.20000000018626
168
160
173.79999999981374
161.89999999990687
169.70000000018626
156.6999999997206
156.40000000037253
166.29999999981374
169.70000000018626
158.09999999962747
163.40000000037253
164.29999999981374
160.70000000018626
161.29999999981374
167.89999999990687
163.8000000002794
165.59999999962747
158.60000000009313
167.20000000018626
162.79999999981374
163.3000000002794
156.09999999962747
166
169.3000000002794
166
161.5
164.6999999997206
160.70000000018626
161.10000000009313
158.1999999997206
158.10000000009313
161.8000000002794
172
155.09999999962747
165
161.5
168.90000000037253
156.09999999962747
169.20000000018626
166.10000000009313
163
174
195.10000000009313
173.39999999990687
165.39999999990687
166.60000000009313
156.5
158.89999999990687
169.89999999990687
163.3000000002794
160.09999999962747
169.40000000037253
238.29999999981374
170.10000000009313
157.1999999997206
164.8000000002794
179.79999999981374
183.60000000009313
184
195.20000000018626
173.89999999990687
167.89999999990687
175.10000000009313
179.79999999981374
179.5
182.20000000018626
166.1999999997206
160.8000000002794
166.6999999997206
161
162.5
166.60000000009313
163.89999999990687
156.60000000009313
156.20000000018626
159.39999999990687
165.29999999981374
163
168.20000000018626
169.10000000009313
160.10000000009313
164.29999999981374
156.5
184.89999999990687
168.70000000018626
152.89999999990687
157.70000000018626
172.29999999981374
170.70000000018626
149.09999999962747
148.20000000018626
153.70000000018626
175.29999999981374
160
170.5
155.29999999981374
152.20000000018626
145.60000000009313
151.1999999997206
151.3000000002794
172.10000000009313
145.09999999962747
149.60000000009313
148.8000000002794
152.09999999962747
147.70000000018626
158.20000000018626
172.5
170.89999999990687
161.5
195.10000000009313
174.29999999981374
172.60000000009313
152.1999999997206
153.90000000037253
154.09999999962747
166.90000000037253
179.6999999997206
164.3000000002794
158.6999999997206
165.5
156.39999999990687
158.90000000037253
162.6999999997206
166.70000000018626
159.5
161.79999999981374
166.8000000002794
170.59999999962747
154.60000000009313
157.8000000002794
162.29999999981374
165.39999999990687
152.20000000018626
163.10000000009313
167.6999999997206
164.60000000009313
156.29999999981374
159.60000000009313
158.5
162.20000000018626
163.1999999997206
153.40000000037253
152.89999999990687
167.39999999990687
161.60000000009313
168.89999999990687
185.89999999990687
192.20000000018626
200.79999999981374
200.60000000009313
172.10000000009313
186.79999999981374
197.3000000002794
199.59999999962747
181.70000000018626
173.39999999990687
165.70000000018626
171.29999999981374
181.70000000018626
185.10000000009313
205.89999999990687
184.29999999981374
225.8000000002794
200
177.5
169.1999999997206
169.20000000018626
193.60000000009313
165.89999999990687
172.89999999990687
167.60000000009313
178.89999999990687
165.79999999981374
172
170.40000000037253
180.89999999990687
169.1999999997206
164.20000000018626
176.5
173.10000000009313
164.10000000009313
167.39999999990687
169.1999999997206
170.90000000037253
181.89999999990687
166.89999999990687
165.10000000009313
179.6999999997206
171
169.10000000009313
173.3000000002794
189
167.09999999962747
170.5
161.8000000002794
176.39999999990687
187.10000000009313
177.89999999990687
184.60000000009313
192.39999999990687
191.10000000009313
196.39999999990687
172.39999999990687
170.39999999990687
170.40000000037253
181.6999999997206
166.3000000002794
179.1999999997206
188
199.3000000002794
172.29999999981374
191
173
188.60000000009313
197.5
195.6999999997206
167.3000000002794
168.6999999997206
165.70000000018626
176.10000000009313
164.5
162.29999999981374
171.8000000002794
176.1999999997206
157
169.10000000009313
161.70000000018626
161.09999999962747
168.90000000037253
168.5
181.79999999981374
171.70000000018626
162
163.29999999981374
171
183.29999999981374
169.10000000009313
166.5
174.8000000002794
165.5
159.59999999962747
169.5
166.8000000002794
172.89999999990687
198
203.60000000009313
174.89999999990687
184.79999999981374
184.60000000009313
169.10000000009313
164.89999999990687
166.5
161.70000000018626
167.79999999981374
172.89999999990687
171.60000000009313
170
174.20000000018626
165.29999999981374
167.5
172.60000000009313
160.10000000009313
167.89999999990687
168.70000000018626
169.39999999990687
162.89999999990687
168.39999999990687
170.39999999990687
166.10000000009313
160
167.10000000009313
171.70000000018626
177.89999999990687
154.1999999997206
162
165.20000000018626
152.10000000009313
154.29999999981374
160.89999999990687
174.20000000018626
152.39999999990687
158.10000000009313
161.10000000009313
162
158.79999999981374
161.39999999990687
159.5
161.60000000009313
154.8000000002794
162.5
157.29999999981374
165.60000000009313
158.10000000009313
155.89999999990687
159.1999999997206
159.20000000018626
157.70000000018626
156.5
163.89999999990687
167.5
156.60000000009313
153
157.09999999962747
165.70000000018626
154.79999999981374
154.40000000037253
160.5
166.1999999997206
154.5
153.89999999990687
157.10000000009313
157.8000000002794
151.5
152
162.09999999962747
167.40000000037253
152.79999999981374
154.89999999990687
158.3000000002794
164.09999999962747
160.20000000018626
167.39999999990687
158.8000000002794
172.59999999962747
175.40000000037253
160.6999999997206
156.89999999990687
170.8000000002794
163.5
160.5
167.79999999981374
189.8000000002794
171.79999999981374
170.60000000009313
162.5
164.79999999981374
156.60000000009313
155.20000000018626
155.29999999981374
162.29999999981374
172.5
205.20000000018626
162.39999999990687
159
158.60000000009313
158.20000000018626
182.79999999981374
193.5
153.70000000018626
169.59999999962747
172.3000000002794
166.6999999997206
187.3000000002794
162.89999999990687
168.79999999981374
172
148.10000000009313
151.60000000009313
168.20000000018626
163.79999999981374
175.5
172.39999999990687
151.89999999990687
168
155
155.90000000037253
159.59999999962747
163.60000000009313
148.60000000009313
146.10000000009313
149.5
148.29999999981374
143.3000000002794
150.39999999990687
156.1999999997206
190.40000000037253
143.29999999981374
165.79999999981374
144.40000000037253
151.59999999962747
142
188.70000000018626
147.10000000009313
154.89999999990687
145.79999999981374
140
165.40000000037253
151.79999999981374
150.29999999981374
145.60000000009313
162.8000000002794
158.39999999990687
142.29999999981374
144.3000000002794
145.09999999962747
165.10000000009313
169.89999999990687
143.70000000018626
153.60000000009313
165.79999999981374
147.20000000018626
149
168.10000000009313
161.89999999990687
156.39999999990687
144.79999999981374
148.60000000009313
158.3000000002794
147.1999999997206
151.5
154.39999999990687
158
150.60000000009313
150.60000000009313
152.20000000018626
161.59999999962747
152.60000000009313
153.89999999990687
152
157.20000000018626
151.39999999990687
150.60000000009313
153
167.29999999981374
149.10000000009313
149.60000000009313
158.70000000018626
158.1999999997206
147.20000000018626
152.39999999990687
151.5
165
159.60000000009313
164.29999999981374
148.60000000009313
150.29999999981374
146.40000000037253
155.39999999990687
152.79999999981374
158.10000000009313
149.10000000009313
146.39999999990687
149.10000000009313
171.29999999981374
161.10000000009313
157.60000000009313
154.29999999981374
159.70000000018626
159.39999999990687
150.10000000009313
155
165.39999999990687
158
160.20000000018626
189
173
171.59999999962747
173.5
164.20000000018626
175.5
173.39999999990687
160.8000000002794
161.59999999962747
167.5
159.3000000002794
154.60000000009313
175.59999999962747
188.40000000037253
151.79999999981374
158.79999999981374
167.10000000009313
175.20000000018626
154.79999999981374
153.8000000002794
165.6999999997206
170.20000000018626
162.39999999990687
160.70000000018626
172.89999999990687
189.79999999981374
182.10000000009313
148.70000000018626
156.09999999962747
182.60000000009313
162.89999999990687
158.70000000018626
176.29999999981374
164.40000000037253
157.79999999981374
157.89999999990687
165.3000000002794
161.29999999981374
155.5
153.39999999990687
156.10000000009313
165.29999999981374
174.8000000002794
153.79999999981374
156.20000000018626
165.39999999990687
158.60000000009313
154
163.79999999981374
170
159.8000000002794
157
160.6999999997206
164.70000000018626
153.1999999997206
159.5
178.90000000037253
180.89999999990687
191
150.1999999997206
165.20000000018626
178.79999999981374
159
147
150
167.8000000002794
150.1999999997206
154.20000000018626
163.89999999990687
175.10000000009313
164.20000000018626
155.79999999981374
164.10000000009313
165.79999999981374
157.39999999990687
160.5
166.20000000018626
164.70000000018626
153
163.09999999962747
164.90000000037253
167.29999999981374
161.10000000009313
162.79999999981374
154.8000000002794
196.1999999997206
155.8000000002794
155.5
181.79999999981374
182.29999999981374
157.60000000009313
151.89999999990687
169.3000000002794
191.5
158
154
162.1999999997206
170.70000000018626
158.39999999990687
152.5
160.89999999990687
165
158.5
157.70000000018626
159.70000000018626
166.1999999997206
158.10000000009313
156.29999999981374
161.5
166.60000000009313
156.5
154.60000000009313
159.29999999981374
166.20000000018626
166.20000000018626
166.6999999997206
182.39999999990687
184.40000000037253
163.1999999997206
169.5
172.89999999990687
203.8000000002794
226.10000000009313
190.09999999962747
163.8000000002794
185.39999999990687
172.70000000018626
187.09999999962747
176.60000000009313
169
166.5
180.8000000002794
195.59999999962747
195.60000000009313
224.89999999990687
170.5
183.5
185.40000000037253
170.09999999962747
172.5
166.60000000009313
170.60000000009313
162.39999999990687
173
176.5
182.70000000018626
205
165.79999999981374
164.60000000009313
172.5
169.20000000018626
158.39999999990687
159.39999999990687
172
156.20000000018626
157.1999999997206
160.5
164.20000000018626
156.39999999990687
162
166.39999999990687
170.5
158
153.20000000018626
164.60000000009313
168.59999999962747
165.8000000002794
153
162.5
170
154.79999999981374
153.5
161.89999999990687
167.70000000018626
158.70000000018626
157.29999999981374
159.79999999981374
165
157.60000000009313
155.39999999990687
163.20000000018626
165.60000000009313
159.39999999990687
161.5
161.89999999990687
183.3000000002794
156.89999999990687
160.1999999997206
163.60000000009313
168.70000000018626
160.1999999997206
162.60000000009313
170.39999999990687
165.40000000037253
165.5
161.79999999981374
157.5
171.89999999990687
179.60000000009313
173.20000000018626
194.09999999962747
179.10000000009313
171.8000000002794
212.09999999962747
186.60000000009313
171.70000000018626
162
151.60000000009313
152.09999999962747
163.10000000009313
160
149.20000000018626
161.10000000009313
188.29999999981374
148.5
156.39999999990687
156
158.5
150.39999999990687
151.60000000009313
167.8000000002794
168.59999999962747
150.20000000018626
170.39999999990687
153.8000000002794
159
163
153
162.79999999981374
162.39999999990687
168.20000000018626
157
154.5
161.39999999990687
165.20000000018626
156.6999999997206
161.89999999990687
163.60000000009313
158.5
154.70000000018626
153.29999999981374
168.70000000018626
155.10000000009313
155.1999999997206
156.3000000002794
166.09999999962747
158.3000000002794
149.89999999990687
165
160.20000000018626
151.1999999997206
154.89999999990687
154.5
162.8000000002794
170.29999999981374
157.5
165.8000000002794
171.6999999997206
152.39999999990687
151.40000000037253
165.29999999981374
158.79999999981374
156.3000000002794
164.60000000009313
156.29999999981374
157.20000000018626
161.59999999962747
161
156.8000000002794
178.5
156.39999999990687
154.5
153.60000000009313
171.29999999981374
152.20000000018626
155.79999999981374
159.8000000002794
159.6999999997206
161.60000000009313
150
159.89999999990687
165.60000000009313
146.79999999981374
159.10000000009313
158.20000000018626
165.39999999990687
173.70000000018626
155
154.5
159
160.6999999997206
151.3000000002794
159.59999999962747
165.3000000002794
155.29999999981374
150.3000000002794
153.09999999962747
172.10000000009313
156.10000000009313
153.39999999990687
153.3000000002794
166.59999999962747
149.90000000037253
147.39999999990687
159.79999999981374
147.10000000009313
142.89999999990687
141.3000000002794
142
153.5
142
143.89999999990687
147.6999999997206
146.8000000002794
142.1999999997206
143.3000000002794
140.29999999981374
146.20000000018626
143.29999999981374
141.20000000018626
153
151.6999999997206
142
149.70000000018626
153.60000000009313
155.39999999990687
154.5
143.29999999981374
142.8000000002794
149.10000000009313
141
139.5
155.89999999990687
147
143
142
144.10000000009313
145.5
144.79999999981374
145.5
141.60000000009313
146.10000000009313
141.1999999997206
143.3000000002794
142.79999999981374
147.79999999981374
143.20000000018626
147.39999999990687
152.60000000009313
149.39999999990687
143.70000000018626
141.79999999981374
143.8000000002794
154
141.39999999990687
146.60000000009313
145.29999999981374
149.29999999981374
142.3000000002794
140.29999999981374
154.20000000018626
163.79999999981374
139.60000000009313
149.39999999990687
152.5
150.70000000018626
139.39999999990687
144.39999999990687
159.60000000009313
147
159.89999999990687
151.89999999990687
143.10000000009313
150.60000000009313
143.89999999990687
144.5
153.3000000002794
147.59999999962747
156.3000000002794
149.10000000009313
141.79999999981374
159.20000000018626
150.1999999997206
140.3000000002794
147.39999999990687
150.29999999981374
142.5
151.3000000002794
164.39999999990687
144.89999999990687
151.60000000009313
150.5
144
158.29999999981374
141.3000000002794
145.59999999962747
144.5
149
139.5
140.90000000037253
141.79999999981374
152.60000000009313
144.79999999981374
139.20000000018626
149.89999999990687
145
147.89999999990687
155.39999999990687
145.40000000037253
161.6999999997206
145.8000000002794
154.09999999962747
143.40000000037253
157.79999999981374
151.89999999990687
151.39999999990687
152.5
157
152.3000000002794
153
146.39999999990687
147.79999999981374
140.90000000037253
143
157.29999999981374
159.29999999981374
147.8000000002794
146.89999999990687
153.20000000018626
160.1999999997206
146.89999999990687
139
143.90000000037253
148.29999999981374
139.89999999990687
139
146.3000000002794
148.09999999962747
138.70000000018626
143.70000000018626
143.6999999997206
148.39999999990687
143.20000000018626
140.79999999981374
147.90000000037253
146.29999999981374
138
150.89999999990687
145.20000000018626
148.39999999990687
151
152.39999999990687
150.70000000018626
161
148.5
147.5
156.29999999981374
161.5
144.20000000018626
139.79999999981374
144.70000000018626
149.89999999990687
144.70000000018626
137.89999999990687
145.1999999997206
152.5
138.60000000009313
143.89999999990687
145.20000000018626
150.20000000018626
149.29999999981374
157.79999999981374
165.5
157.40000000037253
144.29999999981374
152.39999999990687
153.3000000002794
149.5
152.5
145.39999999990687
154.29999999981374
148.3000000002794
166
144.29999999981374
146.60000000009313
204.5
175
146.29999999981374
152.5
153.3000000002794
142.1999999997206
151.20000000018626
147.79999999981374
154.10000000009313
155
165.10000000009313
172
151.89999999990687
142.10000000009313
158
156.6999999997206
180
144.60000000009313
161.39999999990687
157.20000000018626
178.10000000009313
181.5
154
188.5
167.6999999997206
142.8000000002794
143.60000000009313
169.59999999962747
150.40000000037253
154.5
142.59999999962747
177.5
150.70000000018626
145.20000000018626
163.39999999990687
147.29999999981374
164.8000000002794
153.29999999981374
144.10000000009313
150.1999999997206
152.70000000018626
146
139.70000000018626
147.5
147
142.59999999962747
145.8000000002794
142
149.10000000009313
146.39999999990687
152.6999999997206
142.5
150.20000000018626
142.20000000018626
143.29999999981374
146.60000000009313
153
145.79999999981374
138.20000000018626
142.79999999981374
159
139.10000000009313
138.29999999981374
145.40000000037253
151.59999999962747
140.20000000018626
140.5
150.5
148
146.39999999990687
142.5
144.3000000002794
148.1999999997206
139.3000000002794
142.1999999997206
140.70000000018626
148.10000000009313
146.39999999990687
143.6999999997206
140.3000000002794
146.79999999981374
147.39999999990687
138.60000000009313
149.3000000002794
148
142.29999999981374
140.89999999990687
144.60000000009313
148.79999999981374
139
139.10000000009313
146
162.8000000002794
140.79999999981374
139.70000000018626
146
148.29999999981374
137.89999999990687
139.10000000009313
145.29999999981374
151.20000000018626
138.10000000009313
139.29999999981374
147.39999999990687
148.5
139.5
146.70000000018626
145.39999999990687
146
139.39999999990687
140.90000000037253
144.6999999997206
147.70000000018626
140.60000000009313
140.09999999962747
149.20000000018626
146.89999999990687
138.3000000002794
142.89999999990687
144.39999999990687
145.89999999990687
142.10000000009313
141.29999999981374
156.20000000018626
157.79999999981374
141.3000000002794
141.5
145.39999999990687
145.79999999981374
151.5
139.8000000002794
140.29999999981374
151.3000000002794
142
141.09999999962747
142.40000000037253
150.59999999962747
139.40000000037253
144.89999999990687
142.79999999981374
149.39999999990687
143.60000000009313
137.39999999990687
143.3000000002794
148.10000000009313
139
146.1999999997206
144.8000000002794
150.59999999962747
140.60000000009313
139.10000000009313
144
151.5
139.5
143.70000000018626
144.59999999962747
148.70000000018626
139.29999999981374
140.10000000009313
143.5
147.89999999990687
146.70000000018626
144.79999999981374
140.40000000037253
147.09999999962747
141.3000000002794
139.79999999981374
141.10000000009313
146.39999999990687
148.20000000018626
139.1999999997206
142.60000000009313
148.20000000018626
142.6999999997206
143.3000000002794
146.6999999997206
161.90000000037253
148
139.59999999962747
143
148.10000000009313
138.20000000018626
139.39999999990687
144
151.29999999981374
147.90000000037253
140
145.79999999981374
151.89999999990687
138.39999999990687
145.3000000002794
141.89999999990687
150.79999999981374
139.40000000037253
140.09999999962747
145.70000000018626
148.5
141.39999999990687
143.20000000018626
142.79999999981374
147.3000000002794
138.39999999990687
144.60000000009313
141.89999999990687
146
146.10000000009313
139.89999999990687
148.5
149.39999999990687
140.60000000009313
141.29999999981374
144.89999999990687
153.10000000009313
140.20000000018626
139.29999999981374
150.3000000002794
148.5
140.89999999990687
140.10000000009313
146.39999999990687
145.89999999990687
146.29999999981374
140.3000000002794
144.1999999997206
147.70000000018626
140.60000000009313
142.10000000009313
141.6999999997206
153.70000000018626
141
146.29999999981374
142.10000000009313
147.39999999990687
157.89999999990687
139.8000000002794
143.89999999990687
149.70000000018626
141.59999999962747
143.40000000037253
144
151.39999999990687
140.39999999990687
137.5
160.10000000009313
155.60000000009313
140
140.39999999990687
153.10000000009313
150.59999999962747
138.10000000009313
140.8000000002794
141.29999999981374
148.89999999990687
145
145.8000000002794
140.79999999981374
149.60000000009313
142.39999999990687
139.5
141
146.10000000009313
147.1999999997206
140.40000000037253
143
166.59999999962747
140.70000000018626
138.70000000018626
146.39999999990687
155
140.79999999981374
140.39999999990687
152
147
139.5
138.70000000018626
146.79999999981374
158.8000000002794
142.39999999990687
138.79999999981374
144.60000000009313
156.60000000009313
140.5
142.10000000009313
143.60000000009313
149.79999999981374
142.10000000009313
140.10000000009313
143.79999999981374
150.20000000018626
142.89999999990687
146.5
141.10000000009313
146.79999999981374
140.29999999981374
142.10000000009313
154.60000000009313
152.70000000018626
140.29999999981374
140.70000000018626
147.1999999997206
147
141.3000000002794
140.89999999990687
145
145.6999999997206
141.70000000018626
142.5
147.10000000009313
149.39999999990687
141.20000000018626
145.29999999981374
141.39999999990687
145.8000000002794
146.6999999997206
140
142.3000000002794
149.1999999997206
142.60000000009313
138
146.89999999990687
147.20000000018626
138.29999999981374
143.5
145.3000000002794
150.09999999962747
139.90000000037253
137
146.79999999981374
148.89999999990687
137.20000000018626
145.10000000009313
147
146.39999999990687
141.6999999997206
139.60000000009313
144.60000000009313
150.39999999990687
137.39999999990687
143.5
142.10000000009313
151.8000000002794
142
141.89999999990687
140.1999999997206
144.20000000018626
150
138
141.29999999981374
149.60000000009313
141.5
137.60000000009313
144.89999999990687
150.20000000018626
144.10000000009313
138.79999999981374
144.5
149.79999999981374
138.20000000018626
137.5
148.70000000018626
149.79999999981374
138
139.5
143.60000000009313
148.5
142.79999999981374
143
143.10000000009313
151.5
144.70000000018626
139.09999999962747
145.60000000009313
146.60000000009313
157.39999999990687
150.39999999990687
157
159.10000000009313
147.60000000009313
140.79999999981374
143.40000000037253
149.39999999990687
139.29999999981374
145.70000000018626
142.60000000009313
149.29999999981374
141.29999999981374
139.20000000018626
145.39999999990687
147.60000000009313
138.70000000018626
137.59999999962747
146.3000000002794
146.1999999997206
140
143.20000000018626
140.79999999981374
149
140.90000000037253
142.5
144.59999999962747
147.70000000018626
142.60000000009313
140.5
141.79999999981374
148.5
145.20000000018626
138
142.1999999997206
147.10000000009313
145.8000000002794
141
144.1999999997206
148.39999999990687
137.60000000009313
145.8000000002794
142.89999999990687
156.39999999990687
139.79999999981374
139.40000000037253
145.29999999981374
148.70000000018626
137.29999999981374
144.10000000009313
153.89999999990687
149.5
140.10000000009313
141.10000000009313
141.59999999962747
151.90000000037253
138.6999999997206
147.89999999990687
145.20000000018626
149.5
140.70000000018626
138.89999999990687
141.29999999981374
145.3000000002794
147.5
158.5
143.09999999962747
151.40000000037253
146.6999999997206
138.70000000018626
143.79999999981374
151.60000000009313
143.29999999981374
139.3000000002794
144.10000000009313
153.59999999962747
138.8000000002794
142
156.10000000009313
147.29999999981374
139
147.10000000009313
164.1999999997206
161.20000000018626
142.5
142.89999999990687
154.10000000009313
161.20000000018626
149.09999999962747
159.40000000037253
147.79999999981374
152.39999999990687
155.70000000018626
148.79999999981374
147.70000000018626
157.10000000009313
141.09999999962747
140.60000000009313
149.39999999990687
150.70000000018626
147.70000000018626
154.5
145.89999999990687
155.1999999997206
140.60000000009313
142.8000000002794
147.89999999990687
148
145.79999999981374
138.70000000018626
145.89999999990687
161.10000000009313
136.10000000009313
144.1999999997206
144.3000000002794
164.6999999997206
138.39999999990687
137.70000000018626
154.60000000009313
149.39999999990687
152.10000000009313
142.60000000009313
143.59999999962747
151
161.70000000018626
142.79999999981374
158.90000000037253
152.29999999981374
144.20000000018626
138.6999999997206
142.70000000018626
145.79999999981374
138.5
146.8000000002794
144.09999999962747
148.20000000018626
142.39999999990687
138.10000000009313
141.89999999990687
155.39999999990687
152.60000000009313
145.39999999990687
149.40000000037253
150.89999999990687
139
137.6999999997206
142.8000000002794
154.10000000009313
141.79999999981374
138.60000000009313
144.29999999981374
151.60000000009313
137.5
137.39999999990687
142.20000000018626
155.79999999981374
151.8000000002794
140.89999999990687
143.79999999981374
148.3000000002794
142.79999999981374
140.5
141.79999999981374
160.10000000009313
145.70000000018626
139.89999999990687
142.5
148.60000000009313
143
137.79999999981374
147.20000000018626
148.39999999990687
141.89999999990687
140.20000000018626
143.6999999997206
146.10000000009313
139.89999999990687
148.5
143.8000000002794
150.79999999981374
142.39999999990687
138.60000000009313
143.60000000009313
148.60000000009313
140.6999999997206
141.70000000018626
140.70000000018626
154.59999999962747
138.70000000018626
140
147.20000000018626
149.39999999990687
138.5
145.5
143.89999999990687
150
137.79999999981374
139.90000000037253
146.6999999997206
145.5
138
140.60000000009313
150.70000000018626
147.39999999990687
139.60000000009313
145.59999999962747
144.3000000002794
144.79999999981374
139.60000000009313
142.10000000009313
149.39999999990687
148.89999999990687
141.89999999990687
142.10000000009313
144.10000000009313
148.10000000009313
146.10000000009313
136.79999999981374
142.5
149.5
141.60000000009313
136.89999999990687
144.29999999981374
147.8000000002794
138.6999999997206
143.3000000002794
146.60000000009313
149.6999999997206
140.8000000002794
139.1999999997206
144.3000000002794
149
137.89999999990687
144.29999999981374
142.10000000009313
153.60000000009313
142.39999999990687
137.5
146.29999999981374
152.90000000037253
141.39999999990687
140.5
143.10000000009313
149.39999999990687
140.10000000009313
136.5
142.5
148.89999999990687
158.89999999990687
140.5
140.29999999981374
152.10000000009313
138.8000000002794
138.39999999990687
141.6999999997206
159
143.90000000037253
150.39999999990687
143.29999999981374
147.3000000002794
139.5
137.89999999990687
149.6999999997206
147.10000000009313
140.39999999990687
137.90000000037253
142.1999999997206
148.89999999990687
141.5
140.3000000002794
140.79999999981374
151.3000000002794
147.1999999997206
137.60000000009313
143.5
156.89999999990687
143.3000000002794
138.59999999962747
146.70000000018626
153
139.20000000018626
138.39999999990687
143.89999999990687
147.39999999990687
139.10000000009313
144.10000000009313
143.10000000009313
146.29999999981374
144.79999999981374
141.70000000018626
145.60000000009313
145.60000000009313
136.79999999981374
141.20000000018626
149.09999999962747
151
140.70000000018626
145.29999999981374
149.20000000018626
143.5
140.20000000018626
142.5
144.1999999997206
145.39999999990687
142.3000000002794
144.1999999997206
142.20000000018626
148.79999999981374
149.90000000037253
139
142.5
152.29999999981374
145.20000000018626
137.5
146.79999999981374
145.39999999990687
139.5
143.39999999990687
145.10000000009313
151.10000000009313
139.29999999981374
139.8000000002794
143.5
146.39999999990687
138.10000000009313
145.5
143.89999999990687
150.10000000009313
141.79999999981374
138.3000000002794
143.09999999962747
152.3000000002794
142.1999999997206
137.90000000037253
144.6999999997206
148.3000000002794
139.79999999981374
136.79999999981374
142.90000000037253
162.5
157.59999999962747
144.10000000009313
141.10000000009313
146.39999999990687
137.89999999990687
138.70000000018626
140.79999999981374
155.60000000009313
144.60000000009313
138.60000000009313
143.10000000009313
148.1999999997206
146.3000000002794
159.1999999997206
156.5
147.20000000018626
140.10000000009313
140
143.59999999962747
164.60000000009313
139.20000000018626
141.5
142.89999999990687
155.10000000009313
140.10000000009313
138.5
145.6999999997206
149.60000000009313
140.5
138.20000000018626
147.09999999962747
152.3000000002794
141.1999999997206
137.10000000009313
149.89999999990687
150.10000000009313
139.89999999990687
144.40000000037253
143.1999999997206
144.60000000009313
139.60000000009313
141.79999999981374
145.20000000018626
147.89999999990687
140.29999999981374
141
145.10000000009313
147.70000000018626
141.79999999981374
143.89999999990687
143.60000000009313
147.10000000009313
140.10000000009313
142.1999999997206
145.3000000002794
147.39999999990687
141.5
144.70000000018626
143.6999999997206
146
145.8000000002794
139.1999999997206
142.20000000018626
150.1999999997206
140.60000000009313
138.70000000018626
143.79999999981374
148.89999999990687
137.5
147.5
146.40000000037253
148.5
139.89999999990687
141
142.29999999981374
144.89999999990687
140.10000000009313
145.8000000002794
144.1999999997206
146.3000000002794
140.39999999990687
138.5
144.1999999997206
151.8000000002794
152.29999999981374
139.8000000002794
143.39999999990687
146.6999999997206
137.90000000037253
139.6999999997206
142.8000000002794
149.6999999997206
143.3000000002794
140.09999999962747
144.20000000018626
146.60000000009313
137.89999999990687
138.20000000018626
159.39999999990687
152
149.5
138
144.5
148
141
141.89999999990687
146.10000000009313
149.79999999981374
139.89999999990687
137.3000000002794
141.79999999981374
159.3000000002794
141.6999999997206
138.39999999990687
146.40000000037253
151.09999999962747
138.10000000009313
138.89999999990687
141.8000000002794
148.1999999997206
142.3000000002794
138.39999999990687
141.20000000018626
150.09999999962747
140.70000000018626
138.89999999990687
145.89999999990687
145.20000000018626
140.5
142.10000000009313
141.29999999981374
145.5
139.8000000002794
140.79999999981374
143.39999999990687
143.5
153.20000000018626
139.1999999997206
147.40000000037253
145.6999999997206
141.10000000009313
140.39999999990687
143
163.5
140.10000000009313
139.10000000009313
146
149.79999999981374
141.20000000018626
139.60000000009313
143.89999999990687
146.79999999981374
144.10000000009313
145.20000000018626
144.09999999962747
156.40000000037253
138.89999999990687
139.79999999981374
141.39999999990687
148.8000000002794
137.5
148.5
142.89999999990687
148
146.70000000018626
139.29999999981374
149.29999999981374
149.5
140.10000000009313
143.3000000002794
142.5
148.79999999981374
142.10000000009313
139.29999999981374
143.39999999990687
151.60000000009313
138
137.89999999990687
143
148.70000000018626
138.70000000018626
139.59999999962747
148
148
145.3000000002794
143.5
143.39999999990687
149.20000000018626
140.5
139.59999999962747
143.3000000002794
143.89999999990687
148
137
144
145.89999999990687
141.39999999990687
136.90000000037253
147.29999999981374
149.10000000009313
138.1999999997206
137.70000000018626
145.39999999990687
146
138
136.5
143.20000000018626
177
138.29999999981374
139.60000000009313
144.29999999981374
149.3000000002794
138.6999999997206
137.3000000002794
149.10000000009313
152
137
139.5
146.5
154.09999999962747
138.3000000002794
146
142.10000000009313
146.29999999981374
141.60000000009313
154.6999999997206
142
146.40000000037253
142.1999999997206
139.5
145.5
146.10000000009313
139.89999999990687
140.8000000002794
140.5
144.5
149.1999999997206
139
147.20000000018626
144.1999999997206
143.70000000018626
140.39999999990687
143
150.89999999990687
145.20000000018626
137.29999999981374
146.3000000002794
145
142.10000000009313
137.09999999962747
147.60000000009313
148.10000000009313
140
147.20000000018626
141.6999999997206
147.5
139.8000000002794
141.29999999981374
141.39999999990687
146
138
143.5
141.60000000009313
149.10000000009313
142.89999999990687
139
144.70000000018626
153.29999999981374
136.10000000009313
138.79999999981374
142.10000000009313
149.60000000009313
149.89999999990687
138.70000000018626
142.39999999990687
147
142
141.1999999997206
140.70000000018626
164.70000000018626
139.5
137.6999999997206
158.89999999990687
145.90000000037253
144.5
137.79999999981374
144.60000000009313
152.1999999997206
140.40000000037253
138.6999999997206
146.89999999990687
146.90000000037253
140.09999999962747
141.20000000018626
148.70000000018626
146.6999999997206
138.60000000009313
139.10000000009313
143
152.10000000009313
141.79999999981374
147.29999999981374
142.40000000037253
147.6999999997206
138
137.89999999990687
142.60000000009313
151
147.8000000002794
137.09999999962747
143.5
145.40000000037253
138
142.29999999981374
144.20000000018626
150.1999999997206
141.3000000002794
139.1999999997206
144.70000000018626
148.60000000009313
136.79999999981374
138.79999999981374
149.10000000009313
144.39999999990687
143
141.10000000009313
142.3000000002794
147.29999999981374
140.60000000009313
140.29999999981374
145.10000000009313
146.39999999990687
146.20000000018626
139.39999999990687
140.10000000009313
147.5
148.1999999997206
136.3000000002794
141.89999999990687
144.39999999990687
144.5
137.10000000009313
142.5
150.10000000009313
139.89999999990687
145.10000000009313
142.10000000009313
156
138.59999999962747
137.70000000018626
146.39999999990687
147.89999999990687
137.60000000009313
143
148
147.70000000018626
140.89999999990687
143.20000000018626
141
149
135.79999999981374
141.70000000018626
143.09999999962747
147.60000000009313
141.3000000002794
140.6999999997206
141.5
145.89999999990687
145.8000000002794
139.1999999997206
141.5
149.10000000009313
136.89999999990687
139.10000000009313
141.10000000009313
145.79999999981374
154
138.70000000018626
143
147.79999999981374
139.20000000018626
137.39999999990687
147.3000000002794
167.6999999997206
141.70000000018626
137.79999999981374
145.20000000018626
146.60000000009313
139
137.5
146.6999999997206
151.60000000009313
141.89999999990687
141.10000000009313
143.10000000009313
151.79999999981374
136.8000000002794
146.5
140.59999999962747
152.10000000009313
140.8000000002794
136.79999999981374
146.5
147.79999999981374
141.40000000037253
145.6999999997206
144.8000000002794
149.59999999962747
138.70000000018626
139.5
143
151.20000000018626
137.29999999981374
138.39999999990687
147.60000000009313
150.70000000018626
138.59999999962747
141.20000000018626
146.39999999990687
146.5
139.8000000002794
141
145.39999999990687
148.39999999990687
140.10000000009313
143.5
142.1999999997206
146.60000000009313
146.89999999990687
136.10000000009313
141.3000000002794
145.59999999962747
144.90000000037253
138.39999999990687
141.39999999990687
149.70000000018626
141.1999999997206
143.39999999990687
139.40000000037253
149.1999999997206
154.39999999990687
138.3000000002794
142.10000000009313
147.79999999981374
137.60000000009313
145
141.1999999997206
152.3000000002794
138.39999999990687
139.39999999990687
142.60000000009313
150.89999999990687
137.3000000002794
140.29999999981374
146.20000000018626
146.39999999990687
138.6999999997206
138.60000000009313
140.39999999990687
145.3000000002794
142.39999999990687
142.20000000018626
146.79999999981374
148.60000000009313
136.29999999981374
140.3000000002794
142
144.29999999981374
140.79999999981374
140.60000000009313
147.60000000009313
148.79999999981374
139.60000000009313
139.60000000009313
143.79999999981374
149.60000000009313
138.89999999990687
153.70000000018626
143.79999999981374
146.90000000037253
139.6999999997206
137.10000000009313
146.39999999990687
149
143.8000000002794
138.29999999981374
143.39999999990687
146.39999999990687
137.5
143.3000000002794
142.39999999990687
150.5
147.79999999981374
137.70000000018626
144.79999999981374
147.20000000018626
141.79999999981374
136.60000000009313
143
147.8000000002794
140.89999999990687
139.60000000009313
152.59999999962747
154.70000000018626
137.10000000009313
138.1999999997206
142.20000000018626
155.20000000018626
138.59999999962747
139
148
147.70000000018626
140.89999999990687
138.60000000009313
143.5
144.60000000009313
137.79999999981374
143.70000000018626
147.10000000009313
147
139.5
140.59999999962747
140.5
146.3000000002794
142.89999999990687
139.60000000009313
142.79999999981374
149.20000000018626
143.60000000009313
137.59999999962747
140.10000000009313
147.8000000002794
142.1999999997206
139.5
141.60000000009313
147.70000000018626
147.89999999990687
140.39999999990687
141.10000000009313
149.79999999981374
138.60000000009313
139.29999999981374
141.90000000037253
148.6999999997206
145.89999999990687
141.70000000018626
142.29999999981374
147.8000000002794
140.39999999990687
137.89999999990687
142.20000000018626
151
141.1999999997206
138.90000000037253
142.6999999997206
148.70000000018626
136.79999999981374
140.20000000018626
147.39999999990687
153.5
153.10000000009313
141.79999999981374
145.89999999990687
150.40000000037253
137.1999999997206
142.70000000018626
141.10000000009313
153.59999999962747
139.10000000009313
140
143.60000000009313
145.60000000009313
144
146.29999999981374
144.5
145.39999999990687
142
139.90000000037253
146.79999999981374
156.5
138.20000000018626
141.39999999990687
141.39999999990687
151.10000000009313
141.5
138.60000000009313
142.89999999990687
154.60000000009313
141.1999999997206
139.39999999990687
141.90000000037253
150.1999999997206
137.8000000002794
137.09999999962747
144.10000000009313
154.20000000018626
142.89999999990687
138
143.39999999990687
148.8000000002794
136.5
141.1999999997206
144.8000000002794
152.39999999990687
142.79999999981374
138.10000000009313
143
146.60000000009313
139.6999999997206
140.8000000002794
140.10000000009313
151.5
140.09999999962747
140.40000000037253
149.1999999997206
151.39999999990687
140.5
141.40000000037253
142
172.5
141.09999999962747
137.8000000002794
147.5
148.10000000009313
143.39999999990687
139.89999999990687
145.10000000009313
150.10000000009313
141.6999999997206
142.10000000009313
141
148.10000000009313
141.89999999990687
142.5
140.79999999981374
153.3000000002794
138.5
140.89999999990687
141.89999999990687
152.8000000002794
142.09999999962747
138.5
142.8000000002794
152.89999999990687
138.20000000018626
139.5
142.09999999962747
146.3000000002794
142
140.29999999981374
147.39999999990687
148.70000000018626
138.5
140.39999999990687
140.39999999990687
148.90000000037253
143.6999999997206
144.20000000018626
143.10000000009313
147.79999999981374
139.10000000009313
139.29999999981374
142.39999999990687
146.10000000009313
146
138.70000000018626
141.79999999981374
147.8000000002794
141.09999999962747
137.90000000037253
146
152.09999999962747
147.70000000018626
137.20000000018626
142.5
145.79999999981374
147
142.10000000009313
145.10000000009313
156.89999999990687
136.10000000009313
138.39999999990687
142.79999999981374
149.10000000009313
137.89999999990687
138.60000000009313
143.20000000018626
152.5
143.5
136.79999999981374
142.5
148.10000000009313
137.60000000009313
139.5
162.79999999981374
146.79999999981374
138.90000000037253
143.5
143.1999999997206
150.5
137
144.8000000002794
141.1999999997206
146.60000000009313
139.89999999990687
144.39999999990687
140
144.70000000018626
139.20000000018626
143.6999999997206
143.3000000002794
148.6999999997206
144.60000000009313
139.89999999990687
141.39999999990687
146
143.90000000037253
136.79999999981374
142.29999999981374
150.40000000037253
140.79999999981374
140
143.20000000018626
147
140.59999999962747
139.70000000018626
147
146.70000000018626
136.89999999990687
140.6999999997206
141.20000000018626
149.79999999981374
141.10000000009313
145.5
143.10000000009313
147.60000000009313
139.39999999990687
140
143.5
147.89999999990687
142.70000000018626
140.5
144.29999999981374
143.39999999990687
147.40000000037253
142.09999999962747
143.8000000002794
145.39999999990687
142.79999999981374
141.70000000018626
150.60000000009313
151.39999999990687
137.79999999981374
140.60000000009313
143.60000000009313
146.60000000009313
137
147.5
144.39999999990687
147.79999999981374
140.60000000009313
138.70000000018626
144.5
147.89999999990687
140.29999999981374
142.40000000037253
149.5
145.6999999997206
141.10000000009313
141
143.5
149.29999999981374
142.60000000009313
138.20000000018626
145.79999999981374
149.20000000018626
138.6999999997206
139.70000000018626
143.60000000009313
144.79999999981374
144.39999999990687
144
144.5
152.8000000002794
137.60000000009313
139.89999999990687
142.89999999990687
156.79999999981374
142.5
144.5
157.3000000002794
146.89999999990687
138
141.39999999990687
146.5
153.10000000009313
138.5
140.5
140.89999999990687
144.3000000002794
139.6999999997206
145.3000000002794
146
147
141.89999999990687
137.10000000009313
139.59999999962747
145.40000000037253
147.29999999981374
144.20000000018626
145
148.89999999990687
140.6999999997206
136.8000000002794
142
148.79999999981374
142.70000000018626
142.1999999997206
144.40000000037253
148
138.39999999990687
137.79999999981374
144.5
148.20000000018626
142.5
138.79999999981374
147.10000000009313
146.10000000009313
136.60000000009313
148.89999999990687
145.79999999981374
148.70000000018626
139.79999999981374
139
144.3000000002794
153
141.29999999981374
143.39999999990687
144.5
148.70000000018626
136.79999999981374
139
140.3000000002794
152.29999999981374
145.79999999981374
141
143.90000000037253
148.89999999990687
137.10000000009313
139.6999999997206
147
151.10000000009313
141.39999999990687
139.20000000018626
144.89999999990687
149.70000000018626
139.59999999962747
142.90000000037253
149.39999999990687
143.6999999997206
141.20000000018626
140.29999999981374
143.8000000002794
149.29999999981374
143.60000000009313
142.10000000009313
143.10000000009313
148.59999999962747
140.20000000018626
138.29999999981374
145.10000000009313
151.3000000002794
140
137.09999999962747
141.5
146.8000000002794
137.6999999997206
139.10000000009313
149.70000000018626
147.39999999990687
158.70000000018626
137.39999999990687
142.39999999990687
148.5
140.5
141
148.29999999981374
156.90000000037253
139.39999999990687
139
140.39999999990687
146.70000000018626
140.09999999962747
142.60000000009313
148.10000000009313
167.39999999990687
138.60000000009313
137.10000000009313
140.89999999990687
145.5
143.39999999990687
140.70000000018626
142.60000000009313
143.29999999981374
145.5
137.70000000018626
144.89999999990687
147.39999999990687
144.5
136.39999999990687
142.60000000009313
147.39999999990687
144.89999999990687
139.90000000037253
142.1999999997206
147.39999999990687
146.3000000002794
137.79999999981374
139.89999999990687
152.40000000037253
140.09999999962747
138.70000000018626
143.39999999990687
148.89999999990687
140.60000000009313
138
147.60000000009313
149.60000000009313
139.89999999990687
140
141.20000000018626
148.5
140.09999999962747
146.5
142.5
152.10000000009313
139.5
141.8000000002794
141.5
155.09999999962747
143
140.70000000018626
143.10000000009313
144.39999999990687
138.39999999990687
139.70000000018626
145.5
163.79999999981374
146.10000000009313
138.70000000018626
143.5
146.39999999990687
140
142.79999999981374
144
156.5
136.89999999990687
138.10000000009313
141.8000000002794
148.89999999990687
140.39999999990687
139.79999999981374
158
147.70000000018626
144.79999999981374
137.40000000037253
141.29999999981374
147.60000000009313
136.60000000009313
141.09999999962747
144.40000000037253
145
137.1999999997206
142.89999999990687
143.10000000009313
164
140.20000000018626
140.29999999981374
158
148.8000000002794
139
145
145.09999999962747
145.60000000009313
139.8000000002794
141.6999999997206
142.39999999990687
149.20000000018626
143.60000000009313
140.5
149.10000000009313
148.39999999990687
147.1999999997206
137.40000000037253
142.59999999962747
150.8000000002794
142.6999999997206
145.20000000018626
140.89999999990687
147.39999999990687
139.40000000037253
137
145.6999999997206
147.39999999990687
144.40000000037253
138.79999999981374
141.70000000018626
149.29999999981374
140.79999999981374
141.90000000037253
143.5
151.89999999990687
139.39999999990687
137.79999999981374
143.5
150.3000000002794
143.29999999981374
138
150.5
148.10000000009313
140.20000000018626
140.79999999981374
141.89999999990687
146.8000000002794
144.1999999997206
142.3000000002794
140.79999999981374
145.20000000018626
138.39999999990687
144.89999999990687
142.60000000009313
144.89999999990687
137.70000000018626
168.1999999997206
141.39999999990687
157.20000000018626
140.70000000018626
139.59999999962747
142
147
144.8000000002794
138.29999999981374
146.20000000018626
148.39999999990687
140
137.5
145.20000000018626
150
138.6999999997206
138.20000000018626
148.89999999990687
145.5
139.79999999981374
142.10000000009313
148.39999999990687
144.90000000037253
137.5
144.6999999997206
145.60000000009313
144.79999999981374
136.70000000018626
144.60000000009313
143.5
143.39999999990687
143.5
136.79999999981374
144.60000000009313
143.60000000009313
144
138.20000000018626
143.59999999962747
152.8000000002794
137.60000000009313
141.09999999962747
140.70000000018626
152.5
143.60000000009313
141.29999999981374
145.89999999990687
148.70000000018626
139.5
139
141.39999999990687
146.3000000002794
146.39999999990687
143
142.89999999990687
145.5
139.20000000018626
140.5
140.79999999981374
148.5
143.20000000018626
142.79999999981374
141.5
148.60000000009313
140.79999999981374
137.20000000018626
142.1999999997206
148.5
144.70000000018626
152.5
147.5
153.39999999990687
139.5
137.5
142.10000000009313
153.20000000018626
139.5
136.5
143.6999999997206
151.5
139.20000000018626
137.29999999981374
153.10000000009313
147.70000000018626
139.09999999962747
143.90000000037253
143.1999999997206
150.8000000002794
138.09999999962747
142.90000000037253
142.1999999997206
164.70000000018626
141.60000000009313
139.59999999962747
144.8000000002794
148.5
143
139.29999999981374
141.89999999990687
150.40000000037253
138.89999999990687
144
141.79999999981374
145.5
159.60000000009313
141
142.70000000018626
144.89999999990687
141.79999999981374
139.3000000002794
143.5
156.5
138.89999999990687
141.79999999981374
146.10000000009313
152.79999999981374
136.90000000037253
136.79999999981374
145.39999999990687
145.20000000018626
138.60000000009313
140.59999999962747
150.10000000009313
146.3000000002794
138.89999999990687
151.89999999990687
144
145.20000000018626
139
139.39999999990687
152.1999999997206
145.20000000018626
142.89999999990687
140.39999999990687
143.5
144.90000000037253
136.6999999997206
142.5
142.70000000018626
153.1999999997206
155.10000000009313
140
140.70000000018626
145.60000000009313
143.59999999962747
137.20000000018626
141.70000000018626
156.5
143.89999999990687
139
143.89999999990687
149.5
141.29999999981374
136.8000000002794
145.29999999981374
150.89999999990687
143.5
138.10000000009313
142.70000000018626
151.89999999990687
139.79999999981374
139.90000000037253
140.79999999981374
151.39999999990687
138.10000000009313
138.10000000009313
142.79999999981374
147.39999999990687
148.20000000018626
161.79999999981374
147.70000000018626
156.5
139.89999999990687
139.5
144.60000000009313
146
142.29999999981374
144.40000000037253
139.6999999997206
149
140.5
138.39999999990687
142.40000000037253
149.1999999997206
150.3000000002794
137.79999999981374
143.39999999990687
144.3000000002794
139.1999999997206
137.5
145
149.5
141.60000000009313
138.70000000018626
142.5
146.29999999981374
139.79999999981374
141.10000000009313
156.5
158.60000000009313
136.29999999981374
137.20000000018626
141.79999999981374
150.10000000009313
138.8000000002794
138.59999999962747
147.70000000018626
146
141.89999999990687
140.39999999990687
141.8000000002794
147.60000000009313
137
143.1999999997206
143.5
154.70000000018626
138.29999999981374
143.5
148.8000000002794
145.29999999981374
143.39999999990687
140.10000000009313
143.10000000009313
147.60000000009313
137.89999999990687
147.79999999981374
142.10000000009313
148.79999999981374
136.5
142.90000000037253
146.09999999962747
155.60000000009313
145.10000000009313
138.10000000009313
145.6999999997206
143.70000000018626
141.60000000009313
138.5
145.10000000009313
148.79999999981374
139.39999999990687
143.89999999990687
140.90000000037253
145.59999999962747
143.60000000009313
137.3000000002794
146.5
147.39999999990687
139.89999999990687
139.70000000018626
140.39999999990687
150.10000000009313
142.39999999990687
141.60000000009313
141.59999999962747
149.60000000009313
145.5
139.3000000002794
143.09999999962747
147.5
168.10000000009313
194.60000000009313
189.70000000018626
183.79999999981374
166.20000000018626
178
149.5
148.79999999981374
145.10000000009313
137.39999999990687
145.79999999981374
148.70000000018626
142.10000000009313
138.79999999981374
140.39999999990687
148.5
139.10000000009313
148.3000000002794
139.6999999997206
149.89999999990687
138.40000000037253
138
143.59999999962747
149.40000000037253
140.89999999990687
136.29999999981374
150.5
146.8000000002794
138.29999999981374
136.89999999990687
144.8000000002794
159.09999999962747
149.5
141.3000000002794
148.39999999990687
154.70000000018626
137.59999999962747
139.20000000018626
143.29999999981374
154.60000000009313
139.70000000018626
142.29999999981374
143.10000000009313
148.29999999981374
138.8000000002794
141.10000000009313
144.59999999962747
148.5
145.40000000037253
137.39999999990687
139.1999999997206
149.8000000002794
140.5
141.5
142.5
151.1999999997206
141.8000000002794
139.29999999981374
141.20000000018626
147.1999999997206
142.60000000009313
143.10000000009313
146.89999999990687
147.70000000018626
140.79999999981374
138.10000000009313
142.29999999981374
148.90000000037253
139.6999999997206
144.60000000009313
144
146.60000000009313
145.79999999981374
138.60000000009313
144.70000000018626
146.6999999997206
141.39999999990687
146.70000000018626
142
144.79999999981374
137.8000000002794
145.6999999997206
141.90000000037253
147.5
142.5
138.79999999981374
147.60000000009313
144.79999999981374
140
142.70000000018626
140.60000000009313
148.5
138.39999999990687
142.5
145
152.10000000009313
148.79999999981374
137.20000000018626
142.5
161
139.1999999997206
137.20000000018626
146.39999999990687
159.39999999990687
139.20000000018626
136.89999999990687
149.70000000018626
146.5
137.1999999997206
136.5
148.8000000002794
149.39999999990687
140.1999999997206
144.8000000002794
143.79999999981374
149.8000000002794
140.1999999997206
145.3000000002794
142.09999999962747
144.60000000009313
139
137.70000000018626
151.89999999990687
153.10000000009313
144.29999999981374
139
141.8000000002794
150.1999999997206
139
140.8000000002794
144.1999999997206
152.89999999990687
143.3000000002794
141.1999999997206
149.10000000009313
149.89999999990687
139.70000000018626
139.10000000009313
146.60000000009313
155.5
140.29999999981374
145.60000000009313
141.6999999997206
146.90000000037253
140.89999999990687
139.60000000009313
148.79999999981374
147.70000000018626
139.09999999962747
138.90000000037253
139.29999999981374
147.70000000018626
141.29999999981374
144.10000000009313
140.29999999981374
154.5
139.70000000018626
136.79999999981374
141
146.39999999990687
146.8000000002794
136.6999999997206
148
145.90000000037253
142.6999999997206
140.8000000002794
142.39999999990687
151.5
140.1999999997206
140.60000000009313
142.89999999990687
146.3000000002794
144.1999999997206
138.70000000018626
146.5
147.20000000018626
138.5
140.6999999997206
142
150.10000000009313
136.20000000018626
143.59999999962747
141.10000000009313
146.10000000009313
138.60000000009313
139.29999999981374
148.8000000002794
145.1999999997206
146.5
140.8000000002794
144
149.29999999981374
138.60000000009313
142.1999999997206
141.5
149.10000000009313
140.5
137.89999999990687
143.90000000037253
148.29999999981374
144.5
137
146.70000000018626
148.5
145.6999999997206
137.70000000018626
143.6999999997206
151
137.90000000037253
140.09999999962747
142.90000000037253
147.59999999962747
138.8000000002794
137.6999999997206
151.40000000037253
153.79999999981374
140.60000000009313
138.1999999997206
142.40000000037253
148
136.59999999962747
136.90000000037253
145.29999999981374
146.5
147.5
145.10000000009313
144
148.29999999981374
138.8000000002794
139.79999999981374
140.60000000009313
152.1999999997206
139.5
144.40000000037253
141.6999999997206
146.8000000002794
139.5
154.6999999997206
147.89999999990687
149.70000000018626
140.60000000009313
142.39999999990687
142.20000000018626
143.5
142.5
146
158.09999999962747
144.3000000002794
143.6999999997206
137
140.5
148.70000000018626
146.29999999981374
137.20000000018626
142.39999999990687
152.10000000009313
141.29999999981374
138.3000000002794
141.39999999990687
150.10000000009313
147.1999999997206
138.8000000002794
146.89999999990687
151.60000000009313
137.5
139
144.39999999990687
152.89999999990687
139.10000000009313
143.79999999981374
146.3000000002794
146.1999999997206
137.3000000002794
140.60000000009313
144.59999999962747
150.10000000009313
140.60000000009313
141.5
140.60000000009313
147.10000000009313
140.09999999962747
143.40000000037253
142.29999999981374
146.89999999990687
147.39999999990687
137
140.3000000002794
150.79999999981374
143.60000000009313
138.39999999990687
143
146.39999999990687
138.60000000009313
143.20000000018626
143.5
148.29999999981374
145.5
138.20000000018626
147.1999999997206
149.70000000018626
136.70000000018626
139.39999999990687
148.6999999997206
151.70000000018626
140.70000000018626
137
144.79999999981374
146.60000000009313
139.39999999990687
139.89999999990687
150.3000000002794
148.6999999997206
138.3000000002794
140.1999999997206
145.5
147.20000000018626
138
146.6999999997206
143.20000000018626
145.60000000009313
140.10000000009313
142.6999999997206
143.89999999990687
147.8000000002794
145.29999999981374
139.3000000002794
164.29999999981374
155.60000000009313
140
140.39999999990687
150.39999999990687
156.39999999990687
140.60000000009313
136.8000000002794
141.39999999990687
146.79999999981374
141.20000000018626
140.10000000009313
148.6999999997206
149.39999999990687
147.3000000002794
149.60000000009313
142.1999999997206
150.89999999990687
140.60000000009313
145.60000000009313
147.5
144
140.89999999990687
137.10000000009313
144.70000000018626
144.09999999962747
143.60000000009313
145.70000000018626
144.60000000009313
145.79999999981374
140.20000000018626
138.09999999962747
144.40000000037253
150.59999999962747
142.5
138.8000000002794
150.10000000009313
145.79999999981374
137.79999999981374
141.60000000009313
144.20000000018626
152.5
136.60000000009313
139.89999999990687
143.29999999981374
150.70000000018626
139.39999999990687
142.60000000009313
144.10000000009313
145.59999999962747
140.40000000037253
147.09999999962747
142.40000000037253
152
142.79999999981374
140.29999999981374
141.60000000009313
147.8000000002794
144.39999999990687
139.5
147
152.1999999997206
141.60000000009313
138.10000000009313
146.5
144.89999999990687
139.89999999990687
143.10000000009313
146.8000000002794
146.39999999990687
138.1999999997206
137.60000000009313
146.39999999990687
149.3000000002794
141.5
139.79999999981374
143.70000000018626
143.10000000009313
147.29999999981374
139.10000000009313
148
150.89999999990687
140
141.5
143.89999999990687
148.39999999990687
138.5
141.5
146.40000000037253
148.29999999981374
137.79999999981374
139.40000000037253
142.1999999997206
148.3000000002794
140.59999999962747
139.40000000037253
148.79999999981374
154
141
139.5
141.10000000009313
148.29999999981374
139.70000000018626
140.5
146.1999999997206
153.60000000009313
138.39999999990687
139.10000000009313
142.3000000002794
147.6999999997206
140
154
141.39999999990687
145.70000000018626
146.39999999990687
137.70000000018626
143.6999999997206
148.20000000018626
143.60000000009313
138.39999999990687
143.70000000018626
146.5
153.39999999990687
138.1999999997206
141.40000000037253
152
142.09999999962747
138.70000000018626
144.79999999981374
151.8000000002794
138.6999999997206
141.40000000037253
144.09999999962747
148.5
136.8000000002794
138.60000000009313
146.59999999962747
146.3000000002794
136.5
142.1999999997206
163.20000000018626
147
144.89999999990687
145.60000000009313
140.79999999981374
146
139.5
146.40000000037253
140.1999999997206
146.5
143.89999999990687
139.8000000002794
141.60000000009313
156.6999999997206
141.5
139
142.39999999990687
152.70000000018626
137.39999999990687
136.3000000002794
140.89999999990687
148.60000000009313
151.6999999997206
137.8000000002794
146.09999999962747
149.90000000037253
135.89999999990687
138.79999999981374
142.20000000018626
152
137.10000000009313
136.79999999981374
148.20000000018626
148.6999999997206
142.20000000018626
137.29999999981374
148.5
145.8000000002794
137.79999999981374
145.20000000018626
140.29999999981374
146.5
136.79999999981374
146.10000000009313
140.39999999990687
146.40000000037253
139.79999999981374
140.20000000018626
139.39999999990687
147.10000000009313
140.29999999981374
148.79999999981374
143.70000000018626
148.70000000018626
140.1999999997206
140.20000000018626
142.39999999990687
147.5
147.10000000009313
136.79999999981374
143.60000000009313
148.29999999981374
139.5
136.60000000009313
148
154.10000000009313
144.79999999981374
138.70000000018626
141.5
150.29999999981374
140.3000000002794
138.29999999981374
146.20000000018626
149.60000000009313
139.09999999962747
137
140.8000000002794
145.10000000009313
139.89999999990687
141.5
142.89999999990687
154.60000000009313
139.10000000009313
139
141.89999999990687
150.6999999997206
143
140.20000000018626
147
146.79999999981374
136.90000000037253
142.09999999962747
141.20000000018626
145.20000000018626
142.89999999990687
139.39999999990687
141
147.29999999981374
138.40000000037253
141.79999999981374
142.10000000009313
148.60000000009313
138.89999999990687
151.5
139.29999999981374
144.5
140.10000000009313
138.39999999990687
143.5
147.10000000009313
145.10000000009313
139.60000000009313
148.1999999997206
149.70000000018626
137.10000000009313
138.5
143.6999999997206
148.89999999990687
137
136
149.8000000002794
153.1999999997206
138.10000000009313
139
147.39999999990687
145.5
136.20000000018626
143.5
142
148.5
137.5
142
143
145.39999999990687
141.3000000002794
137.5
143.1999999997206
148.89999999990687
140.40000000037253
142
138.89999999990687
151.29999999981374
137.39999999990687
139.8000000002794
139.6999999997206
148
145.60000000009313
139.8000000002794
145.29999999981374
143.79999999981374
140.70000000018626
136.89999999990687
143.89999999990687
143.5
144.3000000002794
148.39999999990687
139.60000000009313
146.1999999997206
138.8000000002794
137.1999999997206
140.40000000037253
147
145.5
141.59999999962747
139.3000000002794
145.60000000009313
137.39999999990687
140.60000000009313
139.5
148.59999999962747
145.70000000018626
138.20000000018626
145.79999999981374
146.20000000018626
138
138.39999999990687
142
150.1999999997206
141.60000000009313
138.5
141.10000000009313
153.39999999990687
139
139.3000000002794
141.89999999990687
154.89999999990687
143.10000000009313
138.79999999981374
141.20000000018626
146.5
137.39999999990687
138.89999999990687
155.10000000009313
151.79999999981374
136.20000000018626
139.39999999990687
145.20000000018626
146.5
138.39999999990687
138.29999999981374
142.90000000037253
154.09999999962747
139.60000000009313
140.70000000018626
144.29999999981374
143.70000000018626
140.10000000009313
136.79999999981374
143.20000000018626
151.1999999997206
141.89999999990687
137.40000000037253
140.79999999981374
145.79999999981374
137.40000000037253
137.89999999990687
143.79999999981374
157.20000000018626
137.39999999990687
138.39999999990687
142.5
147.60000000009313
136.70000000018626
139
145.1999999997206
151.8000000002794
136.09999999962747
137.70000000018626
142.10000000009313
147.5
138.6999999997206
137.8000000002794
156.39999999990687
147.60000000009313
137.89999999990687
137.10000000009313
139.89999999990687
145.10000000009313
140.39999999990687
141.10000000009313
142.79999999981374
153.3000000002794
136.89999999990687
137.79999999981374
142.89999999990687
142.5
139.3000000002794
137.79999999981374
141.20000000018626
147.10000000009313
143.6999999997206
138.20000000018626
143.79999999981374
146.70000000018626
139.29999999981374
139.39999999990687
141.10000000009313
148.60000000009313
143.10000000009313
138.89999999990687
140.10000000009313
145.1999999997206
140.10000000009313
139.3000000002794
140.5
152.79999999981374
139.10000000009313
139.29999999981374
141.70000000018626
148.39999999990687
142.20000000018626
137.1999999997206
150.89999999990687
149.3000000002794
139
137.60000000009313
143
145.5
137.1999999997206
143.39999999990687
146.70000000018626
153.39999999990687
136.8000000002794
139
144
147.89999999990687
144.60000000009313
151.09999999962747
144.70000000018626
146.5
137.79999999981374
140.20000000018626
143.20000000018626
152.09999999962747
140.10000000009313
138.3000000002794
139.6999999997206
145.10000000009313
138.20000000018626
139.59999999962747
141.20000000018626
165.29999999981374
137.10000000009313
137.20000000018626
139.6999999997206
146
137.60000000009313
138.5
153
148.39999999990687
144.10000000009313
136.10000000009313
139.60000000009313
147.89999999990687
137.39999999990687
153.8000000002794
143.5
149.5
138.59999999962747
147.60000000009313
140.3000000002794
145.29999999981374
143
139.5
139.10000000009313
149.1999999997206
138.3000000002794
142.39999999990687
141.79999999981374
144.5
143.70000000018626
138.60000000009313
142.89999999990687
142.79999999981374
141.70000000018626
137.20000000018626
145.29999999981374
148.10000000009313
143.5
139.5
164.79999999981374
173.70000000018626
139.60000000009313
139.6999999997206
141.60000000009313
150.70000000018626
137.79999999981374
140.5
146.29999999981374
144.70000000018626
141.5
139
143.29999999981374
144.10000000009313
141.8000000002794
143.59999999962747
141.8000000002794
147.60000000009313
138.29999999981374
143
139.60000000009313
147.6999999997206
142.3000000002794
137.6999999997206
143.70000000018626
148.20000000018626
140.59999999962747
139.60000000009313
143.5
147.60000000009313
142.5
135.29999999981374
144.3000000002794
145.1999999997206
143.20000000018626
136.89999999990687
143.70000000018626
148.29999999981374
137.89999999990687
144.5
142
145.3000000002794
143.29999999981374
137.70000000018626
146.6999999997206
165.70000000018626
139.60000000009313
140.5
148.1999999997206
151.20000000018626
136.70000000018626
141.09999999962747
143.90000000037253
148.6999999997206
137
139
144.20000000018626
151.89999999990687
139
139.29999999981374
150.20000000018626
151.39999999990687
138.8000000002794
142.5
143.89999999990687
148.60000000009313
139.89999999990687
141.29999999981374
140.5
144.8000000002794
142.09999999962747
139.8000000002794
140.10000000009313
147.1999999997206
141.89999999990687
137.40000000037253
140.79999999981374
150.5
138.29999999981374
141.90000000037253
142.6999999997206
145.89999999990687
140.3000000002794
137.6999999997206
145.20000000018626
146
137.70000000018626
140.6999999997206
147.39999999990687
148.90000000037253
142.29999999981374
141
141.60000000009313
144.29999999981374
144.60000000009313
139.29999999981374
141.10000000009313
147.70000000018626
137.1999999997206
144.5
140
142
149.5
140.3000000002794
148.1999999997206
146.40000000037253
138.79999999981374
139.10000000009313
150.39999999990687
151.89999999990687
138
137.89999999990687
141.40000000037253
148.39999999990687
139.79999999981374
135.5
141.10000000009313
161.39999999990687
139.10000000009313
139
141.79999999981374
146.70000000018626
139.10000000009313
137
146.39999999990687
153.29999999981374
135.3000000002794
139.1999999997206
143.5
147.90000000037253
136.79999999981374
140.20000000018626
146.29999999981374
148.60000000009313
137.5
137.1999999997206
145.90000000037253
150.79999999981374
140.5
142.5
141.89999999990687
146.10000000009313
136.39999999990687
136.3000000002794
145.89999999990687
146
148.6999999997206
137.3000000002794
140.89999999990687
148.70000000018626
138.1999999997206
141.10000000009313
145.89999999990687
159.89999999990687
136.90000000037253
141.39999999990687
143.39999999990687
147.5
138.29999999981374
140.70000000018626
147.29999999981374
144.10000000009313
139.10000000009313
138.29999999981374
142.20000000018626
149.60000000009313
139.10000000009313
137.89999999990687
152.89999999990687
145.5
141.70000000018626
136.6999999997206
145.70000000018626
145.89999999990687
138.60000000009313
144.60000000009313
141.5
151.29999999981374
139.29999999981374
138.10000000009313
142.39999999990687
149
154.60000000009313
138.89999999990687
142.8000000002794
144.60000000009313
142.59999999962747
139.60000000009313
144
148.8000000002794
139
137.1999999997206
143.60000000009313
163
143.79999999981374
138.20000000018626
143.29999999981374
145.3000000002794
139.39999999990687
139.39999999990687
140.10000000009313
153.60000000009313
136.1999999997206
138.8000000002794
146.5
147.39999999990687
138.79999999981374
137.40000000037253
147.89999999990687
148.10000000009313
138.1999999997206
142.20000000018626
142.5
152.29999999981374
139.3000000002794
141.6999999997206
140.89999999990687
144.20000000018626
138.29999999981374
139.60000000009313
143.20000000018626
147.60000000009313
142.29999999981374
137.79999999981374
140.40000000037253
149.6999999997206
143.60000000009313
136.39999999990687
141.5
154.10000000009313
137.5
137
149
158.39999999990687
147.10000000009313
137.20000000018626
143.79999999981374
152.29999999981374
136.3000000002794
136.6999999997206
142.5
147.20000000018626
140.5
136.89999999990687
144
144.10000000009313
142.39999999990687
138
141.8000000002794
145.29999999981374
141
141.89999999990687
140.5
148.10000000009313
139.79999999981374
143.40000000037253
142.1999999997206
145.39999999990687
144.70000000018626
141.10000000009313
142.29999999981374
146.89999999990687
141.8000000002794
143.39999999990687
140
155.39999999990687
137.3000000002794
139.39999999990687
141.29999999981374
144.89999999990687
141.90000000037253
139.39999999990687
141.1999999997206
155.20000000018626
139.10000000009313
138.60000000009313
144.29999999981374
151.29999999981374
138.20000000018626
140.60000000009313
154
146.6999999997206
137.90000000037253
138.89999999990687
147.29999999981374
144.39999999990687
138
141.3000000002794
143.5
146
141.89999999990687
141.10000000009313
143.10000000009313
144.79999999981374
139.39999999990687
138.5
143.5
151
142.89999999990687
139
142.70000000018626
145.20000000018626
152.39999999990687
138.89999999990687
144.10000000009313
146.89999999990687
143.60000000009313
138.1999999997206
140
150.60000000009313
138.89999999990687
137.5
140.60000000009313
147
140.10000000009313
142.29999999981374
139.60000000009313
150.20000000018626
141.10000000009313
137.39999999990687
141
150.89999999990687
137.70000000018626
137.89999999990687
147.10000000009313
152.59999999962747
140.10000000009313
135.10000000009313
144.39999999990687
147.70000000018626
137.79999999981374
136.8000000002794
149.89999999990687
147.6999999997206
137.90000000037253
138.89999999990687
144.39999999990687
146.79999999981374
138.40000000037253
143
142.6999999997206
156.39999999990687
140.5
138.5
141.40000000037253
143.09999999962747
144.40000000037253
139.09999999962747
149.3000000002794
146.10000000009313
139.1999999997206
143.3000000002794
141.39999999990687
150.1999999997206
135.70000000018626
141
139.5
144.5
139.5
141.60000000009313
146.60000000009313
147.09999999962747
139
143.3000000002794
142
142.60000000009313
141.1999999997206
144.39999999990687
141.60000000009313
143.10000000009313
138.89999999990687
140.70000000018626
142.10000000009313
147.09999999962747
140.10000000009313
144.10000000009313
141.79999999981374
144.3000000002794
143.89999999990687
137.70000000018626
142
147.29999999981374
141.39999999990687
136.39999999990687
148.90000000037253
148
143
137.09999999962747
140.90000000037253
151.89999999990687
148.1999999997206
135.90000000037253
142.29999999981374
162
141.10000000009313
138.79999999981374
143.3000000002794
148.89999999990687
136.29999999981374
137.89999999990687
139.8000000002794
151.6999999997206
139.60000000009313
140
141.10000000009313
148.10000000009313
137
139.39999999990687
144.29999999981374
147.5
142.70000000018626
138.20000000018626
142.09999999962747
151.5
140.70000000018626
142.10000000009313
140.1999999997206
148.20000000018626
141.89999999990687
138.10000000009313
142.20000000018626
149.1999999997206
144
137
139.39999999990687
146.3000000002794
142.39999999990687
139.29999999981374
141.70000000018626
153.10000000009313
139.10000000009313
138.1999999997206
138.89999999990687
151.60000000009313
141.20000000018626
140.29999999981374
146.10000000009313
150.39999999990687
136.60000000009313
137.79999999981374
142.90000000037253
145.89999999990687
141.1999999997206
142.10000000009313
148.70000000018626
149.5
136.60000000009313
139
142.09999999962747
146.70000000018626
140.39999999990687
139.8000000002794
142
149.09999999962747
135.90000000037253
138.5
142
145
147
139.89999999990687
141.89999999990687
151.89999999990687
142.70000000018626
138.79999999981374
143.5
150.8000000002794
141
136.1999999997206
145.5
146.5
144
136.3000000002794
145.1999999997206
148.70000000018626
139.1999999997206
137.60000000009313
139.39999999990687
152.70000000018626
136.89999999990687
138.3000000002794
154.79999999981374
159.10000000009313
136.1999999997206
137.8000000002794
148.79999999981374
145.5
137.39999999990687
146.8000000002794
144.60000000009313
148.5
137.59999999962747
142.70000000018626
142.10000000009313
147.60000000009313
140.1999999997206
137.89999999990687
140.8000000002794
146.60000000009313
142.39999999990687
139.1999999997206
142.10000000009313
146.5
144.5
140.60000000009313
141.70000000018626
153.29999999981374
138.20000000018626
151.29999999981374
141.60000000009313
150.1999999997206
141.70000000018626
140.10000000009313
144.6999999997206
149.70000000018626
139
137.60000000009313
143.29999999981374
146.60000000009313
141.89999999990687
137
162.8000000002794
147.1999999997206
143.5
140
140.10000000009313
146.79999999981374
139.20000000018626
140
142.70000000018626
147.89999999990687
135.89999999990687
157.39999999990687
141
147.8000000002794
136.6999999997206
140.8000000002794
142.89999999990687
146.1999999997206
143.3000000002794
141.89999999990687
145.60000000009313
145.89999999990687
137.29999999981374
142.10000000009313
143.60000000009313
144
145.79999999981374
140.60000000009313
140.3000000002794
147.39999999990687
138.6999999997206
138.60000000009313
143
147.60000000009313
143.70000000018626
139.09999999962747
141.90000000037253
148.5
139.89999999990687
137.29999999981374
146.10000000009313
146.89999999990687
145
140.70000000018626
142
145.10000000009313
140.09999999962747
140.10000000009313
143.5
146.5
143.89999999990687
140.60000000009313
139.60000000009313
152.70000000018626
140.89999999990687
136.5
140.79999999981374
147.20000000018626
141.1999999997206
137
140
149.3000000002794
142.39999999990687
136.79999999981374
140.5
154
143
136.8000000002794
141.1999999997206
166.10000000009313
136.89999999990687
150.60000000009313
140.89999999990687
155.40000000037253
137.29999999981374
138.20000000018626
146.89999999990687
143.79999999981374
138.10000000009313
140.60000000009313
148.5
144.6999999997206
139
141.20000000018626
141.70000000018626
148.59999999962747
139
142.90000000037253
145.09999999962747
146.8000000002794
140
139.1999999997206
142.90000000037253
143.59999999962747
141.20000000018626
143.60000000009313
141.1999999997206
144.3000000002794
138.79999999981374
139.3000000002794
142.09999999962747
144.20000000018626
146.39999999990687
140
139.60000000009313
149.10000000009313
137.29999999981374
141.5
140.8000000002794
149.59999999962747
140.10000000009313
139.39999999990687
141.3000000002794
149
138.6999999997206
138.70000000018626
149.20000000018626
145.5
139.59999999962747
139.10000000009313
143.70000000018626
145.39999999990687
137.60000000009313
141.5
143.60000000009313
146.29999999981374
140.29999999981374
139.60000000009313
143
145.70000000018626
138.6999999997206
144.90000000037253
142.39999999990687
145
182.1999999997206
153.20000000018626
142.29999999981374
148.10000000009313
141.10000000009313
137.5
149.70000000018626
157.79999999981374
140.20000000018626
137.6999999997206
140.5
150.89999999990687
138.8000000002794
138.39999999990687
142.10000000009313
154.60000000009313
136.5
139.59999999962747
140.60000000009313
146.20000000018626
136.89999999990687
144.70000000018626
149.6999999997206
152.39999999990687
137.3000000002794
138.1999999997206
140.90000000037253
148
137.5
142.39999999990687
147.89999999990687
148.10000000009313
138.6999999997206
137.10000000009313
146.89999999990687
147.60000000009313
142.5
141.8000000002794
149.79999999981374
146.79999999981374
139
138.5
143.5
149.20000000018626
142.29999999981374
140
140
146
137.70000000018626
139.20000000018626
145.59999999962747
164.3000000002794
138.6999999997206
137
140.60000000009313
147.10000000009313
141.70000000018626
141.59999999962747
157.10000000009313
143.89999999990687
138.8000000002794
141.39999999990687
139.39999999990687
148.5
136.39999999990687
152.70000000018626
148.29999999981374
147.3000000002794
137.6999999997206
140.5
142.90000000037253
148.6999999997206
141.20000000018626
143.29999999981374
142.89999999990687
154.70000000018626
137.20000000018626
138.5
145.39999999990687
147
138.5
136.29999999981374
143.10000000009313
146.39999999990687
142.20000000018626
142
145.1999999997206
153.90000000037253
139.1999999997206
140
144.3000000002794
149.59999999962747
141.90000000037253
139.29999999981374
152.70000000018626
145.89999999990687
139
140.60000000009313
141.29999999981374
151.89999999990687
141.3000000002794
140.09999999962747
140.90000000037253
151.6999999997206
139.20000000018626
138.29999999981374
147.20000000018626
148.60000000009313
139.5
136.5
140.59999999962747
150.90000000037253
137.6999999997206
143.10000000009313
139.89999999990687
147.60000000009313
145.5
137.5
141.79999999981374
151.20000000018626
142.39999999990687
136
140.70000000018626
145.10000000009313
142.5
138
147.29999999981374
152.89999999990687
138.60000000009313
136
147.10000000009313
152.6999999997206
139.20000000018626
139.89999999990687
145.3000000002794
152.09999999962747
138.90000000037253
140.29999999981374
143.89999999990687
147.39999999990687
139
139.40000000037253
143.09999999962747
149.3000000002794
143.79999999981374
139.70000000018626
142.6999999997206
147.3000000002794
141.6999999997206
140.70000000018626
139.29999999981374
145.70000000018626
138.10000000009313
147
140.79999999981374
147.10000000009313
138.10000000009313
139.89999999990687
142.39999999990687
145.70000000018626
143.10000000009313
144.39999999990687
141.60000000009313
150.09999999962747
138.10000000009313
140
143.60000000009313
149.39999999990687
141.89999999990687
138.8000000002794
145.1999999997206
148.40000000037253
139.59999999962747
135.70000000018626
152.39999999990687
156.8000000002794
138.09999999962747
136.8000000002794
141.39999999990687
145.70000000018626
139.5
137.1999999997206
149.5
151.70000000018626
138.10000000009313
137.5
149.59999999962747
147.40000000037253
139.09999999962747
142.5
146.5
146.40000000037253
136.89999999990687
141.60000000009313
141.39999999990687
147
142.60000000009313
149.89999999990687
143
150
140.39999999990687
137.70000000018626
141.1999999997206
151.60000000009313
146
139.39999999990687
138.70000000018626
147.60000000009313
139.39999999990687
139
208.10000000009313
160.09999999962747
152.3000000002794
158.5
143.39999999990687
146.60000000009313
138.6999999997206
138.3000000002794
147.79999999981374
146.20000000018626
141.79999999981374
138.60000000009313
143.70000000018626
148.1999999997206
140.3000000002794
142.59999999962747
141.8000000002794
147.79999999981374
144.20000000018626
139.29999999981374
139.8000000002794
148.1999999997206
140.5
137.70000000018626
140.6999999997206
146.70000000018626
143.60000000009313
139.1999999997206
143.3000000002794
143.6999999997206
148.40000000037253
140.09999999962747
142.8000000002794
145.29999999981374
144.89999999990687
141
141.70000000018626
149.20000000018626
141.1999999997206
140.70000000018626
142.5
147.79999999981374
143.89999999990687
139.3000000002794
143.10000000009313
149.29999999981374
139.20000000018626
139.39999999990687
140.89999999990687
147.60000000009313
142.29999999981374
148.39999999990687
142.60000000009313
147
140.5
138.60000000009313
161.29999999981374
178.3000000002794
150.5
165.39999999990687
149.79999999981374
153.20000000018626
139.20000000018626
140.6999999997206
148
148.39999999990687
138.60000000009313
141.20000000018626
142.10000000009313
150.89999999990687
143.1999999997206
143.70000000018626
147.39999999990687
145.70000000018626
139.89999999990687
138.70000000018626
140.79999999981374
147.29999999981374
144.60000000009313
140.70000000018626
142.6999999997206
150
139.90000000037253
139.79999999981374
141.20000000018626
151.09999999962747
147.60000000009313
137.20000000018626
141.89999999990687
145.20000000018626
138
138.5
142.29999999981374
145.79999999981374
144.70000000018626
143.70000000018626
141.29999999981374
146.39999999990687
139.60000000009313
138.29999999981374
143.90000000037253
144.89999999990687
140
139
146
147.39999999990687
138
139.60000000009313
142.5
147.89999999990687
141.10000000009313
141.1999999997206
146.10000000009313
148.10000000009313
138
137.89999999990687
143.3000000002794
146.6999999997206
145.10000000009313
143.70000000018626
140.79999999981374
148
140.70000000018626
153.39999999990687
141.89999999990687
154.29999999981374
145.3000000002794
137.39999999990687
141.5
145.39999999990687
138.5
139.5
146.70000000018626
157.79999999981374
138.3000000002794
138.89999999990687
140.10000000009313
150.6999999997206
141.39999999990687
145.20000000018626
148.60000000009313
146.1999999997206
138.20000000018626
139.20000000018626
143.29999999981374
147.29999999981374
141.70000000018626
143.89999999990687
143.3000000002794
158.29999999981374
140.39999999990687
139.39999999990687
141.20000000018626
151.10000000009313
141.6999999997206
144.5
140.70000000018626
145.89999999990687
139.5
140.8000000002794
143.29999999981374
146
140.10000000009313
140.1999999997206
146.60000000009313
143.60000000009313
139.89999999990687
139.8000000002794
157
144.89999999990687
138.39999999990687
136
141.70000000018626
150.89999999990687
139.6999999997206
148.40000000037253
142.79999999981374
147
138.89999999990687
137.39999999990687
141.8000000002794
153.5
140.39999999990687
136.39999999990687
143.39999999990687
151.10000000009313
137.89999999990687
135.5
146.40000000037253
148.79999999981374
155
136.89999999990687
146.3000000002794
145.29999999981374
136.5
142.79999999981374
146.10000000009313
156.5
137.39999999990687
139.40000000037253
153.39999999990687
148.39999999990687
154.29999999981374
139.3000000002794
144.29999999981374
146.10000000009313
136
139
147.39999999990687
152.39999999990687
137.70000000018626
140.70000000018626
139.79999999981374
146.39999999990687
139.3000000002794
139.79999999981374
147
162.29999999981374
143.10000000009313
138.3000000002794
139.29999999981374
147.39999999990687
139.5
140.20000000018626
146.10000000009313
149.29999999981374
142.20000000018626
138.09999999962747
141
147
137.90000000037253
139.09999999962747
142.70000000018626
150.10000000009313
142.89999999990687
139.20000000018626
143.1999999997206
148.5
139.10000000009313
138.79999999981374
142.90000000037253
143.09999999962747
150.40000000037253
140.59999999962747
141.70000000018626
146.79999999981374
139.5
141.10000000009313
139.70000000018626
146
146.5
140.29999999981374
139.5
148.60000000009313
138.5
138.5
141.5
150.5
140.70000000018626
137.6999999997206
142.3000000002794
146.79999999981374
138.20000000018626
137
146.89999999990687
148.60000000009313
144
138
144.1999999997206
145.70000000018626
140.29999999981374
141.20000000018626
141.79999999981374
144.39999999990687
140.60000000009313
138.3000000002794
140.1999999997206
148.3000000002794
141.5
138
140.1999999997206
149.20000000018626
140.5
137.79999999981374
141.70000000018626
154
137.39999999990687
137.60000000009313
143.39999999990687
147.10000000009313
145.29999999981374
137.70000000018626
145.6999999997206
154.3000000002794
137.1999999997206
137.5
142.5
151.5
137.90000000037253
137.79999999981374
145.5
147.79999999981374
140.20000000018626
139
140.39999999990687
155.10000000009313
139.5
143.5
139.20000000018626
151
143.59999999962747
140.3000000002794
151
147.6999999997206
138.8000000002794
141
141.39999999990687
150.29999999981374
140
141.3000000002794
141
147.29999999981374
141.10000000009313
138.5
142.70000000018626
151.09999999962747
141.8000000002794
137.5
140.29999999981374
148.20000000018626
140.79999999981374
139.60000000009313
141.39999999990687
151.89999999990687
146.5
140.20000000018626
140.20000000018626
147.1999999997206
139.3000000002794
139.59999999962747
142.3000000002794
149.10000000009313
140.6999999997206
136
143.8000000002794
149
137.39999999990687
140.29999999981374
143.60000000009313
163.29999999981374
140.70000000018626
139.5
144.79999999981374
147.90000000037253
138.79999999981374
138.20000000018626
149.29999999981374
146.10000000009313
141
140
143.1999999997206
148.3000000002794
139.1999999997206
144.20000000018626
139.29999999981374
146.3000000002794
143
138.10000000009313
143.89999999990687
144.89999999990687
143.79999999981374
138.60000000009313
139.70000000018626
149.10000000009313
141.89999999990687
137.39999999990687
142
153.5
139.79999999981374
138.60000000009313
140.60000000009313
151.29999999981374
139.20000000018626
136.79999999981374
142
154
137.90000000037253
137.6999999997206
142.5
146.60000000009313
140.10000000009313
140.89999999990687
142.39999999990687
153.70000000018626
139.6999999997206
137.3000000002794
143
143.89999999990687
141.79999999981374
141.3000000002794
142.10000000009313
151.89999999990687
138.29999999981374
140.39999999990687
141.20000000018626
145.89999999990687
142.10000000009313
143.60000000009313
143
151.6999999997206
137.8000000002794
139.39999999990687
139.60000000009313
145.39999999990687
142.20000000018626
140
146
152.09999999962747
140.40000000037253
139.59999999962747
139.3000000002794
144.60000000009313
144.09999999962747
138.10000000009313
141.8000000002794
153.09999999962747
138.3000000002794
139.10000000009313
141.1999999997206
148.5
144.10000000009313
138.10000000009313
140.1999999997206
152.90000000037253
138.79999999981374
137.60000000009313
142.79999999981374
150.5
139.39999999990687
135.60000000009313
145.39999999990687
149.70000000018626
136.20000000018626
137.39999999990687
145.5
147.5
140
137.10000000009313
149.59999999962747
146.60000000009313
136.70000000018626
140.89999999990687
142.29999999981374
148.8000000002794
141.1999999997206
144.5
142.40000000037253
147.29999999981374
139.5
139
140.5
163.29999999981374
160.8000000002794
138
139.1999999997206
149.70000000018626
139.89999999990687
136.10000000009313
142.10000000009313
155.89999999990687
138.89999999990687
137.20000000018626
142.89999999990687
144.60000000009313
137.79999999981374
141.10000000009313
141.5
161.10000000009313
138.10000000009313
139.29999999981374
142.70000000018626
147.39999999990687
139.29999999981374
137.70000000018626
146.29999999981374
149.89999999990687
140.40000000037253
137.6999999997206
141.60000000009313
149.5
138.5
142.29999999981374
143.90000000037253
158
139.39999999990687
138.29999999981374
142.60000000009313
144.20000000018626
140.39999999990687
140.6999999997206
145.3000000002794
150
142.5
142.1999999997206
141
149.3000000002794
137.6999999997206
141
141.70000000018626
148.70000000018626
138.29999999981374
138.70000000018626
142.09999999962747
151.10000000009313
141.39999999990687
138.5
141.40000000037253
153.1999999997206
139.10000000009313
137.5
147.39999999990687
149.3000000002794
140.29999999981374
137
141.10000000009313
152.29999999981374
140.60000000009313
140
143.79999999981374
151.20000000018626
137.20000000018626
136.09999999962747
142.90000000037253
153
140.29999999981374
140.70000000018626
142.79999999981374
147.29999999981374
136.10000000009313
135.8000000002794
147.6999999997206
146.10000000009313
145.20000000018626
136.59999999962747
147.5
150.20000000018626
137.5
142.39999999990687
142.10000000009313
153.29999999981374
135.60000000009313
141.8000000002794
143.09999999962747
148.10000000009313
142.60000000009313
138.20000000018626
145.1999999997206
154.10000000009313
138.10000000009313
139.5
144.1999999997206
153.20000000018626
138.89999999990687
143.5
140
146.10000000009313
141.60000000009313
136.39999999990687
144
149.10000000009313
140.29999999981374
137.5
139.70000000018626
147
139.29999999981374
139.5
141.5
152.3000000002794
152.89999999990687
137.10000000009313
140.1999999997206
148.20000000018626
138.10000000009313
139.39999999990687
141
154.5
140.39999999990687
138.29999999981374
143.60000000009313
149.39999999990687
138.20000000018626
142.79999999981374
144.10000000009313
150
143.70000000018626
138.1999999997206
143.70000000018626
146.20000000018626
138.6999999997206
139.70000000018626
142.6999999997206
151.40000000037253
142.09999999962747
142
145.10000000009313
152.20000000018626
139.29999999981374
137.8000000002794
141.79999999981374
155.89999999990687
138.3000000002794
147.79999999981374
143.5
146.60000000009313
141
136.39999999990687
147.39999999990687
147.39999999990687
138.70000000018626
137.20000000018626
141.79999999981374
149.70000000018626
138.59999999962747
140
140.8000000002794
151.10000000009313
137.89999999990687
140
139.10000000009313
149.29999999981374
138
142.20000000018626
147.39999999990687
147.6999999997206
137.90000000037253
137.29999999981374
142.10000000009313
148.39999999990687
142.89999999990687
142.70000000018626
142.79999999981374
148.3000000002794
136.1999999997206
139.20000000018626
146.6999999997206
146.70000000018626
147.70000000018626
137.79999999981374
139.79999999981374
148
139.90000000037253
140
143.79999999981374
149
142.39999999990687
140.60000000009313
142.70000000018626
146.5
141.5
138.39999999990687
142.29999999981374
160.70000000018626
143
137.6999999997206
139.5
145.70000000018626
141.89999999990687
140.3000000002794
141.09999999962747
155.90000000037253
141.39999999990687
137.29999999981374
140.8000000002794
148.89999999990687
138.6999999997206
140.60000000009313
140.5
151.39999999990687
141.40000000037253
138.79999999981374
139.29999999981374
148.5
137.40000000037253
144.79999999981374
144.5
151.79999999981374
142.20000000018626
138.5
142.29999999981374
151.5
138.5
139.60000000009313
146.5
150.70000000018626
140.89999999990687
136.79999999981374
143
146.70000000018626
139.5
138.10000000009313
143.79999999981374
148.60000000009313
142.29999999981374
139.20000000018626
140.70000000018626
149.39999999990687
142
140
143.60000000009313
148.1999999997206
144.20000000018626
137.89999999990687
143
147.79999999981374
140
137.40000000037253
140.89999999990687
150.6999999997206
149.20000000018626