3346.51550000126
3227.8653000012127
3298.9673000010953
3508.7771999988036
3222.9016999990563
3351.5377000003355
3484.172000000399
3362.8261999983806
3184.473200000866
3216.8810999992274
3153.8763999997173
3133.0386999998154
3160.801600000923
3118.4276999993017
3129.125599998588
3173.592999999528
3180.8583999991242
3116.5866000010283
3114.383699999962
3085.6120999997074
3092.7818000000116
3131.183100000271
3128.0649000000267
3084.6934000001056
3214.185999999245
3450.8787999984634
3111.6911999997683
3094.1836000001786
3234.8481999997603
3115.6760999983817
3101.3817000002746
3108.7063000013586
3152.443699998912
3079.3992999988404
3188.7210000004416
3099.1078999995807
3188.567299999704
3104.8491000001377
3093.803800000387
3165.8306999997876
3403.6754999997356
3237.445700000535
3185.8223999988695
3122.265800000605
3092.8496000015
3094.004099999438
3152.979599999526
3145.3901000004407
3127.9434000007313
3097.5417000008747
3080.539900000076
3076.9512000006216
3154.157099999793
3143.8508999999613
3095.3405000000203
3089.3439999999828
3126.844799999162
3063.7243000001035
3120.526800001244
3153.9290999990044
3086.56929999961
3065.0492000004306
3075.332200000048
3111.5153999999166
3091.2471000010555
3076.5441000003193
3118.3550999994623
3069.032599998536
3094.097099999999
3086.008500000389
3106.535300001269
3117.7107999992586
3075.9757999985595
3046.6685999999754
3060.843899998872
3061.9566999994277
3098.657500000627
3099.802599999748
3079.4413999992685
3111.1095000014757
3134.294999999838
3258.9091999998345
3176.1488000011013
3084.555499999624
3123.173800000586
3088.2031000001007
3122.340500000064
3067.7560000003723
3276.76799999972
3068.996400001197
3095.917399999962
3123.367499998494
3136.2420999994356
3084.097200000542
3092.241500000455
3159.292500000447
3128.2139999984793
3106.420699999944
3068.995800000266
3092.2639000000345
3111.945899998318
3104.4939999992494
3145.1348999999027
3115.421900000001
3098.718799999915
3051.9462000011117
3097.4951999996847
3151.043399999253
3117.217900000469
3097.605900000417
3076.2184000013804
3084.274299999379
3073.263099999167
3102.3341000000073
3106.9594000000507
3050.028800000291
3043.3618999995815
3135.830799999894
3064.0925000006973
3111.9785999999294
3177.653900000223
3095.191000000341
3164.100199999666
3053.9695999996184
3049.958300000071
3063.929800000551
3064.59360000008
3074.3936999988364
3103.7431999993714
3115.7574000008026
3076.4897000008204
3105.9943000000203
3075.4224000011163
3048.2642999995733
3072.9315000007773
3048.95310000029
3037.8024999990885
3151.516599999013
3111.724900001718
3022.5793000008707
3029.5478999996703
3040.4655000002094
3094.637000000148
3068.0879000010464
3034.1427000003023
3021.738399998867
3052.20829999962
3015.67040000009
3083.507400000599
3100.3809999983787
3063.1924999997864
3077.6284000003216
3074.9828000007255
3109.6827000001213
3070.4136000003928
3060.226600000533
3108.206599999903
3345.8163999985118
3143.4064000004582
3258.08379999944
3309.8098000009486
3436.458300000595
3152.5435999992624
3080.9027000013884
3100.5960999991657
3038.4733000009874
3038.7799000000086
3065.2515000001586
3119.608299999527
3025.6790000003093
3100.044299999354
3087.911399999939
3063.773500000025
3128.749899999093
3143.559300000561
3067.2313000013673
3071.387500000128
3058.526400000119
3065.861400000358
3054.626199998893
3022.1508000013273
3065.7236999995803
3062.7121000015904
3092.665100000886
3028.8495999993756
3066.7488999988564
3082.714100000885
3102.256199999829
3032.134099999894
3114.9244000007457
3273.119100000258
3178.290300000299
3296.1085999995703
3045.068599998558
3028.3416000002035
3042.327599998316
3102.3882999998023
3159.3637999994826
3070.5621000015526
3079.6006999989913
3084.6105000000534
3094.9744999998074
3086.7295999996713
3151.220800000374
3286.870199999612
3376.533599999675
3156.6887000008137
3129.7692000007373
3180.229800000234
3074.1588000000775
3062.2905000000173
3064.844099999391
3084.77479999965
3094.642500000191
3101.3178000011976
3072.888200000307
3074.1146999989724
3050.965200000064
3068.1735999987723
3063.7618000000657
3156.431399998837
3054.595999999947
3030.798900001173
3072.8321000005963
3053.90079999961
3048.1134000001475
3043.8419000001886
3091.163499999311
3081.299100000251
3139.740199998414
3068.4485000001587
3038.57059999973
3027.495000000272
3106.8708000002516
3056.2332999998034
3033.3614999999554
3041.8385999983
3053.10979999922
3073.891800000638
3185.874700000568
3109.3089999994845
3018.386700001429
3033.7583999989874
3038.214700000026
3044.7312999986025
3074.9943000009807
3054.703099998733
3090.028500000699
3055.2312999989226
3096.690199998193
3064.252399999532
3023.7202999996953
3054.645400001391
3011.56919999994
3023.4003999994457
3020.8907000014733
3058.4189999990485
3081.4109000002645
3123.554300000251
3098.3383000002505
3091.567600000417
3035.2546999984042
3065.4297999990376
3028.2220000008238
3047.608400000172
3028.8778000012826
3123.17289999919
3048.114799999894
3121.094100000846
3015.946299999996
3084.1296999988117
3058.109899999181
3030.3538000007393
3018.073600000207
3283.405700000003
3046.604600000137
3056.490999999369
3024.3434000003617
3044.808299999204
3063.398899999811
3082.3110999990604
3051.496699999916
3121.0985999987315
3083.960699999807
3140.0431000001845
3046.940500000346
3043.5316000002786
3105.3024000011646
3096.30019999895
3059.4454999991285
3035.8453999997437
3029.8501000015676
3055.0299000005907
3013.840400000845
3160.388399999647
3129.813200001081
3021.650900000168
3052.736500001629
3047.081299999263
3090.857099999994
3107.0570000010775
3067.6256000006106
3040.7728999998653
3053.373400000055
3052.705500000229
3016.371800000343
3160.4431999985536
3066.091400000005
3062.94760000128
3012.53270000052
3103.8129000007757
3072.165400000813
3133.588900000177
3504.6617000007245
3216.76380000099
3261.9070000000647
3392.514700000902
3246.3012999996863
3384.3911999992997
3495.3092000014294
3203.3349000012095
3319.0031000012823
3301.9404000006034
3164.388199998939
3100.5502000007255
3030.531600001268
3126.1979000009887
3038.34629999983
3024.7051999995165
3032.404800000222
3070.2844000006735
3072.3280999991402
3047.199599999658
3060.2573999985907
3101.5108000010514
3041.763400000491
3119.1464999992604
3054.3931999982306
3133.7038000001485
3035.496599999533
3027.850500000568
3079.9724999997125
3090.337100000397
3039.6732999997766
3022.103600000264
3039.7593999987294
3067.5940999990416
3117.452800001047
3101.144000000204
3016.849400000865
3033.5979999999836
3030.1778000011836
3031.0089999984484
3197.373400000288
3164.9656999998115
3068.093300000328
3040.8174000003783
3013.884699999835
3039.4290999993245
3082.6144000002387
3056.9665000002715
3131.6096000009566
3054.9363999998604
3038.130099999762
3018.9955000005284
3042.6447999998345
3027.8703999993013
3048.7881999997626
3017.0232000000397
3024.0582000005816
3166.3233999988734
3085.0746000014624
3025.1780999988114
3061.300100000153
3041.9746000006853
3229.9992999996903
3177.844100000584
3222.662300000593
3051.823699999659
3043.759100000898
3030.9464000001753
3098.3415999999124
3085.9646999997494
3045.521699999881
3017.527500000142
3140.2459000000817
3030.364099999133
3026.6780000001745
3067.3076000002766
3022.569000000658
3029.144499998438
3048.9878000007593
3025.9311999998317
3089.234099999885
3086.8506000006164
3056.1904000005597
3058.3298000001378
3071.151699999973
3058.9994000001752
3058.8888000002044
3008.6479999990843
3025.718599999891
3017.3475999999937
3068.1166000013036
3017.7782000009756
3013.2357999991655
3041.120600000795
3028.7649000001693
3052.205900001354
3063.7611000001925
3037.7229000005173
3159.960900000442
3041.5926999994554
3216.2591999986034
3051.002599999265
3147.796000001108
3158.319100000881
3122.034399999393
3058.804799999052
3122.316899998623
3060.403100000258
3036.910299999363
3094.377399998848
3055.897800000821
3100.3191999989212
3075.847199999771
3095.5458999997063
3106.475800001135
3093.5348000002705
3020.0377000001026
3134.774899999684
3038.973700000497
3225.886599999285
3094.4712000000436
3174.923699998544
3090.4283999989275
3021.369900001446
3040.514100001019
3156.771199999639
3076.269200000752
3189.9357000002055
3038.2018000000244
3076.960100001088
3067.988599999808
3070.5266000004485
3046.308199998748
3032.9474000009213
3057.3547999993025
3010.4532999994262
3265.0524000000587
3039.345200000753
3074.480199999016
3053.386800000226
3012.7007000010053
3047.9536000002554
3043.286199999784
3054.097999998703
3130.040000000008
3152.0022000004246
3140.7213999991654
3157.793099999253
3055.8908999992127
3053.622599998562
3054.5861999999033
3020.7969000002777
3073.2688999996753
3030.4297000002407
3088.659600000028
3132.1695000006002
3108.1216000002314
3078.3222999998543
3108.747199999925
3012.9526000000624
3018.9007999997557
3016.8647000009514
3073.472899999615
3106.5725999997085
3070.8783000009134
3037.271299999702
3050.9603999998944
3035.375899999053
3105.420199999571
3020.7965999998123
3040.018900001087
3187.385399998675
3246.795799999745
3199.914599999829
3257.214000001113
3051.1719999994966
3074.3375000001834
3051.4722999996593
3054.9731999999494
3046.586099999331
3061.785500000042
3138.079000000289
3079.5360000010987
3010.2636000010534
3045.673499998884
3108.9914000003773
3095.538999999917
3080.928600000334
2997.8905000007217
3093.040200001269
3022.0931000003475
3011.164600000484
3010.5716999987635
3166.2302000004274
3035.9681000009004
3045.556500001112
3016.7301000001316
3170.7663999986835
3143.782499999361
3094.978099999935
3084.513899999365
3032.785100000183
3035.107400000925
3047.2524000015255
3033.4134999993694
3081.8102000012004
3021.5252000016335
3008.2867999990412
3087.770100000853
3011.579800000618
3014.7305999998935
3016.065300000264
3232.8731999987212
3066.216799999893
3041.4104999999836
3048.0630999991263
3019.1414000000805
3057.484900000418
3107.4027999984537
3165.7383999991
3049.2472000005364
3076.9593000004534
3080.4208000008657
3081.864800000403
3028.8702999987436
3027.7186000002985
3049.1567000008217
3104.682999999568
3026.791799999046
3056.8498999982694
3034.1181000003417
3032.558599999902
3040.8840000000055
3031.1125999996875
3011.1450999993394
3060.8432999997603
3000.6142999991425
3063.4816000001592
3044.3343999995705
3074.0084999997634
3018.7007000004087
3055.99760000041
3046.6888999999355
3047.4007000011625
3011.2025999987964
3069.7583999990457
3066.8580000001384
3121.7597000013484
3034.051200000249
3036.6735000006884
3109.2573999994784
3040.2586000000156
3028.5321999999724
3098.696499999278
3067.19990000056
3057.4063999993086
3144.8725999998715
3072.17270000001
3061.968699999852
3098.0421000003844
3035.4395999984263
3172.858099998848
3092.86450000036
3066.883499999676
3085.4894000003696
3079.1607000010117
3146.9216999994387
3058.3862000003137
3048.6946999990323
3076.1843000000226
3030.4177999987587
3095.8174000006693
3020.0705000006565
3120.030300000508
3026.1377999995602
3049.338300001182
3052.366500000062
3085.0226000002294
3078.171299999667
3127.722100000028
3111.0905000005005
3064.115099999981
3082.8388000009
3101.393500000995
3002.5526999997965
3046.329799999512
3024.2346999984875
3043.2351999988896
3077.902899998662
3099.3470000012167
3025.0489999998535
3042.3323000013625
3008.104300000923
3190.3478000003815
3182.718799998838
3079.569999999876
3053.444400000444
3108.930500000497
3023.098100000425
3053.7690999990446
3063.761600000362
3102.9770000004646
3047.1926999998686
3055.6276999996044
3061.865099998613
3244.2181000005803
3108.3966999995027
3234.4286999996257
3038.322000000335
3019.165800000337
3098.2813999999053
3045.4623000005085
3032.4284000016632
3052.3567000000185
3098.138299999846
3014.850599998681
3079.0547000015067
3019.165800000337
3070.7805000001827
3011.3745000016934
3080.945600000632
3040.1922000000923
3018.2949999998527
3072.486899998694
3012.5713999987056
3092.1865000000253
3055.2052999992156
3019.97719999963
3059.2682999995304
3078.3092999990913
3087.961600000199
3032.430100000056
3045.1070999988588
3039.473500000895
3054.3515000008483
3012.4902999996266
3037.6921000006405
3028.2483999999386
3077.419799999916
3033.3597000008012
3048.924000000625
3049.925600000279
3025.5618000010145
3025.9544999989885
3092.2883999992337
3103.277199999866
3039.376099999572
3022.6309999998193
3050.379799999064
3069.9199000009685
3034.9206999999296
3037.515500000154
3017.4458999990748
3034.279899999092
3033.8432999997167
3205.81139999922
3050.701100000879
3062.7659000001586
3034.453800000847
3042.315200000303
3061.047999999573
3083.449499999915
3071.6276000002836
3148.33550000003
3004.842299998927
3090.655699999843
3029.1431000005105
3093.120199999248
3209.8475999991933
3151.038600000902
3038.584300000366
3047.887400000036
3044.5478999990883
3014.8998999993637
3043.537400000787
3131.535599999552
3075.1493999996455
3075.473500000953
3084.967200000392
3042.268700000932
3140.1003999999375
3151.524699998845
3074.9500000001717
3091.654000001654
3060.608699999648
3146.200900000622
3137.0857000001706
3127.5055000005523
3088.1878000000142
3130.796299999929
3027.3178000006737
3063.0780999999843
3127.318799999557
3022.776199999498
3064.435099999173
3020.1531999991857
3031.9964999998774
3055.281199998717
3058.929499999067
3044.578499999261
3268.2151999997586
3289.1454999989946
3122.279900000649
3103.7359000001743
3095.844000001307
3024.709299999813
3020.2195000001666
3005.316799999491
3067.429299999276
3066.8587000000116
3042.353100001492
3118.330799999967
3104.279699999097
3101.41509999994
3056.5091999997094
2999.179500000537
3038.687199999913
3080.155100000411
3010.8832999994775
3034.4029999996565
3015.515700000833
3040.166400000089
3084.4988000008016
3061.123499999667
3187.380800000028
3045.9480000008625
3063.727699998708
3018.1459999985236
3057.4541999994835
2998.8647999998648
3012.334799999735
2998.354199999085
3011.200099999769
3050.607300001502
3062.729000001127
3057.9148000015266
3070.8322999998927
3128.2233000001725
3031.0619000010774
3039.221000000907
3090.737000000445
3034.661600000618
3059.5365000008314
3059.8095999994257
3060.450099999798
3069.020900000396
3044.380999999703
3033.202500000698
3034.371800000372
3064.563100000669
3078.0293000007077
3058.7811000004876
3127.1667999990314
3065.681100000802
3043.416700000307
3080.005199999505
3009.3365000011545
3281.69650000018
3144.3646999996417
3250.9315999996033
3053.8409000000684
3049.070399998527
3066.84469999891
3132.2667999993428
3129.5523999997386
3048.6817000000883
3147.3528999995324
3013.846800000465
3021.830300000147
3029.885899999499
3016.5413999984594
3076.1732999999367
3045.2918999999383
3017.6026999997703
3075.0114000002213
3044.432400000005
3030.6949999994686
3122.7244999990944
3082.2005000009085
3047.301600001447
3064.6087000004627
3029.2063000015332
3030.357300000105
3060.6477000001178
3014.330500000142
3034.2848999989656
3010.7735999990837
3095.0865000013437
3071.498999999676
3098.6436999992293
3045.7936999991944
3083.007200000793
3066.8626000006043
3019.356600001629
3029.0667999997822
3076.325600000928
3035.2203999991616
3172.7176000003965
3051.3745000007475
3019.2444999993313
3073.54850000047
3073.1964000005974
3056.5099000014015
3016.5988999997353
3014.2051999991963
3020.2382000006764
3010.1125999990472
3025.4138999989664
3112.9376999997476
3086.4634000008664
3018.3488999991823
3054.8443000006955
3090.69670000099
3182.9358999984834
3014.8611000004166
2996.610599999258
3052.0789999991393
3021.217199999228
3074.950500000341
3033.8477000004787
3006.2450999994326
3007.932200000141
3015.9466000004613
3004.057999998622
3002.621999999974
3055.291500000749
3017.444899998736
3029.073800000333
2999.821499999598
3042.8641000016796
3008.6446999994223
3046.179299999494
3051.843600000211
3011.736100001144
3015.158899999733
3040.788300000713
3003.561699999409
3060.3309999987687
3068.327599999975
3015.9906999997474
3039.735499998642
3133.1755999999586
3245.963800000027
3236.7907999996532
3060.8672999987903
3017.716599999403
3057.1515999999974
3011.1428999989585
3084.519199999704
3054.907000001549
3037.36630000094
3019.4936000007147
3076.270100000329
3044.694200001686
3015.329500000007
3094.3452999999863
3012.721600000077
3018.9869000005274
3134.9513000004663
3046.427599998424
3057.804300000498
3031.6346999989037
3042.3014999996667
3085.031300000992
3031.587600000421
3018.7086000005365
3029.2362999989564
3100.947399998404
3037.433499999679
3072.574600000735
3024.0281999995204
3030.528900000718
3061.8433999989065
3086.715199999162
3015.6685000001744
3103.567000000112
3080.97749999979
3024.740999999267
3060.63869999889
3102.132199999687
3054.529499999262
3031.9846000002144
3086.254799998642
3029.0664000003744
3028.424599999198
3004.0482000003976
3067.773100001432
3233.1035999995947
3036.1152999994374
3016.805099998237
3024.0290999990975
3009.786599999643
3042.030499998873
3068.5315999999148
3054.0118999997503
3075.6767000002583
3078.264300000228
3093.182500000694
3068.7670999996044
3057.4625999997807
3020.989099999497
3033.4891000002244
3017.005400000926
3013.9948000014556
3043.071099998997
3052.406799999517
3013.2171000004746
3092.1489000011206
3039.9431999994704
3020.037299998876
3152.480100001412
3055.856799999674
3039.3473000003723
2996.2192000002688
3032.167000001209
3046.186499999749
3034.9702000003163
3005.5050999999366
3040.813200001139
3019.303699999
3033.23090000049
3043.5801000003266
3164.3182999996498
3105.15039999882
3034.7882000005484
3022.1662999992986
3004.703200000222
3022.253600000113
3024.617999999464
3085.738899999342
3213.914300000397
3070.3866999992897
3088.127600000007
3098.922199998924
3036.011199999848
3051.321900000403
3020.755999999892
3011.4092999992863
3081.4660000014555
3080.532999998468
3078.5969000007753
3058.309799998824
3104.512900001282
3034.0863000001264
3005.88400000197
3044.7869000017818
3156.2751999990724
3271.663699997589
3136.1385000018345
3221.032600002218
3194.9330999996164
3265.6094999983907
3185.104699998192
3158.6311999999452
3176.183999999921
3121.453499999916
3053.071700000146
3068.512300000293
3113.010100001702
3051.778299999569
3081.8172999970557
3075.963300001604
3234.7437999997055
3067.3334000020986
3046.073499997874
3052.7767999992648
3019.6436000005633
3012.699999999313
3009.316099996795
3019.058000001678
3121.6950999987603
3017.991400000028
3007.127600001695
3004.843200000323
3016.4025999984005
2999.882800002524
3055.4468000009365
3022.279200002231
3008.4383000030357
3010.6401999983063
3047.3044000027585
3053.312799998821
3060.918999999558
3013.1259000008868
3057.8456000002916
3067.704999997659
3057.991800000309
3053.239000000758
3042.3489999993762
3018.774799998937
3073.7962999992305
3091.8329000014637
3140.764300002047
3094.855400002416
3085.0185999988753
3027.266699999018
3178.136299997277
3008.358600000065
3048.447199998918
3007.5627000005625
3036.6178000003856
3012.602300001163
3038.904699998966
3092.182700002013
3030.8207999987644
3064.9401000009675
3027.385099998355
3112.3490999998467
3002.4579999990237
3017.2585000000254
3023.18379999997
3064.544200002274
3099.9326999990444
3046.5002000019012
2997.934399998485
3034.976500002813
3179.340399998182
3017.896400000609
3034.1469000013603
3071.7541000012716
3009.6658000002208
3076.6819000018586
2988.1444000020565
3045.48910000085
3049.548399998457
3089.4404999999097
3013.5700999999244
3018.674800001463
3021.681100002752
3026.174999999057
3048.832100001164
3042.6097999988997
3257.9108999998425
3084.644099999423
3055.362099999911
3015.3504999980214
3034.6489999974438
3063.4346999977424
3071.211599999515
3062.09939999826
3008.347799997864
3074.7071000005235
3011.356999999407
3119.9338999977044
3013.579500002379
3016.4363000003505
3065.7624999985273
3061.2474999979895
3062.5884999972186
3041.195900001185
3017.120700002124
2996.515400001954
3080.7194000008167
3039.9536000004446
3017.327800000203
3098.349200001394
3016.6399000008823
3030.511299999489
3015.1286000000255
2997.5312999995367
3002.3822999974072
3126.682300000539
3028.638799998589
3011.2083999993047
3073.3213999992586
3033.934399998543
3067.4441999981354
3031.7418000013276
3246.1051999998745
3176.095400001941
3208.2053999984055
3038.031100000808
3076.2116000005335
3025.044899997738
2999.123600002349
3047.1992999991926
3009.260599999834
3130.56510000024
3083.3431999999448
3079.8328000018955
3024.232399999164
3018.993599998794
3003.570700002456
3026.203199999145
3045.1102999977593
3127.406499999779
3077.3606000002474
3057.0110000007844
3023.1478000023344
3049.236500002735
3057.8672000010556
3054.59780000092
3052.479600002698
3017.6360000004934
3145.551699999487
3008.2249000006414
3048.3894999997574
3039.1849000006914
3039.9247000023024
3110.6924999985495
3083.5827000009886
3020.6180999994103
3013.882300001569
3029.494499998691
3022.107500000857
3045.1391999995394
3126.0951000003843
3093.4613999997964
3057.8920999978436
3048.723100000643
3001.068999998097
2998.549700001604
3062.374799999816
3066.403099997842
3099.182699999801
3030.9376000004704
3009.268500001781
3006.337799997709
3043.989899997541
3235.6341000013344
3266.6324999991048
3146.7152000004717
3043.6598999986018
3097.0245999997132
3041.671099999803
3030.0238999989233
3026.0940000007395
3067.100100000971
3139.502000001812
3059.9535000001197
3114.1320999995514
3008.2019999972545
3014.216999999917
3130.256600001303
3015.2447000000393
3021.1894000021857
3119.8084999996354
3012.706399997114
3024.339100000361
3031.843199998548
3025.7961000024807
3031.0537000004842
3057.4247000004107
3014.0781000009156
3006.639400002314
3155.4068999976153
3084.824400000798
2998.3911999988777
3036.4336000020558
3005.052999997133
2997.08329999703
3005.53360000049
3085.866800000076
3049.282099997072
3016.270300002361
3093.0541999987327
3058.0545000011625
3074.584900001355
3052.11860000054
3089.910399998189
3034.5170000000508
3153.5936999971454
3071.6800000009243
3081.1996000011277
3024.5207999978447
3057.58120000246
3035.979899999802
3017.287099999521
3021.3657000022067
3051.466100001562
3015.3547000008984
3004.05469999896
3012.638300002436
3059.3353000003844
3001.959799999895
3081.0359999995853
3045.3846999989764
3071.2234000020544
3067.5603000017873
3143.867200000386
3032.544000001508
3029.203199999756
3098.6435000013444
3001.822500002163
3081.7833000000974
3046.4022000014666
3059.5701999991434
3002.479899998434
3242.0863999977882
3163.4045999999216
3182.2467999991204
3038.196599998628
3039.6951000002446
3014.6328000009817
3022.009300002537
3011.218199997529
3029.5437000022503
3123.409799998626
3044.6847999992315
3043.171400000574
3026.5235000006214
3052.279499999713
3028.984300002776
3004.4309999975667
3112.102799997956
3020.194199998514
3032.190299996728
3076.45760000014
3073.579299998528
3114.2273000004934
3209.6390000006068
3328.371600000537
3132.654900000489
3058.639499999117
3059.965700002067
3005.9163000005356
3005.6117000021914
3089.228600001661
3069.314000000304
3059.7235999994155
3011.718000001565
3091.1806000003708
3038.81679999904
3035.926800002926
3043.961399998807
3016.8091999985336
3023.082300001988
3018.7286000000313
3059.70559999696
3082.0397999996203
3038.1140999998024
3095.9562999996706
3080.834100001084
3071.464200002083
3036.615699998947
3045.4408999976295
3124.4688000006136
3063.390499999514
3139.9605000005977
3011.4864999995916
3179.195400000026
3095.094699998299
3081.87689999977
3046.3148999988334
3019.160699997883
3026.5659999968193
3094.5691999986593
3074.721799999679
3112.949300000764
3170.527599999332
3097.3578999983147
3119.329100001778
3048.2817999982217
3149.339299998246
3020.034000001033
3057.186800000636
3127.3900999985926
3017.1183999991626
3029.768200001854
3001.9222000009904
3032.287499998347
3068.688300001668
3013.097999999445
3002.80869999915
3019.7415000002366
3032.0033999996667
3026.264700001775
3006.2717000000703
3029.4560000002093
3070.9413000004133
3028.2587000001513
3033.2799999996496
3067.6079999975627
3010.3684999994584
3015.770399997564
3025.359600000229
3007.995799998753
3037.3092999980145
3050.7126999982574
3054.3905000013183
3029.2078999991645
3020.037099999172
3136.150100002851
3032.909199999267
3081.4734999985376
3104.900099999213
3012.029600002279
3114.3654999978025
3103.124699999171
3038.9895000007527
3052.7183000012883
3087.846800000989
3088.6251000010816
3076.697599997715
3057.425899998634
3017.468900001404
3018.443200002366
3098.459599998023
3025.168999996822
3077.132900001743
3047.6603000024625
3020.675100000517
3065.1990000005753
3033.19609999744
3010.131699997146
3064.3955000014103
3149.865999999747
3067.88680000318
3028.2178000015847
3036.764000000403
3037.8148999989207
3002.255499999592
3013.202600002842
3005.5763000018487
3031.436900000699
3128.5634000014397
3025.067799997487
3026.6850000007253
2998.6428000011074
3036.4661999992677
3045.2108000026783
3050.414000001183
3020.1547000033315
3018.814700000803
3049.235400001635
3039.599800002179
3017.5224999984493
3108.610500003124
3065.4923000001872
3016.0763999992923
3074.0052000001015
3083.1575999982306
3032.480400001077
3078.5867999984475
3004.460399999516
3131.7954000005557
3070.452200001455
2995.5842999988818
3003.114600000117
3039.62490000049
3021.3130000011006
3096.7738999970607
3088.18379999866
3027.1503000003577
3039.922799998749
3104.4930999996723
3014.8767000027874
3046.329100001458
3047.6866999997583
3124.164300003031
3004.5682999989367
3023.8205999994534
3090.4559000009613
3065.7406999998784
3053.799599998456
3038.8855999990483
3043.8637000006565
3311.918399998831
3156.950599997799
3183.773900000233
3071.8213000000105
3022.35660000224
3019.982699999673
3038.538200002222
3015.9810000004654
3053.5000000018044
3110.6409999993048
3013.180800000555
3070.08660000065
3082.373600002029
3028.0674999994517
3044.3888999980118
2988.0177000013646
2997.5727000019106
3039.01820000101
3067.9290000007313
3036.2913999997545
3070.624100000714
3028.8866000009875
2993.2422999991104
3068.1887999999162
3082.174800001667
3023.046099999192
3015.371099998447
3005.784599998151
3035.0270999988425
3063.326600000437
3061.95630000002
3005.4514999974344
3007.3427999996056
3002.696699997614
3004.5616999996128
3029.874600000767
3194.9421999997867
3064.7826999993413
3004.8415000019304
3085.773999999219
3047.956399997929
3000.9702000024845
3023.164899997937
3087.1765000010782
3006.4363999990746
3006.7982000000484
3017.606400000659
3038.396800002374
3166.0752999996475
3085.0725999989663
3006.70419999733
3084.990999999718
3069.410299998708
3011.3877999974648
3058.513400002994
3103.7495999989915
3036.9983999989927
3002.316800000699
3006.047300001228
3017.124900001363
3010.120499999175
3031.585600001563
3025.1026000005368
3017.2171000012895
3006.183699999383
3012.635199997021
3086.7465999981505
3026.3760999987426
3114.625400001387
3019.720700001926
3053.243199999997
3014.7080999995524
3095.0063000018417
3222.7749999983644
3169.371500000125
3145.861299999524
3082.558300000528
3042.9040000017267
3012.6325999990513
3030.1360999983444
3011.759199998778
3016.407800001616
3054.583299999649
3052.932200000214
3057.8991000002134
3195.609999998851
3057.9913000001397
3029.680700001336
3056.993500002136
3059.725899998739
3099.2253000003984
3064.9893999980122
3023.931100000482
3042.5232000015967
2991.344099998969
3023.877399999037
3009.5231000013882
3032.00569999899
2995.308900000964
2998.501499998383
2997.5090000007185
3025.995600000897
3010.443600000144
3004.9173000006704
3037.0734999996785
3037.7599999992526
3012.0783999991545
3086.558999999397
3043.3679000016127
3096.4012000004004
3113.3489000021655
3022.3225000008824
3134.225800000422
3071.5218000004825
3034.1870999982348
3083.091799999238
3080.3513000028033
3073.587700000644
3077.2137000021758
3045.360600001004
3253.9619999988645
3081.280800000968
3013.1531999977597
3079.894200000126
3031.475200001296
3071.638099998381
3181.6896999989694
3103.867399997398
3056.34320000172
3016.9408000001567
3042.3186000007263
3061.8720000020403
3029.3977000001178
3149.379400001635
3061.2111000009463
3035.705499998585
3055.971600002522
3005.34140000309
3073.4542999998666
3105.0217999982124
3050.3786000008404
3118.1236000011268
3013.6342000005243
3101.1168000004545
3057.1030999999493
3154.6985000022687
3081.6615000003367
3092.7348000004713
3106.354299998202
3066.0068999968644
3013.1417000011425
3091.6302999976324
3049.280399998679
3072.757099998853
3080.115599997953
3100.160900001356
3118.246199999703
3071.1714000026404
3025.2509000019927
3014.77629999863
3048.9869999983057
3015.110899999854
3045.8829999988666
3210.284699998738
3059.2655000000377
3086.8428999965545
3021.614999997837
3071.7101999980514
3084.5223999967857
3072.8866000026756
3084.230899999966
3032.7121000009356
3028.4264000001713
3035.2712999992946
3092.3245000012685
3068.107200000668
3025.027899999259
3030.2881999996316
3020.1520000009623
3092.0642999990378
3107.515300001978
3113.505299999815
3039.283499998419
3030.312500002765
3073.097200001939
3017.2450999998546
3067.7937000000384
3157.576400000835
3079.5092999978806
3054.115799997817
3036.7507000009937
3054.8325999989174
3040.2026000010665
3078.2398999981524
3184.612900000502
3027.1198999980697
3097.189999996772
3125.352600000042
3068.8969000002544
3076.1837999998534
3085.762499998964
3062.8942000003008
3093.7531999989005
3048.8184000023466
3057.820599999104
3047.261799998523
3126.658999997744
3069.4093000020075
3120.040699999663
3045.2608999985387
3041.81890000109
3062.5177000001713
3152.29890000046
3033.1115999979374
3075.1683999988018
3024.257699998998
3067.0313999980863
3016.8775000020105
3096.1350999969
3103.821999997308
3049.7840000025462
3075.2534000021114
3107.967500000086
3365.780200001609
3339.176599998609
3285.6823000001896
3313.127599998552
3067.6942999998573
3086.973900000885
3140.8780999990995
3095.623799999885
3023.473600002035
3070.9903000024497
3023.588000000018
3025.4853000005824
3057.3774999975285
3056.4077999988513
3090.5259999999544
3140.7184999989113
3066.0107000003336
3032.4032999997144
3014.050000001589
3109.7848000026715
3026.4392999997654
3065.9152999978687
3110.690400000749
3009.3658000005234
3014.4206000004488
3096.4301000021806
3028.7290000014764
3062.705200001801
3010.3937999992922
3009.7596000014164
3017.5129999988712
3046.7011999971874
3006.926199999725
3014.759599998797
3017.7840999967884
3012.3902000013913
3030.608300003223
3061.518200000137
3188.5733000017353
3015.6476000011025
3006.3671999996586
3069.0902000023925
3005.0651999990805
3141.060199999629
3045.5784000005224
3020.950599999196
3229.4905000017025
3034.998999999516
3090.8181999984663
3069.672800000262
3071.7437000021164
3040.9512000005634
3034.931999998662
3013.299199999892
3048.0890999970143
3078.999199999089
3043.10329999862
3098.5849000026064
3037.4597999980324
3099.5150999988255
3084.070000000793
3107.602500000212
3007.4797999986913
3007.096900000761
3018.810099998518
3000.9848000008787
3006.330500000331
3046.3846000020567
3042.05759999968
3089.548100000684
3079.303300000902
3057.6155000017025
3113.638800001354
3094.9782999996387
3014.881699997204
3012.8509999995003
3022.574099999474
3018.353899999056
3050.3248999993957
3136.0507999997935
3099.336100000073
3060.0774999984424
3068.891099999746
3036.9955999995
2997.798500000499
3068.462499999441
3060.010900000634
2999.6199999986857
2994.658299998264
3059.618999999657
2990.891699999338
3045.1658999991196
3012.6571000000695
3033.1330000008165
3058.5953000008885
3065.751800000726
3020.8430999991833
3257.6636000012513
3108.3381999997073
3049.827800001367
3035.8894000019063
3019.2949999982375
3068.3671999977378
3042.6583000007668
3096.651899999415
3030.784800001129
3029.7812999997404
3035.2056000010634
3145.7601000001887
3018.256700001075
3044.053499997972
3171.7484000000695
3044.655599998805
3101.9914999997127
3058.7224000009883
3102.3260000001756
3085.86540000033
3010.1840999996057
3064.3727999995463
3015.96189999691
3016.8310000008205
3153.6847000024864
3053.3528000014485
3041.491199997836
3057.408199998463
3037.8720999979123
3009.884700000839
3097.1150000004855
3116.10920000021
3090.602400003263
3029.461399997672
3073.253200000181
3089.4272000005003
3049.385099999199
3017.9635000022245
3065.2383000015107
3092.411400000856
3160.207500000979
3113.5084999987157
3075.4210999984934
3227.306700002373
3266.8622999990475
3142.323199997918
3119.593799998256
3217.733900000894
3017.667700001766
3049.9254999995173
3075.8647000002384
3015.7091000000946
3027.7270000005956
3038.9169000009133
3013.9153999989503
3028.246999998373
3013.4158999971987
3023.387900000671
3060.8836999999767
3065.4800000011164
3051.5679999989516
3021.259099998133
3022.4675999998
3045.569100002467
3029.398599999695
3007.972100000188
2997.920800000429
3054.5072999993863
3020.036699999764
3038.154300000315
3002.0508999987214
3002.7683999978763
3037.4047000004794
3032.2500000002037
3016.3828000004287
3076.605700000073
3003.4285000001546
3042.5734000018565
3028.5933000013756
3036.8832999993174
3025.420000001759
3050.501300000178
3029.149800000596
3026.856399999815
3053.017300000647
3112.268500000937
3007.55140000183
3017.684000002191
3080.72870000251
2992.7283999968495
3067.674199999601
3061.247999998159
3090.1407999990624
3042.9522000013094
3052.360800000315
3064.3364999996265
3052.5124999985565
3121.689299998252
3020.5253999993147
3060.2194000020972
3028.8172000000486
3053.0486999996356
3046.881199999916
3026.1317000004055
3095.2644999997574
3051.29769999985
2981.638599998405
2993.4448000021803
3030.1349999972444
3040.1688999991165
3017.827400002716
2985.018499999569
3043.0574999991222
3077.819099999033
3104.4359000006807
3109.565599999769
3237.6498999983596
3183.698099997855
3125.3608999977587
3136.9192999991355
3148.18159999777
3277.8766000010364
3075.718300002336
3105.4497999975865
3103.642599999148
3087.02749999793
3110.697000000073
3074.216000000888
3079.4475999973656
2991.3285999973596
3065.23770000058
3003.7421000015456
3112.224000000424
3038.866599999892
3074.9785999978485
3010.1071999997657
3111.2308999981906
3048.4696999992593
3102.0395000014105
3053.7297999981092
3062.359200001083
3012.554299999465
3041.412999999011
3009.679999999207
3029.847099998733
3076.7726999984006
3073.445300000458
3017.4912000002223
3015.765399999509
3107.4875999984215
2998.6277999996673
2993.623499998648
3035.3173000003153
2995.4613000008976
3094.426300001942
3187.6799000019673
3049.4169000012334
3061.658200000238
3016.517500000191
3009.9241999996593
3019.6109999997134
3020.0621000003594
3102.1125000006577
3035.1994000011473
3122.0007999982045
3046.19509999975
3082.5427000017953
3079.702399998496
3069.6750999995857
3081.0865000021295
3085.023999999976
3170.748399999866
3055.0836000002164
3134.144199997536
3044.571900001756
2996.2507000018377
3049.0528000009363
3081.40640000056
3015.840500000195
3020.837999996729
3096.1450999966473
3021.001500001148
3016.4480000021285
3033.998499999143
3060.148399999889
3064.8574000006192
3092.0901999998023
3067.5814999995055
3037.4479000020074
3063.9778999975533
3008.1397000030847
3041.0241999998107
3180.2792999988014
3021.2701999989804
3037.42179999972
3081.848699999682
3003.3492000002298
3011.58310000028
3023.034199999529
3153.8691999994626
3064.3787999979395
3075.9314999995695
3069.833799996559
3045.2920000025188
3053.812000001926
3109.785600001487
3072.9733999978635
3020.082299997739
3100.0373999995645
3015.245500002493
3036.08019999956
3009.834399999818
3156.4887999993516
3042.066199999681
2999.207499997283
3036.869999999908
3028.2575999990513
3032.6795000000857
3118.957999999111
3101.8855000002077
3062.53260000085
3006.406700002117
3040.2350000003935
3017.0847000008507
3022.0125000014377
3010.1223000019672
3012.759500001266
3103.944700000284
3011.195300001418
3079.8617000000377
3039.4529000004695
3015.3052999994543
3091.80650000053
3025.9709999991173
2992.320200002723
3034.453800002666
3025.4696999982116
3226.4246999984607
3154.212599998573
3145.748299997649
3049.5078999992984
3068.8876999993226
3040.346400000999
3019.8621999988973
3054.140999996889
3117.342600002303
3002.214500000264
3015.2668000009726
3047.3692000014125
3022.1586000006937
3102.1725999999035
3012.4122999986866
3010.6679999989865
3063.3563000010327
3062.00059999901
3043.737700001657
3047.8469999980007
3001.9062999999733
3002.866199996788
3018.8296000014816
3058.4342000001925
3051.0380000014266
3081.7148000023735
3080.017999996926
3030.103999997664
3006.953700001759
3056.2733999977354
3027.13489999951
3041.9839000023785
3067.8186000004644
3031.6395000008924
3045.830600000045
3015.246399998432
3068.548800001736
3052.4895999988075
3013.6729999976524
3016.748900001403
3036.228299999493
3002.518400000554
3083.789099997375
3055.5716999988363
3019.7774000007485
3005.34830000106
3223.1606999994256
3017.004299999826
3057.7772999968147
3051.5920000034384
3049.843200002215
3055.9052000025986
3082.958300001337
3088.239099997736
3086.86790000138
3052.483999999822
3111.3506000001507
3012.4047999997856
3061.2705999992613
3039.080599999579
3035.780499998509
3123.9357000013115
3043.4640999992553
3060.474100002466
3048.1541999979527
3069.212999998854
3115.3768999975
3025.4109000015887
3051.5220999986923
3022.971599999437
2995.3094000011333
3073.847100000421
3055.1505999974324
2992.0853000003262
3023.188900002424
3031.382900000608
2985.574099999212
3002.926400000433
3078.407699998934
3024.565800002165
3002.7859000001627
2997.919400000683
2993.6873000006017
3021.1629000004905
3118.125200002396
3179.4021999994584
3059.991299996909
3052.1894999983488
3118.2444999976724
3010.556999997789
3034.1048000009323
3028.594699997484
3063.5059000014735
3028.3041000002413
3085.2908000015304
3012.6246999971045
3078.750199998467
2978.716200002964
3024.113999999827
3013.7686999987636
3006.2075999994704
3025.2399999990303
3097.3812000011094
3003.712699999596
3008.2774000002246
3170.8332000016526
2997.149900002114
3047.0122000006086
3039.6581000022707
3008.486399998219
3006.0163000016473
3060.4779000022972
3097.953399999824
3039.781999999832
3052.6675999972213
3049.3927000024996
3036.361999998917
3055.820199999289
2996.910300000309
3139.8324000001594
3075.682800001232
3128.95700000081
3025.3315000009025
3182.4525999982143
3066.0343000017747
3000.1746999987517
3032.9751999997825
3010.3444999986095
3018.7068000013824
3011.9658000003255
3056.4311999987694
3078.3085000002757
3144.982900001196
3017.227099997399
3181.180999999924
3004.3034000009357
2998.8900999996986
3107.79470000125
3061.1662000010256
3081.3959000006435
2998.551699998643
3034.9714000003587
3044.50160000124
3020.271199999115
3086.302700001397
2995.4744999995455
2993.9641000019037
3031.3335999999254
3284.9008000011963
3147.3207999988517
3139.4885999980033
3004.6112000018184
3013.8482000002114
3055.060200000298
3008.350399999472
3067.346899999393
3095.8520000021963
3058.0680999992182
3095.396400000027
3050.1141999993706
3022.788300000684
3005.725099999836
3118.417600002431
3149.0617000017664
3052.045199998247
3091.04600000137
3095.444700000371
3034.5492999986163
3051.117399998475
3006.955699998798
3081.395799999882
3059.0527999993355
3056.9433999989997
3012.314999999944
3032.2540999986813
3025.0828999996884
3068.613899999036
3041.4912000014738
3026.7788999990444
3131.1485999976867
3105.858299997635
3156.08710000015
3007.109300000593
3034.610700000485
3068.716500001756
3031.583600000886
3136.2559999979567
3095.3846000011254
3035.8180000002903
3118.754600000102
3041.07340000337
3057.024100002309
3056.8789999997534
3083.106999998563
3000.9692999992694
3002.20569999874
2998.9161000012245
3083.790599997883
3158.6664999995264
3088.2234999990033
3020.578100000421
3002.211700000771
3010.4739000016707
3045.7601999987673
2996.52050000077
3031.712299998617
3053.68129999988
3038.0163000008906
3005.508300000656
3057.7473000012105
3036.902399999235
3045.2521000006527
3016.939299999649
3006.6305000000284
3046.3104999980715
3027.2282999976596
3015.3458999993745
3030.6211999995867
3000.748400001612
3024.5451999981015
2992.5913000006403
3062.9058000013174
3211.367500000051
3064.550800001598
3035.9523000006448
3030.505099999573
3020.126799998252
3010.0227000002633
3036.1967000026198
3063.9633999999205
3031.0709000004863
3029.8858000023756
3055.286499999056
3077.163500001916
3003.248299999541
3142.283500001213
3034.842799999751
3075.8827999998175
3084.4073000007484
3018.582900000183
3019.4080999972357
3033.434799999668
2994.9330000017653
3012.740499998472
3001.1530999981915
3010.181500001636
3009.3100000012782
3043.992099999741
3018.8216999995348
3035.227999997005
3000.522100002854
3067.6511999990907
3052.544599999237
3033.773099999962
3000.002899996616
3061.7788000017754
3055.8538000004773
3018.1232999966596
3028.721900001983
3306.284999998752
3151.7917000019224
3116.127100001904
3038.1641000021773
3131.340399999317
3029.641299999639
3036.0206000004837
3007.0101999990584
3040.3925999999046
3033.58930000104
3022.479800001747
3152.2193000018888
3129.1810000002442
3091.352100000222
3086.6108000009262
3154.768200001854
3003.6398000011104
2997.373999998672
3109.842400001071
3002.5496000016574
3018.210000002
3015.015000000858
3011.376399997971
3029.7608000000764
3154.1455000005953
3004.947400000674
3032.141400002729
3010.159700002987
3060.7191000017338
3029.2128000000957
3062.2240000011516
3002.2148999996716
3017.480999998952
2986.179899999115
3030.0427000001946
3061.527300000307
3159.91700000086
3042.236799999955
3051.6497999997227
3003.723399997398
3200.076599998283
3026.988599998731
3070.129600000655
3070.361199999752
3026.097400001163
3053.8307999995595
3110.5750999995507
3020.6399999988207
3054.468199999974
3086.2976999997045
3031.0186999995494
3056.2716999993427
3043.865600000572
3060.349100000167
3051.9795999971393
3082.2779000009177
3102.470699999685
3259.3551999998454
3265.5225999988033
3126.225699998031
3092.370200000005
3165.064499997243
3011.602899998252
3012.283899999602
3020.37140000175
3049.9537000032433
3053.7061000031827
3065.3684999997495
3075.4998000011255
3017.2077999995963
3001.8013999979303
3006.19050000023
3040.4850999984774
3020.6375000016124
3057.03849999918
3036.761100000149
3029.846400000679
3041.913300003216
3037.1332000031543
3082.9226999994717
3037.306999998691
3013.53719999679
3041.0879000010027
3305.1737999994657
3163.6340000004566
3206.951799998933
3086.5075000001525
3070.612900002743
3067.0166999989306
3104.2242999974405
3096.7997000007017
3099.2310000001453
3024.5978999992076
3063.9956000013626
3069.1130999985035
3053.174000000581
3096.141500001977
3047.6250000028813
3057.1479000027466
2999.81359999947
3063.9689000017825
3029.5928999985335
2999.1711000002397
3071.506100000988
3055.9846999967704
3004.9380999989808
3007.0130999993125
3070.952500002022
3017.5190000009025
3101.9037000005483
3023.600600001373
3009.7334000020055
3013.4322000012617
3006.3822000010987
3011.474200000521
3028.4109999993234
3016.4183000015328
3029.4393000003765
3049.740299997211
2995.11960000018
3003.5083000002487
3039.512700001069
3001.6156999990926
3013.445100001263
3058.3201000008557
3010.438900000736
3008.8264999976673
3094.15860000081
3056.8327000000863
3129.1935999979614
3061.1419000015303
3024.3478000011237
3014.94140000068
3075.1546999999846
3186.197099999845
3199.7211999987485
3033.224800001335
3064.9993999977596
3053.3121999978903
3040.584900001704
3071.897000001627
3061.262399998668
3061.1467999988236
3035.3702000029443
3018.8398999998753
3031.9624000003387
3124.4863000029
3052.7901999994356
3051.4083999987633
3046.713499999896
3007.190399999672
3038.4378999988257
3029.4966000001295
2998.4614000022702
3005.0967000024684
3040.4356000035477
3044.0281000010145
3028.077299997676
3045.094599998265
3009.311899997556
3059.4553999981144
3056.0743999994884
3180.1647000029334
3054.3646999976772
3086.9440999995277
3063.2278000011866
3076.7990999993344
3003.711499997735
3010.1588999968953
3061.7325000021083
3037.4870999985433
3013.9677000006486
3080.757199997606
3053.5770999995293
3024.428100001387
3034.856700000091
3195.7199000025867
3270.7005999982357
3292.100099999516
3249.8283999993873
3174.4796999992104
3033.75810000216
3133.606100000179
3023.3353000003262
3038.667600001645
3102.5050999996893
3145.8036999974865
3034.8749999975553
3327.456399998482
3458.6560999996436
3263.900999998441
3061.272999999346
3091.0848999992595
3068.737699999474
3114.392499999667
3077.3905999994895
3087.0317999979306
3043.9492000004975
3083.0143999992288
3079.392999999982
3094.3203999995603
3032.833199999004
3032.8731999979937
2990.5548999995517
3056.140900000173
3046.522199998435
3162.72790000221
3087.2151000003214
3007.494099998439
3053.987999999663
3016.111799999635
2995.080400000006
3043.9900000019406
3067.9984000016702
3028.8347999994585
3041.8561000005866
3093.334400000458
3032.17450000011
3071.484000000055
3016.7280999994546
3162.4246000028506
3142.3495999988518
3098.0559999989055
3055.1650000015798
3066.524899997603
3147.2919000007096
3043.4887999981584
3040.015599999606
3070.9523000004992
3021.002999998018
3042.381999999634
3049.3949000010616
3041.593899997679
3055.6415999999444
3090.031799998542
3115.9867999995186
3084.6842999999353
3297.288900001149
3198.3231999984127
3203.1064000002516
3051.61919999955
3015.543199999229
3074.6013000025414
3033.763400002499
3028.506599999673
3115.156500000012
3110.3650000004563
3031.867100002273
3096.0126999998465
3012.536700000055
3100.451799997245
3038.308999999572
3046.6444000012416
3022.949999998673
3033.44979999747
3098.5924000015075
3089.6323999986635
3039.164099998743
3038.782600000559
3037.48330000235
3062.5618000012764
3082.3985999995784
2999.2931000015233
3046.6777000001457
3023.5886000009486
3012.752599999658
3070.776399999886
3008.4865000026184
3011.102000000392
3041.0613999993075
3026.3173000021197
2998.2954999977665
3160.9176999991178
3141.0217999982706
3528.8206999975955
3435.71030000021
3229.838399998698
3128.192799998942
3147.589700001845
3175.0760000031732
3151.6451999996207
3191.7047999995702
3169.917199997144
3122.983599998406
3222.221100000752
3153.7061000017275
3201.0560000016994
3143.092300000717
3133.7096999995993
3160.4989000006753
3213.0097999979625
3135.893800001213
3156.932699999743
3133.0541000024823
3141.5292999990925
3172.773899997992
3242.2393999986525
3137.0186999993166
3204.5355000009295
3148.3473000007507
3187.936600003013
3144.1205000010086
3166.71739999947
3227.4814000011247
3182.792600000539
3140.0205999998434
3119.5030999988376
3105.44949999894
3106.487900000502
3115.237799996976
3170.301300000574
3112.5219999994442
3162.3977000017476
3351.971299998695
3087.759300000471
3071.521700003359
3036.7317000018375
3026.5001000007032
2986.6825999997673
3094.3383000012545
2989.8888999996416
3011.1842999976943
3010.80610000281
3020.8965000019816
3012.4142999993637
2975.6847999997262
2982.4761999989278
3010.3668000010657
2980.954299997393
2995.5540999981167
2994.299599999067
2978.2368000014685
3025.60799999992
3027.1321999971406
3065.95969999762
2994.627699998091
2985.1185999978043
3013.358199998038
2994.4353999999294
2994.9631999988924
2991.7133999988437
2999.02640000073
2995.994299999438
2992.341500001203
2988.407199998619
3058.6751000009826
2988.270300000295
2965.6453000025067
2979.29799999838
2998.5882000000856
2988.6083000019426
3010.625399998389
3000.1592000007804
3028.442200000427
2979.3515000019397
2969.6946000003663
3056.3996999990195
3125.4986000021745
2982.1455999990576
3111.180300002161
2993.0535000021337
2994.6636999993643
2996.5960000008636
3107.516999996733
3044.8759000028076
3064.3869000014092
3012.384599998768
3033.21219999998
3075.4828000026464
3032.282500000292
3001.4666999995825
2980.27010000078
3000.2157999988412
3074.8327000001154
2982.0417999981146
3022.4683999986155
2974.6579000020574
3019.668699998874
2991.0397000021476
2969.2074000013235
2997.1140999987256
3011.81010000073
2995.5111000017496
2960.1641000008385
3036.539199998515
3001.041899999109
3066.4340000002994
3034.4088999991072
3011.634200000117
2985.3629999997793
2965.79009999914
2978.6581999978807
2990.5059000011533
3063.828399997874
3024.2556000011973
2960.3518000003533
3123.524200000247
2993.4855999999854
3142.7772999995796
3029.915399998572
3011.4295999992464
3028.6429000007047
3125.652299997455
3105.8247000000847
3104.66379999707
3080.340600001364
3060.7027000005473
3073.0657999993127
3072.174900000391
3096.87870000198
3186.359100000118
3067.0004000021436
3041.6989000004833
3033.6088000003656
3060.697799999616
2987.802900002862
3024.2321000005177
3018.029499999102
2983.4038999979384
2979.713599997922
3065.144099997269
3004.7282999985327
2991.2628999991284
3032.6577000014368
3014.107900002273
2983.1669999985024
2982.198400000925
3040.533899998991
3024.899899999582
3032.930800000031
2996.265499998117
3039.4575000027544
3126.457599999412
3032.5247000000672
3007.2360999984085
2998.0952000005345
3069.5587000009255
2989.6995999988576
2966.6069999984757
2979.4071000033
2983.340300001146
2978.1389000017953
3035.227100001066
2959.4020000004093
3053.3876000008604
2974.0843000035966
2972.4548000012874
2972.283700000844
3111.0773000000336
3011.8177000003925
3057.6025000009395
2978.2850999981747
3060.4843000000983
3063.206499999069
3080.8195999998134
3110.7355000021926
3016.409300002124
2993.889500001387
3040.191700001742
2963.9748000008694
3002.2210999995878
3012.5711000000592
2988.534600001003
2983.3561000014015
2987.234800002625
3022.2032999990915
2985.0357999966945
2977.567000001727
2983.9016999976593
3019.500700000208
2967.775499997515
2977.7439999998023
3001.3404000019364
2999.504200000956
2985.844700000598
2971.873399998003
2998.3425000027637
2989.2448999999033
3001.5458000016224
3031.286800000089
3069.1357999967295
2996.5477000005194
2988.155099999858
2978.4209999997984
3017.4041999998735
2996.3492000024416
2992.47269999978
3130.6655000007595
3021.5912999992725
3039.5099999986996
3055.2289000006567
3067.4246000016865
3028.751599998941
2998.6772000011115
3046.2979000003543
3071.8001000022923
3083.190999997896
3022.675000000163
3042.9715999998734
2978.600700000243
3038.679299999785
3107.5002999969
3089.597300000605
3070.333399999072
3026.617100000294
2976.0462999984156
2993.830200000957
2993.3926000012434
3008.4634000013466
2992.5071000034222
2987.1574999997392
2989.8490000014135
3116.76389999775
3005.8404999981576
3008.8861000003817
3063.9000999981363
3048.695999998017
3059.612200002448
2978.7208999987342
2988.8463000024785
3020.5801999982214
3027.292099999613
2994.7838000007323
2969.2017999987
3047.0287000025564
3033.843099998194
3009.5727000007173
3052.7665999979945
2984.541800000443
2976.8702000001213
2979.8542999997153
2960.961699998734
3004.820500002097
3000.0924999985727
3006.6881999991892
2986.01570000028
2986.811900002067
2993.4961999970255
3015.535700000328
3059.629800001858
3002.2371000013663
2994.539800001803
2988.044000001537
3049.365200000466
3107.7516000004834
3053.4613999989233
3007.125600001018
3008.92560000284
3063.328600001114
3154.962399999931
3125.2370000001974
2999.7504000020854
2989.023399997677
2985.716899998806
2990.4137999983504
2989.220200001
3092.1626999988803
3002.7416000011726
2985.4419000002963
2989.5754999997735
2995.335600000544
2982.1728999995685
3027.184800001123
2974.524900000688
2986.45359999864
2979.551700002048
3009.4346000005316
3175.6431000030716
3242.6532999998017
3072.5024999992456
3012.123300002713
3073.680900000909
3005.587999999989
2989.830400001665
3012.8948999990826
2994.4628000012017
2980.2530000015395
3047.114299999521
2995.0847000000067
2981.8811000004644
3013.9349999990372
2999.855199999729
3077.628499999264
3018.6441999976523
2984.1118000003917
3073.210200000176
2956.110600000102
3123.434000000998
2987.155700000585
2976.037600001291
2973.48939999938
3044.7682999983954
2990.000099998724
3022.3408000019845
2972.7844999979425
3034.1603999986546
2985.344199998508
3044.3489999997837
2987.8246000007493
2990.6908000011754
3020.241800000804
3053.004499997769
2974.3139000020165
3001.957799999218
2970.814199998131
3008.140900001308
2965.9265000009327
2958.1717000000936
2975.1880999974674
2959.89869999903
2990.41059999945
3032.6332000004186
2976.3702000018384
2973.7067999994906
2983.3999999973457
2974.804800000129
3012.6419000007445
3035.44089999923
2982.0199999994657
2978.156199998921
3048.5939999998664
3027.599099998042
2995.7694000004267
3003.822200000286
2984.060700000555
2967.306499998813
2996.6605000008713
3025.50699999847
3056.180100000347
2997.160499999154
2965.0614999991376
3097.2232000021904
2980.831599998055
2989.9466000024404
2967.967199998384
3045.536699999502
3011.1041000018304
3019.165500001691
2990.337499999441
2965.5815999976767
3059.0961999987485
3024.555700001656
2958.605499999976
2965.10059999855
2955.2527999985614
2965.0849999998172
2957.4223999989044
3004.7759000008227
2987.5162999996974
2967.4946000013733
2967.132199999469
2972.6737000019057
2993.9869999980147
3081.7758000011963
2979.4500000025437
2984.4559999983176
3072.4410000002536
2972.5736000000325
3069.72339999993
3049.2368999985047
2986.774200002401
2993.5629999999946
2979.6021999973163
2995.2166999973997
3024.69629999905
2999.7564000004786
2989.055300000473
2976.3902999984566
3001.8700000000536
3038.436900002125
3052.138000002742
3043.3001999990665
2970.3682999970624
2944.8730000003707
2958.1099999995786
2968.4783999982756
2986.9374000008975
3004.9605000021984
3001.6777999990154
2957.9612000015914
2969.7492999985116
3011.1455000005662
2974.20559999955
3023.594800000865
2982.574999998178
2982.6699000004737
2973.7227000005078
3030.184700000973
3046.513400000549
3012.479600001825
3024.943300002633
2991.0448000009637
2981.779199999437
2985.1912000012817
2978.8906000030693
3008.157199998095
2992.6360999997996
3021.8338999984553
3047.9629000001296
3032.6931000017794
2986.8370999975014
3122.1771000018634
3046.777999999904
3119.768100001238
3036.115200000495
2963.4812000003876
2992.222799999581
2973.6752999997407
3021.7803999985335
2974.8350999980175
2975.643300000229
2969.268300003023
2971.8475000008766
3012.5520000001416
3012.947000002896
2969.6982000023127
3007.8293000005942
2970.5697999997938
2958.8160999992397
2976.849400001811
3018.407700001262
2988.3861000016623
2973.621199998888
2977.1978999997373
2980.867300000682
2971.694200001366
2981.1061000000336
3044.465900002251
2982.4047000001883
2972.4357000013697
2973.6061000003247
2991.0898999987694
3008.8648999990255
2982.97740000271
2963.0176999999094
2973.7195000016072
2968.8349999996717
2962.260900003457
3001.5070000008564
2993.6937000020407
3039.24779999943
2994.6158999991894
2977.743499999633
2989.565700001549
3075.9201000000758
2978.728300000512
3029.5870000009018
3079.7499000000244
3113.8105999998515
3012.348699998256
3040.4280000002473
3032.145399996807
3040.1048000021547
2974.08550000182
3040.8088000003772
3144.499000001815
2995.9154999996827
2969.140099998185
2960.424900000362
3021.030599997175
3066.8823000014527
3089.984500002174
2998.67489999815
2979.2583999987983
2974.397300000419
2984.6235000004526
3000.0847000010253
2983.070400001452
3059.0263000012783
3036.2838999972155
3007.5127000018256
3031.0513000003994
2982.3637000008603
2985.6062999970163
3152.504499998031
3041.736299997865
2983.422999997856
2989.751299999625
3076.5253999998095
3043.8203000012436
3115.7719000002544
3004.484400000365
2970.905700000003
2971.2818000007246
3032.851899999514
3009.8170999990543
2998.08099999791
3015.8156999968924
2977.8599000019312
2984.0741000007256
2999.0940999996383
2966.896400001133
3000.480400001834
2972.645299996657
3015.5143000010867
3056.315399997402
2977.77700000006
3005.7903999986593
2997.470999998768
2955.7079000005615
3030.0476999982493
2978.7419000022055
2971.7132999976457
3026.190399999905
3039.3401000001177
2994.882499999221
2976.0061999986647
2974.735400002828
2973.865600000863
2973.1571999982407
3113.3695999997144
3031.1370999988867
3046.031800000492
2979.3009999993956
3009.2097999986436
2979.2985999993107
3016.3511999999173
2974.344900001597
2980.5885999994643
2987.23130000144
2999.21390000236
2989.557300003071
2998.7684000006993
2979.5014999981504
2987.893900000927
2979.541999997309
2968.387699998857
2983.310999999958
3079.1704000002937
3026.5948999985994
2976.105699999607
2980.9082000028866
2988.3530999977665
3002.9584000003524
3038.5008999983256
2983.1268999987515
2968.7646000020322
2960.2779999986524
2957.042599999113
2977.459400000953
3017.1800999996776
3047.3722999995516
2977.631300000212
2986.910600000556
3020.5273999999918
2988.7970999989193
2980.938499997137
3029.4075999991037
2992.47860000105
3013.74339999893
2978.928200001974
2978.727199999412
2976.255999998102
2988.2751000004646
2971.103799998673
3053.6247000018193
2978.5855999980413
2978.6206999997376
2963.750099999743
2986.9478000000527
2975.8901999994123
2974.878400000307
2967.303499997797
2973.9250000020547
2984.846399998787
2978.388100000302
2973.1694999973115
3022.7113000000827
2985.323299999436
3025.8917000028305
3012.8274000016972
2990.1571000009426
2964.1609999998764
2971.0847999995167
2955.303400001867
2974.776400002156
2982.5429000011354
2997.168599998986
2973.8281999998435
2982.3021000011067
2966.334299999289
2955.9283000016876
2960.0901000012527
2979.183199997351
2963.8272000011057
2957.8350000010687
2984.384300001693
2999.4611000001896
3021.41230000052
2993.1280000018887
3074.428399999306
2980.5845000009867
2990.7700000003388
2977.9049000026134
3039.1199000005145
3004.203200001939
2982.3681999987457
2967.6811000026646
2976.2561000025016
2986.1882999975933
2976.447000000917
3061.9013999967137
2972.087999998621
2975.699099999474
2986.6718999983277
2978.3781000005547
2975.4751000000397
3034.955600000103
2997.5573000010627
3026.6398999992816
2988.7339000015345
3008.6404999965453
3025.226300000213
3054.3102999981784
2997.11440000101
3176.5783000009833
3079.132099999697
3055.143000001408
3051.908599998569
3121.428800001013
3096.2188000012247
3190.5397000009543
2972.351100001106
2978.0975000030594
2972.311000001355
3046.6966000021785
3053.169800001342
2992.603599999711
2988.7761999998474
3001.967299998796
2969.133700000384
3100.24219999832
3050.7909999978438
2985.0779000007606
3033.921800000826
2965.4673999975785
2979.915899999469
2990.4427000001306
2957.4898999999277
3013.626899999508
2963.589299997693
2976.245199999539
2981.09580000164
3006.9791000023542
2983.0555000007735
2984.6539000027406
2992.787099999987
3066.054200000508
2979.7015999974974
3005.326700000296
2976.5219000000798
2977.0855999995547
2996.6488999998546
2984.3196000001626
2990.959399998246
3010.2867999994487
2992.6500000001397
3001.1066000006394
3042.189399999188
3042.185599999357
3004.6676999991178
3040.90460000225
3015.4129000002285
2988.0204999972193
2984.8280000005616
3013.0014999995183
3014.97030000246
2993.9414000000397
3006.96489999973
2997.062599999481
2969.945499997266
2975.4594000005454
3032.6480000003357
3007.6573000005737
3034.8204000001715
3249.4305000000168
3196.5820000004896
3276.798900002177
3427.153200002067
3349.715799999103
2981.320200000482
2883.5648000022047
2875.5969000012556
2946.379600001819
2908.7589000009757
2896.236399999907
2931.742900000245
3026.188200001343
3130.288299998938
3033.7655000002997
3017.3548000020673
3136.6722999991907
2929.534099999728
2931.0241999992286
2943.329800000356
3205.567400000291
3149.468400002661
2938.02180000057
3028.6388999993505
2871.540799998911
3014.8057000005792
3044.357399998262
3030.0362999987556
3033.4144000007655
3017.8258000014466
2878.115700001217
3184.086799999932
3021.4965000013763
2880.6372999970336
3139.7628000013356
3070.619499998429
2924.3884999996226
2882.229599999846
2885.0424000011117
3083.991099996638
3045.4078999973717
2891.45070000086
3131.670699996903
3457.3591999978817
2913.683200000378
3398.5307999973884
3475.178799999412
2940.2702000006684
3410.5764999985695
3308.056999998371
2906.5115000012156
2957.196899998962
3061.980599999515
2931.3598000007914
2909.721599997283
2930.103999999119
3389.964500001952
2984.849500000564
3134.04459999947
3254.074899999978
2893.7556999990193
2889.73889999761
3126.3103999990562
3122.60360000073
3110.250099998666
3278.7365000003774
3154.0821000016876
3295.396699999401
3326.106799999252
3438.322199999675
3332.3710999975447
3477.611700000125
3382.447599997249
3154.5174999992014
2971.6410000000906
3193.0296999998973
2920.524099998147
2918.077099999209
3204.3219999977737
3375.0656000011077
3014.7323999990476
3016.0336999979336
3094.5549000025494
3070.4361999996763
2988.7855000015406
2951.8831000023056
3071.812200003478
3124.728099999629
2871.5924999996787
2984.4986999996763
3083.601099999214
3053.373000002466
2888.165799999115
2980.8011000022816
2900.067599999602
2964.3423999987135
2965.6165999986115
2878.4544999980426
2872.995300000184
2870.6573999988905
3009.769000000233
2990.5199999993783
3199.931300001481
3207.5675999985833
2946.0333999995783
2946.842800000013
3159.513499998866
3118.0729000006977
3088.4452999998757
3042.001900001196
2973.6240999991423
3018.767100002151
2966.4749999974447
3026.455500003067
2994.404199998826
3072.87880000149
3019.4316000015533
3033.2176000010804
2909.1107999993255
2999.7436000012385
3147.6819000017713
2993.749700002809
3041.1420999989787
2900.008299999172
2872.8426999987278
2906.2177000014344
3111.205699999118
3147.2595000013825
3135.31950000106
3048.210900000413
2975.82070000135
2868.364099998871
3171.615200000815
3036.7208999996365
3287.2467000015604
2995.268300001044
2851.4472999995633
3211.793900001794
3177.7737000011257
2929.8259999995935
3055.5554000020493
3091.3199999995413
2904.17030000026
3278.094699999201
3236.757700000453
3348.6396000007517
2915.648299996974
2848.2857000017248
2866.829599999619
2856.9972999976017
3058.565700001054
2934.1668999986723
2853.831899999932
3436.4648000009765
3391.575900001044
3236.562900001445
2930.5439999989176
3077.0534000002954
3423.8565000014205
3292.2986000012315
2983.7948999993387
3226.4883000025293
3291.8185999988054
3182.3953999992227
2889.8083999993105
2998.2917999986967
2978.0733000006876
3015.055299998494
2872.497899999871
3144.7990000015125
3283.318199999485
2976.3056999981927
2982.460800001718
2925.716100002319
2958.2480000026408
2944.6074000006774
3121.10859999666
2864.2671999987215
3347.7774999992107
3116.189599997597
3020.8652000001166
2908.789199998864
3113.1774999994377
2852.193400001852
2922.3705000003974
2981.7508999985876
3012.7694999973755
2932.0119000003615
2904.8349000004237
2879.857500000071
3416.705900002853
3029.33209999901
2958.790799999406
2959.942500001489
2842.810999998619
2969.4602999989
3115.853400002379
3072.825899998861
2882.3210000009567
2847.5113000022247
2839.9743999980274
2857.3967999982415
3029.528399998526
3082.527900001878
3134.5196000002034
2849.7342000009667
2850.170199999411
2833.5437000023376
2838.698800002021
3271.726499999204
2896.5582999990147
2850.1409999989846
3364.1454000025988
2910.8782000002975
2899.6136999994633
2860.972299997229
3423.4423999987484
3008.3907000007457
2937.7559999993537
2934.103999999934
2986.029099996813
3370.319700003165
3223.952399999689
3138.196700001572
2890.3501000022516
2882.889199998317
2851.3824000001478
2852.1072000003187
2917.436399999133
3126.5583999993396
3346.6881999993348
2936.645800000406
2917.6130999985617
2902.031599998736
2981.587300000683
2841.559299999062
2867.107099998975
2980.128600000171
2924.2582000006223
2839.8974999981874
2932.3413999991317
2852.4815999990096
2842.143199999555
3081.211799999437
2982.417400002305
2864.3500999969547
2875.5662999974447
2974.217900002259
3020.4622999990534
2944.711799998913
2840.4113999968104
2848.9967999994406
3088.6202000001504
3081.586599997536
2917.594200000167
3068.3537000004435
2959.7308000011253
3188.129399997706
3188.7988000016776
3201.4544000012393
3037.0065000024624
3060.410800000682
2934.740700002294
2925.212099999044
2955.9270000027027
3142.0020000005024
2999.6446000004653
2849.7725000015635
2852.8807000002416
2850.8818999980576
2951.957199999015
2862.302899997303
2954.2570000012347
2904.848899997887
2874.8140999996394
2980.8682999973826
3072.730700001557
3060.0710999970033
2991.9121999992058
2841.789800000697
2844.9552999991283
3151.881699999649
3142.2224000016286
2882.858099997975
3239.4172999993316
3037.592799999402
2947.301600001083
2907.6564999995753
2875.2180999981647
3182.9313000016555
3183.618499999284
2933.474600002228
3166.6057000002183
3006.5852999978233
3309.129099998245
3059.783699998661
2892.081199999666
2856.0221000007004
3240.35240000012
3406.868099998974
2900.8313000013004
3389.0797999993083
3316.9347000002745
3232.0336000011594
3284.4609999992826
3351.7300999992585
3079.4916000013473
3320.990600001096
3355.163599997468
3211.179699999775
3085.472899998422
2924.1944999994303
3144.3548999995983
3091.28469999996
2842.7532999994582
3116.681100000278
3105.636600001162
3070.4441999987466
3008.126500000799
3238.2354000001214
3094.5157000023755
2996.5664999981527
3147.9056000025594
3266.005099998438
3027.732400001696
3163.4363000011945
2968.3431000012206
2948.964999999589
2967.594600002485
2853.0425999997533
2860.5084999981045
3009.75489999837
3256.830499998614
3039.9175000020477
2931.955400003062
2844.1547000002174
2986.388100001932
2932.4945000007574
3118.448299999727
3096.6255999992427
2902.355800000805
2913.503399999172
2854.1607999977714
2922.3444999988715
2870.995799999946
2847.86620000159
2842.660199999955
2935.15959999786
2866.0751999996137
3029.534400000557
3061.071100000845
2871.592799998325
2932.7416000014637
2981.83870000139
2874.0294000017457
2912.265599999955
3350.045400002273
3489.938599999732
3411.000600000989
3361.358400001336
3196.815199997218
2913.5702999992645
2988.377900001069
3112.638099999458
2983.324700002413
3035.9626000026765
2882.26880000002
2890.2751999994507
3053.972800000338
3041.6505000030156
3238.3066000002145
3323.5896000005596
3329.128400000627
3405.9343000008084
3222.3263000014413
3267.138999999588
3034.720200001175
3306.959800000186
3474.0191000018967
3520.6696999994165
3201.683500003128
3238.1642000000284
3033.6166999986744
2986.4090000010037
3024.418199998763
2908.3850999995775
2920.67809999935
2994.3175000007614
2985.4931000008946
3174.953400000959
3369.5769000005384
3027.177899999515
2940.740199999709
2880.5770999970264
2872.7595999989717
2874.5067000018025
2998.0977999985043
2885.0867000001017
3033.4075999999186
3139.888299996528
3481.643900002382
3331.0892000008607
3367.0485000002373
3326.957699999184
3474.843599997257
3403.9199000035296
2874.6006000001216
2870.1905999987503
2927.8020999990986
3178.1081999979506
3233.1209000003582
3149.159399999917
3061.1590999978944
2868.6963000000105
2884.4573000023956
3002.241599999252
2962.311800001771
3203.9441999986593
3102.893299997959
2863.9702000000398
2862.2629000019515
2899.6573999975226
3009.4175999984145
3058.917099999235
3034.857800001191
3045.104500000889
2897.8676999977324
2964.0407000006235
3136.2483000011707
3179.3605999991996
2981.875299999956
3056.0852000016894
3052.325500000734
3181.8166000011843
2957.808399998612
2858.45049999989
2919.9296000006143
2926.6485999978613
2870.6455000028654
2856.3893000027747
2954.9977999995463
3058.4419000006164
3203.152500002034
2956.2175999999454
2866.0772000002908
2991.2091000005603
2879.456900001969
2856.6859000020486
2873.7096000004385
2951.9593000004534
2873.768099998415
3070.8269999995537
3121.515400001954
2872.9162000017823
3152.736100000766
2880.791399998998
2997.873399999662
2969.5835999991687
2956.5234999972745
3253.0388000013772
3254.974999999831
3245.6793999990623
2940.5592999974033
3157.589700000244
3165.3273000010813
3135.3042000009737
3265.09409999926
3227.2572000001674
2954.0712000016356
2857.7801999999792
3075.546599997324
2966.23929999987
2984.3041999993147
2933.9056000026176
2893.891199997597
3409.6623999976146
3205.9117999997397
3071.495699998195
2876.215100000991
2866.0243000012997
3204.0568999982497
2992.5010000006296
2908.882799998537
2883.9693000008992
3020.4531000017596
3452.5146999985736
3452.0587000006344
3289.1192999995837
2895.321600000898
3361.910399999033
2951.7893999982334
2905.210500000976
3289.0828999989026
2976.6515999981493
3280.789200001891
2992.6500000001397
2925.9152000013273
3180.803700000979
3112.23020000034
3002.3403000013786
2948.9529999991646
3080.1914000003308
3141.0923000003095
2937.4911000013526
3190.586599997914
2956.8568999966374
2939.853399999265
3010.987699999532
3081.288699999277
3219.305999999051
3091.410900000483
2878.8509000005433
2864.730799999961
2847.3572000002605
2839.4893999975466
3035.091800000373
3098.255599998083
3157.9490000003716
2930.417799998395
3024.9649999968824
3044.1356000010273
3028.7898000024143
3214.654300001712
3128.5492999995768
3137.6251000001503
3263.413799999398
2865.356000002066
3133.559400001104
2937.281999998959
2953.2364000006055
2979.3342999982997
3007.547400000476
2938.866100001178
2918.254000000161
2858.923899999354
3134.4566000007035
2948.592100001406
3114.565500000026
3286.0117999989598
3095.5890999975963
3082.9469000018435
3337.1179000023403
3195.72479999988
2887.406900001224
3221.6208999998344
2906.3549999991665
2852.1393000009994
2987.893299999996
3130.038600000262
2880.6356999994023
2909.706099999312
2899.693400002434
3066.8022999998357
3157.7596999995876
2953.895000002376
2941.835199999332
2858.2686000008835
3028.8875000005646
3100.000300000829
2960.037900000316
2937.043800000538
3094.043299999612
2875.3116999978374
2895.494000000326
3112.1395000009215
2962.9792000014277
2938.8570000010077
2992.295299998659
3122.954700000264
3171.505700000125
3151.0544999982812
2948.9281999995
2905.5995999988227
2967.4446000026364
3190.817999999126
3223.0492000016966
3146.0465000018303
2854.8651000019163
3073.8959000009345
3134.3684999992547
2892.942499998753
3050.659100001212
2898.7240999995265
3069.996300000639
3079.968699999881
2942.775999999867
2955.037400002766
2876.8267999985255
2851.8008000028203
3136.575799999264
3038.47339999993
3053.916200002277
3359.750299998268
3331.81759999934
3343.1885999998485
3131.821700000728
3188.8690999985556
3062.104600001476
2901.727299999038
2914.018399998895
2884.6694999992906
2862.9703000005975
2906.8344999977853
2939.504699999816
3004.932600000757
2862.6327000019955
2864.596999999776
3035.0499999985914
2886.0210999991978
3109.959399997024
2957.9683000010846
3220.8461000009265
3143.1489999995392
3204.3976000022667
2940.5141999995976
2962.4815999995917
3241.5862000016205
2955.0367000010738
2839.697299998079
2842.325500001607
2848.821499999758
2878.8124000020616
2983.884900000703
2842.558399999689
2832.716499997332
2924.2000999984157
3002.347399997234
3061.950999999681
2958.44439999928
2855.055399999401
3084.47840000008
2997.574100001657
2858.575900001597
2879.108000000997
2895.0747000017145
3121.8331000018225
2861.7755999985093
3013.7629000018933
3032.68350000144
2917.173099998763
3337.0737000004738
3003.3214000031876
2853.1770999979926
2973.0954000006022
2897.4086999987776
2968.6561999988044
3265.7607000001008
2850.374199999351
2857.056400000147
2940.913599999476
2922.2867999997106
2907.1406000002753
3135.180600002059
3359.9719000012556
3342.978699998639
2943.7825000022713
3009.5560000008845
3184.4412999998895
3446.5741999993043
2904.1648999991594
3091.668799999752
3354.131600000983
3194.53219999923
3354.9396000016714
2978.7521999969613
2919.7244999995746
3289.212100000441
3282.994699999108
2856.0975000000326
3245.103299999755
3447.36439999906
3148.055400000885
3090.170700001181
3149.409100002231
3162.0169000016176
3076.1051999979827
3022.5391999993008
3061.3814999996976
3248.0987000017194
3222.3813999989943
3079.5453999999154
3008.9526000010665
3087.9822000024433
2837.2344999988854
2844.5621999999275
2877.4087999991025
2854.6075000012934
2842.184900000575
2993.518100000074
3023.3901999999944
2846.2013999997
3055.6262000027345
2864.089299997431
2993.1236000011268
2879.929599999741
3045.8046999992803
2920.388999998977
3158.0827999969188
3196.880500003317
3257.0355999996536
3396.693899998354
2993.6467000006814
2863.844199997402
2994.8681999994733
2970.829899997625
3042.7352000006067
3160.304000000906
2944.1039000012097
2874.197199998889
2876.7978999967454
2941.9780999996874
2870.1939999991737
2906.873700001597
2865.8877999987453
2874.005899997428
3137.247300001036
3329.0414000002784
3170.7421999999497
2952.3795999994036
2922.908799999277
2844.804899999872
3196.3552000015625
2979.6242999982496
2841.8267000015476
3078.531799998018
2882.6335000012477
2852.307799999835
2907.2138000010455
2839.318499998626
2848.1826999995974
2874.766600001749
2861.094100000628
2966.382299997349
2931.480199997168
2923.0941999994684
3086.348100001487
3036.8158999990555
2852.845700002945
2844.605300000694
3185.2753999992274
3052.2468999988632
3105.4244000006292
3053.8331999996444
2850.493500001903
2853.8320000006934
3090.5269000031694
2903.7233000017295
2866.9546999990416
3266.0705000016605
3256.3387000009243
2941.5886999995564
2917.944199998601
2851.438000001508
2869.913300000917
2874.6487999997044
2852.0355000000563
2857.429499999853
2851.2821000003896
2942.3232000008284
3327.5892000019667
3241.9522000018333
3454.714799998328
3333.8545999977214
3178.8220000016736
2906.7632000005688
3169.6263999983785
2882.5433000019984
3015.226999999868
2940.4990000002726
3011.4356000012776
2870.918699998583
3133.9984999976878
3140.83959999698
3081.929500000115
2857.884799999738
2856.753600000957
2854.7985999975936
3131.637200000114
3128.012299999682
3112.1239000021887
3034.6936999994796
2970.5025000002934
3003.9337999987765
3074.593699999241
2960.7706000024336
3179.2273000028217
3400.780700001633
2858.573699999397
2955.0652999969316
3070.673900001566
2889.463200001046
2875.5845999985468
2859.8275000003923
2907.8507000012905
3362.490899999102
2953.1811000015296
3282.4446000013268
3176.7909999980475
3011.3342000004195
2857.300800002122
2859.367900000507
2866.2469999981113
2860.9503999978187
2877.848299998732
2861.317599999893
2875.290900003165
2850.9336999995867
2917.5678999999946
2849.690900002315
2871.0557999984303
3058.292200003052
3088.0378000001656
2854.5482999979868
3132.93369999883
3053.642700000637
2955.7615000012447
2943.4866000010516
3145.5419000012625
3032.976599999529
3088.749900001858
2978.8786999997683
2982.417200000782
3139.259799998399
3408.5779000015464
3408.494999999675
2964.290500000061
3015.961299999617
2948.035000001255
3245.3629999981786
3209.6790000032343
3360.6873999997333
3367.310499997984
3131.916899998032
3084.0672000013
3162.4500999969314
2858.1164999995963
2868.0644999985816
3277.1188000006077
3164.6762999989733
2952.51940000162
2853.884100000869
2860.208499998407
2863.7554999986605
2911.236399999325
2969.7296999984246
2972.000100002333
2979.2132999973546
2896.786000001157
2920.352199998888
2951.885200000106
3109.534800001711
2906.702200001746
2856.0198999985005
2971.925999998348
2901.0813999993843
2958.4914000006393
3200.672399998439
3190.5053000009502
3049.8738000023877
3036.9347000014386
3175.382699999318
3152.1990000001097
3017.99359999859
3397.116399999504
2927.35840000023
2864.3344000010984
2862.944799999241
2956.1162999998487
3261.4936999998463
2913.2583000027807
2901.93089999957
2858.183699998335
2948.2719999978144
3100.7355000001553
2965.5167999990226
2989.9115999978676
3101.0162999991735
2845.4697000015585
2844.2169000009017
2843.5352000014973
2840.618899997935
2894.118199998047
2913.967099997535
3066.4235999975062
2844.0184999999474
3121.9802999985404
3200.117799999134
2869.9689999994007
2831.9482000006246
3171.1316000000807
3050.414199999068
2867.935399997805
2987.0826000005763
3064.6811000005982
3022.5828000002366
3253.2180000016524
3195.166000001336
3133.9498000015737
3360.932600000524
2907.2820999972464
2978.7378999972134
2912.1804000023985
2866.1522999973386
3289.447300001484
2943.7003999992157
3118.2888000003004
2893.6754999995173
2934.7024000016972
3057.738100000279
2864.1960000022664
2910.066700002062
3060.089300000982
2933.4780000026512
2930.7222999996156
3051.2692000011157
3192.10689999818
3098.1692999994266
3246.0287000030803
3160.7019000002765
3117.2130000013567
3051.1321000012686
3204.506500002026
2997.9876999968837
3117.775899998378
3074.268000000302
2850.7747999974526
2994.576999997662
3115.7414999979665
2927.402700002858
2922.354999998788
2914.4516000014846
2898.183599998447
2855.500600002415
2861.6035000013653
2932.7049999992596
3051.184900003136
2888.9085999981035
3055.0421999978425
3162.7943000021332
3372.2817999987456
3336.5431999991415
3193.077700001595
2964.944299998024
3098.452999998699
3061.4334999991115
3092.858099997102
3324.889699997584
3371.9395000007353
3222.193800000241
3037.5601000014285
2852.730300000985
2990.7955000016955
3054.919800000789
2896.1429000009957
2963.584199998877
2984.678199998598
2877.489599999535
2846.2065999992774
2945.4084999997576
2914.919300001202
3053.971100001945
2881.2719999987166
3092.863699999725
2925.8945000001404
2852.1669000001566
3033.1704999989597
2864.4581000007747
2835.1097000013397
2918.575600000622
2980.9806999983266
3064.451199999894
3061.056499998813
3038.9910000012605
2930.3639000027033
2930.4014000008465
2980.3505999989284
2840.2027000011003
2872.440799998003
3010.484499998711
3115.3450999991037
2867.5170999995316
2859.5825000011246
3124.927500000922
3211.805099999765
3198.462100001052
3163.322500000504
2875.4585000024235
3122.845399997459
3015.5512999990606
2975.7164000002376
2905.6627999998454
2964.0080999997735
3100.0299000006635
3241.3536999993084
3071.5884000019287
2888.3391999988817
3270.608099999663
2867.792000000918
3037.6887999991595
3169.670200000837
2944.1497000007075
2864.2940999998245
2994.062199999462
2893.18799999819
3034.007099999144
3191.213999998581
2941.1714999987453
2948.7114000003203
2962.8455999991274
2951.1926999985008
2847.1004999992147
2953.69109999956
2840.5229999989388
2904.232900000352
2996.8890999989526
2887.144600001193
2952.804099997593
2930.3041999992274
2893.055299999105
2839.2523000002257
3031.702000000223
2995.1720999997633
2851.244099998439
2839.234700000816
2852.067600000737
2928.8037000005716
3063.929299998563
3016.2549000015133
3155.560399998649
3393.826600000466
3256.631100000959
2849.1012000013143
3103.1839000024775
3425.3969000019424
3403.384199998982
3338.6972000007518
3034.016100002191
2920.2328999999736
2882.8066999994917
2851.033599999937
3237.4524000006204
3290.5430999999226
3315.4978999991727
3254.6538000024157
2883.743999998842
2851.4832999971986
2856.9413000004715
2853.7548999993305
3284.1201000010187
3201.130599998578
3071.3464000000386
3212.6520999991044
3335.0780999971903
3057.606599999417
3357.978500000172
3039.549699999043
3172.465600000578
3053.029800001241
3051.3584000000264
2896.5712999997777
3221.377699999721
3135.832100000698
2858.58670000016
3136.514599998918
3130.1239999993413
2859.9466999985452
2849.52340000018
3277.7563000017835
3352.8851000010036
3373.8119000008737
3347.7204000009806
2957.7652999978454
2879.527200002485
2978.767100001278
2987.2696999991604
3072.631299997738
2995.3625000016473
2840.697200001159
3079.912900000636
2998.4688999975333
2840.7420000003185
3218.0543999966176
3081.4740999994683
2839.377299998887
2863.646699999663
3081.734999999753
2864.086800000223
2854.99880000134
2837.7580999986094
2852.7690000009898
2855.2345000025525
2935.717399999703
3204.5545000000857
2992.6336999997147
2850.7305000021006
2846.190400003252
2833.893299997726
3014.2417999995814
2947.574599998916
2976.070400000026
2853.1306000004406
2963.3653000018967
3030.9979999983625
2977.75030000048
2942.7137000020593
3003.472699998383
3204.060000000027
3080.1038999998127
3147.889399999258
3047.8801999997813
3227.6377999987744
3148.8328000014008
3129.750000000058
2999.1947000016808
3055.6293000008736
2995.7362999994075
2911.165699999401
3008.516799996869
3122.0546000004106
2885.791099997732
2840.276700000686
3082.9306000014185
3420.146199998271
3455.72429999811
3298.640199998772
3090.618300000642
3064.194899998256
2924.931199999264
2856.397099996684
2892.795899999328
2906.195100000332
3298.0692999990424
2911.5564999992785
3325.9239999970305
3105.827799998224
3058.6949000025925
2886.5119999973103
3153.248700000404
3102.238999999827
2895.3617999977723
2888.039800000115
2892.3600999987684
2882.5082999974256
2924.112500000774
2884.5911999997043
2887.867000001279
3102.558799997496
3231.335200001922
2850.280999999086
3019.2405999987386
3274.3609999997716
2938.7619999979506
2869.124199998623
3100.817200000165
2862.2314000022016
2863.194100002147
2848.8932000000204
3149.1601999987324
3213.2253000017954
3439.930699998513
2904.511699998693
2954.195400001481
3007.2905000015453
2860.138600000937
3335.4446000012103
3393.763399999443
3164.3831999972463
3419.071000000258
3162.1598999990965
3338.552000001073
3351.2434999975085
3310.9299999996438
2999.645399999281
3154.2798000009498
3457.3644000010972
3142.2106999998505
3013.423699998384
2898.6526999979105
3016.0715999991226
2888.148199999705
2848.141400001623
2987.217599998985
2871.194100000139
3071.730200001184
2978.8416999981564
2881.6611000002013
2923.8977000022714
3007.3013000001083
2875.330999999278
2903.0950000014855
2877.1410000008473
3099.102500000299
3098.139599998831
3140.6538000010187
3058.1267999987176
3188.326399998914
3104.902300001413
2858.752399999503
2853.1449000001885
2994.3631999994977
2885.8242000023893
2998.8101000017195
2982.4091000009503
2859.1018999977678
2839.5120999994106
2982.333200001449
2859.3490999992355
2951.42130000022
2977.790200002346
3064.4730999993044
2849.038099997415
3027.6795999998285
2844.3303000021842
3000.7717000007688
2981.6757000007783
3042.4944999977015
3056.377499997325
3040.86940000343
3240.969299997232
3218.672599999991
3153.2031999995525
3164.725599999656
2850.452300001052
2849.576000000525
2883.836600001814
3060.5249000000185
3095.3149999986636
3331.604099999822
2845.890900000086
2973.902100002306
3044.8007000013604
3036.983500001952
2953.3162000006996
3451.4345999996294
3401.6002999997
3228.9512999996077
3294.3610999973316
3250.7287000007636
3133.4255000001576
2950.492600000871
3034.6973999985494
3202.3456000024453
3301.903700001276
2874.8558000006597
2880.850699999428
2981.8661999997857
2963.2497999991756
2983.1321999990905
3060.524799999257
2856.139900002745
2931.2597999996797
3030.654499998491
2953.649299997778
2986.351999999897
2945.4019000004337
2845.6273000010697
2902.191400000447
3063.898299998982
3099.0430999991077
3173.3995000031427
2951.5286999994714
2862.9333000026236
2881.668499998341
2843.834600000264
3041.316499999084
3190.1911000022665
2859.850799999549
3022.1979999987525
2869.833300002938
2865.842300001532
2946.075699997891
2909.127900002204
2891.673800000717
2968.520999998873
2955.441400001291
2859.960999998293
3117.8932000002533
3150.7483999994292
2932.292500001495
2857.6580000008107
2905.6696999978158
3004.711400000815
3041.3083999992523
3003.896700000041
3143.3294999987993
3203.1137000012677
3159.3145999977423
3173.988000002282
2988.8121000003594
3132.2799999979907
2867.3276000008627
2959.8179000022355
2951.961200000369
2953.1998000020394
2987.8562000012607
3123.4609999992244
3021.2516999999934
3002.1454000016092
3172.2122999999556
3188.713800002006
2842.8734999979497
3027.350000000297
2856.5550000021176
3118.6653999975533
2980.681500001083
3017.58609999888
3227.7362999993784
3250.863400000526
3023.19510000234
3046.3649999983318
3123.490199999651
2991.548000001785
3175.47790000026
3029.964999997901
3052.2037999980967
3073.6735000027693
2889.2002000029606
2932.748700000957
2966.1073999996006
2956.054199999926
2933.8161000014225
2862.2550000000047
2996.1642999987816
2938.9348000004247
2864.8811999992176
3320.8999000016775
3118.246800000634
2963.3224999997765
2860.461899999791
3328.6405999970157
3138.582999999926
3089.180799997848
2972.9109999971115
3014.6764000019175
2885.6506000010995
2994.9017000035383
3358.4063999987848
2988.6803000008513
2866.069499999867
2865.329499996733
2858.46550000133
2909.0562000019418
3179.6968999988167
3058.9177000001655
2926.8425999980536
2900.804299999436
2965.5654999987746
2886.326799998642
3239.240200000495
3455.0401999986207
3243.213099998684
2856.6898999997647
2861.4424000006693
2878.9671000013186
2894.985099999758
3177.036799999769
3025.736399999005
3004.4936000012967
3054.526600000827
3204.801200001384
3035.9838000003947
3045.277099998202
2899.721400000999
3097.3706000004313
2945.0394000014057
2878.8120999997773
3070.836300001247
2851.841699997749
2910.6327000008605
3177.292500000476
2982.1517000018503
2872.3393000000215
2875.5822999992233
2887.6067000019248
3049.140499999339
3241.2076000000525
3200.161599997955
3166.0326000019268
3068.859099999827
2899.281099998916
2851.8321000010474
2871.148300000641
3191.059699998732
3376.064799998858
2885.499100000743
3165.0324999973236
3393.920299997262
3446.7819000019517
3369.6232000002055
3357.110200002353
2874.837399998796
2861.260699999548
2947.41090000025
2866.3133999980346
2860.7717999984743
3023.4934000000067
3372.432900003332
3439.115999997739
3026.8321000003198
2885.0048999993305
3007.416299999022
2984.638099998847
3220.5575999978464
3060.0303999999596
3010.153999999602
3163.8810000004014
3003.434800000832
3385.3367999981856
3397.1768999981578
3114.5844999991823
2861.8888999990304
3079.788199996983
2984.3968999994104
2899.370600000111
2963.861399999587
2854.929399996763
2853.4040999984427
3239.6422999991046
3036.983499998314
3087.247399998887
2915.203599997767
2933.118099997955
2889.6613999968395
3081.552499999816
3400.3642999996373
3273.301699999138
3039.266600000701
2921.1754000025394
2929.3085999997857
3057.84660000063
2889.6228000012343
2878.0800999993517
2854.0380999984336
2860.051100000419
2860.498300000472
3029.5822999978554
2937.2204999999667
2994.2507000014302
3360.508599998866
3202.6036999995995
3398.1452000007266
3149.370300001465
2859.904299999471
2886.601000001974
2889.869599999656
2931.885100002546
2866.278699999384
3039.5337999980256
3089.288099999976
3020.9101000000373
3314.197100000456
3101.2569999984407
2866.311099998711
2954.7763999980816
3243.2640999977593
3310.107799999969
3145.4612000015914
3330.7117000003927
3145.630999999412
3166.2732000004326
2879.167700000835
2877.872999997635
2968.0499999994936
2862.1880000027886
2860.001299999567
2866.662299999007
3123.089400000026
3436.6364999987127
2999.131699998543
2879.7133000007307
2972.9959000032977
3160.637900000438
3116.9264999989537
3054.4867999997223
2996.183800001745
3002.55720000132
3010.3443000007246
2897.323699999106
3012.3417000031623
3038.5812999993504
2961.018800000602
2964.127600000211
3259.0428999974392
3269.1716000008455
2850.948999999673
2868.6782000004314
2888.7237000017194
2857.704800000647
2927.758999998332
3427.1535000007134
3133.6255999995046
3121.20270000014
2974.8784999974305
3397.538099998201
2963.024900000164
3172.3612000023422
2993.8858000023174
2879.9494999984745
2886.9317999997293
2927.6275999982317
3003.8222999974096
3160.4316999982984
2996.6982000005373
3075.407300002553
2975.4257000022335
2915.5995000000985
3055.872900000395
2943.1698999978835
2971.004200000607
3064.9998000008054
3443.558500002837
3402.3345000023255
2867.321300000185
2879.598799998348
3489.1194999981963
3465.4348000003665
3373.313299998699
3145.007600000099
3376.12369999988
3178.780400001415
3347.7220999993733
3322.0142999998643
3009.1223000017635
2883.911299999454
3338.5563000010734
3365.206300000864
3024.447899999359
3140.1404999996885
3103.9189000002807
2936.931899999763
2854.8972999997204
2911.9226000002527
2926.9581000007747
3091.5354000026127
3280.4826000028697
3245.7017000015185
3208.2928999989235
2850.777499999822
3063.7855999993917
3077.563699996972
2865.92649999875
2881.9574999979523
2954.050599997572
3402.5327999988804
2910.423199999059
3038.3870000005118
3407.412699998531
3312.007900000026
2853.3380000008037
2876.540900000691
3275.7036999973934
2864.331900000252
2900.3979000008258
2984.153999997943
3354.7201000001223
3049.4681999989552
3100.9758000000147
2867.2695999994176
3349.6855000012147
3320.2423000002455
3154.9403999997594
3393.9840999992157
2975.115700002789
2863.591400000587
2933.3283999985724
3074.5778999989852
2862.698199998704
3378.3246999992116
3105.7252999999037
3298.055300001579
3020.1584000024013
2868.8191000001098
3189.4939999983762
3445.2671999970335
3217.5391999990097
3288.7380000029225
3442.9319000009855
3463.967700001376
3253.312500000902
3344.154599999456
2954.9619000026723
3275.256000000809
3676.7237999993085
3133.8351999984297
3198.1350000023667
3194.070499997906
3202.936999998201
3061.487599999964
3097.732600002928
2887.768299999152
2855.2455000026384
2881.9513999987976
3102.6376000008895
3198.1605000000854
2958.146000000852
3070.224099999905
2988.263300001563
3039.0434000000823
2946.325100001559
2853.1523999990895
2855.1864000000933
2885.6608999994933
2867.1374000005017
2872.156500001438
3029.932200002804
2869.6039999995264
2861.8252999986
2864.3822000012733
2914.6351999988838
3449.007100000017
2951.779799997894
2939.2651000016485
3199.9867999984417
3395.19780000046
2866.8894000002183
2979.699800001981
3340.8622999995714
3388.3421999998973
3392.67540000219
3111.543899998651
2857.8620000007504
3293.7770999997156
2869.1437000015867
2863.967399996909
2864.3693000012718
2886.8173000009847
2859.427199997299
2859.1321999992942
2908.6194000010437
2895.3142000027583
3424.8316999983217
2922.3976000030234
3442.0705000011367
3441.428199999791
3288.7306999982684
3346.9612000008055
2962.2864999982994
2899.6183999988716
2910.707300001377
2857.5667000004614
2889.759999998205
2847.815000000992
2853.9874000016425
2885.242799999105
3049.8719999995956
2861.6880999979912
2968.0023999972036
2834.982399999717
3023.8041000011435
2960.1245999983803
3043.139000001247
3001.5105999991647
2856.3352999990457
3292.2525000030873
3395.90010000029
3421.9909999992524
3197.419700001774
2860.6993000030343
2854.821199998696
2915.248300003441
3401.2770999979693
3313.320000001113
3361.374500000238
3115.072100001271
3014.66419999997
2857.121400000324
3022.058599999582
3359.6921999996994
3249.8721000010846
3258.0891999969026
3301.7490999991423
3036.2574999999197
3144.895400000678
2952.66730000003
2855.249600001116
3143.304100001842
2858.224200001132
2998.52479999754
3340.2806999984023
3099.2380999996385
2976.2768000000506
2862.753600002179
2865.395400000125
3159.412999997585
3331.6094000001613
3205.1774999999907
2873.6463999994157
3317.7217000011296
3067.3591999984637
2945.8574000018416
2869.3888999987394
3168.05640000166
2853.84360000171
3397.005700000591
3001.9776999979513
2975.5312999986927
3097.0133999981044
2931.8869999988237
3037.5533000005817
2917.3996999998053
2858.1159000023035
3275.772799999686
3102.002999999968
2872.481599999446
2852.7623000009044
2992.079999999987
3128.207599998859
2856.167200003256
2875.0021000014385
3380.2529999993567
3421.4210999998613
3347.370100000262
3118.8325000002806
2856.3557999987097
2867.610199999035
2878.79509999766
2858.141600001545
2858.8275000001886
3327.573200000188
3011.470699999336
2888.197099997342
3339.40419999999
3168.5758999992686
2851.2226000020746
3020.5880000030447
2878.0509999996866
2861.7701000002853
3016.451799998322
3129.523600000539
3253.378599998541
3228.8760999981605
3221.0220000015397
2977.0346000004793
2844.2816999995557
2860.191699997813
2837.010300001566
3030.420300001424
2937.0028999983333
2999.664999999368
3161.9322000005923
3182.7020999990054
3007.6490999999805
2853.575000001001
3283.0679999970016
3028.0921000012313
3422.4904000002425
3042.7061000009417
2851.429799997277
2861.985100000311
2866.5254000006826
3076.238600002398
3355.920599999081
3154.784899998049
3257.687500001339
2857.107100000576
2848.4212000003026
3287.7459000010276
3378.0923999984225
3260.8881999985897
2857.025600002089
2849.685999997746
2865.4965000023367
2879.488099999435
3228.9903000018967
3309.3955000003916
2984.007899998687
2963.6552999982086
2857.098500000575
2849.730699999782
3125.0064999985625
3025.299900000391
3099.7465000000375
2863.72449999908
2857.1040999995603
3071.1048999983177
3139.158199999656
3198.1234999984736
2861.0441999990144
2987.187599999743
3364.0486000003875
3350.350900000194
3157.9005000021425
3289.796600001864
3007.264600000781
2902.036899999075
3008.80220000181
2950.9937000002537
2937.120999999024
2895.640900002036
2852.909000001091
2855.692299999646
2858.0555000007735
2972.029799999291
2849.2441000016697
3096.3603999989573
3159.668000000238
2862.522800001898
2859.5530000020517
2884.2598000010184
2897.675399999571
2971.5228999993997
2972.5539999999455
2847.3857999997563
2951.0607000011078
3039.868799998658
3412.7260000022943
2948.6125000003085
2849.3024000017613
2911.953499999072
3404.5457000029273
3396.2300999992294
3169.0611000012723
2888.6155000000144
2861.387199998717
2854.6236000001954
2910.243599999376
2911.765299999388
3358.0753000023833
3012.518399998953
3350.493199999619
3072.0469999978377
3275.00240000154
3011.224099998799
3196.994800000539
3159.5970999987912
3097.6688000009744
3042.948800000886
3178.6345000000438
2904.9816000006103
2849.3158999990555
2871.952199999214
2841.299399999116
3079.964499997004
2844.7648999972444
3082.3043000018515
2851.893899998686
2926.000400002522
3126.0425000000396
2877.8257000012673
2838.8462999973854
2833.785500002705
2842.140599997947
2866.18830000225
2843.290699998761
2890.463900002942
2854.9687000013364
2857.0509999990463
3011.7286999993667
3099.1969000024255
3365.812800002459
2967.245900003036
2932.9780000007304
3183.0670999988797
2900.8458999996947
2887.6039999995555
2941.5133000002243
3266.6551000002073
3359.109900000476
3191.506600000139
3349.152299997513
3347.033800000645
3348.811599997134
3356.1703999985184
3340.7422000018414
2880.4182000021683
2855.737900001259
2855.888900001446
2865.577399999893
3204.5800000014424
3364.983799998299
3284.4780000014
3397.7500000000873
2909.5078999998805
2873.5895000027085
2913.7904999988677
2857.9824000007648
2859.8806000009063
2941.7088000009244
3038.0827999979374
2856.1219000002893
3103.7718999978097
3153.498199997557
3047.4195999995572
3025.2600999992865
3017.655499999819
2980.728700000327
3008.67769999968
2971.993899998779
3218.5497999998915
3222.751799999969
2861.7875000018103
2859.4971999991685
3019.700199998624
2967.589699997916
2853.124700002809
2968.6376999998174
3243.564399999741
2972.407599998405
2848.059200001444
2933.937899997545
2938.805899997533
2844.3441999988863
2853.957100000116
2857.50840000037
2838.463000000047
2929.229299999861
2903.7079000008816
3108.0667999995057
2857.144800000242
2875.060399997892
2852.7334999998857
2851.610999998229
3247.6367999988724
2965.3524000023026
2914.141000001109
2868.8080000029004
2858.7356000025466
2856.1536999986856
2928.02809999921
3396.0554000004777
3033.6641000030795
3215.7847000016773
2976.6342000002624
3340.1787000002514
3180.3945999999996
3344.1534000012325
3420.8986000012374
3034.463899999537
3037.9315999998653
3158.5123000004387
2857.508000000962
2965.455400000792
3388.48230000076
3442.4146999990626
2854.382900000928
2857.8770000021905
2871.3400999986334
2861.0518999994383
3103.8031999996747
3106.6358999996737
3096.2101000004623
3096.7965999989246
2846.6555000013614
2834.6533000003546
2835.5031999999483
2875.54700000328
2837.313100000756
2905.9553000006417
2942.742899998848
3146.9180999993114
3240.1485000009416
3442.1801999997115
3185.067099999287
2858.2978999984334
3022.1789999995963
2885.034499999165
2961.3280999983544
3215.532099999109
2943.0371999987983
3085.029600002599
2967.7843999998004
3179.7270999995817
3328.4214999985124
3179.780700000265
3297.322400001576
2969.220099999802
3010.021300000517
3340.981899997132
3395.715899998322
2943.4327999988454
2849.694399999862
2925.05539999911
3188.3878000007826
2875.1425000009476
2858.2719000005454
2878.8083999970695
2983.432199998788
3363.820200000191
3341.960099998687
2989.8188000006485
3044.7400999983074
3117.6536999992095
2954.651500000182
3226.0722999999416
2868.2670000016515
3068.7792999997328
2983.023400000093
2894.531099998858
2868.7676999979885
2862.111799997365
3064.0167000019574
2850.7858000011765
2949.3375000020023
2863.177999999607
2890.9409000007145
2990.4073999969114
3217.5645000024815
3169.322199999442
2842.7468000008957
2938.0968999976176
2875.7918999981484
2878.255600000557
2929.4345999987854
2942.4956000002567
2898.181000000477
2932.7732999990985
3106.3199999989592
2976.803800000198
2841.6576999989047
2867.7762000006624
2856.5250000028755
3077.440100001695
3294.594300001336
2884.413300002052
2945.0071999999636
3135.6573999983084
2951.814000000013
2864.515199999005
2886.8532000014966
3339.087299998937
2983.196699999098
3159.0839000018605
2946.7689000011887
2915.7831000011356
2862.6043000003847
2917.8938000004564
3114.204699999391
3111.782399999356
3225.665599999047
3349.169200002507
2874.727000002167
3315.733800001908
2881.1373000025924
2906.018800000311
3013.5554000007687
2854.435699999158
3031.9091999990633
2994.5823999987624
3100.0126999970234
3045.076099999278
3143.1102999995346
3041.7649000009988
2999.765699998534
2843.1383999995887
2987.2749999994994
3168.1055999979435
2853.1441999984963
3035.191400002077
3202.0731000011438
3178.722500000731
3156.2087000020256
2836.110699998244
2849.0418000001227
3080.198100000416
3109.2089000012493
2844.9376999997185
2859.519800000271
2878.6183999982313
3127.9223000019556
2951.6392999976233
3171.3903000018036
3230.71279999931
3070.6109999991895
2897.768699996959
2846.328800002084
2956.0966999997618
2869.642700003169
3082.0581000007223
2896.996900002705
2914.1434999983176
3158.705900001223
3163.4262000006856
3115.508500002761
2875.3824999985227
2980.324500000279
3069.7638999990886
2866.244500000903
2875.8202999997593
3351.0411999995995
3289.268799999263
2850.7505000015954
2875.5722000023525
2912.5092000031145
2853.7990000004356
2886.6495000002033
3089.1252999972494
2862.3829999996815
2862.9916999998386
3224.5049999983166
3109.5964000014646
2879.7931999979482
2859.710599997925
3400.09099999952
2962.157500001922
2873.8855000010517
3103.9184000001114
2878.0286999972304
2884.056100003363
2854.5277000011993
2985.1691000003484
3293.8613000005716
3412.3298000013165
2891.142399999808
2853.2975999987684
3030.2274000023317
2951.6530000000785
2851.1840000028315
2846.717799999169
2892.612800002098
2882.228099999338
3141.561600001296
2901.0132999974303
2937.9060999999638
2919.892099998833
3218.9918999974907
2905.0920000008773
2849.8822000001383
2951.0434000003443
3180.624500000704
3144.837499999994
2867.401300001802
2936.4066000016464
2871.8049000017345
2881.544200001372
3011.122500000056
3232.1777999968617
3135.296599997673
3097.835500000656
2843.7573999981396
2860.4371000001265
3045.533800002886
3013.741899998422
3224.5770000008633
2926.4556000016455
3074.785700002394
2861.680800000613
2938.9502000012726
2848.4951999998884
2884.430499998416
3218.704799997795
2917.690700000094
2881.5078000006906
3258.014099999855
3093.0652000024565
2917.991800000891
2931.2160999979824
2893.066299999191
2843.367400000716
3168.630399999529
2976.2139999984356
2847.5112000014633
3003.0626000007032
2953.149200002372
2872.582899999543
2853.120299998409
3143.6895999977423
3123.259899999539
2882.2849999996834
2933.4300000009534
2948.4988000003796
2930.61349999698
2940.84070000099
2951.4471999973466
2968.1104000010237
2857.953399998223
2927.47159999999
3423.5011999990093
3381.260800000746
3033.680299999105
3156.3320999994176
3057.938499998272
3023.3337999998184
3215.7684000012523
3217.896299996937
2867.558199999621
2872.0920999985537
2999.0242999992915
3191.365599999699
2856.5941999986535
2961.419700000988
2874.5449999987613
2875.15379999968
3089.749999999185
2852.405000001454
3033.19570000167
3015.9048000023176
2848.0510000008508
3067.099399999279
2932.9761000008148
3134.8174000013387
3105.0948000010976
3118.3751999997185
2985.703899998043
2965.5993999986094
2902.935099999013
3025.2076999968267
2851.6516999989108
2852.451499999006
2847.4754999988363
2925.5861999990884
3010.236599999189
3195.185099997616
2953.09830000042
2899.1580000001704
3180.6833000009647
2918.470000000525
2853.462099999888
2854.2454999987967
3112.090200000239
3126.6347999990103
3075.688299999456
3125.7329000000027
3239.754599999287
3065.7671999979357
2942.092799999955
2842.2939000010956
3124.0142000024207
2952.432399997633
2943.7199999993027
2974.460099998396
3120.5135000018345
2900.899299998855
2856.8093000030785
3158.820200002083
3373.133600001893
2927.7790000014647
2853.94610000003
2855.471299997589
2859.990900000412
3212.191199996596
2968.335300000035
3423.6385999975028
3357.4360000020533
2876.885099998617
2854.3865000028745
2882.413399998768
3013.133199998265
3320.322400002624
3005.8558999990055
2951.117599997815
2860.00150000109
2890.9673000016483
2882.3685999996087
3242.6833999998053
3247.2630999982357
3089.8854000006395
2896.5569000029063
3405.672600001708
3327.1309999981895
3099.235099998623
3474.621400000615
2884.413100000529
3111.235600001237
2937.223700002505
2965.9910000009404
3075.1889999992272
2945.38570000077
3132.857699998567
3031.183200000669
3138.918200002081
3074.0092000014556
3043.3411999983946
2915.221699997346
2881.2770000004093
3142.26790000248
2902.133000003232
2870.755600000848
2855.322100000194
3430.5017000006046
2914.3273000008776
3141.7293999984395
3373.517500000162
3182.4262000009185
2870.3282000024046
3074.7821999975713
3087.125099998957
2943.7402000003203
3376.5042000013636
3056.1123000006774
2892.0566999986477
2977.5604999995267
2873.547300001519
3247.9486999982328
2984.3674000003375
2961.879800001043
2872.710999999981
3122.5831000010658
2987.12290000185
2935.371799998393
3106.302100000903
3194.729800001369
3185.014200000296
2870.6486000010045
2863.519800001086
2859.8094999979367
2866.0649999983434
2865.0376000005053
2847.121300001163
3027.2981000016443
3034.331499999098
2851.5581999999995
2960.480699999607
3010.2885000014794
3012.305899999774
2848.457399999461
2904.7963000011805
2929.582600001595
2931.5247000013187
2919.0159999998286
3139.0140000003157
3159.1544000002614
2846.123400002398
2841.559299999062
2899.8410000021977
3124.039799997263
2904.0538000008382
2853.977800001303
2860.235600001033
2863.7550999992527
3234.9323999987973
3263.974800000142
2985.6981999982963
2864.232700001594
2851.809499999945
2862.6734999998007
2924.2139999987558
2962.175999997271
3132.944700002554
2907.0381999990786
2892.7621000002546
2855.1961000011943
2853.846699999849
2980.9348999988288
3259.4711999990977
2914.3205000000307
2847.1423000009963
3218.21429999909
3243.4574000035354
3262.4715999991167
3317.1685000015714
3326.759100000345
3013.3026000003156
2858.96750000029
2861.130700002832
2956.665100002283
3258.1771000004665
2874.425499998324
2854.2452000001504
2870.8178000015323
2905.7726000028197
3130.0329999976384
3334.3660999998974
3034.542200002761
3017.403900001227
2945.347799999581
2949.349099999381
2916.7228000005707
3102.3167000021203
3168.0659000012383
3057.4364000021887
2885.2805999995326
2866.874999999709
2868.7871000001905
2935.043299999961
3167.393700001412
2996.7868000021554
3097.3575999996683
2856.37659999702
3031.594899999618
2891.70920000106
2863.82770000273
2881.840900001407
3158.097799998359
3097.816800000146
3298.907700002019
2870.715500001097
3254.386100001284
3389.564799999789
3219.5269000003464
2941.1890000010317
3356.3255999979447
3316.8417000015324
3051.3386000020546
2854.047899996658
3003.1199000004563
2857.0955000031972
2880.173999998078
2878.0987999998615
3065.7006000001275
3077.642599997489
3026.4739000012923
3326.865999999427
2982.094799997867
3078.3109000003606
2902.9187000014645
2935.5471000017133
2919.0278999994916
2908.9367000015045
3026.214400000754
2884.966900001018
2872.299999999086
3066.6534999982105
3248.628400000598
2866.3730999978725
2856.4643999998225
2882.8327000010177
2963.8795999999274
3140.4280999995535
2944.9912999989465
3178.1340000015916
2885.4978999988816
2876.4481999969576
3035.7748000024003
3070.7728000015777
3206.694799999241
3212.8104000003077
2919.675000001007
2886.0870999997132
3044.985299999098
3039.209900001879
3146.3106000010157
2872.6222999976017
2865.970999999263
2881.8224999995437
2994.56089999876
2998.5363999985566
2853.3137000013085
3081.435700001748
3209.1390999994474
2938.782799999899
3003.4521000015957
3024.0233999975317
2850.876000000426
2966.4855000009993
2925.925299998198
2992.2398000016983
3078.745099999651
2868.0721999990055
2864.8286999996344
2855.4752000018198
2858.199300000706
3393.9142000017455
3400.1676000007137
3187.7274999969814
3394.2564000026323
3063.1328000017675
3403.0495999977575
3470.8023000021058
2864.735600000131
2871.4005000001634
3198.4582000004593
3157.5047000005725
2975.5666999990353
2933.8150000003225
3009.4793000025675
3068.819500000245
2865.6140999992203
2961.35779999895
3255.4267999985314
3009.1855999999098
2963.5772000001452
2869.872800001758
2875.739999999496
3059.480600000825
3182.21210000047
3269.4955999977537
2865.89350000213
2900.9603999984392
3467.5521999997727
3498.477200002526
2931.9872000014584
2996.891799997684
2920.408400001179
2937.000400001125
2895.3731000001426
2895.2900000003865
3031.6469999997935
3010.8914999982517
3442.991100000654
3418.7908000021707
2875.7331000015256
3083.868599998823
3208.258599999681
2898.54440000272
3067.4743999989005
2976.9027000002097
3428.939299999911
3166.320899999846
3083.114500001102
3433.054600001924
3461.405099998956
2880.4362999981095
2878.6576999991667
2879.2090999995708
2886.9282999985444
3322.4725000000035
3450.9556999983033
3399.734000002354
3214.686300001631
2866.9641000014963
2966.482300002099
2968.5797999991337
2874.8377000010805
2867.610400000558
2871.5670999990834
2876.419899999746
2923.79179999989
3402.574800002185
2868.863899999269
2867.79640000168
2993.1727000002866
3159.0232999988075
3289.9873000023945
2961.1869000000297
2856.754699998419
2872.9996000001847
2934.2391999998654
2990.09500000102
3169.8489999980666
3241.184099999373
3210.6491000013193
3189.5459000006667
3064.2621999977564
2872.8080000000773
2864.2740000032063
3007.482600001822
2960.6190000013157
3087.1765000010782
3042.991800000891
3147.179200001119
2843.3098000023165
2938.045599999896
2962.1789999982866
3105.3472999992664
2873.4344000004057
2866.6364999990037
2892.0198999985587
3220.9934999991674
3201.6237000025285
3245.3115999996953
3028.172500002256
2860.947600001964
2876.9792999992205
2914.4007000031706
3360.2610000016284
3349.793800000043
3040.42969999864
2994.5015000012063
3145.5912999990687
2898.2264999976906
3181.8017000005057
3392.3474999974133
3260.404299999209
2927.919400000974
3376.3808000003337
3068.6548999983643
3416.8232999982138
2982.280800002627
2863.4528999973554
2881.5829000013764
3240.808200000174
3380.2916999993613
3234.244799998123
3283.7987999992038
3423.9842999995744
3258.486399998219
3308.4123999979056
3382.5709000011557
3226.894799998263
3397.2771000007924
3209.158899997419
3237.2406000031333
3138.5231999993266
2990.1228000017
2965.9362000020337
2931.1435999989044
3020.7019000008586
2937.4176999990596
3056.750899999315
3423.5915999997815
3447.5125999997545
2930.8750000018335
2871.7018000024837
3142.2464000024775
3319.791100002476
3455.612400000973
3344.5166000019526
3415.3729999998177
3002.3593999976583
2862.5804999974207
3166.0900000024412
3363.961400002154
3224.0027000007103
3004.887200000667
3430.8200999985274
3394.083600000158
3244.0797999988717
3264.304999996966
3217.8046999979415
3142.4227000024985
3404.437899996992
3023.1701000011526
3072.9833000004874
3058.2902999994985
3078.9865000006102
3139.5120000015595
3161.5211999996973
3006.960499998968
3224.180199998955
3340.6032000020787
3149.591800000053
3111.978500000987
3337.1446000019205
3131.080099999963
3359.1569000018353
3112.838199998805
3170.6712000013795
3170.7854000014777
3170.045899998513
3344.1379999967467
3210.9115999992355
3665.582899997389
3339.6433999987494
3243.9256999969075
3178.89439999999
3223.1229999997595
3172.0912999990105
3532.6581000008446
3230.8149999989837
3574.116399999184
3214.2722999997204
3698.176300000341
3319.2162999985158
3203.0057000010856
3154.4009999997797
3149.723200000153
3238.859400000365
3125.661999998556
3114.274399998976
3212.313100000756
3560.975700002018
3157.5668000004953
3227.8175999999803
3118.2437000024947
3111.869199998182
3184.048900002381
3102.60599999674
3058.852600002865
3107.483099996898
3081.534899996768
3059.8654999994324
3148.137400003179
3544.579099998373
3666.166599999997
3547.414699998626
3373.2233999980963
3340.959000001021
3040.3906000028655
2953.6478000009083
3064.489300002606
3316.4196999969136
3356.8656999996165
3210.438100002648
3274.538900001062
2916.7424000006577
2939.5112999991397
3366.984800002683
3340.506100001221
2946.703699999489
2948.1790000027104
2943.0333000018436
3199.34160000048
3122.566800000641
3466.9637999977567
3371.543199998996
3080.1754999993136
2877.991800000018
3217.303499997797
3343.570200002432
3329.181299999618
3335.1012999992236
3341.542699999991
3363.9895000014803
3382.8494000008504
3309.6598000011
3258.02670000121
3237.993300001108
3644.407100000535
3401.0949000003166
3181.5473000024213
3094.148000000132
3159.1554000006
3166.1366000007547
3372.1630000000005
3452.6881000019785
3238.9280999996117
2870.7433999989007
3304.1750000011234
3269.5567999980995
2964.950300000055
2993.356099999801
3141.855099998793
3373.081400000956
3004.282099998818
3181.329700000788
3228.130200001033
3219.4484999999986
3433.1523000000743
3537.182700001722
3376.8017000002146
3282.720600000175
3198.4529000001203
2997.260699998151
3064.878900000622
3394.1707000012684
4794.8787000023
4440.296600001602
3617.8868999995757
3288.2377999994787
3150.863599999866
3173.350400000345
3093.314099998679
3083.874599997216
3058.094500000152
3085.523199999443
3058.933699998306
3051.9132999979774
3013.716100002057
3089.546799998061
3080.2184000021953
2975.8413000017754
3107.7427999989595
3007.8600000015285
3056.539499997598
3043.6955999975908
3128.057900001295
3017.2368999992614
3054.889600000024
3096.2379000011424
3284.9576999979035
3017.2791999975743
3061.529300000984
3127.8554999989865
3131.1180999982753
3053.3832000000984
3126.876899998024
3134.850500002358
3129.889899999398
2995.7121000006737
3099.5390999996744
3336.789500001032
3160.1488000014797
3001.904699998704
3208.4469000001263
3082.730199999787
3119.705500001146
3422.755399999005
3086.5137000000686
3260.181499997998
3095.023999998375
3186.9632999987516
3185.231499999645
3186.987599998247
5979.6581999980845
7274.327099999937
4391.178499998205
3004.375100001198
3473.823000000266
3157.2297000020626
3425.7718000008026
3176.448399997753
2996.3595000008354
2885.42939999752
3253.539699999237
3224.38830000101
3210.359499997139
3277.3344999986875
3175.38340000101
3048.388699997304
3201.3630000001285
3234.162300002936
3207.5171999968006
2891.630599999189
3063.086400001339
3210.933300000761
3271.41230000052
3078.2671999986633
2938.2365999990725
2980.864900000597
3170.642699999007
3009.95519999924
2952.8425999997125
3028.1495999988692
2945.630499998515
2847.486900001968
3002.881200001866
3062.156700001651
3108.1996000029903
3109.0585999991163
2938.76249999812
3030.6076999986544
2864.3787000000884
3062.401300001511
3036.1144000016793
2879.5267999994394
3006.5450000001874
3415.047999998933
3084.46080000067
3241.599799999676
3410.713500001293
3180.9999000033713
3086.46729999964
2881.1334000019997
2864.5926999997755
2860.229199999594
2906.428099999175
3106.7278000009537
2864.370399998734
3251.0605999996187
3423.4308999984933
2989.128699999128
2902.3616000013135
2893.9716999993834
2842.7816000003077
3007.5393000006443
3228.4791999991285
3123.776000000362
2978.228300002229
2995.3611999990244
3210.4467999997723
3244.9608000024455
3211.626600001182
3171.0668000014266
3087.689899999532
3188.5341000015615
3309.8343999990902
2969.6301000003587
3295.756999999867
2930.843600002845
2861.1984999988636
3253.729000000021
3049.372100002074
2885.1638000014646
3301.4694999983476
3091.592500000843
3246.5413000027183
2888.9736000019184
2857.226600001013
3340.4234999979963
3113.831900001969
2962.7098999990267
3369.5878999969864
3358.5290999981225
3291.736499999388
3409.9188999971375
3037.0791999994253
2909.901399998489
3230.5742999997165
3116.288199998962
3422.7597000026435
3283.518799999001
2935.427600001276
2870.882100000017
3069.588099999237
3108.9233999991848
2910.3135999976075
2873.4241999991355
2856.38690000269
2967.9133000026923
2940.6139999991865
3096.066800000699
3166.7493999993894
2952.358300000924
2888.0113000013807
3020.387100001244
3127.0357000030344
3217.581099997915
3067.682999997487
2848.4607999998843
2869.5057000004454
3217.272800000501
3170.1474000001326
2872.9545999995025
2975.7157000021834
3223.191199998837
2941.1986999984947
2931.1256000000867
2846.686699998827
2971.957300000213
3166.5377999997872
3151.9635999975435
3296.517799997673
3445.7605999996304
3427.4807999972836
3179.557499999646
2855.906299999333
2850.661799999216
2861.9923000005656
3081.8972999986727
2932.6301000000967
3185.109400001238
2982.809699999052
2897.3439000001235
3062.3481000002357
3054.1220999984944
3363.3158000011463
3365.735499999573
3200.63079999818
3384.1626000030374
3345.3187000013713
3362.331500000437
3046.9767000031425
3094.1688000020804
3246.4097999982187
2872.995899997477
3239.4605000008596
3021.1701999978686
3045.216499998787
3356.195899999875
3349.848000001657
3025.266399999964
3121.9771999967634
3350.0863000008394
2994.8603000011644
2858.5620999983803
2873.9920999978494
2878.312199998618
2853.2458000008774
2930.4573999979766
3000.9972999978345
2971.8917999998666
3383.611400000518
2947.1057999980985
2922.5751999983913
3073.800999998639
3282.407599999715
3400.4684000028647
3344.9652000017522
3008.4353999991436
3169.715299998643
3033.075600000302
3151.7601999985345
2877.595099998871
3174.7162000028766
2925.4721000033896
3110.838099997636
2979.677899998933
2933.194499997626
3057.1553999980097
3120.51209999845
3186.577699998452
3172.185499999614
3104.3838999976288
3022.7827000016987
2906.1345999980404
3012.81740000195
3148.620899999514
3014.1591999999946
2954.060700001719
2857.54210000232
2838.047100001859
2991.837999998097
3061.861400001362
3216.1970999986806
3194.43450000108
3201.886700000614
2887.531600001239
2901.2958999992406
3240.2245000012044
3225.720399997954
3207.5187000009464
3012.0075999984692
3009.0158999992127
3039.6971000009216
3224.456600000849
3066.581600000063
2839.4853999998304
2852.136400000745
2853.4099999997125
2877.7951000010944
2844.625300000189
3111.1890000029234
3082.7650999999605
3065.4627999974764
3211.4799999981187
3229.8990999988746
3202.0248000007996
3216.006099999504
3220.506800000294
3239.5706999996037
2903.9955000007467
3216.088500001206
2858.075000000099
2886.64019999851
2857.1174000026076
2838.3372999996936
2958.927499999845
3242.9021000025386
3055.2465000000666
2842.7969999975176
3174.73389999941
3246.029899997666
2979.9530999989656
3261.1972999984573
3368.0878000013763
3432.9685000011523
3270.873000001302
2846.4335999997274
3042.5628000011784
3399.6890999987954
3393.712900000537
3426.0881999980484
3420.6424999974843
3419.4268000028387
3423.979799998051
3235.781900002621
3363.7438000005204
3461.190500001976
3442.4976000009337
3424.103400000604
3319.834499998251
2975.6382000014128
2861.769200000708
2849.253000000317
2851.7843000008725
3175.172499999462
3395.830699999351
3176.877300000342
2867.477300002065
3100.4597999999532
3242.7697999992233
3420.786400001816
2938.5182000005443
3441.9723999999405
3434.419600002002
3428.7803000006534
3380.866399998922
2872.9129999992438
2866.9430000009015
2935.1062000023376
3056.6736000000674
3038.9337000015075
3120.698300001095
3144.3876000012096
3163.2110999998986
3242.887399999745
2868.4762999982922
2846.334099998785
3064.6312999997463
2888.127100002748
2847.0450999993773
3139.8823999988963
3215.921700000763
3179.964099999779
3174.848099999508
3187.5114000031317
3054.1348999977345
2853.892699997232
2986.9810000018333
3225.4689000001235
3069.378099997266
3229.4732999980624
3030.0483999999415
3049.9748000002
3096.6359000012744
3238.006299998233
3080.6527999993705
3161.1642999996548
3047.0357999984117
3232.553999998345
3154.6721999984584
3232.499399997323
3230.51359999954
3150.639300001785
3153.7897999987763
2965.629500002251
2997.9979999989155
2952.153099999123
3190.9985999991477
3404.700299997785
3422.6001999995788
3132.6723999991373
3162.520099998801
2880.4619000002276
2910.978100000648
3418.961200000922
3266.1000000007334
3100.4992999987735
3143.2195999987016
3108.120599998074
3226.072599998588
3210.943900001439
2906.032299997605
2923.0104999987816
3189.057600000524
2885.312599999452
2887.53910000014
2905.5052000003343
2869.3578999991587
3053.4139000010327
3359.6018999996886
2947.7052000002004
3111.7181000008713
2971.1831000022357
2862.787500002014
2869.858399997611
2871.8173999986902
3192.0155999978306
3418.086500001664
2898.659599999519
2936.7844999978843
2888.6392999993404
3044.246600002225
3354.512700003397
3328.1687000016973
3335.0127000012435
3200.167599999986
3269.7766999990563
3404.4150999980047
3252.5906000009854
3269.6305999998003
3289.278500000364
3373.218699998688
2944.4139000006544
2884.362199998577
2859.699600001477
3234.0696999999636
3033.374200000253
2975.999199999933
3039.705099999992
3445.3334999998333
3033.4934999991674
3304.5803000022715
3447.1516000012343
3035.958700002084
3229.5381000003545
2879.595900001732
2873.5439000010956
3229.4118000027083
3322.338000001764
3141.7226000012306
3104.865299999801
2968.06860000288
3340.110699999059
3454.504299999826
2990.1583999999275
2872.7013999996416
2853.240399999777
2931.47719999979
3129.3430000005173
2901.5522000008787
2851.8843000019842
2851.9679000019096
2932.601700002124
3126.436800001102
3345.014899998205
3315.697900001396
2872.85250000059
2882.6895999991393
2954.1778000020713
3151.2274999986403
3058.9303000015207
3188.3023000045796
3434.9875999978394
3337.5020999956178
2919.361400003254
3120.633099999395
2922.69959999976
3012.9052999982378
3190.72650000453
2952.6248999973177
3148.094200005289
3056.581600001664
3194.3201000030967
2986.1862000034307
3173.213800000667
2874.1557999965153
2874.6746000033454
2881.377600002452
3086.1466999995173
2890.456599998288
2952.689300000202
3229.731300001731
3231.1371000032523
3277.310800003761
3262.022499999148
3084.8766999988584
3246.679800002312
3160.0782000023173
2909.7776999988127
3143.758499994874
3248.626599997806
3020.952300001227
2913.0823999948916
3177.407299997867
3259.1723000005004
3193.710399995325
2932.3898000002373
3106.135300004098
3162.893599997915
3059.6997999964515
3423.78849999659
2868.1236999982502
3290.6272999971407
3388.1111000009696
3455.0866999998107
3435.2196999971056
3018.0544999966514
3205.894899998384
3325.247299995681
3058.499300001131
3117.3696000041673
3168.5087000005296
2888.949300002423
2872.7673000030336
2960.11840000574
3336.917100001301
3251.565099999425
3348.0646000025445
3206.241499996395
2858.3117999951355
2934.2020000040065
2949.0760000044247
2876.0411999974167
2887.4247999992804
3092.070699996839
3212.5421000018832
3355.8362999974634
2963.064100003976
3244.218500003626
3283.8641999987885
2881.0974000007263
2898.785199999111
3156.093499994313
3379.678299999796
3365.9525999973994
3411.2868000011076
3433.1449000019347
3330.133900002693
3266.094800004794
3172.209999996994
3296.1180999991484
2856.3987000015914
3354.6212000001105
3117.976000001363
2926.484800002072
2943.513099999109
2977.0179000042845
3036.9776000006823
3202.295499999309
2875.2948000037577
3100.869000001694
3052.148799994029
3136.302999999316
2853.052200000093
2958.114100001694
3049.8961999983294
3119.7173000036855
3195.3846999967936
3095.6875999982003
3110.246799995366
3078.1502000027103
3044.3490000034217
3143.8573999985238
3172.822000000451
2874.2349999956787
3109.9773999958416
3201.428799999121
3357.822199999646
3487.8295000016806
2958.0242000010912
3272.8456999975606
3378.012499997567
3281.831400003284
3103.046100004576
3227.0363999996334
3334.2296999981045
3366.3016999998945
3373.946200001228
3163.289000003715
3328.410800000711
3409.3104999992647
3253.4624000036274
3383.4165999942343
3373.4997999999905
3066.6268999993918
3426.360699995712
3467.275300004985
2867.9254000016954
2970.0058000016725
2896.777599999041
2884.5414999959758
3237.5495999949635
3440.6769999986864
2921.3824000034947
2949.2265000008047
2923.6318999974173
2883.7676999974065
2908.421599997382
2954.833299998427
2849.0168999996968
3064.2571999997017
3184.3967999957385
3183.760699997947
3159.130500003812
3068.8983000000007
3188.325499999337
3195.7846000004793
3136.0241000002134
2854.774200000975
2856.909399997676
2931.422100002237
3041.8226000037976
3079.9286999972537
3213.862999997218
3255.236099998001
3162.5731000021915
3287.6584000041476
3050.816000002669
3157.3921000017435
3239.316200000758
2948.2695999977295
3103.163699997822
3102.6381999981822
3044.5133000030182
3242.292599999928
3087.2549999985495
3100.3345000062836
2997.7501000030315
3071.95800000045
3135.0183000031393
3139.293100000941
3400.9225000045262
3218.6374999946565
3460.9588000021176
3191.188199998578
2872.2716999982367
2894.578500003263
3211.974600002577
3307.3220000005676
3372.9347999978927
3088.045599994075
2946.80089999747
3004.090200003702
3356.411000000662
3352.248499999405
3180.4884000011953
2871.237100000144
2886.7937000031816
2867.829900002107
2911.7173999984516
3217.5477000055253
3432.916400000977
3422.249399998691
3458.3496999985073
3495.1287000003504
3209.3173999965074
3461.8440000049304
3087.215900006413
2858.947000000626
3021.1797000010847
3199.0159999986645
3160.520600002201
3341.5939999977127
3410.8724999969127
3339.7311000007903
3349.230300002091
3127.120900004229
3455.7176000016625
3167.5961000000825
3044.3575999961467
3099.1586000018287
3053.3267999999225
3251.4640000008512
3123.4075000029407
3067.5083000023733
2972.5762999951257
2947.625799999514
3196.2879999991856
3251.345399999991
3137.65300000523
3073.421499997494
3112.4799999961397
3452.0989999946323
3509.8249000002397
3450.78790000116
3447.552599995106
3219.8776000004727
3130.1164999968023
3070.1993000038783
3175.8456000025035
3362.0745000007446
3363.600699995004
3357.223699997121
2870.5764999976964
3059.8257999954512
3238.1117999975686
3458.1621999968775
3093.914000004588
3423.749699999462
3020.3199999959907
2876.130100004957
3104.4693000003463
3106.7623000053572
3428.8386999978684
3147.816000004241
2995.904999996128
3413.0787000030978
3269.0452999959234
3105.3116000039154
2952.324600002612
3188.3147999978974
2909.3617999969865
2891.1582000000635
2876.747999995132
2879.6937000006437
3123.8107000026503
3196.584100005566
3193.828099996608
3206.3968000002205
3069.053300001542
2917.8868000017246
3169.3368000051123
2889.9776999969617
3047.1708000040962
3064.724500000011
2898.9245999982813
3129.6314999999595
3139.58950000233
3211.584099997708
3212.0943999980227
2898.4089999939897
3019.20699999755
3178.9380999980494
2951.8663000053493
2920.1934000011533
3223.952200001804
3169.4585000004736
3040.6489000015426
2961.9401000018115
2876.6474000003655
3167.2591000024113
3087.4492000002647
2910.3498000040418
3131.2018000026
3250.2587999988464
3219.062900003337
3163.823200004117
2856.1112000024877
3010.438699995575
3206.620099997963
3027.3211000021547
2898.281000001589
2863.75890000636
2885.530999999901
3384.3588000017917
3441.5515000000596
3481.1029999982566
3358.6639999994077
3448.6384999981965
3353.154900003574
3155.2362000002177
2879.9742000046535
3277.0804000028875
2961.18209999986
3343.699100005324
3381.7390000040177
3368.612699996447
3354.884899999888
3390.648600005079
3286.425499994948
2869.779100001324
3386.45600000018
3448.0464000007487
3215.947700002289
3494.9806000004173
3429.1291999979876
3259.8332000052324
3433.7603999956627
3323.8662000003387
2978.634699997201
2951.0939000028884
2914.007399995171
3187.517600003048
2911.04689999338
3251.9195999993826
3248.9988999950583
3000.885200002813
3250.128899999254
3070.3079999948386
2994.5594999953755
2914.137599997048
2928.805100003956
2904.9679999952787
3084.744200001296
3108.455800000229
2876.6485000014654
2893.7828999987687
2866.5279999986524
2950.3440000044066
2974.22760000336
2905.4457000020193
3368.476000003284
3437.6155999998446
3453.8049999973737
3301.912299997639
2958.034100003715
3237.532500002999
3190.02349999937
3379.7717000052216
3347.623499998008
3444.074899998668
3425.408299997798
3182.132999994792
3185.781499996665
3121.212000005471
2855.9185000049183
3339.1272999942885
3427.01169999782
3420.6154999992577
3366.044399997918
3356.0455000042566
2911.200300004566
2895.713900004921
3338.0378000001656
2952.3528999998234
3014.566999998351
2864.7309000007226
2859.7332000063034
3197.1140000023297
3412.108900003659
3422.9191999984323
3434.7196000016993
3433.6092000012286
3408.1283999985317
2895.984100003261
3056.225499996799
3339.7460999985924
3190.6080000044312
2917.9722999979276
3143.2752000037
3237.651499999629
3200.6487999969977
2848.653799999738
2966.0441000014544
3240.6252000000677
3211.876500005019
3236.4192999957595
3064.1239999968093
3197.7591999966535
2870.9493999995175
2855.3755000029923
3148.2472000061534
3052.069700002903
3284.339899997576
3355.1138999973773
3118.3208000002196
3397.4296000014874
3378.8570999968215
3250.922499995795
2874.338000001444
3366.9278000015765
3427.3411000031047
3303.417700000864
3257.588599997689
3138.1634999997914
3427.8314000039245
3202.100500006054
2974.7099000014714
3318.245199996454
3363.6661999989883
3412.0124999972177
3127.814200001012
2858.4560999952373
3058.9039999977103
2876.471199997468
2844.205500005046
2878.831699999864
2870.0607999999193
2852.339800003392
3067.0370000007097
2850.962399999844
2886.0469999999623
2978.568400001677
3078.185999998823
2847.9807000039727
2839.2134999958216
2872.0341000007465
2836.7010000001756
2853.4014000033494
2871.9644000011613
3027.936699996644
3300.4068000009283
2874.4977000023937
2958.9369999957853
2939.2101999983424
3074.7484999956214
2934.8596000054386
3188.9964000001783
3107.4769999977434
2944.9517000030028
2892.6367000021855
2877.7182000048924
3079.1453999991063
3410.7449000002816
2935.6127999999444
2866.5747999984887
2863.9343999966513
2904.0425999992294
3364.9399999994785
3364.0978999974323
3099.286700002267
3178.646699998353
3253.5331999970367
3025.9495000063907
2997.4569999976666
3114.1666999974404
2915.3633000023547
3036.8290999977035
3198.504799998773
3197.6491999957943
2948.619200004032
3012.300899994443
2920.905799997854
2906.1144000006607
3130.7206000055885
3110.5472999988706
3134.4884000063757
2971.986000004108
3107.9046000013477
2894.328000002133
2888.857800004189
2958.068200001435
3322.8949999975157
3158.9956000025268
3289.9170000018785
3282.644499995513
3316.1714999951073
3409.9936000056914
3357.2207000033814
3363.857399999688
3379.5214999991003
3122.1267000000807
2946.52880000649
3364.914800004044
3375.774000000092
3372.8122000029543
2990.947500002221
2866.753800000879
3141.333899999154
3348.6501000006683
3422.45019999973
3270.961599999282
2946.3962000008905
2978.904899995541
3146.2985999969533
3307.7770000018063
3091.9561999980942
3036.7201999979443
3322.1704000025056
3238.3201999982703
3066.090599997551
3141.9152000016766
2861.060900002485
3099.6930000037537
3430.1392999987
3086.734199998318
3318.422299998929
2953.2028999965405
3024.220100000093
3417.511600004218
3005.0622999988263
3349.871799997345
3449.0251000024728
3299.4051999994554
2928.041300001496
3031.074999998964
2925.1642000017455
3055.0737000012305
2952.4038000017754
3133.434600000328
2932.0364000013797
3089.607200003229
3076.3093999994453
2937.0663999943645
2857.8651000061654
3058.0933000019286
3172.0062000022153
3054.9554000026546
3110.9471000017948
2866.731100002653
2924.892800001544
2884.097099995415
3102.9492000016035
2861.9767999989563
2837.076800002251
3193.0431999935536
3001.7766000019037
3221.320399999968
2975.205400005507
2861.7889000015566
3039.704199996777
3174.5168999987072
3069.3651999972644
3144.3928000007872
3224.813199994969
3186.4640999992844
3138.7608000004548
3096.1905000003753
3168.01619999751
3111.1482999986038
3131.6833999953815
3317.556899994088
2933.507900001132
3156.099699997867
3439.251499999955
3335.9296999988146
2878.5368999961065
2865.6113000033656
2962.943800004723
3025.2699999982724
2883.4608999968623
3210.551399999531
3434.4591999979457
3376.1699000024237
3029.7157000022708
3410.5478999990737
3406.954799997038
3408.971400000155
3419.2968999996083
2978.569200000493
2850.6735999981174
2887.021700000332
3426.003100001253
3389.027099998202
3364.69510000461
3009.8594999944908
2861.0772999963956
2847.959799997625
2940.683100001479
3321.2553999983356
3338.0212999982177
3341.5330999996513
3363.4671999971033
3125.499200003105
2858.8653999977396
2857.1381000001566
2879.754999994475
3117.0084000041243
3071.8321000022115
2920.62900000019
2845.5372999960673
2930.872899996757
3425.726500005112
3344.1622000027564
3418.5071000028984
2948.1148999984725
2858.1829000031576
3269.292500001029
2905.9947000059765
2849.1683000029298
3290.9841000000597
3412.6163000037195
3410.0768999996944
3406.3000999958604
3429.4372999938787
3302.9090000054566
3032.777000000351
3161.897800004226
3260.010300000431
3346.739799999341
3348.559899997781
3328.722899997956
3135.4504999981145
2962.414399997215
3131.7061000008835
3238.617200004228
3278.832700001658
3067.4612000002526
2953.3205999978236
3147.2607999967295
3173.025999996753
3189.2305000001215
3131.5230000036536
3169.203400000697
3012.7173000000766
2838.516100004199
2850.9172999984003
3109.3094000025303
2907.1158000006108
2860.31639999419
2923.6243999985163
2867.7244999998948
2857.0764000032796
3117.4002999978256
3452.747299998009
3145.729299998493
2890.526499999396
3255.4344999953173
3345.0668999939808
3406.337700005679
3346.572100002959
3258.0048000017996
3314.4616999998107
3248.1083999955445
2905.2491999973427
2961.326700002246
2864.101200000732
3171.015100000659
3110.9428999989177
2963.0417000007583
3120.1389000052586
2938.882400005241
3027.9922999980045
3194.7335000004387
3171.536900001229
2967.9003999990528
2914.15070000221
2988.715500003309
3161.0086999935447
3111.1202999964007
3293.2316000005812
2922.424199998204
3188.2714000021224
2851.489999993646
3066.832100004831
3061.0636999990675
3094.0228999970714
3330.9264999988955
3189.603300001181
3444.199999998091
3286.1735000042245
2880.557599994063
2981.0767999952077
3404.071199998725
3273.995499999728
2857.2226999967825
2883.5546000045724
2858.1267000045045
2847.252599996864
2849.034099999699
2938.526099998853
3393.371800004388
3439.238499995554
3196.5749000009964
3108.9635000025737
2978.073800004495
3182.7877999967313
3113.5390999988886
3164.604199999303
3198.433400000795
3187.765299997409
3154.9005000051693
2924.6177000022726
3118.9655999987735
3004.173000001174
3195.8119999981136
3071.311200001219
3191.457500004617
3172.185899995384
2946.0230999975465
2898.3592000004137
3005.9094000025652
3193.3197999969707
3227.420600000187
3022.4605000039446
3232.8602999987197
3218.6184999955003
2900.937700003851
3151.039199998195
3094.9528999990434
2993.6562000002596
3025.761099997908
2911.934600000677
2939.422999996168
3346.0400000039954
3203.621100001328
3158.315599997877
2941.0559000025387
2905.617500000517
3168.9087000049767
2953.724599996349
2943.5460999957286
2890.8184000028996
3013.605700005428
2907.552200005739
3310.0500000000466
2944.2860999988625
2912.006599995948
2864.0273999990313
3132.731400000921
3152.9947000017273
3329.624199999671
3066.773899998225
2869.871399998374
2858.52739999973
3194.3688000028487
3137.70459999796
3442.5524000034784
3047.412300002179
3046.1139000035473
3145.3619999956572
3422.926200000802
3014.178500001435
3263.733300002059
3229.1022000063094
3025.626900001953
3360.0103999997373
3331.9955999977537
2997.3809000002802
2961.5848999965237
2892.829399999755
2855.3391999957967
2866.3841000015964
3349.7394000005443
2853.8627000016277
2898.423200000252
2886.1501999999746
2914.4019999948796
2848.1317999976454
2876.563800004078
2995.091400000092
3173.055300001579
3081.2573000002885
2944.4174000018393
2883.616899998742
2933.829900001001
2902.1561999979895
3035.6808999931673
2884.2960999973
2868.709000002127
3311.120899998059
3417.8135999973165
3026.454900005774
3249.269200001436
2919.4430999996257
3070.993499997712
3402.1928000001935
3408.819799995399
2860.6709000014234
3372.38420000358
3391.4426999981515
3154.459899997164
2853.211299996474
2967.7175999968313
3331.5800999989733
3338.280700001633
3345.53749999759
3289.3296999973245
3315.3247000009287
3371.4766999983112
3240.912900000694
3174.9531000023126
3365.810800001782
3241.8708999975934
3161.593200005882
3379.4610999975703
3204.104999997071
3317.0356000046013
3426.666599996679
3061.438700002327
3169.6464999986347
3431.1245000062627
3429.906099998334
3490.4682999986107
3438.056200000574
3231.868499999109
3233.0876999985776
3185.650800005533
3153.8516000000527
2892.3607999968226
3237.898600003973
3425.3112000005785
3410.5280000003404
3407.8967000023113
3424.080299999332
2921.5174000055413
3044.8301999931573
3410.146400005033
3048.1844000023557
2983.1391999978223
3389.2728999999235
3383.433700000751
3382.3584000056144
3355.350700003328
3206.106500001624
3343.6576000021887
3379.0987000029418
3418.2534999999916
3021.34240000305
2875.7025000013527
2842.747099995904
2842.590200001723
3096.5546000006725
3206.8311000039103
3251.7087000014726
3161.774600004719
3166.9146999993245
2883.279000001494
2842.8306999994675
3149.7619000001578
3181.33189999935
3146.034799996414
3156.230600005074
3091.1462000003667
3171.325199997227
3179.176899997401
3404.4126000007964
3430.0599999987753
3197.307800000999
2882.7451999968616
2854.221999994479
2859.5075999983237
3126.045500001055
3019.6271000022534
2885.0268999958644
2868.5813000047347
2858.9640999998664
2993.7328999949386
2873.7515000029816
2926.22410000331
2965.931900005671
3192.4702000032994
3178.0747000011615
2896.592699995381
3326.966300002823
3431.2524999986636
3463.782500002708
2865.075900001102
3054.1628999999375
3276.428600001964
2866.6268000015407
3276.1884999999893
3416.1105000021053
3264.042700000573
3360.517199995229
2982.072099999641
2877.4876999959815
2974.412300005497
3367.557699995814
2878.6645000000135
2916.1578999992344
3274.2368999970495
3355.0528999985545
3341.1510000005364
3244.1880999977
3112.703799997689
3179.017999995267
2995.809400003054
3422.776799998246
3186.0471999971196
3098.977300003753
3011.1012999986997
2921.44699999335
2994.6531999958097
3011.857499994221
2961.565600002359
3158.8265000027604
3175.455599994166
3173.952299999655
2960.3739000012865
3210.851299998467
3108.5362999947392
3217.62740000122
3176.265699999931
3213.112999997975
2930.975099996431
3097.4065999980667
3171.383799999603
3130.377399997087
3222.1089999948163
3182.588700001361
3223.770399999921
2990.162299996882
3216.8356999973184
3068.1059999988065
3090.7472999970196
3213.547199993627
2930.393999995431
3132.985500000359
3165.465199999744
3168.04250000132
3237.9064000051585
3162.3844999994617
3168.7896000003093
2975.721999995585
3195.767600002
3166.024099999049
2853.8304999965476
2981.8018000005395
2857.7988000033656
3069.7215999971377
2886.872700000822
3112.3730999970576
3330.483199999435
3123.1933000017307
3179.7686999998405
3319.6648999946774
2896.8268999960856
2852.5815999964834
2890.873799995461
3024.22029999434
2869.2891000027885
3193.184299998393
3406.4674000037485
2964.809500001138
3329.775800004427
2867.204199996195
2985.510600003181
3035.22559999692
3194.967600000382
3156.027899996843
3174.1442999991705
3182.2070999987773
2896.900399995502
2933.838500001002
2901.2632000012673
3172.4671999982093
3187.838899997587
2922.812700002396
2942.7283000040916
2973.7687000015285
3203.43110000249
3010.4108000014094
2908.913899998879
3041.963700001361
3144.8069000034593
2841.145399994275
3052.9815000045346
3150.336500002595
3227.99600000144
3216.252300000633
3123.679099997389
2862.341000000015
2962.803900001745
2895.7258999944315
2878.992300000391
2863.6440000045695
3132.0711000007577
2921.788400002697
3258.4692999953404
3251.865499994892
3149.9003999997512
2915.049299997918
2944.237699994119
3188.9474999989034
3061.1122000045725
3059.3219000002136
2927.9912000056356
2854.746000004525
2943.224199996621
2902.690499999153
2873.692299996037
2864.0524999937043
3264.2943000028026
3337.36399999907
3073.6963999952422
2923.4377999964636
2878.1356000035885
2867.8856999977143
3335.27039999899
3426.4598000008846
3405.8417999985977
3348.5889000003226
3292.1705000044312
3361.123200003931
3358.623300002364
3346.392299994477
3184.280099994794
3313.2764999973006
3366.563399998995
3345.5169000008027
3353.6862999972072
3351.9088000030024
3291.8487999995705
3337.166500001331
2890.493700004299
2864.6899000013946
3048.137500001758
3053.0072000037762
2957.13760000217
3155.9897999977693
3303.1573000043863
3213.628700003028
3137.3633000039263
2924.351299996488
2926.3939000011305
3113.8112999979057
3069.7682999962126
3167.9094999999506
3172.3008999979356
3251.305899997533
3109.0315999972518
3086.886899996898
3457.2576999999
3339.8174999965704
3328.4803999995347
3080.6360999995377
3013.7190999957966
3347.304399998393
3239.5756999976584
2964.663600003405
3142.9413000005297
3362.5841999964905
3367.1883000060916
3341.9676999983494
3375.6463000026997
3058.2291999962763
3377.272900004755
2905.671300002723
3015.159099995799
2883.452699999907
3292.2957000046154
3417.2025000007125
3409.405300000799
3406.054099999892
3085.782400004973
3068.491999998514
3420.738299995719
3332.176600000821
3142.845100002887
3216.627599998901
3031.7782999991323
3327.0789999951376
3398.983600003703
3239.45349999849
3370.62270000024
3158.2266999976127
3216.9118000019807
3121.8427999992855
3067.927600000985
3316.046700005245
3142.4689999985276
2876.9502000068314
2885.499299998628
2917.847700002312
2983.1979000009596
2905.8204000029946
2961.255900001561
3007.315300004848
3216.6895999980625
3241.1384000006365
3268.117900006473
3219.1330999994534
3242.1689000038896
3206.8995000008726
3001.9117000047117
3165.758700000879
2980.504099999962
3123.6957000000984
3130.3783000039402
2856.803200003924
2844.63390000019
2849.9264999991283
2851.418800004467
2866.178199998103
2888.6596000011195
3078.315400001884
3153.218999999808
3132.261300001119
3052.125399997749
2889.272800006438
3167.090000002645
3159.818300002371
3043.440200002806
3156.3483999998425
3155.240699998103
3170.316299998376
2887.27989999461
3110.824399998819
3027.1928000001935
3141.003800003091
3141.8878999975277
3123.258800005715
2871.990099993127
2849.8019999969983
2874.1746000014246
2861.901199998101
2861.2481000018306
2872.5583999985247
2870.999300001131
2862.866000003123
2850.5456000057166
2861.8711000017356
2902.5762000019313
3145.975499995984
3345.487599995977
3343.6503000048106
3381.71699999657
2870.5602000045474
2875.541699999303
3244.5652000023983
3379.810600003111
3378.537199998391
3106.232499994803
3382.040999997116
2855.155699995521
3396.480799994606
2963.4390999999596
2909.1715999966254
2939.670899999328
3201.805400000012
2876.200200000312
2874.373300001025
2851.8907999969088
2880.1043999992544
2856.2123000010615
3231.6375999944285
3062.2245999984443
3012.982499996724
3228.6211000027834
3195.051800001238
3091.3858999992954
3234.4868000000133
3225.1524000021163
3284.718300004897
3283.948500000406
3231.859400002577
3241.729599998507
3040.7117000067956
3087.9755999994813
3048.897400003625
2924.3719000005512
3099.876899999799
2910.4379000054905
3066.2363000010373
2911.5356000038446
3120.1360000050045
2948.4557999967365
3151.543699998001
3159.858200000599
2998.866199995973
2992.268200003309
2878.751699994609
2920.199299995147
3160.208799999964
3139.9311999994097
3117.135299995425
3151.020100005553
3157.4557999992976
3305.0218999997014
2970.3293000056874
2876.288499996008
2935.4756999964593
3291.73720000108
2984.40319999645
2853.6353999952553
3118.46389999846
2951.518699999724
2956.6726999983075
3202.30669999728
3201.8326000033994
3374.9735999954282
3353.492800000822
3097.731500005466
2939.513099998294
3357.9328000050737
3134.05409999541
2903.462000002037
3152.6145999960136
2990.7220999957644
3126.0241999989375
2852.368599997135
2983.9014999961364
2862.4079000001075
2903.8147999963257
3358.242700000119
3270.7362000001012
3430.9554000064963
3382.0018000042182
3189.252899996063
3259.445499999856
3134.4284000006155
3430.409200002032
3154.743499995675
3415.5681999982335
3178.3763999992516
3169.122499995865
3396.2114000023575
3409.3758999952115
3162.735400001111
2930.5316000027233
3378.9636000001337
3408.2440999991377
3069.94709999708
3257.0857999962755
3280.872700001055
2853.9099999979953
2873.8040999960504
2858.422299999802
2869.4850000028964
2854.765900003258
2969.216699995741
3158.6195999989286
2983.181499999773
3176.304100001289
3214.281699998537
2923.594600004435
3203.0140999995638
3340.0381000028574
2898.1447000041953
2884.685900004115
3421.913600002881
3419.368499999109
3253.092500002822
2867.901699995855
2880.874100002984
2925.5415000006906
2933.499099999608
2938.9375999962795
3008.9566000024206
3366.726000000199
3462.2615999978734
2953.7810000038007
3094.8073000035947
3355.685899994569
3052.553200002876
3108.093700000609
3252.4679000052856
3119.1265000015846
3091.19059999648
3334.5871999990777
3406.8573999975342
3094.497700003558
2872.712299998966
2988.878099997237
3280.566200002795
3231.1685000022408
3012.2746999986703
2921.515599999111
3088.5268000056385
2899.0155000064988
3139.22559999628
3026.844100000744
2944.3567999987863
3249.854100002267
3342.553800001042
3464.8786000034306
3374.316200002795
3091.3817000036943
3254.6883999966667
2889.893600004143
2886.312300004647
3285.6769999998505
3448.3785000047646
3143.045799995889
2883.4528000006685
3120.0143000023672
3207.6204999975744
2862.4251000001095
2858.309700000973
2856.783400005952
2913.7738999997964
2976.5619000027073
3000.900399994862
3106.6743999981554
2884.562699997332
2948.4751999989385
2902.710599999409
2935.5597000030684
2900.5864999999176
3141.107799994643
3251.2671000004048
2983.858199993847
3243.961500003934
3209.220299999288
3240.289900000789
3451.9693000038387
3192.042599999695
3097.592500002065
3096.1518000040087
2863.3937000049627
2916.9930999996723
3219.8988999953144
3411.6873999955715
3442.4562999993213
3450.6056000027456
3299.2598000055295
3334.160000005795
3359.619399998337
3213.0624999990687
2932.6307000010274
2940.491800000018
3149.0935000038007
3424.0663000018685
2876.2884000025224
2920.521899999585
2909.908699999505
3080.13920000667
2976.0610000012093
2884.622700003092
3070.164400000067
3250.93989999732
3137.6879000017652
2898.1027999980142
3188.672600001155
3297.4895000006654
2972.8098999985377
2999.700700005633
3277.478500000143
3244.916799994826
3107.2112999972887
3245.188799999596
3164.642299998377
2854.8336000021663
3185.097499997937
2927.873400003591
2893.9076000024215
2904.063200003293
2926.860799998394
2928.8182000018423
3252.9964999994263
3216.7648000031477
3170.1668000023346
3459.5394000061788
3357.219099998474
2876.2255999972695
2878.4373000016785
3181.5262000018265
2866.064699999697
3093.694499999401
3330.7122999976855
3373.180399998091
3405.1822000037646
3337.770999998611
3185.2508999945712
3339.3950999961817
3094.1011999966577
3429.9487999960547
2960.9726999988197
3120.896000000357
3415.829899997334
3211.637400003383
3321.068400000513
3443.686099999468
3450.2594000005047
3429.2339000021457
3082.752399997844
3408.0355999976746
3204.8881000009715
2886.3707999989856
3218.033999997715
3166.0966999988887
3037.0225999940885
2890.119899995625
3097.235900000669
3054.279399999359
2882.599199998367
2959.739999998419
2880.5183000004035
2922.7468999961275
3420.3407999957562
3377.339499995287
3378.9917999965837
3383.772200002568
3323.942099996202
2876.2286999990465
2915.6681000022218
3226.390000003448
3362.386900000274
3369.552299998759
3380.6412999983877
3332.1658999993815
3140.3221000000485
3366.046000002825
3415.6730999966385
3411.984400001529
2914.7292000052403
2866.6225999986636
3310.6765000047744
3410.5089000004227
3316.30430000223
2883.0719999969006
2891.799200006062
3173.411200004921
3262.0309999983874
2857.015000001411
3372.147499998391
2951.344599998265
3196.2188000034075
3420.4882999983965
3470.3215999979875
2895.8713000029093
3196.9861000034143
2914.157699997304
2865.9072000009473
2996.5377999978955
3260.513000001083
3238.9814000052866
3229.944099999557
3247.226599996793
2877.1403999999166
3102.316600001359
3099.86580000259
3236.948300000222
3165.054199998849
3087.9877999977907
2846.5867999984766
2847.253499996441
3093.6151999994763
3142.533400001412
3134.15410000016
2881.6421999945305
2849.7122999979183
2886.2211000014213
3181.258299999172
2895.397699998284
2875.126300001284
2879.953099996783
2852.9232000000775
2846.807300004002
2893.9947000035318
3411.1174999998184
2879.6187000043574
2902.1406000028946
3179.2308000003686
2879.6609999990324
3239.8157000061474
3247.057299995504
3232.4481000032392
3090.858700001263
2860.7608000020264
3139.754300005734
3373.242300003767
3075.137200001336
3218.504500000563
3049.069699998654
2875.421600001573
3083.346799998253
3371.0385999947903
3172.751199999766
3078.938600003312
3140.492300000915
3198.1037000005017
3145.407099997101
2952.6696000029915
2843.143500002043
2845.360499995877
2847.0354000019142
2840.3468999968027
3012.315399995714
3189.401600000565
3152.9804000019794
3238.5467999993125
3429.6895999941626
3262.321799993515
3424.7581000017817
2966.1049999995157
2883.4951000026194
2873.11469999986
2946.0497999971267
2851.023199997144
2858.8329999984126
3303.9090000020224
3386.1074000014924
3377.6964000062435
3384.154799998214
3179.7357000032207
2851.5111000015168
2882.5243999963277
2913.0776999954833
3301.6043000025093
3426.8502999984776
3313.9531999986502
2935.062000004109
3386.649699998088
3296.6968000037014
3191.5847999989637
3353.9433000041754
3269.8245999999926
2868.0155999973067
3049.7604999982286
3228.7862000011955
3166.9189000022016
3255.704200004402
3419.3021999963094
3145.602600001439
3329.973899999459
3327.5190999993356
3360.840299996198
3361.005799997656
3427.128499999526
3400.6192999950144
3039.3140000014682
3433.9649000030477
3427.6524000015343
3230.9736000024714
3241.1164000004646
3349.328100004641
3025.89579999767
2892.4941000004765
2893.660900001123
3077.6439999972354
3445.9124999993946
3173.952500001178
2941.8967999954475
3205.230200001097
2859.390199999325
3165.7059999997728
3119.181000001845
2912.7733999994234
3154.208200001449
2894.2576000044937
2836.708599999838
3129.9245999980485
2895.9118999991915
3133.930000003602
2865.249099995708
2866.24870000378
2889.239100004488
3102.3570999968797
3220.005900002434
3239.040300002671
3194.2809999964084
3242.311800000607
2976.6479000027175
3042.5497999967774
2845.103300001938
2877.5877000007313
3340.233700000681
3339.1198000026634
2910.6440000032308
3297.3237999976845
3421.8080999999074
3375.6781999982195
3356.101799996395
2958.1581999955233
2870.893100000103
2848.438199995144
3025.1213000010466
3090.4647999996087
3148.4455000027083
3308.165200003714
3335.2169999998296
3331.2026000057813
3363.122500006284
3245.960799999011
3422.6278999994975
3050.0743000011425
3008.834799999022
2974.4218999985605
3225.6202999997186
3420.2631000007386
3306.1869999946794
2928.9577000017744
3280.2424999972573
3411.2782000011066
3284.61779999634
3417.832699997234
3278.7985000031767
3281.8158000009134
3103.4762999988743
3084.9745999948937
3097.2904000009294
3355.0649999961024
3351.9893000047887
3378.018700001121
3019.7349000009126
3185.727500000212
3279.189300003054
3197.268500000064
2892.2202000030666
3083.760900000925
3418.249800000922
3227.440700000443
2925.002800002403
3179.044000004069
3181.4240000021528
2950.861299999815
3129.0735000002314
3191.353499998513
2878.1755000018165
2974.793600005796
3196.3828000007197
3110.063899999659
2947.5013999981456
3213.0451000048197
3232.104299997445
3010.874200001126
2868.469599998207
3381.6340999983368
3091.5658000012627
3231.932099995902
3294.193499998073
2902.671999996528
3333.038700002362
3350.269599999592
3301.444000004267
3188.584899995476
3450.9440999972867
3085.088599997107
2861.44670000067
2877.9867999983253
2895.6161000023712
3077.0082999952137
3115.3741999951308
2959.7240000002785
2869.1047000029357
3180.2335000029416
3195.120099997439
3183.6115999976755
3175.9883999984595
2875.4754999972647
3171.7017000046326
3187.80610000249
3147.105299998657
3177.824200000032
3165.207600002759
3185.467499999504
3123.4700999993947
2857.3614999986603
2878.6618000012822
2870.5391000039526
2851.625299997977
2914.1900000031455
3102.648899999622
2851.6146000038134
2865.104299999075
3014.8318000065046
2842.7931999976863
2855.811500005075
2953.5870000036084
3251.3779000000795
3249.0541000006488
3236.595899994427
3237.351999996463
3237.859300003038
3234.654899999441
3175.047300006554
3091.8487000017194
3067.5568000006024
3156.320699999924
3367.6233000005595
3429.132199999003
3454.9234000005526
2896.3722999978927
2875.8224999983213
2862.8083000003244
2864.8889000032796
3102.9105999987223
3409.202100003313
3035.4861000014353
2886.9405000004917
3122.62919999921
3426.5979999981937
3428.6349000030896
3317.8054000018165
3248.329099995317
3363.1903999994393
3372.819800002617
3361.7411000013817
3175.543799996376
2924.638500000583
3216.8250999966403
2958.3118000009563
2992.8762999988976
2844.329400002607
3125.632499999483
3186.9988000034937
3214.0680000011344
2957.730400004948
2996.001500003331
3186.7143000054057
3178.68389999785
2890.600799997628
2952.2940999959246
2900.1800999976695
2840.627899997344
3124.047799996333
3175.0366999986
3090.3513000012026
3054.3498000042746
3431.0482000000775
3424.0941000025487
3308.449299998756
2857.8295999977854
3176.0315999999875
3371.0696999987704
3391.767900000559
3376.6003000055207
2984.685699993861
2980.369299999438
3363.2548000023235
3397.046100006264
3307.468799997878
3371.386699996947
3367.0318000004045
3293.0044999957317
3161.689099993964
2895.3648999959114
2856.204300005629
3039.809100002458
2927.6568999994197
2954.550800001016
3098.4997999985353
3486.7701000039233
3252.8490999975475
3183.9835999999195
2996.627599997737
3332.9225000052247
3251.2115000063204
3113.346099999035
3345.461199998681
3138.2496999940486
2856.013399999938
3057.7713000020594
2875.169200000528
3237.712599999213
3016.079599998193
2899.144000002707
3333.9859999978216
3450.528100001975
3337.1280999999726
3019.8431000026176
2930.4234000010183
3185.3066999974544
2948.7517999950796
3158.0919999978505
3327.6268999979948
3169.162400001369
3196.592699998291
3183.7936000010814
3110.117900003388
3246.096700000635
3238.6447000026237
3235.8098000040627
3089.092399997753
2915.1052000015625
3175.9554000018397
3023.6178999984986
3085.349099994346
3018.4832000013557
2928.400699995109
3138.729099999182
3132.491399999708
3233.349999994971
3135.175800001889
3159.863300003053
3254.230999998981
3216.9393000003765
3224.4442000010167
3250.967399995716
3229.2731999987154
3232.910400001856
3226.1201000001165
3182.1907999983523
3183.4325000018
3187.3999000017648
3173.904700001003
3012.9560999994283
3087.4729999995907
2988.5610999990604
3157.354999995732
3179.8275000037393
3390.0011999940034
3440.5839999963064
3149.729600001592
2899.0306000050623
2913.3046999995713
2870.849200000521
3025.7958000001963
3323.6610000021756
3246.4824999988195
3303.68129999988
3341.4345999990474
2977.7220000032685
2861.392999999225
3004.3258000005153
3287.8254000024754
2962.7808000004734
2925.293200001761
3210.886200002278
3342.066100005468
3350.670200001332
3294.143499995698
2878.0716999972356
3093.9412000006996
3000.841799999762
3043.8366000016686
3117.2151999999187
3463.5437999968417
3068.104800004221
2883.2087999981013
3228.4728000013274
3353.6299999977928
3350.726399999985
3029.0324999950826
3290.3187999982038
3132.963900003233
3202.8924000042025
3025.564600000507
2937.296600000991
3323.5246000040206
3464.788800003589
2889.5392999984324
2852.482800000871
2872.763600003964
2987.097499993979
2959.5180000032997
3144.7827000010875
3207.4579000036465
3187.886300001992
3182.1692000012263
3015.227199997753
3058.245899999747
3093.481600000814
2868.256099995051
2868.1462000022293
2855.756400000246
3201.1008000044967
3108.6547000013525
3231.7082999943523
3157.225199996901
3372.929099998146
3419.6601000003284
3407.8957000019727
3469.778899998346
3346.7734000005294
3366.5909999981523
3353.730800001358
3338.4920000025886
3354.516400002467
3395.997100000386
2986.101900001813
3372.8416000012658
3380.7078000027104
3328.8208000012673
3114.558000001125
3161.0241000016686
3276.2278000009246
3410.6205999996746
3405.42799999821
3165.1584999999614
2880.986300006043
3239.918500003114
2924.7956999970484
3067.806400002155
3358.0904999980703
3329.7105000019656
2852.0308999941335
3130.581900004472
2849.8705999954836
2842.2134000065853
2841.0042000032263
2957.9962999996496
3191.51039999997
2945.994099995005
3149.730700002692
3067.5642999995034
2882.1037000016076
2986.169700001483
3204.422999995586
2896.980199999234
2860.414499999024
2900.591000005079
2931.6057000032743
2926.669300002686
3082.981800005655
3189.6841999987373
3053.1375999999
2861.2170000051265
3040.0463999976637
3000.6027999988873
2855.753600000753
3008.8795000046957
3355.516499999794
3400.641200001701
3400.945800000045
2863.7982000000193
3386.3981000031345
2982.642199996917
3222.2744000027888
3297.0529000012903
3085.155199994915
3139.2842999994173
3160.4232999961823
3014.536800001224
2918.530399998417
3299.937299998419
3425.5599999960396
3169.7360999969533
3226.155499993183
2851.864600001136
2903.7888000020757
2982.0717000038712
2922.005699998408
2959.713999996893
3098.014499999408
3125.342699997418
2920.1118999990285
3182.2677000018302
3184.9648999996134
3191.230099997483
3019.2270999978064
2850.3827000022284
2867.388500002562
2972.961399995256
2852.251799995429
2898.108499997761
3178.710799998953
3195.846300004632
2937.847300003341
2845.2814999982365
2979.2103999934625
3159.302799998841
3186.645600006159
3189.1640000030748
3070.716200003517
2853.3520000055432
3119.367200000852
3250.2691999980016
3233.144399993762
3032.483899994986
2913.5372000018833
3175.409099996614
2842.247500004305
2959.7977999947034
3245.4642000011518
3157.5217000063276
3189.044200000353
3161.7225000009057
2924.9720000007073
2863.3528999998816
2904.463200000464
2893.367799995758
2898.4201999992365
3234.194499993464
3009.4284000006155
2860.5481999984477
2868.7634999951115
2848.5023000030196
2965.5369999964023
3349.2754000035347
3029.4564999931026
2972.300200002792
3339.3072999970173
3396.4950000008685
2971.7063999996753
2852.1770000006654
2892.107699997723
2861.744900001213
2875.615899996774
3083.13569999882
3477.7673999997205
3355.9009000018705
3356.8448000005446
3090.7093999994686
3012.1795000013663
3131.179299998621
2887.530299994978
2864.5296999966376
2940.3690000035567
2945.562400003837
2880.797199999506
3248.820799999521
3396.193199994741
3387.3839000007138
3439.2405999969924
2942.1205000035116
2970.799499998975
2920.413899999403
3229.8523999997997
2876.2223000012455
2952.4214999983087
3398.002499998256
3428.2355999966967
3314.9310999942827
3197.796100001142
3124.199199999566
3188.2771000018693
3027.2103999959654
3077.455899998313
3185.3254000016022
3149.5581999988644
3191.0200999991503
3123.052799994184
3162.8724000038346
3189.180999994278
3009.2982000060147
2870.50520000048
3014.5435000013094
3253.9470000047004
3117.802100001427
3128.0550000010408
3234.6513000011328
3242.695900000399
3242.129099999147
3038.5586000047624
2848.9162999976543
3019.749699997192
3152.5949999995646
3244.7274000005564
3044.485300000815
2848.692600004142
2843.887099996209
2883.660299994517
2926.4613000050304
2886.514799996803
3036.4134999981616
3384.3252999940887
3409.7516000038013
2925.8736000047065
3172.687699996459
3540.8122000008007
3518.461400002707
3460.050699999556
3241.6236999997636
2853.0971000000136
2862.38289999892
2864.882599998964
3260.624500006088
3220.81839999737
2879.6767000021646
2869.1168000004836
3088.1999999983236
3304.2471000007936
3206.8273999975645
3096.5032000021893
2963.4367000035127
2883.5897000026307
2998.188300000038
2976.535599998897
2935.080099996412
2921.8959999998333
3077.1794999964186
3189.097499998752
3246.9722000023467
3121.8705999999656
3083.741000002192
2861.830399997416
2960.2747000026284
3206.6315000047325
3362.192699998559
3299.8919999954524
3096.4971000066726
3374.048899997433
3367.3809000028996
3386.2955999939004
3392.3377999963122
3378.2804000002216
3169.7837999963667
2899.511799994798
2905.573000003642
3304.389999997511
3298.7656999976025
2956.693100000848
2910.095299994282
2922.2205999976723
2943.7770000004093
3018.8090999945416
3078.0357000039658
2866.270099999383
2873.9363999993657
3368.4243000025162
3111.1562000005506
3050.8363000044483
3214.9789000031888
3101.6822999954456
3368.3368999991217
3336.309499994968
3071.7856000046595
3234.7011999954702
2866.695400000026
2882.764000001771
3115.4600999943796
2857.8168000021833
2859.641700000793
3190.522900003998
3017.3600999987684
3184.7825000004377
2894.253200000094
3174.8454999979003
2930.8006999999634
3150.191699998686
3417.6196000044
3234.7154000017326
3263.061199999356
3444.9614999975893
3077.532399998745
2905.6555000061053
2927.90000000241
3074.2555000033462
3200.6674999938696
3203.3841000011307
3442.960700005642
3480.9194000044954
3330.355900005088
2894.1196000014315
3054.1120000052615
3400.6274999992456
3379.7250000061467
3424.3630999990273
3083.773600003042
3390.8391000004485
3384.049699998286
3453.0318999968586
3012.964199995622
3034.951900001033
2960.094100002607
3001.168599999801
3055.9716999996454
2936.0082000057446
3183.27280000085
3456.968999998935
3273.084199994628
2860.9655999971437
3040.082800005621
3230.1251999961096
2853.1348000033177
2866.2459000042873
3200.1985000024433
3377.0828999986406
3205.6821000005584
3017.641400001594
3401.626300001226
3245.5944000030286
3202.85000000149
2952.8861999933724
3031.5348000003723
3212.517399995704
3201.666300003126
3149.955699998827
3143.277700000908
3185.062000004109
3172.034100003657
3221.1041000045952
3193.324300002132
3189.9209000039264
3191.9362999979057
3101.5920999998343
2897.677400003886
3277.4270999943838
3208.1886000014492
2904.888699995354
2992.126199998893
3153.6236999963876
3364.769299994805
3451.648700000078
3431.5440999998827
2868.759200006025
3281.549500003166
3090.4096999947797
3360.033500001009
2957.65609999944
2941.050699999323
3202.280299999984
2948.063700001512
3037.2043999959715
3288.6762999987695
3442.0484000002034
2895.433600002434
2947.3637999981293
2885.776800001622
3351.3203999973484
3043.028600004618
2961.0509000049205
3100.277900004585
2861.6213999994216
2966.526399999566
3179.9264999935986
2990.3673000007984
3085.72550000099
2966.895300000033
3021.448200001032
2849.3839999937336
2923.2525000043097
2866.603499998746
2879.6838999987813
2881.2241000050562
2866.1662000013166
2869.7074000010616
2864.6131999994395
2865.8304999989923
3317.61070000357
3062.3792999977013
3189.061999997648
3098.1205999996746
3444.618999994418
3427.47010000312
3480.2283000026364
3389.181499995175
3436.4674000025843
3342.788699999801
3394.700199998624
3353.232500005106
3441.7465000005905
3150.512299995171
2874.970699995174
2944.8477999976603
2870.9985999958008
3197.714999994787
2973.25219999766
3165.640600003826
2870.0332999942475
3201.364900000044
3346.656100002292
3345.863199996529
3211.4055000056396
2986.5337000010186
3087.4587999933283
3172.113900000113
3196.4298999955645
3185.4074000002583
3117.3379000028945
2926.9937999997637
2862.759100004041
3063.814299996011
3186.1181999993278
3199.576699997124
3216.6397999972105
3198.7344000008306
3196.022800002538
3106.538300002285
3037.4286999940523
3196.2064000035753
3204.3405000003986
2867.2669000006863
2926.6800999976113
2848.8111999977264
2881.726100000378
2840.0485000020126
3017.9518000004464
3198.8391000049887
3066.3893000019016
3246.7035000008764
3253.700100001879
2856.5608999997494
2878.0383999983314
2994.770899997093
3160.766799999692
3039.899700001115
3237.8452999982983
3232.744699998875
3213.546099999803
2860.898500002804
3089.710500004003
3084.210200002417
2927.4148999975296
2995.534800000314
2987.703800004965
2859.9908000032883
3035.081699999864
3233.567499999481
3239.6145000020624
3242.4987999984296
3292.059599996719
3252.763700002106
2890.444700002263
3066.395599998941
3253.5041000010096
3427.296200003184
3050.68040000333
3339.805700001307
3358.7412999986554
3382.948700003908
3226.3239000021713
3328.326599999855
3378.1372000012198
3096.579199998814
3306.899600000179
3143.9228000017465
2905.448699995759
2936.1680000001797
2873.258200001146
2896.751899999799
2866.9817999980296
3238.4364000026835
3339.739000002737
3376.1369999992894
3449.7629000034067
2954.8023999959696
2887.5545999981114
2856.6337000011117
3456.644600002619
3280.3130999964196
3409.290100004
3138.294500000484
2866.768600004434
3134.336399998574
3431.7864999975427
3278.3113999976194
3431.936599998153
2914.9077999973088
3037.2344000061275
2884.4247000015457
2998.8845999978366
3177.6418999943417
3131.5342000016244
3440.5455000014626
3330.092299998796
3267.5296000015805
2997.8459999983897
2841.1182000054396
2884.2099999965285
2930.9741999968537
2840.4962999993586
2958.724099997198
3360.919799997646
3158.1933999987086
2865.4534999950556
3306.213600000774
3086.79100000154
3013.439099995594
3354.5204999973066
3323.527799999283
3476.359300002514
3463.91389999917
3440.157699995325
2962.5850999946124
3036.8607999989763
3289.407199998095
3035.396100000071
3338.6671999978716
3390.935299998091
3392.8815000035684
3382.650300001842
2998.9366000008886
3035.22779999912
3047.444199997699
3074.1390000039246
2855.85450000508
3102.9363999987254
3354.371399997035
3129.0993000002345
3304.5788000017637
3363.625400001183
3362.082500003453
3347.954099997878
3021.614799996314
3157.3247000051197
2885.6785999960266
3336.255100002745
3344.1431999963243
2918.7324000013177
2944.163899999694
2976.4505000057397
2879.811899998458
2913.0919000017457
3312.452199999825
2876.4249999949243
2863.194500001555
3290.390699999989
3058.574199996656
3240.26519999461
3257.5705999988713
3139.5913000014843
2856.8164000025718
2969.7139999989304
2969.688099998166
2860.896899997897
3159.6150000041234
3336.1486999929184
2952.677400004177
2922.2905000060564
3305.7354999982635
3367.345300001034
3374.894199994742
3370.1943999985815
3177.8478999985964
2963.5485999970115
2966.764600001625
3058.1860000020242
3457.0376000046963
3410.464900000079
3162.281700002495
2909.934900002554
3127.2320999996737
3045.252600000822
3442.7034000036656
3418.728899996495
3444.442699998035
2873.5092999995686
3331.2622000012198
3294.4709999937913
3277.5794999979553
2870.246699996642
3234.7707000008086
3457.2218999965116
3219.720100001723
2945.319999998901
2924.1421000042465
3077.7642000030028
2852.8420999937225
2846.885899998597
2870.1480999952764
2921.3193000032334
2909.4230999980937
3092.2265999979572
3085.951599998225
2881.738600000972
2874.068500001158
2865.2581999995164
2970.4844000007142
3108.2261000046856
2905.9104999978445
3104.3501000021934
2906.4684999975725
2877.8529000046547
3275.1285000049393
3379.583299996739
3093.440200005716
3201.9421000004513
2873.587800000678
2952.8062000026694
3402.463500002341
3177.77180000121
3261.376399997971
3408.173900003021
3433.062100004463
3119.7738999981084
2920.1579000000493
3198.4741000051145
3172.1746000039275
3214.020100000198
2997.5527999995393
3200.5274999974063
3112.4288999999408
3236.410200006503
3256.854699997348
3260.2645000006305
3166.0189000031096
2877.6455000042915
2855.783300001349
3242.7616999993916
2967.0478999978513
2889.4651000009617
3189.0189000041573
3045.4776999977184
2859.921500006749
2885.8574999976554
2962.708400002157
2971.3799999954063
3154.0668999950867
2943.086499995843
3068.796100000327
2970.2103000017814
2838.083299997379
3044.432400005462
3207.215800000995
3192.542000004323
3060.638900002232
2935.5900999944424
2857.7774000004865
3149.8700000011013
3156.948399999237
3228.941199995461
3411.194300002535
2963.421100001142
2895.1039999956265
3448.5749999948894
3453.9915999994264
3095.539399997506
3424.351599998772
3113.0944000033196
3129.528900004516
3419.6270999964327
3354.3012000009185
3449.5189000008395
3100.8034000042244
3066.7385999986436
3221.54369999771
3434.253200000967
3354.1977999993833
3155.113699998765
2879.908000002615
2869.1038000033586
3299.3266000048607
3433.4519999974873
3415.1619000040228
3475.8972999989055
3410.9791000009864
3276.29529999831
3134.150199999567
3030.0066999989212
3082.640900000115
3187.259400001494
3172.711799998069
2975.776399995084
2861.166000002413
2855.7510999962687
2911.099099997955
2989.6376000033342
2887.5852999990457
3162.372699996922
3032.019099999161
3192.72490000003
3171.1952999976347
3255.0398999956087
3443.3274999973946
3442.562700001872
2900.885199996992
3158.3420999959344
3437.2030000013183
3434.464099998877
3121.541399996204
3446.155700003146
3417.780399999174
3428.091799993126
3380.5848999982118
3316.9017000036547
2982.514399998763
2969.3576999998186
2882.5873999958276
2871.6316999998526
3049.939299999096
3002.266800001962
2886.717300003511
3199.9385000017355
3242.6285999972606
3186.133700000937
2996.250099997269
3066.5219000002253
3164.5089000012376
3157.5941999981296
2928.194899999653
2889.2837000021245
2957.9544000007445
2963.137699996878
3154.915600003733
3031.8422999989707
2981.6002000006847
2939.160499998252
2928.2606999986456
2973.657499998808
3201.2380000014673
3331.1668999958783
3308.652300001995
3056.2630999993416
2888.054499999271
3109.2554000060773
3370.1740999968024
3355.7178000046406
3419.7057999990648
3423.4773999996833
3279.9191000012797
3055.928000001586
3343.2966000036686
3440.4441000006045
3394.1864000007627
2908.547599996382
2862.4643000002834
2857.658499997342
3348.6682000002475
3290.016099999775
2921.9593000016175
2898.9750999971875
2964.706300001126
3370.238600000448
3066.3057999990997
2855.27490000095
2888.915800001996
3256.4321999961976
3328.1821999989916
2856.173399995896
2862.3372000001837
2854.566200003319
3117.6450999992085
2944.06980000349
3024.5434000025853
2844.047300000966
3054.676700005075
3112.434199996642
2842.5009999991744
2839.6554999999353
2985.4466000033426
3185.501400002977
3140.3696999987005
2982.2648000044865
2929.2442000005394
2914.3670000048587
2843.430499997339
2874.1284999996424
2985.197699999844
3245.0020000032964
3053.3501999962027
3225.541499996325
3211.205500003416
3195.6452000013087
3079.526800000167
2859.0598000009777
3019.69509999617
3101.6608999998425
3137.595300002431
2865.1952000000165
2946.0028000030434
2843.9216000042506
2840.398499996809
3087.4247000028845
3107.767400004377
2860.0655999980518
3233.4028999976
2999.652899998182
2851.83859999961
2907.6433000009274
3106.3510999956634
2914.827600005083
3213.2136000000173
3335.313199997472
3036.4760999946157
2872.002000003704
3046.503199999279
2895.06860000256
2880.2001000003656
3031.9178999998257
3155.933800000639
3246.619500001543
3414.699399996607
2901.5714999986812
3019.054899996263
3447.0590999990236
3266.313000000082
3350.1782000021194
3349.3342000001576
3028.945300000487
2966.902799998934
2854.7880000041914
2915.942100000393
3206.8408999984968
2874.2935999980546
3148.215799999889
3476.302700000815
3409.4336999987718
3371.202100002847
3363.1712999995216
3360.8528999975533
3275.87059999496
2888.239200001408
2966.5984000021126
2871.0241000007954
2910.5121999964467
3367.875899995852
3324.172399996314
3178.4103000027244
3222.6998999976786
3144.6386000025086
3222.4448999986635
2898.2172000032733
3443.9841999992495
3452.7816000045277
3437.3157000009087
3372.935499995947
2936.3420000008773
3350.1870000036433
3348.607899999479
3387.9474999994272
3170.0983999980963
2912.2885999968275
3244.9277999985497
2987.447500003327
3296.8365000051563
3279.9054000061005
2861.9974000030197
2855.2121999964584
2860.86599999544
2895.354700005555
3051.2103000000934
2949.491699997452
2943.7836999932188
3042.8864999994403
2870.140699997137
2858.322100000805
3160.0817999933497
3303.429999999935
3426.3632000001962
3346.1084000009578
3401.157100001001
3237.9539999965345
3171.005399999558
2860.152699999162
2880.6171999967773
2861.9762000016635
2914.2033999960404
2993.3145999966655
3186.026800001855
2947.836500003177
3256.3454000046477
3252.0459000006667
3015.9158000024036
2897.6553000029526
3017.497100001492
3379.0922999978648
2924.997299996903
3038.025799993193
3007.539699996414
3301.1966999983997
3050.8411999981035
3419.145899999421
3028.613900001801
3419.209799998498
3089.8550000056275
3338.043399999151
3334.472200003802
3331.59610000439
3377.377199998591
3268.8902000008966
3343.3750000040163
3113.979100002325
3100.681700001587
3210.910599998897
3266.739599996072
2951.532600003702
2845.8577999990666
3003.814700001385
3161.010699994222
3166.435699997237
3200.2690000008442
3152.582299997448
3145.556499999657
2957.2451999993064
2848.3008000039263
2844.997500003956
2896.319299994502
3206.933699999354
3229.1001999983564
3032.4630000031902
3414.0425999939907
3429.316599998856
3420.6087999991723
3366.0936999949627
3337.292099997285
3343.1015000023763
3356.603100000939
3198.7621000007493
3009.9485000027926
3368.2402999984333
2880.9104999963893
3026.3941000011982
3308.632899999793
3100.1066000026185
3220.9298000016133
2979.23649999575
2896.709100001317
3323.6994999970193
3095.235100001446
2973.8321999975597
3360.6389999986277
3484.769199996663
3540.5201999965357
3097.057400002086
3427.665600000182
3420.487299998058
3132.493000004615
2864.50689999765
3105.190499998571
2911.606599998777
3216.890899995633
3430.8269000030123
3377.893500000937
3040.401700003713
3041.0446999958367
2984.4217999998364
3132.7094999942346
3187.211299999035
2976.381100001163
2905.1706999962335
3193.621800004621
3219.1124000019045
3227.6643000004697
2962.052400005632
2924.802900000941
3006.5845000062836
3330.4478999998537
2959.9801000003936
2881.721700003254
2959.279200003948
3275.595799997973
2870.4332999986946
3049.305699998513
3409.3775000001187
3447.7694000015617
3099.9037999936263
3116.0014999986743
3401.41869999934
3357.6138999997056
2943.7067000035313
2866.5992000023834
2863.255999996909
3194.6939999979804
3415.070700000797
3342.402400005085
2855.9553000013693
3069.321900002251
3020.001899996714
2852.350599998317
2904.5690999992075
3076.8469000031473
2936.000299996522
2908.0525000026682
2851.68810000323
2844.528800000262
2935.6794000050286
3010.5992000026163
2890.1244000007864
3227.4106000040774
3128.2554999997956
3210.1259999981266
3138.9228999978513
3164.1271999978926
3164.8710000008577
2983.8574999957928
3174.6347000007518
2961.934899998596
3327.4798999991617
3351.508500003547
3411.0875999976997
3164.840899997216
2858.7982000026386
2880.7944000000134
3056.939499998407
3278.4955999959493
3370.700500003295
3114.705899999535
3374.0895000009914
2992.1366999988095
2887.798499999917
2873.2472000046982
2927.387200004887
3066.331200003333
2999.422799999593
3172.534400000586
3041.875099996105
2913.383099999919
2992.4081999997725
3167.123300001549
3102.7928000039537
2892.4171999969985
2852.71179999836
2840.182599997206
3107.3342000017874
3117.905500002962
3164.5808999965084
3213.8899999990826
3068.67360000615
2916.361399999005
3076.369499998691
3151.6879000046174
3157.6798999958555
3158.5502000016277
3058.713699996588
2926.5510000041104
3161.4024999944377
3153.647600003751
2944.451499999559
2835.105400001339
3295.0087999997777
3445.089000000735
3262.1952000044985
3056.740899999568
3020.7072000048356
3033.5931000008713
2973.357599999872
3018.5055999972974
3356.5838000067743
3425.0087999971583
3305.392499998561
2943.21189999755
2954.5727999939118
2920.8198999986053
3263.649100001203
3338.5810999971
3192.8444000004674
3217.0774999976857
3348.002099999576
3133.854599996994
3413.0847999986145
3336.5514000033727
3174.361299999873
3031.720699997095
3179.665000003297
3151.5073999980814
3108.58559999906
3208.0933999968693
2954.327799998282
2922.2191000008024
2879.9255000049016
3186.934999997902
3121.889200003352
2958.2270000028075
3056.2977000008686
3197.0819999987725
3211.718699996709
3300.3066000019317
3017.8576999969664
2957.1080999958212
3036.4196999944397
2882.4624000044423
3213.9947000032407
2906.9773000010173
3038.3635999969556
3371.5678000007756
3329.7628999935114
3376.332400002866
3468.0712999979733
3426.6457999983686
3204.321899997012
3158.2169000030262
2855.7108999957563
2864.72440000216
2895.060699993337
3065.821300006064
3425.7259000005433
3455.5599999948754
3394.560699998692
3171.9507000016165
3315.872400002263
3243.948899995303
2893.9382000025944
2900.7959999944433
2886.1051999992924
2904.9291999981506
3365.9874000004493
3458.855199998652
3410.7105000002775
3404.448400004185
2937.4404000045615
2936.0510999977123
2983.4842999989633
3045.6235999954515
3163.748699997086
3139.265300000261
3159.230999997817
3166.392500002985
3163.500800001202
3182.7943999960553
3082.7060000010533
3067.2660999989603
3195.6416000030003
3434.867000003578
2979.426300000341
3066.229200005182
2869.106999998621
3302.277000002505
3374.15239999973
2997.8985999987344
2905.792900004599
3360.950000002049
3079.733999999007
3173.7043999964953
2869.555600002059
3283.8021000061417
3215.1267000008374
3079.6283000017866
2988.9369000011357
2862.678899997263
3286.536100000376
3181.1163000020315
2909.902699997474
3118.496299997787
2862.372999996296
3120.767899999919
3411.7774999976973
3197.9250999938813
3195.209099998465
3229.846300004283
3368.135799995798
2933.02820000099
3062.3437000031117
2899.890200002119
2908.0303000009735
3191.7983000021195
3042.5820000018575
2947.3360999982106
3283.170299997437
3204.779100000451
2873.303599997598
2876.344099997368
2978.092600002128
3151.425999996718
3006.6260999956285
2988.5445999971125
2906.5617000014754
3154.4042000023182
2857.2860000058427
3244.343200000003
3253.883700002916
2855.487400003767
2882.612399997015
2959.800600001472
3151.079999996
3391.3452999986475
3004.849100005231
3078.890099997807
3374.4532000055187
3401.26600000076
2954.4513000000734
3143.7192000012146
3263.327399996342
3172.3830999981146
3366.516900001443
3397.695100000419
3367.5168999980087
3359.470000003057
2897.3906000028364
2893.2449000058114
3080.455199997232
3101.543799995852
3021.7733000026783
3357.3371000020416
3050.2298999999766
2936.9292999981553
3362.9106000007596
3271.8922999993083
3187.4662000045646
3143.2634000011603
3080.94980000169
2941.0871000000043
3349.122999999963
3189.956499998516
3137.850499995693
3192.881800001487
3147.6067999974475
3046.414399999776
3187.13790000038
2958.956800001033
2953.2535999969696
2964.584499997727
2980.0137000056566
3496.56369999866
3232.6520000060555
2975.531999996747
2889.924600000086
2923.195899995335
3316.911500005517
3133.2552999956533
3112.795199995162
2933.4156999975676
2895.9611999962362
3072.0323999994434
3174.1200999967987
3189.459999994142
3193.6408999972627
3270.6746000039857
3061.0278000021935
2885.0898000018788
2933.5376000017277
3107.447399997909
3246.16309999692
3178.417900002387
3193.0614999946556
3228.2488999990164
3052.452500000072
3241.3411000015913
3248.054100004083
3106.999600000563
3257.087500001944
3080.2470999988145
2874.9998999992386
3213.9329999990878
3184.7133000046597
3313.601399997424
2902.9464999985066
2936.28290000197
3242.1142000021064
3201.098400000774
3360.088100002031
2927.7692000032403
3294.884799994179
3354.2457000003196
3177.1709000022383
3070.287399998051
3036.8919000029564
2940.5593999981647
3354.4344999972964
3139.363399997819
3200.765000001411
3351.624599999923
2937.6250999994227
3345.060300001933
3334.4630999999936
2980.3877000013017
2980.1540999978897
3109.4078999958583
2937.915199996496
3377.4751000019023
2950.7481999971787
3397.89159999782
3404.7165000010864
3326.136800002132
2942.8283000015654
2941.851499999757
2952.334300003713
2864.90749999939
2920.72090000147
3099.0760999993654
2983.3445999975083
3030.927200001315
3211.2653000003775
2882.6107999993837
2946.827799998573
3149.767499999143
2916.37360000459
3148.6093000057735
3137.575000000652
2879.082699997525
2847.2689999980503
2842.0554000040283
3060.9298999988823
3176.3724999982514
3153.6816000007093
3118.6355000027106
3212.2644999981276
3105.8467000038945
2996.307800000068
2891.8061000003945
3159.4134000042686
3259.7581000009086
3265.8422000022256
2872.0880999971996
3390.2009000012185
3409.2630999948597
3342.696200001228
2880.414599996584
3107.162199994491
2958.7514999948326
3173.6334999950486
2900.987700006226
3323.9909000039916
3333.476800005883
3319.900200003758
2998.523899994325
3351.80709999986
3067.5588000012795
2886.8344000002253
3105.0894999934826
3175.1782999999705
3284.5527000026777
3341.6702000031364
2966.8021999968914
3358.409799999208
3172.4138999998104
3423.6826000051224
3316.218600004504
2868.9391999942018
3013.2857999997213
3035.4067999942345
3143.255800001498
3004.010200005723
3049.2124000011245
3210.462799994275
3029.108599999745
3256.733800000802
2939.0531000026385
2945.8763000002364
3214.175699999032
3116.261700000905
3020.4003999970155
2958.1660000039847
3083.945799997309
3184.64479999966
3282.196100000874
2995.969100004004
3231.7851000043447
2879.3645999976434
2939.9429999975837
3086.2589000025764
3146.0654999973485
3385.3954000005615
3263.788799995382
2954.5862000013585
3270.406000003277
3392.206600001373
3410.618000001705
3408.125399997516
2915.8167999994475
2931.6791000019293
2948.2301000025473
2862.718500000483
3002.03650000185
3394.0456000054837
3399.4782000008854
3280.1694000008865
2917.7339999951073
2904.1453000027104
2860.31930000172
2941.2133999940124
2945.771800004877
3322.663899998588
3287.3524999959045
2849.381199994241
2849.629199998162
3102.816200000234
3294.3461000031675
3212.6805000007153
2991.2002999990364
3179.398100000981
3194.6252999987337
3263.226700000814
3178.8888000010047
3351.6228000007686
3355.228899999929
2872.4867000055383
2849.2993999971077
3126.0565999982646
3138.9428000038606
3020.664299998316
2951.767100006691
3156.4822000000277
3053.92660000507
2844.5615000018734
3064.4035000004806
3116.2008000028436
3451.18260000163
3199.5150999937323
3122.696899998118
2927.1883000037633
2985.4469999991124
2891.5234000014607
3085.5293000058737
3014.2950999943423
2864.1129000025103
3074.8709999970743
3335.7953000013367
3383.2771999950637
2963.9499000040814
2949.4457000037073
3345.294799997646
2982.8878000043915
3194.643000002543
3424.317400000291
3442.280399998708
3097.0132000002195
3353.5166999936337
3282.415800000308
2942.301499999303
3172.9647999964072
3172.5963999997475
3336.873899999773
3344.20990000217
3351.727100001881
3353.7015999972937
3236.091099999612
2870.2604999998584
2881.032500001311
3033.944299997529
3348.5108999957447
3207.947900002182
3307.1008999977494
3177.235199997085
3261.191899997357
2904.0487999955076
2969.5683999962057
3113.9450000046054
2897.210199997062
3322.157700000389
3287.65939999721
3447.992900000827
3182.663399995363
2941.9674999953713
3004.8989999995683
3223.968300000706
3189.3901000003098
3048.7012999947183
2984.396599997126
3034.006900001259
2989.5112000012887
3208.983700002136
3179.4448000000557
2903.529499999422
2922.7501999994274
3096.263799998269
3150.0683999984176
3007.7238000012585
2856.055699994613
3081.7437000005157
2838.315299995884
2935.205200003111
3078.966799999762
3332.940600004804
3315.6687000009697
3403.6923999956343
3001.175699995656
3132.860100005928
3434.8651000036625
3285.2376000009826
3143.762899999274
3182.3288000014145
3388.3933999968576
3212.784499999543
2892.0713999978034
3041.3235999949393
3119.607900000119
3312.167200005206
3218.6602000001585
3141.5186999947764
3032.1512000009534
2946.4349999980186
2901.3630999979796
2866.2287999977707
3113.9987999995355
3323.576700000558
3157.8833000021405
2938.732800001162
3262.8738000057638
3288.3516999936546
2993.813000000955
2871.648100001039
3173.2805999999982
3177.1544000002905
2934.3513999992865
2992.0506999987992
2901.812099997187
2876.761699997587
3112.5460999974166
2998.0429999995977
2911.1808000016026
3013.644300001033
3264.902800001437
3300.4774000000907
2980.3234999999404
2986.4515000008396
2993.7344000063604
2931.7391000004136
3207.1104000060586
3227.3434000017005
3001.285699996515
3157.5496000004932
3263.766600000963
3084.647200004838
3021.5323000011267
3034.291399999347
3007.274600000528
2898.611199998413
3028.746299998602
3093.8046000010218
3074.0856000047643
3090.911100000085
2884.4133999955375
3416.1368000059156
2997.2060000000056
3126.339900001767
2960.397400005604
3213.057499997376
3197.377399999823
3176.848399998562
2963.6672000051476
3298.7092999974266
3381.0377000045264
3271.7810999965877
3146.539600005781
3020.2819000041927
3385.7088000004296
3378.111199999694
3387.0364999966114
3379.592400000547
2970.7407999958377
3434.3462999968324
3455.6788000045344
2874.901100003626
3437.5301000036416
3346.939000002749
3007.222100000945
3000.60890000168
3396.445999998832
3380.4053999992902
3396.9510000024457
3065.63499999902
3075.012200002675
3100.9201999986544
3135.373500001151
2909.579200000735
3036.5807999987737
2999.994500001776
3103.814100002637
2975.884200001019
2973.389500002668
3067.81790000241
3132.7795000033802
3030.211600002076
3144.7972000023583
3256.1642000000575
3233.6685999980546
2992.5093999991077
3070.729699997173
3033.5659999982454
3016.6316000031657
3202.5166000021272
2989.1541999968467
2942.3479000033694
2916.9366999994963
3075.9343000027
3121.9789999959175
3153.2109000036144
3038.7043000009726
3185.750000004191
3179.3603000041912
3113.458800005901
3017.440700001316
3182.3535000003176
3075.678000001062
2853.3454000062193
3048.1803999937256
3404.9105000012787
3365.3338000003714
3406.695199999376
3426.716900001338
3183.376600005431
3397.7281999978004
3246.5909000020474
3378.869299995131
3147.7983000004315
3145.232800001395
3333.733999999822
3388.3980000027805
2977.6750999953947
3352.6985999997123
3111.199499995564
2984.050999999454
2914.9201000036555
3274.996000000101
2917.7112999968813
3006.806900004449
3358.057800003735
3384.628200001316
3000.1813000053517
3159.4961999944644
2862.0664999980363
3040.108000001055
3363.741499997559
3199.9877000052948
3169.7898999991594
3048.367199997301
3362.495699999272
3237.704599996505
2877.628400005051
3202.422000002116
2879.000000000815
3008.528299993486
3021.5226000000257
2890.855700003158
3345.0091000049724
3172.602200000256
3409.75480000634
3144.960900004662
3227.0644000018365
2977.6731000019936
2898.4357999943313
3158.1449000004795
3001.614499997231
3102.9363999987254
3186.6642000022694
2949.181200005114
3433.911600004649
3315.591900005529
2938.393399999768
3167.0749000040814
3381.095999997342
3001.532299997052
3387.3246000002837
3212.366400002793
2985.9808000037447
3097.3957999958657
2925.911599995743
2863.8799999971525
3224.2994000043836
3354.002699998091
3189.0783999988344
3103.4548000025097
2869.58389999927
3155.302799998026
3427.925800002413
3111.699500004761
3349.921399996674
2985.5028000019956
3429.087199998321
2864.749899999879
3249.8776000065845
2879.8778999989736
2932.090200003586
3191.177000000607
3169.764699996449
3312.7911999981734
3039.109400000598
2871.8586999966647
3037.4317999958294
3169.853100000182
3182.885400005034
3068.497899999784
2910.32269999414
3157.4118999997154
3261.839399994642
2993.7836000026437
3181.2898999996833
3019.39190000121
3348.5717000003206
2910.246899999038
3315.2229999977862
3312.025999999605
3144.619699996838
3088.993700002902
3303.7328999998863
3134.461800000281
3334.707400004845
3108.3577999961562
3049.598400000832
2840.846799997962
3052.252800000133
3217.8258999992977
3314.8623000015505
3228.281399999105
3267.468899997766
3351.774700000533
3203.407100001641
3386.421800001699
3394.399099997827
3174.957800001721
3206.807699993078
3340.3906999956234
3114.162199999555
3367.387800004508
3345.6291999973473
3213.2586000006995
3286.1552000031224
2950.200200000836
3036.5390999941155
3317.8060999998706
3393.473299998732
3099.964100001671
3268.3524999956717
2987.324299996544
3010.693200005335
2993.5937999980524
3223.7463999990723
3119.9993999980506
3045.3587000010884
3188.408599999093
3207.299099994998
3240.796500002034
3156.721200000902
2841.50370000134
2957.328399999824
3039.51689999667
3081.8995000008726
3093.6694999982137
3164.1243999984
3012.3443999982555
2933.5537999941153
3063.7023000017507
3133.950499999628
3220.538099994883
3437.859199999366
3419.0813999957754
3278.925900005561
2871.9643000004
3440.147399996931
3409.759499998472
3022.946500001126
3337.267199996859
3420.2726000003167
3116.4992000049097
3452.0292000015615
3414.5101999965846
3263.4139000001596
3178.7121999950614
3184.803700001794
3186.329399999522
3183.06410000514
3029.0428000007523
3023.3968000029563
2928.267399998731
3084.556000001612
3151.082000003953
3070.8560999992187
2974.9602999945637
3129.8611000020173
2967.611100000795
3148.149900000135
3209.365999995498
3105.7301000037114
3215.5194000006304
3186.9584000014584
3231.31110000395
3148.653700001887
3225.149899997632
2903.6109000007855
3027.9712000046857
2873.7133000031463
2885.387099995569
3247.08329999703
3220.3118999968865
3209.946900002251
2918.498400002136
2964.1769000008935
3107.6409999950556
3110.3149999980815
2898.3334000004106
2944.6080999987316
3034.2636999994284
3177.150299998175
3349.0731000056257
2899.5482999962405
3139.3144999965443
3379.5355999973253
3446.5978000007453
3148.5699999975623
2867.125400000077
2853.503300000739
3304.547799998545
3439.004699997895
3416.696000000229
3354.0618999977596
3319.6939999979804
3192.1896999992896
3183.8449999995646
3190.808500003186
3177.3000999965006
2938.3191999950213
3051.2750999987475
3129.9528000017744
3049.546599999303
3148.9002000016626
3175.6615999984206
2873.0805999948643
3287.5094000046374
3114.0436999994563
2858.651100003044
3082.0803999959026
2847.6819999996223
3067.4760000038077
3233.7509999997565
3107.4673000039184
3190.606600001047
3077.461500004574
2880.7688000015332
2891.7602000001352
2855.354500003159
2890.098100004252
2958.7237000014284
3082.7245999971638
3138.2952999992995
3097.886199997447
2875.088600005256
2836.0277000028873
2954.553699993994
3065.9562000000733
3168.8859999994747
3121.9032000008156
3269.601900006819
3423.840099996596
3187.732699996559
