693.3000000007451
41.40000000037253
44.79999999888241
42.80000000074506
46.69999999925494
34
29.300000000745058
27.5
33.29999999888241
31.40000000037253
38.40000000037253
90
31.5
27.40000000037253
30
25.5
27.09999999962747
24.40000000037253
21.90000000037253
28
21.5
26.59999999962747
27.59999999962747
27.09999999962747
23.09999999962747
21.40000000037253
27.300000000745058
35.59999999962747
31.199999999254942
66.10000000149012
63.899999998509884
49.20000000111759
43.69999999925494
35.80000000074506
26.799999998882413
35.40000000037253
35.5
31.40000000037253
21.90000000037253
29.5
27.699999999254942
29.59999999962747
28.90000000037253
24.200000001117587
22.799999998882413
24.200000001117587
23.399999998509884
20.800000000745058
20.5
20.90000000037253
20.09999999962747
21.199999999254942
27.300000000745058
26.40000000037253
19.799999998882413
20
19.800000000745058
20.199999999254942
18.800000000745058
19.90000000037253
20
17.799999998882413
17.700000001117587
17.299999998882413
18.300000000745058
18.300000000745058
18.199999999254942
17.90000000037253
16.699999999254942
18
17.800000000745058
17.59999999962747
18.5
18
19
16.699999999254942
16.5
16.300000000745058
16.699999999254942
16.600000001490116
16.899999998509884
16.100000001490116
16.09999999962747
21.40000000037253
22.199999999254942
16.5
17.300000000745058
16.299999998882413
24.200000001117587
16.699999999254942
16.09999999962747
18.700000001117587
20.399999998509884
18.200000001117587
16.799999998882413
17.100000001490116
16.699999999254942
17.800000000745058
18
16.59999999962747
16.299999998882413
16.90000000037253
16.90000000037253
16.699999999254942
16.90000000037253
16.200000001117587
16.699999999254942
15.800000000745058
15.599999999627471
15.599999999627471
16.09999999962747
16.40000000037253
16.09999999962747
16
15.900000000372529
16.09999999962747
15.5
15.300000000745058
16.09999999962747
17.09999999962747
16.59999999962747
15.900000000372529
16.300000000745058
16.09999999962747
20.300000000745058
19.59999999962747
16.299999998882413
15.900000000372529
16.5
15.900000000372529
15.099999999627471
15
15.900000000372529
16.40000000037253
15.400000000372529
15
15.599999999627471
15.299999998882413
15.5
18.200000001117587
15.900000000372529
15.699999999254942
15.5
16.5
15.599999999627471
15.200000001117587
14.899999998509884
19.5
14.700000001117587
14.799999998882413
15.5
15
16.600000001490116
17.199999999254942
15
14.5
14.900000000372529
14.299999998882413
15
15.100000001490116
15
15.899999998509884
14.5
14.800000000745058
13.900000000372529
14.900000000372529
16.699999999254942
16.800000000745058
14.699999999254942
14.699999999254942
15.100000001490116
13.799999998882413
14.099999999627471
14.100000001490116
14
14.599999999627471
13.699999999254942
13.800000000745058
14.400000000372529
14.799999998882413
13.700000001117587
14.199999999254942
14
14.199999999254942
14.900000000372529
13.599999999627471
13.600000001490116
15.799999998882413
14
13.300000000745058
13.400000000372529
13.799999998882413
13.5
13.599999999627471
13.400000000372529
13.400000000372529
14.400000000372529
14.400000000372529
14.199999999254942
13.5
15.5
13.400000000372529
14.099999999627471
13.099999999627471
13.200000001117587
13.199999999254942
13.199999999254942
19.100000001490116
18
13.5
13.399999998509884
13.800000000745058
13.599999999627471
13
13.300000000745058
13.299999998882413
14.400000000372529
12.900000000372529
12.5
13.199999999254942
13.900000000372529
15
16.200000001117587
14
13.399999998509884
13.800000000745058
13
12.900000000372529
13.199999999254942
13.599999999627471
12.800000000745058
13
15
15.699999999254942
14.700000001117587
12.900000000372529
13
13
13.699999999254942
13.5
13.199999999254942
12.600000001490116
13.299999998882413
13.700000001117587
12.799999998882413
12.599999999627471
13.200000001117587
13.400000000372529
18
17.399999998509884
13
12.700000001117587
14.299999998882413
12.800000000745058
13.099999999627471
13
13.300000000745058
14.599999999627471
13.099999999627471
13.900000000372529
13.300000000745058
13.399999998509884
12.900000000372529
12.599999999627471
12.900000000372529
13.099999999627471
13.5
12.5
13.100000001490116
13.099999999627471
13.299999998882413
13.800000000745058
12.400000000372529
13
13.900000000372529
14.199999999254942
14.400000000372529
13.599999999627471
14
13.900000000372529
14.799999998882413
13.700000001117587
13.599999999627471
14.099999999627471
14.700000001117587
13.199999999254942
20.59999999962747
19.09999999962747
17.600000001490116
19.899999998509884
17.700000001117587
17.90000000037253
12.599999999627471
13.299999998882413
14.900000000372529
13.300000000745058
13.5
12.900000000372529
13.199999999254942
12.300000000745058
12.5
12.799999998882413
12.300000000745058
13.099999999627471
13
12.5
13.099999999627471
13.700000001117587
12.5
13
12.799999998882413
12.900000000372529
13.5
12.199999999254942
13.100000001490116
12.599999999627471
13.099999999627471
12.699999999254942
12.5
13.200000001117587
13.099999999627471
13.199999999254942
12.600000001490116
13.699999999254942
13.099999999627471
13.800000000745058
12.299999998882413
12.900000000372529
13
13.099999999627471
13.200000001117587
17.90000000037253
16
13.399999998509884
12.900000000372529
13.900000000372529
12.599999999627471
12.700000001117587
14.599999999627471
12.799999998882413
12.100000001490116
12.199999999254942
12.300000000745058
12.699999999254942
13
12.300000000745058
13.399999998509884
12.400000000372529
12.5
11.900000000372529
11.900000000372529
11.799999998882413
12.5
12.400000000372529
11.900000000372529
12
12.099999999627471
12.700000001117587
11.699999999254942
12.599999999627471
12.200000001117587
12.699999999254942
13.5
12.699999999254942
12.5
12.800000000745058
12.800000000745058
13.099999999627471
12.900000000372529
12.899999998509884
12.400000000372529
13.200000001117587
15.299999998882413
13.099999999627471
12.900000000372529
12.5
12.5
12.300000000745058
12.099999999627471
11.900000000372529
12.299999998882413
13.600000001490116
11.899999998509884
12.5
11.600000001490116
12.699999999254942
11.699999999254942
14.100000001490116
18
12.599999999627471
11.5
12.199999999254942
12
12.099999999627471
12.300000000745058
11.800000000745058
11.799999998882413
11.400000000372529
12.300000000745058
12.199999999254942
13
12.099999999627471
12.099999999627471
12.900000000372529
14.599999999627471
15.900000000372529
12.400000000372529
12
12.699999999254942
11.800000000745058
13.099999999627471
12.400000000372529
13.599999999627471
12.700000001117587
13.799999998882413
13.200000001117587
12.399999998509884
12.200000001117587
11.900000000372529
12.299999998882413
12.599999999627471
12.400000000372529
12.099999999627471
12.100000001490116
12.199999999254942
12
12.5
11.800000000745058
12.099999999627471
16.59999999962747
18
13.599999999627471
11.800000000745058
12
11.699999999254942
13.099999999627471
12.200000001117587
11.199999999254942
11.599999999627471
12.5
13.800000000745058
11.800000000745058
12.299999998882413
11.800000000745058
13.400000000372529
14
13
11.699999999254942
11.099999999627471
12.5
11.200000001117587
14.599999999627471
11.799999998882413
11.900000000372529
12.099999999627471
11.5
11.400000000372529
11
11.800000000745058
11
11.099999999627471
11.5
11.699999999254942
12
11.300000000745058
12
11.599999999627471
12.200000001117587
11.099999999627471
11.699999999254942
11.5
14
16.700000001117587
12
11.5
11.599999999627471
12.599999999627471
11.599999999627471
11.099999999627471
11.900000000372529
11.700000001117587
11.799999998882413
11.200000001117587
11.799999998882413
11.700000001117587
11.899999998509884
11.300000000745058
11.199999999254942
11.600000001490116
11.899999998509884
12.200000001117587
12.099999999627471
11.900000000372529
13
12.900000000372529
12.599999999627471
12.299999998882413
11.800000000745058
11.800000000745058
12.199999999254942
12.400000000372529
12.199999999254942
12.599999999627471
12
12.600000001490116
11.899999998509884
12
11.700000001117587
12.599999999627471
11.300000000745058
12.099999999627471
11.599999999627471
11.599999999627471
17.09999999962747
17.700000001117587
11.599999999627471
11.800000000745058
12.5
11.799999998882413
11.700000001117587
11.699999999254942
11.800000000745058
12.399999998509884
11.900000000372529
11.700000001117587
12.799999998882413
12.200000001117587
12.799999998882413
11.900000000372529
11.599999999627471
11.5
12.700000001117587
11.199999999254942
11.5
13.5
12
11.800000000745058
11.399999998509884
11.5
11.300000000745058
11.800000000745058
10.799999998882413
11.700000001117587
12.599999999627471
12.599999999627471
11.699999999254942
11.400000000372529
11.800000000745058
11.400000000372529
11.599999999627471
11.5
11.299999998882413
11.100000001490116
13.399999998509884
12.200000001117587
13.099999999627471
16.90000000037253
12
11.900000000372529
12.399999998509884
11.300000000745058
11.199999999254942
11.400000000372529
11.300000000745058
11.599999999627471
11
11.199999999254942
11.200000001117587
11.400000000372529
11.699999999254942
10.900000000372529
11.5
12.199999999254942
11.300000000745058
11.400000000372529
11.899999998509884
12.800000000745058
12.599999999627471
11.700000001117587
11.799999998882413
11.700000001117587
11.899999998509884
11
11.600000001490116
11.099999999627471
11.299999998882413
11.700000001117587
11.400000000372529
11.799999998882413
11.400000000372529
11.199999999254942
13.100000001490116
11.299999998882413
11
11.300000000745058
11.699999999254942
10.900000000372529
12.900000000372529
17.299999998882413
10.900000000372529
11.5
10.599999999627471
10.900000000372529
10.800000000745058
11.400000000372529
10.5
11.5
11
10.899999998509884
11.200000001117587
11.199999999254942
10.800000000745058
11.199999999254942
11.700000001117587
10.599999999627471
10.900000000372529
11.199999999254942
11.599999999627471
11.400000000372529
11.099999999627471
16.40000000037253
11.199999999254942
11.800000000745058
12.800000000745058
11.399999998509884
10.800000000745058
11.599999999627471
11.900000000372529
11.199999999254942
11.600000001490116
11.599999999627471
11.199999999254942
11.800000000745058
11.599999999627471
11.400000000372529
11.400000000372529
11.799999998882413
10.800000000745058
11.799999998882413
15.900000000372529
16.90000000037253
12.099999999627471
10.700000001117587
11.899999998509884
11.100000001490116
11.599999999627471
11.400000000372529
11.299999998882413
12.099999999627471
11.300000000745058
12
11.099999999627471
11.300000000745058
11.400000000372529
11.599999999627471
12.099999999627471
10.900000000372529
11.199999999254942
11.099999999627471
12.400000000372529
11.300000000745058
11
11.5
12.299999998882413
12.200000001117587
11
11.900000000372529
11.199999999254942
12.199999999254942
11.900000000372529
10.900000000372529
11.099999999627471
10.700000001117587
10.899999998509884
10.5
10.600000001490116
10.899999998509884
11.400000000372529
10.599999999627471
10.400000000372529
11
12.700000001117587
16.799999998882413
10.5
10.300000000745058
11.199999999254942
10.800000000745058
11.5
11.199999999254942
11
10.900000000372529
11.800000000745058
10.399999998509884
11.300000000745058
10.800000000745058
11.099999999627471
12
10.699999999254942
11.099999999627471
10.700000001117587
11.199999999254942
10
11
10.700000001117587
10.799999998882413
11.200000001117587
10.599999999627471
14.5
10.799999998882413
11.400000000372529
10.599999999627471
10.200000001117587
10.900000000372529
11
10.799999998882413
10.5
12
11
10.900000000372529
11
10.599999999627471
10.700000001117587
11.399999998509884
15.800000000745058
14.099999999627471
11
10.800000000745058
11.099999999627471
11.300000000745058
10.599999999627471
10.799999998882413
10.800000000745058
11.400000000372529
10.799999998882413
11.100000001490116
11
10.199999999254942
11.5
11
11.099999999627471
11.099999999627471
11.600000001490116
10.699999999254942
10.900000000372529
10.599999999627471
11.199999999254942
11.700000001117587
10.699999999254942
11.099999999627471
10.800000000745058
10.800000000745058
12.299999998882413
10.900000000372529
11
11.699999999254942
11.400000000372529
11.099999999627471
11
10.900000000372529
10.5
10.700000001117587
10.199999999254942
10.599999999627471
10.300000000745058
10.799999998882413
12.200000001117587
13.699999999254942
10.099999999627471
10.400000000372529
10.700000001117587
10
11.099999999627471
10.400000000372529
10.599999999627471
10.099999999627471
10.099999999627471
10.300000000745058
10.699999999254942
11.099999999627471
10.200000001117587
10.299999998882413
10.200000001117587
10.400000000372529
11.099999999627471
10.099999999627471
10.800000000745058
10.5
22.5
11.099999999627471
10.599999999627471
10.300000000745058
12.399999998509884
11.400000000372529
10.599999999627471
10.900000000372529
11.300000000745058
11.5
14.099999999627471
11.099999999627471
11
10.800000000745058
11
10.199999999254942
10.400000000372529
10.400000000372529
11.299999998882413
11.800000000745058
15.400000000372529
15.199999999254942
11.200000001117587
11.5
10.5
10.399999998509884
11.100000001490116
10.699999999254942
11.400000000372529
10.400000000372529
10.799999998882413
11.099999999627471
11
10.700000001117587
10.799999998882413
10.400000000372529
10.200000001117587
10.899999998509884
10.300000000745058
10.300000000745058
10.799999998882413
10.599999999627471
11.300000000745058
10.599999999627471
11
11
10.900000000372529
10.099999999627471
10.300000000745058
10.699999999254942
10.400000000372529
11.199999999254942
10.200000001117587
10.199999999254942
10.5
10.700000001117587
10.799999998882413
11.300000000745058
11.299999998882413
10.700000001117587
11.599999999627471
10.400000000372529
15.099999999627471
16.199999999254942
11
10.400000000372529
10.099999999627471
9.900000000372529
10.5
10.800000000745058
10.299999998882413
10.700000001117587
10.400000000372529
10.299999998882413
10.800000000745058
9.900000000372529
10
10.699999999254942
10.699999999254942
9.900000000372529
10.099999999627471
10
10
11.400000000372529
10.099999999627471
10.100000001490116
9.899999998509884
10.800000000745058
9.900000000372529
14.599999999627471
13.5
10.099999999627471
10.5
10.200000001117587
10.5
9.799999998882413
10.599999999627471
9.900000000372529
10
10
10.200000001117587
10.799999998882413
11.400000000372529
11
16.5
18.40000000037253
11.299999998882413
10.400000000372529
10.5
10
13.400000000372529
10
10.199999999254942
10
10.600000001490116
10.599999999627471
10
10.199999999254942
10.700000001117587
10.799999998882413
10.700000001117587
10.299999998882413
9.900000000372529
10
10.300000000745058
9.599999999627471
10.199999999254942
9.700000001117587
12.5
10.299999998882413
10.5
10.5
10.900000000372529
10.5
9.900000000372529
10.400000000372529
10.199999999254942
10.199999999254942
11.200000001117587
10.199999999254942
10.099999999627471
10.300000000745058
10.599999999627471
10
10.900000000372529
10.199999999254942
14.800000000745058
14.599999999627471
10.900000000372529
11
10.5
10.900000000372529
10.799999998882413
10
9.900000000372529
10.599999999627471
10.400000000372529
9.900000000372529
10
10.199999999254942
10.200000001117587
10.5
9.900000000372529
10
9.899999998509884
10.5
9.900000000372529
10.300000000745058
9.699999999254942
10.099999999627471
10.5
9.900000000372529
10.099999999627471
10.400000000372529
10.400000000372529
10
9.900000000372529
10
10.599999999627471
11.5
9.800000000745058
10
9.899999998509884
10.5
17.100000001490116
10.199999999254942
10
10.199999999254942
15.800000000745058
16.300000000745058
10.299999998882413
10.200000001117587
11.099999999627471
10.299999998882413
10
13.800000000745058
10.800000000745058
11.399999998509884
11.300000000745058
10.300000000745058
10.199999999254942
10.300000000745058
10.799999998882413
10.800000000745058
10.099999999627471
10
10.699999999254942
10
10.100000001490116
10.699999999254942
10.099999999627471
10.700000001117587
10.799999998882413
10.300000000745058
10
11.199999999254942
9.900000000372529
10.099999999627471
10.099999999627471
9.900000000372529
10.400000000372529
10.199999999254942
9.900000000372529
10
10.400000000372529
9.800000000745058
9.899999998509884
10.5
10.100000001490116
10.5
12.199999999254942
13.5
10.5
10.800000000745058
10.799999998882413
10
10.099999999627471
10.100000001490116
10.299999998882413
10.800000000745058
10
9.900000000372529
10
10.799999998882413
10.400000000372529
10.699999999254942
10.400000000372529
10.700000001117587
11.099999999627471
10.199999999254942
9.900000000372529
10.599999999627471
11
10.200000001117587
10.399999998509884
10.200000001117587
11.099999999627471
11.699999999254942
11.300000000745058
10.5
10.900000000372529
10.699999999254942
10.400000000372529
10.099999999627471
10.300000000745058
10.099999999627471
11.699999999254942
10.700000001117587
10.5
10.599999999627471
11.099999999627471
9.900000000372529
12.300000000745058
14.199999999254942
10.599999999627471
10.900000000372529
10.599999999627471
10.099999999627471
10.5
10.600000001490116
10.099999999627471
10.299999998882413
10
10.400000000372529
11.300000000745058
9.799999998882413
10.200000001117587
10
10.5
10.400000000372529
13.5
10.699999999254942
10.5
11.300000000745058
10.399999998509884
10
11.200000001117587
10.199999999254942
12.200000001117587
10.299999998882413
10.700000001117587
10.399999998509884
11.300000000745058
10.199999999254942
10.200000001117587
10.400000000372529
10.599999999627471
11.099999999627471
10.900000000372529
10.099999999627471
10.300000000745058
10.799999998882413
10
10.400000000372529
13.599999999627471
15.900000000372529
10.900000000372529
10
10
10
10.599999999627471
9.900000000372529
10.5
10
10.099999999627471
10.599999999627471
9.800000000745058
10.199999999254942
10.5
10.200000001117587
10.799999998882413
10.300000000745058
10.199999999254942
10.200000001117587
10.899999998509884
9.800000000745058
10.300000000745058
10.5
10.599999999627471
10.900000000372529
10.699999999254942
10.400000000372529
10
11.699999999254942
9.900000000372529
10
10.199999999254942
9.900000000372529
11.099999999627471
10.200000001117587
9.900000000372529
10
10.799999998882413
9.700000001117587
10.399999998509884
10.200000001117587
12.299999998882413
14.400000000372529
10.300000000745058
10.5
10.099999999627471
10.5
10.699999999254942
9.700000001117587
9.900000000372529
9.799999998882413
10.400000000372529
10.599999999627471
10.099999999627471
10.300000000745058
10.199999999254942
11
10.100000001490116
10.199999999254942
9.699999999254942
10.5
9.700000001117587
10
10.199999999254942
10.099999999627471
11.100000001490116
10.099999999627471
10
9.900000000372529
11
12
12.5
10
10.699999999254942
10.900000000372529
10.199999999254942
10.599999999627471
9.800000000745058
9.800000000745058
10.5
9.899999998509884
10
10.300000000745058
12.400000000372529
13.099999999627471
10.099999999627471
10
9.800000000745058
11.199999999254942
9.700000001117587
9.799999998882413
9.700000001117587
10.399999998509884
9.700000001117587
9.699999999254942
9.800000000745058
9.799999998882413
12.600000001490116
15
12.199999999254942
11.199999999254942
12.400000000372529
11.5
12.300000000745058
10
10.099999999627471
10.5
9.400000000372529
11.299999998882413
9.600000001490116
9.699999999254942
10.099999999627471
9.800000000745058
9.699999999254942
10.5
10.400000000372529
10
10.400000000372529
10.400000000372529
10.299999998882413
11
10.200000001117587
9.399999998509884
9.700000001117587
10.400000000372529
12.299999998882413
13.300000000745058
10
9.599999999627471
10.699999999254942
9.900000000372529
9.700000001117587
10.599999999627471
10.400000000372529
9.699999999254942
10.599999999627471
10.099999999627471
9.700000001117587
10.900000000372529
9.699999999254942
9.699999999254942
9.900000000372529
9.599999999627471
10.5
9.600000001490116
9.699999999254942
9.800000000745058
10.699999999254942
9.300000000745058
10.199999999254942
9.599999999627471
10
10.700000001117587
9.799999998882413
10.300000000745058
9.799999998882413
10.200000001117587
9.799999998882413
9.700000001117587
9.699999999254942
10.400000000372529
10.400000000372529
9.400000000372529
10.099999999627471
9.599999999627471
10.699999999254942
9.600000001490116
14.899999998509884
15.300000000745058
10.099999999627471
10.800000000745058
10
9.900000000372529
10
9.599999999627471
12.099999999627471
10.400000000372529
9.699999999254942
10
10.800000000745058
9.299999998882413
9.900000000372529
9.900000000372529
9.800000000745058
10.699999999254942
9.800000000745058
10.099999999627471
9.5
10.199999999254942
9.5
9.900000000372529
9.5
9.599999999627471
10.599999999627471
9.600000001490116
9.699999999254942
9.400000000372529
10.199999999254942
9.400000000372529
9.599999999627471
10.400000000372529
10.199999999254942
11.400000000372529
9.599999999627471
9.900000000372529
11.099999999627471
10.200000001117587
10.199999999254942
9.300000000745058
11.699999999254942
13
9.900000000372529
9.199999999254942
9.400000000372529
9.5
9.800000000745058
9.799999998882413
9.400000000372529
10.400000000372529
10.099999999627471
10.300000000745058
10
9.599999999627471
9.699999999254942
10.700000001117587
10.199999999254942
9.599999999627471
9.200000001117587
9.400000000372529
10.599999999627471
9.199999999254942
9.599999999627471
9.600000001490116
9.5
9.699999999254942
9.5
10.099999999627471
9.5
9.400000000372529
10.099999999627471
9.5
9.400000000372529
9.900000000372529
9.900000000372529
9.5
9.699999999254942
9.599999999627471
9.700000001117587
10.399999998509884
9.900000000372529
9.5
14
14.700000001117587
10.299999998882413
9.700000001117587
9.799999998882413
9.700000001117587
10
9.599999999627471
10.199999999254942
9.400000000372529
10.199999999254942
9.300000000745058
9.599999999627471
9.800000000745058
9.699999999254942
13.5
9.800000000745058
11.599999999627471
10.400000000372529
9.799999998882413
12.100000001490116
10.399999998509884
10.100000001490116
10.099999999627471
11
9.5
10
9.799999998882413
9.5
10.300000000745058
9.599999999627471
10.099999999627471
9.800000000745058
10.099999999627471
9.599999999627471
9.700000001117587
9.599999999627471
10
9.900000000372529
9.799999998882413
9.700000001117587
9.5
14.699999999254942
12.700000001117587
9.899999998509884
9.800000000745058
9.5
10.199999999254942
9.5
11.100000001490116
12
12.599999999627471
11.900000000372529
11.799999998882413
12.5
10.200000001117587
10.899999998509884
10.200000001117587
10.299999998882413
10.300000000745058
10.5
10.5
10.199999999254942
10.600000001490116
10.199999999254942
10.699999999254942
10.200000001117587
10.299999998882413
9.700000001117587
9.799999998882413
10.100000001490116
9.799999998882413
10.599999999627471
9.700000001117587
10.5
9.5
9.599999999627471
9.800000000745058
10
10
10.299999998882413
9.599999999627471
9.800000000745058
11
12.900000000372529
13
10.299999998882413
9.800000000745058
10.199999999254942
9.700000001117587
10.299999998882413
9.700000001117587
10.5
10.400000000372529
9.699999999254942
14.5
12.400000000372529
10.799999998882413
9.900000000372529
9.800000000745058
10.400000000372529
10.899999998509884
10.600000001490116
9.599999999627471
9.599999999627471
9.800000000745058
10
10
9.699999999254942
9.699999999254942
9.800000000745058
13.300000000745058
11
10.799999998882413
10.099999999627471
10.300000000745058
10.5
10.099999999627471
9.800000000745058
11.599999999627471
10.599999999627471
10
10.300000000745058
10.299999998882413
10
10.400000000372529
11.599999999627471
13.100000001490116
9.5
10.899999998509884
9.5
9.700000001117587
10.099999999627471
9.800000000745058
10.599999999627471
10.5
9.599999999627471
9.599999999627471
10.300000000745058
9.5
9.799999998882413
10.100000001490116
10
10.099999999627471
9.599999999627471
10.099999999627471
9.599999999627471
9.700000001117587
10.5
9.599999999627471
9.599999999627471
10.099999999627471
10.5
9.5
10
9.5
9.800000000745058
10.800000000745058
9.599999999627471
9.900000000372529
10.099999999627471
11.099999999627471
9.800000000745058
9.899999998509884
9.800000000745058
10.300000000745058
10.399999998509884
9.5
12.100000001490116
15.799999998882413
11.700000001117587
9.399999998509884
9.800000000745058
9.5
9.800000000745058
9.899999998509884
9.5
9.800000000745058
9.5
9.400000000372529
10.099999999627471
9.5
9.699999999254942
9.600000001490116
9.899999998509884
10
9.200000001117587
9.400000000372529
9.799999998882413
10
9.300000000745058
11
9.699999999254942
10.200000001117587
9.699999999254942
9.599999999627471
9.400000000372529
9.699999999254942
10.100000001490116
9.299999998882413
9.300000000745058
9.299999998882413
10
9.700000001117587
9.400000000372529
9.299999998882413
9.800000000745058
10
9.5
9.900000000372529
14.399999998509884
17.40000000037253
10.599999999627471
9.700000001117587
11.5
11.099999999627471
9.900000000372529
9.5
9.799999998882413
9.400000000372529
9.599999999627471
10
10.200000001117587
9.5
9.5
10
9.5
9.400000000372529
10.099999999627471
9.599999999627471
9.800000000745058
9.799999998882413
9.5
9.700000001117587
10.099999999627471
9.199999999254942
9.700000001117587
9.5
9.299999998882413
10.400000000372529
9.400000000372529
9.299999998882413
9.300000000745058
9.400000000372529
10.799999998882413
9.200000001117587
10.099999999627471
9.5
9.800000000745058
9.299999998882413
9.5
11.900000000372529
14.300000000745058
19.799999998882413
11.200000001117587
11.799999998882413
10.5
10.900000000372529
10
10.099999999627471
9.800000000745058
9.900000000372529
10.799999998882413
9.700000001117587
9.599999999627471
9.199999999254942
10.300000000745058
9.599999999627471
9.400000000372529
10.099999999627471
9.400000000372529
10.900000000372529
9.599999999627471
9.599999999627471
9.5
10.300000000745058
10.199999999254942
9.599999999627471
9.599999999627471
9.600000001490116
10.5
9.299999998882413
9.700000001117587
9.699999999254942
9.599999999627471
9.900000000372529
9.400000000372529
10.199999999254942
9.300000000745058
10
9.400000000372529
9.399999998509884
9.900000000372529
10.200000001117587
14.399999998509884
12.900000000372529
9.5
9.400000000372529
10
9.699999999254942
9.5
9.300000000745058
9.400000000372529
9.799999998882413
9.400000000372529
9.900000000372529
9.599999999627471
9.599999999627471
10.100000001490116
11.699999999254942
10.5
9.699999999254942
10.600000001490116
10.099999999627471
10
10.299999998882413
10.400000000372529
11.300000000745058
11
9.5
9.5
10.5
9.699999999254942
9.599999999627471
10
10.300000000745058
10.5
9.800000000745058
10.5
12.599999999627471
10.799999998882413
9.900000000372529
10
9.700000001117587
9.899999998509884
10.200000001117587
12
14.900000000372529
10.299999998882413
10
11.599999999627471
10.200000001117587
9.900000000372529
11
11
9.599999999627471
9.799999998882413
11.300000000745058
10
10.699999999254942
11
10.100000001490116
10
11.199999999254942
9.800000000745058
9.699999999254942
10.599999999627471
10.400000000372529
10.800000000745058
9.899999998509884
10.400000000372529
10.099999999627471
10.600000001490116
9.5
10.099999999627471
9.900000000372529
9.5
10.299999998882413
9.900000000372529
9.699999999254942
10.400000000372529
10.099999999627471
10.700000001117587
9.699999999254942
9.599999999627471
9.700000001117587
10.400000000372529
9.299999998882413
11.5
12.800000000745058
9.699999999254942
10.599999999627471
9.400000000372529
9.200000001117587
9.099999999627471
10
8.900000000372529
9.899999998509884
9.200000001117587
9.099999999627471
10
9.099999999627471
9.300000000745058
9.699999999254942
10.5
9.700000001117587
10.099999999627471
9.599999999627471
9.599999999627471
10.400000000372529
9.400000000372529
9.599999999627471
10
9.599999999627471
10.700000001117587
9.399999998509884
9.200000001117587
9.299999998882413
12.600000001490116
9.5
9.5
9.899999998509884
9.400000000372529
10.400000000372529
9.199999999254942
9.400000000372529
9.5
9.900000000372529
9.5
10.599999999627471
13.900000000372529
12.900000000372529
10.400000000372529
9.699999999254942
10.099999999627471
9.5
10.400000000372529
9.199999999254942
9.5
9.5
9.900000000372529
10
9.099999999627471
10.300000000745058
9.800000000745058
9.599999999627471
10.199999999254942
9.200000001117587
10
9.599999999627471
10.299999998882413
9.5
10.100000001490116
9.699999999254942
10.199999999254942
10.300000000745058
10.099999999627471
9.599999999627471
9.900000000372529
10.599999999627471
10
9.5
10.100000001490116
10.699999999254942
13
11.400000000372529
12.799999998882413
11.100000001490116
13
10.799999998882413
10.200000001117587
10.299999998882413
14.400000000372529
15.199999999254942
10.200000001117587
9.799999998882413
9.900000000372529
10.099999999627471
10.200000001117587
9.400000000372529
10.299999998882413
9.5
10.099999999627471
9.700000001117587
9.599999999627471
10
9.400000000372529
10
9.5
9.599999999627471
9.400000000372529
10.599999999627471
9
9.599999999627471
11.099999999627471
9.600000001490116
10
9.399999998509884
9.800000000745058
9.599999999627471
10.800000000745058
9.599999999627471
10.5
9.5
9.900000000372529
10.5
9.900000000372529
9.899999998509884
10.300000000745058
10.199999999254942
10.800000000745058
9.800000000745058
9.599999999627471
9.400000000372529
14.399999998509884
12.800000000745058
12.5
12.300000000745058
11.599999999627471
10.900000000372529
9.599999999627471
9.799999998882413
9.5
12.200000001117587
9.599999999627471
9.400000000372529
9.299999998882413
9.700000001117587
9.699999999254942
9.400000000372529
9.300000000745058
10
9.899999998509884
9.100000001490116
9.699999999254942
9.5
9.5
10.900000000372529
9.400000000372529
9.399999998509884
9.5
9.400000000372529
10.200000001117587
9.599999999627471
9.599999999627471
9.599999999627471
9.900000000372529
9.800000000745058
9.399999998509884
9.400000000372529
10.200000001117587
10
9.799999998882413
9.599999999627471
9.600000001490116
12
11.699999999254942
13.199999999254942
9.600000001490116
9.799999998882413
10.300000000745058
9.299999998882413
9.300000000745058
9.199999999254942
10.5
9.5
9.5
10.300000000745058
9.900000000372529
10.5
10.099999999627471
10.400000000372529
9.699999999254942
10
10.300000000745058
9.900000000372529
9.899999998509884
9.600000001490116
11
9.699999999254942
9.400000000372529
10.699999999254942
9.800000000745058
9.799999998882413
10.100000001490116
9.599999999627471
9.799999998882413
10.300000000745058
9.5
9.800000000745058
10.699999999254942
9.900000000372529
10.400000000372529
10.199999999254942
9.699999999254942
9.900000000372529
10.300000000745058
9.699999999254942
11.800000000745058
12.900000000372529
9.5
10.099999999627471
9.5
9.400000000372529
9.599999999627471
9.5
10.299999998882413
9.400000000372529
9.5
10.200000001117587
10.099999999627471
9.400000000372529
9.699999999254942
10
9.5
10.800000000745058
12.299999998882413
10.200000001117587
11.5
11.599999999627471
9.699999999254942
10.900000000372529
10.599999999627471
10
10.5
9.800000000745058
9.699999999254942
9.700000001117587
10.199999999254942
10.800000000745058
9.899999998509884
9.600000001490116
10
10.399999998509884
9.700000001117587
10.299999998882413
10
9.700000001117587
10.599999999627471
9.800000000745058
11.799999998882413
15.599999999627471
10.800000000745058
9.699999999254942
9.700000001117587
9.900000000372529
10
10.699999999254942
9.699999999254942
9.800000000745058
9.599999999627471
10.900000000372529
9.5
10.800000000745058
9.899999998509884
9.700000001117587
10.699999999254942
9.400000000372529
10
10.099999999627471
10.400000000372529
9.800000000745058
9.899999998509884
9.700000001117587
9.599999999627471
11
13.699999999254942
12.200000001117587
11.599999999627471
11.300000000745058
12
10.299999998882413
10.200000001117587
9.799999998882413
10.099999999627471
9.5
9.600000001490116
9.5
10.199999999254942
10
10.199999999254942
9.900000000372529
11.599999999627471
14.200000001117587
10.199999999254942
9.900000000372529
9.900000000372529
9.900000000372529
10.299999998882413
9.5
9.599999999627471
9.5
10.300000000745058
9.599999999627471
10
10.400000000372529
9.800000000745058
10.299999998882413
9.900000000372529
10.199999999254942
9.600000001490116
9.599999999627471
10
9.699999999254942
9.5
9.900000000372529
10.599999999627471
9.5
9.5
9.900000000372529
9.699999999254942
10.800000000745058
10.199999999254942
9.700000001117587
12.699999999254942
14
10.400000000372529
9.800000000745058
11
11.399999998509884
10.900000000372529
9.700000001117587
9.799999998882413
9.700000001117587
15.099999999627471
12.799999998882413
9.900000000372529
9.599999999627471
9.800000000745058
10.900000000372529
9.5
9.599999999627471
9.699999999254942
9.700000001117587
10.299999998882413
9.700000001117587
10.400000000372529
10.099999999627471
10.400000000372529
9.799999998882413
10
9.700000001117587
10.299999998882413
10.200000001117587
9.5
10.199999999254942
9.5
10.300000000745058
9.699999999254942
9.599999999627471
9.599999999627471
9.700000001117587
10.099999999627471
9.599999999627471
9.5
9.900000000372529
10.099999999627471
9.200000001117587
9.699999999254942
9.699999999254942
9.600000001490116
11.5
9.799999998882413
9.800000000745058
10.400000000372529
10.199999999254942
12.400000000372529
16.09999999962747
10.199999999254942
9.700000001117587
10
9.400000000372529
9.299999998882413
10.099999999627471
9.600000001490116
10
10
9.399999998509884
9.400000000372529
11.599999999627471
9.600000001490116
9.5
9.899999998509884
9.600000001490116
10.199999999254942
10.199999999254942
9.700000001117587
9.799999998882413
10.5
9.800000000745058
10.199999999254942
9.600000001490116
10.299999998882413
10.700000001117587
9.799999998882413
10.5
10.099999999627471
10
11.400000000372529
9.800000000745058
10.299999998882413
10.200000001117587
11.299999998882413
10.5
10.200000001117587
10.5
10
18.40000000037253
12
15.399999998509884
13.400000000372529
11.900000000372529
11.099999999627471
10.099999999627471
10.600000001490116
10.299999998882413
10.300000000745058
9.799999998882413
10.300000000745058
9.699999999254942
10
10.900000000372529
10.5
10.300000000745058
10.699999999254942
11.099999999627471
10
10.200000001117587
10.5
10.400000000372529
10.699999999254942
10.300000000745058
10.299999998882413
10.400000000372529
10.300000000745058
9.599999999627471
9.799999998882413
9.700000001117587
9.799999998882413
10.200000001117587
10.199999999254942
9.700000001117587
9.799999998882413
10
10.5
9.900000000372529
10.599999999627471
10.099999999627471
10.300000000745058
9.800000000745058
14.099999999627471
16
10
10.599999999627471
9.800000000745058
9.799999998882413
10.300000000745058
11.599999999627471
10
10.900000000372529
10.900000000372529
11
11.099999999627471
12.299999998882413
11.600000001490116
13.299999998882413
11.900000000372529
13
14
11
12.800000000745058
11.799999998882413
12
13.900000000372529
11
13.599999999627471
12.5
12.400000000372529
11.199999999254942
12.600000001490116
12.5
10.899999998509884
16.700000001117587
13.799999998882413
13.100000001490116
13.5
10.5
10
10.299999998882413
10.900000000372529
9.800000000745058
10.599999999627471
12.299999998882413
13.600000001490116
10.699999999254942
10.400000000372529
10
9.799999998882413
11.700000001117587
10
13.400000000372529
11.699999999254942
10.599999999627471
11
9.5
10.5
9.599999999627471
11.800000000745058
11.099999999627471
10.200000001117587
9.899999998509884
10.100000001490116
10.099999999627471
9.400000000372529
9.5
9.699999999254942
9.900000000372529
10.599999999627471
9.5
9.599999999627471
9.5
10.5
9.5
10.200000001117587
9.599999999627471
9.699999999254942
10.099999999627471
11.300000000745058
12.900000000372529
12
14.299999998882413
13.300000000745058
11.199999999254942
10.400000000372529
16.300000000745058
16.90000000037253
10.699999999254942
10.400000000372529
9.900000000372529
9.5
10.699999999254942
9.5
9.5
10
10.199999999254942
9.200000001117587
10.199999999254942
10
11.5
12.5
11
11.099999999627471
10.200000001117587
11.699999999254942
10.900000000372529
11.199999999254942
11.5
12.100000001490116
12.099999999627471
11.799999998882413
10
10.600000001490116
10.599999999627471
9.699999999254942
10.200000001117587
9.699999999254942
9.800000000745058
9.899999998509884
9.300000000745058
9.300000000745058
9.399999998509884
9.5
10.700000001117587
9.699999999254942
9.700000001117587
16.5
12.699999999254942
13.5
9.699999999254942
9.700000001117587
9.599999999627471
10.300000000745058
9.599999999627471
9.599999999627471
10
10.300000000745058
9.299999998882413
9.400000000372529
9.300000000745058
9.899999998509884
12.900000000372529
9.300000000745058
9.599999999627471
9.199999999254942
12.900000000372529
15.900000000372529
13.699999999254942
10
10.200000001117587
10.299999998882413
9.5
9.700000001117587
9.199999999254942
9.400000000372529
9.699999999254942
9.200000001117587
9.5
9.400000000372529
9.799999998882413
9.099999999627471
9.400000000372529
9.200000001117587
9.199999999254942
10.099999999627471
9
11.5
9.400000000372529
9.599999999627471
11.099999999627471
12.900000000372529
9.200000001117587
9.5
10
9.099999999627471
9.699999999254942
9.200000001117587
9.899999998509884
9.400000000372529
9
9.300000000745058
9.400000000372529
10.199999999254942
9
9.300000000745058
10
9.5
9.899999998509884
9.400000000372529
9.200000001117587
9.5
9.799999998882413
9.099999999627471
10
9.5
9.600000001490116
10.5
10.199999999254942
9.5
10.199999999254942
10.200000001117587
9.699999999254942
9.5
11.200000001117587
9.899999998509884
10.100000001490116
9.599999999627471
9.299999998882413
9.300000000745058
10.300000000745058
9.199999999254942
11.599999999627471
15
9.599999999627471
10.400000000372529
9.300000000745058
10.5
9.599999999627471
9.5
10.199999999254942
9.600000001490116
9.5
9.899999998509884
10
9.5
9.700000001117587
9.5
9.299999998882413
9.900000000372529
10
10.200000001117587
9.799999998882413
10.200000001117587
9.099999999627471
9.599999999627471
10.199999999254942
9.5
10.200000001117587
9.400000000372529
9.399999998509884
10
10.200000001117587
9.5
9.400000000372529
9.599999999627471
9.5
13.400000000372529
10.699999999254942
11.199999999254942
10.900000000372529
10.5
10.400000000372529
10.099999999627471
15.300000000745058
16.40000000037253
10.099999999627471
9.599999999627471
9.900000000372529
9.5
9.599999999627471
10.099999999627471
9.400000000372529
9.5
9.199999999254942
10.100000001490116
9.899999998509884
9.300000000745058
9.5
9.300000000745058
9.899999998509884
9.400000000372529
9.300000000745058
10.400000000372529
10.299999998882413
9.400000000372529
9.599999999627471
9.900000000372529
9.5
10.800000000745058
9.399999998509884
10
9.800000000745058
9.900000000372529
10.699999999254942
10.5
9.700000001117587
9.899999998509884
10.300000000745058
9.699999999254942
9.700000001117587
9.5
9.900000000372529
10.399999998509884
9.600000001490116
9.899999998509884
12.5
16.300000000745058
10
9.5
10.400000000372529
10
11.799999998882413
10.200000001117587
9.699999999254942
9.700000001117587
10.299999998882413
9.300000000745058
10.400000000372529
9.599999999627471
9.699999999254942
10.400000000372529
9.699999999254942
9.600000001490116
10
9.799999998882413
10.599999999627471
10.800000000745058
10
9.599999999627471
10.200000001117587
9
9.299999998882413
9.400000000372529
9.400000000372529
10.400000000372529
9.599999999627471
10
9
10.299999998882413
10.100000001490116
9.5
9.699999999254942
10.199999999254942
10.300000000745058
9.199999999254942
9.300000000745058
10.199999999254942
13.200000001117587
12.5
9.400000000372529
9.199999999254942
10.099999999627471
9.700000001117587
9.299999998882413
9.300000000745058
13.199999999254942
11.800000000745058
10.799999998882413
9.300000000745058
9.800000000745058
9.599999999627471
10.400000000372529
9.399999998509884
9.200000001117587
10
9.699999999254942
10.099999999627471
9.800000000745058
9.699999999254942
9.100000001490116
10.199999999254942
8.900000000372529
9.400000000372529
9.699999999254942
9.699999999254942
9.800000000745058
9.199999999254942
9.400000000372529
9.400000000372529
9.900000000372529
9.799999998882413
9.300000000745058
9.5
9.400000000372529
9.699999999254942
9.099999999627471
9.300000000745058
10
9.400000000372529
12
12.699999999254942
9.800000000745058
9.199999999254942
10.700000001117587
9.799999998882413
9.800000000745058
10.099999999627471
10.099999999627471
10.400000000372529
10
9.300000000745058
9.299999998882413
10
9.099999999627471
9.600000001490116
9.799999998882413
9.5
10.900000000372529
10.099999999627471
9.599999999627471
10.100000001490116
11.099999999627471
9.099999999627471
9.5
9.300000000745058
9.699999999254942
10
9
10
9.400000000372529
9.400000000372529
9.899999998509884
9.300000000745058
9.400000000372529
9.799999998882413
9.800000000745058
9.199999999254942
9.200000001117587
9.699999999254942
10.099999999627471
10.200000001117587
11.400000000372529
12.5
9.599999999627471
10.299999998882413
9.400000000372529
9.099999999627471
9.900000000372529
9.400000000372529
10.300000000745058
9.399999998509884
9.200000001117587
9.400000000372529
10.099999999627471
8.900000000372529
9.899999998509884
9.400000000372529
9.599999999627471
10.700000001117587
8.799999998882413
9.400000000372529
9.099999999627471
12.100000001490116
13.299999998882413
9.300000000745058
9.199999999254942
9.400000000372529
13.099999999627471
9.900000000372529
11.099999999627471
10.200000001117587
9.299999998882413
10
9.700000001117587
9.299999998882413
10.700000001117587
10.199999999254942
8.900000000372529
8.900000000372529
8.899999998509884
9.700000001117587
9.699999999254942
9
11.300000000745058
12.299999998882413
9.800000000745058
9.300000000745058
9
9.099999999627471
8.799999998882413
9.600000001490116
9.699999999254942
8.900000000372529
9.5
9.099999999627471
10
9.5
9.300000000745058
9.799999998882413
10.099999999627471
9.5
9.5
8.900000000372529
9.5
9.400000000372529
9.199999999254942
8.900000000372529
9.300000000745058
10.099999999627471
8.699999999254942
9.200000001117587
9.099999999627471
9.300000000745058
9.699999999254942
9
9.599999999627471
9.099999999627471
9.700000001117587
9
9
9.799999998882413
9.700000001117587
9.699999999254942
9.700000001117587
9.699999999254942
13.599999999627471
15.800000000745058
9.099999999627471
9
8.900000000372529
9.599999999627471
9.400000000372529
8.900000000372529
9.099999999627471
9.099999999627471
9.099999999627471
10.099999999627471
10
9.400000000372529
9.400000000372529
10
9.300000000745058
9.199999999254942
10.199999999254942
9.300000000745058
9.800000000745058
8.899999998509884
9.200000001117587
9.299999998882413
9.600000001490116
9.399999998509884
8.900000000372529
9.599999999627471
9.100000001490116
9.5
9.099999999627471
9.099999999627471
9.699999999254942
9.900000000372529
8.700000001117587
9.699999999254942
9.400000000372529
9.599999999627471
10.400000000372529
9.400000000372529
9.199999999254942
9.300000000745058
13.899999998509884
12.300000000745058
9.699999999254942
8.900000000372529
11.599999999627471
12.300000000745058
9.699999999254942
9.700000001117587
10.099999999627471
9.5
10
9.300000000745058
9.299999998882413
9.200000001117587
9.899999998509884
9.400000000372529
9.300000000745058
8.900000000372529
9.199999999254942
9.699999999254942
9.100000001490116
9.199999999254942
9.5
9.400000000372529
8.699999999254942
9
8.800000000745058
9.199999999254942
9.599999999627471
9
9.100000001490116
9
10.5
8.899999998509884
9.100000001490116
9.399999998509884
9.200000001117587
9.799999998882413
9.5
9.100000001490116
9.399999998509884
9.600000001490116
11.299999998882413
12.400000000372529
9.099999999627471
9
9.700000001117587
8.799999998882413
9.599999999627471
8.800000000745058
9.300000000745058
9.899999998509884
9.900000000372529
9.599999999627471
10
9.900000000372529
8.900000000372529
9.099999999627471
9.700000001117587
10.299999998882413
9.900000000372529
9.900000000372529
9.699999999254942
9.599999999627471
10.200000001117587
9
9.699999999254942
9.400000000372529
9.300000000745058
10.099999999627471
9.099999999627471
9.300000000745058
9.799999998882413
9.800000000745058
9.599999999627471
9.099999999627471
9
9.099999999627471
9.400000000372529
9.800000000745058
8.900000000372529
9
10.5
8.799999998882413
17.700000001117587
17.699999999254942
9.699999999254942
9.900000000372529
9.300000000745058
9.400000000372529
9.599999999627471
9
9.799999998882413
9.300000000745058
9.5
9.300000000745058
9.599999999627471
9.699999999254942
8.800000000745058
9
9
9.699999999254942
8.900000000372529
9
9.599999999627471
9.5
8.599999999627471
9.200000001117587
11.699999999254942
9.400000000372529
10.800000000745058
9.5
9.399999998509884
9.300000000745058
9.800000000745058
9.099999999627471
8.799999998882413
11.600000001490116
9.799999998882413
9.5
8.700000001117587
8.899999998509884
9
9.5
8.700000001117587
9.599999999627471
11.199999999254942
12.600000001490116
9.5
9
8.899999998509884
9.400000000372529
8.800000000745058
10
9.299999998882413
9.300000000745058
9.300000000745058
9.699999999254942
8.900000000372529
9
9.400000000372529
9.5
9.899999998509884
11.100000001490116
9.099999999627471
8.900000000372529
9.599999999627471
8.799999998882413
9
9
9.600000001490116
9.699999999254942
8.800000000745058
9.099999999627471
8.799999998882413
9.800000000745058
9.300000000745058
8.899999998509884
9
8.900000000372529
9.5
9.200000001117587
9.699999999254942
10.199999999254942
9.600000001490116
9.299999998882413
9.300000000745058
9
13.599999999627471
15.699999999254942
9.100000001490116
8.899999998509884
9.200000001117587
9
9.900000000372529
9.599999999627471
8.900000000372529
9.199999999254942
9.599999999627471
9
9.300000000745058
8.900000000372529
9.699999999254942
9.699999999254942
9.200000001117587
9.299999998882413
9.100000001490116
9.5
16.299999998882413
9.200000001117587
9.099999999627471
9.099999999627471
9.599999999627471
9.800000000745058
9
9.099999999627471
9.900000000372529
8.799999998882413
9.300000000745058
9
9.699999999254942
9.600000001490116
8.899999998509884
9
9.200000001117587
9.699999999254942
9.099999999627471
9.200000001117587
9.099999999627471
8.900000000372529
13.799999998882413
12.400000000372529
12.200000001117587
9.799999998882413
9.700000001117587
10.399999998509884
9.300000000745058
10.099999999627471
9.300000000745058
10.400000000372529
9.199999999254942
9.199999999254942
9.300000000745058
9
10.199999999254942
9.100000001490116
9.199999999254942
9.400000000372529
9.699999999254942
8.599999999627471
9.5
9
9.300000000745058
9.5
9
9.099999999627471
9.099999999627471
10.400000000372529
8.800000000745058
9.199999999254942
9.200000001117587
8.899999998509884
9.700000001117587
9.099999999627471
9.400000000372529
9
9.400000000372529
10.699999999254942
9.099999999627471
9
9.599999999627471
9.5
11
12.600000001490116
9.099999999627471
9.199999999254942
10.099999999627471
9.600000001490116
9.5
9.5
10
8.899999998509884
8.900000000372529
9.400000000372529
8.900000000372529
10.400000000372529
9.5
9.099999999627471
9.199999999254942
9.700000001117587
9.099999999627471
8.699999999254942
9.099999999627471
9
9.5
8.900000000372529
8.900000000372529
9.300000000745058
9.899999998509884
8.600000001490116
8.899999998509884
8.600000001490116
9
9.399999998509884
9.600000001490116
8.899999998509884
9
9.600000001490116
8.5
8.799999998882413
8.800000000745058
9.5
9.599999999627471
9.199999999254942
12
12.900000000372529
9.599999999627471
10.100000001490116
9.099999999627471
8.900000000372529
8.899999998509884
9.5
8.900000000372529
9.300000000745058
8.799999998882413
9
9.400000000372529
8.900000000372529
9
8.800000000745058
10.099999999627471
8.699999999254942
8.900000000372529
8.699999999254942
9.300000000745058
9.5
8.699999999254942
9.5
8.900000000372529
12.200000001117587
11.899999998509884
9.600000001490116
9.5
10.199999999254942
9.800000000745058
9.299999998882413
9
10.800000000745058
9.699999999254942
8.700000001117587
9.599999999627471
8.900000000372529
8.699999999254942
9.400000000372529
8.900000000372529
9
11.599999999627471
12.799999998882413
9.800000000745058
9.5
9.5
9.5
10.199999999254942
9.100000001490116
9.199999999254942
8.800000000745058
9.099999999627471
9.599999999627471
9.5
9.400000000372529
8.900000000372529
10
9.099999999627471
9.299999998882413
9.200000001117587
9.099999999627471
10.099999999627471
8.800000000745058
9
9
9.5
8.699999999254942
9.200000001117587
9.299999998882413
9
9.300000000745058
8.799999998882413
8.900000000372529
9
9.300000000745058
9.299999998882413
9
8.900000000372529
9.900000000372529
9.699999999254942
9
9.800000000745058
9
13.5
12.599999999627471
9.300000000745058
9.900000000372529
9.399999998509884
9.800000000745058
8.699999999254942
8.900000000372529
9
9
9.400000000372529
9.599999999627471
9
8.900000000372529
9.5
8.599999999627471
9.099999999627471
8.800000000745058
9.599999999627471
9.300000000745058
13.099999999627471
9
9.800000000745058
9.5
9.199999999254942
8.900000000372529
8.900000000372529
9.199999999254942
9.300000000745058
8.799999998882413
8.900000000372529
9.300000000745058
9.5
8.599999999627471
8.900000000372529
8.899999998509884
9
9.200000001117587
9.199999999254942
9.200000001117587
9.099999999627471
8.900000000372529
11.699999999254942
12.400000000372529
9.900000000372529
9.099999999627471
16.5
16.199999999254942
11.599999999627471
9.600000001490116
9
9.699999999254942
8.800000000745058
9
9.5
9.5
9.199999999254942
9.099999999627471
9.400000000372529
9.199999999254942
9.800000000745058
9.599999999627471
8.900000000372529
9
9.599999999627471
8.800000000745058
9
8.900000000372529
9.5
9.799999998882413
8.900000000372529
9.099999999627471
9
9.800000000745058
8.900000000372529
9.599999999627471
8.900000000372529
8.899999998509884
9.600000001490116
8.599999999627471
9.199999999254942
9.400000000372529
8.800000000745058
9.599999999627471
11.099999999627471
12.199999999254942
9.300000000745058
9.5
9.300000000745058
9
8.599999999627471
9.099999999627471
9.400000000372529
8.900000000372529
9.399999998509884
9
9.600000001490116
8.699999999254942
8.699999999254942
8.800000000745058
10.099999999627471
10.099999999627471
8.900000000372529
9.200000001117587
9.199999999254942
9.5
8.599999999627471
8.800000000745058
9.599999999627471
8.900000000372529
9.400000000372529
8.699999999254942
8.699999999254942
9.100000001490116
9.399999998509884
9
8.900000000372529
9.200000001117587
9
9.399999998509884
9
8.900000000372529
8.900000000372529
9.400000000372529
9.799999998882413
9.600000001490116
13.099999999627471
12.199999999254942
9.900000000372529
9.900000000372529
8.900000000372529
9.199999999254942
9
9.5
10.300000000745058
9.799999998882413
9.700000001117587
9.699999999254942
8.699999999254942
9
9.100000001490116
9.199999999254942
9.5
9.699999999254942
9.200000001117587
8.900000000372529
9.799999998882413
8.900000000372529
9.199999999254942
9.5
9
9.700000001117587
11.799999998882413
10.300000000745058
12.199999999254942
10.600000001490116
9.099999999627471
9.799999998882413
9.600000001490116
11.599999999627471
10.099999999627471
9
9
9
8.800000000745058
10
9.5
9.899999998509884
13.5
15.200000001117587
8.900000000372529
9
9.399999998509884
9
9.5
8.900000000372529
9.400000000372529
9
10.400000000372529
10.5
10.5
9.400000000372529
9.899999998509884
9.800000000745058
9.800000000745058
9.699999999254942
9.5
10.199999999254942
9.400000000372529
9.300000000745058
9.799999998882413
9.5
10.100000001490116
9.5
9.299999998882413
9.599999999627471
10.100000001490116
9.899999998509884
9.900000000372529
9.700000001117587
9.299999998882413
10.300000000745058
9.199999999254942
10.400000000372529
9.800000000745058
10
10.5
10
9.5
10
14.299999998882413
12.800000000745058
9.699999999254942
9.300000000745058
9.400000000372529
10.199999999254942
9.400000000372529
9.400000000372529
9.599999999627471
10.199999999254942
9.5
10.800000000745058
9.400000000372529
9.799999998882413
9.900000000372529
9.599999999627471
11
12.5
10.700000001117587
9.699999999254942
9.5
9.199999999254942
10.300000000745058
10.300000000745058
9.5
9.899999998509884
9.5
10.100000001490116
9.599999999627471
9.199999999254942
9.200000001117587
9.799999998882413
9.700000001117587
9.099999999627471
9.599999999627471
9.300000000745058
9.199999999254942
9.599999999627471
10.300000000745058
9.799999998882413
9.600000001490116
10
11.399999998509884
22.800000000745058
11.300000000745058
9.799999998882413
10.599999999627471
9.800000000745058
9.900000000372529
9.699999999254942
9.599999999627471
8.900000000372529
8.900000000372529
9.400000000372529
9.199999999254942
9.400000000372529
9.800000000745058
9.299999998882413
9.700000001117587
10
9.199999999254942
9.800000000745058
9.699999999254942
10.099999999627471
10.400000000372529
9.5
9.800000000745058
9.899999998509884
10
9.400000000372529
9.800000000745058
9.799999998882413
10
10.5
10
9.400000000372529
9.200000001117587
9.199999999254942
9.900000000372529
9.599999999627471
10.199999999254942
9.300000000745058
9.699999999254942
8.900000000372529
11.099999999627471
12.200000001117587
9.599999999627471
9.400000000372529
9
9
9.299999998882413
9.600000001490116
9.199999999254942
10.599999999627471
10.300000000745058
9.5
10.400000000372529
9.799999998882413
9.900000000372529
9.699999999254942
10
9.400000000372529
9.300000000745058
9.699999999254942
9.5
10.300000000745058
9.199999999254942
9.099999999627471
9.100000001490116
10.099999999627471
9
9
9.599999999627471
8.900000000372529
10.299999998882413
9
9.200000001117587
9.5
9.5
9.900000000372529
9.799999998882413
9.200000001117587
9.899999998509884
9.800000000745058
9.5
10.300000000745058
12.699999999254942
12.800000000745058
10.399999998509884
9.5
9.5
9.400000000372529
10
9
8.900000000372529
9
9.400000000372529
9.299999998882413
9
9.100000001490116
8.899999998509884
10
9.100000001490116
9.799999998882413
9.599999999627471
11.400000000372529
12.400000000372529
9.400000000372529
8.900000000372529
10.099999999627471
9.799999998882413
8.800000000745058
10.099999999627471
10
9.599999999627471
10.300000000745058
9.199999999254942
9.200000001117587
9.299999998882413
9.800000000745058
10
9.400000000372529
9.599999999627471
9.400000000372529
10.400000000372529
9.599999999627471
9.199999999254942
9.5
14.099999999627471
15.800000000745058
9.300000000745058
9.399999998509884
9.800000000745058
9.5
8.800000000745058
9
10.5
9.099999999627471
9.400000000372529
9
8.899999998509884
9.5
9.600000001490116
8.699999999254942
9.099999999627471
9
9
9.900000000372529
9.400000000372529
9.400000000372529
9.099999999627471
10.099999999627471
8.900000000372529
9
9.400000000372529
8.799999998882413
10.099999999627471
8.900000000372529
9.400000000372529
9.300000000745058
8.899999998509884
10.200000001117587
10.5
9.199999999254942
9.5
9.700000001117587
9.099999999627471
9.099999999627471
8.800000000745058
9.399999998509884
11.600000001490116
13
9.299999998882413
9.599999999627471
9.900000000372529
9.099999999627471
9.600000001490116
9.699999999254942
9.400000000372529
10
9.400000000372529
9.699999999254942
9.099999999627471
10.700000001117587
9.199999999254942
9.300000000745058
9.599999999627471
9.199999999254942
10
9.599999999627471
10.200000001117587
9.599999999627471
9.699999999254942
8.800000000745058
9.099999999627471
8.700000001117587
9.699999999254942
10.300000000745058
9
9.299999998882413
9.099999999627471
9.300000000745058
10.400000000372529
9.5
9.199999999254942
9.300000000745058
10.099999999627471
9.599999999627471
9.5
12
11.099999999627471
11.600000001490116
14.199999999254942
15.5
9.199999999254942
9.400000000372529
9.099999999627471
8.900000000372529
8.800000000745058
9.199999999254942
9.800000000745058
9.299999998882413
9.100000001490116
9.699999999254942
10.300000000745058
9
9.899999998509884
9.200000001117587
9.699999999254942
10.200000001117587
9
9.299999998882413
8.800000000745058
9.599999999627471
8.599999999627471
9.200000001117587
9.5
8.799999998882413
9.599999999627471
8.700000001117587
10.5
8.799999998882413
9.100000001490116
9.799999998882413
9.099999999627471
9.300000000745058
9
9.699999999254942
9.200000001117587
9
9.400000000372529
9.099999999627471
9.199999999254942
8.900000000372529
11.300000000745058
12.699999999254942
9.400000000372529
8.5
8.799999998882413
8.900000000372529
8.900000000372529
10.5
9.400000000372529
8.900000000372529
9.099999999627471
9.699999999254942
8.900000000372529
8.699999999254942
9.600000001490116
8.799999998882413
9.099999999627471
8.800000000745058
8.800000000745058
8.799999998882413
9.200000001117587
8.899999998509884
8.800000000745058
8.599999999627471
8.800000000745058
9.400000000372529
8.799999998882413
8.599999999627471
9.400000000372529
9
9.599999999627471
9.5
9.200000001117587
9.299999998882413
10.400000000372529
8.800000000745058
8.900000000372529
8.699999999254942
8.900000000372529
9.599999999627471
8.900000000372529
10
11.299999998882413
15.200000001117587
9.299999998882413
9.400000000372529
9.099999999627471
9.400000000372529
9.700000001117587
12.5
9.099999999627471
8.799999998882413
10.200000001117587
8.599999999627471
8.900000000372529
9
8.699999999254942
9.400000000372529
8.5
9.199999999254942
11.100000001490116
13.399999998509884
9.900000000372529
9.300000000745058
8.900000000372529
9.699999999254942
10.300000000745058
9
10.399999998509884
9.400000000372529
8.900000000372529
9.5
8.900000000372529
8.799999998882413
9.200000001117587
10.099999999627471
9.300000000745058
9.399999998509884
9.800000000745058
9.099999999627471
10.099999999627471
9
9.200000001117587
9.400000000372529
14.5
11.899999998509884
10.200000001117587
9.5
9.400000000372529
10.099999999627471
9.599999999627471
9.099999999627471
9
9.800000000745058
9.099999999627471
8.900000000372529
8.799999998882413
9.100000001490116
9.399999998509884
8.900000000372529
8.900000000372529
9.5
9.300000000745058
8.699999999254942
9.099999999627471
8.800000000745058
9.099999999627471
9.300000000745058
9.199999999254942
8.800000000745058
8.799999998882413
9
9.800000000745058
9.799999998882413
9.900000000372529
9.400000000372529
9.900000000372529
9.199999999254942
8.700000001117587
8.899999998509884
8.800000000745058
9.800000000745058
8.599999999627471
9
8.799999998882413
9.200000001117587
10.799999998882413
12.5
8.800000000745058
8.900000000372529
9.199999999254942
8.800000000745058
8.900000000372529
8.699999999254942
9.900000000372529
8.599999999627471
8.900000000372529
9.099999999627471
9
9.400000000372529
8.699999999254942
9.400000000372529
8.800000000745058
9.5
8.699999999254942
8.800000000745058
9
8.799999998882413
10.599999999627471
8.700000001117587
8.699999999254942
9
8.800000000745058
9.699999999254942
9.5
9.200000001117587
9.199999999254942
9.699999999254942
9.200000001117587
9.199999999254942
8.599999999627471
9.400000000372529
9.300000000745058
9
8.599999999627471
9.199999999254942
9.300000000745058
11.199999999254942
13.200000001117587
12.900000000372529
9.099999999627471
9.900000000372529
9.599999999627471
9.099999999627471
9.199999999254942
9.600000001490116
8.899999998509884
8.800000000745058
9.199999999254942
8.800000000745058
10
9
8.699999999254942
9
9.400000000372529
8.5
8.800000000745058
8.799999998882413
8.900000000372529
9.400000000372529
8.800000000745058
8.799999998882413
9.099999999627471
9.100000001490116
9.899999998509884
9.400000000372529
8.900000000372529
9.199999999254942
9.800000000745058
8.599999999627471
9.300000000745058
8.900000000372529
9.199999999254942
9.400000000372529
8.799999998882413
8.800000000745058
8.800000000745058
9.899999998509884
8.600000001490116
8.899999998509884
10.900000000372529
12.200000001117587
9.399999998509884
8.900000000372529
8.700000001117587
9.299999998882413
9.300000000745058
8.599999999627471
8.699999999254942
9.200000001117587
9
20.699999999254942
9.200000001117587
8.699999999254942
9.099999999627471
9.400000000372529
8.5
9.400000000372529
8.699999999254942
9
9.099999999627471
8.700000001117587
8.799999998882413
8.900000000372529
9.300000000745058
9.400000000372529
9.5
9.099999999627471
9.199999999254942
9.700000001117587
8.5
9.199999999254942
8.5
8.800000000745058
9.199999999254942
8.800000000745058
8.699999999254942
8.699999999254942
9.700000001117587
8.400000000372529
8.599999999627471
8.599999999627471
10.900000000372529
14.099999999627471
9.199999999254942
9.5
8.800000000745058
9.199999999254942
8.800000000745058
8.599999999627471
8.800000000745058
9.199999999254942
9.300000000745058
8.5
8.699999999254942
8.900000000372529
9.300000000745058
8.599999999627471
9.199999999254942
8.800000000745058
8.900000000372529
9.199999999254942
9
8.599999999627471
10.700000001117587
9.899999998509884
9.700000001117587
9.699999999254942
9.300000000745058
9.199999999254942
9.900000000372529
8.599999999627471
9.300000000745058
8.5
10.5
9.799999998882413
9
9.300000000745058
9.699999999254942
9.600000001490116
9.199999999254942
8.900000000372529
9
8.900000000372529
14.699999999254942
12.199999999254942
9.400000000372529
9.099999999627471
9.900000000372529
9.400000000372529
9
8.900000000372529
8.699999999254942
9.900000000372529
9.099999999627471
9.300000000745058
9.900000000372529
9.5
9.299999998882413
9.300000000745058
9.099999999627471
9.300000000745058
9.799999998882413
9.200000001117587
9.199999999254942
9
9.400000000372529
9.5
9.599999999627471
9
9
9.900000000372529
8.900000000372529
9.799999998882413
9.300000000745058
9.099999999627471
9.900000000372529
8.900000000372529
9.699999999254942
9.900000000372529
9.799999998882413
9
8.900000000372529
9.200000001117587
8.699999999254942
9.699999999254942
11.200000001117587
14.400000000372529
8.699999999254942
9.599999999627471
8.599999999627471
9.300000000745058
9.5
9.300000000745058
9.799999998882413
8.800000000745058
9.400000000372529
9.299999998882413
9.599999999627471
9.200000001117587
9.5
9
9.199999999254942
9.800000000745058
9.299999998882413
9.400000000372529
9.200000001117587
9.099999999627471
9.599999999627471
9.599999999627471
10
9.599999999627471
10.700000001117587
9.099999999627471
9
9
9.400000000372529
9.5
9.299999998882413
8.900000000372529
9
9.099999999627471
8.700000001117587
8.799999998882413
9.900000000372529
9.099999999627471
9.5
9.300000000745058
11.599999999627471
12.200000001117587
16.899999998509884
9.600000001490116
9.299999998882413
9.5
9.800000000745058
9.400000000372529
9
8.899999998509884
8.700000001117587
9.299999998882413
8.700000001117587
9.299999998882413
8.900000000372529
9.400000000372529
9.300000000745058
9.099999999627471
8.699999999254942
9.099999999627471
9
10
9.5
9.700000001117587
9.900000000372529
9.899999998509884
9.300000000745058
9.099999999627471
8.900000000372529
9.400000000372529
9.900000000372529
9.299999998882413
9.5
9.400000000372529
10.300000000745058
9.099999999627471
9.299999998882413
8.900000000372529
8.800000000745058
9.5
9.299999998882413
8.600000001490116
11.099999999627471
12.799999998882413
9.200000001117587
9.199999999254942
10
9.200000001117587
11.5
9.099999999627471
9.299999998882413
9.800000000745058
10
9
9.599999999627471
10.200000001117587
9.899999998509884
10.400000000372529
9.300000000745058
9.699999999254942
9.099999999627471
9.100000001490116
9.899999998509884
9.200000001117587
9.199999999254942
9.099999999627471
9.400000000372529
9
9.200000001117587
9.699999999254942
8.900000000372529
9.900000000372529
9.199999999254942
9
9.099999999627471
9.800000000745058
8.799999998882413
9.200000001117587
9.199999999254942
9.099999999627471
9.5
9.600000001490116
9
9.699999999254942
13.699999999254942
12.300000000745058
9
9
8.699999999254942
10.400000000372529
9.300000000745058
8.799999998882413
9.400000000372529
9.300000000745058
8.799999998882413
8.800000000745058
9.199999999254942
9.5
9.200000001117587
9.299999998882413
9.100000001490116
8.799999998882413
8.900000000372529
9.5
9.5
9.400000000372529
9.299999998882413
12
9.900000000372529
9.400000000372529
9.400000000372529
8.900000000372529
10.199999999254942
9.099999999627471
9
9.700000001117587
10.899999998509884
8.900000000372529
8.700000001117587
9
8.799999998882413
9.400000000372529
8.900000000372529
8.900000000372529
9.5
9.899999998509884
11.300000000745058
12.599999999627471
9.900000000372529
9.199999999254942
9.800000000745058
9.800000000745058
9.099999999627471
9.199999999254942
9.900000000372529
9.300000000745058
9.599999999627471
9.400000000372529
9.699999999254942
9.800000000745058
9.5
9.399999998509884
8.900000000372529
9.800000000745058
9.699999999254942
9.200000001117587
9.299999998882413
9.599999999627471
10
9.400000000372529
9.599999999627471
9.100000001490116
9.5
9.399999998509884
9.300000000745058
9.300000000745058
9.699999999254942
10
9.099999999627471
9.5
9.599999999627471
9.400000000372529
10.200000001117587
9
9.699999999254942
9
9.900000000372529
9
13.699999999254942
15.099999999627471
9.800000000745058
9.900000000372529
9.400000000372529
9.699999999254942
9.199999999254942
10.200000001117587
9.299999998882413
9.100000001490116
9.299999998882413
9
11.900000000372529
9.099999999627471
9.800000000745058
9.099999999627471
9.800000000745058
10
9.099999999627471
9.400000000372529
8.799999998882413
10.099999999627471
9.100000001490116
9.299999998882413
9.099999999627471
9.300000000745058
10.599999999627471
9.599999999627471
9.300000000745058
9.300000000745058
10.099999999627471
9
8.900000000372529
9
9.799999998882413
9.700000001117587
9.299999998882413
9
9
10
9
9.400000000372529
11.699999999254942
18.100000001490116
10.399999998509884
10.200000001117587
9.5
9.599999999627471
9.599999999627471
9
9.599999999627471
8.900000000372529
9.599999999627471
9.600000001490116
8.599999999627471
9.099999999627471
9.099999999627471
9.200000001117587
10.5
9.099999999627471
9.599999999627471
9
9.599999999627471
8.700000001117587
8.699999999254942
9.5
8.599999999627471
9.300000000745058
8.799999998882413
8.800000000745058
9
9.400000000372529
9.099999999627471
8.800000000745058
8.899999998509884
8.800000000745058
9.599999999627471
8.800000000745058
8.699999999254942
9.300000000745058
9.299999998882413
8.700000001117587
8.599999999627471
8.900000000372529
11.299999998882413
14.400000000372529
9.200000001117587
9.399999998509884
9.100000001490116
10.299999998882413
8.700000001117587
8.799999998882413
9.400000000372529
8.800000000745058
9.899999998509884
9.400000000372529
9.400000000372529
9.300000000745058
9.699999999254942
9.699999999254942
9.600000001490116
9.699999999254942
9.099999999627471
9.700000001117587
8.699999999254942
8.800000000745058
8.699999999254942
9.5
9.300000000745058
9.199999999254942
8.800000000745058
8.799999998882413
9.400000000372529
8.599999999627471
9.200000001117587
8.599999999627471
8.900000000372529
9.299999998882413
9
9.200000001117587
8.599999999627471
10.099999999627471
8.599999999627471
8.700000001117587
9.099999999627471
8.900000000372529
13.799999998882413
12.300000000745058
9.5
9.099999999627471
9.699999999254942
8.700000001117587
10
8.900000000372529
8.699999999254942
9.900000000372529
8.799999998882413
8.900000000372529
8.700000001117587
8.799999998882413
9.5
8.599999999627471
9.700000001117587
8.699999999254942
9.300000000745058
8.599999999627471
9.199999999254942
8.800000000745058
8.699999999254942
9.400000000372529
11.200000001117587
10.299999998882413
9.400000000372529
9.699999999254942
9.5
9.400000000372529
9.099999999627471
9.200000001117587
9.599999999627471
10.300000000745058
9.399999998509884
8.600000001490116
9.5
8.5
9.199999999254942
8.599999999627471
8.800000000745058
9.699999999254942
13
14.5
9.200000001117587
9.399999998509884
8.900000000372529
9.599999999627471
9.200000001117587
8.799999998882413
9.5
8.5
9.100000001490116
8.699999999254942
9.099999999627471
9.700000001117587
8.599999999627471
8.900000000372529
8.599999999627471
9.400000000372529
8.5
9.099999999627471
8.5
8.599999999627471
9.400000000372529
8.599999999627471
8.900000000372529
8.599999999627471
9.900000000372529
8.5
8.900000000372529
9.099999999627471
8.900000000372529
10
8.899999998509884
9.200000001117587
8.799999998882413
9.400000000372529
8.5
8.700000001117587
8.799999998882413
8.700000001117587
10
8.599999999627471
10.799999998882413
12.200000001117587
9.400000000372529
8.299999998882413
9.200000001117587
8.399999998509884
8.700000001117587
9.199999999254942
8.599999999627471
8.700000001117587
8.599999999627471
9.199999999254942
9.400000000372529
9.300000000745058
9.099999999627471
9.099999999627471
9.300000000745058
8.5
10.799999998882413
9.100000001490116
9
9.699999999254942
8.699999999254942
9.200000001117587
8.5
9.699999999254942
8.400000000372529
9
8.699999999254942
8.700000001117587
9.5
8.5
9.699999999254942
8.5
9.400000000372529
8.599999999627471
8.800000000745058
9.099999999627471
8.900000000372529
9.799999998882413
9.100000001490116
8.699999999254942
11
12.599999999627471
8.5
9.200000001117587
8.599999999627471
8.5
12.299999998882413
9.5
9.600000001490116
9.099999999627471
9.199999999254942
9.900000000372529
9
8.800000000745058
8.599999999627471
9.5
8.5
9.599999999627471
8.400000000372529
8.699999999254942
9.400000000372529
8.699999999254942
8.700000001117587
8.699999999254942
9.700000001117587
8.5
8.899999998509884
8.800000000745058
8.699999999254942
9.400000000372529
8.599999999627471
9.200000001117587
8.699999999254942
9.300000000745058
8.599999999627471
8.699999999254942
8.900000000372529
8.700000001117587
9.899999998509884
8.600000001490116
8.799999998882413
8.599999999627471
11.5
12
9.300000000745058
8.699999999254942
8.800000000745058
9.199999999254942
8.700000001117587
8.900000000372529
8.699999999254942
9.199999999254942
9.700000001117587
9.299999998882413
9.100000001490116
9.299999998882413
10
9.099999999627471
9.600000001490116
8.699999999254942
9
9.900000000372529
9.099999999627471
9.300000000745058
9.399999998509884
9.600000001490116
9.099999999627471
8.599999999627471
9.099999999627471
8.800000000745058
9.400000000372529
9.199999999254942
8.599999999627471
8.599999999627471
9.300000000745058
8.699999999254942
8.700000001117587
8.599999999627471
8.699999999254942
9.900000000372529
8.800000000745058
8.5
8.900000000372529
9.599999999627471
11
12.299999998882413
8.700000001117587
9
9.400000000372529
8.599999999627471
8.799999998882413
8.700000001117587
9.5
9.299999998882413
8.800000000745058
8.900000000372529
8.799999998882413
9.600000001490116
8.5
9.299999998882413
9
9.5
9.5
8.700000001117587
8.899999998509884
8.700000001117587
9.900000000372529
8.799999998882413
8.700000001117587
8.799999998882413
8.599999999627471
9.600000001490116
8.699999999254942
9.400000000372529
8.699999999254942
9.300000000745058
11
10.299999998882413
9.800000000745058
9.599999999627471
9.300000000745058
9.099999999627471
9.099999999627471
8.900000000372529
10.300000000745058
9.5
14
12.199999999254942
9.599999999627471
9.599999999627471
9.100000001490116
8.899999998509884
9.300000000745058
9
9.199999999254942
8.800000000745058
8.900000000372529
9.199999999254942
9.400000000372529
9.400000000372529
8.699999999254942
8.800000000745058
8.900000000372529
9.399999998509884
9
9.200000001117587
9.5
9.599999999627471
8.5
9.099999999627471
8.800000000745058
9
9.799999998882413
9
9.100000001490116
8.799999998882413
9.599999999627471
8.800000000745058
8.800000000745058
9.5
8.799999998882413
9.300000000745058
8.799999998882413
8.900000000372529
9.099999999627471
9.300000000745058
9.5
9
11.099999999627471
13.200000001117587
10.299999998882413
9
9.900000000372529
9.099999999627471
9.400000000372529
9.800000000745058
8.899999998509884
9.400000000372529
8.900000000372529
10
8.699999999254942
8.900000000372529
8.900000000372529
9
9.599999999627471
9.099999999627471
9
8.900000000372529
9.300000000745058
8.599999999627471
9.099999999627471
9.200000001117587
9.299999998882413
9.300000000745058
8.699999999254942
8.800000000745058
8.599999999627471
9.599999999627471
9
9.5
9.200000001117587
9.099999999627471
9.900000000372529
8.699999999254942
8.900000000372529
9.099999999627471
9.5
8.800000000745058
8.699999999254942
10
11.099999999627471
15.900000000372529
8.900000000372529
9.299999998882413
9
9.5
9.700000001117587
8.799999998882413
9.200000001117587
8.799999998882413
9.600000001490116
8.599999999627471
8.900000000372529
11.599999999627471
11.299999998882413
10
8.900000000372529
9.200000001117587
8.899999998509884
9.300000000745058
9.199999999254942
8.700000001117587
8.900000000372529
8.699999999254942
9.300000000745058
8.599999999627471
8.900000000372529
9.199999999254942
9.199999999254942
8.900000000372529
8.700000001117587
8.899999998509884
8.700000001117587
9.400000000372529
9.199999999254942
8.800000000745058
9.399999998509884
9.400000000372529
8.700000001117587
9.199999999254942
8.699999999254942
9.400000000372529
13.700000001117587
12.099999999627471
9.099999999627471
9.099999999627471
9
10.200000001117587
8.799999998882413
8.599999999627471
9.100000001490116
9.5
8.599999999627471
8.799999998882413
8.900000000372529
9
9.300000000745058
9
8.699999999254942
8.700000001117587
9.099999999627471
9.199999999254942
8.900000000372529
9.099999999627471
9
9.700000001117587
9.299999998882413
9.5
8.700000001117587
9.699999999254942
8.5
8.800000000745058
8.799999998882413
8.900000000372529
9.699999999254942
8.600000001490116
11.799999998882413
13.5
9.800000000745058
8.599999999627471
9.400000000372529
8.5
8.900000000372529
9.099999999627471
11
12.5
9.099999999627471
9.300000000745058
9.599999999627471
9.199999999254942
9.800000000745058
9.199999999254942
10.099999999627471
9.5
9.100000001490116
9.199999999254942
8.900000000372529
9.799999998882413
8.800000000745058
9
9.400000000372529
9.199999999254942
8.800000000745058
8.5
9
8.5
10.299999998882413
9
8.600000001490116
8.899999998509884
9.300000000745058
8.599999999627471
8.700000001117587
8.699999999254942
9.300000000745058
9.199999999254942
8.5
8.699999999254942
8.800000000745058
9.099999999627471
8.5
12.400000000372529
8.699999999254942
11
10
8.800000000745058
13.400000000372529
14.400000000372529
9.099999999627471
11.199999999254942
9.300000000745058
8.699999999254942
9.099999999627471
9.200000001117587
9.299999998882413
8.900000000372529
8.700000001117587
9.099999999627471
9.299999998882413
8.800000000745058
8.699999999254942
8.800000000745058
11.300000000745058
14
9
9.099999999627471
9.099999999627471
9.800000000745058
8.699999999254942
8.699999999254942
9.400000000372529
9.300000000745058
8.699999999254942
8.900000000372529
9.099999999627471
8.800000000745058
9.199999999254942
9.300000000745058
8.799999998882413
8.900000000372529
9.300000000745058
8.299999998882413
8.700000001117587
8.400000000372529
9.399999998509884
9.200000001117587
8.799999998882413
8.600000001490116
11.299999998882413
13.800000000745058
9.900000000372529
8.699999999254942
9
8.599999999627471
10.099999999627471
9.300000000745058
8.800000000745058
9.5
9.199999999254942
9.400000000372529
8.799999998882413
8.800000000745058
8.699999999254942
9.200000001117587
9.199999999254942
8.800000000745058
8.799999998882413
8.900000000372529
9.200000001117587
8.599999999627471
8.799999998882413
8.700000001117587
10.5
14.900000000372529
8.799999998882413
9.099999999627471
8.900000000372529
9.300000000745058
9.400000000372529
8.699999999254942
9
9.699999999254942
8.400000000372529
8.900000000372529
8.699999999254942
9.100000001490116
9.199999999254942
8.900000000372529
8.900000000372529
8.899999998509884
12.400000000372529
12.700000001117587
9
9.899999998509884
9.100000001490116
9.299999998882413
8.900000000372529
8.800000000745058
9.399999998509884
8.800000000745058
9.699999999254942
8.700000001117587
8.699999999254942
8.900000000372529
9.099999999627471
9.099999999627471
8.600000001490116
11.799999998882413
9.099999999627471
10.700000001117587
9.799999998882413
8.900000000372529
9.400000000372529
10.199999999254942
8.800000000745058
8.900000000372529
8.799999998882413
9.200000001117587
9.400000000372529
8.699999999254942
8.699999999254942
9.400000000372529
9.200000001117587
8.599999999627471
9.400000000372529
8.699999999254942
8.800000000745058
9.099999999627471
8.900000000372529
9
8.599999999627471
9
11.699999999254942
12.800000000745058
9.199999999254942
9
9.700000001117587
8.699999999254942
8.800000000745058
9.299999998882413
8.800000000745058
9.699999999254942
9
8.800000000745058
8.799999998882413
9.200000001117587
9.199999999254942
8.800000000745058
8.699999999254942
9
9.200000001117587
8.699999999254942
8.699999999254942
9.200000001117587
9.400000000372529
9.099999999627471
8.799999998882413
8.700000001117587
8.900000000372529
9.099999999627471
9.199999999254942
8.700000001117587
9.799999998882413
9.700000001117587
9
9.299999998882413
9.099999999627471
8.700000001117587
9.699999999254942
8.599999999627471
8.800000000745058
8.699999999254942
8.900000000372529
9.599999999627471
11.200000001117587
12.699999999254942
9.300000000745058
9.699999999254942
8.900000000372529
8.800000000745058
9.199999999254942
9.5
9.300000000745058
8.899999998509884
8.700000001117587
9.299999998882413
10
8.700000001117587
9.099999999627471
8.800000000745058
8.899999998509884
9.300000000745058
8.699999999254942
8.800000000745058
8.599999999627471
10.099999999627471
8.5
8.900000000372529
8.800000000745058
9
9.299999998882413
8.600000001490116
10.099999999627471
8.699999999254942
9.5
8.599999999627471
8.700000001117587
8.699999999254942
8.800000000745058
9.699999999254942
8.800000000745058
8.799999998882413
8.800000000745058
8.599999999627471
9.700000001117587
9.199999999254942
13.400000000372529
15.900000000372529
9.899999998509884
8.700000001117587
9.199999999254942
9.099999999627471
9.100000001490116
9.399999998509884
8.5
10.300000000745058
9.199999999254942
9.300000000745058
9.199999999254942
8.600000001490116
8.899999998509884
8.800000000745058
9.400000000372529
8.599999999627471
8.800000000745058
9.299999998882413
9.400000000372529
8.699999999254942
8.600000001490116
9
8.699999999254942
9.400000000372529
9.199999999254942
8.900000000372529
8.699999999254942
9.300000000745058
8.599999999627471
8.700000001117587
9.399999998509884
9.5
9.300000000745058
8.800000000745058
8.799999998882413
9
8.900000000372529
9.699999999254942
9.900000000372529
9.200000001117587
11.599999999627471
15.400000000372529
9
8.5
9.5
8.599999999627471
9.599999999627471
8.699999999254942
8.700000001117587
9
9.400000000372529
9.799999998882413
9.099999999627471
9.100000001490116
9.399999998509884
9.600000001490116
9
9.299999998882413
8.900000000372529
9.699999999254942
8.700000001117587
8.900000000372529
8.799999998882413
9
9.5
8.599999999627471
9.5
8.900000000372529
9.5
9
9.300000000745058
8.799999998882413
8.800000000745058
9.300000000745058
8.699999999254942
8.599999999627471
9.5
9
9.400000000372529
8.900000000372529
8.799999998882413
8.800000000745058
12.099999999627471
12.200000001117587
9.199999999254942
8.900000000372529
8.900000000372529
9.199999999254942
8.699999999254942
9.100000001490116
8.799999998882413
10
9.700000001117587
8.699999999254942
9.099999999627471
8.700000001117587
9.5
9.099999999627471
8.799999998882413
8.800000000745058
9.400000000372529
9
8.900000000372529
12.5
9
11.5
10.599999999627471
8.799999998882413
10
9.900000000372529
8.700000001117587
9.199999999254942
8.900000000372529
8.900000000372529
9.299999998882413
9.400000000372529
8.800000000745058
8.799999998882413
9.099999999627471
9.800000000745058
9.400000000372529
9.900000000372529
9.199999999254942
9.900000000372529
11.199999999254942
12.400000000372529
9.099999999627471
8.900000000372529
9.900000000372529
8.900000000372529
8.899999998509884
10.300000000745058
9.599999999627471
8.599999999627471
9.200000001117587
8.699999999254942
8.900000000372529
9.599999999627471
9
9.099999999627471
9.200000001117587
10.299999998882413
8.700000001117587
10.400000000372529
8.799999998882413
8.900000000372529
9.300000000745058
8.799999998882413
9.400000000372529
8.800000000745058
9.399999998509884
8.900000000372529
8.800000000745058
9
8.699999999254942
10
8.900000000372529
8.900000000372529
9.599999999627471
9.400000000372529
10.099999999627471
10
9.199999999254942
9.400000000372529
9.800000000745058
9
12.699999999254942
12.900000000372529
8.900000000372529
9.699999999254942
9
9
8.900000000372529
9.400000000372529
9.299999998882413
8.700000001117587
9.400000000372529
9.099999999627471
9.400000000372529
9
8.799999998882413
10.599999999627471
9.700000001117587
8.599999999627471
8.800000000745058
8.899999998509884
9
9.900000000372529
8.800000000745058
8.799999998882413
8.800000000745058
9.400000000372529
8.599999999627471
8.900000000372529
9.299999998882413
8.800000000745058
9.400000000372529
8.599999999627471
8.900000000372529
8.799999998882413
9.800000000745058
9.800000000745058
8.899999998509884
9.300000000745058
9
9.800000000745058
9
8.799999998882413
10.800000000745058
12.299999998882413
9.900000000372529
9.300000000745058
11.400000000372529
9.899999998509884
9.900000000372529
9.300000000745058
9.199999999254942
9.400000000372529
8.800000000745058
10.199999999254942
8.699999999254942
9
9.400000000372529
10.800000000745058
8.799999998882413
8.800000000745058
9.300000000745058
9.299999998882413
9.400000000372529
8.800000000745058
8.699999999254942
8.900000000372529
9.599999999627471
9
8.800000000745058
8.699999999254942
9
9.5
8.900000000372529
9.199999999254942
9.200000001117587
9.299999998882413
9.700000001117587
9.599999999627471
9.799999998882413
9.300000000745058
10.199999999254942
9
9.200000001117587
8.799999998882413
11.100000001490116
14.799999998882413
9.5
8.900000000372529
8.900000000372529
9.599999999627471
8.5
9.099999999627471
9
9.300000000745058
9.299999998882413
8.800000000745058
8.800000000745058
8.699999999254942
10
8.5
9.300000000745058
8.899999998509884
9.700000001117587
9.699999999254942
8.900000000372529
9.199999999254942
8.800000000745058
9.599999999627471
8.599999999627471
8.900000000372529
9
8.700000001117587
9.899999998509884
8.5
8.800000000745058
8.699999999254942
8.800000000745058
9.699999999254942
9
9.100000001490116
9.599999999627471
9.900000000372529
8.599999999627471
8.799999998882413
8.700000001117587
8.799999998882413
14.100000001490116
12.399999998509884
8.900000000372529
8.900000000372529
9.199999999254942
8.700000001117587
8.599999999627471
9.5
8.599999999627471
9.300000000745058
8.699999999254942
8.599999999627471
8.700000001117587
9.299999998882413
9.300000000745058
9.800000000745058
8.599999999627471
8.900000000372529
9.399999998509884
8.900000000372529
9.300000000745058
8.799999998882413
9.600000001490116
8.5
9.099999999627471
8.900000000372529
8.799999998882413
9.900000000372529
10.199999999254942
9.800000000745058
9.800000000745058
10.799999998882413
9.5
9.800000000745058
9.099999999627471
8.900000000372529
9.5
8.599999999627471
8.699999999254942
8.800000000745058
9.300000000745058
9.199999999254942
10.699999999254942
13.400000000372529
9.200000001117587
9.599999999627471
9.099999999627471
8.599999999627471
8.900000000372529
8.5
9.400000000372529
8.599999999627471
8.800000000745058
9.199999999254942
9.300000000745058
8.599999999627471
8.5
8.799999998882413
8.800000000745058
9
9.099999999627471
8.900000000372529
8.800000000745058
9.199999999254942
8.400000000372529
8.900000000372529
8.599999999627471
9.099999999627471
9.300000000745058
8.699999999254942
8.400000000372529
8.799999998882413
8.600000001490116
9.699999999254942
9.599999999627471
9
9.099999999627471
9.300000000745058
8.800000000745058
8.799999998882413
8.5
9.400000000372529
9.5
9.699999999254942
11.300000000745058
15
10.099999999627471
8.5
8.800000000745058
8.5
8.699999999254942
9.200000001117587
8.799999998882413
8.599999999627471
9.300000000745058
9.5
8.5
9
8.800000000745058
9.099999999627471
10
9.199999999254942
8.900000000372529
8.599999999627471
9.599999999627471
8.400000000372529
9
8.5
9.400000000372529
9.400000000372529
8.5
8.699999999254942
8.800000000745058
8.799999998882413
9.300000000745058
9.599999999627471
9
9.099999999627471
9.800000000745058
8.900000000372529
9.099999999627471
9.099999999627471
8.700000001117587
11.399999998509884
9.300000000745058
9.699999999254942
11.900000000372529
15.400000000372529
9
9
9.300000000745058
9
9.699999999254942
8.5
9.099999999627471
8.700000001117587
11.099999999627471
9.400000000372529
8.899999998509884
10
9.200000001117587
9.099999999627471
8.800000000745058
8.699999999254942
8.900000000372529
9.299999998882413
10.800000000745058
9
8.699999999254942
14.200000001117587
10.299999998882413
10
10
10
8.800000000745058
10
9
9.699999999254942
8.900000000372529
9.5
8.800000000745058
9
9.199999999254942
8.800000000745058
9.400000000372529
8.799999998882413
8.700000001117587
9
12.799999998882413
11.900000000372529
9
8.699999999254942
8.600000001490116
9.299999998882413
8.700000001117587
9.699999999254942
8.699999999254942
9.400000000372529
8.599999999627471
9.100000001490116
9.299999998882413
8.700000001117587
10.199999999254942
8.599999999627471
9.400000000372529
9.199999999254942
9.100000001490116
8.5
8.799999998882413
8.599999999627471
9.5
10.300000000745058
9.099999999627471
9.099999999627471
8.900000000372529
9.099999999627471
9.600000001490116
9.599999999627471
9
9.199999999254942
9.5
8.599999999627471
8.700000001117587
8.699999999254942
9
9.700000001117587
8.799999998882413
8.800000000745058
9.400000000372529
9.199999999254942
10.800000000745058
12.399999998509884
9.200000001117587
9.099999999627471
9.599999999627471
8.599999999627471
9
8.600000001490116
10.099999999627471
8.400000000372529
8.899999998509884
8.700000001117587
8.699999999254942
9.400000000372529
8.699999999254942
9.400000000372529
8.900000000372529
9.199999999254942
8.600000001490116
8.599999999627471
8.900000000372529
8.599999999627471
10.599999999627471
9.300000000745058
9
9
8.799999998882413
9.800000000745058
8.900000000372529
9.399999998509884
8.700000001117587
9.299999998882413
9.200000001117587
8.799999998882413
11.100000001490116
9.099999999627471
9.900000000372529
9.099999999627471
9.199999999254942
9.599999999627471
9.300000000745058
9.099999999627471
10.900000000372529
12.300000000745058
9.199999999254942
9.599999999627471
9.300000000745058
9.799999998882413
8.600000001490116
9.399999998509884
8.600000001490116
8.899999998509884
8.800000000745058
8.599999999627471
9.800000000745058
8.599999999627471
8.800000000745058
8.599999999627471
9.5
8.5
8.699999999254942
9.099999999627471
8.600000001490116
9.299999998882413
8.5
9
8.599999999627471
8.900000000372529
9.800000000745058
8.799999998882413
9.100000001490116
9
9.399999998509884
8.600000001490116
8.699999999254942
9.199999999254942
8.5
9.200000001117587
8.699999999254942
9
8.700000001117587
9
9
8.5
10.799999998882413
12.099999999627471
9.200000001117587
8.599999999627471
8.599999999627471
9.5
9.900000000372529
8.699999999254942
9.100000001490116
8.699999999254942
9.099999999627471
9.099999999627471
9.200000001117587
8.599999999627471
8.599999999627471
9.400000000372529
8.5
8.900000000372529
8.599999999627471
10.400000000372529
13.799999998882413
14.5
9
11.800000000745058
10.400000000372529
10.5
9.5
10.299999998882413
11.200000001117587
10.900000000372529
10.699999999254942
11.300000000745058
10.799999998882413
10.599999999627471
11.400000000372529
10.900000000372529
11.800000000745058
11.5
11.199999999254942
9.800000000745058
10.899999998509884
10.800000000745058
14.699999999254942
18.90000000037253
14.300000000745058
9.5
9.400000000372529
10.399999998509884
8.600000001490116
9.399999998509884
9.100000001490116
9.5
13.899999998509884
12.5
9.800000000745058
9.5
10.300000000745058
9.299999998882413
9.5
8.800000000745058
10.199999999254942
9.400000000372529
9.699999999254942
9.200000001117587
8.699999999254942
8.599999999627471
10.600000001490116
10.299999998882413
8.700000001117587
8.5
9.599999999627471
8.5
8.599999999627471
8.599999999627471
9.099999999627471
9.5
8.600000001490116
9
8.5
11.399999998509884
9.400000000372529
8.900000000372529
11.5
10.599999999627471
16.200000001117587
15.299999998882413
9.900000000372529
10.199999999254942
10.700000001117587
10.699999999254942
10.200000001117587
10.199999999254942
10.300000000745058
10.699999999254942
9.599999999627471
9.400000000372529
8.800000000745058
9.099999999627471
10
10.5
12.199999999254942
10.599999999627471
10.200000001117587
9.5
9.299999998882413
9.800000000745058
9.400000000372529
9.799999998882413
9.100000001490116
9.5
9
9.599999999627471
9.299999998882413
8.700000001117587
9
8.799999998882413
9.200000001117587
9.199999999254942
10.700000001117587
9.699999999254942
10.099999999627471
9.200000001117587
8.799999998882413
9.5
8.900000000372529
9.599999999627471
11.200000001117587
14.299999998882413
8.700000001117587
9.399999998509884
8.5
8.900000000372529
9.200000001117587
8.699999999254942
9
8.5
9
9
9.5
9
9
9
9
11.5
10
9.900000000372529
10.400000000372529
10.199999999254942
10.900000000372529
11.099999999627471
8.800000000745058
8.699999999254942
10.099999999627471
8.5
8.800000000745058
11.299999998882413
10.5
9.5
9.300000000745058
9
8.900000000372529
9.5
8.199999999254942
8.800000000745058
8.599999999627471
9.099999999627471
9.099999999627471
8.5
11
14.5
9.600000001490116
9.199999999254942
8.599999999627471
8.900000000372529
8.900000000372529
9.099999999627471
9.400000000372529
8.599999999627471
9.300000000745058
10.099999999627471
9
9.099999999627471
9.199999999254942
9.100000001490116
10.299999998882413
9.099999999627471
9.200000001117587
8.599999999627471
9
9.199999999254942
9.200000001117587
9.5
9.099999999627471
9.599999999627471
8.900000000372529
9
9
8.599999999627471
9.5
8.5
8.800000000745058
8.599999999627471
9.199999999254942
8.400000000372529
8.700000001117587
9.099999999627471
8.699999999254942
9.700000001117587
8.599999999627471
8.699999999254942
11.400000000372529
16
8.599999999627471
9.099999999627471
8.700000001117587
8.900000000372529
9
8.5
9.199999999254942
8.5
9.400000000372529
8.299999998882413
8.900000000372529
9.099999999627471
8.700000001117587
9.5
8.5
8.599999999627471
8.699999999254942
8.600000001490116
9.299999998882413
8.800000000745058
9.199999999254942
8.5
9.200000001117587
8.399999998509884
8.900000000372529
8.5
10.099999999627471
9.800000000745058
8.599999999627471
9.099999999627471
8.600000001490116
9.599999999627471
8.400000000372529
8.699999999254942
9.099999999627471
8.700000001117587
9.099999999627471
8.599999999627471
8.900000000372529
8.5
11.599999999627471
12.300000000745058
8.899999998509884
8.600000001490116
8.799999998882413
9.099999999627471
8.700000001117587
8.5
9.199999999254942
9.5
8.300000000745058
8.799999998882413
11.5
10.600000001490116
9.799999998882413
8.800000000745058
9.099999999627471
8.900000000372529
9
9.799999998882413
8.900000000372529
10.5
9.700000001117587
9.5
8.899999998509884
8.700000001117587
8.599999999627471
8.699999999254942
9.800000000745058
8.599999999627471
8.700000001117587
8.899999998509884
9.300000000745058
9
8.5
9.199999999254942
8.800000000745058
9.199999999254942
8.600000001490116
8.699999999254942
9.099999999627471
9.200000001117587
10.699999999254942
12.400000000372529
8.799999998882413
9
9.100000001490116
8.699999999254942
9.099999999627471
8.700000001117587
9.399999998509884
8.400000000372529
8.800000000745058
8.599999999627471
8.599999999627471
9.800000000745058
8.5
9
8.5
9.099999999627471
9.5
9.199999999254942
9.400000000372529
8.900000000372529
9.5
8.300000000745058
8.799999998882413
8.800000000745058
10
10.099999999627471
9.400000000372529
9.299999998882413
9.200000001117587
9.400000000372529
9.099999999627471
8.699999999254942
8.900000000372529
8.599999999627471
9.200000001117587
8.599999999627471
8.699999999254942
15.300000000745058
10
8.5
10.900000000372529
15
9
9.199999999254942
8.599999999627471
9
8.5
9.700000001117587
9
8.599999999627471
8.900000000372529
8.5
9.299999998882413
8.5
8.599999999627471
9.300000000745058
8.699999999254942
9.600000001490116
8.899999998509884
9.100000001490116
8.899999998509884
9.5
8.900000000372529
8.599999999627471
8.800000000745058
8.599999999627471
10
8.800000000745058
8.599999999627471
9.300000000745058
9.199999999254942
8.599999999627471
8.599999999627471
8.700000001117587
8.699999999254942
9.400000000372529
9
10.800000000745058
9
10.099999999627471
9
9.099999999627471
13.199999999254942
14.800000000745058
9.400000000372529
8.599999999627471
8.699999999254942
8.700000001117587
10.400000000372529
8.5
9.5
8.5
8.799999998882413
9.200000001117587
8.5
8.599999999627471
8.699999999254942
10.400000000372529
9.400000000372529
9.199999999254942
9.300000000745058
9.099999999627471
9.699999999254942
8.900000000372529
9.099999999627471
8.600000001490116
8.599999999627471
9.5
8.5
8.799999998882413
8.600000001490116
9.399999998509884
8.900000000372529
8.400000000372529
8.699999999254942
8.700000001117587
9.099999999627471
8.5
8.599999999627471
8.599999999627471
9.800000000745058
9
9.099999999627471
9.200000001117587
11.299999998882413
13.5
9.099999999627471
8.700000001117587
8.599999999627471
9.300000000745058
8.399999998509884
9.5
9.5
8.700000001117587
9.599999999627471
8.599999999627471
9
8.400000000372529
8.599999999627471
9.5
8.900000000372529
8.699999999254942
8.5
9.5
9
8.700000001117587
8.699999999254942
8.900000000372529
9.099999999627471
8.5
9.099999999627471
8.700000001117587
9.400000000372529
8.399999998509884
9.200000001117587
8.599999999627471
8.5
9.099999999627471
8.5
8.700000001117587
8.5
9.899999998509884
8.800000000745058
8.800000000745058
8.899999998509884
8.700000001117587
13.5
11.900000000372529
8.5
8.799999998882413
8.800000000745058
9.199999999254942
9.099999999627471
9.200000001117587
9.299999998882413
9.700000001117587
9.099999999627471
8.699999999254942
8.5
8.700000001117587
9.199999999254942
9.099999999627471
8.800000000745058
8.5
9.199999999254942
8.400000000372529
10
8.700000001117587
9.799999998882413
9.599999999627471
8.600000001490116
9.099999999627471
8.599999999627471
9.400000000372529
8.400000000372529
10.599999999627471
8.900000000372529
8.699999999254942
9.300000000745058
8.599999999627471
8.799999998882413
8.600000001490116
9.199999999254942
9.5
9
9.300000000745058
9.099999999627471
9.699999999254942
11.200000001117587
12.399999998509884
8.900000000372529
8.700000001117587
9.299999998882413
8.800000000745058
8.799999998882413
9.300000000745058
9.400000000372529
9.199999999254942
8.700000001117587
8.699999999254942
9.199999999254942
9.300000000745058
9.400000000372529
8.799999998882413
8.700000001117587
9.299999998882413
8.5
9.100000001490116
8.799999998882413
8.700000001117587
9.399999998509884
8.5
9.400000000372529
8.700000001117587
9.399999998509884
8.400000000372529
8.800000000745058
9
9.599999999627471
9.800000000745058
8.5
9.299999998882413
9.099999999627471
8.800000000745058
9.699999999254942
9
9.5
8.700000001117587
9.199999999254942
8.5
11
12
9
10.400000000372529
14.699999999254942
8.800000000745058
9.099999999627471
9.200000001117587
8.5
9.299999998882413
8.599999999627471
8.900000000372529
9.099999999627471
8.5
8.600000001490116
8.699999999254942
9.800000000745058
8.599999999627471
8.699999999254942
8.700000001117587
8.799999998882413
9.099999999627471
8.5
9.300000000745058
8.400000000372529
9.199999999254942
8.400000000372529
8.699999999254942
8.600000001490116
8.699999999254942
9.800000000745058
8.5
9.199999999254942
8.5
8.800000000745058
10
9.299999998882413
9.800000000745058
9
9.5
8.699999999254942
8.700000001117587
11
12.599999999627471
9.5
10.599999999627471
9.5
9.199999999254942
9.5
9.200000001117587
8.900000000372529
8.799999998882413
8.800000000745058
9.400000000372529
8.899999998509884
8.700000001117587
9.299999998882413
9.300000000745058
8.699999999254942
8.600000001490116
8.899999998509884
8.900000000372529
9.099999999627471
9
8.600000001490116
8.699999999254942
9.199999999254942
8.800000000745058
8.699999999254942
8.700000001117587
9.099999999627471
9.099999999627471
8.5
8.599999999627471
9.200000001117587
8.599999999627471
9.699999999254942
9.5
8.900000000372529
9.099999999627471
9.600000001490116
8.5
8.699999999254942
8.400000000372529
12.099999999627471
14.900000000372529
8.5
9
8.699999999254942
9.099999999627471
8.900000000372529
8.5
8.700000001117587
8.599999999627471
9.199999999254942
8.599999999627471
8.900000000372529
9.200000001117587
9.299999998882413
8.5
8.599999999627471
9.5
9.200000001117587
9.400000000372529
9.399999998509884
8.800000000745058
8.800000000745058
9.399999998509884
8.600000001490116
8.599999999627471
8.900000000372529
9
9.5
8.699999999254942
8.5
8.900000000372529
8.400000000372529
9.5
9.599999999627471
9
9.199999999254942
9.599999999627471
8.400000000372529
8.599999999627471
8.700000001117587
9
13.799999998882413
12
8.700000001117587
8.699999999254942
9.300000000745058
9
8.5
8.599999999627471
8.5
9
8.599999999627471
9.5
8.900000000372529
9.199999999254942
8.5
8.400000000372529
8.900000000372529
8.400000000372529
9.5
8.400000000372529
9.899999998509884
8.800000000745058
8.5
9.599999999627471
8.900000000372529
9
9.300000000745058
9.5
8.799999998882413
10.900000000372529
10.400000000372529
9.099999999627471
9.199999999254942
9.900000000372529
9
8.599999999627471
9.400000000372529
8.800000000745058
9.799999998882413
9.100000001490116
9.099999999627471
9.400000000372529
10.699999999254942
12.199999999254942
8.600000001490116
8.599999999627471
9.599999999627471
8.699999999254942
8.900000000372529
8.5
9.099999999627471
8.900000000372529
8.5
9
8.400000000372529
9.099999999627471
8.5
8.5
8.400000000372529
9.300000000745058
8.899999998509884
8.5
8.5
8.400000000372529
8.900000000372529
8.5
8.599999999627471
8.400000000372529
10.300000000745058
9.699999999254942
9
9.099999999627471
8.900000000372529
9.599999999627471
8.800000000745058
8.400000000372529
8.399999998509884
8.5
9.200000001117587
8.299999998882413
8.800000000745058
8.5
9.599999999627471
8.400000000372529
10.800000000745058
12.899999998509884
9.5
9.900000000372529
9.200000001117587
9.199999999254942
8.800000000745058
8.599999999627471
9.099999999627471
8.800000000745058
8.699999999254942
8.599999999627471
9.800000000745058
8.699999999254942
8.800000000745058
9
9
9.400000000372529
9.599999999627471
8.799999998882413
8.900000000372529
8.800000000745058
9.599999999627471
9.099999999627471
8.900000000372529
9.400000000372529
9.699999999254942
10.599999999627471
8.5
8.400000000372529
8.700000001117587
9.099999999627471
8.699999999254942
8.400000000372529
9
8.599999999627471
9.400000000372529
9.300000000745058
8.799999998882413
9.200000001117587
9.099999999627471
8.699999999254942
10.700000001117587
12.099999999627471
8.599999999627471
10.199999999254942
8.5
8.700000001117587
8.299999998882413
9.5
8.400000000372529
9
9.5
8.900000000372529
9.400000000372529
10.5
9.099999999627471
9.5
9.599999999627471
9.300000000745058
9.599999999627471
9
9
10.300000000745058
8.599999999627471
8.900000000372529
8.799999998882413
8.900000000372529
9.099999999627471
8.599999999627471
9.200000001117587
8.400000000372529
9.399999998509884
9.5
9.200000001117587
8.599999999627471
9.800000000745058
9.799999998882413
8.200000001117587
9.099999999627471
8.5
8.5
9
8.299999998882413
13.300000000745058
14.800000000745058
10
8.899999998509884
8.900000000372529
8.700000001117587
9.399999998509884
9
8.900000000372529
9.300000000745058
8.599999999627471
9
9.300000000745058
9.199999999254942
8.900000000372529
8.900000000372529
9.699999999254942
8.199999999254942
8.5
8.5
9.100000001490116
9
8.5
8.399999998509884
8.700000001117587
8.900000000372529
9.899999998509884
9.400000000372529
9
9
9.800000000745058
8.199999999254942
8.599999999627471
8.800000000745058
9.199999999254942
9
8.800000000745058
9
8.400000000372529
8.599999999627471
9.099999999627471
9.099999999627471
10.600000001490116
12
9.099999999627471
8.299999998882413
8.600000001490116
8.5
9
9.199999999254942
8.400000000372529
9
8.400000000372529
9
8.299999998882413
8.5
8.400000000372529
9
9.5
8.300000000745058
8.399999998509884
8.400000000372529
8.599999999627471
9
8.5
8.400000000372529
9
9.400000000372529
8.300000000745058
8.5
8.299999998882413
8.599999999627471
8.900000000372529
9.5
8.599999999627471
8.700000001117587
8.400000000372529
9.399999998509884
9
8.900000000372529
9.300000000745058
9.599999999627471
10.900000000372529
11.799999998882413
12.200000001117587
15.299999998882413
9.5
9
8.600000001490116
10.099999999627471
8.599999999627471
9
10
8.900000000372529
8.5
9.199999999254942
8.200000001117587
8.5
8.5
8.799999998882413
8.900000000372529
8.900000000372529
8.400000000372529
8.5
9.799999998882413
8.5
8.800000000745058
9.199999999254942
8.700000001117587
9.5
8.599999999627471
9.199999999254942
8.5
9.200000001117587
9.699999999254942
9.199999999254942
8.800000000745058
8.800000000745058
9.299999998882413
8.300000000745058
8.599999999627471
8.800000000745058
8.699999999254942
9.599999999627471
8.400000000372529
8.5
10.599999999627471
14.599999999627471
9.800000000745058
8.800000000745058
8.899999998509884
9
9.200000001117587
8.400000000372529
8.399999998509884
9.200000001117587
8.699999999254942
10.5
8.5
8.400000000372529
9.199999999254942
8.800000000745058
9
8.400000000372529
8.199999999254942
8.5
8.800000000745058
8.699999999254942
8.800000000745058
8.400000000372529
8.899999998509884
9.200000001117587
8.400000000372529
8.799999998882413
8.800000000745058
9.599999999627471
8.400000000372529
9.400000000372529
8.699999999254942
9.400000000372529
9.900000000372529
9.5
9
9
9.099999999627471
9.599999999627471
9
9.400000000372529
11.400000000372529
12.299999998882413
8.400000000372529
9.099999999627471
8.400000000372529
8.5
9.099999999627471
8.5
9
8.700000001117587
8.899999998509884
9.300000000745058
9.400000000372529
8.400000000372529
8.399999998509884
10.200000001117587
8.299999998882413
8.600000001490116
8.599999999627471
8.900000000372529
9
8.899999998509884
8.800000000745058
14.199999999254942
11.400000000372529
9.099999999627471
8.900000000372529
9.400000000372529
9.400000000372529
9.599999999627471
8.699999999254942
8.700000001117587
8.900000000372529
8.799999998882413
9.5
9.300000000745058
9.400000000372529
8.899999998509884
9.5
8.600000001490116
8.899999998509884
8.800000000745058
11.5
15.199999999254942
9.100000001490116
9
8.799999998882413
9
9.700000001117587
8.699999999254942
9.300000000745058
8.899999998509884
9.400000000372529
8.400000000372529
8.900000000372529
8.799999998882413
8.700000001117587
9.599999999627471
8.400000000372529
9
8.799999998882413
8.900000000372529
9.599999999627471
9
9.200000001117587
8.799999998882413
9.300000000745058
8.900000000372529
8.599999999627471
9
8.599999999627471
9.5
8.5
9.099999999627471
8.300000000745058
9.099999999627471
8.300000000745058
8.299999998882413
9.100000001490116
9.199999999254942
9.599999999627471
8.700000001117587
8.699999999254942
9.199999999254942
13.300000000745058
13.599999999627471
13.900000000372529
10.400000000372529
8.699999999254942
9.400000000372529
9
8.599999999627471
8.800000000745058
8.599999999627471
9.900000000372529
8.5
8.799999998882413
8.600000001490116
8.799999998882413
9.599999999627471
8.900000000372529
9.099999999627471
8.800000000745058
9.599999999627471
8.5
8.599999999627471
8.700000001117587
8.699999999254942
9.400000000372529
8.699999999254942
9.200000001117587
8.799999998882413
8.900000000372529
10.099999999627471
8.700000001117587
9.199999999254942
9.099999999627471
9.400000000372529
8.700000001117587
9.099999999627471
9.099999999627471
8.800000000745058
9.699999999254942
10
8.800000000745058
9.599999999627471
11.900000000372529
12.199999999254942
9
9.099999999627471
11.200000001117587
11.299999998882413
9
8.700000001117587
8.799999998882413
9
9.5
8.700000001117587
11.199999999254942
8.800000000745058
9.299999998882413
8.400000000372529
8.5
9
8.5
9.199999999254942
8.300000000745058
8.599999999627471
8.700000001117587
8.399999998509884
9.5
8.300000000745058
8.599999999627471
8.300000000745058
9
8.400000000372529
8.399999998509884
8.800000000745058
8.400000000372529
9.099999999627471
8.300000000745058
8.5
8.399999998509884
9.400000000372529
8.700000001117587
8.399999998509884
8.5
8.400000000372529
12.800000000745058
12.099999999627471
8.599999999627471
9
8.400000000372529
9.199999999254942
8.700000001117587
8.699999999254942
8.599999999627471
9.400000000372529
9
8.800000000745058
8.799999998882413
9.200000001117587
9.199999999254942
8.700000001117587
8.899999998509884
8.800000000745058
8.800000000745058
10
9.299999998882413
8.5
9.300000000745058
9.5
8.5
9.599999999627471
8.699999999254942
8.800000000745058
9.900000000372529
8.900000000372529
8.699999999254942
9
9
9.5
8.699999999254942
8.900000000372529
8.700000001117587
9.299999998882413
9.099999999627471
8.600000001490116
8.699999999254942
8.900000000372529
13.699999999254942
12
9.099999999627471
9.100000001490116
9.799999998882413
8.599999999627471
8.600000001490116
8.799999998882413
8.599999999627471
9.300000000745058
8.599999999627471
8.800000000745058
8.799999998882413
8.700000001117587
9.699999999254942
8.800000000745058
9.400000000372529
8.799999998882413
9.800000000745058
8.699999999254942
8.5
8.400000000372529
8.199999999254942
10.100000001490116
8.199999999254942
9.199999999254942
8.300000000745058
8.699999999254942
8.900000000372529
8.400000000372529
8.599999999627471
11.800000000745058
9.299999998882413
9.900000000372529
9.400000000372529
8.900000000372529
9.400000000372529
9.399999998509884
8.700000001117587
8.400000000372529
8.5
8.399999998509884
11.200000001117587
11.900000000372529
8.599999999627471
8.5
9.5
8.400000000372529
8.599999999627471
8.5
8.400000000372529
8.899999998509884
9
8.400000000372529
8.900000000372529
9.199999999254942
8.200000001117587
8.5
8.5
8.900000000372529
8.899999998509884
8.900000000372529
8.400000000372529
8.400000000372529
8.299999998882413
9.100000001490116
8.399999998509884
8.300000000745058
8.800000000745058
8.899999998509884
8.600000001490116
8.399999998509884
8.400000000372529
8.400000000372529
9.099999999627471
8.800000000745058
8.400000000372529
8.399999998509884
8.5
9
8.5
8.600000001490116
8.299999998882413
9.599999999627471
10.5
11.900000000372529
8.599999999627471
8.5
9.5
9.700000001117587
8.799999998882413
8.600000001490116
9.399999998509884
8.5
8.5
8.400000000372529
9.200000001117587
9.399999998509884
8.400000000372529
8.300000000745058
8.900000000372529
8.599999999627471
9.099999999627471
8.5
8.900000000372529
8.699999999254942
9.800000000745058
8.900000000372529
8.399999998509884
8.600000001490116
8.699999999254942
9
8.5
8.199999999254942
8.800000000745058
8.300000000745058
9.199999999254942
8.900000000372529
8.199999999254942
8.900000000372529
8.900000000372529
8.699999999254942
8.5
9.200000001117587
8.299999998882413
8.900000000372529
10.900000000372529
12.099999999627471
9
9.699999999254942
8.200000001117587
8.5
8.699999999254942
8.900000000372529
9.5
8.599999999627471
9.700000001117587
8.699999999254942
8.900000000372529
9.5
8.599999999627471
8.900000000372529
8.900000000372529
11.599999999627471
8.900000000372529
9.5
9
8.5
10.099999999627471
9
9
8.699999999254942
10.599999999627471
9.600000001490116
8.399999998509884
8.700000001117587
8.699999999254942
9.700000001117587
8.299999998882413
8.5
8.800000000745058
8.599999999627471
9.300000000745058
8.299999998882413
8.700000001117587
8.5
8.399999998509884
9.100000001490116
10.5
11.899999998509884
8.700000001117587
9.400000000372529
8.299999998882413
8.5
8.800000000745058
8.400000000372529
9.199999999254942
8.300000000745058
8.899999998509884
8.400000000372529
9.099999999627471
8.400000000372529
8.400000000372529
8.5
8.300000000745058
9.599999999627471
8.299999998882413
8.5
8.300000000745058
8.599999999627471
9
8.400000000372529
8.900000000372529
8.400000000372529
9
8.399999998509884
8.900000000372529
8.700000001117587
8.799999998882413
9.599999999627471
9.300000000745058
9
8.900000000372529
8.799999998882413
9.800000000745058
8.599999999627471
9.400000000372529
8.800000000745058
9.399999998509884
14.100000001490116
12.099999999627471
11.900000000372529
9.099999999627471
9.199999999254942
8.900000000372529
8.400000000372529
8.900000000372529
8.899999998509884
9.200000001117587
9
8.799999998882413
9.300000000745058
9.199999999254942
8.600000001490116
8.699999999254942
8.900000000372529
8.900000000372529
9.299999998882413
8.800000000745058
8.699999999254942
9.400000000372529
9.300000000745058
8.799999998882413
8.800000000745058
8.799999998882413
8.800000000745058
10.099999999627471
8.599999999627471
9
8.900000000372529
9.099999999627471
9.300000000745058
8.900000000372529
9.199999999254942
8.800000000745058
9.599999999627471
8.699999999254942
9.900000000372529
9
8.800000000745058
9.900000000372529
8.699999999254942
13
17.59999999962747
10.5
10.5
8.700000001117587
8.899999998509884
9.300000000745058
9.800000000745058
8.599999999627471
8.599999999627471
9
8.5
9.099999999627471
8.400000000372529
8.5
8.5
8.800000000745058
10.699999999254942
8.699999999254942
8.900000000372529
9
9.5
8.400000000372529
8.400000000372529
9.099999999627471
8.800000000745058
9.5
8.599999999627471
9.099999999627471
8.599999999627471
9.400000000372529
8.5
8.5
8.400000000372529
8.299999998882413
9.600000001490116
8.199999999254942
8.5
8.699999999254942
8.400000000372529
9.099999999627471
8.400000000372529
10.5
12.099999999627471
9.200000001117587
8.199999999254942
8.400000000372529
8.5
8.300000000745058
9.5
8.299999998882413
8.400000000372529
8.400000000372529
8.400000000372529
8.899999998509884
8.5
9.400000000372529
9.300000000745058
9.199999999254942
8.700000001117587
8.5
8.799999998882413
8.300000000745058
9.5
8.599999999627471
11
8.800000000745058
9
8.799999998882413
9.200000001117587
8.899999998509884
8.400000000372529
8.900000000372529
8.599999999627471
8.200000001117587
8.5
8.299999998882413
9
8.300000000745058
8.599999999627471
8.699999999254942
9.100000001490116
8.399999998509884
8.300000000745058
10.599999999627471
11.700000001117587
9.099999999627471
8.900000000372529
8.5
8.299999998882413
8.400000000372529
9.300000000745058
8.399999998509884
8.300000000745058
8.900000000372529
8.799999998882413
8.400000000372529
8.400000000372529
8.599999999627471
8.300000000745058
8.900000000372529
8.399999998509884
9.100000001490116
8.5
8.399999998509884
9.600000001490116
8.599999999627471
9.599999999627471
8.800000000745058
9.399999998509884
9.200000001117587
8.699999999254942
9.200000001117587
11.399999998509884
22.5
9.5
9.300000000745058
9.099999999627471
9.5
8.800000000745058
8.900000000372529
10.5
8.599999999627471
9.299999998882413
8.600000001490116
8.599999999627471
13.099999999627471
15.800000000745058
9.399999998509884
8.800000000745058
8.900000000372529
8.5
9.099999999627471
8.5
8.699999999254942
8.5
8.900000000372529
8.900000000372529
8.900000000372529
8.299999998882413
8.5
8.5
9.5
8.600000001490116
9
9.199999999254942
9.400000000372529
8.799999998882413
8.400000000372529
8.800000000745058
8.299999998882413
9
9.300000000745058
8.300000000745058
8.399999998509884
8.300000000745058
9.099999999627471
8.400000000372529
8.800000000745058
8.5
9.5
8.199999999254942
8.300000000745058
8.399999998509884
8.300000000745058
9.099999999627471
8.400000000372529
9
10.800000000745058
12.199999999254942
8.400000000372529
8.400000000372529
8.599999999627471
8.400000000372529
8.899999998509884
8.800000000745058
8.699999999254942
8.400000000372529
8.599999999627471
8.900000000372529
8.5
8.300000000745058
9.099999999627471
8.900000000372529
8.199999999254942
8.5
8.400000000372529
8.599999999627471
8.800000000745058
8.799999998882413
8.300000000745058
9.5
8.699999999254942
9.400000000372529
8.700000001117587
8.799999998882413
8.300000000745058
9.099999999627471
8.199999999254942
8.5
8.300000000745058
8.5
9.599999999627471
8.099999999627471
8.5
8.300000000745058
9.400000000372529
8.099999999627471
8.5
8.400000000372529
11.299999998882413
13.600000001490116
8.399999998509884
8.600000001490116
9
8.199999999254942
9.5
8.900000000372529
9.299999998882413
9
9.5
8.600000001490116
8.699999999254942
11.5
9.300000000745058
10.799999998882413
9.300000000745058
8.900000000372529
9.5
8.799999998882413
9.599999999627471
9
8.900000000372529
8.900000000372529
9.199999999254942
9.100000001490116
8.799999998882413
9.099999999627471
8.700000001117587
9.699999999254942
8.800000000745058
8.599999999627471
9
8.699999999254942
9.900000000372529
8.599999999627471
8.700000001117587
9.099999999627471
9.199999999254942
8.700000001117587
8.599999999627471
9
10.5
15
8.900000000372529
8.699999999254942
9
9.700000001117587
8.699999999254942
8.800000000745058
8.699999999254942
8.800000000745058
9.299999998882413
8.599999999627471
8.600000001490116
8.899999998509884
10
9.700000001117587
8.699999999254942
8.700000001117587
8.599999999627471
9.099999999627471
8.599999999627471
8.800000000745058
9.099999999627471
8.699999999254942
9.300000000745058
8.5
9.599999999627471
9
8.400000000372529
10.300000000745058
9
9
9
9.599999999627471
8.699999999254942
8.800000000745058
9.599999999627471
8.599999999627471
9.700000001117587
8.399999998509884
8.700000001117587
8.599999999627471
10.699999999254942
13.700000001117587
8.900000000372529
9.899999998509884
8.900000000372529
9.5
8.400000000372529
9.400000000372529
8.799999998882413
8.700000001117587
9.299999998882413
8.800000000745058
8.800000000745058
8.799999998882413
9.700000001117587
8.699999999254942
8.900000000372529
8.699999999254942
8.700000001117587
9.899999998509884
8.5
9
8.800000000745058
9.099999999627471
9.400000000372529
8.599999999627471
9.300000000745058
9.099999999627471
9.5
8.599999999627471
9
8.599999999627471
8.600000001490116
9.899999998509884
9
9.300000000745058
8.599999999627471
8.900000000372529
11.699999999254942
9.400000000372529
11.300000000745058
9.099999999627471
14.199999999254942
12.100000001490116
9.199999999254942
8.900000000372529
11.199999999254942
10
8.599999999627471
8.800000000745058
8.400000000372529
8.599999999627471
9
8.5
8.599999999627471
8.599999999627471
10
8.300000000745058
8.599999999627471
8.400000000372529
8.5
9.400000000372529
8.199999999254942
8.800000000745058
8.400000000372529
9.099999999627471
8.099999999627471
8.599999999627471
8.400000000372529
8.900000000372529
8.900000000372529
8.299999998882413
8.5
8.300000000745058
8.699999999254942
8.800000000745058
8.5
8.400000000372529
9
9.199999999254942
8.099999999627471
8.5
8.400000000372529
8.300000000745058
13.599999999627471
12
8.799999998882413
8.700000001117587
8.799999998882413
9
8.400000000372529
8.700000001117587
8.5
9.899999998509884
8.700000001117587
8.599999999627471
8.699999999254942
8.5
9.700000001117587
8.400000000372529
8.399999998509884
8.800000000745058
8.599999999627471
9.300000000745058
8.799999998882413
8.700000001117587
9.099999999627471
9.300000000745058
8
8.5
8.399999998509884
8.400000000372529
8.700000001117587
8.799999998882413
8.5
8.400000000372529
9.099999999627471
8.300000000745058
8.299999998882413
8.400000000372529
9
8.800000000745058
8.400000000372529
8.399999998509884
8.5
8.300000000745058
11.099999999627471
11.900000000372529
8.400000000372529
8.400000000372529
9.299999998882413
8.099999999627471
8.400000000372529
8.300000000745058
8.900000000372529
9
8.199999999254942
8.300000000745058
8.399999998509884
8.400000000372529
9
8.800000000745058
8.400000000372529
8.599999999627471
8.799999998882413
9.200000001117587
8.299999998882413
8.5
8.300000000745058
9.5
10.900000000372529
9.599999999627471
9.5
9
9.300000000745058
9.399999998509884
8.800000000745058
9
9.300000000745058
8.199999999254942
8.599999999627471
8.400000000372529
9
9
8.599999999627471
8.400000000372529
8.800000000745058
9.099999999627471
10.400000000372529
11.899999998509884
8.600000001490116
8.299999998882413
8.900000000372529
8.300000000745058
8.5
8.399999998509884
9.200000001117587
9.299999998882413
8.900000000372529
8.800000000745058
8.599999999627471
9.099999999627471
8.200000001117587
9.099999999627471
8.400000000372529
8.399999998509884
8.700000001117587
8.699999999254942
8.400000000372529
8.300000000745058
8.799999998882413
8.900000000372529
8.300000000745058
8.299999998882413
8.599999999627471
8.900000000372529
8.300000000745058
8.299999998882413
9.100000001490116
8.5
8.899999998509884
8.400000000372529
8.400000000372529
8.5
8.900000000372529
8.5
8.400000000372529
9.5
8.899999998509884
9.100000001490116
10.799999998882413
12.5
8.5
8.800000000745058
9.5
8.699999999254942
8.599999999627471
8.400000000372529
9.700000001117587
8.099999999627471
8.599999999627471
8.400000000372529
8.400000000372529
8.799999998882413
8.5
9
8.200000001117587
8.899999998509884
9
8.5
8.400000000372529
8.400000000372529
8.800000000745058
8.699999999254942
8.300000000745058
8.299999998882413
8.400000000372529
8.900000000372529
8.400000000372529
8.299999998882413
9.300000000745058
8.299999998882413
9.100000001490116
8.299999998882413
8.700000001117587
8.5
8.699999999254942
8.800000000745058
8.299999998882413
8.599999999627471
8.200000001117587
9
10.699999999254942
11.700000001117587
9.099999999627471
9
8.299999998882413
8.400000000372529
8.400000000372529
9.300000000745058
8.899999998509884
9
8.300000000745058
10.900000000372529
10.400000000372529
9.099999999627471
9.5
9
9.400000000372529
9.5
8.099999999627471
9.799999998882413
9.200000001117587
8.5
9
9.199999999254942
8.400000000372529
8.400000000372529
8.599999999627471
9
8.5
8.400000000372529
8.400000000372529
8.799999998882413
8.300000000745058
8.299999998882413
8.5
8.600000001490116
8.799999998882413
8.900000000372529
8.400000000372529
8.299999998882413
8.900000000372529
8.200000001117587
11
11.699999999254942
8.900000000372529
9.099999999627471
8.900000000372529
8.799999998882413
8.800000000745058
8.699999999254942
8.900000000372529
8.800000000745058
8.400000000372529
8.399999998509884
8.900000000372529
8.200000001117587
8.399999998509884
8.300000000745058
8.900000000372529
8.900000000372529
8.399999998509884
8.300000000745058
8.5
8.300000000745058
9.299999998882413
9
9.200000001117587
9.599999999627471
9.699999999254942
8.400000000372529
9.199999999254942
8.700000001117587
8.799999998882413
8.900000000372529
8.400000000372529
8.599999999627471
8.900000000372529
8.400000000372529
9.299999998882413
8.400000000372529
8.800000000745058
8.599999999627471
8.900000000372529
8.099999999627471
10.5
11.699999999254942
9.100000001490116
8.899999998509884
8.400000000372529
8.300000000745058
8.599999999627471
8.800000000745058
8.199999999254942
8.5
9
8.5
8.800000000745058
8.399999998509884
8.300000000745058
8.5
8.5
9.300000000745058
8.299999998882413
8.300000000745058
8.799999998882413
9
8.200000001117587
8.400000000372529
9
8.399999998509884
8.900000000372529
8.300000000745058
8.599999999627471
8.300000000745058
8.5
9.599999999627471
8.799999998882413
8.900000000372529
8.800000000745058
9.099999999627471
8.199999999254942
9.300000000745058
8.800000000745058
8.5
9.099999999627471
11
11.599999999627471
14.300000000745058
9.299999998882413
9.5
9
9
8.800000000745058
9.199999999254942
8.200000001117587
9.199999999254942
8.199999999254942
8.600000001490116
8.899999998509884
8.600000001490116
8.399999998509884
8.400000000372529
9.400000000372529
8.599999999627471
9
8.599999999627471
8.900000000372529
9
8.900000000372529
9.400000000372529
9.199999999254942
8.5
9.099999999627471
8.300000000745058
8.5
8.300000000745058
9.5
8.199999999254942
8.5
8.400000000372529
8.299999998882413
9.200000001117587
8.400000000372529
8.899999998509884
8.300000000745058
8.5
9
8.400000000372529
10.599999999627471
11.699999999254942
9.600000001490116
8.299999998882413
8.599999999627471
8.600000001490116
8.399999998509884
9.100000001490116
8.199999999254942
9
8.300000000745058
9.199999999254942
8.199999999254942
8.600000001490116
8.399999998509884
8.400000000372529
9.599999999627471
8.300000000745058
8.800000000745058
8.799999998882413
8.599999999627471
8.800000000745058
8.5
8.599999999627471
8.599999999627471
9.100000001490116
8.199999999254942
8.400000000372529
8.400000000372529
8.5
8.899999998509884
8.800000000745058
8.5
8.300000000745058
8.399999998509884
9.100000001490116
8.299999998882413
8.300000000745058
9.400000000372529
9.199999999254942
8.800000000745058
8.599999999627471
13.199999999254942
14.400000000372529
9.699999999254942
8.700000001117587
8.799999998882413
8.600000001490116
9
9
8.5
9.199999999254942
8.300000000745058
9.099999999627471
8.199999999254942
8.5
8.400000000372529
8.5
9.599999999627471
8.300000000745058
8.599999999627471
8.300000000745058
8.899999998509884
8.400000000372529
8.5
8.400000000372529
9.400000000372529
9.099999999627471
8.199999999254942
11.200000001117587
8.900000000372529
10.599999999627471
9.799999998882413
8.600000001490116
9.199999999254942
8.5
9.199999999254942
8.300000000745058
10
9
9.099999999627471
8.900000000372529
8.300000000745058
8.399999998509884
13
11.900000000372529
9.599999999627471
8.300000000745058
8.400000000372529
8.299999998882413
9.200000001117587
8.199999999254942
8.200000001117587
9
8.299999998882413
9.099999999627471
8.300000000745058
8.400000000372529
8.400000000372529
8.399999998509884
9.700000001117587
8.400000000372529
8.5
8.399999998509884
9.300000000745058
8.199999999254942
8.5
8.400000000372529
9
9
8.300000000745058
8.400000000372529
8.299999998882413
9
8.099999999627471
9.100000001490116
8.399999998509884
8.600000001490116
8.699999999254942
8.5
8.5
8.400000000372529
8.799999998882413
9
8.5
8.400000000372529
12.300000000745058
12.799999998882413
9.100000001490116
8.599999999627471
9.299999998882413
8.5
8.900000000372529
8.400000000372529
8.400000000372529
8.900000000372529
8.199999999254942
9.099999999627471
8.5
8.400000000372529
8.400000000372529
9
8.799999998882413
8.400000000372529
8.400000000372529
8.300000000745058
9
8.299999998882413
8.5
8.800000000745058
8.900000000372529
8.399999998509884
8.300000000745058
8.5
8.300000000745058
9.399999998509884
8.100000001490116
9
8.199999999254942
8.400000000372529
8.900000000372529
8.299999998882413
8.700000001117587
8.399999998509884
9.400000000372529
8.099999999627471
8.900000000372529
9.099999999627471
10.5
14.600000001490116
9
8.699999999254942
8.699999999254942
8.700000001117587
9.299999998882413
8.5
8.400000000372529
9.200000001117587
9.099999999627471
9.599999999627471
8.5
10.900000000372529
8.599999999627471
10.099999999627471
9.400000000372529
8.5
8.900000000372529
8.299999998882413
9.5
9.100000001490116
9
8.699999999254942
9.599999999627471
8.800000000745058
8.5
9.099999999627471
8.400000000372529
9.099999999627471
8.400000000372529
8.5
8.5
8.799999998882413
8.400000000372529
8.5
8.599999999627471
8.400000000372529
9.099999999627471
8.300000000745058
8.800000000745058
8.399999998509884
10.800000000745058
12.300000000745058
8.399999998509884
8.5
8.900000000372529
8.900000000372529
8.599999999627471
8.400000000372529
9.300000000745058
9.399999998509884
9
8.800000000745058
8.5
8.599999999627471
8.900000000372529
9.099999999627471
8.5
8.5
8.400000000372529
9.099999999627471
8.200000001117587
8.399999998509884
8.800000000745058
8.199999999254942
10.5
9.300000000745058
8.699999999254942
9.100000001490116
9
10.799999998882413
9.5
9.099999999627471
9.5
9.300000000745058
9.599999999627471
8.900000000372529
9.5
8.800000000745058
9.399999998509884
8.5
8.400000000372529
8.599999999627471
14.400000000372529
11.900000000372529
8.800000000745058
8.799999998882413
8.300000000745058
9.299999998882413
8.300000000745058
8.800000000745058
8.299999998882413
8.5
8.900000000372529
8.199999999254942
8.5
8.200000001117587
9
8.199999999254942
9
8.5
8.5
8.900000000372529
8.800000000745058
8.399999998509884
8.200000001117587
9
8.799999998882413
8.400000000372529
8.300000000745058
8.400000000372529
9
8.399999998509884
8.300000000745058
8.599999999627471
8.400000000372529
8.900000000372529
8.699999999254942
8.400000000372529
8.599999999627471
8.5
8.900000000372529
8.5
9.400000000372529
10.299999998882413
14.100000001490116
11.899999998509884
9
8.900000000372529
8.5
9.200000001117587
8.199999999254942
8.400000000372529
8.400000000372529
11.399999998509884
9.100000001490116
8.399999998509884
8.700000001117587
8.400000000372529
8.899999998509884
8.300000000745058
8.699999999254942
8.400000000372529
8.800000000745058
9.400000000372529
8.899999998509884
8.800000000745058
8.900000000372529
9.400000000372529
8.099999999627471
8.699999999254942
8.599999999627471
8.300000000745058
8.900000000372529
8.299999998882413
8.400000000372529
8.400000000372529
9.199999999254942
9
8.600000001490116
8.5
8.399999998509884
9.100000001490116
8.099999999627471
9
8.299999998882413
8.5
13.5
11.800000000745058
8.400000000372529
8.299999998882413
9.100000001490116
9
8.299999998882413
8.5
8.300000000745058
8.900000000372529
8.099999999627471
9
8.400000000372529
9.5
9.5
8.5
8.699999999254942
8.599999999627471
9.5
8.300000000745058
8.400000000372529
8.399999998509884
8.5
9.200000001117587
8.900000000372529
8.399999998509884
8.700000001117587
8.299999998882413
9.100000001490116
8.299999998882413
8.599999999627471
8.300000000745058
9.900000000372529
8.699999999254942
8.700000001117587
8.899999998509884
8.800000000745058
9.300000000745058
8.299999998882413
9.200000001117587
8.599999999627471
8.299999998882413
13.300000000745058
11.900000000372529
8.599999999627471
8.900000000372529
9.199999999254942
8.300000000745058
8.900000000372529
8.5
8.599999999627471
9.099999999627471
9.099999999627471
8.200000001117587
8.399999998509884
9.100000001490116
8.199999999254942
8.5
8.400000000372529
9
8.900000000372529
8.299999998882413
8.300000000745058
8.5
8.299999998882413
9
8.300000000745058
8.900000000372529
9
11.299999998882413
9.400000000372529
9
9.599999999627471
8.700000001117587
9.599999999627471
8.300000000745058
8.699999999254942
8.199999999254942
8.600000001490116
9.099999999627471
8.400000000372529
8.5
8.5
9.5
10.199999999254942
12.099999999627471
8.700000001117587
8.399999998509884
9
8.200000001117587
9
8.5
8.400000000372529
9.5
8.899999998509884
9
8.900000000372529
9.700000001117587
8.299999998882413
8.300000000745058
8.900000000372529
8.199999999254942
9.099999999627471
8.300000000745058
9.400000000372529
8.5
9
8.199999999254942
8.300000000745058
8.599999999627471
8.400000000372529
9.299999998882413
8.200000001117587
8.5
8.299999998882413
8.5
8.900000000372529
8.599999999627471
9
8.300000000745058
9
8
8.5
8.5
8.400000000372529
8.899999998509884
11
12.100000001490116
9.199999999254942
8.5
9.300000000745058
8.399999998509884
9
8.400000000372529
9.099999999627471
8.200000001117587
8.5
8.299999998882413
8.600000001490116
9.699999999254942
8.300000000745058
8.399999998509884
8.400000000372529
8.400000000372529
9
8.5
8.400000000372529
8.900000000372529
10.599999999627471
8.199999999254942
8.5
8.400000000372529
8.5
8.900000000372529
9
8.5
8.400000000372529
9.099999999627471
8.099999999627471
8.5
8.400000000372529
9
9
8.400000000372529
8.399999998509884
8.700000001117587
8.400000000372529
9
10.699999999254942
11.800000000745058
8.5
9
8.099999999627471
8.400000000372529
8.399999998509884
9
8.900000000372529
8.300000000745058
8.299999998882413
8.5
8.600000001490116
9
12
9.399999998509884
9.700000001117587
10.599999999627471
8.400000000372529
9
9
8.900000000372529
9.199999999254942
8.400000000372529
9.099999999627471
9.800000000745058
9.199999999254942
8.199999999254942
8.800000000745058
8.400000000372529
8.5
9.299999998882413
8.200000001117587
8.900000000372529
8.299999998882413
8.700000001117587
8.799999998882413
8.400000000372529
8.5
8.300000000745058
9.099999999627471
8.400000000372529
10.699999999254942
11.800000000745058
8.599999999627471
8.900000000372529
8.199999999254942
9
8.400000000372529
8.799999998882413
9.100000001490116
8.399999998509884
8.300000000745058
8.599999999627471
9.099999999627471
8.200000001117587
8.5
8.5
8.5
8.900000000372529
8.199999999254942
8.5
8.599999999627471
8.5
9.300000000745058
8.5
8.5
8.5
8.799999998882413
8.600000001490116
8.299999998882413
9.599999999627471
8.800000000745058
9.099999999627471
8.900000000372529
8.800000000745058
8.699999999254942
9.300000000745058
8.399999998509884
8.5
8.400000000372529
8.400000000372529
9.5
8.300000000745058
10.699999999254942
12.099999999627471
8.800000000745058
9.400000000372529
9.099999999627471
9
9.099999999627471
9
8.5
8.400000000372529
8.599999999627471
8.400000000372529
9.199999999254942
8.300000000745058
8.400000000372529
8.799999998882413
8.400000000372529
9.599999999627471
8.800000000745058
8.900000000372529
8.699999999254942
9.400000000372529
8.799999998882413
8.400000000372529
8.5
8.5
11
8.599999999627471
8.400000000372529
8.800000000745058
9.099999999627471
8.400000000372529
8.5
8.799999998882413
8.400000000372529
9.400000000372529
8.5
8.400000000372529
8.400000000372529
8.399999998509884
9.200000001117587
8.400000000372529
13.099999999627471
16.90000000037253
9.299999998882413
8.599999999627471
9
8.400000000372529
8.700000001117587
9
8.299999998882413
8.300000000745058
8.400000000372529
8.299999998882413
9.200000001117587
8.399999998509884
8.700000001117587
8.400000000372529
9
8.5
8.5
8.5
8.299999998882413
9.300000000745058
8.199999999254942
8.300000000745058
8.400000000372529
8.699999999254942
9
8.400000000372529
8.699999999254942
8.300000000745058
9.099999999627471
8.099999999627471
8.700000001117587
8.299999998882413
8.400000000372529
9.199999999254942
8.400000000372529
8.400000000372529
8.400000000372529
9.400000000372529
8.199999999254942
8.5
10.800000000745058
12.199999999254942
9.099999999627471
8.300000000745058
8.699999999254942
8.400000000372529
8.400000000372529
9.199999999254942
8.200000001117587
8.5
8.199999999254942
9.300000000745058
8.099999999627471
8.5
8.400000000372529
8.399999998509884
9.400000000372529
9
9.5
8.400000000372529
8.699999999254942
9.400000000372529
9.099999999627471
9
9
9.600000001490116
8.5
8.599999999627471
8.400000000372529
8.199999999254942
8.900000000372529
8.5
8.799999998882413
8.5
9.300000000745058
8.199999999254942
8.600000001490116
8.299999998882413
8.5
9
8.700000001117587
8.299999998882413
10.599999999627471
13.600000001490116
9.199999999254942
8.400000000372529
9
8.5
9.199999999254942
8.099999999627471
8.600000001490116
8.399999998509884
8.200000001117587
9.5
8.199999999254942
8.400000000372529
8.599999999627471
8.599999999627471
8.900000000372529
8.5
8.300000000745058
9.099999999627471
9.400000000372529
8.599999999627471
9
8.800000000745058
8.699999999254942
8.800000000745058
8.5
8.899999998509884
8.5
8.400000000372529
9
11.300000000745058
9.5
9.699999999254942
9.900000000372529
8.300000000745058
9
8.799999998882413
8.800000000745058
8.900000000372529
8.599999999627471
9.400000000372529
14.599999999627471
15.299999998882413
8.300000000745058
8.400000000372529
8.400000000372529
9
8.899999998509884
8.600000001490116
8.299999998882413
8.5
8.5
9
8.900000000372529
8.300000000745058
8.599999999627471
8.799999998882413
8.200000001117587
8.299999998882413
8.600000001490116
8.399999998509884
9.400000000372529
8.900000000372529
8.300000000745058
8.5
8.5
9.099999999627471
8.400000000372529
9
8.299999998882413
9
8.5
8.300000000745058
8.400000000372529
8.299999998882413
9.599999999627471
8.300000000745058
8.400000000372529
8.400000000372529
8.399999998509884
9
8.400000000372529
8.599999999627471
10.400000000372529
14.200000001117587
9.199999999254942
9.300000000745058
8.5
8.699999999254942
9.099999999627471
9
8.300000000745058
8.599999999627471
9
9
8.199999999254942
8.5
8.400000000372529
8.900000000372529
8.300000000745058
8.299999998882413
8.900000000372529
8.300000000745058
9.199999999254942
8.300000000745058
8.5
8.399999998509884
9.100000001490116
8.699999999254942
8.300000000745058
8.599999999627471
8.5
8.900000000372529
8.399999998509884
8.300000000745058
8.400000000372529
10.099999999627471
9.400000000372529
8.400000000372529
8.899999998509884
8.300000000745058
9
8.099999999627471
9
8.300000000745058
10.599999999627471
17.300000000745058
11.899999998509884
11.300000000745058
11.599999999627471
10.900000000372529
8.199999999254942
8.300000000745058
8.599999999627471
8.400000000372529
9.400000000372529
8.199999999254942
8.5
8.5
8.5
10
11.099999999627471
10.400000000372529
9
9
8.5
8.599999999627471
8.600000001490116
8.399999998509884
9.200000001117587
8.699999999254942
8.800000000745058
8.900000000372529
8.5
9
8.399999998509884
8.5
8.5
9.100000001490116
8.599999999627471
8.599999999627471
8.599999999627471
8.400000000372529
9
8.199999999254942
8.900000000372529
8.700000001117587
13.699999999254942
12
8.699999999254942
8.5
8.5
9.200000001117587
8.400000000372529
8.799999998882413
8.300000000745058
8.5
8.799999998882413
8.400000000372529
8.300000000745058
8.400000000372529
9
8.799999998882413
8.5
8.300000000745058
8.799999998882413
8.800000000745058
8.5
8.300000000745058
9
8.399999998509884
8.900000000372529
8.400000000372529
8.5
8.400000000372529
8.900000000372529
8.899999998509884
8.5
8.300000000745058
8.5
11.099999999627471
8.599999999627471
8.700000001117587
9.299999998882413
8.700000001117587
9.599999999627471
8.599999999627471
8.300000000745058
8.900000000372529
11.799999998882413
12.300000000745058
8.799999998882413
8.300000000745058
8.599999999627471
8.800000000745058
8.799999998882413
8.300000000745058
8.400000000372529
8.699999999254942
9.5
8.5
8.400000000372529
9
9.400000000372529
8.799999998882413
8.900000000372529
8.800000000745058
8.799999998882413
8.800000000745058
8.599999999627471
8.400000000372529
8.5
8.900000000372529
8.199999999254942
8.400000000372529
8.599999999627471
8.400000000372529
9.300000000745058
8.299999998882413
8.300000000745058
8.299999998882413
8.100000001490116
9.099999999627471
8.400000000372529
9.5
8.399999998509884
8.900000000372529
8.099999999627471
8.400000000372529
8.599999999627471
8.300000000745058
12.699999999254942
14.200000001117587
11.900000000372529
10.199999999254942
9.099999999627471
9.099999999627471
9.5
8.5
8.5
10.100000001490116
9.099999999627471
9.699999999254942
9.599999999627471
10.100000001490116
8.899999998509884
8.300000000745058
8.5
8.400000000372529
8.5
8.900000000372529
8.399999998509884
8.400000000372529
8.400000000372529
9
8.099999999627471
8.5
8.300000000745058
9.099999999627471
8.800000000745058
8.299999998882413
8.400000000372529
8.400000000372529
8.900000000372529
8.399999998509884
8.900000000372529
8.400000000372529
8.699999999254942
9
8.5
8.300000000745058
8.5
8.400000000372529
11.599999999627471
11.800000000745058
8.5
8.399999998509884
9.100000001490116
8.299999998882413
8.900000000372529
8.400000000372529
8.5
8.900000000372529
8.5
8.199999999254942
8.5
8.300000000745058
9.099999999627471
8.299999998882413
8.400000000372529
8.700000001117587
9.899999998509884
9.200000001117587
9
8.5
8.799999998882413
8.900000000372529
8.400000000372529
8.300000000745058
9
8.399999998509884
9
8.200000001117587
8.5
8.400000000372529
8.799999998882413
8.700000001117587
8.399999998509884
8.5
8.5
8.900000000372529
8.300000000745058
8.5
8.299999998882413
9.700000001117587
10.400000000372529
12
8.5
8.299999998882413
8.800000000745058
8.699999999254942
8.300000000745058
8.799999998882413
8.400000000372529
8.900000000372529
8.199999999254942
8.5
8.800000000745058
9.099999999627471
8.200000001117587
8.299999998882413
8.400000000372529
8.400000000372529
9
8.299999998882413
8.800000000745058
8.300000000745058
8.399999998509884
9.100000001490116
8.299999998882413
8.599999999627471
8.400000000372529
9.5
8.099999999627471
8.400000000372529
8.300000000745058
8.599999999627471
11.800000000745058
8.599999999627471
11.299999998882413
9.300000000745058
8.900000000372529
9.900000000372529
8.899999998509884
8.700000001117587
8.199999999254942
9.599999999627471
10.600000001490116
14
8.5
8.399999998509884
9
9
8.300000000745058
8.599999999627471
9
8.300000000745058
8.599999999627471
8.900000000372529
9.099999999627471
9.199999999254942
8.5
8.700000001117587
8.400000000372529
8.299999998882413
9.099999999627471
8.700000001117587
8.599999999627471
8.699999999254942
8.900000000372529
8.300000000745058
8.400000000372529
8.599999999627471
8.5
9.5
8.299999998882413
8.300000000745058
8.5
8.400000000372529
9.199999999254942
8.200000001117587
9.099999999627471
8.299999998882413
9
8.100000001490116
8.5
8.399999998509884
8.300000000745058
9.400000000372529
10.400000000372529
12.399999998509884
8.5
8.600000001490116
9.799999998882413
10.900000000372529
9.199999999254942
9.300000000745058
9.599999999627471
8.400000000372529
8.599999999627471
8.200000001117587
9
8.799999998882413
8.599999999627471
8.300000000745058
8.599999999627471
9
8.200000001117587
8.399999998509884
9
8.400000000372529
8.900000000372529
8.5
8.300000000745058
8.5
8.299999998882413
9.5
8.200000001117587
8.599999999627471
8.5
8.900000000372529
8.199999999254942
8.199999999254942
8.900000000372529
8.200000001117587
9.199999999254942
8.199999999254942
8.5
8.300000000745058
8.5
9.400000000372529
10.699999999254942
11.800000000745058
8.5
8.799999998882413
8.600000001490116
8.299999998882413
8.900000000372529
8.300000000745058
9
8.199999999254942
8.5
8.5
8.900000000372529
8.699999999254942
8.5
8.400000000372529
8.5
8.900000000372529
8.099999999627471
11.300000000745058
10.899999998509884
8.600000001490116
9.799999998882413
9
8.900000000372529
9.5
9.099999999627471
9.5
9.800000000745058
8.699999999254942
8.400000000372529
8.800000000745058
8.899999998509884
8.400000000372529
8.599999999627471
8.400000000372529
9.300000000745058
8.699999999254942
8.700000001117587
9.199999999254942
9.099999999627471
8.200000001117587
10.599999999627471
11.900000000372529
8.399999998509884
8.900000000372529
8.900000000372529
8.300000000745058
8.5
8.299999998882413
9.300000000745058
9
8.599999999627471
9.199999999254942
9.100000001490116
8.699999999254942
8.599999999627471
8.800000000745058
8.299999998882413
9.200000001117587
8.900000000372529
8.399999998509884
8.400000000372529
8.800000000745058
8.400000000372529
8.299999998882413
8.5
8.300000000745058
9.699999999254942
8.400000000372529
8.199999999254942
8.400000000372529
8.400000000372529
9.099999999627471
8.300000000745058
9.599999999627471
8.800000000745058
9.199999999254942
8.599999999627471
8.5
8.700000001117587
8.399999998509884
9.400000000372529
8.200000001117587
10.899999998509884
11.700000001117587
8.400000000372529
9.299999998882413
9.300000000745058
8.699999999254942
8.800000000745058
9.099999999627471
8.5
8.199999999254942
8.700000001117587
8.5
9.199999999254942
8.300000000745058
8.299999998882413
8.400000000372529
8.400000000372529
9.199999999254942
8.300000000745058
10.800000000745058
11.699999999254942
9.900000000372529
8.799999998882413
8.600000001490116
8.299999998882413
9
8.900000000372529
8.800000000745058
8.399999998509884
8.600000001490116
9
8.5
8.899999998509884
8.400000000372529
8.900000000372529
8.800000000745058
8.399999998509884
8.400000000372529
8.300000000745058
8.5
9.299999998882413
8.400000000372529
10.599999999627471
11.800000000745058
9.099999999627471
8.300000000745058
8.900000000372529
12.899999998509884
10.100000001490116
9.599999999627471
8.400000000372529
9.399999998509884
8.600000001490116
8.599999999627471
9
8.699999999254942
8.400000000372529
8.699999999254942
9.100000001490116
8.299999998882413
8.700000001117587
8.299999998882413
8.400000000372529
8.900000000372529
8.400000000372529
8.799999998882413
8.300000000745058
9.099999999627471
8.199999999254942
8.400000000372529
8.400000000372529
8.900000000372529
9.299999998882413
8.400000000372529
8.700000001117587
8.399999998509884
8.5
8.800000000745058
8.800000000745058
8.899999998509884
8.400000000372529
8.900000000372529
8.099999999627471
8.400000000372529
10.5
13.300000000745058
9.5
8.299999998882413
8.400000000372529
8.400000000372529
8.599999999627471
8.900000000372529
8.400000000372529
8.899999998509884
8.300000000745058
9
8.199999999254942
8.800000000745058
8.199999999254942
8.5
9.400000000372529
8.5
8.400000000372529
8.400000000372529
8.599999999627471
9.300000000745058
9
8.599999999627471
9.199999999254942
9.400000000372529
8.199999999254942
8.5
8.400000000372529
8.400000000372529
8.800000000745058
8.799999998882413
8.300000000745058
8.5
8.900000000372529
8.299999998882413
8.400000000372529
8.199999999254942
8.900000000372529
8.800000000745058
8.699999999254942
8.200000001117587
10.699999999254942
12.400000000372529
9
9.699999999254942
8.800000000745058
8.599999999627471
9.599999999627471
8.300000000745058
9
8.400000000372529
8.899999998509884
8.900000000372529
8.400000000372529
8.400000000372529
8.400000000372529
8.399999998509884
9
9.100000001490116
8.299999998882413
8.599999999627471
8.800000000745058
8.400000000372529
8.199999999254942
8.400000000372529
8.5
9.300000000745058
8.399999998509884
8.300000000745058
8.300000000745058
8.399999998509884
9.100000001490116
8.399999998509884
9
8.5
9.100000001490116
11.399999998509884
15.900000000372529
10.599999999627471
9.600000001490116
9.599999999627471
8.5
10
13.5
16.5
8.400000000372529
8.399999998509884
8.400000000372529
8.599999999627471
8.700000001117587
8.699999999254942
8.300000000745058
8.599999999627471
8.199999999254942
9
8.400000000372529
8.200000001117587
8.699999999254942
8.900000000372529
8.599999999627471
8.300000000745058
8.5
8.399999998509884
8.800000000745058
8.300000000745058
8.699999999254942
9
8.5
9.099999999627471
8.300000000745058
9.400000000372529
8.399999998509884
9.200000001117587
8.400000000372529
8.299999998882413
8.400000000372529
8.199999999254942
9.100000001490116
8.399999998509884
8.700000001117587
8.299999998882413
9.100000001490116
8.099999999627471
8.599999999627471
8.5
10.400000000372529
12.699999999254942
8.700000001117587
8.699999999254942
8.800000000745058
8.699999999254942
12.300000000745058
10.699999999254942
8.699999999254942
8.900000000372529
9.700000001117587
8.399999998509884
9.300000000745058
8.699999999254942
8.700000001117587
9.199999999254942
8.200000001117587
8.299999998882413
8.5
8.900000000372529
8.900000000372529
8.599999999627471
8.400000000372529
8.599999999627471
8.800000000745058
8.5
8.199999999254942
9.300000000745058
8.5
8.899999998509884
8.300000000745058
8.400000000372529
8.5
8.400000000372529
9.599999999627471
8.400000000372529
8.699999999254942
8.400000000372529
9
8.299999998882413
8.200000001117587
9.099999999627471
10.5
13.599999999627471
8.599999999627471
8.400000000372529
8.599999999627471
9.100000001490116
8.699999999254942
8.300000000745058
8.5
8.699999999254942
8.699999999254942
8.300000000745058
8.400000000372529
8.400000000372529
8.299999998882413
8.800000000745058
8.5
9
8.400000000372529
8.899999998509884
9.900000000372529
8.5
10.599999999627471
9.400000000372529
9
8.800000000745058
8.599999999627471
8.599999999627471
8.400000000372529
9.199999999254942
8.400000000372529
9.200000001117587
8.399999998509884
8.800000000745058
8.199999999254942
8.300000000745058
8.5
8.400000000372529
9.5
8.299999998882413
8.5
8.800000000745058
10.400000000372529
12.599999999627471
9
8.300000000745058
8.5
8.899999998509884
8.400000000372529
8.400000000372529
8.699999999254942
8.300000000745058
8.900000000372529
8.400000000372529
8.799999998882413
8.300000000745058
8.799999998882413
8.400000000372529
8.200000001117587
8.5
8.399999998509884
9.400000000372529
8.200000001117587
8.399999998509884
8.5
8.400000000372529
9.200000001117587
8.299999998882413
8.900000000372529
8.300000000745058
9.099999999627471
8.099999999627471
8.400000000372529
8.199999999254942
8.300000000745058
9.599999999627471
8.300000000745058
8.699999999254942
8.900000000372529
9
9.599999999627471
8.400000000372529
8.900000000372529
8.399999998509884
13.200000001117587
11.900000000372529
8.599999999627471
8.400000000372529
8.299999998882413
9.5
8.700000001117587
8.599999999627471
8.299999998882413
8.400000000372529
9.099999999627471
8.300000000745058
8.900000000372529
8.199999999254942
9.099999999627471
8.200000001117587
8.5
8.5
8.199999999254942
9.400000000372529
8.400000000372529
8.5
8.299999998882413
9.400000000372529
8.200000001117587
8.299999998882413
8.599999999627471
8.800000000745058
9
8.300000000745058
8.399999998509884
8.300000000745058
8.800000000745058
8.799999998882413
8.900000000372529
8.300000000745058
8.5
8.899999998509884
8.200000001117587
8.5
8.299999998882413
9.200000001117587
13.299999998882413
11.600000001490116
8.899999998509884
8.5
8.400000000372529
9.700000001117587
8.299999998882413
9.400000000372529
11
10.900000000372529
8.599999999627471
9.099999999627471
8.800000000745058
9
9.099999999627471
8.599999999627471
10.599999999627471
8.800000000745058
8.400000000372529
9.099999999627471
8.300000000745058
8.5
8.399999998509884
9.100000001490116
8.699999999254942
8.400000000372529
8.599999999627471
8.300000000745058
9.099999999627471
8.299999998882413
8.5
8.400000000372529
9.800000000745058
8.599999999627471
8.900000000372529
8.5
8.699999999254942
8.900000000372529
9
8.400000000372529
8.799999998882413
8.300000000745058
11.199999999254942
11.700000001117587
8.400000000372529
8.799999998882413
8.800000000745058
8.299999998882413
8.400000000372529
8.400000000372529
8.400000000372529
8.900000000372529
9.099999999627471
8.299999998882413
8.5
8.400000000372529
9.400000000372529
8.900000000372529
8.799999998882413
9.300000000745058
9.099999999627471
8.300000000745058
8.299999998882413
8.400000000372529
13.200000001117587
9.5
9.099999999627471
8.699999999254942
8.900000000372529
9.599999999627471
8.200000001117587
8.299999998882413
8.300000000745058
9
8.900000000372529
8.299999998882413
8.300000000745058
8.400000000372529
8.399999998509884
9
8.800000000745058
8.300000000745058
8.299999998882413
8.800000000745058
12.699999999254942
14.300000000745058
8.799999998882413
9.100000001490116
9.5
8.899999998509884
9
8.800000000745058
8.800000000745058
9.799999998882413
8.700000001117587
8.899999998509884
8.600000001490116
9.299999998882413
8.200000001117587
8.399999998509884
8.400000000372529
8.900000000372529
9.300000000745058
8.299999998882413
8.5
8.200000001117587
8.399999998509884
8.800000000745058
9.099999999627471
8.300000000745058
8.400000000372529
9
8.299999998882413
8.400000000372529
8.300000000745058
8.899999998509884
9
8.300000000745058
8.400000000372529
8.5
13.5
9.599999999627471
9
8.5
9
9.300000000745058
10.599999999627471
14
8.900000000372529
8.799999998882413
9.099999999627471
8.400000000372529
8.5
8.5
9.800000000745058
8.199999999254942
8.5
8.599999999627471
8.300000000745058
9.400000000372529
8.199999999254942
9
8.400000000372529
9.5
9.099999999627471
8.400000000372529
8.5
8.400000000372529
9.5
8.199999999254942
8.400000000372529
8.400000000372529
8.5
8.900000000372529
8.199999999254942
8.800000000745058
8.399999998509884
9.200000001117587
8.299999998882413
8.5
8.400000000372529
8.5
8.700000001117587
8.799999998882413
8.700000001117587
8.299999998882413
8.400000000372529
9
10.400000000372529
11.900000000372529
8.399999998509884
9.100000001490116
8.099999999627471
8.400000000372529
8.299999998882413
13.800000000745058
12
8.900000000372529
8.399999998509884
8.800000000745058
8.5
9.599999999627471
8.800000000745058
9.400000000372529
9
9.099999999627471
8.199999999254942
8.400000000372529
8.699999999254942
8.300000000745058
10
8.400000000372529
8.400000000372529
8.399999998509884
8.800000000745058
8.199999999254942
8.400000000372529
9
8.300000000745058
8.900000000372529
8.199999999254942
8.599999999627471
8.400000000372529
8.400000000372529
9.5
8.400000000372529
8.399999998509884
8.400000000372529
9
8.099999999627471
10.800000000745058
11.800000000745058
8.5
8.899999998509884
8.200000001117587
8.599999999627471
8.400000000372529
8.400000000372529
9.299999998882413
8.400000000372529
8.599999999627471
8.300000000745058
9.099999999627471
8.099999999627471
8.599999999627471
8.200000001117587
9
9.099999999627471
8.5
8.5
8.199999999254942
8.600000001490116
11.799999998882413
8.5
8.800000000745058
8.599999999627471
9.199999999254942
8.200000001117587
8.900000000372529
8.399999998509884
8.600000001490116
10.399999998509884
8.900000000372529
8.5
8.400000000372529
9.599999999627471
8.099999999627471
8.5
8.400000000372529
8.400000000372529
9.300000000745058
8.199999999254942
12.800000000745058
12
8.899999998509884
9
8.300000000745058
8.400000000372529
8.900000000372529
8.799999998882413
8.599999999627471
8.300000000745058
8.599999999627471
8.300000000745058
9.099999999627471
8.199999999254942
9.200000001117587
8.400000000372529
8.399999998509884
9.300000000745058
8.900000000372529
8.900000000372529
8.899999998509884
9.700000001117587
8.199999999254942
8.400000000372529
8.400000000372529
8.199999999254942
8.900000000372529
8.400000000372529
8.699999999254942
8.400000000372529
8.900000000372529
8.099999999627471
8.599999999627471
8.5
8.5
8.900000000372529
13.900000000372529
9.900000000372529
9.099999999627471
8.5
9.599999999627471
8.800000000745058
11.399999998509884
12.100000001490116
9.399999998509884
8.300000000745058
8.599999999627471
8.300000000745058
8.900000000372529
9
8.5
8.299999998882413
8.5
8.300000000745058
9.099999999627471
8.599999999627471
8.900000000372529
8.400000000372529
9
8.400000000372529
8.299999998882413
8.5
8.300000000745058
9.400000000372529
8.399999998509884
8.700000001117587
8.400000000372529
8.399999998509884
9
8.300000000745058
9.199999999254942
8.300000000745058
9.099999999627471
8.099999999627471
8.5
8.400000000372529
8.300000000745058
9.400000000372529
8.199999999254942
8.699999999254942
8.200000001117587
9.099999999627471
8.199999999254942
8.5
11
11.800000000745058
9.199999999254942
8.200000001117587
8.5
8.599999999627471
8.5
9.400000000372529
8.5
11.299999998882413
10
9.100000001490116
8.699999999254942
8.5
9.099999999627471
8.700000001117587
9
8.399999998509884
8.400000000372529
8.400000000372529
8.400000000372529
9.599999999627471
8.400000000372529
8.5
8.400000000372529
9.199999999254942
8.099999999627471
8.599999999627471
9.100000001490116
8.5
9
8.399999998509884
8.5
8.300000000745058
8.5
8.900000000372529
8.799999998882413
8.600000001490116
8.5
8.899999998509884
8.5
9
10.900000000372529
12.400000000372529
9.199999999254942
8.300000000745058
8.5
8.400000000372529
9.099999999627471
8.599999999627471
8.400000000372529
8.300000000745058
8.399999998509884
8.800000000745058
8.300000000745058
8.399999998509884
8.400000000372529
9
9
8.400000000372529
8.5
8.300000000745058
9.099999999627471
8.099999999627471
8.900000000372529
8.699999999254942
9.5
9.300000000745058
8.5
8.699999999254942
8.5
8.800000000745058
9
8.400000000372529
8.699999999254942
8.400000000372529
9.099999999627471
8
8.900000000372529
8.299999998882413
8.800000000745058
8.900000000372529
8.299999998882413
8.5
10.5
13.5
9.200000001117587
8.5
8.599999999627471
8.400000000372529
8.799999998882413
8.100000001490116
8.799999998882413
8.400000000372529
8.800000000745058
8.899999998509884
8.400000000372529
8.5
8.300000000745058
9.599999999627471
8.300000000745058
8.599999999627471
8.299999998882413
8.700000001117587
8.900000000372529
8.199999999254942
8.900000000372529
8.400000000372529
8.5
8.899999998509884
8.400000000372529
8.400000000372529
8.599999999627471
9
8.599999999627471
8.5
8.400000000372529
8.5
9
8.400000000372529
8.400000000372529
8.900000000372529
8.199999999254942
12
9.900000000372529
8.599999999627471
13.699999999254942
13.900000000372529
9
8.800000000745058
10.199999999254942
8.700000001117587
9.299999998882413
8.300000000745058
9
8.599999999627471
8.400000000372529
9.299999998882413
8.800000000745058
8.900000000372529
8.900000000372529
9.299999998882413
8.300000000745058
8.400000000372529
8.5
8.5
9.599999999627471
8.199999999254942
8.599999999627471
8.300000000745058
9.900000000372529
8.5
8.400000000372529
9
8.299999998882413
9
8.200000001117587
8.399999998509884
8.300000000745058
8.400000000372529
9.299999998882413
8.5
8.300000000745058
8.400000000372529
9.099999999627471
8.099999999627471
8.599999999627471
8.300000000745058
11.099999999627471
13.400000000372529
8.699999999254942
8.800000000745058
8.900000000372529
8.699999999254942
9.700000001117587
8.399999998509884
8.700000001117587
8.599999999627471
9
9.199999999254942
8.5
9.400000000372529
8.5
9.300000000745058
8.5
8.599999999627471
8.599999999627471
8.300000000745058
9.599999999627471
8.300000000745058
8.699999999254942
8.300000000745058
9.099999999627471
8.299999998882413
8.300000000745058
8.599999999627471
8.599999999627471
9
8.300000000745058
8.5
8.199999999254942
9.100000001490116
8.099999999627471
9.099999999627471
8.800000000745058
8.599999999627471
9.5
8.199999999254942
8.300000000745058
8.299999998882413
12.700000001117587
12.5
8.699999999254942
8.900000000372529
8.699999999254942
9.300000000745058
8.699999999254942
8.400000000372529
8.400000000372529
8.199999999254942
9.100000001490116
8.299999998882413
8.700000001117587
8.699999999254942
8.699999999254942
9.600000001490116
8.399999998509884
8.600000001490116
8.399999998509884
9.200000001117587
8.199999999254942
9.099999999627471
8.300000000745058
8.400000000372529
9.199999999254942
11.300000000745058
10.599999999627471
9
8.599999999627471
9.599999999627471
9
9
8.800000000745058
9.400000000372529
9
8.400000000372529
8.599999999627471
8.299999998882413
9.300000000745058
8.300000000745058
8.5
8.799999998882413
13.700000001117587
11.599999999627471
8.799999998882413
8.400000000372529
8.599999999627471
8.900000000372529
9.099999999627471
9
8.800000000745058
8.900000000372529
9.099999999627471
8.400000000372529
8.400000000372529
9
8.799999998882413
8.200000001117587
8.399999998509884
8.400000000372529
8.599999999627471
8.700000001117587
8.900000000372529
8.399999998509884
8.5
8.300000000745058
9
8.5
8.400000000372529
9
8.900000000372529
8.399999998509884
8.300000000745058
8.699999999254942
8.400000000372529
8.800000000745058
8.299999998882413
8.800000000745058
8.400000000372529
8.900000000372529