364.9269999950775
385.2658000032534
374.8747000063304
331.55720000650035
316.56430000293767
307.1036000037566
286.6931999960798
272.4104000008083
266.4347999962047
249.64140000520274
241.28750000090804
237.53360000409884
233.9579000035883
231.09929999918677
219.82450000359677
213.0345000041416
213.07309999974677
220.57779999886407
204.86090000486
201.12299999891547
196.85939999908442
207.18840000336058
186.76110000524204
181.2054999973043
177.79439999867463
171.7999999964377
172.19209999893792
170.31539999879897
168.74729999835836
171.37240000010934
177.52060000202619
159.47440000309143
163.35500000423053
163.26419999677455
161.22319999703905
163.89290000370238
152.98469999834197
152.5208000020939
151.66339999996126
147.82500000001164
147.86359999561682
143.6827999932575
144.04130000184523
145.34809999895515
142.38779999868711
144.1493000020273
139.4127999956254
139.02360000065528
137.6109999982873
135.13249999959953
133.832400002575
145.42810000421014
128.91620000300463
152.39789999759523
131.6344000006211
124.20969999948284
125.20260000019334
123.18740000046091
122.89939999755006
122.74099999922328
120.74930000380846
117.21440000110306
117.18500000279164
115.7286000016029
116.45839999982854
124.35389999882318
126.93949999811593
125.09200000204146
112.85640000278363
112.13719999796012
108.9951000030851
118.17439999867929
108.33219999767607
109.16120000183582
107.85110000142595
110.02180000650696
107.85020000184886
107.25749999983236
107.80379999778233
102.82960000040475
104.57440000027418
113.9995000048657
117.1740999998292
105.54269999556709
106.35809999803314
105.47930000029737
104.3744999988121
102.9424999942421
105.42490000079852
119.37310000212165
103.6173999964376
103.97519999969518
102.45459999714512
100.58379999827594
101.71480000281008
102.97049999644514
100.14370000135386
97.11239999887766
97.8532000008272
99.04370000003837
97.41059999942081
98.79700000601588
101.94650000630645
98.2847999985097
98.61230000387877
97.04770000098506
95.97080000094138
94.4623999967007
104.28410000167787
93.72979999898234
91.50840000074822
91.80229999765288
91.7842999988352
89.36630000243895
92.84240000124555
93.68979999999283
92.05070000462001
92.42020000237972
92.7464999986114
91.7937999984133
92.13620000082301
93.65970000362722
101.87470000528265
103.1100999971386
93.35070000088308
87.33940000092844
90.92219999729423
99.24540000065463
88.90629999950761
89.15840000554454
86.18780000688275
88.81729999848176
84.75970000290545
85.37889999570325
84.2491000003065
85.889900001348
86.89729999605333
84.49090000067372
84.99460000166437
84.79020000231685
85.38920000137296
85.07980000285897
85.98889999848325
86.93710000079591
85.78860000125133
85.25940000254195
93.74940000270726
82.47259999916423
81.23109999723965
79.46310000261292
80.01879999937955
81.5156999960891
80.33850000356324
80.0013999978546
81.65800000278978
77.86629999463912
77.6904000013019
77.65199999994365
78.30660000036005
76.77089999924647
79.01890000357525
78.5052000064752
79.68370000162395
78.48990000638878
76.95450000028359
88.13569999620086
78.12810000177706
80.03360000293469
76.87369999621296
76.8266000013682
76.82000000204425
75.45399999798974
73.25950000085868
75.74749999912456
74.90490000054706
72.85919999412727
73.27780000196071
74.19430000300054
71.20299999951385
70.65300000249408
73.13940000312869
68.5696000000462
67.1548000027542
68.67000000056578
79.24619999539573
68.2091999988188
67.77359999978216
67.26029999845196
75.94670000253245
76.02049999695737
74.22860000224318
69.85300000087591
68.11320000269916
66.92430000111926
68.13259999762522
71.03189999907045
65.88570000167238
68.17579999915324
66.73569999838946
66.52119999489514
69.97920000139857
74.88720000401372
69.95939999615075
76.26249999884749
65.65349999436876
66.2229000008665
66.38630000088597
64.77040000027046
65.13949999498436
66.95349999790778
65.09139999980107
65.6371999939438
65.63859999732813
64.06350000179373
63.73389999498613
63.749400003871415
64.21960000443505
64.61269999999786
63.202600002114195
63.7949000010849
62.391999999817926
62.6953000028152
71.97849999647588
69.18660000519594
70.89499999710824
69.83590000163531
67.96309999481309
67.87990000157151
63.098700004047714
63.70160000369651
62.411500002781395
62.34219999896595
62.25769999582553
61.96859999909066
61.74800000007963
62.992400002258364
62.83619999885559
59.619899999233894
61.68169999727979
63.33150000136811
67.62150000577094
73.08850000117673
63.08379999973113
63.37280000298051
61.10910000279546
61.45450000622077
61.59589999879245
62.58720000187168
63.68739999743411
60.839300000225194
58.978799999749754
61.63229999947362
62.419299996690825
62.271599999803584
64.57819999923231
69.22420000046259
63.601900001231115
62.42599999677623
61.250599996128585
58.38139999832492
69.95540000207257
60.64670000341721
58.80039999465225
58.22790000092937
58.71000000479398
57.17200000071898
59.67209999653278
59.5582000023569
59.92040000273846
59.658799997123424
59.86290000146255
59.803799995279405
64.53319999855012
60.688600002322346
60.23570000252221
62.08319999859668
63.8933999944129
58.073699998203665
59.79459999798564
69.54959999711718
61.47970000165515
61.83400000008987
60.033000001567416
59.88169999909587
62.60389999806648
61.971000002813525
61.78040000668261
61.23519999528071
63.84049999905983
61.303800001041964
60.531499999342486
60.742299996491056
60.17329999303911
59.152900001208764
59.963699997751974
59.972800001560245
59.95670000265818
66.74610000482062
77.81260000047041
65.64630000502802
65.42790000094101
58.720199995150324
59.20160000096075
58.24869999923976
57.894799996574875
55.90169999777572
58.28079999628244
57.27420000039274
55.75210000097286
57.17819999699714
56.989400000020396
57.39439999888418
55.259799999475945
56.956299995363224
54.6944000016083
56.18980000144802
54.55929999880027
65.82509999861941
56.69620000116993
56.7388999988907
57.836100000713486
57.321200001752004
55.927200002770405
57.33979999786243
56.849200002034195
58.146299998043105
57.137399999191985
56.98069999925792
57.891999997082166
56.5439999991213
56.89580000034766
57.27519999345532
56.0983999966993
61.24629999976605
64.28779999987455
62.84480000613257
74.53469999745721
62.8221000006306
64.40950000251178
58.187200003885664
56.73699999897508
57.32029999489896
57.891999997082166
56.737899998552166
57.957899996836204
58.06670000310987
55.774899999960326
57.488099999318365
54.95550000341609
61.753800000587944
59.89140000019688
58.8417999970261
59.9043000038364
59.29119999927934
56.802800005243625
65.92530000489205
55.01889999868581
52.160100000037346
52.881600000546314
53.79929999617161
53.63019999640528
54.02940000203671
53.57170000206679
56.66940000082832
54.1289999964647
54.55049999727635
55.45279999932973
56.33099999977276
53.84960000083083
56.044099997961894
53.76889999752166
58.361899995361455
61.93199999688659
61.80589999712538
63.11419999838108
54.77229999814881
54.95879999944009
54.07849999755854
54.9682999990182
57.30499999481253
56.13570000423351
60.676799999782816
53.310099996451754
52.23439999826951
51.41729999741074
52.25780000182567
52.76489999960177
54.5060000004014
49.201100002392195
50.56440000043949
48.19100000167964
50.02339999919059
49.03380000178004
59.69069999991916
50.444400003470946
51.46740000054706
48.89739999634912
49.45669999870006
49.97070000536041
50.19639999954961
50.24050000065472
49.895600001036655
50.32769999525044
48.37550000229385
50.91030000039609
48.36980000254698
49.82919999747537
50.68320000282256
48.553099994023796
49.162200004502665
50.02799999783747
50.42140000296058
59.15140000433894
59.554100000241306
56.26170000323327
53.46700000518467
54.748800001107156
52.80660000425996
51.44389999622945
50.449999995180406
51.85590000473894
50.31629999575671
49.680600001011044
49.81769999722019
49.636499999905936
49.363799997081514
46.7244000028586
49.75369999738177
48.90650000015739
53.71239999658428
50.18510000081733
60.219899998628534
49.36749999615131
50.22299999836832
47.856099998170976
48.692800002754666
47.99430000275606
46.19839999941178
48.27089999889722
47.984899996663444
46.97009999654256
46.23650000576163
46.03479999786941
45.357299997704104
46.532200001820456
46.65709999972023
46.31890000018757
47.181100002489984
46.59700000047451
46.268600002804305
56.96779999561841
48.44249999587191
46.281199996883515
46.205500002542976
47.098200004256796
45.79480000393232
47.10200000408804
44.82529999950202
45.625400001881644
45.37229999550618
45.025300001725554
46.76689999905648
45.61010000179522
46.70260000420967
46.174600000085775
44.246799996471964
45.627799998328555
44.296899999608286
44.82300000381656
56.93060000339756
46.254100001533516
45.877299999119714
46.88689999602502
46.87450000346871
46.7724000045564
46.56009999598609
46.95089999586344
46.59990000072867
47.82310000155121
47.26459999801591
48.35879999882309
49.714000000676606
47.92430000088643
48.983599997882266
49.621900005149655
48.09129999921424
49.77599999983795
48.949999996693805
59.78999999933876
50.074699996912386
50.57720000331756
50.00419999851147
49.47769999853335
50.58339999959571
48.81340000429191
48.829399995156564
48.681000000215136
48.26319999847328
49.22630000510253
49.73220000101719
48.76700000022538
49.16390000289539
48.855699998966884
49.07660000026226
48.0055000007269
49.05760000110604
56.91659999865806
62.44390000210842
47.92530000122497
48.23019999457756
48.142299994651694
50.68560000654543
46.95550000178628
47.59290000220062
47.130599996307865
46.591399994213134
49.93349999858765
48.06210000242572
46.273300002212636
47.10290000366513
45.78849999961676
45.81740000139689
46.36430000391556
46.17579999467125
45.46680000203196
46.05000000447035
53.20810000557685
44.5737000045483
45.295800002350006
45.877199998358265
44.241599993256386
51.67459999938728
48.66519999632146
46.039299995754845
48.545899997407105
47.86769999918761
48.21910000464413
47.00060000322992
41.67739999684272
42.112100003578234
42.81700000137789
45.93949999980396
48.449099995195866
48.60519999783719
41.20459999830928
51.178299996536225
42.74920000170823
42.690300004323944
44.24280000239378
43.155499995918944
42.88980000274023
44.171599998662714
45.051900000544265
48.05889999988722
51.93869999493472
51.21470000449335
49.93619999731891
47.93059999792604
43.544300002395175
42.308599993702956
42.5078999978723
40.80670000257669
40.619500003231224
41.821899998467416
52.515700001094956
45.05039999639848
46.07019999821205
44.55749999760883
45.64419999951497
45.859899997594766
45.27049999887822
44.657600003120024
45.21309999836376
44.834100001025945
43.866599997272715
45.366899998043664
45.82469999877503
44.46289999759756
45.77599999902304
42.201100004604086
42.55410000041593
40.616999998746905
42.62169999856269
50.51559999992605
43.109199999889825
45.52759999933187
40.817300003254786
42.23160000401549
41.54500000004191
42.97799999767449
41.22889999416657
48.67990000639111
43.51609999866923
46.14160000346601
44.58149999845773
43.63089999969816
43.466500006616116
41.59290000097826
41.2371999991592
41.58559999632416
42.562299997371156
41.410400001041126
55.600699997739866
48.01429999497486
45.1113000017358
47.47710000083316
47.28630000317935
44.76029999932507
45.57829999976093
45.02130000037141
43.83890000462998
45.784800000546966
44.350100004521664
44.39460000139661
44.61820000142325
44.20920000120532
42.0042999976431
41.834199997538235
46.78079999575857
56.04099999618484
45.12309999699937
51.78840000007767
42.7274000030593
42.04659999959404
40.080200000375044
40.99270000006072
40.42740000295453
40.682599996216595
40.15990000334568
39.46870000072522
43.29609999695094
45.95310000149766
45.67549999774201
44.67370000202209
45.562500003143214
44.58790000353474
46.10859999957029
40.53359999670647
40.57759999705013
40.080099999613594
49.8922999977367
40.09760000189999
39.090100006433204
42.51359999761917
39.93420000188053
41.47440000087954
40.70830000273418
43.4702999991714
45.87960000208113
41.799999999057036
41.780699997616466
41.55249999894295
40.136099996743724
40.878599997085985
40.69109999545617
39.75289999652887
40.88410000258591
41.26130000076955
45.9024000010686
58.51239999901736
45.6867000029888
45.4226000001654
43.16329999710433
43.742900001234375
40.11859999445733
39.582799996424
41.61259999818867
41.29139999713516
39.162900000519585
42.31670000444865
39.31330000341404
39.648999998462386
39.07410000101663
39.49280000233557
39.0860999978031
40.676900003745686
39.02669999661157
38.53969999909168
50.49020000296878
41.86489999847254
40.394999996351544
40.66180000518216
37.95549999631476
38.79479999886826
38.08489999937592
38.64340000291122
41.12110000278335
42.95110000384739
44.75470000033965
58.455400001548696
50.02010000316659
43.552299997827504
42.99210000317544
40.23310000047786
37.74840000551194
39.80810000211932
38.25180000421824
48.345299997890834
39.27700000349432
38.280000000668224
40.159700001822785
41.219799997634254
41.82049999508308
37.28269999555778
37.662300004740246
36.215400003129616
37.94900000502821
38.33640000084415
39.760699997714255
38.76469999522669
41.13430000143126
40.687499997147825
39.25720000552246
35.95330000098329
40.60939999908442
40.73490000155289
50.631799997063354
41.12439999880735
40.16929999488639
39.51870000310009
38.28280000016093
36.109100001340266
37.47280000243336
35.81230000418145
36.19310000067344
38.06079999776557
38.633099997241516
42.058999999426305
44.483199999376666
50.99109999719076
35.688200005097315
35.8159000024898
35.31890000158455
36.37909999815747
36.4899999985937
48.60650000046007
38.691100002324674
38.46579999662936
37.88210000493564
39.36789999715984
37.733299999672454
37.53080000024056
38.56439999799477
38.36779999983264
38.70219999953406
35.13989999919431
41.96429999865359
48.38960000051884
36.68729999481002
36.72560000268277
37.7297999948496
35.12550000596093
36.213899998983834
36.46390000358224
45.31590000260621
35.68239999731304
37.96470000088448
35.75490000366699
38.146999999298714
34.79220000008354
38.763899996411055
38.72829999454552
37.68169999966631
36.38660000433447
35.0484000009601
35.20109999954002
37.259099997754674
34.159499999077525
38.3228999999119
37.85559999960242
36.42540000146255
35.33420000167098
35.05020000011427
48.813900000823196
36.02130000217585
37.5108000007458
35.13509999902453
36.85230000701267
38.1070000003092
39.45630000089295
35.8362000042689
35.35069999634288
43.123400006152224
42.69470000144793
41.57470000063768
41.78010000032373
40.42009999830043
36.15629999694647
36.598400001821574
34.97780000179773
38.072800001828
39.583999998285435
48.68179999903077
36.574099998688325
35.9833999973489
36.515799998596776
39.58859999693232
46.965500005171634
43.883400001504924
39.09479999856558
37.7576000028057
35.562700002628844
35.84150000096997
36.35229999781586
39.893799999845214
38.34159999678377
38.17739999794867
35.43419999914477
39.94609999790555
37.60310000507161
47.38999999972293
48.499700002139434
33.98849999939557
34.43840000545606
35.006099999009166
36.5721999987727
34.99650000594556
36.007599999720696
36.3740000029793
37.66909999831114
35.344700001587626
36.97039999678964
37.81380000145873
34.86210000119172
39.11169999628328
36.74469999532448
35.90750000148546
35.37369999685325
37.7509000027203
36.57690000545699
45.927400002256036
41.61890000250423
44.24070000095526
41.335899994010106
34.628800000064075
38.190699997358024
37.67840000364231
33.72900000249501
36.40570000425214
35.06799999740906
34.21060000255238
37.95930000342196
37.47840000141878
33.63140000146814
35.07489999901736
38.141999997606035
35.698499996215105
36.4181999975699
36.79009999905247
43.21380000328645
35.979899999802
34.824900001694914
32.93689999554772
34.55270000267774
34.166600002208725
35.057199995208066
34.5621000014944
30.851700001221616
34.25059999426594
32.69629999704193
32.588800000667106
32.141200004843995
32.50750000006519
33.93899999355199
33.474500000011176
32.84469999925932
34.58680000039749
34.52280000055907
45.5084999994142
35.0311000001966
34.74840000126278
33.46550000424031
33.317499997792765
33.14900000259513
34.47579999919981
34.261100001458544
32.33069999987492
34.215299994684756
33.72510000190232
31.820399999560323
35.02139999909559
33.864199998788536
30.982399999629706
32.970700005535036
32.31769999547396
33.95390000514453
34.68960000463994
44.7165999939898
34.52730000572046
35.87159999733558
35.0479999979143
34.684199999901466
31.54540000105044
32.623600003717
31.451499999093357
34.00240000337362
32.97900000325171
34.92260000348324
32.77990000060527
33.85179999895627
36.62820000317879
34.58949999912875
33.27569999964908
32.80539999832399
35.71200000442332
33.2194000002346
42.164800004684366
32.42379999574041
32.48159999930067
33.68929999851389
35.55169999890495
32.43020000081742
32.57369999482762
33.62579999520676
33.03400000004331
34.08399999898393
30.950799999118317
32.637600001180544
30.902200000127777
35.49209999619052
36.42779999790946
34.42959999665618
32.41379999963101
32.77730000263546
33.33129999373341
43.34000000380911
34.11780000169529
33.25710000353865
33.32469999440946
33.89660000539152
33.71789999800967
35.00960000383202
35.727100002986845
34.294800003408454
34.62579999904847
33.7708000006387
33.08359999937238
33.36770000169054
33.70490000088466
32.4523000017507
34.45089999877382
34.778599998389836
33.765299995138776
31.701799998700153
42.02819999773055
33.000100003846455
33.989700001257006
34.825199996703304
32.9316999996081
33.06029999657767
31.88320000481326
33.22739999566693
34.28909999638563
32.71830000448972
33.48450000339653
31.23580000101356
33.1025999985286
33.36519999720622
33.87839999777498
32.10109999781707
33.259299998462666
33.634200000960846
33.95910000108415
41.158400003041606
33.937000000150874
33.48539999569766
32.42179999506334
33.31210000033025
32.7261999991606
33.975199999986216
31.863399999565445
34.90189999865834
34.6131999976933
33.532699999341276
32.17509999376489
31.423199994605966
33.35409999999683
32.74700000474695
32.24380000028759
33.05329999420792
31.47460000036517
33.96659999998519
43.57390000222949
33.55730000475887
32.971400003589224
34.49649999674875
33.49489999527577
33.832599998277146
33.827999999630265
33.30420000565937
33.36169999965932
35.155800003849436
33.811199995398056
34.1404999999213
34.17289999924833
33.21429999778047
34.461900002497714
33.34280000126455
34.108300002117176
34.02380000625271
34.67479999380885
44.2616000000271
35.586600002716295
33.905799995409325
33.48470000491943
33.63109999918379
33.6847999933525
32.115000001795124
32.39659999962896
32.44809999887366
33.170999995491
33.075200000894256
32.32180000486551
32.695499998226296
33.24060000159079
32.09449999849312
33.62119999655988
33.7913999974262
33.339100002194755
33.116599995992146
43.96629999973811
34.3254999970668
33.74630000325851
33.04059999936726
33.45879999687895
34.212699996714946
32.90060000290396
32.13990000222111
32.205099996645004
33.39620000042487
32.49559999676421
32.042699996964075
31.150100003287662
30.808000003162306
32.34109999903012
30.964900004619267
32.55070000159321
36.2851000027149
34.40930000215303
44.74530000152299
32.48680000251625
34.36589999910211
31.78209999896353
33.37919999466976
33.66020000248682
35.10459999961313
35.95360000326764
34.22760000103153
34.42870000435505
34.287100002984516
36.52169999986654
33.86039999895729
33.98120000201743
34.706000005826354
36.85870000481373
33.91919999558013
35.921299997426104
34.53250000166008
44.959999999264255
34.246600000187755
34.106499995687045
32.07280000060564
33.92390000226442
34.43450000486337
33.04090000165161
32.83229999942705
35.05500000028405
35.6921999991755
36.59999999945285
32.19040000112727
35.36330000497401
37.462199994479306
32.88289999909466
35.65850000450155
34.48130000469973
34.397099996567704
34.064700004819315
46.03520000091521
34.657999996852595
34.70530000049621
35.68980000272859
34.897300000011455
35.78550000383984
33.75609999784501
33.99110000464134
33.00250000029337
32.86340000340715
34.17679999984102
35.11369999614544
33.399400002963375
34.5145000028424
34.846399998059496
32.78100000170525
36.9351999979699
35.79899999749614
35.291300002427306
43.77029999886872
36.07989999727579
34.46529999928316
35.67309999925783
34.66910000133794
36.051000002771616
34.00369999872055
34.08360000321409
34.254099999088794
33.26059999380959
36.71500000200467
32.53979999863077
34.677100004046224
33.78879999945639
33.84010000445414
33.12790000200039
33.1953999993857
33.09390000504209
34.968199994182214
45.75150000164285
38.348099995346274
35.431900003459305
35.31890000158455
34.19640000356594
37.4288000020897
33.678399995551445
33.28299999702722
32.46130000479752
32.70090000296477
32.02890000102343
32.94070000265492
31.80609999981243
34.345799998845905
32.44059999997262
34.09480000118492
32.21230000053765
32.524000002013054
32.92859999783104
42.560199995932635
32.833600002049934
33.506300002045464
32.13030000188155
31.956999999238178
34.18589999637334
32.12290000374196
32.63860000151908
30.984799996076617
31.4624000020558
30.651900000520982
31.965200003469363
31.894800005829893
32.008100002713036
30.88160000334028
32.2712000051979
30.95729999768082
30.135300003166776
32.192400001804344
40.239599999040365
32.27899999910733
32.01909999916097
32.789900003990624
32.342599995899945
32.390899999882095
32.862699998077005
33.3939999982249
36.51739999622805
36.926700006006286
30.995499997516163
32.2161000003689
33.772399998269975
35.090999997919425
31.72949999861885
32.43980000115698
32.41159999743104
32.46519999811426
31.406699999934062
42.70640000322601
31.413300006533973
31.836500005738344
31.32940000068629
32.361999998101965
31.60840000055032
33.17290000268258
31.2231000061729
33.23590000218246
31.246499995177146
30.76419999706559
29.023499999311753
29.698300000745803
29.57080000487622
31.44330000213813
31.031099999381695
30.856400000629947
31.839700001000892
30.948600004194304
40.34769999998389
31.360699998913333
30.934800000977702
33.06699999666307
30.713300002389587
30.16840000054799
30.065600003581494
30.452300001343247
29.750900001090486
30.95059999759542
29.707700006838422
27.929399999266025
30.109300001640804
31.09569999651285
32.01740000076825
31.311999999161344
33.206000000063796
29.75950000109151
30.4178000005777
39.38159999961499
29.395800003840122
29.775999995763414
29.339699998672586
31.18430000176886
29.824400000507012
28.780900000128895
29.702799998631235
30.350200002430938
29.30190000188304
29.772899993986357
28.534399993077386
29.84949999517994
31.212699999741744
29.564599994046148
30.993600004876498
29.93659999629017
29.468000000633765
31.077200001163874
39.82730000279844
29.49619999708375
29.13770000304794
28.444600000511855
29.034000006504357
28.654800000367686
28.960299998288974
29.74059999542078
29.10880000126781
30.17849999741884
29.020900001341943
29.929100004665088
29.231399996206164
29.427000001305714
29.129500006092712
29.649299998709466
29.390299998340197
28.23530000023311
29.621099994983524
38.54719999799272
28.860900005383883
29.50119999877643
28.38299999712035
28.749299999617506
28.69559999817284
29.03340000193566
28.66560000256868
29.328199998417404
29.973600001540035
29.847400001017377
29.428999994706828
29.066600000078324
29.656499995326158
28.28600000066217
29.927999996289145
30.070000000705477
31.406399997649714
29.544299999543
41.592399997171015
30.832399999781046
29.409300004772376
30.899700002919417
29.739300000073854
29.40590000071097
29.136099998140708
30.40340000006836
29.80980000575073
31.19759999390226
30.148099998768885
30.380199998035096
30.65700000297511
29.615200000989717
29.79189999314258
29.932500001450535
29.600800000480376
29.782400000840425
29.206599996541627
37.70329999679234
29.81020000152057
33.96649999922374
29.16890000051353
28.610199995455332
29.290999998920597
27.915699996810872
28.964799996174406
30.60159999586176
29.15690000372706
28.92499999870779
29.487999992852565
28.74100000190083
29.378899998846464
28.898800002934877
29.08259999821894
29.06809999694815
29.912800004240125
29.00970000337111
37.907400001131464
29.2875000013737
31.357100000604987
28.460900000936817
28.382299999066163
27.539999995497055
28.02209999936167
30.73749999748543
28.013600000122096
27.967699999862816
26.29999999771826
27.994399999442976
26.694699998188298
26.407600002130494
27.176999996299855
26.479300002392847
26.93550000549294
27.977199999440927
28.56959999917308
36.15239999635378
26.322199999412987
28.122700001404155
27.54990000539692
26.12570000201231
28.038099997502286
28.086500002245884
26.84420000150567
27.062699999078177
28.73810000164667
30.300500002340414
27.44939999683993
28.78690000216011
28.010800000629388
27.59620000142604
27.864299998327624
27.08849999908125
28.352600005746353
27.61109999846667
38.34700000152225
27.693800002452917
27.72980000008829
31.134999997448176
29.565499993623234
28.720299997075927
29.042099995422177
29.015299995080568
27.759700002206955
29.201100005593617
29.348700001719408
28.517500002635643
29.363699999521486
29.50859999691602
28.672400003415532
29.602700000396
29.11550000135321
29.286599994520657
28.86920000310056
39.920899995195214
28.734600004099775
28.85450000030687
29.46890000021085
28.771099998266436
31.194099996355362
30.28929999709362
32.47360000386834
29.67039999930421
30.65269999933662
27.271799997834023
29.8079999993206
29.380700005276594
26.443199996720068
30.196499996236525
29.481999998097308
27.34690000215778
30.101399999693967
30.49019999889424
40.820499998517334
29.33589999884134
29.9964000005275
28.984500000660773
29.38259999791626
28.269300004467368
29.818400005751755
30.442800001765136
30.84090000629658
30.71339999587508
29.52969999751076
29.294699997990392
28.96609999879729
30.344200000399724
28.52590000111377
29.591400001663715
29.472399997757748
29.192900001362432
29.69120000489056
38.08650000428315
29.443899999023415
29.51559999928577
33.16430000268156
33.75019999657525
30.123299999104347
34.09299999475479
31.33670000534039
30.303100000310224
31.538700000965036
31.372700002975762
29.629899996507447
32.17230000154814
32.462499999383
31.98349999729544
31.261299998732284
30.146299999614712
30.5000000007567
31.166300002951175
46.16850000456907
31.63969999877736
29.700999999477062
30.975299996498507
29.07989999948768
31.46760000527138
30.755200001294725
31.358399995951913
30.95960000064224
30.748400000447873
30.010899994522333
31.950399999914225
30.86489999986952
31.23549999872921
31.550899999274407
30.87059999961639
30.7807999997749
31.534400004602503
31.20389999821782
42.40130000107456
31.370299999252893
30.878199999278877
32.390899999882095
31.950500000675675
31.143000000156462
31.67369999573566
29.6267000012449
30.45600000041304
30.82649999851128
30.53869999712333
31.818599993130192
30.740399997739587
32.485499999893364
31.33689999958733
31.88419999787584
29.60200000234181
35.01610000239452
36.15880000143079
42.68890000093961
34.35349999926984
34.77249999559717
35.23130000394303
31.36100000119768
30.08300000510644
29.23000000009779
31.074600003194064
29.7329000022728
30.669299994769972
29.574300002423115
29.671299998881295
29.88270000059856
30.847800000628922
28.645800004596822
31.193599999824073
29.733899995335378
28.00750000460539
31.430800001544412
39.88440000102855
27.832100000523496
29.61689999938244
28.40999999898486
29.05849999660859
30.390400002943352
31.93930000270484
29.719499994826037
30.32600000005914
31.164599997282494
30.33750000031432
30.982599993876647
31.297800000174902
32.79050000128336
30.564499997126404
30.635900002380367
30.2845000041998
30.905400002666283
29.056300001684576
38.75240000343183
29.886000003898516
30.52429999661399
28.163599999970756
29.51039999607019
29.796900002111215
27.49450000555953
30.073599999013823
29.74710000125924
30.04510000027949
28.991399994993117
28.18480000132695
30.588300003728364
29.26669999578735
29.103100001520943
28.668999999354128
29.489200001989957
28.964199998881668
29.774900001939386
39.10809999797493
30.58420000161277
27.668599999742582
29.92409999569645
28.418599998985883
28.093400003854185
30.83350000088103
29.394800003501587
27.774299996963236
28.52889999485342
28.033900001901202
26.97049999551382
29.213200003141537
27.74689999932889
27.432700000645127
25.473000001511537
28.036399999109562
28.768000003765337
27.486999999382533
36.89950000261888
27.10540000407491
27.352200006134808
26.686099998187274
28.200799999467563
25.365000001329463
26.98419999796897
28.059600001142826
26.64809999987483
27.941299995291047
27.839700000185985
29.888699995353818
26.649200000974815
26.986099997884594
27.81390000018291
27.852300001541153
28.45760000491282
27.25980000104755
26.354200002970174
36.3260000012815
26.26750000490574
27.283899995381944
25.659600003564265
26.77630000107456
27.98070000426378
29.242000004160218
26.709999998274725
28.84489999996731
27.895500003069174
28.57439999934286
27.97660000214819
27.22150000045076
26.65279999928316
27.726799999072682
27.481400000397116
26.310400004149415
28.003999999782536
27.348300005542114
37.54840000328841
26.94320000591688
30.98840000166092
30.910800000128802
29.63160000217613
27.530899998964742
27.980099999695085
26.81250000023283
28.096699999878183
27.369700001145247
26.61699999589473
28.210399999807123
28.176599997095764
26.687600002333056
31.94660000008298
31.17029999702936
30.697399997734465
26.36519999941811
26.446399999258574
36.20020000380464
27.941400003328454
26.482300003408454
25.058700004592538
28.279899997869506
27.368200004275423
27.18089999689255
25.853300001472235
26.79609999904642
27.946000001975335
26.621199998771772
25.735000002896413
27.351899996574502
27.469799999380484
26.08229999896139
26.4446000001044
28.022700003930368
26.397800000268035
27.013999999326188
35.081499998341314
28.02469999733148
29.13970000372501
26.806700007000472
26.731400001153816
26.498400002310518
27.69379999517696
26.315399998566136
27.730499998142477
29.486999999789987
29.153100003895815
29.018000001087785
26.761299995996524
28.072000000975095
27.00899999763351
27.413600000727456
28.896200004965067
32.34830000292277
28.31729999888921
38.89940000226488
26.637399998435285
29.633199999807402
29.818900002283044
27.338100000633858
28.775699996913318
27.60389999457402
28.60740000323858
28.52549999806797
27.133800002047792
26.974000000336673
27.97179999470245
25.991000002250075
27.35880000545876
28.00329999445239
31.3802000018768
27.22619999985909
27.62280000024475
26.97230000194395
38.758900001994334
27.81440000399016
27.534499997273088
28.68049999960931
25.72929999587359
26.42760000162525
26.886599996942095
25.496900001598988
26.65079999860609
26.54830000392394
26.830899994820356
25.857699998596217
26.17929999541957
25.394599993887823
26.21039999939967
26.167200005147606
26.28769999864744
24.382200004765764
28.546299996378366
38.50789999705739
27.118300000438467
26.317899995774496
27.447699998447206
27.53639999718871
27.077500002633315
25.423299994145054
26.273800001945347
27.15100000204984
26.075499998114537
26.337600000260863
25.3828999993857
27.19059999799356
26.38450000085868
25.512899999739602
26.437000000441913
26.25160000025062
27.968300004431512
26.33879999484634
36.985799997637514
26.86790000007022
27.549800004635472
28.422800001862925
25.31299999827752
26.942199998302385
28.111300001910422
25.84200000273995
26.739099994301796
26.825300003110897
27.13709999807179
27.249500002653804
24.395700005698018
26.908500003628433
27.374799996323418
28.60510000027716
25.684799998998642
26.9241999994847
26.66020000469871
36.14969999762252
26.984800002537668
26.643999997759238
25.911599994287826
26.894499998888932
26.3967999999295
26.654799999960233
29.90049999789335
28.134100000897888
26.1231000040425
29.534299996157642
25.87649999622954
25.84930000011809
25.70230000128504
25.645499998063315
26.305499995942228
24.078199996438343
24.803600004815962
24.328999999852385
34.582899999804795
24.96909999899799
25.326599999971222
25.190899999870453
25.360200001159683
24.963500000012573
25.089799994020723
22.83030000398867
24.895599999581464
24.839099998644087
25.35790000547422
23.613099998328835
24.534999996831175
23.962999999639578
23.30200000142213
24.498599996150006
24.430999998003244
23.954199998115655
25.867399999697227
35.681300003489014
25.500700001430232
24.719000000914093
23.94359999743756
24.436200001218822
24.561700003687292
26.380100003734697
24.4170000005397
25.132300004770514
25.232200001482852
24.71950000472134
24.742500005231705
23.1017999976757
25.610999997297768
26.105899996764492
25.296600004367065
23.58259999891743
24.350200001208577
24.89190000051167
32.99899999547051
24.342900003830437
24.473600002238527
23.56829999916954
24.353799999516923
25.816300003498327
26.073799999721814
24.94270000170218
24.621199998364318
25.529200000164565
24.012499998207204
25.97589999641059
25.122300001385156
25.6708000015351
24.97389999916777
30.53080000245245
24.88450000237208
25.011600002471823
25.5983999959426
36.80309999617748
29.100499996275175
29.552399995736778
24.516399993444793
26.069100000313483
25.03630000137491
26.010599998699035
24.45580000494374
26.942699994833674
25.881699999445118
25.50350000092294
26.56109999952605
26.253199997881893
25.146899999526795
25.22309999767458
26.14749999338528
25.597300002118573
25.40210000006482
25.43109999533044
35.09040000062669
24.834399999235757
26.63600000232691
23.95740000065416
27.17280000069877
26.82459999778075
25.18229999986943
25.976299999456387
25.57879999949364
24.051199994573835
25.608000003558118
25.787400001718197
25.44060000218451
25.6779000046663
25.77200000087032
23.593799996888265
26.966700002958532
26.150400000915397
26.920499993138947
35.18420000182232
26.85870000277646
24.98860000196146
26.722199996584095
27.085199995781295
26.60249999462394
24.4754000013927
26.47929999511689
26.121799994143657
26.492400000279304
25.733299997227732
27.370799994969275
26.72080000047572
26.9380000027013
25.85459999681916
25.802399999520276
25.681300001451746
25.27639999607345
25.45970000210218
34.447500001988374
26.111999999557156
27.408200003264938
26.462100002390798
26.25459999399027
27.319200002239086
26.988799996615853
26.434399995196145
26.481400003831368
28.086999998777173
28.06609999970533
26.727099997515325
25.414800002181437
28.248599999642465
27.458099997602403
26.07200000056764
27.394900003855582
26.53429999918444
25.87669999775244
36.143199999060016
26.376499998150393
27.09579999645939
26.67420000216225
26.22469999914756
25.848800003586803
26.45019999908982
25.904800000716932
26.136799999221694
27.26579999580281
25.399800004379358
26.468899995961692
24.77119999821298
25.776399997994304
25.826999997661915
25.458500000240747
26.62439999403432
25.604700000258163
26.492600001802202
35.80780000629602
27.378099999623373
25.979699996241834
27.19269999943208
26.38450000085868
25.713499999255873
26.843499996175524
24.99109999916982
26.386300000012852
27.391499999794178
26.79119999811519
25.68960000644438
26.484200003324077
26.60930000274675
26.975999993737787
25.82970000366913
25.697999997646548
28.21399999811547
26.370600004156586
36.76899999845773
25.681300001451746
27.081800006271806
26.415599997562822
26.121900002181064
26.811900002940092
26.246099994750693
26.445999996212777
26.05799999582814
26.072900000144728
26.21789999830071
26.167700001678895
27.290699996228795
25.728199994773604
26.598299999022856
27.489000000059605
25.99190000182716
27.266500001132954
26.61680000164779
35.40149999753339
25.62749999924563
25.73889999621315
26.094700006069615
27.01600000000326
25.661700005002785
25.46789999905741
24.30169999570353
25.34629999718163
25.787599995965138
26.182199995673727
28.99030000116909
26.3383999990765
27.18309999909252
27.878199995029718
25.575399995432235
26.054399997519795
27.57019999990007
26.94550000160234
37.94170000037411
27.878399996552616
26.170299999648705
27.31089999724645
27.65729999373434
26.16239999770187
26.918099996692035
26.772700002766214
27.39040000597015
27.65539999381872
25.287299999035895
26.88769999804208
27.824799995869398
28.236699996341486
27.082399996288586
26.849899993976578
26.433699997141957
27.084499997727107
28.38049999991199
39.40329999750247
31.75290000217501
28.40940000169212
28.529600000183564
28.879699995741248
27.209199994103983
27.515499998116866
28.81879999767989
29.099799998220988
27.78020000550896
30.176899999787565
28.3800000033807
28.1433999989531
28.887200001918245
29.491600005712826
29.487599997082725
29.289799997059163
28.89770000183489
28.948499995749444
39.329799998085946
30.854099997668527
30.412200001592282
28.785599999537226
29.753200004051905
30.643299993244
30.786000002990477
29.097800004819874
28.44990000448888
31.185100000584498
30.317700002342463
29.451700000208803
31.50729999470059
34.97839999909047
33.859100003610365
30.685099998663645
30.903099999704864
29.04829999897629
31.06310000293888
39.81740000017453
30.605100000684615
31.101300002774224
30.47550000337651
31.149900001764763
30.79740000248421
29.597600005217828
30.95739999844227
29.886600001191255
29.65109999786364
27.515699999639764
28.28369999770075
28.040199998940807
28.626200000871904
28.8933999981964
29.786999999487307
27.91589999833377
27.30850000079954
28.083799996238668
36.80320000421489
29.173099996114615
28.660500000114553
28.2669000007445
25.63489999738522
28.633399997488596
31.17059999931371
30.213400001230184
27.78550000221003
28.388200000335928
27.264399999694433
27.639699997962452
28.57820000645006
28.35149999737041
27.179199998499826
30.542100001184735
30.321999998704996
27.491999993799254
33.32590000354685
44.332900004519615
32.425099998363294
31.56400000443682
29.18360000330722
27.99059999961173
28.945800004294142
27.349599993613083
28.815099998610094
26.942399999825284
28.146700002253056
28.76269999978831
27.084000001195818
28.195400002005044
28.29810000548605
26.94360000168672
28.15790000022389
27.135900003486313
27.32570000080159
25.480299998889677
37.99240000080317
28.22790000209352
28.735100000631064
29.08929999830434
28.118599999288563
28.9413999998942
28.059600001142826
28.557900004670955
28.893900002003647
28.46270000009099
27.878000000782777
29.956400001537986
29.057100000500213
30.268499998783227
29.906699994171504
30.515000005834736
29.580900001747068
28.432899998733774
29.23469999950612
39.03980000177398
30.065800005104393
30.004799999005627
31.074200000148267
30.67919999739388
29.049900003883522
28.450499994505662
28.445399999327492
28.117499998188578
29.06500000244705
28.737500004353933
28.59869999520015
28.51090000331169
28.83819999988191
29.51770000072429
28.27699999761535
27.582599999732338
28.6227999968105
28.539500002807472
38.82530000555562
27.778899995610118
28.514800003904384
29.465500003425404
27.47839999938151
27.217800001380965
27.404799999203533
27.835299995786045
27.812400003313087
28.108999998949002
29.620499997690786
28.236899997864384
27.428699999290984
28.163000002678018
25.7969999947818
26.566200001980178
26.261400002113078
26.499200001126155
26.316000003134832
36.947199994756375
27.04939999966882
27.40790000098059
27.69609999813838
27.148099994519725
28.47979999933159
30.033600000024308
31.45580000273185
28.13350000360515
26.845899999898393
27.871300000697374
27.09520000644261
27.291599995805882
27.289999998174608
27.392200005124323
27.716199998394586
26.085299999976996
31.49610000400571
32.845500005350914
36.05020000395598
29.76870000566123
29.409599999780767
27.677199999743607
29.729699999734294
28.516900005342904
32.7772999953595
31.180699996184558
29.294200001459103
28.445300005842
30.472799997369293
29.710100003285334
30.124399992928375
30.97140000318177
28.730399993946776
28.862799998023547
31.327900003816467
30.75179999723332
29.359699998167343
39.05320000194479
30.26059999683639
31.12659999897005
29.022100003203377
29.25649999815505
31.172099996183533
28.019299999868963
29.473499998857733
29.04329999728361
29.57800000149291
30.998800000816118
31.028400000650436
29.619900000398047
29.603700000734534
29.381100001046434
29.395999998087063
30.225800001062453
30.397100003028754
30.736199994862545
39.811100003134925
30.327499996928964
31.91280000464758
30.97649999835994
30.79530000104569
30.346699997608084
30.009499998413958
30.576000004657544
30.285399996500928
29.608099997858517
30.64010000525741
30.908100001397543
29.626499999722
33.34929999982705
30.49499999906402
30.4997999992338
30.158099994878285
30.017499993846286
29.55149999615969
38.90359999786597
30.02859999833163
30.534500001522247
31.24940000270726
30.343200000061188
31.386599999677856
30.788900003244635
30.08869999757735
31.225099999574013
30.614999996032566
30.904000006557908
30.510500000673346
30.69369999866467
33.571200001460966
30.75879999960307
32.14819999993779
31.512499997916166
30.75199999875622
31.37030000652885
40.74939999554772
29.412800002319273
30.706500001542736
29.31930000340799
31.42870000010589
30.18750000046566
30.40129999862984
30.683299999509472
29.891599995607976
30.22380000038538
31.30760000203736
29.94619999662973
30.540100000507664
29.332300000532996
30.02849999757018
29.303000002983026
30.09780000138562
30.627000000094995
30.321700003696606
40.81499999301741
30.329599998367485
30.968400002166163
29.893499995523598
30.095199996139854
29.766100000415463
30.15350000350736
30.05529999791179
29.862700001103804
28.94380000361707
29.49669999361504
30.57960000296589
29.30890000425279
28.70940000138944
29.344900001888163
28.93210000183899
29.19590000237804
28.472400001192
29.649399999470916
43.16479999397416
35.17730000021402
34.51399999903515
30.140599999867845
30.236999999033287
28.655299996898975
29.69640000083018
30.313099996419623
29.99909999925876
29.618200002005324
28.233899996848777
29.443200000969227
29.01699999347329
29.19570000085514
29.603799994220026
29.160999998566695
28.473799997300375
27.203700003155973
28.47009999823058
37.362800001574215
27.298100001644343
29.996499994012993
33.11379999649944
26.787999995576683
28.383700002450496
27.048900003137533
27.131599999847822
28.312199996435083
28.844499996921513
29.97769999637967
31.958100000338163
32.41350000462262
29.33080000366317
28.39740000490565
27.905599999940023
28.50909999688156
28.38530000008177
27.979699996649288
36.96209999907296
29.8320000001695
27.752399997552857
27.19510000315495
28.662699995038565
29.34520000417251
29.49570000055246
27.6300000041374
28.137400004197843
30.304799998702947
29.930100005003624
31.902399998216424
27.193300004000776
27.338100000633858
25.686300003144424
27.42910000233678
27.59469999728026
31.907899996440392
25.786599995626602
37.66940000059549
27.357799997844268
27.28890000435058
26.90489999804413
26.76929999870481
26.84410000074422
26.388899997982662
26.409400001284666
25.067000002309214
25.40440000302624
26.0097999998834
25.023200003488455
26.242200001433957
23.47159999771975
26.728700002422556
27.890799996384885
26.429999998072162
27.14399999968009
25.86680000240449
34.261000000697095
30.278699996415526
28.631399996811524
26.499599996895995
25.370099996507633
27.16800000052899
26.0333999976865
27.774100002716295
26.112599996849895
26.833000003534835
26.649600004020613
26.63159999792697
26.693499996326864
27.053300000261515
26.81280000251718
31.594400003086776
27.227499995206017
26.80580000014743
26.43539999553468
36.78639999998268
25.713300005008932
25.689599999168422
25.65630000026431
25.604400005249772
24.202400003559887
25.748400003067218
24.94000000297092
25.1261000012164
25.875100000121165
24.389999998675194
25.098499994783197
24.906999999075197
26.66010000393726
27.387400004954543
27.13170000060927
24.631200001749676
24.41230000113137
23.806299999705516
32.886699998925906
24.159900000086054
23.975399999471847
24.624700003187172
25.14579999842681
23.59710000018822
23.775200003001373
24.089700003969483
23.961600003531203
24.929599996539764
24.150000004738104
24.244400003226474
24.706700001843274
26.53899999859277
24.02359999541659
24.486300004355144
24.464800000714604
25.993299997935537
25.575300001946744
34.27830000146059
24.36199999647215
25.20630000071833
25.00780000264058
25.09009999630507
25.606499999412335
24.911700005759485
24.409000005107373
26.537999998254236
24.964800002635457
27.312399994116277
25.81530000315979
26.312300004065037
26.600600001984276
25.670000002719462
26.236300000164192
27.347900002496317
26.230700001178775
26.40599999722326
34.99590000137687
27.71470000152476
27.707200002623722
30.19990000029793
26.782299995829817
28.848100002505817
26.359100003901403
28.215199999976903
27.825099998153746
26.659700000891462
27.192900000954978
26.10160000040196
26.65809999598423
25.9312000052887
27.781199998571537
28.541399995447136
26.84610000142129
26.280600002792198
26.129699996090494
38.00480000063544
27.726199994503986
28.171700003440492
26.18859999347478
25.644900000770576
26.891299996350426
27.151199996296782
26.144099996599834
25.55009999923641
25.397999997949228
25.63709999958519
27.15159999934258
27.633699995931238
26.96079999441281
26.96519999881275
27.043000001867767
26.925999998638872
27.138699995703064
26.09389999997802
36.545000002661254
28.26679999998305
30.6985999995959
32.257799997751135
31.790500004717615
29.351899996981956
28.245500005141366
29.025299998465925
29.298900000867434
28.106199999456294
28.696999994281214
28.796099999453872
29.380400002992246
27.677899997797795
27.239900002314243
26.879099998041056
27.195600006962195
27.12719999544788
27.028899996366818
37.34579999581911
28.26239999558311
28.20150000479771
25.972000003093854
27.848899997479748
27.050800003053155
27.24379999563098
30.89239999826532
30.416800000239164
27.67610000591958
26.79869999701623
26.740699999209028
26.920799995423295
26.294799994502682
26.472700003068894
26.966600002197083
26.063999997859355
25.517100002616644
25.85650000401074
37.03520000271965
26.139499997952953
27.183400001376867
25.2011999982642
26.261999999405816
23.256500004208647
26.252299998304807
26.35799999552546
24.7832999957609
27.121699997223914
27.138599994941615
25.199999996402767
27.70740000414662
26.35730000474723
26.569400004518684
27.832899999339134
25.439099998038728
26.84380000573583
25.996899996243883
38.09159999946132
26.01449999929173
28.299400000832975
27.066000002378132
25.71689999604132
27.323300004354678
25.610800003050826
26.3623999999254
25.20350000122562
26.644000005035195
30.473700004222337
28.989699996600393
26.373199994850438
25.67819999967469
26.11099999921862
26.260200000251643
28.466700001445133
24.940700001025107
25.282800001150463
35.06339999876218
25.561000002198853
24.79499999753898
25.574400002369657
25.645900001109112
25.660599996626843
24.92579999670852
25.35830000124406
23.968900000909343
25.456100003793836
24.757300001510885
27.16800000052899
25.99950000148965
22.356599998602178
24.95679999992717
24.69790000031935
23.555200001283083
24.74330000404734
24.682600000232924
35.35289999854285
25.688900001114234
25.526900004479103
24.178799998480827
25.55479999864474
24.728799995500594
25.515199995425064
24.96909999899799
24.791499999992084
24.563700004364364
26.92620000016177
25.00290000170935
26.34760000364622
25.572799997462425
25.732999994943384
26.08670000336133
25.41429999837419
26.03639999870211
24.77980000548996
37.0383999979822
25.551200000336394
26.182800000242423
25.047100003575906
25.601599998481106
23.92330000293441
25.727599997480866
24.901600001612678
26.124299998627976
25.08790000138106
24.900799995521083
25.695300006191246
24.496199999703094
24.766900001850445
23.654299999179784
25.09979999740608
25.297599997429643
27.18509999976959
25.68049999536015
36.40629999426892
26.71369999734452
26.269599999068305
23.81959999911487
25.71969999553403
25.988700006564613
27.430599999206606
26.784499998029787
25.89540000190027
24.46369999961462
25.857799999357667
26.35349999764003
27.714100004232023
28.74090000113938
28.134799998952076
24.500000006810296
27.306700001645368
27.314600003592204
29.054299993731547
37.20649999740999
26.332000001275446
26.56109999952605
26.920499993138947
26.279599995177705
26.67970000038622
26.35020000161603
25.701599995954894
24.863200000254437
25.10749999783002
26.07239999633748
24.881199999072123
26.110599996172823
25.43639999930747
24.1604000038933
25.044500005606096
24.183999994420446
25.969199996325187
27.16839999629883
35.48099999898113
25.28800000436604
24.999500004923902
26.315700000850484
23.08420000190381
25.986399996327236
25.195400005031843
24.679999994987156
25.266900003771298
24.249900001450442
25.622900000598747
24.85510000406066
26.81980000488693
25.1533999980893
25.800100003834814
24.523000000044703
23.94569999887608
25.35840000200551
26.1227000009967
35.242900004959665
25.352100004965905
24.773899996944238
24.723200003791135
23.86619999742834
25.587400006770622
24.196300000767224
24.570900000981055
25.882499998260755
25.009100005263463
30.002699997567106
27.397199999541044
26.75059999455698
24.67179999803193
24.82890000101179
23.329299998295028
24.597899995569605
24.14370000042254
24.24800000153482
34.20229999755975
24.098800000501797
24.999100001878105
23.21049999591196
24.83339999889722
24.62769999692682
24.556900003517512
24.370099999941885
22.89619999646675
23.741600001812913
24.367499994696118
25.018100001034327
24.903900004574098
23.44969999830937
23.924799999804236
23.419400000420865
23.07700000528712
23.539500005426817
23.01150000130292
32.122799995704554
31.64459999970859
22.32489999732934
25.43159999913769
22.587200000998564
24.292599999171216
22.277600000961684
22.74349999788683
22.410199999285396
21.945200001937337
22.52020000014454
23.29029999964405
23.020399996312335
21.86470000015106
25.667499998235144
25.12110000679968
22.533399998792447
22.695500003464986
20.98660000046948
31.944099995598663
22.138899999845307
23.249100006069057
21.989300003042445
21.135499999218155
23.18300000479212
23.123600003600586
23.355600002105348
23.000599998340476
23.495299996284302
24.3521000011242
24.04529999330407
23.05239999986952
23.632800002815202
23.829099998692982
24.226900000940077
25.13399999588728
22.87800000340212
22.63840000523487
30.907699998351745
23.726799998257775
22.5471000012476
23.851600002672058
23.34320000227308
25.021499997819774
22.82740000373451
23.854200000641868
23.204299999633804
22.994200000539422
22.541300000739284
22.77250000042841
22.04889999848092
25.03209999849787
22.764499997720122
25.4410999987158
24.272700000437908
24.970899998152163
22.99479999783216
34.98499999841442
24.045500002102926
23.800900002242997
24.161300003470387
23.462800003471784
23.268600001756568
22.57839999947464
23.433900001691654
24.33940000628354
23.864800001319963
24.694100000488106
22.29269999952521
23.496799993154127
23.114800002076663
23.690000001806766
25.79459999833489
23.348599999735598
22.9269999981625
23.405399995681364
32.54590000142343
23.44029999949271
24.641299998620525
24.03980000235606
22.594499998376705
23.086100001819432
22.509100002935156
23.172399996838067
24.199700004828628
23.486300000513438
23.644299995794427
22.44869999412913
24.828799992974382
23.310100004891865
23.58729999832576
23.453000001609325
24.37869999994291
25.705400003062095
23.25330000167014
33.385199996700976
26.606100000208244
25.742099998751655
25.60050000465708
23.530200000095647
23.264999996172264
22.843999999167863
23.762299999361858
23.404699997627176
23.61160000145901
22.48680000047898
24.865699997462798
23.04730000469135
22.47979999810923
23.30140000412939
23.402699996950105
22.447100003773812
22.925599994778167
23.10839999699965
34.203399998659734
24.594900001829956
23.54919999925187
24.05939999880502
22.880199998326134
24.93470000626985
23.7323000037577
22.768199996789917
23.61889999883715
23.52950000204146
24.21419999882346
23.690099995292258
23.58980000281008
22.480999999970663
23.973600000317674
22.849000000860542
23.52470000187168
23.73589999479009
24.52859999903012
25.673800002550706
29.782899997371715
22.025099999154918
22.19150000018999
24.940999996033497
24.192700002458878
24.552000002586283
23.708099994109944
24.00140000099782
23.826399999961723
24.060899995674845
22.311000000627246
23.63090000289958
22.933199994440656
24.333900000783615
22.97619999444578
23.30950000032317
23.891799995908514
22.520099999383092
23.075999997672625
32.138800001121126
23.08890000131214
22.623700002441183
22.901000003912486
22.96379999461351
23.721400000795256
23.04790000198409
22.25620000535855
24.181000000680797
22.925600002054125
23.787099999026395
22.931399995286483
22.121800000604708
22.739699998055585
23.21019999362761
22.54700000048615
22.437499996158294
23.09919999970589
23.009700002148747
33.09340000123484
20.99830000224756
23.02389999385923
22.014399997715373
21.423300000606105
22.106599994003773
21.482499992998783
21.902899999986403
22.04650000203401
20.593699999153614
22.980900001130067
22.583999998460058
22.3658000031719
22.356699999363627
23.085799999535084
23.001000001386274
24.228399997809902
23.129000001063105
21.71500000258675
31.71470000233967
23.59240000077989
23.005199996987358
23.107299995899666
22.1257000011974
22.4508999963291
24.236600002041087
22.582999998121522
22.354100001393817
20.239999998011626
22.772900003474206
22.586800005228724
22.13350000238279
21.627199996146373
22.911699998076074
22.01900000363821
21.23830000346061
23.301100001845043
21.88630000455305
30.539400002453476
20.959299996320624
22.373599997081328
22.138899999845307
22.27209999546176
21.0570999988704
22.704900002281647
21.568399999523535
23.42330000101356
21.764999997685663
21.265499999572057
22.867200001201127
23.472300003049895
22.80120000068564
23.36940000532195
23.05509999860078
23.455300004570745
22.818999997980427
22.717400002875365
32.09810000407742
24.77519999956712
23.43259999906877
23.391900002025068
22.334299996146
24.17559999594232
22.146800001792144
23.763899996993132
23.30909999727737
23.661199993512128
23.12730000267038
22.43789999920409
22.783399996114895
22.80550000432413
22.679400004562922
22.30579999741167
22.95659999799682
21.425999999337364
23.626700000022538
22.630300001765136
29.559700000390876
21.31799999915529
24.23850000195671
21.82609999726992
22.692899998219218
21.597400002065115
22.441300003265496
22.93920000374783
21.507299999939278
23.140500001318287
22.80290000635432
23.184999998193234
21.324000001186505
22.357800000463612
21.629399998346344
22.054999993997626
23.277200001757592
22.299099997326266
23.69139999791514
31.727599998703226
23.948599999130238
23.317600003792904
22.74310000211699
22.72080000693677
22.804500003985595
22.323999997752253
24.813199997879565
25.023900001542643
23.91630000056466
23.417299998982344
23.520799994003028
26.046599996334407
24.786900001345202
23.74009999766713
23.14190000470262
23.42819999466883
23.568200005684048
22.465699999884237
32.81089999654796
23.753000001306646
23.56819999840809
23.70350000273902
23.037799997837283
24.79250000033062
23.460100004740525
24.08099999593105
23.627399998076726
24.64220000547357
23.242499999469146
24.311400004080497
22.638100002950523
23.761299999023322
24.43219999986468
25.443700003961567
23.60200000111945
23.610000003827736
23.90680000098655
33.837499999208376
22.86449999519391
26.95329999551177
24.482300003001
22.92250000027707
22.300099997664802
24.244499996711966
26.01180000056047
24.932299995271023
23.23949999845354
24.738599997363053
24.96120000432711
22.345299999869894
23.339500003203284
23.27520000108052
23.300599998037796
23.039200001221616
24.31800000340445
23.87730000191368
33.22660000412725
23.36440000362927
23.351700001512654
23.935099998197984
23.63850000256207
24.154200000339188
24.064999997790437
22.70169999974314
23.739599993859883
22.511100003612228
24.0090999941458
22.558299999218434
21.953999996185303
23.86770000157412
22.1501000050921
24.1632999968715
22.91970000078436
22.478999999293592
23.56859999417793
33.2466999971075
24.278199998661876
23.69639999960782
22.560400000656955
22.73629999399418
20.644500000344124
21.95430000574561
21.236599997791927
21.67840000038268
21.786899997096043
21.80640000005951
21.050000003015157
22.071600003982894
23.969100002432242
21.520300004340243
22.390700003597885
22.458699997514486
20.46350000455277
21.594899997580796
31.641599998692982
22.95109999977285
22.96280000155093
20.692399994004518
21.398100005171727
22.507499998027924
21.681900005205534
23.196599999209866
22.59310000226833
20.046900004672352
21.912299998803064
21.588099996733945
20.66470000136178
21.532500002649613
22.095599997555837
22.425000002840534
22.335600006044842
23.1329000016558
22.622700002102647
32.08879999874625
22.67759999813279
21.946000000752974
23.124899998947512
22.599000003538094
21.385299995017704
21.150499997020233
20.84879999893019
22.65610000176821
22.45530000072904
21.972900001856033
22.157100000185892
24.860600002284627
25.472600005741697
24.002599995583296
21.849700002348982
20.496999997703824
22.427600000810344
21.606700000120327
32.82329999638023
21.527499993680976
22.333499997330364
21.62730000418378
21.251599995594006
22.111199999926612
21.74840000225231
21.600599997327663
18.897399997513276
22.388600002159365
22.142800000438
20.34319999802392
22.771399999328423
21.017699997173622
21.101499994983897
22.134999999252614
21.217499997874256
22.205100001883693
22.72110000194516
21.103800005221274
29.273500003910158
21.55499999935273
21.258200002193917
22.569400003703777
21.56470000045374
21.24829999957001
22.10429999831831
21.293900004820898
21.271300000080373
22.782200001529418
22.105399999418296
19.344599997566547
21.430000000691507
21.516299995710142
20.93120000063209
21.57180000358494
21.774599998025224
21.358699996198993
21.936000004643574
31.023499999719206
21.97379999415716
21.4923000021372
21.287399998982437
22.12909999798285
21.762299998954404
20.254000002751127
21.040899999206886
20.23149999877205
20.121699999435805
21.619400002236944
22.589599997445475
21.108100001583807
21.887599999899976
19.219499998143874
22.231700000702403
21.14119999896502
20.210599999700207
21.997199997713324
31.67349999421276
21.583699999609962
21.542399997997563
20.300700001826044
21.347900001273956
22.53539999946952
19.37990000442369
22.744299996702466
21.386899999924935
21.258900000248104
22.15750000323169
21.566299998085015
21.333400000003166
22.255700001551304
21.982199999911245
22.872200002893806
23.57589999883203
21.81610000116052
20.337000001745764
30.002600004081614
21.593199999188073
20.554199996695388
21.331600000848994
20.942000002833083
21.096800002851523
21.171899999899324
20.567699997627642
20.084499999939
19.53250000224216
21.446199993079063
22.124000002804678
23.873899997852277
20.956499996827915
21.897099999478087
21.844999995664693
21.138099997187965
21.07840000098804
21.785799995996058
30.203100002836436
19.683900005475152
22.17190000374103
21.330700001271907
22.428199998103082
20.88509999884991
21.302699999068864
23.17629999743076
21.745099998952355
21.29869999771472
21.59869999741204
20.94260000012582
22.960100002819672
21.868499999982305
21.494299995538313
21.27409999957308
21.732100001827348
22.07349999662256
20.797699995455332
32.744399999501184
22.799799997301307
22.1772000004421
21.841100002347957
22.248900000704452
20.95289999851957
22.595199996430892
21.574700003839098
21.95899999787798
20.373899998958223
21.60120000189636
21.479200004250742
20.72309999493882
21.84049999777926
22.141599998576567
21.796000000904314
22.720400003890973
22.952599996642675
21.425099999760278
23.090300004696473
29.15740000025835
22.097799999755807
21.854300000995863
21.84980000311043
22.003500002028886
21.514600004593376
21.544499999436084
21.45800000289455
20.895800000289455
21.952999995846767
22.98279999376973
20.031200001540128
22.342000003845897
21.738200004620012
22.65139999508392
23.498800001107156
21.764199998870026
21.212100000411738
22.772800002712756
31.021899994811974
21.50860000256216
21.59609999944223
19.103000005998183
22.206599998753518
21.64440000342438
20.920599999953993
21.0951000044588
21.103599996422417
21.70540000224719
22.99670000502374
23.326099995756522
21.239000001514796
21.61569999589119
20.672999999078456
20.530300003883895
21.94459999736864
21.87499999854481
21.91089999541873
30.38560000277357
21.54059999884339
22.80909999535652
22.437500003434252
19.62400000047637
21.715300004871096
22.0776999994996
20.768299997143913
21.031699994637165
22.709900003974326
23.390000002109446
23.81959999911487
20.830100002058316
22.439599997596815
21.749700004875194
21.502499999769498
21.22080000117421
23.1980000025942
22.064100005081855
29.876900000090245
21.69109999522334
21.936000004643574
21.551800004090182
21.512799998163246
23.14769999793498
22.759399995265994
22.492399999464396
24.63059999718098
23.046900001645554
23.30950000032317
23.51289999933215
23.664000000280794
22.516400000313297
23.265099996933714
23.527799996372778
23.572400001285132
24.216099998739082
23.609800002304837
31.92980000312673
22.62209999753395
23.49300000059884
23.046599999361206
23.057200000039302
22.19330000662012
23.01180000358727
22.58330000040587
21.551900004851632
23.32409999507945
22.906600002897903
21.848999997018836
23.22700000513578
21.81390000623651
22.082099996623583
22.640799994405825
22.21379999537021
21.194000000832602
23.208300000987947
32.93560000020079
22.269599998253398
24.450799995975103
22.97339999495307
22.88800000678748
22.879199997987598
23.317799998039845
21.43439999781549
22.62499999778811
21.875400001590606
22.58609999989858
22.553399998287205
21.651399998518173
23.133700000471435
22.369400001480244
23.36749999813037
22.70239999779733
22.785699999076314
23.155200004111975
35.32450000056997
24.84750000439817
23.38229999440955
22.99240000138525
23.676799995882902
22.868599997309502
23.656400000618305
24.645500001497567
23.964300002262462
22.652699997706804
22.156699997140095
23.520399998233188
23.158500000135973
23.664099993766285
23.61660000315169
22.850000001199078
24.629199993796647
23.762800003169104
27.21890000248095
33.56649999477668
23.272300000826363
24.145800001861062
23.22979999735253
23.934699995152187
23.155900002166163
23.27990000048885
24.089200000162236
24.258800003735814
22.966999997152016
21.824800001922995
24.82159999635769
23.626099995453842
24.958499998319894
23.912900003779214
23.223000003781635
23.69590000307653
23.520399998233188
22.78389999992214
32.56410000176402
24.88919999450445
24.155300001439173
23.815799999283627
23.761299999023322
23.458299998310395
24.285899999085814
24.327200000698213
25.347700000565965
22.785199995269068
22.879000003740657
21.483700002136175
22.686000003886875
24.05459999863524
22.77400000457419
23.16620000055991
22.35909999581054
21.96420000109356
23.728799998934846
31.858399997872766
22.31970000138972
22.66300000337651
22.483200002170634
22.935300003155135
23.295200000575278
23.78399999724934
24.227199995948467
23.71570000104839
23.931900002935436
25.419899997359607
22.62870000413386
23.51479999924777
22.490099996502977
23.31140000023879
22.904500001459382
22.330499996314757
23.242499999469146
22.81799999764189
33.07660000427859
23.555200001283083
23.01469999656547
22.80810000229394
23.347299997112714
23.457399998733308
23.21910000318894
23.85899999353569
22.512299998197705
23.21549999760464
23.407900000165682
23.930700001074
23.60480000061216
23.547099997813348
22.48880000115605
24.229700000432786
23.905699999886565
24.415899999439716
23.267500000656582
33.08819999801926
24.21689999755472
23.518100002547726
23.186500002339017
22.804799998993985
22.615600006247405
22.467900002084207
22.642199997790158
22.374699998181313
23.656400000618305
23.0946999945445
22.065199998905882
22.644899996521417
22.964000003412366
23.46169999509584
22.790299997723196
22.977399996307213
23.257799999555573
22.439899999881163
34.47679999953834
23.18879999802448
24.095000000670552
24.633900000480935
22.292399997240864
24.266599997645244
23.128699998778757
23.620499996468425
24.963500000012573
23.717299998679664
23.961399994732346
24.113899999065325
22.52470000530593
23.758499999530613
23.18599999853177
23.464799996872898
23.618100000021514
24.30109999841079
23.276799998711795
33.82190000411356
23.727199994027615
23.341100000834558
23.147099993366282
23.747600003844127
22.301600001810584
23.984700004803017
23.034300000290386
23.78770000359509
23.80950000224402
23.528400000941474
22.753900004317984
23.370399998384528
23.25399999972433
23.096800003258977
23.300000000745058
22.33719999640016
23.590800003148615
22.76249999704305
31.719999999040738
22.628500002610963
22.446700000728015
21.575300001131836
22.649400001682807
24.240200000349432
22.907900005520787
22.766100002627354
23.095399999874644
23.115900003176648
23.21769999980461
23.10540000326
24.376900000788737
22.335699999530334
23.794400003680494
22.642899995844346
22.432600002503023
20.54439999483293
22.182200002134778
30.901099999027792
22.65800000168383
21.713399997679517
22.4508999963291
22.34860000316985
20.35289999912493
21.534799998335075
21.67080000072019
21.398700002464466
21.656099997926503
21.541900001466274
22.1261000042432
20.975599996745586
21.345799999835435
21.78730000014184
21.080299993627705
22.3584999985178
21.427400002721697
21.63569999538595
31.387399998493493
20.54399999906309
21.994599999743514
21.587900002487004
21.156700000574347
21.34259999729693
21.423600002890453
21.83139999397099
20.99900000030175
21.25809999415651
21.275599996442907
21.953299998131115
21.231999999145046
19.5324999949662
22.067400001105852
22.323599994706456
21.382200000516605
21.428400003060233
21.873400000913534
30.55529999983264
21.02510000258917
21.188099999562837
21.8040000036126
21.239699999568984
19.7113000031095
21.674499999789987
21.820599999045953
23.221299998112954
21.91789999778848
20.4271000038716
21.3447999994969
22.72209999500774
21.822799993969966
20.774800002982374
21.452799999678973
21.87460000277497
19.93429999856744
21.021299995481968
30.41510000184644
21.600299995043315
20.787000001291744
21.422799996798858
20.990500001062173
22.197099999175407
20.600299998477567
21.72949999658158
22.695500003464986
19.467799997073598
21.7315999980201
20.704700000351295
21.725600003264844
23.140700002841186
22.82579999882728
24.5846999969217
23.46389999729581
22.48439999675611
23.16850000352133
31.948600000760052
22.311599997919984
24.66450000065379
23.233500003698282
23.247500001161825
20.99379999708617
21.40450000297278
21.77970000047935
21.938999998383224
21.395800002210308
21.09379999455996
21.08350000344217
21.275799997965805
22.125299998151604
21.8481999982032
20.736399994348176
21.10730000276817
21.126599996932782
21.447400002216455
30.87789999699453
21.744400000898167
21.807400000398047
21.55349999520695
21.661700004187878
24.01520000421442
21.430399996461347
23.48129999882076
22.403499999199994
21.219499998551328
22.77219999814406
21.75379999971483
21.263800001179334
23.116600001230836
21.64949999860255
21.536200001719408
21.40569999755826
20.96789999632165
20.435899998119567
29.607300006318837
20.909899998514447
21.234300002106465
20.97949999733828
21.079300000565127
21.52349999960279
20.55829999881098
20.985899995139334
20.52939999703085
20.634200001950376
20.254700000805315
21.50160000019241
20.204999993438832
21.681699996406678
21.38869999907911
20.702299996628426
20.1491999978316
22.15349999460159
20.99389999784762
19.707200000993907
32.21720000146888
20.380100002512336
21.486199999344535
20.44249999744352
19.07470000151079
20.86089999647811
20.742700005939696
21.188899998378474
20.941000002494548
21.026999995228834
19.703500001924112
20.390199999383185
21.34420000220416
21.17980000184616
21.36420000169892
20.095699997909833
18.708600000536535
20.356900000479072
21.19719999609515
30.41710000252351
20.429100004548673
21.442500001285225
21.861300003365614
22.102800001448486
19.956100004492328
22.46010000089882
20.886599995719735
20.624000004318077
22.030300002370495
21.82790000370005
19.89500000490807
21.732599998358637
20.84150000155205
21.053899996331893
21.662900006049313
21.169500003452413
19.577799997932743
22.940000002563465
29.79380000033416
21.02069999818923
22.881999997480307
21.979400000418536
21.962099999655038
20.639899994421285
22.47239999996964
21.578899999440182
21.408200002042577
22.07069999712985
22.529200003191363
20.963999995728955
21.61049999995157
21.37679999577813
20.5126000000746
21.755100002337713
20.796799995878246
20.86629999394063
19.830800003546756
30.340800003614277
21.144300000742078
20.982599999115337
20.668500001193024
18.658199995115865
21.563399997830857
20.637000001443084
20.784499996807426
19.674200004374143
21.675500000128523
20.449900002859067
22.117000000434928
21.201799994742032
19.80520000506658
20.492000003287103
21.089899993967265
22.049800005333964
21.2046000015107
19.881300002452917
29.516999995394144
21.701800003938843
21.622500004014
20.885999998426996
21.452299995871726
21.06869999988703
21.590500000456814
21.190400002524257
21.54230000451207
21.634400000039022
19.388500004424714
21.38559999730205
20.89719999639783
21.256200001516845
21.566100003838073
23.48540000093635
22.81760000187205
21.195699999225326
22.4097999962396
30.237599996326026
21.795100001327228
20.04039999883389
21.5985000031651
20.6737000044086
20.806100001209415
20.327199999883305
19.743799995922018
21.391599999333266
21.222099996521138
21.53079999698093
22.096499997132923
20.535000003292225
20.215900003677234
21.007099996495526
20.784599997568876
20.628900005249307
21.24040000489913
21.49259999714559
30.35950000048615
21.911600000748876
21.58649999910267
21.13649999955669
19.350000002305023
23.85099999810336
20.579399999405723
21.129900000232738
21.118999997270294
21.358099998906255
23.20769999641925
21.528800003579818
22.030100000847597
19.325499997648876
21.660999998857733
23.235000000568107
20.7451999958721
22.872299996379297
22.002900004736148
30.899999997927807
20.490199996856973
19.02880000125151
23.303200003283564
20.027899998240173
20.748700000694953
20.89230000274256
19.574400001147296
19.79810000193538
22.7117000031285
21.66859999852022
20.821300000534393
21.202399999310728
21.383700004662387
20.364199997857213
21.71950000047218
20.87770000071032
21.905599998717662
21.299599997291807
30.781100002059247
21.322499997040723
19.623000000137836
21.283499998389743
20.87529999698745
21.851700003026053
21.5091999998549
20.322999997006264
21.28400000219699
18.52320000034524
20.587900005921256
20.697400002973154
20.7109999973909
20.596599999407772
21.626499998092186
19.573499994294252
20.35240000259364
20.463100001506973
20.387899996421766
29.511599997931626
21.54240000527352
19.725400001334492
24.065400000836235
20.971300000383053
20.603099997970276
20.494500000495464
20.568500003719237
20.314599998528138
20.943900002748705
19.95599999645492
20.14420000341488
22.45220000622794
21.288299998559523
20.667800003138836
20.725800000946037
20.206599998346064
21.353000003728084
21.979900004225783
29.924800001026597
21.08559999760473
21.249100005661603
18.752899995888583
22.407699994801078
21.65160000004107
21.192799998971168
20.8684999961406
20.395799998368602
18.9059999975143
22.586400002182927
20.523099999991246
21.140500000910833
19.796400003542658
21.173699999053497
19.54939999995986
25.77930000552442
20.828899992920924
20.215500000631437
32.13859999959823
21.641899998940062
19.77900000201771
21.210099999734666
20.7834000029834
21.210400002019014
21.979699995426927
20.330499995907303
22.26140000129817
21.174699999392033
21.04189999954542
19.032399999559857
23.68399999977555
20.67230000102427
23.28099999431288
22.267699998337775
20.644299998821225
18.902899995737243
23.610099997313228
31.192700000246987
20.92860000266228
20.81489999545738
19.27639999485109
21.016400001826696
20.27539999835426
20.4952999993111
21.34240000304999
22.291499997663777
19.48959999572253
20.711999997729436
21.033799996075686
20.06219999748282
19.753900000068825
20.263600003090687
20.08709999790881
20.12319999630563
20.109499993850477
20.962400005373638
29.409599999780767
21.083600004203618
20.164699999440927
21.510099999431986
19.910800001525786
20.077900000615045
20.98390000173822
18.812300004356075
19.185500001185574
21.258699998725206
20.18289999978151
19.91260000067996
19.894099998055026
19.110799999907613
17.792099999496713
20.93040000181645
19.88110000093002
19.968799999332987
20.09879999968689
19.73869999346789
26.334299996960908
19.137600000249222
20.139000000199303
19.909100003133062
20.022500000777654
17.89470000221627
20.482200001424644
20.835299997997936
21.15839999896707
20.23709999775747
19.82309999584686
18.24040000064997
21.534100000280887
20.459999999729916
20.437199993466493
21.183199998631608
21.76070000132313
18.308899998373818
20.34710000589257
30.222500005038455
20.00709999992978
20.581500000844244
23.07440000004135
19.477999994705897
21.929000002273824
21.374899995862506
21.555799998168368
21.007499999541324
20.648899997468106
19.247999996878207
21.923500004049856
21.282900001097005
20.99369999632472
20.788500005437527
20.499899997957982
18.7316000010469
21.76589999726275
21.142700003110804
29.67239999998128
21.280300003127195
19.320300001709256
20.501899998635054
22.729199998138938
21.154899994144216
20.81239999824902
21.7177999948035
21.450000000186265
20.382499998959247
20.07650000450667
21.084100000734907
22.256000003835652
21.627399997669272
21.25779999914812
20.554199996695388
20.864799997070804
20.227699998940807
21.9372999999905
30.915499999537133
21.38369999738643
19.482800002151635
21.48759999545291
20.83180000045104
20.7832000014605
21.75149999675341
20.856700000877026
21.236300002783537
20.486200002778787
21.097400000144262
20.583700003044214
21.572500001639128
20.635199995012954
23.56090000102995
20.75679999688873
20.46590000099968
19.28399999451358
22.656799999822397
29.405100001895335
21.342500003811438
20.540400000754744
19.367200002307072
22.913699998753145
22.640799994405825
20.112099999096245
23.656099998333957
22.49899999878835
19.840200002363417
21.443300000100862
20.392799997352995
20.15890000620857
22.8110000025481
21.342800006095786
19.12060000177007
19.86639999813633
20.087900004000403
19.43280000705272
29.080600004817825
19.848399999318644
18.381699999736156
21.549099998082966
19.804499999736436
20.42290000099456
20.394899998791516
20.210700000461657
18.09549999597948
22.485200002847705
20.36019999650307
20.93899999454152
20.138100000622217
24.387599994952325
19.247500000346918
21.957700002531055
20.775299999513663
20.033799999509938
21.862900000996888
20.264600003429223
27.176499999768566
19.928599998820573
20.17329999944195
20.81999999791151
22.36760000232607
20.733000004838686
24.433300000964664
20.194299999275245
20.422499997948762
22.12870000221301
20.97670000512153
19.546399998944253
20.639200003643055
20.47560000210069
19.68289999786066
21.52130000467878
20.54909999424126
18.86069999454776
20.91929999733111
29.25439999671653
20.82660000451142
20.54610000050161
20.17590000468772
18.369799996435177
21.646099994541146
19.480599999951664
20.2385000011418
20.12290000129724
21.175600006245077
18.865200006985106
21.203600001172163
19.9540999965393
20.34260000073118
20.172199998341966
20.37939999718219
19.962200000009034
22.18449999782024
20.613499997125473
32.22029999596998
20.32889999827603
20.119300002988894
22.147799994854722
20.589100000506733
20.475299999816343
21.007200004532933
20.506100001512095
20.482299994910136
19.280800006526988
20.527799999399576
19.925299995520618
21.961099999316502
20.67669999814825
20.72490000136895
21.164799996768124
20.847599997068755
21.220700000412762
21.74119999835966
18.80640000308631
29.93159999459749
21.15570000023581
20.85409999563126
21.15120000235038
21.81120000022929
22.33880000130739
22.033000001101755
21.342800006095786
21.10790000006091
20.143599998846184
22.255500000028405
20.218199999362696
20.084800002223346
21.794700005557388
20.83130000391975
19.137600000249222
21.185400000831578
20.968100005120505
19.55479999742238
30.726600001798943
19.166300000506453
21.743199999036733
20.504399995843414
20.47589999710908
21.180800002184696
20.86530000087805
19.321599997056182
21.08810000208905
20.689799996034708
20.387100004882086
21.302100001776125
21.226500000921078
21.237400003883522
21.217200002865866
21.124399994732812
23.25330000167014
22.18870000069728
20.049399994604755
29.975899997225497
19.455699999525677
21.18299999710871
20.283500001823995
20.672400001785718
20.019000003230758
20.897700000205077
18.7724999996135
19.502499999362044
20.523999999568332
20.02100000390783
19.58629999717232
20.547499996609986
19.500899994454812
19.971499998064246
21.40030000009574
19.597499995143153
20.816399999603163
19.99660000001313
19.476499997836072
29.652200006239582
20.859000003838446
20.667899996624328
20.058400004927535
20.068199999514036
20.486800000071526
21.54760000121314
21.312599994416814
20.982300004106946
20.999799999117386
21.352600000682287
21.396800002548844
23.27559999685036
21.9132999991416
20.554200003971346
20.854000002145767
20.977200001652818
22.215099997993093
19.136599999910686
31.098400002520066
21.541500005696435
20.524700004898477
21.70240000123158
20.249100001819897
20.271500005037524
20.335199995315634
21.460199997818563
20.95230000122683
20.656299995607696
20.320000003266614
19.636099998024292
20.932100000209175
20.646900004066993
19.76979999744799
20.426999995834194
19.090100002358668
20.64020000398159
20.803899999009445
29.895500003476627
21.074800002679694
21.444799996970687
19.43810000375379
21.534000006795395
21.307200004230253
21.36449999670731
22.30499999859603
21.54300000256626
19.40110000577988
20.3551000013249
20.33139999548439
19.700199998624157
19.913799995265435
19.77719999558758
18.55020000220975
20.320099996752106
20.993099999031983
20.046099998580758
29.67050000006566
20.58479999686824
19.606499998189975
21.383700004662387
21.435099995869678
20.53120000346098
20.578499999828637
19.64619999489514
19.15290000033565
20.29259999835631
19.454599998425692
19.922500003303867
19.45770000020275
19.73810000345111
17.87060000060592
21.47230000264244
19.265199996880256
20.00889999908395
20.23660000122618
20.305500001995824
29.06770000117831
21.002899993618485
20.17399999749614
19.830800003546756
20.61110000067856
19.73790000192821
19.996299997728784
22.32219999859808
22.842299993499182
22.122200003650505
20.562199999403674
19.203900003049057
21.389499997894745
20.14449999842327
19.737000002351124
20.575800001097377
20.723999994515907
18.79439999902388
19.94890000059968
30.026799999177456
19.745999998121988
20.42049999727169
21.775099994556513
18.960200002766214
21.781800001917873
20.63579999958165
19.94189999822993
19.963900005677715
20.131500001298264
18.48969999991823
22.082900002715178
20.046400000865106
20.428000003448687
20.44979999482166
23.267000004125293
18.463099993823562
20.678799999586772
20.48520000244025
29.512099994462915
21.868799994990695
18.66850000078557
19.758899994485546
21.050100003776606
20.205900000291876
19.472699998004828
20.585799997206777
19.446099999186117
20.104600000195205
20.668299999670126
20.450699994398747
20.379900000989437
19.768899997870903
21.710699998948257
20.158799998171162
20.81479999469593
21.067800000309944
20.70589999493677
30.191899997589644
21.653100004186854
20.821300000534393
20.975599996745586
19.407400002819486
23.083799998858012
22.655300002952572
21.68560000427533
20.777199999429286
20.92160000029253
21.224000003712717
21.27479999762727
21.699999997508712
20.469600000069477
21.701400000893045
21.80499999667518
19.652999995741993
22.38680000300519
21.745300000475254
31.237399998644833
21.811499995237682
21.66840000427328
24.08770000329241
21.72910000081174
21.138000003702473
21.37130000483012
19.562000001315027
20.76870000018971
21.941799997875933
22.10140000534011
21.52570000180276
21.360299993830267
22.04649999475805
21.585900001809932
22.175400001287926
21.101700003782753
21.444500001962297
21.314600002369843
20.160899999609683
30.28440000343835
21.346399997128174
20.58009999745991
21.050499999546446
21.0637999989558
20.00450000195997
18.41209999838611
20.78379999875324
20.4301999983727
20.18750000570435
19.82539999880828
22.34790000511566
20.438299994566478
20.726000002468936
20.733999997901265
20.990199998777825
21.232499995676335
20.994999998947605
19.14849999593571
32.15949999867007
22.10919999924954
20.533999995677732
20.44200000091223
20.160799998848233
19.04620000277646
21.25049999449402
20.22700000088662
20.28460000292398
20.407999996677972
20.936699998856056
19.260399996710476
21.18460000201594
21.54859999427572
20.194299999275245
20.345800003269687
20.72050000424497
19.137600000249222
21.488999998837244
29.182199999922886
20.14950000011595
20.67900000110967
18.34410000446951
21.45629999722587
19.49400000012247
20.053799999004696
19.819900000584312
19.339400001626927
17.75610000186134
20.571000000927597
20.032699998409953
19.478499998513144
19.082700004219078
19.958900003985036
18.087399999785703
20.63310000085039
19.617899997683708
19.20329999848036
29.680999999982305
18.19170000089798
21.055900004284922
20.267100000637583
18.732500000623986
18.163900000217836
20.02840000204742
19.58569999987958
20.087700002477504
18.162499996833503
20.665600000938866
18.947600001411047
19.55630000156816
18.28609999938635
20.491799994488247
19.12360000278568
19.015800004126504
17.288699993514456
20.075399996130727
29.037700005574152
19.856099999742582
17.989300002227537
21.104100000229664
19.55889999953797
19.028299997444265
18.612100000609644
20.704999995359685
19.363800005521625
19.703199999639764
17.811099998652935
20.404000002599787
19.770400002016686
18.65430000179913
18.36419999744976
21.408000000519678
20.032200001878664
20.021200005430728
17.76909999898635
31.958499996108003
19.38499999960186
18.22340000217082
19.85630000126548
19.44260000163922
20.588399995176587
18.24099999794271
19.848399999318644
19.54140000452753
18.97570000437554
17.63339999888558
19.913599993742537
20.209099995554425
19.704299993463792
17.366000000038184
19.44789999834029
19.065000000409782
20.34339999954682
17.955800001800526
28.54510000179289
19.039600003452506
20.361400005640462
17.81959999789251
22.528200002852827
20.955700005288236
19.23969999916153
17.712100001517683
20.295000002079178
19.3001000006916
19.124999998894054
17.420700001821388
20.90699999826029
19.047000001592096
18.77569999487605
17.513799997686874
19.7866000016802
19.153799999912735
19.886599999153987
18.36850000108825
30.472400001599453
19.584600006055553
19.345599997905083
17.75439999619266
20.639800000935793
19.64580000640126
19.581400003517047
18.698800005950034
20.571400003973395
19.04800000193063
20.194600001559593
18.3956999971997
20.162999993772246
18.696700004511513
19.25370000390103
18.599299997731578
21.007400006055832
19.110799999907613
19.79580000624992
18.091300000378396
29.819000003044493
19.324500004586298
17.813899998145644
18.9470999976038
19.047599998884834
19.340299993928056
17.48859999497654
19.531499994627666
19.226100004743785
19.708699997863732
20.124599999689963
18.271599998115562
21.205900004133582
21.515000000363216
20.815500000026077
20.056000001204666
20.268400003260467
18.2451000000583
21.947300003375858
30.561799998395145
20.666399999754503
19.870500000251923
19.366400003491435
19.71670000057202
20.256399999198038
20.715900005598087
20.308200000727084
21.800599999551196
19.40440000180388
20.2145000002929
20.634900000004563
21.062799998617265
21.10769999853801
21.403700004157145
18.659800000023097
21.577899999101646
20.583699995768256
21.677199998521246
34.185700002126396
23.363200001767837
18.974200000229757
21.631499999784864
21.09310000378173
20.08590000332333
20.039900002302602
20.78379999875324
18.561899996711873
21.732400004111696
20.65450000372948
20.327500002167653
18.57919999747537
19.92719999543624
18.76819999597501
21.74620000005234
19.851299999572802
20.782799998414703
20.080299997061957
20.155099999101367
26.98759999475442
21.029399998951703
19.831599995086435
19.967100000940263
19.820800000161398
18.824999999196734
20.654299994930625
20.450500000151806
19.532999998773448
20.978200001991354
20.506600005319342
19.403899997996632
20.362099996418692
20.698299995274283
19.86870000109775
20.126499999605585
21.817599998030346
19.933600000513252
20.762699998158496
28.485699993325397
20.58219999889843
21.808299999975134
21.514899999601766
18.68539999850327
21.8892999982927
20.05490000010468
20.48790000117151
21.00109999446431
20.71349999459926
19.364599997061305
21.945600004983135
20.375799998873845
20.378399996843655
20.40560000023106
21.011200005887076
19.42330000019865
22.329900006297976
20.332000000053085
31.57620000274619
21.490200000698678
18.881099997088313
21.347800000512507
21.55749999656109
21.289800002705306
21.943899999314453
19.988300002296455
21.46849999553524
20.235299998603296
21.132300003955606
20.898799994029105
22.194799996213987
21.05640000081621
20.89660000638105
21.76609999878565
21.614499994029757
20.69840000331169
22.178899998834822
21.185700003115926
28.991999999561813
23.678799996559974
24.488100003509317
22.993200000200886
22.79090000229189
20.665799995185807
21.408699998573866
21.571099998254795
20.840400000452064
21.72679999785032
21.798699999635573
19.490200000291225
23.308399999223184
22.313599998597056
23.652299998502713
21.45149999705609
21.737700000812765
21.132499998202547
21.07619999878807
31.788100000994746
22.277299998677336
22.72349999839207
22.598899995500688
23.488999999244697
25.8761000004597
22.92979999765521
23.165099999459926
23.105000000214204
23.464600002625957
22.128800002974458
22.289299995463807
22.09679999941727
22.210099996300414
21.63569999538595
22.107500000856817
22.869899999932386
22.473500001069624
23.189100000308827
31.565499994030688
22.032599998055957
21.496300003491342
22.342299998854287
21.75399999396177
23.240299997269176
22.659900001599453
21.126100000401493
22.136400002636947
22.663400006422307
20.681000001786742
20.94230000511743
20.982799993362278
21.30310000211466
21.56979999563191
21.478900001966394
20.117300002311822
21.72219999920344
21.289100004651118
30.604799998400267
21.375200005422812
20.589800005836878
19.787699995504227
20.1156000039191
20.43489999778103
20.971099998860154
20.3378000005614
21.65130000503268
19.94589999958407
21.677600001567043
20.324400000390597
21.960400001262315
20.883999997749925
20.954200001142453
20.70850000018254
21.142000005056616
20.20730000367621
21.91589999711141
29.52270000241697
21.66189999843482
21.42199999798322
21.870799995667767
20.459800005482975
19.186099998478312
21.446500002639368
21.302900000591762
23.41100000194274
22.37339999555843
21.81150000251364
21.402299993496854
20.283000005292706
21.13709999684943
19.596400001319125
24.224600005254615
21.951000002445653
20.549499997287057
20.847200001298916
19.786099997872952
27.16089999739779
21.50670000264654
20.515399999567308
20.50739999685902
20.341399998869747
18.05610000155866
20.888200000626966
20.57319999585161
20.12739999918267
20.044199998665135
20.444299996597692
18.846200000552926
19.422700002905913
21.113000002515037
21.342899999581277
20.752800002810545
20.97409999987576
19.879400002537295
20.25370000046678
29.913500002294313
21.26719999796478
21.307299997715745
21.028499999374617
19.84779999474995
20.984599999792408
21.833900005731266
20.985499999369495
21.304400004737545
19.95399999577785
20.31810000335099
21.442400000523776
19.98960000491934
20.416399995156098
22.04619999974966
21.22159999998985
18.044099997496232
21.020299995143432
20.41340000141645
28.50380000018049
20.385199997690506
19.5607000059681
20.351099999970756
21.500200004084036
20.32189999590628
19.64140000200132
19.098599994322285
18.47029999771621
20.303500001318753
20.365000003948808
19.062599996686913
21.140099997865036
20.76859999942826
20.221399994625244
20.701699999335688
20.264399994630367
19.66070000344189
19.978800002718344
28.880999998364132
19.129500004055444
23.28770000167424
19.99249999789754
19.833799997286405
21.266099996864796
20.745699999679346
20.136400002229493
21.0668999934569
21.055500001239125
20.69379999738885
21.092699993459973
20.775299999513663
18.928700003016274
22.287599997071084
20.22249999572523
20.494299998972565
21.316599995770957
20.863800004008226
20.11349999520462
33.14030000183266
22.058500006096438
20.85090000036871
20.56560000346508
20.86070000223117
22.230700000363868
22.55969999532681
21.111599999130704
19.648600005893968
21.221700000751298
19.056899996940047
19.618399994214997
20.34369999455521
20.852399997238535
19.577799997932743
20.46160000463715
20.012699998915195
20.069800004421268
19.120299999485724
28.725999996822793
17.87250000052154
20.294299996749032
19.663900005980395
18.97389999794541
19.33850000204984
20.08590000332333
18.952900005388074
19.29730000119889
19.369100002222694
19.33870000357274
20.844500002567656
20.702499998151325
18.437799997627735
19.64379999844823
20.130500000959728
19.875300000421703
21.633800002746284
21.162000004551373
18.884900004195515
30.576299999665935
22.122299997135997
21.07350000005681
21.430300002975855
20.94260000012582
19.098599994322285
21.493699998245575
20.00170000246726
22.718599997460842
19.92380000592675
20.07969999976922
18.877399998018518
21.70520000072429
20.7760999983293
19.615099998191
20.110900004510768
21.54069999960484
18.9133000021684
21.933999996690545
30.5030999952578
20.777300000190735
20.340900002338458
18.193199997767806
21.026599999458995
20.15659999597119
19.899699997040443
20.830900000873953
20.155300000624266
19.086300002527423
21.04890000191517
20.792199997231364
19.841999994241633
20.562500001688022
21.306700000423007
20.460100000491366
20.934799998940434
20.40069999929983
19.998600000690203
30.6715000042459
21.36679999966873
19.95819999865489
21.938999998383224
21.27689999906579
21.770999999716878
22.11379999789642
20.846899999014568
19.828800002869684
21.94959999906132
20.41290000488516
22.156799997901544
22.633799999312032
21.854799997527152
20.38670000183629
23.155899994890206
21.702199999708682
22.270800000114832
19.8177000056603
20.233199997164775
26.75240000098711
19.64340000267839
20.485499997448642
21.672499999112915
22.135499995783903
20.24150000215741
21.619400002236944
20.733500001369976
20.426199997018557
20.82680000603432
20.236800002749078
20.072699997399468
21.07100000284845
19.540900000720285
20.06260000052862
20.47139999922365
21.458800001710188
21.674699994036928
21.17790000193054
19.231099999160506
30.740800000785384
21.82860000175424
20.922499999869615
21.834999999555293
20.72780000162311
21.220300004642922
22.16249999764841
19.533300001057796
21.3274999987334
20.9716000026674
20.634399996197317
20.661999995354563
20.460300002014264
18.68290000129491
20.647499994083773
21.06159999675583
20.983199996408075
20.74729999731062
21.803299998282455
18.83809999708319
29.69610000582179
20.547300002363045
20.155400001385715
21.744300000136718
21.73759999277536
18.650400001206435
22.766699999920093
20.669199999247212
21.671099995728582
20.1251999969827
20.286600003601052
20.423499998287298
22.547900000063237
20.16870000079507
20.46409999456955
21.204800003033597
21.40559999679681
19.53520000097342
21.98820000194246
30.164299998432398
21.485199999006
21.58870000130264
19.14770000439603
21.110800000315066
20.89410000189673
21.35400000406662
20.985800001653843
21.162100005312823
20.989999997254927
19.60300000064308
23.298499996599276
21.479199996974785
21.26200000202516
20.562099998642225
20.745699999679346
19.17479999974603
22.182400003657676
20.60899999924004
30.148400001053233
20.824800005357247
20.13710000028368
20.839400000113528
19.54719999775989
20.72079999925336
20.600999996531755
19.913900003302842
19.32890000171028
19.85640000202693
20.07179999782238
20.649299993237946
20.412199999555014
19.601499996497296
19.567600000300445
19.891799995093606
20.64020000398159
20.522899998468347
22.30940000299597
30.195999999705236
20.09340000222437
21.06900000217138
19.102500002190936
20.626200006518047
20.688399999926332
19.468300000880845
19.54729999852134
21.266499999910593
20.35549999709474
20.425400005478878
20.02080000238493
20.3821999966749
19.91739999357378
21.42160000221338
19.988500003819354
20.4202000022633
19.93429999856744
20.88530000037281
19.69219999591587
30.57989999797428
19.938599994929973
19.847499999741558
19.714699999894947
18.7214000034146
20.145599999523256
20.33760000631446
20.498500001849607
21.742299999459647
19.700000004377216
18.72870000079274
19.93929999298416
20.185000001220033
20.271199995477218
21.568000003753696
22.255099996982608
19.462300006125588
20.937999994202983
21.17519999592332
30.70010000374168
20.932299994456116
22.023100005753804
19.199499998649117
21.83560000412399
20.236099997418933
21.28630000515841
19.765500001085456
21.347600006265566
19.018200000573415
22.35389999987092
19.99470000009751
20.53650000016205
20.28229999996256
20.339000002422836
18.35399999981746
21.50499999697786
19.843899994157255
21.133100002771243
28.792700002668425
19.85889999923529
20.02560000255471
20.148800002061762
20.286099999793805
21.069200003694277
20.834999995713588
20.974299994122703
19.91940000152681
21.87209999829065
21.009299998695496
20.46429999609245
19.946899999922607
19.492700004775543
20.305400001234375
20.22440000291681
19.323699998494703
22.651500003121328
21.988400003465358
19.24410000356147
31.140400002186652
21.28909999737516
21.055000004707836
20.53650000016205
21.261499998217914
18.953799997689202
21.36159999645315
22.15060000162339
20.537999997031875
21.631800002069212
20.907999998598825
20.8271999945282
20.458300001337193
21.482900003320538
21.736900001997128
20.952200000465382
20.580600001267157
21.97139999771025
20.98610000393819
30.646200000774115
22.904099998413585
21.674999996321276
21.10710000124527
20.733900004415773
22.621100004471373
22.071300001698546
20.73959999688668
21.987300002365373
22.27390000189189
24.069700004474726
21.20199999626493
20.80279999790946
21.926800000073854
23.179000003437977
22.09949999814853
21.75369999895338
20.58029999898281
21.253200000501238
22.529100002429914
29.05599999940023
22.302199999103323
23.135999996156897
21.52639999985695
21.926599998550955
21.067399997264147
21.079300000565127
21.689899993361905
21.270799996273126
21.12269999634009
22.814199997810647
20.76649999798974
21.38320000085514
22.269699999014847
21.730699998443015
21.662599996489007
21.440500000608154
20.2999999964959
21.139700002095196
30.634599999757484
19.8619000002509
22.83059999899706
20.983700000215322
20.715000006021
22.630200001003686
22.05820000381209
20.360499998787418
22.361399998771958
19.734399997105356
20.884400000795722
20.76849999866681
20.895499998005107
21.00570000038715
21.67339999869
19.175999994331505
20.57819999754429
20.158100000116974
19.99299999442883
30.372799999895506
20.389700002851896
19.809400000667665
23.352099997282494
20.619599999918137
20.52199999889126
21.38559999730205
20.327099999121856
20.95549999648938
19.425400001637172
22.4549000049592
21.60349999758182
21.27650000329595
20.65489999949932
21.14160000201082
20.78120000078343
20.842199999606237
21.81850000488339
22.346900004777126
24.80959999957122
27.982599996903446
22.7727999954368
22.224500004085712
21.98830000270391
22.08020000398392
22.914199995284434
20.871699998679105
19.366699998499826
21.219300004304387
20.631799998227507
21.166899998206645
21.986899999319576
20.8753999977489
20.323199998529162
19.056800003454555
20.986199997423682
20.22249999572523
20.2417999971658
22.190100004081614
30.9110000016517
19.440800002485048
22.05569999932777
21.213200001511723
20.91600000130711
21.25499999965541
21.31609999923967
21.956000004138332
21.442199999000877
21.43680000153836
21.66140000190353
21.200400005909614
21.641100000124425
20.77179999469081
21.337600002880208
21.616199999698438
20.678300003055483
22.396300002583303
21.984999999403954
31.451399998331908
23.660999999265186
24.2870000001858
20.523500003037043
20.97409999987576
20.968500000890344
21.416700001282152
21.394499999587424
22.59050000429852
21.45330000348622
23.31100000446895
21.805599993967917
21.76230000623036
21.4440999989165
21.731499997258652
20.5197000032058
22.23509999748785
23.58539999841014
24.116900000080932
32.35570000106236
20.87079999910202
20.788500005437527
21.098600002005696
20.407000003615394
18.512899994675536
20.889499995973893
21.263699993141927
20.702300003904384
23.50480000313837
22.139900000183843
21.060399994894397
20.565700004226528
20.436099999642465
19.187000005331356
21.251799997116905
20.618099995772354
21.856300001672935
21.70530000148574
20.792099996469915
28.38799999881303
20.653100000345148
21.88140000362182
20.9577999994508
20.731800002977252
21.456599999510217
19.38019999943208
21.29840000270633
21.26249999855645
21.15100000082748
20.685999996203464
20.03349999722559
19.14480000414187
20.145599999523256
20.53449999948498
20.453000004636124
20.31849999912083
21.65699999750359
19.49839999724645
29.835200002708007
20.995799997763243
21.272800004226156
22.36799999809591
21.850900004210416
21.121799996763002
21.989200002280995
21.475600005942397
21.336000005248934
21.096200005558785
22.734000005584676
21.191200001339894
21.803199997521006
21.5332000007038
21.053999997093342
21.442099998239428
21.508499994524755
21.575400001893286
21.231300001090858
31.805799997528084
24.306500003149267
22.124399998574518
21.576200000708923
22.608100000070408
22.67540000320878
20.635399996535853
22.799699996539857
20.645800002967007
21.285099996021017
22.262200000113808
21.27710000058869
21.089500005473383
22.836500000266824
21.142899997357745
22.20089999900665
22.67280000523897
20.659299996623304
21.25990000058664
18.600299998070113
29.77219999593217
21.190300001762807
22.035799993318506
20.121200002904516
20.820899997488596
21.25059999525547
19.26850000018021
20.94550000037998
20.45189999626018
20.181799998681527
21.265800001856405
21.430300002975855
20.948400000634138
21.473799999512266
20.32790000521345
20.64799999789102
20.2586999948835
22.02440000110073
20.373799998196773
30.01380000205245
20.638700007111765
23.14029999979539
21.461399999679998
20.500800004811026
18.579600000521168
22.794500000600237
21.193199994741008
19.863599998643622
20.777999998244923
19.95040000474546
18.02319999842439
22.01999999670079
19.56429999700049
20.60390000406187
20.87310000206344
19.8856999995769
18.740499996056315
22.702800000843126
29.64100000099279
19.849700001941528
20.61360000516288
18.485499997041188
20.76659999875119
20.620399998733774
19.99769999383716
20.62329999898793
21.49490000010701
18.808200002240483
20.276800001738593
21.12959999794839
20.016099995700642
20.66690000356175
20.471700001507998
18.767000001389533
22.373300002072938
21.355599994421937
22.056500005419366
32.68309999839403
21.227299999736715
20.807099994271994
20.503699997789226
20.899800001643598
19.827299998723902
20.30419999937294
20.734699995955452
18.326000004890375
20.43029999913415
21.333400000003166
20.760699997481424
19.954600000346545
19.87329999974463
17.769999998563435
21.987399995850865
20.390400000906084
19.342899999173824
19.446400001470465
29.96300000086194
18.418100000417326
21.912300006079022
19.46440000028815
19.33380000264151
18.09950000460958
18.99589999811724
19.915500000934117
20.394599996507168
20.155700003670063
20.02350000111619
18.481400002201553
20.455300000321586
19.773300002270844
19.836699997540563
19.33899999858113
20.68419999704929
17.958500000531785
19.117299998470116
28.747099997417536
21.046599998953752
20.55580000160262
20.02590000483906
17.771899998479057
20.991800003685057
20.334599998022895
19.513800005370285
19.733799999812618
20.60370000253897
18.8475999966613
22.37089999835007
20.220600003085565
20.058100002643187
19.652000002679415
19.615299999713898
17.67950000066776
22.906600002897903
20.39360000344459
28.446600001188926
19.807599994237535
19.331099996634293
19.297399994684383
19.069000001763925
19.892399999662302
17.8343000006862
19.468400001642294
19.915900003979914
18.461600004229695
20.58709999982966
20.965700001397636
20.861700002569705
21.80009999574395
18.832699999620672
19.927599998482037
19.276999999419786
18.94650000031106
20.2149000033387
17.936799995368347
30.460199996014126
19.793399995251093
19.703099998878315
18.698200001381338
18.186000001151115
20.173599994450342
19.65589999599615
19.962300000770483
20.744299996295013
18.15030000580009
21.580300002824515
19.73780000116676
21.028700000897516
19.94360000389861
17.39169999927981
20.4714999999851
20.70570000068983
20.171600001049228
18.125700000382494
28.885400002764072
19.00020000175573
19.860200001858175
18.96390000183601
20.685100003902335
19.88340000389144
20.57539999805158
21.13890000327956
22.15750000323169
20.790900001884438
20.426499999302905
19.098200005828403
20.835099996475037
19.94150000246009
19.231799997214694
18.365299998549744
20.71040000009816
20.525699997961055
20.295499998610467
28.10680000402499
19.003600005817134
19.567900002584793
19.300799998745788
20.253900001989678
19.79189999838127
19.868399998813402
18.193400006566662
19.56600000266917
19.898599995940458
20.65079999738373
19.12599999923259
20.198500002152286
19.293899997137487
22.071799998229835
21.64440000342438
20.965800002159085
20.089400000870228
19.569299998693168
18.651200000022072
30.217600004107226
22.160799999255687
20.216400000208523
20.044199998665135
18.11019999877317
20.131199999013916
19.729100000404287
19.38469999731751
19.27839999552816
19.290800002636388
20.256200004951097
19.73139999608975
20.501300001342315
17.428300001483876
18.94449999963399
18.531900001107715
19.24989999679383
18.23560000048019
19.845399998303037
28.420200003893115
21.934299998974893
18.61240000289399
20.97650000359863
19.754399996600114
19.322899999679066
17.91360000061104
19.11590000236174
19.40949999698205
19.983899997896515
19.40209999884246
20.41820000158623
18.550700006016996
19.857999999658205
19.957999997131992
20.55570000084117
20.012399996630847
19.276899998658337
18.362100003287196
29.73839999322081
20.220699996571057
22.00069999526022
19.80780000303639
20.516099997621495
18.517600001359824
21.949099995254073
20.700699998997152
20.01120000204537
20.063199997821357
21.489099999598693
19.5568999988609
21.39109999552602
20.028700004331768
20.52110000659013
20.07249999587657
21.268000004056375
19.7212999992189
24.6807000003173
32.45249999599764
22.524299994984176
23.199300005217083
22.689299999910872
18.7004999970668
20.297200004279148
20.869699998002034
20.644199998059776
19.810099998721853
20.862200006376952
19.575199999962933
20.401900001161266
19.94330000161426
20.81680000264896
20.738400002301205
20.281400000385474
19.775599997956306
20.18790000147419
20.61590000084834
29.894599996623583
20.672500002547167
21.28919999813661
19.575699996494222
22.047300000849646
20.574099995428696
20.84869999816874
20.314699999289587
21.3378999978886
19.483399999444373
21.594000005279668
20.092999999178573
21.87679999769898
21.44090000365395
22.498099999211263
19.34849999815924
21.710599998186808
20.8141000039177
19.83520000067074
30.866799999785144
18.484100000932813
20.242600003257394
20.02840000204742
20.19519999885233
19.386799998756032
19.440199997916352
19.166799997037742
20.066799996129703
18.86969999759458
17.9747000001953
18.245999999635387
20.614300003217068
19.53539999522036
19.325100001879036
18.014000001130626
20.559399999910966
19.34880000044359
19.64820000284817
17.045500004314817
29.189600005338434
19.451200001640245
19.11439999821596
18.316200003027916
19.25459999620216
18.438300001434982
18.35690000007162
17.65940000041155
21.147100000234786
19.715599999472033
20.70359999925131
18.08609999716282
21.60379999986617
19.562700006645173
18.96959999430692
18.590300001960713
19.742299999052193
19.46769999631215
18.865199999709148
17.547199997352436
29.19590000237804
20.96519999759039
20.288300001993775
20.89739999792073
21.338699996704236
22.52569999836851
19.231500002206303
19.771300001593772
17.683199999737553
19.398100004764274
19.149000007018913
18.914099993708078
18.083700000715908
18.935699998110067
19.052799994824454
20.049899998412002
18.960299996251706
19.310399999085348
19.71429999684915
30.019199999514967
19.620899998699315
18.43800000642659
22.0128000000841
19.92910000262782
19.92900000186637
18.604400000185706
20.779300000867806
18.632900006195996
18.836900002497714
18.196099998021964
20.04579999629641
19.41639999859035
19.43349999783095
17.711899999994785
21.32250000431668
19.233099999837577
19.105999999737833
17.402899997250643
30.711100000189617
20.412400001077913
19.35310000408208
19.553399994038045
20.1463000048534
19.91779999661958
18.537299998570234
22.174800003995188
19.5638000004692
20.313199995143805
18.3686000018497
21.87709999998333
19.36250000289874
19.498000001476612
19.393000002310146
17.59969999693567
20.767300004081335
19.154399997205473
19.991599998320453
29.77190000092378
18.715500002144836
20.808000001125038
19.211600003472995
19.480700000713114
17.16139999916777
19.419800002651755
19.731799999135546
19.403000005695503
19.846000002871733
17.87060000060592
21.312099997885525
19.782800001848955
19.15210000152001
18.311700005142484
21.650299997418188
18.979599997692276
19.083500003034715
16.90430000599008
30.800900000031106
20.077499997569248
19.69239999743877
17.86260000517359
21.379599995270837
19.992400004412048
19.700299999385606
17.649499997787643
20.239999998011626
20.22900000156369
19.1283999956795
18.48249999602558
19.543800000974443
19.609399998444133
21.72689999861177
18.81330000469461
20.81449999968754
19.995800001197495
21.28190000075847
18.229000001156237
31.795599999895785
19.50100000249222
19.631900002423208
17.2655999995186
20.670600002631545
19.01470000302652
20.53919999889331
17.478700006904546
19.998399999167304
19.40409999951953
20.141499997407664
17.455799999879673
20.919599999615457
19.274500002211425
20.133300000452437
16.717699996661395
20.72790000238456
18.681699999433476
18.982599998707883
18.563899997388944
29.300600006536115
19.434000001638196
20.119699998758733
17.012500000419095
20.513399998890236
20.031400003063027
19.246699994255323
18.746400004602037
17.62849999795435
21.183299999393057
19.414599999436177
19.2347999982303
19.835700004477985
21.673299997928552
21.346200002881233
18.99299999786308
17.79960000567371
18.765900000289548
19.31950000289362
28.720299997075927
18.624299998919014
20.491600000241306
19.862100001773797
19.434599998930935
17.780099995434284
22.44250000512693
19.948399996792432
20.278100004361477
19.606300003943034
19.698600000992883
17.62099999905331
22.158900006616022
19.305699999677017
19.34849999815924
19.33380000264151
19.204700001864694
18.077300002914853
21.872400000575
28.715200001897756
20.456800004467368
19.54209999530576
18.957499996758997
19.80570000159787
19.15469999948982
19.14740000211168
19.785399999818765
17.7177000005031
20.21210000384599
19.82300000236137
20.12000000104308
17.83879999857163
20.45180000277469
19.34610000171233
20.061099996382836
18.542499994509853
21.21120000083465
18.7727000011364
18.987600000400562
26.161199995840434
18.392199999652803
19.766899997193832
18.140500003937632
18.60770000348566
18.175700002757367
19.57040000706911
17.248199997993652
18.434500001603737
18.84290000452893
18.266300001414493
17.26750000671018
19.086399996012915
18.504899999243207
19.39410000341013
17.825299997639377
19.28339999722084
19.02680000057444
19.066399996518157
18.046699995466042
28.614499999093823
19.161199998052325
19.19649999763351
18.87919999717269
19.26359999924898
19.24000000144588
18.342300005315337
17.857500002719462
20.590300002368167
19.71689999481896
19.86649999889778
17.203299998072907
20.911999999952968
19.24910000525415
19.5086999956402
18.855400005122647
19.967100000940263
18.02759999554837
19.312900003569666
17.830700002377853
29.305700001714285
19.05070000066189
18.60760000272421
18.186300003435463
20.671099999162834
18.522300000768155
19.918199999665376
18.25960000132909
19.32420000230195
19.118299998808652
18.953599996166304
17.72989999881247
20.172899996396154
19.77700000134064
18.73619999969378
17.360300000291318
20.25359999970533
19.86110000143526
19.269600001280196
17.26090000011027
29.861999995773658
20.052399995620362
17.46380000258796
20.024299999931827
19.478299996990245
19.114900002023205
17.947100001038052
19.064899999648333
19.027599999390077
21.05929999379441
18.509599998651538
19.22700000432087
19.356999997398816
19.32469999883324
19.0772999994806
20.128799995291047
21.407700005511288
23.541299997305032
21.72240000072634
18.57890000246698
29.439799996907823
19.093099996098317
19.751200001337565
18.841999997675885
20.042299998749513
19.77420000184793
19.819699999061413
17.692599998554215
20.873300003586337
18.996699996932875
21.026299997174647
19.445800004177727
19.337000005180016
17.835099999501836
21.07629999954952
20.108999997319188
19.410499997320585
18.83570000063628
19.664299994474277
18.078700006299186
30.900899997504894
20.873900000879075
22.717100000591017
20.27770000131568
21.074399999633897
21.24809999804711
19.15430000371998
19.610600000305567
18.024299999524374
21.413000002212357
21.1875000022701
19.821900001261383
20.920199996908195
21.22580000286689
19.688599997607525
25.156000003335066
27.594899998803157
24.843999999575317
26.206399998045526
22.628599996096455
37.239400000544265
23.402500002703164
24.67150000302354
22.156999999424443
23.32659999956377
24.829499998304527
22.34350000071572
20.04740000120364
19.441100004769396
18.39990000007674
19.80310000362806
18.13170000241371
21.48549999401439
20.15440000104718
20.162900000286754
19.962300000770483
18.853900000976864
19.84499999525724
20.007200000691228
28.257899997697677
19.131300003209617
17.866000001959037
19.877899998391513
19.475799999781884
18.64460000069812
19.604100001743063
19.971800000348594
17.720900003041606
20.301299999118783
19.330600000103004
19.391100002394523
19.860000000335276
21.75120000174502
18.21609999751672
21.155200003704522
21.145400001842063
21.69819999835454
19.112699999823235
17.737699999997858
28.992399995331652
19.23749999696156
19.281900000351015
17.423500001314096
20.793499999854248
20.008100000268314
19.661500002257526
20.288100000470877
17.79510000051232
21.63730000029318
19.76519999880111
20.443100002012216
20.324899996921886
20.189299997582566
18.246600004204083
20.857200004684273
19.13069999864092
20.0914000015473
19.816899999568705
19.49579999927664
29.371299999183975
19.398700002057012
18.74590000079479
20.167599999695085
19.47650000511203
19.340099999681115
17.3817999966559
19.617700003436767
19.472400002996437
18.38119999592891
18.047500001557637
19.185199998901226
18.746800000371877
18.88139999937266
18.067699995299336
19.25620000110939
18.89139999548206
19.864400004735216
21.70819999446394
17.97670000087237
29.980899998918176
19.185199998901226
19.96839999628719
17.84380000026431
19.969200002378784
19.756899993808474
18.08789999631699
18.038100002740975
21.052899995993357
19.294400000944734
18.895799999882
17.043899999407586
21.130799999809824
19.66800000082003
20.692799997050315
18.171499999880325
20.979900000384077
19.114599999738857
20.17609999893466
18.15080000233138
30.552899996109772
19.09699999669101
17.695499998808373
18.858800001908094
19.66030000039609
19.19099999940954
17.720700001518708
19.073399998887908
18.595300003653392
18.773600000713486
17.586999994819053
20.690700002887752
19.606300003943034
18.808699998771772
18.026899997494183
18.396500003291294
18.805100000463426
20.540299999993294
18.04709999851184
29.385200003162026
19.01229999930365
19.27129999967292
18.386700001428835
20.828200002142694
19.27550000254996
20.535099996777717
18.187400004535448
20.530000001599547
20.57529999729013
19.451899999694433
17.284399997151922
20.123599999351427
19.56139999674633
18.4235000051558
17.513999999209773
20.278299998608418
19.49140000215266
17.765399999916553
18.625600001541898
27.88029999646824
19.536299994797446
19.529400000465102
17.562200002430473
19.748200000321958
18.626999997650273
18.934100000478793
17.646000000240747
20.10580000205664
18.85920000495389
19.25910000136355
17.30449999740813
20.467799993639346
18.981200002599508
17.593600001418963
17.053499999747146
20.20720000291476
18.174299999373034
18.183499996666797
17.295500001637265
33.66529999766499
18.474600001354702
17.93290000205161
18.274800000654068
18.258800002513453
18.979699998453725
16.531100001884624
18.92240000597667
18.348599995078985
17.605799999728333
16.51059999858262
18.944900002679788
18.728399998508394
18.938399996841326
16.088700002001133
18.992299999808893
18.437899998389184
18.27400000183843
16.28319999872474
29.56530000665225
18.853900000976864
19.104999999399297
18.068099998345133
20.866499995463528
18.87840000563301
20.010499996715225
17.406999999366235
23.959500002092682
21.14150000124937
23.026300004858058
17.52940000005765
20.726400005514733
19.656700002087746
18.91279999836115
16.606499993940815
19.93670000229031
18.672500002139714
18.83359999919776
16.87159999710275
28.452200000174344
19.860600004903972
20.552200003294274
18.101100002240855
21.02040000318084
21.610399999190122
20.452999997360166
19.213999999919906
20.368800003780052
19.688300002599135
19.03170000150567
17.194300002302043
21.66239999496611
20.029200000863057
20.15259999461705
17.92790000035893
21.186099998885766
21.55309999943711
20.966500000213273
28.83509999810485
20.36729999963427
18.641199996636715
21.118800003023352
19.786800003203098
19.396100004087202
19.49080000485992
17.596199999388773
20.673300001362804
19.683900005475152
20.169600000372157
18.815399998857174
19.269999997050036
19.562900000892114
19.483899995975662
19.342400002642535
17.486100005044136
20.82940000400413
23.711900001217145
37.83669999393169
24.16570000059437
22.933799999009352
20.956600004865322
24.511199997505173
24.394500003836583
22.321799995552283
20.083099996554665
20.613199994841125
18.345600001339335
22.8860999995959
20.60199999687029
22.444399997766595
20.30160000140313
19.901500003470574
18.340800001169555
20.82160000281874
20.516699994914234
19.035799996345304
29.29479999875184
20.36940000107279
20.3477999966708
19.764900003792718
19.5780000067316
19.901899999240413
19.69960000133142
19.509499994455837
18.787500004691537
19.277400002465583
21.60310000181198
19.75490000040736
19.864899993990548
18.065500000375323
19.61709999886807
19.240100002207328
18.85760000004666
19.577899998694193
18.29360000556335
29.88980000372976
19.850399999995716
18.299299998034257
19.141900003887713
20.685700001195073
19.552600002498366
19.888800001353957
19.02900000277441
17.64779999939492
21.58659999986412
21.428000000014435
20.93639999657171
22.82359999662731
22.000800003297627
22.345699995639734
21.438399999169633
20.493700001679827
20.51160000701202
20.058000001881737
19.122800003970042
30.600499994761776
20.873599998594727
20.450600000913255
20.646899996791035
20.261899997422006
21.007299998018425
23.525399999925867
22.995799998170696
23.180500000307802
23.268500000995118
22.787600006267894
19.388100001378916
21.469300001626834
24.497999998857267
23.180399999546353
22.932899999432266
21.638400001393165
18.41470000363188
21.665200001734775
29.883600000175647
19.303300003230106
20.43749999575084
18.40519999677781
20.24399999936577
19.957500000600703
19.08959999855142
19.97960000153398
20.133300000452437
18.809400004101917
20.53149999846937
19.224000003305264
21.09790000395151
17.908499998156913
19.68940000369912
19.912900002964307
18.66840000002412
17.32349999656435
19.264200003817677
28.665300000284333
20.438300001842435
19.02939999854425
20.949300000211224
19.98040000034962
18.76310000079684
17.96979999926407
21.32829999754904
19.70659999642521
19.415000002481975
16.794000002846587
20.367899996927008
19.327699999848846
19.77400000032503
17.881500003568362
21.664799998688977
19.398199998249765
18.999799998709932
18.120900000212714
29.648099996848032
20.2826999957324
18.570100000943057
17.55599999887636
19.96289999806322
18.532499998400453
20.948100005625747
19.01979999820469
20.880999996734317
19.40669999748934
20.051300001796335
18.12699999572942
20.62609999848064
18.528099994000513
18.957800006319303
17.28749999892898
20.152800003415905
18.916299995908048
18.121099994459655
17.462499999965075
28.60810000129277
19.845200004056096
17.777000000933185
20.04300000407966
20.084999996470287
22.34899999893969
18.989299998793285
20.135400001890957
19.078000004810747
18.151500000385568
18.002899996645283
19.98749999620486
19.481099996482953
18.781300001137424
17.264799993427005
19.439199997577816
18.578000002889894
19.723099998373073
18.563099998573307
28.35400000185473
20.479099999647588
19.604199995228555
17.535999999381602
20.032400003401563
19.332600000780076
19.483500000205822
17.79050000186544
21.011000004364178
19.19869999983348
18.938799999887124
19.565700000384822
20.37719999498222
20.36480000242591
18.367899996519554
17.51489999878686
20.49290000286419
19.047300003876444
18.763699998089578
17.094999995606486
29.003799994825386
18.59899999544723
18.732700002146885
16.937399996095337
19.666000000142958
18.619299997226335
19.657600001664832
17.037799996614922
19.956799995270558
17.988200001127552
19.16479999636067
17.282900000282098
19.7111000015866
19.081099999311846
18.048600002657622
17.588299997441936
20.240400001057424
18.682099995203316
20.67890000034822
17.4881999992067
33.03320000122767
21.503300005861092
20.175699995888863
22.67769999889424
20.853299996815622
18.793600000208244
23.153499998443294
21.444899997732136
20.02070000162348
21.270299999741837
20.509099995251745
18.715100006374996
21.476699999766424
20.431500000995584
20.013200002722442
18.817399999534246
19.63419999810867
18.6662999985856
18.5498999999254
16.334899999492336
33.49449999950593
23.141300000133924
21.44399999815505
19.659600002341904
23.326700000325218
21.246700001938734
19.417899995460175
18.735500001639593
18.270799999299925
18.384299997705966
17.01820000016596
18.732199998339638
19.027399997867178
18.163799999456387
16.05109999945853
20.510800000920426
18.977600004291162
17.32859999901848
19.853500001772773
28.08319999894593
18.564199999673292
17.29190000332892
19.516100001055747
18.15840000199387
15.771399994264357
20.075300002645236
18.401900000753812
17.411000000720378
19.995200003904756
17.85599999857368
16.91230000142241
20.305500001995824
18.505399995774496
16.530599998077378
19.610999996075407
18.29870000074152
16.57849999901373
20.28299999801675
27.864399999089073
16.814099995826837
20.48600000125589
18.483799998648465
16.63939999707509
19.25380000466248
18.22169999650214
17.50039999751607
19.25420000043232
18.016299996816088
17.32820000324864
18.59609999519307
18.25239999743644
16.89339999575168
18.894900000304915
18.90080000157468
19.18870000372408
17.59499999752734
20.070099999429658
18.870700005209073
26.073699998960365
19.569399999454618
17.36450000316836
18.309999999473803
17.825800001446623
16.20339999499265
17.644200001086574
18.334000000322703
16.54680000501685
18.379900000581983
19.588200004363898
16.34310000372352
18.319000002520625
18.801199999870732
16.43550000153482
18.122699999366887
19.190899998648092
20.779599995876197
19.31420000619255
28.34209999855375
17.167500001960434
19.435199996223673
21.384700005000923
18.97340000141412
23.638800004846416
20.881800002825912
19.41369999985909
22.14749999984633
21.600100000796374
18.759400001727045
18.72909999656258
17.312799995124806
16.285700003209058
19.18100000330014
17.997300004935823
15.856099998927675
19.799500005319715
17.535600003611762
16.545800004678313
27.6162000009208
17.31370000197785
16.64790000359062
20.095299994864035
17.896400000608992
16.41080000263173
19.000400003278628
18.882399999711197
15.911800001049414
19.3481000023894
18.704100002651103
16.795000003185123
19.970900000771508
18.065699994622264
16.429600000265054
19.478400005027652
18.30540000082692
16.349800003808923
19.376899996132124
30.259400002250914
21.112900001753587
22.371700004441664
19.504899995808955
18.923799994809087
23.88480000081472
20.60709999932442
18.099699998856522
19.71410000260221
18.074100000376347
17.19510000111768
22.107999997388106
23.39060000667814
19.884699999238364
19.700899996678345
18.90840000123717
17.799399996874854
20.300699994550087
18.168499998864718
16.785899999376852
29.461599995556753
19.37589999579359
17.30659999884665
19.366100001207087
19.1387999948347
16.816499999549706
19.490899998345412
18.610099999932572
17.31090000248514
19.615700002759695
19.30260000517592
16.41599999857135
19.635399999970105
18.401300003461074
20.883199998934288
23.371000002953224
20.69119999941904
17.837200000940356
20.915499997499865
20.501300001342315
27.458299999125302
20.81519999774173
16.06569999421481
17.37460000003921
18.248400003358256
15.932700000121258
17.83160000195494
17.718700000841636
16.627699995297007
17.540200002258644
17.857799997727852
16.4742999986629
17.36459999665385
16.79790000343928
15.761499998916406
17.567399998370092
17.605999993975274
16.72159999725409
17.416000002413057
28.7121000001207
16.82059999438934
19.501999995554797
18.947799995657988
17.77550000406336
19.73270000598859
18.12969999446068
16.45450000069104
19.678299999213777
18.292900000233203
17.14419999916572
18.696400002227165
17.704800004139543
16.899000002013054
20.208500005537644
18.19680000335211
17.397399999026675
18.326400000660215
17.910700000356883
17.11790000263136
29.164199993829243
18.43580000422662
16.449100003228523
19.214399995689746
18.411199998809025
16.53220000298461
20.27010000165319
17.747800004144665
16.792200003692415
18.548499996541068
18.178199999965727
16.67250000173226
19.540300003427546
17.746699995768722
16.05740000377409
18.72900000307709
17.30370000586845
16.104900001664646
19.997200004581828
26.13749999727588
17.109600004914682
19.144999998388812
17.63329999812413
16.55659999960335
18.4365999957663
17.779000001610257
15.947100000630599
19.60970000072848
18.116300001565833
16.02660000207834
19.367200002307072
17.274099998758174
15.781500005687121
18.343199997616466
18.57649999874411
15.61550000042189
18.809599998348858
17.609499998798128
15.909300003841054
28.09730000444688
15.803599999344442
18.813599999703
17.612600000575185
16.31220000126632
18.033299995295238
17.508999997517094
16.21589999558637
18.04239999910351
17.87020000483608
15.748800004075747
16.82059999438934
17.08340000186581
15.96389999758685
16.89079999778187
17.649399997026194
16.255099995760247
17.227000003913417
16.89039999473607
16.15000000310829
26.871100002608728
17.54879999498371
16.17180000175722
18.851300003007054
17.646699998294935
16.08969999506371
18.156699996325187
21.090000002004672
18.61950000602519
22.166099995956756
17.402099998435006
16.738799997256137
18.179699996835552
17.350999994960148
16.052699997089803
18.2213000007323
19.644200001494028
16.59520000248449
19.165199999406468
25.894400001561735
15.57640000100946
19.42119999876013
17.784900002880022
16.518800002813805
18.92510000470793
17.338700003165286
16.93439999507973
19.016199999896344
17.503700000816025
15.943500002322253
17.605200002435595
17.723299999488518
15.052700000524055
18.962299996928778
17.401800003426615
16.297299996949732
19.591599993873388
17.749999999068677
16.257000002951827
30.515200000081677
19.460499999695458
18.109199998434633
18.833800000720657
18.18240000284277
16.245099999650847
18.940499998279847
17.53170000301907
15.948699998261873
19.248499993409496
18.086599993694108
15.773599996464327
19.190599996363744
18.48289999907138
23.50289999594679
25.764099998923484
26.649200000974815
19.741699994483497
25.62490000127582
26.82539999659639
29.33840000332566
17.72999999957392
16.84640000166837
18.150199997762684
18.072499995469116
16.13379999616882
17.341500002657995
17.280899999605026
15.87130000552861
16.552499997487757
17.32569999876432
16.36250000592554
16.974400001345202
17.112599998654332
16.203500003030058
17.844500005594455
18.67570000467822
16.669199998432305
17.179599999508355
25.53539999644272
16.472399998747278
18.884500001149718
17.873300006613135
15.504799994232599
18.674799997825176
18.258699994476046
16.220700003032107
19.00319999549538
18.062200004351325
15.81129999976838
19.438800001807977
17.68669999728445
16.00670000334503
18.362200004048645
18.37359999626642
16.5082999956212
19.248700002208352
17.56310000200756
15.962799996486865
27.731499998481013
18.098900000040885
17.05020000372315
17.675900002359413
16.6488999966532
16.141200001584366
18.391199999314267
19.66819999506697
18.718999999691732
19.9265999981435
18.546100000094157
16.889500002434943
21.451799999340437
20.520600002782885
17.460600000049453
21.88130000286037
20.295899994380306
19.62459999776911
20.714899997983593
27.27469999808818
16.647600001306273
18.59330000297632
18.122300003597047
17.017899997881614
18.4168000050704
17.28459999867482
16.318199996021576
19.323100001201965
18.023700002231635
16.67779999843333
19.376700001885183
17.968300002394244
16.536000002815854
19.499900001392234
18.94959999481216
17.229600001883227
19.89060000050813
19.392700000025798
16.2930000005872
29.644000002008397
17.11030000296887
18.5470000069472
18.265999999130145
16.01680000021588
18.031599996902514
18.28389999718638
16.73500000470085
18.252900001243688
17.817700005252846
16.201900005398784
17.80270000017481
17.80470000085188
15.80419999663718
18.292100001417566
17.76580000296235
15.918800003419165
18.22909999464173
17.702000004646834
16.161000006832182
27.553600004466716
17.89439999993192
17.090200002712663
19.550700002582744
17.836999999417458
16.364800001611002
19.115399998554494
17.358199998852797
16.64040000468958
18.35610000125598
20.061399998667184
16.312799998559058
18.960099994728807
18.09529999445658
16.996199999994133
18.30579999659676
17.85840000229655
16.399899999669287
19.139199997880496
28.462100002798252
16.240800003288314
18.301700001757126
17.089900000428315
17.18559999426361
19.794899999396876
17.44930000131717
16.27330000337679
18.815999996149912
18.846099999791477
15.691500004322734
20.103099996049423
18.169700000726152
16.691799995896872
19.80869999533752
18.520300000091083
16.07190000504488
19.2490000044927
17.736200003128033
15.10200000484474
27.271600003587082
18.023700002231635
16.330500002368353
18.513100003474392
18.193700001575053
16.259500000160187
18.282000004546717
17.118399999162648
16.419400002632756
17.636799995671026
17.670699999143835
16.220800003793556
19.05070000066189
17.04500000050757
15.73639999696752
18.44419999542879
17.223799994098954
15.322499995818362
18.484499996702652
18.33759999863105
24.35729999706382
17.37860000139335
16.076300002168864
17.08399999915855
17.41059999767458
15.371499997854698
17.95459999993909
17.079200006264728
15.714799999841489
17.9504999978235
20.663900002546143
15.835099999094382
17.26579999376554
18.16580000013346
16.516700001375284
17.138299997895956
16.966700000921264
15.285300003597513
16.956699997535907
26.44470000086585
17.126799997640774
18.843500001821667
17.162399999506306
15.780200003064238
18.594200002553407
17.627000001084525
15.949599997838959
18.97099999769125
17.325299995718524
16.056300002674107
18.940399997518398
19.10959999804618
15.97530000435654
18.770800001220778
18.899499998951796
18.234600000141654
18.82909999403637
17.511499994725455
15.923099999781698
27.672900003381073
17.95280000078492
15.761700000439305
18.54050000110874
17.332399998849723
15.608499998052139
18.30379999591969
16.6867000007187
16.44119999400573
19.57099999708589
16.898999994737096
15.764699994178955
19.280100001196843
17.351500006043352
16.021299998101313
18.08840000012424
18.079800000123214
16.013799999200273
18.588300001283642
26.874200004385784
15.802400004758965
20.065699995029718
17.04450000397628
15.999000002921093
18.642600000021048
19.284600006358232
16.683999994711485
18.52879999933066
17.74699999805307
16.596900000877213
18.743100001302082
19.347200002812315
16.483900006278418
18.88650000182679
17.261599998164456
15.489099998376332
18.444100001943298
17.12280000356259
16.60730000003241
28.8042999964091
15.925300001981668
16.67250000173226
17.15689999400638
16.223099999479018
16.913599996769335
17.175100001622923
17.65509999677306
17.059300000255462
18.704599999182392
15.807900002982933
18.997099999978673
18.11190000444185
16.019199996662792
17.26310000231024
17.1252000000095
16.642000002320856
18.214399999123998
17.604400003619958
15.476300002774224
26.90279999660561
17.824099995777942
19.262800000433344
22.17670000391081
17.91170000069542
17.063299994333647
19.60950000648154
17.431699998269323
16.395600003306754
18.54069999535568
17.72019999771146
15.97139999648789
19.189300001016818
17.479000001912937
15.81859999714652
18.67280000442406
17.286100002820604
15.961500001139939
18.804999999701977
28.37250000447966
16.202300001168624
18.195899996499065
17.493999999715015
18.657700005860534
19.260699998994824
17.160499999590684
16.109900003357325
19.235200001276098
20.782199993846007
19.356800003151875
25.067499998840503
19.770800005062483
16.34330000524642
18.814700000802986
17.116799994255416
15.915200005110819
17.945900006452575
17.415199996321462
16.18189999862807
29.12050000304589
17.17770000686869
15.905899999779649
18.292900000233203
17.542200002935715
15.865599998505786
19.73079999879701
17.11749999958556
15.43859999947017
18.658100001630373
18.17480000318028
14.982200002123136
19.167999998899177
17.32079999783309
16.0903999931179
19.03959999617655
17.601800005650148
16.92159999947762
18.284600002516527
16.753799995058216
24.795299999823328
17.040700004145037
15.902500002994202
16.69269999547396
16.552599998249207
14.999999999417923
17.095299997890834
17.001800006255507
16.244999998889398
17.594700002518948
22.511600000143517
19.736200003535487
21.300000000337604
15.47759999812115
17.45200000004843
17.391900000802707
15.88400000036927
17.691900000500027
17.211799997312482
14.864400000078604
27.061599997978192
17.6597000026959
16.073600003437605
17.93789999646833
17.039600003045052
15.606900000420865
18.323299998883158
17.162700001790654
16.07470000453759
18.44350000465056
17.21019999968121
15.60359999712091
19.35360000061337
17.29160000104457
16.151999996509403
17.808399999921676
18.27439999760827
16.446000001451466
20.138699997914955
17.921799997566268
23.737900002743118
17.427099999622442
15.510500001255423
18.58160000119824
17.924400002812035
15.45089999854099
18.094300001394004
18.515200004912913
17.07680000254186
18.87650000571739
18.82869999826653
16.56189999630442
17.74140000634361
17.880799998238217
15.757399996800814
18.263199999637436
17.74450000084471
17.10280000406783
18.367100004979875
27.94999999605352
18.432699995173607
19.187900004908442
16.760500002419576
16.666899995470885
18.173999997088686
17.810600002121646
16.305800003465265
18.575800000689924
16.898600006243214
16.206500004045665
19.643099993118085
17.465799995989073
15.296999998099636
19.618400001490954
17.54429999709828
16.351000005670357
19.61019999725977
17.92600000044331
15.904200001386926
27.54859999549808
18.009400002483744
17.4710999999661
20.109599994611926
18.541600002208725
16.962499998044223
20.114399994781706
19.168799997714814
17.191099999763537
19.494699998176657
18.44359999813605
16.89749999786727
19.432799999776762
19.502199997077696
15.557700004137587
20.608099999662954
19.669000001158565
17.628800000238698
19.257700005255174
28.166199997940566
17.33819999935804
18.706999995629303
19.20619999873452
16.51270000002114
19.37280000129249
18.452100004651584
16.521800003829412
20.201500003167894
18.444200002704747
16.55429999664193
19.412500005273614
18.176699995819945
17.554300000483636
19.45020000130171
19.31250000052387
17.118799994932488
20.61909999611089
19.39190000121016
17.805899995437358
31.423599997651763
17.465299999457784
17.48059999954421
18.49180000135675
18.41979999881005
19.455699999525677
17.579100000148173
17.485099997429643
17.324400003417395
17.161700001452118
16.223200000240467
17.381800003931858
17.364399995130952
16.451399998913985
18.410600001516286
18.18009999988135
16.075799998361617
19.640300000901334
17.37899999716319
15.808299998752773
26.33110000169836
17.157900001620874
17.269000003580004
20.324700002674945
18.50620000186609
18.805200001224875
20.41260000260081
20.07190000585979
18.212499999208376
19.443600001977757
17.55570000386797
16.28030000574654
19.28559999942081
17.932599999767262
16.333100000338163
20.08149999892339
20.03079999849433
18.145099995308556
19.869900002959184
27.09350000077393
16.56129999901168
19.103200000245124
17.250299999432173
15.972399996826425
20.496699995419476
20.481899999140296
15.573500000755303
18.812800000887364
17.498499997600447
16.52019999892218
19.161299998813774
17.487699995399453
15.208199998596683
18.174099997850135
19.50379999470897
15.307699999539182
18.09979999961797
17.42750000266824
15.233899997838307
27.137600001879036
17.445100005716085
15.953699999954551
18.218499993963633
16.766599997936282
15.07859999401262
18.39490000566002
17.91199999570381
16.85919999727048
19.310200004838407
16.708299997844733
17.07419999729609
17.298300001129974
18.17319999827305
14.535199996316805
19.431300002906937
17.206299999088515
18.517000004067086
20.758300001034513
17.237899999599904
23.852999998780433
16.985599999316037
15.874600001552608
18.06629999919096
17.007400005240925
15.66599999932805
17.065400003048126
17.289099996560253
16.219500001170672
17.313199998170603
19.961500001954846
18.467499998223502
20.171999996819068
19.29540000128327
17.386600004101638
19.476100002066232
17.69320000312291
15.843499997572508
16.860000003362074
26.45039999333676
16.482300001371186
19.32200000010198
17.494300001999363
15.83579999714857
18.751899995550048
16.85939999879338
15.868599999521393
18.30799999879673
17.21199999883538
18.95660000445787
17.8343000006862
16.976599996269215
15.030299997306429
19.156399997882545
16.95800000015879
16.259600000921637
19.369100002222694
17.82950000051642
15.63690000330098
27.027000003727153
16.901700000744313
15.629100002115592
18.21139999810839
17.504399998870213
15.433300002769101
18.516800002544187
18.989700001839083
15.61990000482183
18.992499994055834
17.5842000026023
16.14999999583233
18.04950000223471
17.676199997367803
16.519400000106543
19.908000002033077
19.156200003635604
17.95729999867035
21.610299998428673
29.96490000077756
18.291899999894667
21.215000000665896
17.24550000653835
17.529700002341997
19.30759999959264
17.595400000573136
16.053899998951238
17.862100001366343
17.404199999873526
14.96150000457419
18.132400000467896
17.823900001531
15.176799999608193
19.006499998795334
17.43529999657767
16.81310000276426
18.154699995648116
16.460300001199357
15.302899999369401
28.44550000008894
16.725200002838392
16.681200002494734
16.918899993470404
15.201399997749832
18.287500002770685
16.94619999761926
17.663999999058433
17.21009999891976
17.06160000321688
16.6148999996949
16.73560000199359
17.513400001917034
15.065100000356324
18.069500001729466
17.03020000422839
14.836999995168298
16.89489999989746
17.670699999143835
15.780800000356976
26.814199998625554
17.30420000239974
16.361599999072496
18.466499997884966
18.283400000655092
15.9780000030878
18.23539999895729
16.95010000548791
16.187499997613486
18.53500000288477
17.354299998260103
15.92499999969732
18.871200001740362
16.905600001337007
15.372999994724523
18.49670000228798
17.098099997383542
15.359799996076617
17.90690000052564
27.146000000357162
16.76650000445079
22.19640000112122
17.395199996826705
15.72400000441121
19.8958999972092
17.27700000628829
16.224699997110292
17.817500003729947
16.838499999721535
15.904100000625476
18.333799998799805
19.546399998944253
16.098000000056345
18.61579999967944
17.7138999933959
16.41830000153277
18.747300004179124
17.4027000030037
15.553500001260545
28.29030000430066
17.607200003112666
17.278499995882157
18.74390000011772
17.17070000449894
15.96850000350969
17.835999999078922
17.665699997451156
16.158500002347864
18.395899998722598
17.189400001370814
15.698900002462324
18.75109999673441
17.986999999266118
15.192500002740417
18.85989999573212
17.699199997878168
15.578799997456372
18.848600004275795
17.262599998502992
24.660700000822544
16.685599999618717
15.672300003643613
17.52870000200346
16.96089999313699
15.531000004557427
16.85200000065379
17.48309999675257
15.634500006854068
17.303200002061203
17.262100001971703
17.21420000103535
17.86510000238195
16.417700004240032
16.755500000726897
16.15709999896353
16.523899997991975
15.800199995283037
17.635099997278303
26.308900000003632
16.22710000083316
18.126099996152334
16.619199996057432
15.849700001126621
17.82649999950081
17.47560000512749
15.08060000196565
18.18470000580419
17.14269999501994
15.025499997136649
18.406399998639245
17.206699994858354
15.803599999344442
17.658099997788668
16.75259999319678
15.898999998171348
18.318900001759175
16.987900002277456
16.178599995328113
26.806900001247413
16.247300001850817
22.77930000127526
18.187699999543838
16.85189999989234
15.635000003385358
18.36370000091847
16.963300004135817
16.177199999219738
18.06949999445351
17.03310000448255
15.915300005872268
18.169299997680355
17.244100003154017
18.378800006757956
21.60100000037346
20.468399998208042
16.48189999832539
19.272599995019846
27.751900001021568
16.499600002134684
18.992199999047443
17.907699999341276
16.237700001511257
20.373100000142585
17.985200000111945
15.096099996299017
19.647699999040924
17.327100002148654
15.579799997794908
18.682899994018953
20.19809999910649
15.683700003137346
17.93570000154432
17.746099998475984
14.730999995663296
18.07350000308361
17.445299999963026
16.884100004972424
31.258600000001024
18.901499999628868
16.760600003181025
17.791799997212365
15.92510000045877
20.370300000649877
20.341900002676994
17.604400003619958
17.031600000336766
18.817900003341492
16.73980000487063
16.993099998217076
18.408099997031968
15.97119999496499
17.900499995448627
17.57540000107838
16.118100000312552
17.471800005296245
17.587800000910647
15.63430000533117
25.90779999445658
17.01609999872744
16.49840000027325
22.789800001191907
20.051599996804725
17.123199999332428
21.210899998550303
16.857200003869366
16.329999998561107
19.780599999648985
17.212700004165526
15.398399998957757
18.386800002190284
17.57029999862425
15.669500004150905
18.52320000034524
17.464900003687944
16.574000001128297
18.08320000418462
26.80980000150157
16.95869999821298
18.807499996910337
17.936100004590116
16.313100000843406
17.581699998117983
16.306799996527843
16.086499999801163
19.78429999871878
18.359300003794488
15.12939999520313
18.76349999656668
16.30970000405796
15.31750000140164
18.600399998831563
17.314400000032037
15.545700000075158
18.429999996442348
16.89539999642875
16.479799996886868
26.440900001034606
19.454000001132954
18.405200004053768
21.49980000103824
18.897800000559073
17.380700002831873
20.93629999581026
17.228500000783242
15.80899999680696
18.321700001251884
18.512399998144247
16.108399999211542
18.837299998267554
16.9268000026932
15.493999999307562
17.755400003807154
17.858900006103795
14.980300002207514
18.07159999589203
17.53900000039721
23.17350000521401
16.997700004139915
16.455600001791026
17.540400003781542
17.093199996452313
15.382300000055693
17.356799995468464
17.052800001692958
16.433300006610807
16.56199999706587
17.63800000480842
18.186100001912564
20.796799995878246
17.672200003289618
15.429400002176408
17.927499997313134
17.755500004568603
17.39369999995688
20.05950000602752
30.24129999539582
19.078800003626384
21.617799997329712
19.851199998811353
17.00009999331087
22.14010000170674
20.056300003489014
18.393300000752788
21.996499999659136
19.719700001587626
17.747999998391606
20.583299999998417
20.584300000336953
18.01030000206083
20.91600000130711
18.737400001555216
17.048300003807526
18.541599994932767
17.325399996479973
16.093599995656405
27.38130000216188
17.21019999968121
15.574099998048041
19.44480000383919
16.977999999653548
15.557899998384528
19.08430000185035
17.661099998804275
16.207699998631142
18.515799994929694
18.5743000038201
16.34349999949336
19.518300003255717
17.314299999270588
16.36519999738084
18.58919999358477
17.39530000486411
16.322900002705865
19.10360000329092
26.172199999564327
15.680100004829
18.376599997282028
17.143099998065736
15.583299995341804
18.774099997244775
17.167600002721883
15.821200002392288
17.728099999658298
17.70830000168644
16.006300000299234
17.949699999007862
19.265699993411545
15.50120000320021
18.50890000059735
16.75470000191126
16.325000004144385
18.27659999980824
17.333999996480998
15.529100004641805
27.96959999977844
16.889899998204783
16.527600004337728
17.225999996298924
15.169999998761341
17.014500001096167
17.473199994128663
15.405700003611855
19.64369999768678
17.95270000002347
16.688399999111425
17.36499999969965
17.061799997463822
15.342300001066178
17.29759999579983
17.67959999415325
18.128000003343914
17.696700000669807
18.73249999334803
15.039900004921947
26.16459999990184
16.99450000160141
15.538100000412669
17.799200002627913
16.74300000013318
16.335300002538133
18.282799996086396
16.835000002174638
15.219200002320576
18.437699996866286
17.53350000217324
15.51119999930961
18.70249999774387
16.41879999806406
15.40940000268165
19.429400002991315
17.325199994957075
15.319300000555813
18.20929999666987
26.08930000133114
15.80870000179857
18.265700004121754
17.40369999606628
15.091900000697933
18.16060000419384
17.10550000279909
15.688200001022778
18.179699996835552
17.24590000230819
16.78150000225287
18.743299995549023
17.070100002456456
15.812799996638205
18.35610000125598
18.041399998764973
15.441700001247227
17.846800001279917
17.57029999862425
14.89410000067437
26.952000000164844
17.079600002034567
15.747199999168515
18.642500006535556
16.795000003185123
16.033599997172132
18.251300003612414
18.302500000572763
15.443800002685748
18.367099997703917
17.716700000164565
16.476900003908668
20.12710000417428
17.26059999782592
15.704800003732089
18.07349999580765
17.97150000493275
16.864400000486057
18.016299996816088
16.954500002611894
23.21990000200458
17.390000000887085
15.630900001269765
16.947500000242144
16.604299999016803
14.595900000131223
17.449500002840068
17.015299999911804
14.613600003940519
16.913700004806742
17.26300000154879
16.06010000250535
17.858600003819447
16.949299999396317
16.070600002421997
18.32719999947585
19.67729999887524
17.62820000294596
17.503700000816025
26.850999995076563
15.98060000105761
18.669700002647005
18.098500004271045
15.17680000688415
18.388800002867356
17.502900002000388
15.904100000625476
17.40639999479754
16.687700001057237
15.721199997642543
18.655199994100258
17.35229999758303
17.17569999891566
18.66660000086995
17.073899995011743
16.877100002602674
19.49429999513086
17.849000003479887
17.047000001184642
28.74369999335613
17.466899997089058
16.2516999989748
18.78969999961555
16.85680000082357
15.957900002831593
18.28860000387067
16.92170000023907
14.845599995169323
18.306000005395617
17.203700001118705
15.008200003649108
18.219700003101025
16.91679999930784
15.965799997502472
17.723900004057214
16.83239999692887
15.635199997632299
19.400299999688286
26.09650000522379
16.983299996354617
18.41229999990901
16.673900005116593
16.01709999522427
19.3994000001112
17.424500001652632
15.405400001327507
19.26320000347914
17.101999997976236
15.6178999968688
18.39530000142986
17.660600002272986
15.688699997554068
18.127899995306507
17.1152000039001
17.215400002896786
19.347400004335213
18.145300004107412
16.250399996351916
28.786099996068515
15.6589999969583
17.772300001524854
17.06739999644924
15.198300003248733
16.724400004022755
17.41790000232868
15.456699999049306
16.713099998014513
17.373100003169384
16.274199995677918
17.639600002439693
16.941099995165132
14.892899998812936
17.018499995174352
16.860699994140305
16.05520000157412
17.007400005240925
16.876699999556877
15.011299998150207
26.983400006429292
17.421299999114126
15.546599999652244
17.714300003717653
17.82360000652261
15.88350000383798
18.084900002577342
17.119999996793922
16.216999996686354
17.433900000469293
17.43720000376925
19.181199997547083
18.619199996464886
16.750800001318567
16.2447999973665
18.717999999353196
18.858299998100847
15.21859999775188
19.158699993568007
28.027799999108538
16.78399999946123
19.032600001082756
18.61069999722531
15.812900004675612
19.823499998892657
17.956299998331815
16.28070000151638
19.647200002509635
18.111899997165892
16.48630000272533
18.926799995824695
17.6523999980418
16.22520000091754
18.333100000745617
17.91669999511214
16.451499999675434
18.90780000394443
16.772200004197657
15.499199995247182
27.89409999968484
17.170400002214592
15.71729999704985
18.429999996442348
16.615499996987637
15.73159999679774
19.18640000076266
17.66749999660533
16.320299997460097
18.669699995371047
17.54830000572838
15.928799999528565
18.11949999682838
16.985900001600385
15.874500000791159
18.619300004502293
16.760200000135228
16.468299996631686
17.49790000030771
17.220300003828015
23.2049000042025
17.194300002302043
15.50209999550134
17.47139999497449
17.82150000508409
15.977800001564901
16.86560000234749
16.708099996321835
15.940600002068095
17.210899997735396
17.607200003112666
15.297099998861086
17.712200002279133
17.00669999991078
15.749299993331078
17.161800002213567
17.01130000583362
15.99059999716701
17.148499995528255
26.854800002183765
15.42679999693064
18.718600003921892
17.332299998088274
16.064899995399173
17.459999995480757
17.241800000192598
15.911200003756676
18.517800002882723
17.206399999849964
15.636500000255182
18.164900000556372
16.96500000252854
14.839399998891167
19.720299998880364
17.40050000080373
14.957600003981497
18.413400001008995
17.58450000488665
16.247799998382106
27.67469999525929
18.091300000378396
16.015200002584606
19.137000002956484
18.2524000047124
15.332199996919371
19.153599998389836
18.037400004686788
16.216399999393616
18.590400002722163
16.937000000325497
16.158700003870763
20.05460000509629
18.391800003882963
15.464199997950345
18.38500000303611
17.262599998502992
15.82090000010794
17.897799996717367
26.07900000293739
16.216099997109268
18.23389999481151
17.346599997836165
16.848200000822544
19.489900005282834
17.053199997462798
15.46099999541184
18.197400000644848
17.779200003133155
16.128700000990648
18.87469999928726
17.296099998930003
16.289699997287244
18.600099996547215
17.87039999908302
16.01010000013048
18.531900001107715
18.46780000050785
14.899699999659788
29.00950000184821
15.957099996739998
16.416500002378598
17.49769999878481
15.942600002745166
16.426100002718158
16.894000000320375
15.419800001836848
17.499199995654635
17.874400000437163
16.242799996689428
18.37389999855077
17.411699998774566
15.44619999913266
17.30680000036955
16.68449999851873
15.12409999850206
17.682199999399018
17.254800004593562
15.677199997298885
25.82109999639215
17.26770000095712
16.746900000725873
20.087199998670258
18.687499999941792
15.674700000090525
18.449299997882918
17.80240000516642
17.01850000245031
18.105200004356448
16.823999998450745
16.562800003157463
18.599400005768985
16.855900001246482
15.408600003866013
18.29810000344878
16.793900002085138
15.32230000157142
17.755399996531196
27.494499998283572
16.16700000158744
17.84359999874141
16.94359999964945
16.173999996681232
17.12000000406988
16.501900005096104
15.726599995105062
18.759999999019783
16.371500001696404
15.560899999400135
17.70540000143228
17.32079999783309
14.968800001952332
19.185799996193964
17.854300000180956
16.247699997620657
18.21570000174688
18.323800002690405
16.357399996195454
28.60030000010738
17.57270000234712
16.421899999841116
19.168999999237712
18.271399996592663
16.470299997308757
18.620400005602278
19.268299998657312
14.976999998907559
19.11139999720035
17.19779999984894
16.03330000216374
18.4434999973746
17.344400002912153
15.78239999798825
18.559299998742063
17.928600005689077
15.232500001729932
18.6052000062773
17.36209999944549
23.699299999861978
16.76430000225082
16.064999996160623
17.41069999843603
17.98669999698177
16.729799994209316
17.844800000602845
18.125999995390885
15.168599995377008
17.820799999753945
17.984000005526468
15.78200000221841
17.534799997520167
17.060199999832548
16.33159999619238
17.39129999623401
20.428200004971586
14.907999997376464
16.42040000297129
26.673499996832106
15.756900000269525
18.064399999275338
17.723000004480127
16.74710000224877
18.604800003231503
16.875000001164153
15.79920000222046
18.80169999640202
18.072299993946217
16.475999997055624
19.31880000483943
17.608299996936694
16.19100000243634
17.912100003741216
17.988100000366103
15.814799997315276
18.190800001320895
18.181699997512624
15.480799993383698
28.39759999915259
17.656999996688683
15.969500003848225
18.51179999357555
17.320599996310193
15.916899996227585
18.71250000112923
17.711699998471886
15.156100002059247
19.308200004161336
17.157700000097975
16.269799998553935
18.65110000653658
17.31340000696946
16.037999994296115
18.29089999955613
17.992500004766043
15.83099999697879
18.287400002009235
27.331199999025557
16.216900003200863
18.184200001996942
17.44899999903282
15.734399996290449
18.11230000021169
17.237499996554106
15.239600004861131
18.219599995063618
16.966199997114018
18.46250000380678
18.66590000281576
16.584199998760596
15.525000002526212
18.133799996576272
17.44479999615578
15.822800000023562
17.704600002616644
17.992000000958797
15.52270000684075
27.222000004258007
14.995099998486694
17.35200000257464
17.16139999916777
15.725500001281034
18.37560000421945
17.164800003229175
15.989899999112822
17.124699996202253
17.683099998976104
16.003800003090873
17.370200002915226
17.887099995277822
15.244399997754954
16.83719999709865
17.94549999613082
15.604299995175097
17.677600000752136
16.95050000125775
16.48369999747956
25.186299993947614
16.959699998551514
15.979299998434726
18.85249999759253
17.948200002138037
16.081499998108484
18.928199999209028
17.52459999988787
16.006300000299234
18.20630000293022
16.807300002255943
16.386199997214135
17.36689999961527
16.818500000226777
15.17450000392273
18.430899996019434
17.027099995175377
16.41419999941718
18.006999998760875
26.88680000574095
16.904799995245412
18.407099996693432
18.38099999440601
15.76290000230074
19.95290000195382
18.427799994242378
16.126499998790678
18.68609999655746
16.75309999700403
16.95639999525156
17.368200002238154
17.413200002920348
15.71249999688007
17.647399996349122
17.47139999497449
16.206300002522767
19.499200003338046
18.61310000094818
17.19310000044061
27.36140000342857
18.179799997597
16.410999996878672
19.420500000705943
17.544499998621177
15.934399998513982
18.49470000161091
17.04789999348577
15.797400003066286
17.50470000115456
17.217900000105146
16.26080000278307
18.46809999551624
17.077600001357496
15.132900000025984
18.689499993342906
18.284899997524917
16.09719999396475
18.34909999888623
16.817299998365343
23.977500000910368
16.85639999777777
16.008200000214856
17.54800000344403
17.201900001964532
14.86010000371607
16.787699998531025
17.58479999989504
16.339699999662116
16.570299994782545
17.167699996207375
16.77899999776855
16.637500004435424
16.117600003781263
15.234899998176843
17.043800005922094
16.596100002061576
16.22219999990193
17.10540000203764
27.693700001691468
16.450800001621246
18.093400001816917
17.25309999892488
15.914600000542123
18.21880000352394
16.91720000235364
15.721199997642543
18.434700003126636
16.383700000005774
15.258400002494454
18.906999997852836
17.309200004092418
15.27189999615075
18.994499994732905
17.435800000384916
16.363700000511017
18.49950000178069
16.71610000630608
16.140600004291628
27.024700000765733
16.978399995423388
15.904899999441113
18.17030000529485
18.223099999886472
15.426599995407742
18.417600003886037
17.228799995791633
15.622099999745842
18.68090000061784
17.904700005601626
15.919500001473352
18.449499999405816
17.378500000631902
15.335599993704818
18.02540000062436
18.77750000130618
15.12880000518635
19.131700006255414
26.540400001977105
15.851199997996446
18.001900003582705
16.551700005948078
15.214999999443535
18.480000006093178
17.353700000967365
15.540600004896987
20.24189999792725
17.41069999843603
16.137599996000063
18.06409999699099
17.543399997521192
15.820699998585042
18.15119999810122
17.16879999730736
15.728200000012293
18.3374999978696
17.198999994434416
16.99669999652542
28.81369999522576
15.670300002966542
17.209300000104122
17.881100000522565
15.5016999997315
17.453699998441152
17.123400000855327
15.708899998571724
16.8372999978601
17.05940000101691
15.18249999935506
16.793099995993543
16.96529999753693
15.209999997750856
17.255099999601953
17.445299999963026
14.546700003847945
17.421400007151533
17.561900000146125
15.752500003145542
25.62029999535298
17.62909999524709
15.696599999500904
18.665999996301252
17.125700003816746
16.303099997458048
18.005099998845253
16.841299999214243
16.242600002442487
19.071599999733735
18.29340000404045
15.838999999687076
19.17219999450026
17.233200000191573
17.402400000719354
18.313900000066496
16.56899999943562
15.884599997662008
18.473799995263107
28.09279999928549
17.303599997831043
19.460900002741255
17.755399996531196
16.502300000865944
19.0433000025223
18.377899999904912
16.003900003852323
19.099700002698228
17.798300003050826
15.902499995718244
19.600899999204557
17.987000006542075
16.03400000021793
18.654799998330418
17.93310000357451
15.65159999881871
18.382099995505996
17.542000001412816
16.25639999838313
28.40690000448376
17.518100001325365
15.863400003581773
18.209599998954218
17.158199996629264
16.19810000556754
19.223600000259466
17.106200000853278
15.277700003935024
19.507500001054723
16.842600001837127
15.694499998062383
19.09680000244407
17.317300000286195
15.839799998502713
18.604099997901358
17.318099999101833
16.124699999636505
18.633499996212777
19.037899997783825
24.464800000714604
18.684000002394896
17.895000004500616
17.375600000377744
16.913799998292234
15.653399997972883
17.428899998776615
16.66319999640109
15.420800002175383
17.40119999885792
18.205600004876032
16.37979999941308
17.869499999505933
16.8783999979496
15.346300002420321
17.613699994399212
17.447699996409938
15.909500005363952
17.083000006095972
26.185200003965292
15.81879999866942
17.619800004467834
16.89009999972768
14.782900005229749
18.664600000192877
17.027999994752463
16.489200002979487
16.891700004634913
16.58570000290638
14.678799998364411
18.86009999725502
17.36900000105379
15.938200005621184
18.099200002325233
17.360500001814216
16.40219999535475
19.276799997896887
17.558999999891967
17.551700002513826
28.03439999843249
17.069600005925167
15.998199996829499
18.778300000121817
17.042499996023253
15.563100001600105
19.334900003741495
18.774500000290573
17.60610000201268
19.249800003308337
17.133000001194887
15.53839999542106
18.355699998210184
17.859200001112185
14.992000003985595
19.185299999662675
17.573899996932596
15.822399996977765
18.05719999538269
26.42349999950966
16.692600001988467
19.017799997527618
17.17570000619162
16.33179999771528
18.030500003078487
17.232599995622877
15.040500002214685
18.464799999492243
17.304900000453927
15.975199996319134
17.953499998839106
17.080099998565856
15.21859999775188
17.772799998056144
17.257400002563372
15.909699999610893
19.286299997475
17.43480000004638
16.64120000350522
28.400399998645298
15.930500005197246
19.0361999993911
17.709599997033365
15.60530000278959
18.078900000546128
18.10010000190232
16.103300004033372
17.168800004583318
18.301800002518576
16.681000000971835
16.93100000557024
15.953000001900364
15.595100005157292
17.21729999553645
17.012000003887806
16.248399995674845
16.829100000904873
16.640699999697972
15.921199999866076
25.95840000140015
17.48760000191396
15.844300003664102
17.968500003917143
17.87979999789968
15.672199995606206
18.82919999479782
17.697600000246894
15.740299997560214
18.145899994124193
16.490699999849312
15.591700001095887
18.421299995679874
17.29209999757586
15.281700005289167
19.325600005686283
17.31120000476949
15.451100000063889
18.762699997751042
27.160599995113444
16.304599994327873
19.465800003672484
18.530100001953542
16.38690000254428
18.43150000058813
17.4780000015744
16.41850000305567
18.318599999474827
17.305800000031013
15.395900001749396
18.64969999587629
18.60580000357004
15.32980000047246
18.539600001531653
17.430300002160948
15.767299999424722
19.406100000196602
17.767400000593625
15.465099997527432
27.460500001325272
18.616500005009584
15.691599997808225
18.502800005080644
16.92449999973178
15.614299998560455
19.65090000157943
17.33349999994971
15.861299994867295
19.23469999746885
16.712299999198876
15.646800005924888
18.10210000257939
17.227500000444707
16.16469999862602
18.231599999126047
17.669900000328198
15.278400001989212
19.323900000017602
16.496800002641976
23.607900002389215
18.62000000255648
18.1702000045334
16.34370000101626
16.99930000177119
17.053900002792943
17.706800004816614
17.515799998363946
15.292900003260002
17.989400002988987
17.839599997387268
15.579400002025068
17.280899999605026
16.640099995129276
15.523199996096082
16.812200003187172
17.329700000118464
15.879899998253677
17.31100000324659
26.417799999762792
16.076899999461602
19.41139999689767
17.211300000781193
15.81379999697674
18.121000000974163
17.898500002047513
15.658900003472809
18.993899997440167
17.196299995703157
15.401299999211915
17.890899995109066
17.09800000389805
16.243300000496674
19.22280000144383
17.27569999638945
16.525899998669047
18.193500000052154
17.221400004928
14.734299998963252
28.71890000096755
17.694300004222896
15.603899999405257
18.207500004791655
17.002699998556636
16.316599998390302
17.46590000402648
16.513800001121126
15.082699996128213
21.634000004269183
17.04450000397628
15.904299994872417
18.548200001532678
17.55070000217529
16.66770000156248
18.45350000075996
17.520800000056624
15.464600000996143
18.210899994301144
26.948900005663745
15.606100001605228
18.147900002077222
17.2143000017968
15.461599999980535
18.458500002452638
16.913200000999495
16.28790000540903
18.86940000258619
17.157700000097975
16.051700004027225
18.028499995125458
17.447999998694286
14.752100003533997
19.420399999944493
17.44959999632556
15.29580000351416
17.904799999087118
18.10980000300333
17.651299996941816
29.10439999686787
16.720300001907162
17.731399995682295
18.27880000200821
16.83190000039758
17.442700001993217
17.368200002238154
15.796200001204852
16.784899999038316
16.407700000854675
14.891300001181662
16.98729999770876
17.595799996342976
15.359600001829676
16.892600004212
16.974300000583753
15.346599997428712
16.971999997622333
17.74180000211345
15.807099996891338
27.180700002645608
17.02079999813577
16.044900003180373
20.602999997208826
17.119399999501184
15.930200002912898
18.190599999797996
16.83670000056736
15.143900003749877
18.408999996609055
17.353399998683017
16.14739999786252
19.875499994668644
18.739500002993736
16.165499997441657
20.39149999473011
18.63510000112001
17.617400000744965
20.847200001298916
28.71669999876758
16.692500001227017
19.0946000002441
16.867199999978766
17.340999998850748
30.45150000252761
17.88020000094548
15.796699997736141
18.819999997504056
17.498399996838998
15.918000004603527
18.71720000053756
18.417899998894427
15.61970000329893
19.241299996792804
17.025000001012813
15.503399998124223
18.045600001642015
17.936600001121406
15.84250000450993
28.22030000243103
18.116300001565833
15.456699999049306
17.961600002308842
17.278899998927955
15.136199996049982
17.851399999926798
17.63080000091577
15.822900000785012
17.982400000619236
17.196900000271853
15.678900002967566
20.389999997860286
17.43949999945471
15.321600003517233
19.088799999735784
17.11020000220742
15.764300005685072
18.461200001183897
17.45219999429537
24.218400001700502
16.400100001192186
16.81539999844972
17.20960000238847
18.29590000124881
16.14809999591671
18.099499997333623
18.18199999979697
15.382699995825533
18.114200000127312
16.71619999979157
15.748999998322688
17.113200003223028
17.26269999926444
16.487900000356603
17.18589999654796
16.160200000740588
15.316500001063105
16.95830000244314
27.902599998924416
16.28859999618726
18.713000004936475
16.77479999489151
16.06270000047516
19.255200000770856
17.39839999936521
15.395900001749396
18.236900003103074
17.343899999104906
16.013299995393027
18.390099998214282
16.771100003097672
15.252800003509037
18.077000000630505
17.514099999971222
15.551600001344923
19.20840000093449
17.475399996328633
16.31890000135172
28.709099999105092
17.82899999670917
15.936299998429604
19.110799999907613
17.942900005436968
16.47199999570148
19.268000003648922
17.527200005133636
15.795800005435012
18.458900005498435
17.196799999510404
17.041000006429385
18.145399997592904
16.363900002033915
15.43649999803165
19.451499996648636
17.51640000293264
15.423700002429541
18.45550000143703
25.454199996602256
16.43790000525769
19.299200001114514
17.9333999985829
15.97829999809619
18.815700001141522
17.3547000013059
16.29230000253301
18.832399997336324
17.643799998040777
15.869999995629769
18.386499999905936
16.990999996778555
15.599500002281275
18.32049999939045
17.87730000069132
15.762399998493493
19.105600003967993
17.132799999671988
16.553200002817903
28.357000002870336
16.044299998611677
18.524599996453617
16.98749999923166
14.807000006840099
18.45879999746103
17.179399997985456
16.83719999709865
17.02530000329716
18.52879999933066
16.44589999341406
18.250799999805167
18.33970000006957
16.482999999425374
18.430199997965246
18.058599998767022
15.790500001457985
17.017500002111774
17.049100002623163
16.44759999908274
25.82529999926919
17.28529999672901
15.675900001951959
17.91889999731211
16.930600002524443
16.296199995849747
17.65799999702722
16.910700003791135
15.979899995727465
17.009900002449285
16.714999997930136
15.417499998875428
18.73199999681674
17.222800001036376
15.416299997013994
18.382099995505996
18.978899999638088
14.648699994722847
18.314399996597786
26.417200002470054
15.835900005185977
18.924799995147623
17.65210000303341
15.076100004080217
18.33009999973001
16.803600003186148
15.687400002207141
19.437199996900745
17.45229999505682
16.441600004327483
19.294999998237472
17.012600001180544
15.790000004926696
18.696500002988614
17.307900001469534
15.679800002544653
17.719099996611476
17.678200005320832
15.004799999587703
27.93960000417428
17.56010000099195
15.534899997874163
18.114099999365862
17.1760999946855
15.944099999614991
17.774500003724825
17.246800001885276
15.463200004887767
18.676400002732407
16.857300004630815
16.28109999728622
19.308900002215523
17.806400006520562
17.009200004395097
19.267499999841675
17.347299995890353
15.614600000844803
18.960999994305894
17.084500002965797
24.448099997243844
17.04089999839198
16.2657000037143
17.330099995888304
16.826999999466352
15.663699996366631
17.577099999471102
17.65489999525016
17.395399998349603
18.248700005642604
18.209400004707277
16.914399995584972
16.932700003962964
18.251399997097906
16.489699999510776
16.8344000048819
16.669600001478102
16.107299998111557
17.222200003743637
26.85639999981504
16.84390000446001
18.953799997689202
17.165099998237565
15.671599998313468
18.521500001952518
17.08150000195019
15.471300001081545
19.24739999958547
17.798200002289377
15.886300003330689
18.53770000161603
17.625199994654395
15.755299995362293
18.428100003802683
17.195099993841723
15.975599999364931
18.7214000034146
17.607900001166854
16.528600004676264
28.688699996564537
17.3376000020653
16.726999994716607
17.946899999515153
17.046299995854497
16.05040000140434
19.41810000425903
17.271500000788365
15.32049999514129
19.550199998775497
17.168099999253172
16.416899998148438
18.921700000646524
17.260000000533182
15.766600001370534
18.640400005097035
17.404399994120467
15.616099997714628
18.316899993806146
27.14170000399463
16.632699996989686
19.021200001589023
18.079900000884663
16.560100004426204
19.967300002463162
17.82180000009248
15.617199998814613
18.62559999426594
17.03490000363672
16.003199998522177
18.500499994843267
17.02110000042012
15.947100000630599
20.179399994958658
18.623600000864826
17.13440000457922
18.841600001906045
16.609800004516728
15.416499998536892
29.032599995844066
16.27639999787789
16.932500002440065
17.25530000112485
15.836300000955816
17.965200000617187
17.476699998951517
15.923400002066046
18.02690000477014
17.254799997317605
15.994499997759704
16.48130000103265
16.726900001231115
15.09990000340622
17.82910000474658
17.414499998267274
15.895500000624452
17.44979999784846
17.571500000485685
15.228099997329991
26.890699999057688
18.63700000103563
15.282300002581906
18.445499998051673
17.017500002111774
15.964099999109749
17.79499999975087
17.45890000165673
15.773899998748675
18.283499994140584
17.360699996061157
14.980100000684615
18.49979999678908
16.946200004895218
16.154099997947924
17.905600005178712
17.47340000292752
15.635600000678096
17.84889999544248
26.727099997515325
17.493200000899378
19.2419000013615
17.24120000289986
15.739100002974737
18.148900002415758
17.350599999190308
16.3438999952632
18.888200000219513
17.70309999847086
16.020700000808574
18.834300004527904
19.03899999888381
17.200599999341648
19.751799998630304
17.823599999246653
15.8817999981693
18.909599995822646
18.50649999687448
15.952399997331668
28.040000004693866
17.114599999331404
16.049700003350154
20.070500002475455
17.939600002137013
15.544399997452274
18.081599999277387
17.48049999878276
17.515300001832657
20.006399994599633
18.800599995302036
16.952500001934823
19.424000005528796
18.07060000282945
17.325000000710133
19.425300000875723
18.93240000208607
16.13560000259895
18.652300001122057
17.365599996992387
24.3588000012096
17.343799998343457
16.201300000830088
17.005800000333693
17.585800000233576
16.19110000319779
17.186999997647945
16.763400002673734
15.779200002725702
17.249099997570738
17.21499999985099
16.330799997376744
16.343199997209013
16.269799998553935
15.667699997720774
17.267000002902932
16.657599997415673
16.284699995594565
17.32110000011744
26.565000000118744
16.25410000269767
18.372000005911104
17.40280000376515
15.674400005082134
18.210599999292754
17.49060000292957
16.190399997867644
18.798999997670762
16.950299999734852
15.946200001053512
18.137500002922025
17.622300001676194
16.048399993451312
19.26370000001043
17.694800000754185
15.603899999405257
19.466899997496512
17.634699994232506
16.17870000336552
28.32969999872148
17.475200002081692
15.991899999789894
18.33970000006957
17.518099994049408
15.167000005021691
18.58910000009928
17.351800001051743
16.444200002297293
20.148700001300313
19.274599995696917
17.766600001777988
20.316800000728108
18.832100002327934
17.077800002880394
18.492800001695286
16.884600001503713
15.509400000155438
17.873700002382975
27.42529999522958
16.23449999897275
18.3513000010862
18.38020000286633
15.534600002865773
18.077000000630505
18.810699999448843
15.500799992878456
18.46579999983078
17.06959999864921
16.187799999897834
17.46380000258796
16.376399995351676
17.151299995020963
19.296099999337457
16.955200000666082
15.783000002556946
18.68020000256365
17.808500000683125
15.77549999637995
28.665699996054173
15.856399993936066
17.162799995276146
17.70849999593338
15.472600003704429
16.997999999148306
17.38630000181729
16.07520000106888
17.820000000938307
17.637199998716824
16.226499996264465
17.73970000067493
17.146599995612632
15.395800000987947
18.16990000224905
17.19079999747919
15.279900006134994
17.141500000434462
17.083699996874202
14.979999999923166
27.698500001861248
17.40490000520367
15.797899999597576
18.113799997081514
17.18869999604067
15.484399998968001
18.173500000557397
17.421999997168314
15.620800004398916
17.847600000095554
16.92669999465579
16.583800002990756
18.28449999447912
17.631399998208508
15.998200004105456
20.27500000258442
18.383700000413228
17.238399996131193
18.01599999453174
27.694199998222757
15.591800001857337
19.207199999073055
17.765399999916553
15.881099992839154
18.831599998520687
18.94229999743402
15.378099997178651
18.730600000708364
18.413600002531894
15.703400000347756
18.543100006354507
17.37169999978505
15.80610000382876
19.104700004390907
18.75139999901876
16.823599995404948
19.088699998974334
18.304800003534183
16.850700005306862
29.668399998627137
17.347100001643412
16.680200002156198
17.602700005227234
17.191400002047885
14.67899999988731
18.292499997187406
17.545100003189873
15.852300006372388
20.226100001309533
17.08420000068145
15.938500000629574
19.133900001179427
17.62639999651583
16.223799997533206
18.67399999900954
17.109000000345986
15.684799996961374
18.498199999157805
17.46889999776613
24.402199996984564
17.593200005649123
15.949299995554611
18.42219999525696
18.90129999810597
15.953200003423262
18.10980000300333
16.73010000376962
16.033900006732438
17.73940000566654
17.266599999857135
14.886799996020272
18.263100006151944
18.16789999429602
16.2586000005831
19.406800005526748
18.65840000391472
16.191300004720688
18.436999998812098
26.581500002066605
15.820399996300694
17.927099994267337
16.799199998786207
14.312899998913053
19.87340000050608
16.88789999752771
15.633900002285372
18.336299996008165
17.96170000307029
16.546099999686703
19.065299995418172
17.651499998464715
15.832699995371513
18.35929999651853
17.79549999628216
16.944599999987986
20.355799999379087
17.209300000104122
15.844200002902653
26.722200003860053
17.297800004598685
15.953999994962942
18.215399999462534
16.235999995842576
15.30569999886211
17.743899996276014
16.58570000290638
16.121499997098
19.163299999490846
18.02519999910146
15.708699997048825
19.14490000490332
17.491699996753596
15.562699998554308
18.526899999415036
16.97229999990668
15.72390000364976
18.20439999573864
26.259899997967295
16.79339999827789
18.936299995402806
16.78890000039246
15.816699997230899
18.39290000498295
17.135599999164697
15.547199996944983
18.418999999994412
16.549899999517947
15.196200001810212
17.58999999583466
17.409200001566205
15.171300001384225
18.016300004092045
17.544700000144076
17.992199995205738
20.896599999105092
18.64900000509806
15.967599996656645
27.893000005860813
16.137599996000063
18.96120000310475
17.367899999953806
15.629199995601084
17.072599999664817
18.425299997034017
15.828900002816226
17.59709999896586
17.455699999118224
15.047799999592826
18.217600001662504
17.300300001807045
15.320300000894349
17.283900000620633
17.169499995361548
15.910900001472328
17.378899996401742
17.508200005977415
17.943000006198417
26.053699999465607
17.59880000463454
16.325100004905835
18.42400000168709
17.786899996281136
15.945399994961917
19.280100001196843
17.30659999884665
15.733700005512219
18.994599995494355
17.515100000309758
16.03919999615755
18.61769999959506
17.42950000334531
16.630300000542775
18.15340000030119
16.97220000642119
16.186900000320747
19.138900002872106
26.84650000446709
16.727099995478056
19.0846000041347
16.8785999994725
16.84450000175275
19.071700000495184
16.501600002811756
15.556099999230355
19.667100001242943
17.317400001047645
17.012100004649255
18.800999998347834
18.637799999851268
15.654899994842708
18.567500002973247
17.165099998237565
18.117800005711615
20.986199997423682
17.948799999430776
15.925400002743118
27.347800001734868
17.794899998989422
15.58610000211047
19.386799998756032
16.97210000565974
15.406200000143144
18.79449999978533
17.31129999825498
15.940000004775357
19.02919999702135
17.094299997552298
16.190100002859253
18.214700001408346
17.687100000330247
15.875900004175492
18.468999995093327
17.735300003550947
16.271899999992456
18.94620000530267
17.18570000230102
23.494599998230115
17.706500002532266
16.389499993238132
17.989700005273335
16.659699998854194
15.340999998443294
16.325399999914225
16.968000003544148
14.55050000367919
16.705699999874923
17.017199999827426
15.66360000288114
17.351700000290293
17.052800001692958
14.675200000056066
17.31130000553094
16.89200000691926
15.348799999628682
17.222800001036376
26.720299996668473
15.851399999519344
18.545999999332707
17.946100000699516
15.896900004008785
18.57239999662852
16.708199997083284
16.12380000005942
18.27190000039991
17.82660000026226
15.173600004345644
18.791300004522782
16.775700001744553
15.058900004078168
19.893700002285186
16.971099998045247
15.536999999312684
18.674600003578234
18.208599998615682
15.517799998633564
27.36179999919841
17.53189999726601
15.531900004134513
18.602000003738794
18.15169999463251
17.93829999951413
20.327899997937493
17.109199994592927
16.029800004616845
18.43880000524223
17.59269999456592
15.49160000286065
20.50520000193501
17.327200002910104
15.863399996305816
18.28659999591764
17.045799999323208
14.764400002604816
19.14289999695029
27.534900000318885
15.156399997067638
18.530000001192093
17.564000001584645
17.784399999072775
18.69060000171885
18.875499998102896
15.291400006390177
18.705999995290767
18.480400001863018
18.461799998476636
20.932300001732074
17.89459999417886
16.589200000453275
18.185300003096927
17.205200005264487
15.208099997835234
18.456699996022508
17.237499996554106
15.83990000654012
32.06230000068899
16.83650000632042
19.211800004995894
17.4157999936142
16.53710000391584
17.695499998808373
17.267100003664382
15.611099996021949
16.68410000274889
16.497299999173265
17.997499999182764
17.222800001036376
17.419299998437054
16.14490000065416
17.34749999741325
16.8063999954029
15.777199994772673
17.36710000113817
17.54349999828264
15.92499999969732
27.030099998228252
17.651099995418917
16.44990000204416
19.826299998385366
18.05210000020452
15.757699999085162
18.854000001738314
17.378699994878843
15.67349999822909
18.35620000201743
17.057900004147086
16.005400000722148
17.549400006828364
16.58280000265222
15.210400000796653
19.99179999984335
19.08240000193473
15.936099996906705
19.67300000251271
26.67970000038622
16.173999996681232
19.77400000032503
17.846300004748628
16.8954999971902
20.45709999947576
17.324899999948684
15.897700002824422
18.600499999593012
17.789100005757064
15.838899998925626
17.74680000380613
16.49349999934202
15.55720000033034
19.167900005413685
17.750999999407213
16.64339999842923
18.749400005617645
17.45200000004843
17.09540000592824
27.94960000028368
17.65799999702722
15.867400004935917
18.42630000464851
17.467800003942102
15.7653999995091
18.59639999747742
18.674799997825176
16.271899999992456
19.077800003287848
18.684499998926185
15.928399996482767
19.73809999617515
18.72670000011567
15.543400004389696
19.220900001528207
17.16889999806881
15.860599996813107
19.272999998065643
17.162399999506306
23.472900000342634
17.254699996556155
16.66560000012396
16.653800004860386
17.266800001380034
15.96620000054827
17.493800005468074
17.110399996454362
15.756700006022584
16.50080000399612
18.163699998694938
17.16189999569906
17.940099998668302
17.851300006441306
15.685599995777011
17.252799996640533
17.2794000027352
16.68049999716459
17.131799999333452
27.326000003085937
16.10369999980321
18.73360000172397
16.660099994624034
16.145299996424
18.62260000052629
16.76980000047479
15.486199998122174
19.923100000596605
17.048000001523178
15.720000003057066
18.877599999541417
17.78119999653427
15.606200002366677
20.484000000578817
18.452000003890134
16.378899999835994
19.071000002440996
17.58900000277208
17.249600001377985
29.15190000203438
17.78099999501137
17.08650000364287
18.69079999596579
17.490800004452467
16.33379999839235
18.11170000291895
17.32320000155596
16.131399999721907
18.790900001476984
17.24580000154674
15.554199999314733
18.951199999719393
17.583999993803445
15.492400001676288
17.962899997655768
17.612900002859533
15.94650000333786
18.836800001736265
25.894800004607532
15.46579999558162
18.394899998384062
17.27690000552684
16.674000005878042
18.588099999760743
17.402799996489193
15.611899994837586
18.996599996171426
16.90299999609124
15.421100004459731
18.464399996446446
17.78500000364147
16.219500001170672
18.763699998089578
17.27309999841964
15.666700004658196
17.859399995359126
17.431699998269323
16.036799999710638
27.43919999920763
16.521200006536674
17.604900000151247
17.84820000466425
15.48680000269087
17.068799999833573
17.1660999985761
16.37979999941308
16.715199999453034
17.244899994693696
16.38749999983702
17.266700000618584
16.819500000565313
16.62429999851156
17.4537999992026
17.564299996593036
17.588100003194995
17.187699995702133
17.42760000342969
15.636700001778081
26.981299997714814
16.913899999053683
15.954599999531638
18.560000004072208
18.22869999887189
14.90870000270661
18.88699999835808
18.297000002348796
14.936399995349348
18.50929999636719
17.465299999457784
15.704299999924842
18.35929999651853
18.041399998764973
15.517499996349216
18.652899998414796
17.661300000327174
16.460699996969197
18.459599996276665
27.13170000060927
16.228699998464435
17.897600002470426
17.491700004029553
14.94539999839617
19.45999999588821
17.22650000010617
16.429199997219257
19.4645000010496
17.172300002130214
15.22790000308305
18.42130000295583
17.160399998829234
16.112100005557295
17.653599999903236
17.285300004004966
15.394199996080715
18.351099999563303
17.619700003706384
15.781900001456961
26.207100003375672
18.188500005635433
16.0020000039367
18.48690000042552
17.133000001194887
16.148700000485405
17.864599998574704
17.912199997226708
16.13260000158334
18.178800004534423
17.630399997869972
15.924200000881683
18.489399997633882
17.08119999966584
16.446499997982755
19.627800000307616
17.343599996820558
15.365699997346383
18.595699999423232
20.020000003569294
26.533200005360413
18.55039999645669
16.012600004614796
17.621999999391846
17.32829999673413
18.264499994984362
16.780599995399825
17.120700002124067
14.90370000101393
17.60189999913564
17.082600003050175
15.273899996827822
18.01319999503903
19.059099999140017
17.593700002180412
19.722400000318885
20.321600000897888
17.263800000364427
20.023099998070393
29.265799996210262
17.03839999390766
19.375600000785198
17.578900005901232
16.17850000184262
18.19919999979902
19.38710000104038
17.631000002438668
18.54050000110874
17.356299998937175
16.190999995160382
18.534499999077525
17.271099997742567
16.61640000384068
18.023500000708736
16.797799995401874
15.63729999907082
18.732399999862537
16.559999996388797
16.109500000311527
27.807799997390248
17.37209999555489
15.991699998266995
17.74920000025304
17.6835000020219
15.201800000795629
18.38580000185175
17.63080000091577
16.470199996547308
19.055299999308772
17.2076000017114
17.347000000881962
18.459099999745376
17.14699999865843
16.807100000733044
19.127100000332575
18.204899999545887
16.047299999627285
19.546000003174413
27.596399995672982
16.034599997510668
18.640599999343976
16.908199999306817
15.461000002687797
18.06159999978263
17.57999999972526
14.95259999501286
18.253299997013528
17.526599993288983
16.160600003786385
19.318600003316533
18.190299997513648
16.502300000865944
18.820199999026954
17.47750000504311
16.19609999761451
18.037400004686788
17.199000001710374
17.006900001433678
27.281599999696482
15.68230000702897
17.31870000367053
17.496500004199333
15.377499999885913
17.16350000060629
17.12509999924805
15.897099998255726
16.815800001495518
17.06479999847943
16.013000000384636
17.017999998643063
18.712700002652127
17.351800001051743
19.688000000314787
16.801800004031975
15.606699998897966
17.17889999417821
18.094299994118046
14.237299998058006
28.069500003766734
18.941199996334035
16.330300000845455
19.110300003376324
18.4467999933986
15.12650000222493
19.624800006567966
16.927799995755777
15.973299996403512
18.496199998480733
17.973399997572415
15.86719999613706
18.052700004773214
17.368499997246545
15.841399996133987
18.236500000057276
17.11290000093868
16.934699997364078
18.004099998506717
26.9482000003336
15.811099998245481
18.465900000592228
17.555200000060722
17.71800000278745
18.621499999426305
18.227200002002064
14.803500002017245
19.405199993343558
17.250599994440563
16.38219999585999
17.711100001179148
17.396400005964097
16.148299997439608
18.264199999975972
17.271800003072713
16.025500000978354
18.522400001529604
17.043300002114847
16.148800001246855
27.162399994267616
17.16080000187503
15.802800000528805
18.12640000571264
18.002799995883834
15.894299998763017
19.17719999619294
18.82540000224253
15.098799995030276
19.116099996608682
16.793299997516442
16.78080000419868
18.387199997960124
16.850899999553803
16.16669999930309
17.883499996969476
17.000100000586826
15.770900005009025
17.949699999007862
17.77310000034049
25.259800000640098
20.055900000443216
19.04620000277646
18.569700005173218
18.628700003318954
15.527299998211674
17.708500003209338
17.28469999943627
15.51360000303248
16.7137999960687
17.57759999600239
14.984599998570047
17.67019999533659
16.61890000104904
15.184100004262291
17.631900002015755
17.280300002312288
14.222800004063174
18.57670000026701
26.96740000101272
16.011199993954506
18.340800001169555
18.391799996607006
15.63989999704063
18.331600003875792
16.58970000426052
15.96140000037849
19.303100001707207
16.94300000235671
16.258299998298753
19.067200002609752
17.100299999583513
15.383799996925518
18.23980000335723
17.32569999876432
15.892899995378684
18.451800002367236
17.726300000504125
16.672499994456302
29.940300002635922
18.544899998232722
16.576200003328267
18.058499998005573
17.392999994626734
15.405800004373305
18.16470000630943
17.100000004575122
15.500300003623124
18.645199997990858
16.986699993140064
15.67139999679057
19.18850000220118
17.535699997097254
16.01239999581594
18.312599997443613
17.06199999898672
15.602400002535433
18.282799996086396
27.955999998084735
15.766600001370534
18.4028000003309
17.38140000088606
15.517599997110665
18.43650000228081
17.65499999601161
15.691599997808225
17.94579999841517
17.063100000086706
16.076299994892906
18.32490000379039
16.93150000210153
16.107399998873007
17.963999998755753
16.78919999540085
15.270600000803825
19.26429999730317
17.12559999577934
16.253200003120583
27.442899998277426
15.64459999644896
17.11570000043139
16.811299996334128
15.953400004946161
17.374099996231962
16.714500001398847
15.707500002463348
16.967000003205612
18.336400004045572
15.337699995143339
17.890899995109066
20.06950000213692
18.829500004358124
19.98720000119647
19.559699998353608
17.283499997574836
20.510499998636078
19.16979999805335
17.768499994417652
26.032100002339575
17.48599999700673
16.468899993924424
18.650500001967885
19.211700004234444
17.020599996612873
19.523100003425498
16.71340000029886
16.112700002850033
17.188400001032278
16.691599994373973
15.161199997237418
19.330600000103004
16.98960000067018
15.585699999064673
18.68280000053346
17.08570000482723
16.344600000593346
18.522200000006706
26.50030000222614
15.752300001622643
19.170300001860596
18.084800001815893
14.112799995928071
20.33070000470616
17.210900005011354
15.703999997640494
18.96860000124434
16.714100005629007
16.43329999933485
18.11979999911273
16.925500000070315
16.185500004212372
17.86770000035176
17.29019999766024
15.970100001140963
19.9436999973841
17.474300002504606
15.234599995892495
28.171899997687433
16.98960000067018
15.94910000130767
18.35160000337055
17.793799997889437
16.008099999453407
18.60580000357004
19.08990000083577
15.948399995977525
18.33220000116853
17.048200003046077
15.46529999905033
18.82869999826653
17.394300004525576
16.26830000168411
17.941400001291186
16.90499999676831
15.495399995415937
18.28659999591764
17.048400004568975
23.897899998701178
17.70820000092499
15.877999998338055
17.948900000192225
19.216300002881326
18.24789999955101
21.206299999903422
18.270799999299925
18.439599996781908
19.710699998540804
20.63760000601178
18.39059999474557
19.192100000509527
19.971599998825695
18.20630000293022
20.05180000560358
20.246799998858478
17.920799997227732
20.387399999890476
27.205200000025798
17.774500003724825
19.33370000188006
17.165199998999014
16.90979999693809
18.76030000130413
18.36580000235699
16.988900002615992
19.475599998258986
18.50869999907445
14.937099993403535
17.921899998327717
16.741400002501905
16.81819999794243
17.888700000185054
16.69910000055097
15.814400001545437
18.76260000426555
18.505699998058844
15.914099996734876
28.81350000097882
17.65200000227196
14.951999997720122
19.19629999611061
17.34500000020489
15.54059999762103
18.769800000882242
17.600999999558553
16.03410000097938
18.529699998907745
17.828100004408043
15.532400000665803
18.55280000017956
16.90729999972973
16.471399998408742
17.911900002218317
17.458499998610932
15.709100000094622
17.80779999535298
26.293499999155756
15.781800000695512
18.155599995225202
17.2826999987592
15.253099998517428
19.008300005225465
17.389200002071448
15.331100003095344
18.034299995633774
17.482299997936934
15.4024000003119
19.893799995770678
18.79029999690829
17.446599995309953
20.920100003422704
18.6563000024762
17.650900001171976
21.167599996260833
19.463899996480905
17.867399998067413
29.75989999686135
16.73050000681542
18.674899998586625
19.681300000229385
15.62289999856148
16.840799995406996
17.43719999649329
16.071499994723126
16.761300001235213
16.69160000164993
17.101699995691888
16.194199997698888
16.228799999225885
15.626500004145782
16.984099995170254
17.420999996829778
15.53510000667302
17.559200001414865
16.916000000492204
14.660200002253987
31.198500000755303
17.421800002921373
15.334299998357892
18.222500002593733
20.051500003319234
18.207499997515697
21.834399994986597
20.201300001644995
17.41040000342764
21.150599997781683
16.95350000227336
15.824900001462083
18.74659999884898
16.62860000215005
15.815200000361074
18.669500001124106
17.162700001790654
15.829600000870414
18.654600004083477
27.732300004572608
18.139799998607486
18.32710000599036
17.909900001541246
15.46020000387216
18.28590000513941
17.452899999625515
15.343599996413104
18.881599993619602
16.57159999740543
16.02400000410853
17.835799997556023
17.34990000113612
15.141799995035399
18.8306999989436
17.13269999891054
16.029400001571048
18.42469999974128
17.20709999790415
16.17899999837391
27.869400000781752
19.85670000431128
18.69540000188863
19.968900000094436
17.76360000076238
15.735399996628985
18.22119999997085
17.47099999920465
15.997299997252412
17.874199998914264
17.66160000261152
16.548200001125224
18.68290000129491
19.786099997872952
17.873100005090237
17.851700002211146
16.26090000354452
15.858199993090238
17.922599996381905
17.25389999774052
24.97389999916777
17.718600000080187
16.105100003187545
16.906199998629745
16.861099997186102
15.832600001886021
17.282900000282098
16.916599997784942
15.849600000365172
17.7828000014415
16.634600004181266
15.717599999334197
17.626200002268888
16.89510000142036
15.93769999453798
17.007800001010764
17.578300001332536
14.822800003457814
17.023000000335742
27.56960000260733
16.016199995647185
18.364600000495557
17.416800001228694
16.98690000193892
18.26019999862183
16.66560000012396
17.41799999581417
22.664700001769233
19.283400004496798
16.040300004533492
19.396399999095593
17.781599999580067
16.134500001498964
18.359800000325777
17.07229999738047
15.191300000878982
22.959399997489527
16.947200005233753
15.73389999975916
29.030500001681503
17.30200000019977
15.52819999778876
19.990100001450628
17.789400000765454
16.373800004657824
18.74919999681879
17.469799997343216
16.20309999998426
18.807500004186295
17.082300000765827
15.914399999019224
17.967899999348447
16.79629999853205
