1556.7528000028688
1487.974399999075
1197.3970000035479
1175.333799998043
1142.1940000000177
1050.4153999936534
1015.850900002988
1030.7070999988355
1042.6315000004251
962.1654000002309
914.6240999980364
941.6205999950762
951.1061000011978
888.7993000025745
865.0023000009242
885.1953000048525
832.5685000017984
797.5147000033758
801.1344999977155
832.7381999988575
767.4815999998827
753.596499998821
743.4691000016755
775.5516999968677
752.0555000010063
710.589299997082
689.095499998075
695.6178999971598
688.7711000017589
709.7008999990067
665.3286000000662
666.4074000000255
655.012600000191
649.9286999969627
670.8260000013979
643.0244000002858
688.3320000051754
683.3868999965489
666.0945999974501
703.6556000020937
664.2674000031548
649.0198000028613
655.4178000005777
592.2095999994781
619.509600001038
585.7230000037816
574.3551999985357
567.7977000013925
564.8184000019683
613.0466999966302
614.164399994479
589.4947999986471
605.4806999964057
600.1646000004257
625.3527000008035
591.4952000021003
582.0432999971672
520.5044999966049
559.2780000006314
540.9195000029285
534.3050000010408
557.7822999985074
549.356199997419
501.45850000262726
527.6475999999093
494.8995000013383
493.8672999996925
487.7753999971901
482.8810000035446
544.2142999963835
485.19929999747546
475.98749999451684
468.6241000017617
516.1535000006552
499.22030000016093
465.6191999965813
457.1237999989535
458.6159999962547
485.5385999981081
539.3666000018129
458.85249999992084
456.50999999634223
448.2432999939192
440.6018000008771
470.24729999975534
439.3067999990308
441.0749000016949
435.08469999505905
424.50759999337606
465.0910999989719
429.99289999715984
419.94379999960074
427.18150000291644
442.8693000008934
507.8183000005083
429.16620000323746
419.98379999859026
433.6516999974265
454.23659999505617
473.4840999954031
419.5672999994713
406.3270000042394
441.8511000039871
434.00110000220593
441.37980000232346
402.737900003558
404.3926999947871
395.77489999646787
396.9619999988936
427.3909999974421
405.5597999977181
404.169000001275
400.8504000012181
395.6294999952661
422.6513999965391
393.43290000397246
416.46039999614004
421.6900000028545
427.458399994066
460.7162000029348
430.23489999904996
415.89699999894947
416.26669999823207
420.0617000024067
410.93410000030417
378.98239999776706
384.4692999991821
371.1124999972526
378.3095000035246
418.8085999994655
394.5425000056275
407.35180000046967
418.8066999995499
404.012099999818
405.84810000291327
370.50260000251
380.03089999983786
362.34390000026906
365.90440000145463
416.1286000016844
362.33899999933783
364.0618999997969
399.83029999712016
409.1063000014401
437.49799999932293
400.6035999991582
404.14249999594176
398.31319999939296
366.97819999972126
409.175700006017
392.6026000044658
386.95820000430103
382.2368999972241
376.6725999957998
395.81700000417186
359.82700000022305
361.7348999978276
357.94539999915287
384.95420000253944
379.3708000011975
354.12910000013653
359.4068999955198
357.1224999977858
343.50950000225566
367.7465000000666
339.95449999929406
338.21760000137147
338.5695000033593
339.7601000033319
361.6327000054298
338.5548000005656
339.45240000321064
347.31140000076266
346.027800005686
388.8297000012244
346.05269999883603
334.0658000015537
336.5965999983018
336.1326999947778
409.63490000285674
376.4856999987387
371.8122999998741
375.66480000532465
344.23709999828134
359.30050000024494
338.24290000484325
330.187699997623
330.5308999988483
328.5900999981095
353.5372999976971
328.4801999980118
327.92399999743793
322.45140000304673
324.6733000050881
344.5205000025453
327.6479999985895
321.902499999851
321.7443999965326
327.93559999845456
342.2581999984686
318.46690000384115
317.97769999684533
334.0170000010403
357.98849999991944
390.3807999959099
357.7067999940482
368.8068999981624
351.7945999992662
354.9699000068358
379.4567000004463
320.7771000015782
328.93780000449624
349.835199995141
351.8423999994411
352.2179999999935
322.18509999802336
318.6386000015773
317.1492000037688
316.57950000226265
335.041899998032
308.21570000262
314.2636000047787
311.1953000043286
309.19140000332845
336.60560000134865
297.48169999948004
308.538099998259
309.3236999993678
308.34519999916665
333.07739999872865
306.75029999838443
300.40509999525966
294.01270000380464
294.99309999664547
328.6893000040436
301.34019999968586
300.9803000022657
299.79319999984
303.86279999947874
325.203500004136
298.0000999959884
291.0968999931356
291.8375999943237
294.9038000006112
326.88860000052955
289.0899999983958
283.99560000252677
283.5983999975724
278.4398000003421
315.86629999947036
283.04950000165263
287.65939999721013
282.6608999966993
274.95530000305735
301.4900999987731
273.2026999947266
286.52160000638105
283.1279000020004
289.5889999999781
338.33230000163894
304.6068999974523
309.8376000052667
310.9039000046323
310.32019999838667
335.73559999786085
281.87679999973625
286.3400999995065
283.3414000051562
284.406200000376
336.2162999983411
299.9390000040876
285.32239999913145
310.87330000445945
303.4116000053473
299.12570000306005
280.6318000002648
292.17500000231666
307.42540000210283
309.6344000005047
300.15390000335174
272.2818000038387
288.07039999810513
267.40880000579637
273.02790000248933
291.35699999460485
273.295799997868
312.15269999665907
303.11259999871254
299.890599999344
332.2813999984646
300.1547000021674
276.46130000357516
278.3105000053183
271.71130000351695
300.0076000025729
274.006499996176
277.5210999971023
275.30839999963064
276.8064999982016
301.86759999924107
280.03780000290135
269.5218000008026
300.5431999990833
272.34560000215424
292.864399998507
269.97010000195587
276.26430000236724
276.77330000005895
276.2300999966101
301.2735000011162
273.7431000059587
274.295200004417
276.00739999616053
279.32739999960177
303.84480000066105
271.6779000038514
271.40460000373423
269.12889999948675
274.87930000643246
296.04010000184644
278.4694000001764
277.2681999995257
282.09159999823896
281.90109999559354
305.3741999974591
275.56770000228425
278.65010000095936
274.4745000018156
277.2841999976663
312.55699999746867
279.09660000295844
279.6521999989636
277.9214999973192
277.5599000015063
302.4518999955035
275.46779999829596
278.669200000877
272.0432999994955
274.383999996644
297.96340000029886
273.19659999920987
269.0031000020099
274.57139999751234
270.7440000012866
293.9946000042255
264.97119999839924
264.4499999951222
268.28780000505503
268.8118000005488
293.87510000378825
267.5686000002315
270.2396000022418
266.39330000034533
268.64210000348976
291.9051999997464
263.9573000051314
267.03469999483787
266.32380000228295
262.9372000010335
285.2723000032711
265.3126999939559
264.47170000028564
263.14320000528824
263.5009000005084
286.3243000028888
252.99099999392638
255.66280000202823
273.7963999970816
276.9808000011835
310.5111999975634
258.6557000031462
259.60789999953704
259.7220000025118
258.56260000000475
271.4512999955332
251.76169999758713
282.15800000180025
263.2420999943861
257.9452999998466
282.7552000017022
259.0760999955819
253.8843000002089
252.33709999884013
247.9100999989896
282.40139999979874
252.88519999594428
256.7702000014833
257.44229999691015
256.627099995967
273.73260000604205
254.15639999846462
260.9149999989313
256.04520000342745
258.7904999963939
281.2454000013531
249.86170000192942
253.01910000416683
253.82730000274023
252.87569999636617
277.006899996195
245.96649999875808
251.5845999951125
253.49190000270028
251.83389999438077
276.3635000010254
249.84389999735868
244.10830000124406
250.8473000052618
248.7531999940984
274.3722999948659
253.21860000258312
250.66010000591632
262.7950999958557
271.6694999980973
291.8664000026183
251.24799999321112
251.57030000264058
258.4004000018467
248.8805999964825
274.7270000036224
247.07529999432154
247.37699999968754
248.324500003946
254.3022000027122
273.4218999976292
246.24990000302205
242.03799999668263
242.90450000262354
242.64479999692412
268.36460000049556
266.5160999968066
262.5495999964187
266.0773999959929
248.37160000606673
270.3685000014957
246.8832000013208
246.50009999459144
242.11050000303658
265.6232000008458
293.0199999973411
249.40220000280533
251.7059000019799
247.30990000534803
239.38620000262745
265.1666999954614
240.04910000076052
259.8017999989679
265.7154999978957
265.31339999928605
271.04099999996834
242.85729999974137
244.07589999464108
245.51350000547245
243.36919999768725
266.73780000419356
242.41210000036517
239.5338999995147
237.23769999924116
241.5571000019554
267.7611999970395
241.66500000137603
238.3644000001368
236.30290000437526
233.78600000432925
262.0647000003373
237.18759999610484
235.13269999966724
237.95740000059595
232.58979999809526
253.28889999946114
229.3573999995715
230.4567999963183
235.46319999877596
231.5796000038972
246.75659999775235
222.86470000108238
227.58179999800632
224.62080000696005
255.45700000657234
278.75679999851855
245.9554000015487
244.58040000172332
248.55419999948936
224.20279999641934
252.28339999739546
229.422299998987
228.1375999955344
226.79369999968912
228.49509999650763
246.65950000053272
234.77029999776278
244.5475999993505
253.57570000051055
231.37919999862788
247.67340000107652
220.00209999532672
246.69429999630665
250.7915000023786
247.65509999997448
254.39639999967767
226.22750000300584
226.8463000000338
228.2850999981747
229.42740000144113
260.3090999982669
222.3569999987376
248.3053000032669
246.70419999893056
243.51810000371188
277.8056999959517
244.77499999920838
245.12379999941913
225.33409999596188
221.23550000105752
242.9416000013589
215.7193000020925
222.27179999754298
223.87899999739602
216.99210000224411
248.54680000134977
223.3397000018158
218.02860000025248
221.24210000038147
219.07980000105454
270.4050000029383
225.22179999941727
218.2799000001978
241.79279999952996
240.19299999781651
241.5744000027189
218.11929999967106
238.80279999866616
220.32900000340305
216.22500000376021
244.28560000524158
222.0757999966736
223.7292999998317
212.4041999995825
217.53829999943264
244.3074000038905
219.33269999863114
219.17509999912
222.57510000054026
219.84579999843845
242.87429999822052
215.23399999568937
214.88820000377018
218.0434999972931
213.5086999987834
232.2238999986439
217.8310999952373
215.39990000019316
215.5066999985138
213.27220000239322
236.6824999990058
222.6343000002089
235.2201999965473
238.7862999967183
225.7742000001599
264.3672999984119
227.35760000068694
237.4409999974887
233.9812999998685
213.63840000412893
231.46809999889228
209.52839999517892
211.09419999993406
211.8138000005274
214.07209999597399
230.01629999635043
208.0883999951766
213.16579999984242
211.63139999407576
210.85730000049807
231.01210000459105
196.2022000006982
200.41779999883147
204.50820000405656
205.53990000189515
220.6510999967577
207.5323000026401
203.0300000042189
218.1923999960418
227.37879999476718
249.17639999330277
219.4554000016069
220.52000000257976
226.91499999928055
220.62970000115456
258.42220000049565
209.06709999690065
229.33679999550804
227.75610000098823
225.36850000324193
249.49239999841666
204.92960000410676
210.2801999935764
201.02870000118855
202.44570000068052
226.27690000081202
205.57260000350652
207.1557000017492
206.3328999938676
207.01820000249427
231.9470000002184
206.369800005632
201.6317999950843
200.96229999762727
199.83679999859305
223.7819000001764
199.83330000104615
203.22440000018105
198.23580000229413
196.66029999643797
228.95460000290768
197.91760000225622
197.91350000014063
201.02829999814276
196.54799999989336
222.23910000320757
220.03029999905266
200.52140000188956
201.49420000234386
195.4609000022174
223.0755999989924
199.29039999988163
200.3504000022076
199.66380000550998
200.62340000004042
221.02520000044024
197.34439999592723
196.02129999839235
196.70549999864306
198.2586000012816
223.72799999720883
203.49480000004405
197.35840000066673
197.59589999739546
198.18410000152653
221.62569999636617
196.9918000031612
197.27920000150334
197.78219999716384
197.26359999913257
227.13890000159154
212.20480000192765
203.23060000373516
209.81770000071265
209.60300000297138
232.64889999700245
210.79150000150548
208.7478999965242
207.86740000039572
200.41990000027
224.8388000007253
195.42430000001332
193.22700000338955
193.7913000001572
190.5789000011282
218.05619999940973
189.33500000275671
195.92390000616433
198.7451000022702
196.10990000364836
215.9373000031337
191.38540000130888
190.80660000327043
200.04890000564046
196.39230000029784
223.38070000114385
200.11599999997998
192.96540000505047
193.71689999388764
214.58629999688128
233.8646000061999
190.15539999963949
190.23770000057993
198.0044000010821
193.87510000524344
215.87279999948805
193.21750000381144
190.12259999726666
189.58119999297196
189.84479999926407
220.8249000032083
189.51449999440229
190.77200000174344
188.16740000329446
190.07769999734592
209.76450000307523
191.55360000149813
189.79099999705795
191.06559999636374
190.15460000082385
216.10770000552293
192.8732000014861
196.0943000012776
191.35120000282768
189.6850999983144
225.37519999605138
203.8654999996652
206.92769999732263
198.713099998713
193.81460000295192
213.37840000342112
203.48699999885866
190.03759999759495
191.7579000000842
193.31679999595508
216.41339999769116
192.4088000014308
193.89760000194656
196.96540000586538
195.37990000389982
218.25649999664165
189.89249999867752
196.95810000121128
193.94930000271415
192.4725999997463
217.2567000015988
194.12069999816595
189.67659999907482
196.6891000047326
194.6592000022065
214.67179999308428
186.40549999690847
191.01660000160336
190.3634999980568
188.43829999968875
212.8145999959088
188.25569999899017
190.821699994558
189.1068000040832
183.6496999967494
212.45959999941988
189.3359999958193
188.30419999721926
181.9035999942571
186.90509999578353
206.71659999788972
189.56810000236146
186.55699999362696
183.0580999958329
193.10330000007525
218.5784000030253
184.0966000017943
182.3679999943124
187.56009999924572
186.81359999754932
207.99409999744967
183.45640000188723
180.83060000208206
177.70300000120187
184.59189999703085
235.96879999968223
186.44169999606675
188.26560000161408
186.8386999994982
185.13900000107242
208.91180000035092
186.23540000407957
188.63360000250395
182.60949999967124
180.88809999608202
201.50719999946887
181.59100000048056
180.45590000110678
175.25670000031823
175.64169999968726
240.717599997879
184.16540000180248
177.9898000022513
173.19169999973383
170.27510000480106
200.11130000057165
175.275599998713
173.76409999997122
177.3283000002266
178.63779999606777
196.21339999866905
175.9338999981992
172.00619999493938
171.354700003576
174.42339999979595
197.66019999951823
176.28520000289427
177.1876999991946
170.1032999990275
175.24369999591727
192.39839999499964
169.9332999996841
172.0354999997653
192.74269999732496
194.47650000074646
194.54720000067027
175.41550000169082
177.00340000010328
173.46070000348845
179.5066999984556
200.0158000009833
171.15950000152225
190.63219999952707
176.3199999986682
183.90599999838741
195.39950000034878
173.13380000268808
169.6109999975306
193.0833000005805
180.9265999982017
193.44850000197766
175.75719999877037
170.22200000064913
171.13249999965774
172.61000000144122
192.9651999962516
171.50019999826327
169.39679999632062
170.35520000354154
165.8878999951412
186.8400000021211
170.25940000166884
170.08229999919422
166.7514000000665
173.11370000243187
199.5981000000029
194.37720000132686
188.74090000463184
189.27850000181934
190.41270000161603
217.18289999989793
189.83780000417028
186.77159999788273
186.723400001938
172.48070000641746
196.37230000080308
168.08279999531806
174.95510000298964
169.07280000305036
169.26499999681255
190.01650000427617
169.4802999991225
174.03270000068005
173.6347999976715
168.61639999842737
193.5622000019066
173.06429999734974
173.84550000133459
175.44879999331897
177.02119999739807
197.53050000144867
177.08719999791356
177.56720000033965
175.7962999981828
172.01039999781642
196.76890000118874
181.00000000413274
189.44729999930132
172.08219999884022
172.82939999859082
198.00240000040503
177.1491999970749
176.51130000012927
174.75070000364212
172.913399997924
192.9327000034391
170.61060000560246
174.96149999351474
173.6116999963997
175.2039999992121
200.8955999990576
175.330700003542
175.19480000191834
173.5834999999497
176.019799997448
198.0905000018538
177.95200000546174
178.13140000362182
174.13560000568395
167.43850000057137
195.28999999602092
173.36470000009285
177.85960000037448
175.22610000014538
176.303199994436
199.50799999787705
176.27840000204742
176.96650000289083
177.17570000240812
179.41359999531414
200.94199999584816
191.6812999988906
182.1905000033439
177.2895000030985
176.9222999937483
200.8757000003243
177.5086000052397
170.69289999926696
190.29279999813298
198.5516999993706
226.31710000132443
193.80100000125822
196.25680000171997
190.56420000561047
194.6948999975575
221.70870000263676
198.64349999988917
167.74589999840828
178.05000000225846
176.13020000135293
193.14489999669604
175.90589999599615
177.43580000387738
174.49589999887394
175.81860000063898
192.38449999829754
171.6039000020828
173.57260000426322
173.9531999992323
173.06880000251113
194.46849999803817
176.47450000367826
165.1748000003863
170.5560999980662
171.92500000237487
194.54559999576304
172.09649999858811
168.86840000370285
164.91469999891706
169.45139999734238
195.61329999851296
172.16690000350354
170.194199999969
172.4192000037874
171.48989999986952
194.38660000014352
172.80089999985648
192.95250000141095
188.23329999577254
174.8306000008597
215.90300000389107
195.56140000349842
173.13969999668188
173.41440000018338
174.72499999712454
197.980800003279
164.20389999984764
165.98330000124406
170.166000003519
172.08810000011
192.71609999850625
169.11189999518683
168.15649999625748
166.30830000212882
166.90400000516092
191.72960000287276
168.0599999963306
166.44150000502123
166.54209999978775
165.02329999639187
188.04549999913434
165.90610000275774
163.00090000004275
165.96640000352636
163.52489999553654
188.67089999548625
168.14270000031684
169.74829999526264
165.69100000197068
187.59859999408945
214.50560000084806
166.74459999921964
166.82809999474557
165.88010000123177
168.19050000049174
187.88640000275336
165.82710000511725
165.34300000057556
168.31960000126855
171.38999999588123
183.54159999580588
165.29729999456322
165.65129999798955
164.192299998831
163.226399999985
187.56679999933112
163.97909999795957
170.13959999894723
159.54839999903925
165.0149999986752
189.66290000389563
163.71769999386743
168.49830000137445
165.99659999337746
163.90939999837428
179.8936999985017
162.63549999712268
160.088699994958
161.52050000528106
159.56420000293292
184.11729999934323
163.30619999644114
162.23709999758285
163.36160000355449
163.0654999971739
187.77029999910155
163.85719999379944
161.72309999819845
155.86919999623206
160.35779999947408
178.66480000520824
155.56359999754932
165.22619999886956
174.19829999562353
178.91860000236193
204.13909999479074
186.58069999946747
180.1354999988689
186.04869999398943
186.13510000432143
201.67760000185808
182.04249999689637
185.9011000051396
186.02719999762485
170.42159999982687
187.06699999893317
162.94010000274284
159.38219999952707
158.8040999995428
163.42489999806276
179.01790000178153
160.0109999999404
157.24219999538036
164.0116999988095
161.02530000353
185.66280000231927
180.3527000010945
168.40570000204025
160.483400002704
160.8118000003742
184.6291999972891
161.97639999882085
161.97159999865107
156.50179999647662
160.61479999916628
184.47079999896232
171.83830000431044
180.6947000004584
160.74439999647439
164.72880000219448
178.46690000442322
162.49209999659797
155.45790000032866
161.06710000167368
162.72350000508595
184.16889999934938
155.71940000518225
157.70570000313455
185.2115000001504
178.61550000088755
181.3789000007091
158.3870999966166
153.82079999835696
150.1935999986017
152.40360000461806
174.83879999781493
147.75369999551913
159.0550999972038
174.95629999757512
175.65750000358094
195.84870000107912
177.2659999987809
181.8139999959385
178.02510000183247
176.57550000149058
206.30940000410192
176.01940000167815
176.95390000153566
180.5504999938421
161.62560000520898
192.13040000613546
171.94600000220817
151.57989999715937
154.86450000025798
176.92890000034822
180.40800000017043
154.39799999876413
155.86420000181533
154.9804000023869
151.3723999960348
178.1730000002426
153.62950000417186
152.23150000383612
151.64840000215918
154.30539999942994
177.2223000007216
166.56379999767523
153.20320000319043
152.2283000012976
151.4381000015419
178.40830000204733
155.33689999574563
155.98559999489225
154.42759999859845
145.74260000517825
174.19890000019222
150.75009999418398
148.65140000620158
154.09039999940433
157.05599999637343
188.50060000113444
155.58769999915967
155.63910000491887
156.03159999591298
154.7461999944062
188.17309999576537
164.79379999509547
171.03409999981523
167.32059999776538
170.74549999961164
202.71540000248933
170.1619999948889
159.0483000036329
152.64720000413945
154.9629000001005
174.13089999899967
157.06040000077337
163.89980000531068
173.02159999962896
172.18439999851398
196.95990000036545
171.69230000581592
174.8654999973951
172.04540000238921
163.61999999935506
179.09639999561477
152.7247999983956
150.9351999993669
157.22180000011576
158.5759000008693
173.5830999969039
148.72720000130357
163.97919999872101
170.8135999942897
167.7339999951073
199.65699999738717
162.18929999740794
150.0097999960417
152.07370000280207
147.003300000506
171.81510000227718
152.6064999998198
151.83310000429628
163.4196000013617
167.72260000288952
181.1978999976418
150.97419999801787
145.5402999999933
150.7597000017995
151.38930000102846
172.9881000064779
152.32600000308594
150.49240000371356
148.766300000716
150.39119999710238
170.31239999778336
150.43859999423148
149.01979999558534
147.32940000249073
149.91059999738354
173.83759999938775
153.37189999991097
153.94589999777963
152.29299999919022
150.07289999630302
169.27510000095936
149.51730000029784
152.3220000017318
149.19319999899017
150.85260000341805
180.34150000312366
174.15469999832567
174.2078000024776
170.3311000019312
161.57129999919562
178.54449999867938
153.2535000005737
153.03899999707937
150.1678000058746
153.21769999718526
184.94570000621025
164.57359999913024
153.43600000051083
146.29530000092927
149.40300000307616
172.2343000001274
150.31480000470765
150.15439999842783
155.27930000098422
155.06070000265026
177.694000005431
156.16299999965122
152.69030000490602
151.16880000277888
157.81569999671774
186.66050000319956
163.77990000182763
152.82800000568386
153.89610000420362
151.9616000005044
175.33849999745144
152.28940000088187
153.04819999437314
147.1808000060264
153.4971000000951
175.3060999981244
152.17000000120606
153.01159999944502
151.74289999413304
151.13940000446746
174.27970000426285
151.95339999627322
147.8251000007731
147.02230000693817
160.74720000324305
170.43030000058934
150.16270000342047
152.28539999952773
152.55880000040634
152.8894000002765
172.21730000164825
150.1611999992747
149.29319999646395
145.6800000014482
152.14130000094883
167.23730000376236
150.52779999678023
150.24019999691518
150.09750000172062
149.96319999772822
168.92330000700895
150.94239999598358
150.2226000011433
149.3415000004461
149.25159999984317
171.430499998678
145.3406000000541
148.37789999728557
150.605099996028
147.42850000038743
174.48379999405006
147.12780000263592
150.2942000006442
148.96600000065519
152.4213000011514
174.21910000120988
149.1796999980579
148.16489999793703
148.4030999999959
151.5125000005355
167.4637000032817
152.69229999830713
148.31910000066273
145.6188000011025
150.79729999706615
172.02030000044033
147.04060000076424
149.9370999954408
150.79620000324212
150.13429999817163
172.73109999950975
146.15390000108164
146.06279999861727
149.14329999737674
144.76640000066254
167.8585000045132
149.7393000026932
147.484599998279
148.16799999971408
148.0574000015622
189.32360000326298
157.5645999982953
162.99050000088755
143.3644999997341
138.95409999531694
166.78800000227056
147.76780000102008
145.45519999956014
144.60590000089724
144.05490000353893
167.20179999538232
143.7426000047708
144.07189999474213
144.3645000035758
144.01080000243383
161.45569999935105
141.2681000001612
144.80470000125933
162.77030000492232
154.30230000492884
179.21290000231238
154.76630000193836
150.637500002631
155.5443000033847
156.86420000565704
178.9284000042244
154.6948999966844
148.53929999662796
146.62840000528377
144.55610000004526
167.62330000346992
143.33120000083
143.992099998286
143.30920000065817
145.52399999956833
167.56759999407222
143.91729999624658
141.29179999872576
144.14949999627424
144.35510000475915
167.74509999959264
145.9861000039382
145.66970000305446
145.485799999733
147.95949999825098
169.32220000308007
147.49310000479454
143.3164999980363
141.76940000470495
146.71570000064094
170.0903000019025
148.85539999522734
142.77620000211755
144.20419999805745
162.54500000650296
190.99960000312421
161.1419000037131
146.865999995498
146.8045000001439
140.46199999575038
160.4181000002427
139.54480000393232
139.64970000233734
140.0121999977273
139.80739999533398
167.18630000104895
143.9777999985381
143.8616000014008
141.66770000156248
136.90499999938766
164.57770000124583
141.19480000226758
143.86689999810187
143.82630000181962
142.82350000576116
165.16269999556243
145.76880000095116
149.03249999770196
143.14739999826998
142.1450999987428
158.6031000042567
142.86960000026738
140.42210000479827
141.98400000168476
139.25440000457456
164.7231999959331
142.86300000094343
140.58940000541043
140.3915999981109
140.51939999626484
155.9250999998767
139.35560000390979
137.39260000147624
133.58790000347653
134.14039999770466
154.79580000101123
132.93100000009872
133.49359999847366
134.06060000124853
134.34699999925215
163.38460000406485
141.7516000001342
137.2207999957027
138.46620000549592
137.77619999746094
166.62920000089798
137.59960000606952
136.116800000309
134.5593000005465
130.9354999975767
151.95639999728883
140.48600000387523
131.46869999764021
135.13640000019222
138.0328000013833
157.1836999937659
131.91969999752473
131.9641000009142
135.20520000020042
135.61060000211
156.6062999991118
137.49559999996563
135.8851999975741
132.27159999951255
150.22429999953602
183.59729999792762
132.1546999970451
136.26669999939622
138.34760000463575
135.3428000002168
158.3286000022781
139.83210000151303
138.0176999955438
147.93929999723332
150.8761000004597
177.8580000027432
157.38489999785088
144.12649999576388
136.27360000100452
138.3304999981192
158.4325000003446
138.665199992829
136.60669999808306
135.96440000401344
137.64199999423
159.15900000254624
138.17310000013094
138.50449999881675
136.5940999967279
138.51729999441886
175.31000000599306
154.18969999882393
150.21030000207247
136.34450000245124
138.47469999745954
158.29240000311984
140.4480000055628
148.048100003507
146.76499999768566
153.65980000206036
157.88830000383314
133.91959999717074
135.4423000011593
136.63909999741009
134.5089000024018
152.6402000017697
134.50740000553196
130.3295000034268
130.83970000297995
131.5658000021358
151.98049999889918
131.32909999694675
133.9533999998821
133.8845999998739
133.75210000231164
155.69479999976465
131.44330000068294
135.3333000006387
135.75639999908162
135.31769999826793
156.38880000187783
135.5159000013373
135.31810000131372
135.66680000076303
135.72060000296915
154.03349999542115
135.01700000051642
130.5307000002358
137.21169999917038
136.90450000285637
156.77109999523964
135.2351000023191
132.64689999778057
135.9565000020666
128.33800000225892
158.38919999805512
136.07210000191117
137.7920000013546
131.46210000559222
134.698899993964
162.61529999610502
150.31869999802439
131.54930000018794
131.4217999970424
132.43040000088513
157.08699999959208
134.9467000036384
128.91619999572868
133.13340000604512
132.06070000160253
152.0343000011053
131.12569999793777
134.83580000320217
134.39379999908851
133.2862000053865
157.23699999944074
133.55450000381097
151.86420000100043
138.95310000225436
130.45150000107242
152.46879999904195
127.50800000503659
131.31959999736864
126.85780000174418
131.762200006051
155.87569999479456
135.22270000248682
135.8609999952023
132.22820000373758
134.188299998641
153.589200002898
134.62959999742452
134.16460000007646
147.04039999924134
150.9370999992825
172.49929999525193
133.059100000537
132.2760000039125
130.8493000033195
130.21869999647606
146.48619999934454
133.91889999911655
129.64880000072299
130.20159999723546
127.59440000081668
161.94330000143964
153.75050000147894
150.42189999803668
135.7778999954462
128.97150000208057
175.204200000735
142.83989999967162
134.7001999965869
141.64679999521468
151.7156000045361
178.42899999959627
137.6696000006632
135.79459999891696
136.45820000238018
131.06239999615354
152.31599999970058
134.98420000541955
137.00190000236034
134.69739999709418
133.83570000587497
154.9624000035692
132.9457000028924
134.96139999915613
133.2810999956564
134.16430000506807
154.5436000014888
131.94729999668198
137.0147999987239
128.730500000529
134.47509999969043
155.47750000405358
136.07819999742787
129.37699999747565
131.45169999916106
130.8400999987498
153.26819999609143
127.47469999885652
133.19849999970756
132.1998000057647
132.635100002517
152.86149999883492
131.87599999946542
131.42180000431836
130.2767999950447
131.9736999939778
153.7356000044383
135.33539999480126
132.14979999611387
132.32520000019576
130.65089999872725
151.54259999690112
131.3626999981352
131.38350000372157
131.0425999981817
132.8672999952687
152.201500000956
132.9122999959509
132.7919000032125
130.52089999837335
123.88279999868246
149.31329999672016
128.9321000003838
129.63889999809908
131.28839999990305
132.8131999980542
154.91020000627032
134.21139999991283
134.94470000296133
134.54830000409856
134.79679999727523
157.08330000052229
134.0148999952362
138.04689999960829
135.43860000208952
135.72890000068583
160.06130000459962
132.76980000227923
132.00469999719644
157.14889999799198
150.7043999954476
176.84680000093067
148.61480000399752
134.13410000066506
134.40339999942807
133.82999999885214
149.70130000438076
135.03969999874244
131.2190999960876
133.57820000237552
134.43959999858635
175.4092999981367
148.56890000373824
135.15639999968698
130.61929999821587
132.17470000381581
149.1874999992433
134.1353000025265
133.59410000703065
132.8337000013562
136.36949999636272
152.70930000406224
134.20839999889722
132.5102999981027
133.83489999978337
134.01059999887366
154.36760000011418
132.6314000034472
132.4626999994507
133.98079999751644
129.83489999896847
156.61009999894304
134.15149999491405
131.40220000059344
131.04939999902854
126.70349999825703
158.65809999377234
132.2137999959523
134.74619999760762
135.72669999848586
133.976299999631
158.09530000115046
134.89929999923334
134.18329999694834
133.33169999532402
129.72109999827808
155.51090000371914
132.7515000011772
132.91999999637483
134.79129999905126
127.9456000047503
154.0924999935669
132.32509999943431
134.01179999345914
132.63000000006286
133.22409999818774
148.91339999303455
129.5698000030825
131.01910000114003
127.52329999784706
129.06680000014603
159.2910999970627
142.82120000279974
128.6035000011907
131.48950000322657
132.28330000129063
148.1327000001329
135.01990000077058
141.320499998983
141.22939999651862
141.5244999952847
159.36550000333227
143.21909999853233
131.2051999993855
130.34959999640705
130.57719999778783
155.23070000199368
128.3118999999715
123.68670000432758
127.72899999981746
127.65330000547692
153.5887999998522
131.56760000128997
129.10800000099698
127.14150000101654
133.68249999621185
150.61440000135917
128.96399999590358
133.596600004239
130.31829999818
134.44230000459356
155.9454000016558
128.8230999998632
133.8538999989396
128.96029999683378
134.46250000561122
150.55939999729162
135.18469999689842
132.52949999878183
133.75249999808148
130.1508000033209
149.96969999629073
129.13059999846155
131.21789999422617
128.85739999910584
131.27270000404678
150.7904999962193
130.34370000241324
124.6469999969122
125.04300000000512
128.34780000412138
146.49110000027576
131.97659999423195
130.7273999991594
128.78519999503624
127.76480000320589
151.81529999972554
129.6468999935314
128.55679999483982
128.2165000011446
129.61600000562612
152.7129000023706
126.32280000252649
127.18369999493007
127.7226999955019
124.8395000002347
150.6167000043206
139.48269999673357
129.81700000091223
131.3153000010061
126.10119999590097
142.09200000186684
124.32979999721283
127.02510000235634
133.92359999852488
145.62609999848064
158.69329999986803
141.20070000353735
142.71110000117915
142.68950000405312
138.81560000299942
152.83869999984745
123.28710000292631
125.74449999374337
130.6657000022824
129.6795000016573
150.156199997582
131.25299999956042
130.2374000006239
127.05650000134483
130.40249999903608
163.47829999722308
146.22740000049816
142.2394000037457
128.64610000542598
132.42530000570696
154.04039999702945
132.13199999881908
132.5582999998005
131.82619999861345
127.32420000247657
153.71190000587376
133.4264000033727
136.14509999752045
132.89660000009462
130.98819999868283
149.0711000005831
135.5117999992217
132.83640000008745
133.24390000343556
126.59319999511354
154.63189999718452
132.48569999996107
132.1929999976419
129.91930000134744
132.28109999909066
151.06609999929788
131.86810000479454
131.3028000004124
133.28290000208654
127.47099999978673
153.53529999993043
130.35369999852264
132.48830000520684
134.25950000237208
134.09640000463696
155.4850999964401
134.43460000416962
132.41259999631438
127.83369999669958
134.53419999859761
154.06069999880856
131.94559999828925
132.1779999998398
142.44850000250153
139.24430000042776
164.93630000331905
141.94639999914216
144.5008999944548
130.47600000572857
136.29620000574505
162.7613000018755
140.5771999998251
140.87470000231406
139.78399999905378
142.37579999462469
165.72900000028312
130.9733000016422
129.19289999990724
123.23060000198893
131.91659999574767
151.71440000267467
130.34760000300594
131.3737999953446
128.63710000237916
129.4560999958776
151.76849999988917
131.0176000042702
128.7575000023935
131.6690999956336
131.53040000179317
150.91490000486374
132.45430000097258
129.2697999961092
127.45709999580868
124.62000000232365
148.08610000181943
126.08349999936763
126.57739999849582
126.28360000235261
127.03970000438858
147.84140000119805
128.66550000035204
131.44779999856837
128.05700000171782
127.62250000378117
147.11769999848912
133.4770999965258
127.75980000151321
132.03060000523692
131.81309999345103
154.0556000036304
127.37660000129836
125.93809999816585
128.9628000013181
131.89710000006016
151.43610000086483
126.05020000046352
124.05439999565715
127.38510000053793
126.92709999828367
143.30069999414263
125.68749999627471
120.0304000012693
125.11320000339765
123.95039999682922
145.74739999807207
125.54310000268742
127.44010000460548
123.74160000035772
119.52469999960158
144.00110000133282
123.48190000193426
122.94630000542384
123.00770000001648
120.97779999749037
145.62930000101915
124.73469999531517
127.31770000391407
124.43399999756366
119.46670000179438
145.82839999638963
124.73749999480788
125.37599999632221
141.63689999986673
127.01790000573965
147.8246999977273
126.72519999614451
127.22499999654246
122.41219999850728
128.3594999986235
151.21299999736948
130.82870000653202
126.81750000047032
123.25889999920037
124.04349999997066
143.82040000054985
119.09800000285031
121.43869999999879
122.4110000039218
122.37050000112504
135.8297000042512
123.59999999898719
124.37019999924814
122.16920000355458
127.29219999891939
169.76279999653343
149.77450000151293
123.53750000329455
127.16669999645092
141.82199999777367
148.01379999698838
126.69699999969453
124.7596999965026
121.48100000194972
126.27120000252035
142.69490000151563
128.06419999833452
127.6815000019269
127.33709999884013
128.21409999742173
152.69859999534674
127.01039999956265
145.73009999730857
145.51059999939753
140.3439999994589
150.35689999785973
127.09419999737293
127.18029999814462
124.96850000025006
126.59800000255927
147.92689999740105
125.79700000060257
124.16120000125375
126.96480000158772
126.63849999808008
150.74070000264328
125.70309999864548
132.20049999654293
132.80569999915315
124.599800001306
149.84589999949094
127.0513999988907
130.17409999883967
129.16989999939688
130.32899999961955
149.097299996356
129.8363000023528
128.21619999886025
130.03350000508362
128.93320000148378
164.59360000590095
134.06720000057248
127.00110000150744
123.2285999940359
125.56790000235196
146.81990000099177
126.36609999754
126.30370000260882
127.49369999801274
150.87019999918994
164.99230000044918
139.98739999806276
144.54930000647437
139.89840000431286
140.86870000028284
167.46409999905154
140.8584000018891
147.07030000136
138.22719999734545
126.54679999832297
150.06320000247797
123.27689999801805
137.6237999938894
128.1470000030822
122.91189999814378
149.61729999777162
127.14459999551764
127.40760000451701
125.58759999956237
123.86580000020331
147.26510000036797
121.30590000015218
127.66320000082487
119.96739999449346
125.06289999873843
147.2252999956254
128.81130000459962
123.48779999592807
119.46739999984857
123.59229999856325
147.52620000217576
125.74410000524949
129.56560000020545
140.8850000007078
141.0094000020763
165.4452999937348
143.5369000028004
124.70780000148807
124.41640000179177
124.23659999330994
144.04250000370666
124.61530000291532
120.00450000050478
123.33919999946374
122.56229999911739
144.02070000505773
122.37450000247918
121.81209999835119
120.96390000078827
122.33500000002095
144.32090000627795
121.8072999981814
123.68760000390466
120.85579999984475
123.75119999342132
144.18470000236994
120.11460000212537
118.92230000376003
118.9038000011351
121.00769999960903
136.23740000184625
118.22149999352405
123.0608999976539
122.94090000068536
124.092500002007
144.89450000110082
122.39940000290517
125.23710000095889
124.4446999990032
125.16779999714345
147.06559999467572
125.67459999991115
126.2849000049755
128.22470000537578
125.33740000071703
146.26799999678042
128.62699999823235
127.33350000053179
124.73860000318382
125.0134000001708
146.4135999995051
120.34750000020722
123.16350000037346
124.24279999686405
126.70490000164136
145.96780000283616
125.67039999703411
124.37019999924814
124.90310000430327
125.08859999798005
144.2652999976417
124.07369999709772
124.8797000007471
124.35729999560863
124.48690000019269
144.64560000487836
123.19099999876926
123.25070000224514
123.8223000036669
119.88609999389155
145.38520000496646
125.46569999540225
126.65450000349665
124.20160000328906
124.93569999787724
147.04830000118818
125.54000000091037
122.74089999846183
126.28930000209948
127.41760000062641
148.72389999800362
124.34999999823049
126.49229999806266
129.08479999896372
122.82659999618772
149.19240000017453
128.08559999393765
131.66420000197832
133.36849999905098
129.40059999527875
149.3999000012991
128.17019999783952
130.10129999747733
123.56780000118306
130.169099997147
152.98029999394203
132.88830000237795
127.90659999882337
126.3827999937348
127.91569999535568
146.23949999804609
129.51800000155345
126.91190000623465
126.03739999758545
124.71199999708915
146.05109999683918
128.12750000011874
125.1981999957934
125.92070000391686
126.45649999467423
147.54749999701744
125.81790000695037
129.48709999909624
127.65239999862388
124.99260000186041
153.14460000081453
126.05679999978747
125.12960000458406
125.39620000461582
119.86359999718843
148.0412000018987
125.27589999808697
122.0508999977028
129.08690000040224
129.20999999914784
150.35709999938263
127.26979999570176
130.39170000411104
128.1137000041781
121.3936999993166
148.32580000074813
128.5730000017793
124.31529999594204
126.32460000168066
124.23710000439314
145.27280000038445
125.95810000493657
126.38069999957224
121.12079999496927
125.6811999992351
144.93750000110595
124.8492999948212
140.97210000181803
145.37790000031237
131.9567000027746
167.88480000104755
144.03440000023693
148.3894999983022
147.71969999856083
147.22379999875557
151.06530000048224
128.44919999770354
129.34790000144858
128.48880000092322
126.53420000424376
147.2102999978233
127.60870000056457
126.94829999963986
123.10530000104336
131.26950000150828
171.16130000067642
136.47629999468336
128.7979999979143
126.44469999941066
120.03950000507757
143.28109999769367
125.72289999661734
125.82819999806816
122.28599999798462
127.97499999578577
148.62390000052983
127.33780000417028
127.44100000418257
127.31459999486106
126.77989999792771
149.46889999555424
127.08669999847189
126.98189999355236
124.98979999509174
127.50089999462944
150.33660000335658
126.68010000197683
127.88639999780571
127.44850000308361
127.99049999739509
145.15209999808576
129.05020000471268
128.95989999378799
127.63990000530612
127.7295999971102
150.36870000039926
127.49899999471381
127.5759999989532
127.92049999552546
123.68070000229636
145.89120000164257
124.98929999856045
128.6813999977312
128.84899999335175
128.9325999969151
151.23419999872567
125.52369999320945
130.4736999954912
132.77799999923445
133.5070999994059
151.56869999918854
131.4870999995037
132.4333000011393
129.92600000143284
130.7191000014427
150.3417999992962
128.97149999480462
126.94000000192318
125.99069999851054
126.60999999934575
148.89499999844702
126.95969999913359
121.76940000063041
136.4947000038228
126.47190000279807
148.0440000013914
126.93399999989197
125.86870000086492
126.60830000095302
125.51990000065416
150.47929999855114
126.09720000182278
121.9762000037008
125.84190000052331
124.78189999819733
145.92569999513216
127.68710000091232
124.43939999502618
124.71869999717455
121.47740000364138
144.21109999966575
116.44450000312645
121.51799999992363
122.7294999989681
123.17359999724431
146.21669999905862
121.3897999987239
125.10070000280393
126.92539999989094
128.69489999866346
146.01140000013402
126.94120000378462
133.65340000018477
140.03380000212928
136.15569999819854
161.14999999990687
134.54019999335287
138.87599999725353
137.26889999816194
136.6215000016382
164.38629999902332
128.05590000061784
123.49220000032801
123.23109999852022
125.12019999849144
146.13229999667965
121.55540000094334
124.07450000318931
124.3557999987388
122.55680000089342
145.8003000007011
120.73709999822313
119.15479999879608
124.0375999987009
125.61680000362685
141.391899996961
126.95269999676384
125.17620000289753
121.63370000052964
117.53110000427114
141.67380000435514
124.68719999742461
123.1361999962246
122.01600000116741
121.89119999675313
139.98310000170022
122.97419999958947
123.13980000180891
121.94260000251234
122.58020000444958
144.25219999975525
141.05550000385847
135.55169999744976
138.24210000166204
127.19719999586232
144.78970000345726
123.0513999980758
125.13439999747789
122.90959999518236
127.8630000015255
146.87270000285935
125.28200000087963
122.09319999965373
123.21419999352656
129.0011000019149
150.71670000179438
126.40590000228258
141.4922000039951
145.45660000294447
142.69230000354582
169.8257999960333
136.47409999975935
146.45179999934044
133.84319999750005
125.91719999909401
145.78729999630013
128.21290000283625
127.11549999949057
125.76760000229115
135.17120000324212
171.15429999830667
131.80060000013327
129.36459999764338
122.79319999652216
125.93969999579713
149.1669000024558
126.77859999530483
125.18389999604551
125.79040000127861
126.51710000500316
144.64440000301693
124.08119999599876
121.59399999654852
120.22289999731584
121.64290000509936
145.17589999741176
124.30419999873266
123.27280000317842
119.04219999996712
122.71660000260454
144.02319999499014
117.16220000380417
120.63920000218786
125.38449999556178
124.61439999606228
144.95230000466108
121.25960000412306
129.59150000096997
125.30500000139
125.69839999923715
143.30960000370396
124.92410000413656
124.38290000136476
123.3524999988731
120.22109999816166
164.5485999979428
121.60579999908805
115.07450000499375
120.47629999869969
122.65879999904428
142.71249999728752
121.75580000621267
120.61340000218479
122.46520000189776
121.22119999548886
144.5700000040233
120.75959999492625
121.74860000232002
120.42829999700189
118.0263999995077
160.70409999520052
135.46789999963949
120.97159999393625
122.2803999989992
118.49779999465682
141.67820000147913
121.38569999660831
121.63329999748385
120.99640000087675
121.32890000066254
142.6558999955887
121.72010000358569
120.23839999892516
121.32310000015423
119.02869999903487
139.9507999958587
116.40329999499954
119.93649999931222
119.63560000003781
119.29680000321241
140.1248999973177
119.12040000606794
117.75859999761451
119.08369999582646
122.19029999687336
142.53420000022743
122.28799999866169
125.3013999958057
121.01960000291001
120.90750000061234
136.31499999610242
120.2121000023908
120.26300000434276
122.08649999956833
120.58970000362024
136.5908000007039
118.8899999979185
120.49169999954756
120.14569999882951
118.86769999546232
136.52410000213422
120.49850000039442
114.79029999463819
123.33200000284705
118.649899995944
141.28860000346322
120.90539999917382
120.01790000067558
121.47840000397991
115.17409999942174
144.44630000070902
122.03249999583932
122.38259999867296
119.53229999926407
120.60719999863068
141.47249999950873
121.28310000116471
119.91710000438616
120.78029999975115
126.55259999883128
152.13300000323215
128.55969999509398
127.33619999926304
126.04479999572504
126.96730000607204
151.3042000005953
116.12489999970421
129.28040000406327
123.48600000404986
115.8209000059287
138.24320000276202
116.43580000236398
116.20669999683741
115.99800000112737
119.75049999455223
144.07269999355776
120.59030000091298
121.1366999996244
120.09789999865461
115.74850000033621
140.91439999901922
118.11670000315644
120.12169999798061
120.36029999580933
118.13699999765959
139.03320000099484
117.04610000015236
117.19799999991665
118.29140000190819
117.00569999811705
134.02029999997467
118.33089999709046
118.55820000346284
112.98900000110734
115.47969999810448
134.3611999982386
116.9134999945527
117.06489999778569
118.4270000012475
119.58409999351716
135.21380000020145
114.99779999576276
115.22629999672063
111.44260000583017
114.5327999984147
137.651699995331
119.89729999913834
114.97289999533677
129.29820000135805
126.74200000037672
150.56579999509268
124.13099999685073
120.32270000054268
112.14800000016112
118.49059999804012
137.5740000003134
118.92809999699239
112.07029999786755
115.21920000086538
112.03820000082487
136.2998999975389
127.82790000346722
121.09079999936512
124.58000000333413
124.9074000006658
147.7221000022837
124.20649999694433
124.93189999804599
125.94800000078976
123.3314999990398
135.743699996965
112.2243999998318
115.70840000058524
126.5925999978208
128.0209999968065
138.80340000469005
117.97439999645576
120.35389999800827
118.2598000013968
119.76519999734592
138.80679999419954
117.34550000255695
112.32520000339719
117.40849999478087
115.19989999942482
137.62219999625813
114.95370000193361
116.30700000387151
116.19210000208113
119.71000000630738
141.13779999752296
121.68080000265036
120.99129999842262
118.83539999689674
118.8925999958883
141.83090000005905
116.01099999825237
127.44849999580765
125.30310000147438
125.46100000326987
150.72770000551827
128.31790000200272
129.49940000544302
129.25720000203
128.94360000063898
152.89680000569206
117.68019999726675
118.6331999997492
114.9823000014294
121.20300000242423
138.22970000182977
117.0842999999877
118.06680000154302
119.68660000275122
118.40430000302149
137.9882999972324
118.03329999384005
119.32389999856241
137.97420000628335
131.09550000081072
157.36309999920195
133.1828999973368
130.127900003572
134.61410000309115
114.66180000570603
141.49449999968056
117.21260000194889
116.79839999851538
116.3617999991402
116.19320000318112
132.8499000010197
119.03979999624426
118.91280000418192
138.4290999994846
118.36139999650186
143.44680000067456
121.46170000050915
129.83119999989867
121.53720000060275
116.30200000217883
141.1108999964199
122.845400001097
118.09070000163047
119.14919999981066
119.99880000075791
138.3332999976119
120.76800000068033
119.1331000009086
120.96720000408823
116.43349999940256
143.1897000002209
122.13139999948908
120.66829999821493
115.39060000359314
120.27400000079069
143.46500000101514
120.7291999962763
115.20349999773316
114.91669999668375
118.71359999349806
139.8544000039692
122.835699999996
125.7127999997465
118.41069999354659
115.62789999879897
138.63999999739463
116.15350000647595
115.93100000027334
114.97509999753674
118.83099999977276
156.3867000004393
135.63069999509025
137.09609999932582
122.17260000034003
120.52799999946728
144.474499997159
123.90760000562295
118.25749999843538
118.96410000190372
120.8630000037374
140.62730000296142
121.37539999821456
121.59190000238596
120.72219999390654
120.94760000036331
136.16909999836935
120.5032000070787
119.72970000351779
120.86319999798434
121.15190000622533
140.24679999420187
121.40820000058739
117.0222999935504
121.14770000334829
132.81499999720836
160.97589999844786
120.87810000230093
122.48469999758527
117.92960000457242
122.81049999728566
138.04039999376982
120.96600000222679
120.16959999891696
123.79150000197114
123.59049999940908
148.39469999424182
138.78200000181096
138.90550000360236
140.07620000484167
123.04979999316856
143.97140000073705
122.34069999976782
119.03629999869736
124.89150000328664
118.73969999578549
140.14570000290405
114.34559999906924
119.80929999845102
121.36170000303537
121.98720000014873
143.72999999613967
119.48049999773502
120.86559999443125
120.83990000246558
121.07020000257762
143.34450000023935
122.4179000055301
116.02610000409186
120.24150000070222
120.1567000025534
137.7072000032058
119.1913000002387
127.15629999729572
134.7578999993857
138.55840000178432
165.77030000189552
121.63280000095256
121.87940000148956
139.55100000021048
121.80899999657413
142.11000000068452
121.04320000071311
116.54310000449186
121.05800000426825
136.97879999381257
161.88400000100955
122.60029999742983
114.90030000277329
118.88180000096327
136.78250000521075
139.34400000289315
119.55899999884423
114.9887999999919
119.73849999776576
120.55449999752454
139.80129999981727
118.2935999968322
113.48949999955948
116.19220000284258
116.2181999970926
137.25260000501294
120.32449999969685
116.25289999938104
116.12749999767402
118.97750000207452
140.5730999977095
136.77910000114935
135.93849999597296
128.11750000400934
133.25919999624602
139.2956000054255
112.69519999768818
119.05989999650046
118.03529999451712
133.04140000400366
140.0130000038189
115.48720000428148
118.8004999930854
116.89499999920372
115.77110000507673
136.11859999946319
136.7924000005587
133.54710000567138
137.56170000124257
137.17129999713507
165.71890000341227
133.813000000373
139.25979999476112
135.54049999947893
135.29739999648882
157.5042000040412
136.96100000379374
119.45790000027046
116.12259999674279
115.16200000187382
136.71590000012657
116.65050000010524
133.94160000461852
131.48820000060368
118.18440000206465
139.80430000083288
117.04199999803677
117.24449999746867
117.54410000139615
120.79679999442305
138.57180000195513
117.03030000353465
115.3864000007161
115.96360000112327
116.08159999741474
136.2245999989682
114.39010000322014
113.06340000010096
113.19319999893196
116.17649999971036
137.39410000562202
117.2396000038134
116.53159999696072
112.07149999972899
110.84619999746792
135.26339999953052
117.1156999989762
115.77540000143927
115.0673000011011
112.46099999698345
131.84760000149254
113.76120000204537
110.55079999641748
115.68560000159778
116.79619999631541
135.2469999983441
117.6365999999689
114.60960000113118
114.69000000215601
114.4717999995919
136.05639999877894
114.50239999976475
113.68969999602996
116.81980000139447
114.72869999852264
129.49620000290452
116.19890000292799
125.29750000248896
124.59089999902062
132.2946000000229
156.66170000622515
116.08030000206782
118.16969999927096
127.28509999578819
117.73250000260305
136.47150000178954
111.54589999932796
116.4749000017764
117.2110999978031
116.23440000403207
136.93380000040634
114.05889999878127
119.3277999991551
117.08300000464078
113.01439999806462
136.99290000658948
121.29920000006678
113.52839999744901
117.45959999825573
116.71709999791346
134.94770000397693
116.21640000521438
114.29759999737144
114.49699999502627
117.40750000171829
135.90370000019902
115.14860000170302
118.21739999868441
115.36319999868283
114.98549999669194
130.8156000013696
117.33510000340175
128.12980000308016
128.7670000019716
129.84899999719346
153.5451000017929
129.02289999328787
128.40909999795258
121.91520000487799
119.245800000499
137.8882999997586
112.17539999779547
113.88669999723788
112.18299999745796
111.70319999655476
135.00829999975394
126.54669999756152
113.74470000009751
112.62899999564979
113.86610000045039
132.59850000031292
118.41540000023087
114.12170000403421
121.9723000031081
122.11879999813391
150.74879999883706
126.57780000154162
121.61799999739742
127.77079999796115
114.08799999480834
134.49910000053933
109.80320000089705
111.06570000265492
111.16190000029746
113.36990000563674
137.04120000329567
114.53600000095321
114.75459999928717
117.72090000158641
112.35650000162423
132.25209999654908
111.62990000593709
111.84260000300128
126.83819999801926
127.0823999948334
150.63460000237683
118.44850000488805
115.8073999977205
109.73879999801284
114.29540000244742
135.13979999697767
116.14839999674587
115.30080000375165
110.00899999635294
115.9544000038295
135.41429999895627
111.55770000186749
111.87079999945126
121.814699996321
127.71190000057686
147.85739999933867
112.64669999945909
110.05740000109654
113.64289999619359
111.02489999757381
133.21320000250125
108.31080000207294
112.17979999491945
112.30509999586502
113.17930000222987
134.39599999401253
113.60609999974258
111.77329999918584
108.99620000418508
119.05830000614515
148.77400000113994
126.86799999937648
111.73170000256505
112.57869999826653
112.22380000253906
132.21490000432823
113.36889999802224
111.77979999774834
111.33839999820339
111.3307999985409
131.89290000445908
111.30240000056801
106.36489999887999
110.64859999896726
110.69660000066506
125.4140999953961
110.36109999986365
111.97920000267914
107.96080000000075
111.36550000082934
131.46940000297036
112.23890000110259
110.83290000533452
107.1589999992284
109.61760000645882
130.71140000101877
111.36350000015227
107.50589999952354
110.68850000447128
111.6801999960444
132.08529999974417
110.43929999868851
110.49050000292482
109.39220000000205
109.13199999777135
129.54410000384087
110.23149999527959
106.03730000002543
108.20249999960652
109.45199999696342
128.20070000452688
110.2312000002712
109.54810000112047
109.16319999523694
109.71820000122534
129.65080000140006
115.04409999906784
121.12490000436082
127.77199999982258
123.1846999944537
130.28699999995297
109.98290000134148
109.59550000552554
112.04620000353316
110.05940000177361
127.13530000473838
111.59919999772683
114.01400000613648
108.78819999925327
110.55219999980181
132.02579999779118
110.16799999924842
109.71310000604717
109.95270000421442
122.49169999995502
142.06089999788674
111.48020000109682
109.77749999437947
108.93570000189357
108.6868999991566
132.74050000472926
113.1427000000258
112.85579999821493
111.94830000022193
113.02760000398848
132.24340000306256
110.61319999862462
110.74240000016289
106.40850000345381
112.07020000438206
133.059100000537
107.50910000206204
113.7793000016245
111.70630000560777
111.19480000343174
132.07079999847338
108.49559999769554
110.4196000014781
105.89900000195485
110.04610000236426
130.37900000199443
129.7615000003134
128.2807999959914
122.81579999398673
124.6776999978465
133.42769999871962
109.57469999993918
112.79910000303062
113.71919999510283
114.9310000037076
133.72379999782424
122.43529999977909
126.03049999597715
127.23900000128197
125.7331000015256
150.56380000169156
123.70199999713805
115.63499999465421
106.21420000097714
111.53299999568844
131.19759999972302
112.41559999325546
127.29200000467245
126.1605999970925
120.67989999923157
153.11819999624277
118.02329999773065
112.50029999791877
112.67339999903925
110.7045000026119
134.62730000173906
112.10530000244034
110.68820000218693
108.83669999748236
111.77730000053998
133.3336000025156
106.47299999982351
110.74060000100872
110.2720999988378
110.31189999630442
130.8744999987539
110.67200000252342
113.81289999553701
108.70240000076592
110.72959999728482
131.58129999646917
110.38669999834383
110.43429999699583
110.94069999671774
105.10969999450026
131.66590000037104
111.21959999582032
109.85329999675741
110.87589999806369
110.20940000162227
125.43310000182828
110.17270000593271
109.65759999817237
110.17720000381814
105.1110999978846
132.82089999847813
106.91550000046846
106.90600000089034
107.22929999610642
106.82420000375714
129.05610000598244
108.31190000317292
112.32300000119722
107.22379999788245
107.22180000448134
127.51669999852311
107.00030000589322
105.80679999839049
110.89129999891156
120.5374999990454
145.13110000552842
117.84030000126222
111.9193999984418
109.10719999810681
109.19840000133263
130.5551000041305
105.99730000103591
109.14110000157962
109.56240000086837
109.31899999559391
127.32169999799225
106.54739999881713
105.2135999998427
104.87600000487873
100.86620000220137
123.81879999884404
102.95410000253469
106.19479999877512
101.47729999880539
104.21219999989262
124.41360000229906
104.59460000129184
103.76589999941643
105.27490000094986
104.78989999683108
125.06649999704678
104.82490000140388
104.35470000084024
101.98300000047311
100.3707999989274
122.5133999978425
103.57389999990119
106.82419999648118
107.16609999508364
107.994800004235
127.66310000006342
106.9130000032601
103.66929999872809
104.02660000545438
105.374099999608
125.55350000184262
103.27310000138823
103.21599999588216
104.38689999864437
105.22520000085933
124.81330000446178
104.53989999950863
105.12860000017099
107.44639999757055
104.3028999993112
125.81380000483477
104.0149999971618
104.96080000302754
104.91360000014538
117.75050000142073
125.40699999954086
107.23020000295946
119.24960000033025
117.49339999369113
117.40760000247974
138.65349999832688
106.62659999798052
107.09309999947436
107.08429999795044
106.2480000036885
124.28329999966081
107.3774999968009
107.70120000233874
105.75859999516979
101.15080000105081
125.32720000308473
104.07259999919916
103.9708000025712
99.75069999927655
105.85590000118827
125.38119999953778
104.2174000031082
102.85690000455361
104.05110000283457
103.3026000004611
119.93179999990389
103.54969999752939
113.34910000005038
121.50349999865284
115.53589999675751
144.22589999594493
118.88490000274032
120.13289999595145
113.67610000161221
121.82900000334485
142.83370000339346
106.59920000034617
108.6628999983077
101.9700999968336
103.89529999520164
130.2951000034227
107.28160000144271
116.91210000572028
106.40080000302987
106.18860000249697
128.43379999685567
107.70259999844711
102.19870000582887
107.67210000631167
107.47299999638926
128.00210000568768
106.21769999852404
105.1856999984011
105.23249999823747
102.00970000005327
126.96520000463352
101.97709999920335
105.17170000093756
100.17820000211941
101.28579999582144
124.16649999795482
105.13709999941057
104.98949999600882
104.83929999463726
104.16190000250936
125.1343000039924
101.48210000625113
104.25100000429666
105.11899999983143
104.18500000378117
125.77120000059949
104.54029999527847
100.91440000542207
108.06549999688286
106.81540000223322
127.61429999954998
100.31090000120457
106.28929999802494
105.82050000084564
106.27070000191452
127.1199000038905
107.45419999875594
104.1689999983646
104.68430000037188
107.08650000015041
129.5486000017263
113.62430000008317
108.83979999925941
114.0328999972553
112.88250000507105
136.40619999932824
114.0157999980147
111.39900000125635
105.75230000540614
99.81269999843789
126.98459999955958
103.62209999584593
99.16289999819128
101.94290000072215
102.43910000281176
121.8044999986887
106.27119999844581
103.48290000547422
102.13500000099884
103.11100000399165
122.81300000176998
98.84279999823775
106.74930000095628
103.18499999993946
104.87289999582572
125.63760000193724
103.89030000078492
103.3196999997017
105.07820000202628
104.60140000213869
125.87499999790452
100.91339999780757
103.165499996976
103.47120000369614
104.65329999715323
123.58970000059344
105.10960000101477
104.93579999456415
104.0041999949608
105.01339999609627
125.80010000237962
106.93970000284025
106.91999999835389
103.27600000164239
110.56409999582684
132.52720000309637
113.49939999490744
113.896199996816
108.50599999685073
110.17390000051819
131.2818000005791
105.41660000308184
103.19380000146339
113.49409999820637
115.78040000313194
134.51720000011846
115.41840000427328
114.77379999996629
109.73680000461172
115.66960000345716
133.9354000010644
103.74320000119042
104.46999999840045
104.24110000167275
103.69730000093114
131.03350000164937
113.72310000297148
117.09580000024289
118.2111999951303
115.60849999659695
138.0732999969041
114.22239999956219
116.30970000260277
115.60749999625841
116.33440000150586
132.77369999559596
115.43530000199098
112.97689999628346
108.96629999479046
110.1044000024558
131.3367000038852
109.19129999820143
104.658099997323
104.06180000427412
108.28010000113863
129.5479999971576
109.28229999990435
109.79059999954188
107.8397999954177
108.66679999890039
129.67049999861047
115.06130000634585
115.81419999856735
117.66169999464182
118.26019999716664
139.83580000058282
117.01549999997951
108.73430000356166
110.1185000006808
107.01400000107242
134.295399999246
110.67439999897033
110.02690000168514
110.5470000038622
111.34669999592006
129.3967999954475
109.03880000114441
111.93420000199694
105.73399999702815
111.09690000012051
131.48959999671206
107.19950000202516
104.45189999882132
101.74909999477677
105.85550000541843
126.32319999829633
106.42619999998715
106.69539999798872
106.78879999613855
102.68850000284147
127.81469999754336
105.25910000433214
106.68230000010226
108.67660000076285
107.24589999881573
129.54039999749511
107.43430000002263
103.40600000199629
106.64549999637529
106.74640000070212
133.66140000289306
106.20840000046883
113.74790000263602
104.72800000570714
105.66020000260323
125.188199999684
105.56409999844618
105.92709999764338
101.40909999608994
106.72299999714596
126.51330000517191
108.46830000082264
101.04320000391454
106.41010000108508
113.67240000254242
134.2097000015201
109.34029999771155
112.47670000011567
111.61800000263611
106.43379999964964
134.44679999520304
111.59870000119554
112.92539999703877
108.11549999925774
105.14269999839598
125.55229999998119
104.03740000037942
100.78779999457765
104.84140000335174
104.28620000311639
123.45359999744687
102.01750000123866
100.09780000109458
114.70949999784352
113.053500004753
134.4450999968103
106.10750000341795
104.66610000003129
104.26759999973001
101.04639999917708
124.81250000564614
104.36859999754233
101.90099999454105
104.21180000412278
105.08239999762736
128.00729999435134
106.01490000408376
105.73980000481242
106.69319999578875
106.78989999723854
127.1712000016123
106.50490000261925
101.25219999463297
106.47460000473075
110.38709999411367
126.79249999928288
106.58840000542114
102.43310000078054
106.90669999894453
107.02699999819743
127.09020000329474
110.54739999963203
105.9878000014578
97.8742000006605
102.61789999640314
124.13369999558199
98.07749999890802
103.44469999836292
105.08699999627424
103.2234999947832
129.31419999949867
106.64689999975963
104.89220000454225
107.34109999611974
104.39490000135265
121.62099999841303
106.12780000519706
108.85830000188434
101.02960000222083
103.679200001352
125.59750000218628
105.4225999978371
106.27450000174576
118.04269999993267
109.25699999643257
125.32069999724627
105.13640000135638
107.25239999737823
105.04629999923054
105.44140000274638
120.31379999825731
105.41189999639755
102.82939999888185
104.34959999838611
104.45729999628384
123.60690000059549
98.9253000007011
104.30840000481112
97.58850000071106
110.6281999964267
135.27439999597846
114.62659999961033
106.47249999601627
106.27240000030724
103.14959999959683
126.9006000002264
101.3027000008151
104.1177000006428
104.98189999634633
106.96860000462038
124.73499999759952
105.61859999870649
102.48200000205543
104.34890000033192
104.92320000048494
127.05310000455938
105.82730000169249
105.09289999754401
105.45349999301834
105.62339999887627
127.17650000558933
100.387899998168
104.84490000089863
100.32510000019101
102.59929999301676
124.78159999591298
104.9492999954964
105.53270000673365
104.65069999918342
103.17760000179987
124.22869999863906
105.09590000583557
102.41909999604104
101.2339000008069
99.24560000217753
128.65579999925103
107.19209999660961
100.86150000279304
104.48919999907957
106.11920000519603
127.02330000320217
102.49610000028042
105.61459999735234
105.02339999948163
103.75939999357797
124.50869999884162
104.79990000021644
102.493799997319
104.64070000307402
99.48330000042915
126.16290000005392
103.08430000441149
102.45759999816073
101.70540000399342
97.0342000000528
121.32379999820841
103.71880000457168
104.41720000380883
105.30999999900814
103.1074999991688
121.89270000089891
101.81170000578277
101.74739999638405
102.13219999423018
100.40239999943879
122.61829999624752
102.14320000523003
104.61380000197096
104.300000006333
106.17439999623457
125.52389999473235
106.79710000113118
104.85499999776948
105.58809999929508
105.00370000227122
121.77920000249287
106.89320000528824
105.74619999533752
105.50409999996191
105.72769999998854
126.04790000477806
105.706199996348
108.47730000386946
110.81189999822527
117.08839999482734
139.20019999932265
107.14770000049612
105.6821999954991
104.80359999928623
107.23829999915324
127.75580000015907
106.22040000453126
106.62549999688054
106.33090000192169
105.70129999541678
126.62070000078529
101.25780000089435
105.33330000180285
107.77179999422515
105.0351000012597
128.74620000366122
104.69580000062706
104.67470000003232
104.98099999676924
104.5155000028899
125.66259999584872
100.71429999516113
106.76769999554381
103.82530000060797
97.81430000293767
121.44519999856129
97.75990000343882
104.96820000116713
104.11960000055842
105.4299000024912
131.03289999708068
100.07089999999152
106.73539999697823
104.13049999624491
99.62819999782369
127.11539999872912
113.97390000638552
112.96349999611266
104.60579999926267
112.64400000072783
127.73079999897163
114.79179999878397
109.64149999927031
105.69230000692187
103.41449999395991
127.15939999907278
105.30809999909252
99.31479999795556
106.97030000301311
104.52700000314508
122.93469999713125
97.49609999562381
105.15339999983553
102.0788999958313
105.78410000016447
125.67459999991115
105.6828000000678
103.79719999764347
104.05329999775859
105.88970000389963
123.65460000000894
104.51610000018263
103.07199999806471
103.26680000434862
100.16290000203298
122.06739999965066
100.81699999864213
104.17540000344161
101.12259999732487
99.86429999844404
120.51580000115791
100.25499999755993
104.75579999911133
99.04820000519976
104.86720000335481
124.73039999895263
103.09979999874486
105.71319999871776
105.97609999967972
100.64969999802997
124.437599995872
101.8088999990141
104.40399999788497
117.51879999792436
112.57350000232691
129.54139999783365
103.12770000018645
103.49560000031488
98.82569999899715
105.80190000473522
133.66970000060974
112.66050000267569
108.10700000001816
112.63490000419552
114.21929999778513
136.51359999494161
116.08919999707723
113.67450000398094
114.69789999682689
109.41859999729786
139.0423000048031
115.61289999372093
107.97140000067884
101.12270000536228
106.35290000209352
128.4497000015108
105.8681000067736
105.23590000229888
109.10779999539955
113.60580000473419
125.84139999671606
107.29999999603024
104.80510000343202
100.52630000427598
104.4778000068618
126.52450000314275
105.95099999773083
107.92139999830397
106.26010000123642
102.80800000327872
126.7264999987674
106.38500000641216
107.03430000285152
105.86020000482677
111.60750000271946
127.27550000272458
108.86480000044685
107.37630000221543
106.93379999429453
107.98069999873405
130.8747000002768
106.84750000655185
107.72040000301786
108.37809999793535
109.85359999904176
130.78110000060406
107.85279999981867
108.59350000100676
107.55340000469005
111.64350000035483
129.18809999973746
107.7140999987023
112.13400000269758
115.16730000585085
114.76419999962673
128.7990999990143
108.02459999831626
108.4019999980228
103.06149999814807
116.99149999913061
137.20350000221515
107.70599999523256
104.86579999997048
105.10529999737628
104.9027000044589
129.75809999625199
106.63269999349723
102.20719999779249
102.7784999969299
103.42669999954524
124.43599999824073
106.95080000004964
105.85930000524968
106.00379999959841
108.03660000237869
125.7162000038079
106.66950000450015
105.23860000103014
104.80410000309348
112.1800999972038
127.63899999845307
101.58930000034161
103.9630999948713
106.9359999964945
105.23440000542905
127.71380000049248
105.19360000034794
106.04299999977229
107.92210000363411
105.86079999484355
130.11499999993248
107.40029999578837
108.03640000085579
106.90009999962058
107.54849999648286
127.65349999972386
107.31549999763956
107.38100000162376
105.07720000168774
106.02629999630153
124.53579999419162
106.11570000037318
104.59090000222204
109.0358000001288
121.08100000477862
140.2922999986913
103.35869999835268
104.09169999911683
103.84290000365581
102.63750000012806
119.25189999601571
103.16690000036033
102.97870000067633
97.88429999753134
103.17370000120718
125.33600000460865
101.91959999792743
104.04859999835026
98.95410000171978
104.46469999442343
125.73490000067977
105.10290000092937
103.88179999426939
105.22269999637501
105.43429999961518
125.19860000611516
105.1655000046594
103.13989999849582
104.78950000106124
99.62399999494664
126.17089999548625
105.07420000067214
103.77830000652466
103.98940000595758
104.19429999456042
124.66630000562873
103.42370000580559
106.539000000339
119.88740000379039
118.99049999919953
146.52880000357982
106.27810000005411
105.48150000249734
103.64530000515515
106.40830000193091
129.44559999596095
109.81180000089807
119.643800004269
106.07280000112951
107.38560000027064
127.11910000507487
106.77460000442807
102.7369000003091
102.40290000365349
104.83219999878202
127.6512000040384
105.96950000035577
105.21169999992708
101.03630000230623
106.526000003214
129.27819999458734
109.58329999994021
117.3207999963779
106.03979999723379
118.84660000214353
143.36299999558832
121.86620000284165
119.99140000261832
104.99829999753274
104.86610000225483
122.98739999823738
102.39620000356808
100.0382999991416
101.08120000222698
103.5455000019283
123.46129999787081
105.97400000551715
104.2710999972769
102.14070000074571
108.14449999452336
129.2126999978791
106.99290000047768
106.04050000256393
106.76669999520527
123.18430000595981
147.22469999833265
115.16780000238214
121.02600000071106
104.46399999636924
102.63370000029681
123.7775999979931
101.89780000655446
102.22200000134762
101.98260000470327
104.1590000022552
124.86200000421377
107.54820000147447
108.58559999905992
104.76200000266545
106.37109999515815
124.92959999508457
104.67989999597194
105.95599999942351
105.6557000047178
104.25949999626027
125.41369999962626
105.36619999766117
100.48780000215629
106.27680000470718
104.71269999834476
122.55949999962468
101.1274000047706
103.95089999656193
103.34950000105891
106.57469999569003
123.41060000471771
105.12030000245431
107.61740000452846
109.44130000279984
107.60250000021188
123.98840000241762
103.01740000431892
106.51260000304319
104.82870000123512
100.66090000327677
127.65020000369987
105.50429999420885
101.05249999469379
105.78830000304151
105.46510000131093
121.4204999996582
105.29790000146022
108.34230000182288
105.80169999593636
106.46579999593087
121.81689999852097
104.9561999971047
105.51649999979418
99.20789999887347
103.01389999949606
124.76719999540364
105.1720999967074
105.74149999592919
104.21549999591662
106.05850000138162
126.15899999946123
107.5942000024952
108.53820000193082
105.20309999992605
100.64209999836748
128.87819999741623
103.05370000423864
102.36280000390252
102.60120000020834
104.39900000346825
122.03489999956219
103.95680000510765
103.57249999651685
106.26800000318326
105.81079999974463
125.73250000423286
105.72590000083437
105.36330000468297
100.85540000000037
105.01700000168057
126.4009000005899
103.09270000288961
104.8847999991267
104.63410000375006
106.82159999851137
122.44220000138739
105.23549999925308
107.13380000379402
107.4460999952862
106.07610000442946
122.54190000385279
106.96589999861317
105.81039999669883
105.38100000121631
107.50320000079228
126.198400001158
99.5822999975644
104.91659999388503
104.30150000320282
104.4391999967047
125.72110000473913
103.25839999859454
105.6579999931273
103.50430000107735
103.62590000295313
125.11900000390597
98.69090000574943
104.422299998987
104.24050000438001
104.51579999789828
124.20710000151303
104.88489999988815
107.04809999879217
103.44869999971706
107.2061999948346
160.3880999973626
121.8728999956511
114.07690000487491
98.25410000485135
103.90569999435684
126.92360000073677
102.85460000159219
98.79360000195447
102.99420000228565
102.06499999912921
123.50049999804469
101.85199999978067
102.07610000361456
101.11719999986235
96.75190000416478
123.27380000351695
102.08129999955418
102.3358999955235
101.41039999871282
100.30720000213478
117.90920000203187
103.43599999760045
102.80739999871003
97.77909999684198
100.54410000157077
119.92299999837996
99.26260000065668
100.85119999712333
101.92440000537317
104.05400000308873
126.98100000125123
114.27980000007665
115.72529999830294
103.46670000581071
103.44569999870146
124.71769999683602
108.37369999353541
102.47239999443991
102.59569999470841
98.59430000506109
127.80319999728817
101.93749999598367
104.27850000269245
99.26399999676505
98.21709999960149
122.77999999787426
103.97270000248682
104.774899999029
97.43249999883119
102.77029999997467
124.38590000238037
100.91719999763882
98.74529999797232
100.4761999938637
101.9192000021576
122.35920000239275
98.02770000533201
101.2881999995443
100.55840000131866
100.2026999994996
119.88399999972899
101.89639999589417
98.05049999704352
101.87279999809107
102.76619999785908
124.38090000068769
102.53450000163866
114.43900000449503
103.16880000027595
100.49370000342606
124.94480000168551
101.62950000085402
103.32220000418602
97.26789999695029
100.15889999340288
120.26550000155112
99.95440000056988
100.56760000588838
99.3640000015148
99.78270000283374
124.0821000028518
100.77619999356102
99.72469999775058
98.72149999864632
98.65159999753814
120.24089999613352
99.51670000009472
98.95059999689693
96.98750000097789
98.81640000094194
119.57650000113063
99.97650000150315
99.33109999838052
95.12830000312533
98.3734999972512
121.85419999877922
101.48729999491479
106.98609999963082
98.46679999463959
105.0182999970275
125.05329999839887
98.05639999831328
102.58880000037607
104.19689999980619
104.60660000535427
124.01510000199778
102.43690000061179
96.80540000408655
101.75590000289958
103.47969999565976
124.11180000344757
103.20090000459459
95.56390000216197
104.85879999760073
118.40800000209128
145.2447999981814
103.4356999953161
102.38509999908274
115.67500000091968
112.28969999501714
136.6238999980851
114.20600000565173
112.70529999455903
111.30480000429088
111.48340000363532
136.25899999897229
109.20639999676496
112.6425999973435
111.37610000150744
109.90270000183955
137.34560000011697
105.25990000314778
100.17459999653511
96.83879999647615
103.31510000105482
126.13979999878211
101.72749999765074
102.72059999988414
100.39060000417521
100.79309999855468
122.52669999725185
111.33169999811798
114.16440000175498
111.9886000014958
112.96710000169696
133.1549000024097
113.99900000105845
113.09450000408106
111.94870000326773
101.89570000511594
120.22060000163037
101.22509999928297
99.7579000031692
101.87980000046082
96.54920000320999
123.48769999516662
101.82750000240048
100.89049999805866
100.23720000026515
102.96449999441393
124.01939999836031
115.29329999757465
100.20760000043083
101.26609999861103
102.56369999842718
121.96129999938421
100.33590000239201
96.83429999859072
101.57180000533117
100.5765000008978
121.35039999702713
100.57380000216654
102.07120000268333
101.1618999982602
100.62910000124248
117.43549999664538
100.73770000599325
100.0073999966844
100.07870000117691
99.98420000192709
121.73410000104923
100.60589999920921
100.5012000023271
101.23079999902984
101.55839999788441
118.24299999716459
100.92340000119293
101.88290000223788
101.02680000272812
101.14079999766545
116.6949000034947
98.06490000482881
99.88020000309916
100.96400000475114
115.28359999647364
142.49660000496078
100.54980000131764
102.77810000116006
104.44920000009006
109.54259999562055
137.414799995895
116.098399994371
118.32620000495808
114.5704000009573
109.09140000148909
140.23509999969974
115.23099999612896
112.64410000148928
99.70289999910165
101.79839999909746
123.32250000326894
100.81949999585049
100.19309999916004
102.05210000276566
100.82259999762755
122.22440000186907
99.90939999988768
100.7753000012599
97.1782999986317
101.7578000028152
120.72430000262102
98.78529999696184
98.93370000645518
97.26219999720342
94.161000000895
114.76019999827258
98.44319999683648
99.05810000054771
109.96480000176234
114.88649999955669
137.34269999986282
101.12649999791756
101.87739999673795
95.85340000194265
96.29670000140322
123.68270000297343
102.49219999968773
100.59909999836236
102.18499999609776
102.45319999376079
123.43349999719067
98.18320000340464
102.5459000011324
101.88770000240766
101.04929999943124
125.14450000162469
109.20090000581695
115.59639999904903
119.75640000309795
114.7214000011445
143.1605000034324
99.84470000199508
102.8879999939818
100.58249999565305
101.49989999626996
120.51790000259643
102.25899999932153
101.81560000637546
103.02280000178143
105.62700000446057
132.66410000505857
115.04450000211364
104.18760000175098
102.65729999809992
98.37259999767412
123.01870000374038
101.6146000038134
100.06219999922905
98.51130000606645
100.1719999985653
119.30600000050617
99.22280000319006
102.5050000025658
100.37680000095861
97.60180000012042
117.79839999508113
100.04490000574151
99.87959999853047
98.50939999887487
98.5590000054799
120.38100000063423
96.30399999878136
119.49440000171307
117.42889999732142
115.75430000084452
140.33009999548085
114.98369999753777
112.48270000214688
116.08479999995325
114.60050000459887
136.70849999471102
115.72419999720296
112.28449999907752
110.3545999940252
116.94619999616407
127.65619999845512
100.36109999782639
101.71549999358831
101.42070000438252
102.90679999889107
123.21489999885671
112.99549999966985
115.01100000168663
108.22259999986272
112.7513999963412
137.94099999358878
113.27790000359528
102.63440000562696
98.17630000179633
101.57219999382505
122.9248000017833
101.71559999434976
98.15510000044014
102.44729999976698
102.37849999975879
118.22569999640109
102.44710000552004
102.59090000181459
98.21119999833172
106.56520000338787
122.51600000308827
101.66049999679672
101.18860000511631
99.30420000455342
104.53140000026906
123.18590000359109
101.95409999869298
104.71949999919161
102.6246000037645
111.04599999816855
138.19220000004862
119.93280000024242
120.25850000645733
117.99749999772757
118.48800000007031
118.93399999826215
102.70670000318205
104.67120000248542
104.4871999984025
101.87500000029104
123.9318000007188
102.78919999836944
101.64569999324158
102.38050000043586
102.98160000093048
124.33310000051279
104.4462999998359
105.80640000262065
106.14889999851584
107.76020000048447
123.23029999970458
104.18699999718228
103.19629999867175
105.46169999724953
104.82910000428092
126.79680000292137
98.28010000637732
121.61460000061197
119.54580000019632
117.98339999950258
128.1033999985084
104.8265999997966
104.85760000301525
102.82330000336515
101.54769999644486
125.91620000603143
105.08980000304291
112.05429999972694
104.65889999613864
103.40529999666614
127.21679999958724
103.45009999582544
103.09440000128234
104.48159999941709
102.32870000618277
124.0862000049674
101.69280000263825
99.22489999735262
101.9358999983524
102.1104999963427
124.0382000032696
102.80690000217874
103.65769999771146
103.70770000008633
102.61599999648752
123.30700000165962
100.78070000599837
102.51730000163661
98.50880000158213
104.49569999764208
125.66599999991013
106.40939999575494
122.31450000399491
102.74239999853307
103.05389999848558
123.68080000305781
103.23009999410715
103.11380000348436
99.1171999994549
106.05200000281911
124.00139999954263
101.71169999375707
103.14059999655001
102.7615000057267
100.6005000017467
120.43650000123307
98.59980000328505
103.49169999972219
99.01320000062697
104.0930999952252
127.27599999925587
102.59290000249166
104.70440000062808
103.25259999808623
103.53269999905024
119.81479999667499
109.62120000476716
99.695699995209
101.846999998088
102.01300000335323
132.8256000051624
110.68340000201715
109.89759999938542
109.32730000058655
106.85430000012275
133.56210000347346
108.79010000644485
112.53220000071451
108.82270000001881
111.52729999594158
135.55130000167992
105.9017000006861
110.83910000161268
107.81570000108331
99.68700000172248
120.87199999950826
99.62459999951534
100.01929999998538
99.80820000055246
100.17059999518096
114.94630000379402
99.55919999629259
100.11769999982789
104.38150000118185
104.5384999961243
124.40649999916786
104.74139999860199
105.83539999788627
103.90719999850262
105.71399999753339
125.05899999814574
103.86570000264328
102.52010000112932
104.13330000301357
102.59970000333851
119.33410000347067
105.07339999458054
104.32569999829866
103.33470000477973
103.8531999947736
124.410500000522
101.80160000163596
100.43130000121891
102.94069999508793
99.34839999914402
129.71850000030827
110.67170000023907
104.8131999996258
102.07269999955315
104.38609999982873
123.3838000043761
104.34240000176942
105.59490000014193
102.1420000033686
103.10169999866048
124.70049999683397
101.27430000284221
101.73780000332044
96.98140000546118
102.148700003454
122.51519999699667
103.37710000021616
102.20880000269972
101.45719999854919
104.91500000352971
117.15240000194171
101.57780000008643
101.14610000164248
102.52710000349907
96.86900000087917
123.08399999892572
102.0183000000543
101.50660000363132
97.2641999978805
98.8262000028044
117.59249999886379
101.6040000031353
101.80310000578174
103.67330000008224
104.76270000071963
122.78350000269711
101.53210000135005
101.51910000422504
101.55870000016876
98.98260000045411
119.00400000013178
106.75699999410426
112.11029999685707
111.06650000147056
106.77730000315933
134.7509999977774
113.96280000190018
111.07910000282573
106.49989999365062
108.90150000341237
125.91640000027837
101.59910000220407
96.89049999724375
101.96800000267103
101.77609999664128
122.8110999945784
105.34929999994347
100.19480000482872
96.20189999986906
101.53590000118129
121.10090000351192
97.59459999622777
102.71900000225287
97.75039999658475
92.77160000056028
114.42180000449298
94.19660000276053
95.75330000370741
99.71760000189533
99.96940000564791
120.45550000038929
100.40830000070855
99.32580000167945
99.18339999421733
99.10759999911534
122.50179999682587
98.2709000018076
98.82110000035027
93.97010000247974
96.17630000138888
119.67189999995753
98.80149999662535
99.00579999521142
100.90990000026068
106.88959999970393
131.35940000211122
107.79610000463435
107.27739999856567
101.47780000261264
105.69730000133859
132.16580000153044
108.80560000077821
108.01870000432245
109.21550000057323
109.50900000170805
131.7129000017303
102.8502999979537
110.51669999869773
108.0523999989964
100.18719999789027
119.56989999453072
98.3570000025793
99.43019999627722
100.8845000033034
100.88940000423463
120.93120000645285
94.15489999810234
94.67910000239499
94.60039999976289
96.85120000358438
117.91049999737879
98.2806999963941
95.98459999688203
100.24490000068909
105.20499999984168
128.13390000519576
98.08720000000903
98.40389999590116
96.61030000279425
97.73789999599103
122.35770000552293
110.45520000334363
110.44779999792809
109.85939999955008
101.91320000012638
133.19590000173775
110.71979999542236
110.00650000642054
110.33000000315951
109.60209999757353
131.85759999760194
102.07739999896148
100.27319999790052
99.21420000318903
99.65240000019548
117.49479999707546
99.70269999757875
99.82070000114618
100.88540000288049
98.79999999975553
121.32340000243858
94.66650000103982
98.86859999824082
100.57660000165924
100.16840000025695
120.32729999918956
98.53969999676337
100.22549999848707
95.81020000041462
97.4837000030675
117.85319999762578
95.41240000544349
97.12530000251718
98.99859999859473
98.66719999990892
117.2807000039029
96.99750000436325
97.82129999803146
96.66550000110874
97.13080000074115
117.58040000131587
96.55780000321101
96.71789999993052
99.00490000291029
96.84910000214586
116.36089999956312
96.49849999550497
96.88570000434993
98.3526999989408
98.33400000206893
126.18820000352571
98.59680000226945
99.30300000269199
98.61809999711113
99.20869999768911
121.00040000223089
101.9566000031773
97.62010000122245
99.05119999893941
94.42239999771118
119.63580000156071
98.53690000454662
99.09329999936745
97.75109999463893
100.60799999337178
122.51819999801228
102.77029999997467
102.5247999932617
99.60580000188202
101.19410000334028
120.50150000141002
95.29029999976046
94.50469999865163
98.03719999763416
98.19989999959944
119.44760000187671
98.96329999901354
99.2945999969379
98.38219999801368
98.32519999326905
118.80250000103842
100.33189999376191
95.11470000143163
94.87069999886444
95.61859999666922
118.21269999927608
99.39329999906477
100.77090000413591
99.16700000030687
100.00320000108331
117.07680000108667
95.52680000342662
99.20599999895785
98.66219999821624
98.46010000183014
120.79419999645324
98.2670999947004
95.7161999976961
103.96369999944
102.73829999641748
130.03259999823058
108.1551999959629
106.92479999852367
108.14059999393066
94.54849999747239
114.47430000407621
100.81540000101086
98.67620000295574
101.84509999817237
97.54720000637462
116.32039999676635
97.52640000078827
93.48730000056094
95.9179999990738
95.75760000006994
121.09159999818075
97.59070000291103
94.85709999717074
95.06610000244109
94.5616000026348
119.67120000190334
95.7674000019324
99.24199999659322
100.27130000526085
98.72739999991609
119.39120000170078
99.15960000216728
100.82369999872753
99.01180000451859
99.91649999574292
122.05850000464125
99.95509999862406
100.8090000032098
101.55320000194479
100.53980000520824
117.72319999727188
95.44040000037057
99.97449999355013
99.87510000064503
100.81589999754215
122.91329999425216
100.48480000114068
94.62290000374196
99.31860000506276
98.57059999922058
117.89169999974547
100.56120000081137
102.95639999822015
99.98099999938859
99.2850000038743
120.31070000375621
98.25660000205971
97.41720000602072
92.95140000176616
96.47819999372587
117.90320000000065
96.19150000071386
95.5203999983496
96.42080000048736
94.9460000047111
116.87040000106208
94.11910000198986
100.15280000516213
100.77920000185259
99.38890000194078
119.20310000277823
101.55699999450007
102.08499999862397
102.6999000023352
100.0278999999864
121.22349999845028
99.42299999966053
100.50119999505114
99.29109999939101
101.11779999715509
117.34900000010384
100.966599995445
102.23299999779556
101.00640000018757
101.85869999986608
118.85510000138311
102.127099999052
101.30649999337038
102.04009999870323
99.55679999984568
124.89360000472516
102.29350000008708
98.50159999768948
102.62369999691145
101.46930000337306
117.85080000117887
104.23870000522584
104.41429999627871
97.00169999996433
104.03280000173254
123.3254000035231
99.21369999938179
102.57830000045942
102.88930000388063
100.27930000069318
124.67710000055376
99.92999999667518
100.90440000203671
99.84519999852637
100.391199994192
122.55739999818616
103.16420000162907
98.88010000577196
100.6100000013248
110.71739999897545
137.68800000252668
113.07239999587182
114.6941999977571
112.85750000388362
114.56909999833442
139.12290000007488
114.33699999906821
113.54570000548847
109.33270000532502
108.73149999679299
136.94160000159172
112.7141999968444
111.73319999943487
115.17800000001444
112.0225999984541
138.40759999584407
101.36319999583066
99.22740000183694
97.32850000000326
93.24570000171661
120.11720000009518
99.151599999459
98.23740000138059
100.48519999691052
100.98289999586996
120.27630000375211
100.13020000042161
98.76860000076704
98.10680000373395
98.171600002388
118.93019999843091
97.60329999699024
97.71010000258684
96.8626999965636
96.4460000031977
115.23790000501322
97.78369999548886
100.53500000503846
95.25650000432506
96.3527999992948
121.91059999895515
100.26659999857657
105.77069999999367
109.92400000395719
111.77529999986291
137.1179000052507
111.30229999980656
101.13139999884879
100.05670000100508
99.87499999988358
120.90470000111964
100.47200000553858
99.28949999448378
100.2336000019568
99.78319999936502
117.8513999984716
97.88649999973131
100.446299999021
100.62119999929564
100.86909999517957
123.07960000180174
100.06199999770615
100.9635000009439
99.60460000002058
98.35569999995641
118.71260000043549
107.58540000097128
108.75810000288766
96.60799999983283
114.00040000444278
136.97799999499694
100.35209999477956
99.89800000039395
99.23829999752343
98.71399999974528
118.52110000472749
98.01970000262372
106.12680000485852
114.14240000158316
115.33480000070995
137.6735000012559
112.09180000150809
100.32070000306703
101.41909999947529
100.38650000205962
120.77539999881992
102.6958000002196
99.61509999993723
95.09719999914523
100.5245999986073
119.30479999864474
99.21339999709744
98.18110000196612
100.37040000315756
102.08370000327704
121.6846000024816
100.99659999832511
101.07260000222595
96.2089999957243
96.43800000048941
121.70079999486916
96.48359999846434
100.69680000015069
99.94889999506995
100.87700000440236
121.77979999978561
100.61089999362594
96.53590000380063
101.91079999640351
98.54319999431027
128.92650000139838
101.37229999963893
97.04999999667052
101.30449999996927
99.99230000539683
123.12079999537673
101.81170000578277
98.4221000035177
101.7472999956226
101.32260000682436
117.19669999729376
101.52879999805009
101.3463999988744
103.99489999690559
102.04669999802718
123.60679999983404
102.33330000482965
101.2202999991132
101.62119999586139
100.60099999827798
122.32159999985015
100.5520000035176
101.3537000035285
103.53829999803565
101.5897000033874
122.04010000277776
101.2276000037673
99.70069999690168
94.77340000012191
100.25809999933699
120.5686000030255
99.22250000090571
100.53079999488546
94.52699999383185
104.9806000009994
122.37809999351157
112.64820000360487
98.10070000094129
103.1174999952782
101.0727000029874
117.74249999871245
103.28170000138925
101.57210000033956
101.73860000213608
101.36819999752333
121.92560000403319
102.08140000031563
101.6678999949363
99.87520000140648
96.76179999951273
119.12989999837009
98.47460000310093
101.33370000403374
115.89230000390671
112.05740000150399
134.61290000122972
113.55949999415316
110.91210000449792
107.75509999803035
104.34400000667665
137.78349999483908
107.62249999970663
99.56689999671653
98.0718999999226
97.65459999471204
117.98549999366514
99.42810000211466
101.25890000199433
99.04159999859985
98.00259999610716
122.71750000218162
104.22560000006342
100.13179999805288
97.4179999975604
100.26700000162236
138.68359999469249
102.17299999931129
102.6004000013927
100.76259999914328
98.67230000236304
139.65870000538416
114.9887999999919
104.61930000019493
102.40060000069207
100.82909999619005
121.87660000199685
101.4805000013439
95.99019999586744
96.61669999331934
101.77719999774126
143.9100999996299
115.40850000164937
100.85589999653166
101.94639999826904
96.92329999961657
123.48170000041137
100.20719999738503
102.50000000087311
103.32770000240998
99.10520000266843
126.6267000028165
101.45920000650221
102.69919999700505
99.99149999930523
114.34400000143796
142.12500000576256
101.89399999944726
96.89999999682186
115.80289999983506
115.94789999799104
139.16820000304142
113.97350000333972
111.85230000410229
97.21469999931287
100.40260000096168
117.47280000417959
100.62820000166539
100.61229999701027
100.55650000140304
100.29989999748068
121.07440000545466
103.29880000062985
101.10519999579992
94.52830000373069
97.78840000217315
117.76629999803845
100.26119999383809
99.60429999773623
98.35799999564188
100.06979999889154
122.56410000554752
99.85600000072736
99.55430000263732
99.69220000493806
99.61820000171429
120.34940000012284
99.16330000123708
95.63989999878686
94.05040000274312
95.98430000187363
118.50379999668803
96.06080000230577
97.6987999965786
95.6889000008232
98.39899999496993
121.44039999839151
101.38889999507228
99.09550000156742
99.10320000199135
102.9768000007607
120.13930000102846
102.6378999958979
109.0764999971725
110.52480000216747
109.82009999861475
136.8235999980243
113.37920000369195
98.95069999765838
98.05580000102054
98.12799999781419
119.26239999593236
94.51740000076825
99.39339999982622
98.63010000117356
100.83360000135144
120.70930000481894
100.47929999564076
99.69319999800064
99.25530000327853
93.24470000137808
119.15869999938877
100.55219999776455
99.94559999904595
98.49570000369567
99.18520000064746
110.90089999925112
96.8286999996053
99.85139999480452
99.4561999978032
99.03060000215191
118.5403000054066
98.9283999952022
99.61699999985285
98.124000003736
100.87700000440236
120.41150000004563
99.41149999940535
99.20180000335677
98.92290000425419
99.30629999871599
116.8718999979319
101.70219999417895
108.30839999835007
105.87320000195177
105.38369999994757
129.2856000000029
98.9867000025697
99.76230000029318
98.52050000336021
99.50820000085514
122.95240000094054
94.23489999608137
100.76610000396613
101.219600001059
106.3133999996353
127.94399999984307
108.52040000463603
108.08939999697031
111.14700000325684
111.15859999699751
134.46509999630507
111.24230000132229
110.45239999657497
109.52710000128718
97.94490000058431
113.04540000128327
95.07550000125775
96.42090000124881
95.71029999642633
95.56770000199322
118.62370000017108
99.45709999738028
98.61939999973401
98.2612000007066
98.58530000201426
119.20909999753349
92.2019000063301
96.19369999563787
99.15909999836003
95.4522999963956
111.26860000513261
96.24559999792837
96.22890000173356
96.53480000270065
94.95360000437358
118.51690000185044
112.52489999606041
116.75470000045607
105.19090000161668
97.64300000097137
121.88550000428222
96.29240000504069
96.57370000059018
95.87069999543019
95.23999999510124
117.57570000190753
97.43039999739267
96.19930000189925
98.34979999868665
106.4027000029455
118.23249999724794
98.7267000018619
98.45800000039162
97.07150000031106
98.42000000207918
117.82929999753833
105.90819999924861
105.84750000271015
94.06099999614526
97.63970000494737
120.12840000534197
97.70829999615671
92.71079999598442
98.1610999951954
97.59900000062771
116.2451999989571
99.02409999631345
97.79070000513457
98.11590000026627
97.53980000095908
118.52989999897545
97.8395999991335
98.72619999805465
97.1577000018442
96.1784999963129
115.78660000668606
95.8842000036384
91.50390000286279
95.92590000102064
95.8048000029521
128.11349999537924
99.91330000048038
97.27349999593571
97.54119999706745
97.713000002841
114.93109999719309
99.39500000473345
98.04189999704249
97.42860000551445
92.03790000174195
118.97400000452762
98.38780000427505
98.13040000153705
96.69489999942016
94.69199999875855
119.30340000253636
96.44129999651341
98.37740000511985
96.74939999968046
93.13860000111163
116.2731000003987
98.17739999562036
95.44079999614041
94.85809999750927
95.6443000031868
110.16709999967134
94.80729999631876
94.79319999809377
97.38619999552611
98.19989999959944
116.7323000045144
98.359800002072
99.06749999936437
92.44939999916824
99.2947999984608
118.84689999715192
98.53399999701651
93.8901999979862
97.71560000081081
99.3155000032857
117.39790000137873
96.44709999702172
97.69400000368478
96.62280000338797
95.05090000311611
118.62090000067838
96.82349999638973
97.01489999861224
96.07639999740059
97.64989999530371
113.59680000168737
98.00579999864567
98.24549999757437
97.22900000633672
93.65300000354182
118.69219999789493
97.12949999811826
94.63549999782117
97.90970000176458
98.81870000390336
118.55160000413889
93.47019999404438
98.13430000212975
97.47629999765195
92.8020000064862
118.23020000156248
96.92290000384673
92.66239999851678
97.88980000303127
98.4286000020802
112.52059999969788
100.20349999831524
102.52680000121472
106.29489999701036
97.34059999755118
118.21040000359062
96.53439999965485
96.61019999475684
90.40210000239313
98.88910000154283
117.47260000265669
97.31440000177827
91.73050000390504
97.20750000269618
96.32039999996778
119.96699999872362
95.85250000236556
94.76919999724487
95.50830000080168
95.76499999820953
117.14529999881051
97.36279999924591
96.88290000485722
92.27670000109356
97.29730000253767
118.00080000102753
96.29470000072615
95.84820000600303
96.56470000481931
99.67549999419134
111.2654000025941
96.33730000496143
92.20900000218535
93.63369999482529
93.80959999543848
115.93340000399621
97.4010999998427
95.78590000455733
96.18059999775141
96.28770000563236
115.37490000046091
90.51809999800753
95.73290000116685
96.55370000109542
96.21999999944819
114.45149999781279
90.32399999705376
95.80619999906048
98.27709999808576
94.16889999556588
122.98469999950612
110.99519999697804
95.99259999959031
120.153299998492
113.2727000003797
126.9484000004013
109.82199999853037
108.48490000353195
109.59919999731937
97.64089999953285
116.36449999787146
95.45559999969555
95.56769999471726
90.86779999779537
94.681299997319
115.43220000021392
96.71870000602212
95.68370000488358
93.12750000390224
95.03379999659956
132.2537999949418
108.71429999679094
98.36019999784185
98.16989999671932
95.90539999771863
112.20280000270577
96.70460000052117
96.67970000009518
91.63119999720948
95.55819999513915
140.5252999975346
110.39500000333646
97.7229999989504
95.77770000032615
96.22110000054818
117.50480000046082
95.93840000161435
97.62059999775374
95.47759999986738
98.06840000237571
116.69380000239471
93.37999999843305
96.59039999678498
96.6822000045795
91.44620000006398
115.68930000066757
95.94579999975394
93.9040999946883
97.00639999937266
96.1066000018036
111.04109999723732
95.36050000315299
95.85070000321139
96.66230000584619
99.73660000105156
113.67440000321949
97.05709999980172
93.52159999980358
95.0924999997369
95.82450000016252
116.82760000257986
96.49870000430383
97.55949999816949
98.59370000049239
92.63099999952829
117.74359999981243
92.08059999946272
96.35159999743337
95.53679999953602
94.37830000388203
115.42200000258163
95.46109999791952
95.24819999933243
97.00129999691853
97.78089999599615
117.89140000473708
94.12840000004508
99.15780000301311
96.97469999809982
98.13900000153808
117.42599999706727
95.54760000173701
95.1746999999159
90.10010000201873
94.64979999756906
118.44769999879645
97.4019000059343
96.99850000470178
97.94349999719998
97.13550000014948
117.61280000064289
99.0204999980051
107.05030000099214
101.95730000123149
108.9129000029061
132.28689999959897
109.65049999504117
109.85229999641888
108.97980000299867
107.87580000032904
116.9746999948984
93.68220000033034
99.77230000367854
98.2302000047639
96.22040000249399
118.59669999830658
96.47960000438616
97.97600000456441
93.2228000019677
96.56589999940479
118.65140000008978
96.69679999933578
96.46490000159247
93.1544000050053
93.7947999991593
111.56779999873834
95.81250000337604
94.96709999802988
96.94889999809675
94.74629999749595
115.57960000209277
96.84710000146879
97.39509999781149
95.0647999998182
92.09589999954915
117.43229999410687
90.96020000288263
94.1339999990305
97.19080000650138
96.74790000281064
115.5406000034418
96.4901000043028
96.02540000196313
96.34940000250936
94.97160000319127
114.24580000311835
90.47350000037113
98.13270000449847
93.31830000155605
96.4248000018415
120.2153000049293
122.76789999305038
96.78469999926165
99.37190000346163
93.42189999733819
122.90190000203438
97.98150000278838
101.34509999625152
100.55429999920307
101.11500000493834
119.84089999896241
92.88519999972777
96.58560000389116
104.04359999665758
107.32320000533946
136.95100000040838
98.59190000133822
96.44710000429768
99.46209999907296
94.30589999828953
120.25499999435851
94.19809999963036
98.10429999924963
97.3974000007729
98.01030000380706
131.58929999917746
111.86000000452623
113.20590000104858
94.0483000013046
98.04390000499552
118.76060000213329
96.67030000127852
99.24449999380158
95.83420000126353
95.08310000092024
117.11499999364605
97.67909999936819
96.927799997502
104.79739999573212
102.79449999507051
129.25579999864567
100.34040000027744
107.34260000026552
108.45929999777582
107.89459999796236
133.57270000415156
104.7961000003852
108.18120000476483
110.23849999764934
101.31149999506306
131.00259999919217
109.0531000008923
109.11699999996927
108.67390000203159
106.33019999659155
133.5800000015297
108.03649999434128
106.58410000178264
107.34529999899678
107.67449999548262
131.54600000416394
91.37709999777144
98.21109999757027
94.77280000282917
100.48799999640323
111.57559999992372
97.68040000199107
98.52610000234563
100.01900000497699
101.82840000197757
125.64180000481429
98.70840000075987
104.00279999885242
102.0321000032709
102.55329999927199
130.05100000009406
104.42540000076406
102.91100000176812
102.59100000257604
100.99099999933969
124.1437999997288
101.79359999892768
91.46719999989728
94.61190000001807
92.1124999949825
117.59019999590237
93.82360000017798
95.12429999449523
90.8424000008381
95.7873999941512
117.62540000199806
92.66899999784073
96.23540000029607
104.63350000645733
104.23850000370294
120.30040000536246
104.20719999819994
104.59439999976894
102.81679999752669
107.24209999898449
130.58749999618158
110.43760000029579
109.91100000683218
109.8162999987835
98.63659999973606
116.79749999893829
93.86870000162162
93.10440000263043
92.80440000293311
99.80090000317432
131.6679000010481
129.89180000295164
144.27379999688128
121.85339999996359
101.74619999452261
117.39329999545589
97.69880000385456
101.394800003618
103.81039999629138
99.77160000562435
119.68630000046687
103.50970000581583
96.98519999801647
92.56450000248151
92.44390000094427
124.82269999600248
99.8775999978534
107.07260000344831
111.75139999977546
117.28560000483412
117.14479999500327
95.46049999335082
96.60100000473903
96.20739999809302
94.76169999834383
118.13460000121268
96.96580000309041
98.24889999435982
103.81430000416003
101.24150000046939
118.07100000442006
94.09109999978682
97.72659999725875
98.41969999979483
89.95470000081696
117.7763999949093
110.87019999831682
97.78720000031171
96.97400000004563
104.9940000011702
143.37969999905908
107.12069999863161
99.53999999561347
97.54569999495288
97.4387000023853
126.86739999480778
110.15760000009323
96.99450000334764
99.90039999684086
98.53640000073938
119.24459999863757
97.54049999901326
100.99479999917094
95.26950000145007
100.68669999600388
123.60220000118716
105.8268999986467
106.37190000124974
96.29759999370435
99.91269999591168
140.65380000101868
109.47859999578213
96.3980000014999
103.04530000576051
99.71110000333283
118.8765000042622
96.37459999794373
105.07520000101067
103.48230000090552
104.38019999855896
131.63979999808362
97.79269999853568
106.03460000129417
101.05830000247806
111.28750000352738
154.11300000414485
137.18759999756003
107.40179999993416
110.008800002106
102.8874999974505
131.3527000020258
101.45619999821065
104.17880000022706
106.74329999892507
102.60640000342391
122.37720000121044
104.3532999974559
100.20220000296831
98.77449999476084
94.43610000016633
118.913700003759
99.5249000043259
96.57339999830583
96.58369999669958
111.77930000121705
150.32009999413276
97.36239999620011
97.962899999402
95.63530000013998
94.97620000183815
114.19430000387365
93.57559999625664
98.39339999598451
99.90609999658773
101.12169999774778
113.91480000020238
100.11670000676531
98.41489999962505
99.47619999729795
97.69439999945462
120.46859999827575
98.38160000072094
96.88270000333432
97.64359999826411
97.9105999940657
121.20619999768678
98.61780000210274
98.62789999897359
99.38310000143247
96.90019999834476
119.33180000050925
97.4147000015364
97.63910000037868
96.62620000017341
97.46779999841237
118.82470000273315
100.72239999863086
97.05299999768613
102.14080000150716
99.34860000066692
114.39090000203578
99.3296000015107
100.915700000769
100.76880000269739
97.41660000145203
114.89399999845773
100.95439999713562
101.4050000012503
96.36550000141142
101.02290000213543
122.57939999835799
98.37749999860534
104.22629999811761
97.70679999928689
96.55699999711942
122.53580000106012
100.36910000053467
100.34920000180136
100.97959999984596
99.96960000717081
118.8213000059477
100.89370000059716
110.47310000139987
106.93729999911739
100.72670000226935
125.34179999784101
107.80840000370517
101.31099999853177
98.85249999933876
96.30319999996573
118.02329999773065
100.77389999787556
95.93199999653734
97.8398000006564
101.8779000005452
126.28959999710787
102.25609999906737
103.18440000264673
118.52849999559112
111.77909999969415
133.2745999970939
108.08139999426203
102.02810000191675
97.9183000017656
99.59140000137268
121.25160000141477
99.98300000006566
100.53429999970831
94.49450000101933
97.95799999847077
124.14239999634447
98.98919999977807
99.64000000036322
98.23129999858793
100.88589999941178
135.40070000453852
101.07009999774164
99.5314000028884
99.68649999791523
97.01150000182679
121.07089999335585
101.16640000342159
98.4039999966626
98.84140000212938
103.12710000289371
117.28710000170395
96.16100000130245
96.96509999776026
99.21030000259634
99.29460000421386
118.14000000595115
99.47880000254372
95.45300000172574
97.00599999632686
102.36189999704948
121.14959999598796
101.9317999962368
98.19879999849945
96.17279999656603
98.37790000165114
113.71510000026319
98.39259999716887
93.32600000197999
98.75040000042645
98.3120000018971
129.76679999701446
97.52689999731956
95.39949999452801
96.96850000182167
92.55240000493359
122.7292999974452
91.5681999977096
97.56210000341525
98.23920000053477
96.87709999707295
118.91579999792157
94.93819999624975
97.1715999985463
91.88709999580169
100.0313999975333
118.45229999744333
95.21569999924395
96.29080000013346
92.67700000054901
100.37970000121277
117.17569999746047
97.98520000185817
97.75609999633161
100.4698999968241
97.37909999967087
117.1360000007553
91.42640000209212
99.47680000186665
99.5757999990019
97.83319999405649
119.68210000486579
97.9083999991417
96.03910000441829
120.7702999963658
98.86430000187829
117.19390000507701
98.08540000085486
99.34369999973569
94.17790000588866
100.0555999999051
118.65650000254391
93.30079999926966
97.52819999994244
98.37439999682829
99.8263000001316
114.47000000043772
98.93279999960214
98.222499997064
96.96120000444353
97.06739999819547
117.54669999936596
97.60159999859752
99.24619999947026
97.27019999991171
97.43349999916973
116.2389000019175
97.46979999908945
98.06949999619974
92.52700000070035
96.8122999984189
117.55999999877531
117.14009999559494
94.78430000308435
97.96459999779472
99.07029999885708
118.96229999547359
96.61400000186404
96.32710000005318
109.88109999743756
98.50950000691228
118.9206999988528
97.20369999558898
99.10520000266843
104.92049999447772
98.78939999907743
115.83319999772357
99.4527000002563
98.3323999971617
98.5932999974466
98.97099999943748
118.7802999993437
100.07179999956861
97.59249999478925
97.53389999968931
97.9287000009208
117.71439999574795
99.34910000447417
109.55880000256002
96.58550000312971
103.95260000223061
125.05539999983739
105.38580000138609
99.42839999712305
96.20750000613043
99.2783000037889
114.64139999588951
97.4043999958667
99.04339999775402
96.65490000043064
94.82959999877494
122.27279999933671
107.66799999692012
109.42439999780618
100.97560000576777
98.11859999899752
119.90250000235392
95.85339999466669
101.1549000031664
96.56710000126623
96.5342999988934
118.34969999472378
93.24689999630209
97.81070000462933
98.30240000155754
97.36430000339169
132.00580000557238
112.35289999603992
106.72139999951469
91.81359999638516
100.17859999788925
118.78219999925932
105.17119999713032
99.19440000521718
98.64830000151414
92.33379999932367
119.13739999727113
100.10930000134977
96.43240000150399
94.69969999918249
90.05359999719076
115.66809999931138
92.27939999982482
97.39179999451153
94.90260000166018
89.96640000259504
115.13960000593215
94.98829999938607
92.18050000345102
96.12930000002962
114.24930000066524
125.45160000445321
108.82370000035735
97.94400000100723
92.11119999963557
114.89160000201082
131.75639999826672
100.73430000193184
97.29320000042208
97.01940000377363
96.30480000487296
118.79220000264468
99.38269999838667
98.25789999740664
97.16869999829214
92.68249999877298
117.2048000007635
96.60799999983283
96.98140000546118
97.69969999615569
93.86519999679876
120.3254000065499
97.73629999835975
101.07970000535715
97.72289999818895
95.3019000007771
119.97069999779342
107.70899999624817
106.57589999755146
112.01210000581341
100.54870000021765
114.00249999860534
102.4221000043326
106.02129999460885
96.76719999697525
96.65689999383176
118.48089999693912
106.53700000693789
96.00510000018403
96.89319999597501
96.73170000314713
120.3248999954667
98.65249999711523
97.33530000085011
94.8592999993707
93.35599999758415
123.66499999916414
103.0657000010251
97.37890000542393
97.49680000095395
99.29819999524625
119.10050000005867
98.27940000104718
98.695199994836
103.95279999647755
93.99539999867557
132.96310000441736
96.18999999656808
93.6985000007553
98.1471999984933
92.23570000176551
120.45840000064345
97.34530000423547
97.22129999863682
95.65489999658894
97.67189999547554
117.0194000005722
98.81470000254922
96.75239999342011
96.83450000011362
96.23109999665758
112.1010999995633
96.77940000256058
96.04469999612775
98.06250000110595
95.46859999682056
119.32799999340205
96.42610000446439
96.41420000116341
97.97740000067279
95.4143999988446
118.84920000011334
104.29540000041015
98.02630000194767
97.40429999510525
97.80559999489924
117.4574999968172
97.6239000010537
91.35909999895375
95.03180000319844
96.5818999975454
118.3896000002278
99.6173000021372
98.3023000007961
104.06810000131372
101.40810000302736
127.61119999777293
106.13949999969918
106.62639999645762
91.6678000066895
96.04119999858085
116.81020000105491
105.30389999621548
103.0211999968742
98.20549999858486
95.56989999691723
115.80780000076629
96.19540000130655
100.56379999878118
97.17079999973066
98.43820000241976
118.14070000400534
94.12850000080653
106.37979999592062
101.91100000520237
95.35389999655308
111.00609999994049
95.56590000283904
98.4457999948063
93.77800000220304
97.55479999876115
116.12730000342708
96.07880000112345
99.60829999909038
96.12199999537552
98.67379999923287
119.59409999690251
97.00100000191014
99.83700000157114
97.67760000249837
97.20680000464199
118.39229999895906
97.39899999840418
96.94939999462804
95.93519999907585
98.42139999818755
128.2613000003039
110.2995999972336
97.62090000003809
97.68829999666195
97.35989999899175
114.72579999826849
109.18560000573052
100.95739999815123
96.31540000555106
99.26609999820357
117.57209999632323
97.68420000182232
110.34240000299178
97.65120000520255
99.16620000149123
128.5894000029657
101.40129999490455
97.85310000006575
93.29900000011548
96.08799999841722
117.45570000493899
95.85099999821978
95.87860000465298
96.49390000413405
96.03960000094958
118.08780000137631
97.23120000126073
96.63490000093589
96.96339999936754
96.96769999573007
117.694799999299
91.26859999378212
99.99339999922086
97.51729999698
92.9312000007485
116.29159999574767
94.54900000127964
94.58189999713795
95.24850000161678
96.34199999709381
118.4780999974464
99.59060000255704
94.6373999977368
97.33090000372613
97.00129999691853
119.85709999862593
95.16010000515962
97.8015000000596
98.49119999853428
92.15240000048652
119.31999999796972
98.8876999981585
97.04780000174651
97.03330000047572
96.78819999680854
119.11050000344403
95.85830000287388
97.56179999385495
92.13540000200737
96.41720000217902
116.9681000028504
95.92949999932898
97.61749999597669
97.10639999684645
99.82400000444613
117.44850000104634
95.2982000017073
98.44169999996666
98.0524000042351
93.06829999695765
123.06920000264654
97.88470000057714
96.84849999757716
98.00840000389144
98.23909999977332
118.19649999961257
96.85460000036983
98.90199999790639
95.9039999943343
97.41800000483636
117.39650000527035
96.08319999824744
97.25369999796385
96.17629999411292
96.51170000142884
117.45040000096196
92.20420000201557
93.98830000282032
113.04160000145203
94.38510000472888
137.33209999918472
93.22510000492912
110.22270000103163
90.68969999498222
96.12080000079004
119.87109999608947
97.42689999984577
98.15579999849433
93.73520000372082
96.7744000008679
118.50709999998799
97.26849999424303
96.40560000116238
96.59900000406196
97.18289999727858
117.87370000092778
97.98819999559782
95.78440000041155
94.6479000049294
114.55940000450937
124.92800000472926
105.19010000280105
95.99929999967571
99.08389999327483
108.07889999705367
128.59519999619806
108.75279999891063
96.64409999822965
99.23520000302233
96.9552999958978
118.10930000501685
96.50390000024345
93.06639999704203
97.09769999608397
100.83540000050562
118.12669999926584
96.62409999873489
95.62620000360766
101.3810000004014
104.22720000497065
109.97530000167899
94.1917000018293
108.61600000498584
106.15419999521691
99.06109999428736
119.17800000082934
97.7268999995431
93.7393999993219
96.63670000009006
98.75409999949625
118.75120000331663
94.16010000131791
99.18830000242451
98.9010999983293
99.42419999424601
111.87480000080541
95.34269999858225
94.72470000036992
98.11600000102771
93.55380000488367
117.98719999933382
97.50849999545608
97.93789999821456
96.82390000671148
97.5274999946123
119.29149999923538
98.18880000239005
107.18890000134706
106.15780000080122
98.48459999921033
121.82210000173654
98.16730000602547
95.15169999940554
98.22359999816399
96.20859999995446
117.81879999762168
97.37699999823235
97.44200000568526
92.28580000490183
94.05510000215145
114.93619999964722
94.06209999724524
96.40239999862388
97.97210000397172
94.65229999477742
117.9684000017005
96.89329999673646
96.91410000232281
96.93690000131028
97.59029999986524
117.35439999756636
96.27940000063973
90.58419999928446
96.71520000119926
94.67760000552516
109.98290000134148
97.48279999621445
101.65979999874253
110.81019999983255
96.43309999955818
116.2417999948957
97.89900000032503
96.46449999854667
98.58870000607567
97.81939999811584
114.96379999880446
95.12410000024829
95.36949999892386
94.38740000041435
108.3650000000489
123.77199999900768
98.02910000144038
98.37990000232821
98.67680000024848
105.90470000170171
136.89300000260118
100.32359999604523
98.48100000090199
95.5409999951371
96.97269999742275
122.36599999596365
99.11900000588503
96.97370000503724
97.00100000191014
97.98160000354983
118.30080000072485
96.32850000343751
97.71189999446506
96.9455000013113
98.04599999915808
119.2393000019365
96.88439999445109
100.24390000035055
108.89020000468008
96.24739999708254
116.76649999571964
97.01359999598935
96.13309999986086
97.63390000443906
96.58320000016829
118.76569999731146
97.61180000350578
97.20479999668896
115.77229999966221
104.76209999615094
118.9518000028329
98.9045999958762
92.87449999828823
99.24759999557864
97.84780000336468
121.90749999717809
98.90699999959907
99.15990000445163
96.64270000212127
96.84710000146879
119.97820000397041
93.60510000260547
108.35979999683332
112.03049999312498
96.23650000139605
111.07179999817163
100.41740000451682
105.19949999434175
112.52419999800622
107.42410000239033
128.7330999984988
99.29350000311388
108.69539999839617
104.0184000012232
99.59030000027269
123.84670000028564
93.21210000052815
97.79329999582842
98.64469999592984
92.61390000028769
116.54909999924712
96.63410000212025
90.51929999986896
94.43109999847366
95.99319999688305
111.36220000480535
96.17230000003474
109.09589999937452
104.73439999623224
97.27730000304291
115.49419999937527
91.9248999998672
98.14310000365367
95.68569999828469
96.93659999902593
124.28260000160662
94.82620000198949
97.314999999071
91.54710000439081
97.25600000092527
117.59129999700235
92.74770000047283
97.5689000042621
97.52660000231117
97.28880000329809
113.84179999731714
97.34390000085114
98.56929999659769
97.51690000121016
96.94219999801135
118.99639999319334
97.6955000005546
95.21120000135852
95.33499999815831
95.60960000089835
134.11929999710992
101.32389999489533
93.92880000086734
103.19509999681031
96.53590000380063
116.63430000044173
95.19229999568779
100.99259999697097
100.89579999475973
98.27819999918574
115.62150000099791
97.90359999897191
98.75979999924311
99.61289999773726
100.63850000005914
133.23680000030436
97.6784999947995
99.4079999945825
95.73870000167517
99.20429999328917
118.66890000237618
98.19359999528388
94.17620000021998
98.27429999859305
97.85679999913555
119.39189999975497
103.48070000327425
112.05379999591969
100.9940000003553
109.86740000225836
128.59040000330424
97.51089999917895
98.76509999594418
96.47229999973206
97.70469999784837
119.62489999859827
93.37000000232365
93.59939999558264
99.45449999941047
105.30629999993835
117.82099999982165
98.40059999987716
94.9620999963372
97.34540000499692
97.81870000006165
124.38110000221059
99.71519999817247
114.8557000051369
106.61699999764096
101.74179999739863
124.74540000403067
97.20740000193473
112.49650000536349
104.02479999902425
92.04199999658158
117.69869999989169
99.44460000406252
100.7549000059953
98.61040000396315
98.55610000522574
120.58659999456722
99.0966000026674
94.407600001432
98.11300000001211
97.05089999624761
129.37189999502152
96.8866999974125
93.2671000045957
95.87920000194572
92.77779999683844
119.63780000223778
98.91879999486264
99.45380000135629
96.38980000454467
95.82690000388538
119.93169999914244
100.71339999558404
101.18040000088513
99.78589999809628
100.7268000030308
122.6031000041985
100.53770000376971
95.21880000102101
100.73879999981727
100.75890000007348
135.00270000076853
101.13329999876441
99.85769999912009
100.62990000005811
105.11400000541471
134.02900000073714
96.58119999949122
99.97160000057193
98.47090000403114
100.84659999847645
137.63390000531217
97.91399999812711
99.88300000259187
100.2232000028016
99.75719999783905
120.05349999526516
97.41370000119787
119.65459999919403
95.17069999856176
94.62050000001909
117.86419999407372
100.271099996462
97.39499999705004
97.5964000026579
100.49489999801153
119.5404000027338
99.15619999810588
101.07979999884265
98.43640000326559
100.57509999751346
121.3354999999865
99.51429999637185
98.76989999611396
109.41800000000512
112.35450000094716
121.43309999373741
99.5623000053456
99.4323999984772
99.82360000140034
99.25540000403998
119.64720000105444
94.51819999958389
98.54059999634046
97.39990000525722
98.60359999584034
120.64169999939622
99.3772000001627
100.59850000106962
98.45779999886872
100.16309999627993
119.47470000450267
98.46479999396252
97.61889999936102
97.71679999539629
98.86540000297828
120.78830000245944
105.68580000108341
92.7878000002238
96.36609999870416
107.3852000045008
123.64259999594651
95.56370000063907
98.77499999856809
108.67680000228574
108.78239999874495
128.66229999781353
97.42649999679998
97.84369999397313
102.72869999607792
99.17810000479221
114.90420000336599
92.64600000460632
95.2608000006876
94.51209999679122
90.08719999837922
115.9814999991795
96.39720000268426
97.70450000360142
96.48720000404865
90.97959999780869
117.37439999706112
96.26790000038454
97.85679999913555
96.5725999994902
96.4968999978737
120.14379999891389
100.20300000178395
93.39869999530492
98.15200000593904
98.16390000196407
119.75380000512814
97.53129999444354
97.59059999487363
97.7649000051315
95.9255000052508
114.89109999820357
99.10769999987679
108.40129999996861
108.8917000015499
101.55759999906877
117.30819999502273
97.5311999936821
96.00869999849238
96.60580000490882
97.37830000085523
112.38389999925857
98.23050000704825
100.13220000109868
92.73270000267075
98.08730000077048
118.20579999766778
92.85680000175489
96.31269999954384
98.11330000229646
98.5553000064101
118.17799999698764
97.14569999778178
96.85629999876255
99.85089999827323
100.39469999901485
119.58690000028582
99.18269999616314
96.24199999962002
99.48070000245934
96.56759999779752
119.78960000124061
102.61720000562491
100.87289999501081
97.21920000447426
93.52489999582758
118.13499999698251
97.37679999670945
103.22250000172062
92.92139999888605
98.11079999781214
118.52399999770569
97.20839999499731
100.62170000310289
98.03870000177994
96.97779999987688
117.5851000007242
96.74869999435032
96.4867000002414
96.2359999975888
97.62319999572355
113.17370000324445
96.66160000051605
95.91139999974985
96.86559999681776
97.15959999448387
113.0020999989938
96.5795000010985
91.85479999723611
96.54939999745693
96.20559999893885
112.85510000016075
96.58740000304533
97.8088999981992
93.88279999984661
100.92989999975543
127.46270000207005
105.36080000019865
103.21909999765921
96.65469999890774
92.54839999630349
117.93739999848185
98.10480000305688
97.64010000071721
100.76070000650361
100.79290000430774
117.32139999367064
97.18799999973271
91.88759999960894
97.53340000315802
97.51219999452587
119.18660000083037
102.37559999950463
97.57840000384022
93.195100002049
99.96780000074068
126.50079999730224
97.28850000101374
96.69729999586707
97.22239999973681
96.76350000518141
117.29449999984354
98.32029999961378
97.37150000000838
95.74239999346901
97.68319999420783
112.08269999769982
96.3019999981043
96.25500000402099
95.84870000253431
98.89960000145948
116.7797000016435
95.96999999484979
94.90139999979874
96.79379999579396
97.55069999664556
116.12299999978859
101.34749999997439
98.7232999978005
95.57340000174008
102.9432000068482
120.60159999964526
90.32380000280682
97.39169999375008
95.86929999932181
93.13609999662731
117.18809999729274
91.05469999485649
96.37809999549063
96.10740000061924
98.3633999931044
116.75820000527892
92.01909999683267
98.6620000039693
90.46610000223154
111.51480000262382
113.67889999382896
95.68200000649085
96.42839999287389
95.68060000310652
95.41039999749046
114.60359999909997
95.85910000168951
94.95359999709763
93.98399999918183
94.99409999989439
108.72749999543885
95.01840000302764
96.0930000001099
94.44580000126734
95.81410000100732
110.75179999897955
94.2060000015772
95.68239999498473
93.40109999902779
92.89230000285897
120.76340000203345
99.22879999794532
95.2023999998346
94.8525999992853
95.58090000064112
118.13129999791272
95.32900000340305
92.05900000233669
94.08560000156285
94.93959999963408
115.96430000645341
94.31210000184365
95.64890000183368
96.98219999700086
96.09389999968698
111.8103999979212
93.0270999961067
96.92580000410089
91.14450000197394
94.5004000022891
114.70330000156537
92.8801999980351
92.27459999965504
103.47199999523582
102.98260000126902
131.9833000015933
94.69109999918146
105.05080000439193
99.79030000249622
93.76150000025518
121.05560000054538
95.23459999763872
98.26590000011493
98.10619999916526
95.25769999891054
117.27220000466332
89.98520000022836
93.15920000517508
92.72839999903226
93.05550000135554
125.46789999760222
96.45120000641327
91.47180000582011
94.53539999958593
93.19010000035632
116.45169999974314
94.2328000019188
94.72190000087721
96.18069999851286
94.66149999934714
117.19699999957811
88.96760000061477
94.86109999852488
95.2532000010251
91.81960000569234
118.4142000056454
95.46419999969658
91.26180000021122
93.52829999988899
94.07520000240766
118.71540000720415
96.17660000367323
114.36300000059418
100.56350000377279
104.40269999526208
116.29280000488507
95.74910000083037
94.79949999513337
95.24029999738559
95.2541000006022
115.9094999966328
95.39680000307271
95.20060000068042
95.06030000193277
95.41109999554465
116.1530999961542
95.1472000015201
95.85590000642696
95.11049999855459
95.81080000498332
117.58019999979297
94.14030000334606
87.82280000013998
93.71789999568136
89.14139999978943
119.16409999685129
110.50000000250293
95.83610000117915
94.8805000007269
96.45119999913732
116.40430000261404
91.47500000108266
95.25500000017928
103.8470000057714
97.92000000015832
117.88479999813717
94.99300000607036
94.76219999487512
96.40309999667807
95.22879999713041
116.787300001306
95.45350000553299
96.34459999506362
94.56670000508893
95.21379999932833
119.40459999459563
95.51670000655577
96.54450000380166
90.49810000578873
95.02809999685269
112.80819999956293
94.76230000291253
96.6307999988203
98.12329999840586
94.9144999976852
108.5631000023568
94.35550000489457
94.97140000166837
96.17209999851184
96.46359999896958
115.67210000066552
93.90879999409663
92.99920000194106
92.60560000257101
108.16989999875659
128.11340000189375
99.60029999638209
97.41890000441344
96.06280000298284
96.13800000079209
111.58209999848623
96.43599999981234
92.92520000599325
97.6444999978412
89.19990000140388
118.9721999980975
92.29600000253413
97.24769999593263
95.97360000043409
95.89799999957904
116.92590000166092
98.894199996721
97.44350000255508
91.3561999986996
97.32169999915641
124.30639999365667
100.50580000097398
110.01820000092266
96.16869999445044
97.58770000189543
119.12029999803053
95.6510999967577
93.71309999551158
95.84059999906458
97.48799999943003
116.74520000087796
97.97859999525826
91.71480000077281
96.83539999969071
95.43620000476949
116.9339000043692
96.48539999761852
95.48779999749968
98.24980000121286
99.77310000249417
116.42889999347972
95.8900999976322
93.72890000668122
93.11589999560965
96.42179999354994
116.3075000004028
97.57979999994859
95.63139999954728
96.1821000018972
98.52349999709986
117.91109999467153
100.2057999940007
95.77139999601059
96.10219999740366
95.94010000000708
113.20229999546427
98.68969999661203
96.75399999832734
98.32969999843044
105.75919999973848
135.2067999978317
95.6372000000556
95.22039999865228
95.24110000347719
90.68169999954989
116.42720000236295
110.35070000070846
98.3635999946273
94.42520000447985
97.26020000380231
119.19979999947827
93.20460000162711
98.198699997738
97.23659999872325
97.3398000060115
118.05309999908786
97.18169999541715
97.4287000062759
94.16559999954188
101.56939999433234
121.4892999996664
93.08289999898989
98.85539999959292
97.75550000631483
97.58719999808818
128.15450000198325
112.20839999441523
98.80300000077114
98.38970000419067
97.7816000013263
118.98020000080578
94.14000000106171
97.23030000168364
98.24509999452857
99.40310000092722
123.2707000017399
91.3423000019975
97.52190000290284
98.6962000024505
98.54289999930188
122.24749999586493
100.2020999949309
100.53120000520721
97.27659999771276
97.30560000025434
115.52200000005541
98.6994999984745
97.1164000002318
98.61190000083297
96.52930000447668
114.52719999942929
96.10350000002654
107.42749999917578
105.67270000319695
97.59800000028918
115.4781000004732
115.07880000135629
97.17739999905461
100.33110000222223
97.80879999743775
118.51860000024317
97.13180000107968
95.60049999709008
97.11139999853913
98.89280000061262
118.85700000129873
94.00060000189114
98.93409999494907
99.65200000442564
97.97419999813428
118.98669999936828
101.81209999427665
93.7675000022864
98.67210000084015
98.18520000408171
119.34279999695718
98.03180000017164
94.99760000471724
96.2671000015689
99.14670000580372
117.83229999855394
97.1681999944849
92.99499999906402
98.19009999773698
97.60449999885168
118.71239999891259
98.23199999664212
98.00350000296021
97.12890000082552
92.6887000023271
118.7248999995063
99.96280000632396
96.3119000007282
96.63850000652019
97.78450000158045
113.33239999657962
96.14910000527743
111.5871000001789
106.02040000230772
108.7136999994982
120.82980000559473
103.0008000016096
95.3564000010374
94.79260000080103
96.64679999696091
118.70949999865843
96.67050000280142
98.87239999807207
99.05609999987064
98.63899999618297
121.01770000299439
96.67610000178684
94.44410000287462
100.80120000202442
94.34319999854779
134.26620000245748
115.03749999974389
106.49499999999534
110.1652999932412
110.48160000063945
124.09959999786224
93.42470000410685
89.63629999925615
99.04300000198418
91.3176999965799
116.20789999869885
93.1200999984867
95.64970000064932
91.67139999772189
97.13600000395672
118.43200000294019
98.38279999530641
108.32439999649068
105.29040000255918
93.49199999996927
119.95410000236006
93.22510000492912
96.20420000283048
97.67909999936819
96.21080000215443
117.83839999407064
99.72929999639746
99.75150000536814
91.7769999941811
96.14699999656295
116.92000000039116
96.29750000021886
96.46430000429973
97.91250000125729
94.07240000291495
113.765299996885
94.92040000623092
89.90549999725772
93.55109999887645
95.00490000209538
132.77630000084173
110.3067000003648
110.29480000433978
106.71110000112094
110.37660000147298
133.50789999822155
108.38379999768222
99.62830000586109
92.62170000147307
98.11899999476736
119.06119999912335
92.74630000436446
98.03870000177994
98.89259999908973
91.93960000266088
116.12429999513552
96.63849999924423
108.49219999363413
103.57729999668663
112.61970000487054
136.00710000173422
97.65759999572765
95.87119999923743
95.65350000048056
91.44910000031814
116.91570000402862
96.40170000056969
96.11710000172025
95.36119999393122
97.20130000641802
112.69549999997253
95.86909999779891
99.30829999939306
98.76579999399837
98.79399999772431
118.8070999996853
100.07320000295294
98.16069999942556
99.58009999536444
98.83759999502217
118.74030000035418
93.11560000060126
98.17560000374215
99.10049999598414
102.08209999836981
135.09999999951106
100.3257999982452
111.20089999894844
111.74690000189003
109.57710000366205
132.8390999988187
95.74769999744603
97.63789999851724
99.58309999638004
98.18149999773595
119.56260000442853
93.03370000270661
98.91869999410119
98.37120000156574
97.51640000467887
120.22359999537002
98.56829999625916
96.7707000017981
96.24040000198875
109.35820000304375
114.99569999432424
112.99929999950109
101.89979999995558
94.38660000159871
95.55610000097658
114.82750000141095
95.86259999923641
100.84120000101393
96.07479999976931
95.03200000472134
114.1018000053009
95.02810000412865
111.82179999741493
107.96310000296216
101.40570000658045
128.52559999737423
95.0306999948225
99.24069999397034
99.53899999527493
91.64869999949588
118.21290000079898
99.89710000081686
98.16520000458695
97.75520000403048
98.00540000287583
112.58529999759048
97.8940999993938
102.38839999510674
106.57479999645147
106.80830000637798
124.39170000288868
97.8737000041292
97.74910000123782
98.12320000492036
93.25719999469584
117.6324999978533
101.02719999849796
97.16209999896819
97.5717999972403
98.00860000541434
115.39420000190148
96.0994999986724
95.93640000093728
103.22240000095917
109.76130000199191
117.75630000192905
95.65260000090348
92.76129999489058
94.20469999895431
93.85309999925084
119.26849999872502
95.55830000317656
95.34719999646768
96.58739999576937
91.00069999840343
114.50569999578875
96.5963000053307
95.47680000105174
95.59839999565156
95.38640000391752
117.886299995007
93.16629999375436
95.15540000575129
96.09140000247862
95.94249999645399
117.09310000151163
95.89640000194777
95.9688999937498
96.92599999834783
95.643900000141
116.65000000357395
97.2232999993139
101.51570000016363
97.71679999539629
105.27759999968112
113.88919999444624
93.77990000211867
94.89659999962896
94.20049999607727
100.19990000000689
113.04079999536043
100.0966999999946
97.77610000310233
99.24709999904735
93.66259999660542
115.03920000541257
108.65470000135247
97.95360000134679
93.879799998831
105.9908999959589
127.85209999856306
95.6021999954828
95.68340000259923
94.28320000006352
97.26789999695029
116.99819999921601
93.93350000027567
92.34400000423193
93.52809999836609
93.13739999925019
126.1642999961623
102.92610000033164
102.69980000157375
95.21010000025854
96.4354000025196
115.78390000067884
96.31729999819072
97.60180000012042
100.26189999916824
96.1267000020598
118.85330000222893
101.6892999978154
95.37019999697804
96.91910000401549
96.08890000527026
115.01659999339608
96.19740000198362
95.19359999831067
94.83170000021346
95.80190000269795
115.75809999339981
94.72010000172304
95.73439999803668
97.43069999967702
99.44700000050943
116.79290000029141
94.6440999978222
91.31839999463409
95.8706000019447
96.78120000171475
118.40880000090692
95.39780000341125
95.99870000238298
95.88660000008531
96.40179999405518
116.37140000675572
96.20360000553774
90.0035000013304
99.98999999515945
93.0277000006754
115.45140000089305
95.49410000181524
94.4314999942435
95.86950000084471
95.24439999950118
115.83570000220789
92.14210000209277
94.5307000001776
93.6982999992324
95.6376000031014
117.00930000370136
95.15400000236696
94.72719999757828
95.56470000097761
95.32079999917187
116.4095999993151
91.01150000060443
95.36809999553952
95.41609999723732
96.10570000222651
116.33790000632871
95.20150000025751
95.98019999975804
96.24250000342727
95.37799999816343
117.6978000003146
95.90030000254046
90.49529999902006
95.78229999897303
92.16819999710424
128.45240000024205
103.06370000034804
109.07440000300994
101.93710000021383
99.36820000439184
110.97670000162907
96.53329999855487
92.91360000497662
95.35380000306759
94.71849999681581
116.77449999842793
95.34160000475822
95.11110000312328
94.94080000149552
94.92940000200178
117.64199999743141
90.76109999296023
94.81950000190409
92.03929999785032
94.95609999430599
127.05429999914486
110.95570000179578
103.01730000355747
98.44750000047497
96.06129999883706
117.2803000008571
107.31569999916246
95.50250000029337
98.18000000086613
97.31049999390962
115.4443999985233
113.62759999610716
97.86889999668347
91.65029999712715
102.41880000103265
117.12579999584705
95.28960000170628
96.47340000083204
100.40040000603767
99.01659999741241
113.84919999545673
95.51659999851836
96.9314999965718
95.62100000039209
95.42559999681544
113.13269999664044
95.17290000076173
95.94810000271536
96.51250000024447
104.52210000221385
117.42499999672873
96.38229999836767
96.55329999804962
94.96609999769134
96.50020000117365
113.94160000054399
95.53950000554323
92.93849999812664
99.01879999961238
97.06410000217147
111.90669999632519
94.97679999913089
94.98380000150064
94.44079999957466
98.83239999908255
118.33329999353737
96.76799999579089
94.6879999974044
94.57029999612132
89.40570000413572
115.52479999954812
94.33599999465514
90.4655000049388
94.84279999742284
94.84030000021448
110.58719999709865
94.56930000305874
95.9904000046663
93.39950000139652
106.45899999508401
117.17399999906775
90.97320000000764
94.30250000150409
94.13540000241483
94.4731000054162
115.02730000211159
94.63569999934407
93.74880000541452
94.45480000431417
96.6208000027109
115.4443999985233
89.81689999927767
94.19569999590749
95.44930000265595
90.02830000099493
114.33809999289224
94.46480000042357
89.56269999907818
94.94950000225799
95.55779999936931
110.91270000179065
97.18000000430038
92.74450000521028
88.32319999783067
95.21829999721376
119.16529999871273
92.75799999886658
93.48769999633078
96.86109999893233
96.41260000353213
115.01729999872623
96.2433000022429
94.07759999885457
95.25929999654181
94.17350000148872
117.2563000000082
94.34089999558637
93.81289999873843
89.43610000278568
95.2130000005127
116.7834000007133
89.39449999888893
95.43100000155391
94.35730000404874
95.00149999803398
127.78219999745488
96.92980000545504
108.03519999899436
106.5630000011879
95.22380000271369
116.70210000011139
95.11139999813167
96.0717999987537
95.37319999799365
92.77909999946132
123.54639999830397
96.86589999910211
97.45750000001863
96.44770000159042
92.4559000050067
116.33019999862881
93.54589999566087
91.80299999570707
96.22549999767216
94.89550000580493
114.34699999517761
96.06889999849955
96.7917000016314
101.81880000163801
95.4418000037549
116.11270000139484
95.79589999339078
90.65689999988535
97.26649999356596
102.21390000515385
117.42670000239741
97.87150000192923
90.17540000058943
93.79519999492913
94.04619999986608
115.26910000247881
107.70989999582525
98.22660000645556
97.50979999807896
111.82999999437016
125.12240000069141
98.85049999866169
98.5863000023528
106.63349999958882
96.19150000071386
114.72679999860702
95.54459999344544
93.78350000042701
102.65079999953741
105.86849999526748
116.37530000007246
95.04559999913909
98.80130000237841
96.38239999912912
91.56060000532307
114.82219999743393
95.27700000035111
95.28149999823654
94.62649999477435
97.97260000050301
117.45010000595357
95.373500000278
94.08480000274722
95.01509999972768
93.770500003302
109.36329999822192
95.71429999778047
101.04419999697711
94.99979999964125
94.59189999324735
110.1423000000068
96.12529999867547
94.85660000063945
96.11420000146609
95.30740000627702
108.7827000010293
116.57839999679709
96.37040000234265
96.29069999937201
110.72509999939939
118.55490000016289
97.09740000107558
93.75759999966249
90.39109999866923
92.8734999979497
115.235199999006
90.58670000376878
94.02379999664845
94.29660000023432
90.17969999695197
114.31219999940367
94.85349999886239
94.21289999590954
95.78579999651993
91.28059999784455
115.90979999891715
93.58629999769619
90.45460000197636
95.02230000362033
94.17599999869708
111.23090000182856
93.8250999970478
94.37049999542069
89.73349999723723
95.5277999964892
112.2140000006766
94.1136000037659
94.63140000298154
93.36189999885391
93.86100000119768
115.04150000109803
94.0995999990264
93.63070000108564
98.32189999724505
102.4394999985816
137.56120000471128
101.4742000043043
94.2496999996365
98.01729999890085
102.34420000051614
133.78679999732412
108.09229999722447
99.41669999534497
97.0409999936237
95.36189999926137
111.15939999581315
107.31069999746978
105.04780000337632
101.97080000216374
107.99709999992047
118.1903999968199
96.19150000071386
95.04030000243802
95.64130000217119
95.49400000105379
116.4647999976296
94.89149999717483
94.21730000030948
90.67660000437172
94.46110000135377
115.35469999944326
90.45060000062222
95.41680000256747
95.35939999477705
95.41940000053728
115.88800000026822
103.74850000516744
95.72219999972731
95.92079999856651
93.94890000112355
115.98750000121072
94.47789999831002
89.41009999398375
94.89149999717483
94.97900000133086
116.15390000224579
95.22489999653772
93.91950000281213
92.71040000021458
92.17519999947399
114.6775000015623
93.20429999934277
94.82820000266656
92.64989999792306
93.83309999975609
113.60680000507273
105.00299999694107
106.796400003077
101.5616999939084
97.561599999608
128.917599999113
93.69940000033239
90.21190000203205
96.32199999759905
92.82290000555804
114.53409999376163
92.7400000000489
105.36349999892991
97.18050000083167
94.3461999995634
114.22220000531524
87.87420000589918
95.09880000405246
96.96400000393623
93.3731999975862
109.23059999913676
94.44239999720594
93.53120000014314
93.96659999765689
88.54509999946458
115.2077000006102
96.45839999575401
94.30190000421135
95.0405999974464
93.13480000128038
114.12909999489784
92.72199999395525
93.8047999952687
89.64549999654992
109.87589999422198
124.58929999411339
94.26749999693129
91.56020000227727
95.3774000008707
109.85549999895738
119.97819999669446
92.29290000075707
93.55190000496805
92.0380000025034
104.42799999873387
117.41159999655792
86.68459999898914
90.4037000000244
101.67400000500493
100.6305999981123
121.77099999826169
108.27040000003763
108.58580000058282
92.76069999759784
90.62319999793544
114.42620000161696
93.94069999689236
92.97500000684522
89.26829999836627
93.89740000187885
117.46280000079423
94.16190000047209
93.5918999966816
95.08690000075148
93.21020000061253
115.09859999932814
93.48899999895366
89.1847000020789
96.65980000136187
102.33370000059949
116.76860000443412
88.99579999706475
93.90880000137258
95.07659999508178
96.36859999591252
113.80490000010468
92.75809999962803
89.19619999505812
92.5072000027285
93.06259999721078
115.66610000591027
101.76890000002459
105.9869999953662
101.04120000323746
103.13909999968018
113.60879999847384
94.4967000032193
93.91509999841219
94.20110000064597
106.16679999657208
130.02989999949932
107.58199999690987
95.53189999860479
87.45410000119591
112.71790000319015
114.94139999558683
101.39369999524206
106.14009999699192
92.2257999991416
107.76049999549286
131.31170000269776
100.09169999830192
92.96490000269841
90.69879999879049
93.53710000141291
116.4781999978004
92.85799999634037
97.1069000006537
93.45830000529531
94.32599999854574
127.66659999761032
92.98169999965467
86.722700005339
91.20970000367379
92.12239999760641
113.2794000004651
92.94090000184951
90.6031000049552
94.15599999920232
97.19229999609524
116.92480000056094
90.11360000295099
93.79230000195093
94.03800000291085
94.49080000194954
109.41170000296552
93.15839999908349
91.89609999884851
106.36739999608835
93.64119999372633
115.84949999814853
94.11009999894304
93.89550000196323
93.08250000322005
88.78370000456925
114.13220000395086
94.39130000100704
95.85859999788227
90.0852999984636
94.09510000114096
118.18599999969592
94.32099999685306
92.97819999483181
94.98180000082357
92.51809999841498
119.992199994158
97.72030000021914
90.97289999772329
105.17490000347607
100.2784000011161
115.74580000160495
90.65890000056243
92.69169999606675
93.95499999664025
94.2910999947344
109.24309999973048
95.15939999982947
93.74599999864586
93.58910000446485
92.58729999419302
115.92759999621194
93.61749999516178
92.79830000014044
95.12309999990975
98.98089999478543
128.0352999965544
94.11590000672732
90.34139999857871
96.43180000421125
94.09790000063367
114.06680000072811
95.6886999993003
98.75589999865042
98.41909999522613
93.45989999565063
114.31420000008075
93.95999999833293
93.5211000032723
94.56289999798173
93.15399999468355
114.8444999998901
94.21809999912512
94.30080000311136
96.43659999710508
102.26149999652989
124.89859999914188
103.23439999774564
104.07130000385223
96.19019999809097
95.21700000186684
115.04520000016782
95.65920000022743
93.9321000041673
92.44039999612141
102.33909999806201
115.85039999772562
94.45789999881526
92.84150000166846
95.27170000365004
93.85140000085812
117.72819999896456
93.05489999678684
102.75990000081947
100.97479999967618
93.78219999780413
110.89650000212714
94.10820000630338
95.27839999645948
96.92090000316966
89.5340999995824
115.77560000296216
102.89029999694321
101.63769999780925
95.15350000583567
94.49619999941206
114.5018999959575
101.13160000037169
99.49120000237599
102.53440000087721
95.46089999639662
114.76530000072671
95.78039999905741
101.38290000031702
92.5414000012097
98.97340000316035
124.48369999765418
94.46680000110064
96.7880000025616
94.43939999619033
95.07769999618176
113.94579999614507
90.61340000334894
94.19180000259075
93.7398999958532
93.95629999926314
116.1082999969949
94.76510000240523
93.18209999764804
93.10349999577738
95.17029999551596
115.09759999898961
94.34529999998631
89.21079999709036
94.02950000367127
94.00129999994533
106.58530000364408
91.84030000324128
103.02149999915855
97.19309999491088
94.34329999930924
116.05129999952624
94.9285000024247
89.44889999838779
94.0958999999566
95.46069999487372
114.83539999608183
89.79050000198185
93.76129999873228
93.8663999986602
94.58319999976084
114.66569999902276
95.88100000109989
95.56950000114739
94.42299999500392
87.08209999895189
112.12089999753516
91.21389999927487
90.97969999857014
90.16700000211131
93.47450000495883
116.71249999926658
94.55980000348063
91.83450000273297
93.74120000575203
93.4447999970871
114.67950000223937
94.19299999717623
94.57929999916814
102.68750000250293
101.51659999974072
116.53020000085235
95.13639999931911
92.94519999821205
93.63260000100126
94.33739999803947
112.84840000007534
108.95490000257269
93.9109999962966
96.1645999996108
93.06810000271071
114.77559999912046
91.23320000071544
97.74250000191387
92.45100000407547
91.26079999987269
107.4741999982507
96.00070000306005
99.64279999985592
96.75929999502841
90.05079999769805
114.45269999967422
93.2057000027271
93.63760000269394
93.66679999948246
93.24320000450825
115.57339999853866
89.37889999651816
97.00560000055702
92.53360000002431
102.86720000294736
116.17660000047181
95.01959999761311
94.42489999491954
98.06249999382999
100.89959999459097
115.5847999980324
88.62719999888213
94.06270000181394
93.8282999995863
89.84309999505058
114.71629999869037
94.09579999919515
90.42269999918062
96.78990000247722
96.13990000070771
111.14380000071833
95.1548000011826
95.15570000075968
90.78589999990072
95.1476999980514
116.1807000025874
92.08559999387944
98.99830000358634
94.74790000240318
89.70630000112578
115.7729999977164
94.97009999904549
93.20809999917401
94.86769999784883
96.63409999484429
110.98639999545412
93.96440000273287
94.43540000211215
90.29219999501947
94.70599999622209
115.35210000147345
92.16659999947296
94.60079999553273
94.48550000524847
95.49160000460688
115.98380000214092
94.01459999935469
94.71050000138348
93.5925000012503
96.16320000350242
114.66469999868423
89.90139999514213
94.58270000322955
94.51419999822974
88.7665999980527
117.5613000013982
93.72249999432825
90.82740000303602
92.94059999956517
91.49340000294615
133.90910000453005
99.33199999795761
107.39439999451861
105.88819999975385
109.64109999622451
133.13600000401493
96.88020000612596
93.62959999998566
90.80349999567261
105.81290000118315
116.94859999988694
94.98279999388615
94.52839999721618
96.65559999848483
93.23989999393234
110.8408000000054
87.22470000066096
90.73830000124872
91.62459999788553
94.08030000486178
115.57600000378443
94.85279999353224
93.64790000108769
94.18880000157515
95.24529999907827
116.78150000079768
93.349800001306
94.60530000069411
88.97350000188453
92.7400000000489
114.53700000129174
93.58990000328049
91.22390000266023
94.0245000019786
93.78489999653539
113.12109999562381
90.99379999679513
91.67650000017602
92.558000003919
93.69029999652412
115.28579999867361
89.84100000088802
98.5251000020071
95.15230000397423
97.42139999434585
127.41660000028787
95.14629999466706
106.90579999936745
101.23079999902984
97.40469999815105
121.86559999827296
92.76710000267485
94.59520000382327
94.02630000113277
89.10779999860097
118.63959999755025
94.24350000335835
95.13480000168784
93.14520000043558
96.45340000133729
118.15750000096159
103.10340000432916
105.64709999744082
98.52060000412166
101.01510000095004
114.45979999552947
93.40959999826737
90.12800000346033
94.58820000145352
93.31219999876339
115.11600000085309
93.78139999898849
93.49930000462336
94.31710000353632
95.7395999939763
113.57290000159992
98.8398999979836
96.38769999583019
94.67399999994086
93.88339999713935
111.05169999791542
93.6673999967752
93.74340000067605
93.60990000277525
91.42920000158483
113.97349999606377
92.88199999718927
93.1438000043272
93.01539999432862
88.73130000574747
114.03910000080941
93.56880000268575
93.3863999962341
91.55279999686172
95.38189999875613
128.2548000017414
103.23000000062166
92.42079999967245
92.6536999977543
94.02410000620876
114.89770000480348
92.442300003313
89.26849999988917
93.37789999699453
93.69919999880949
118.31179999717278
92.4760999987484
92.61029999470338
90.81699999660486
94.72939999977825
115.52220000157831
97.38990000187187
92.58689999842318
95.07579999626614
102.96430000016699
115.91340000450145
94.2977000013343
87.31939999415772
101.65720000077272
93.941499995708
116.02100000163773
89.67339999799151
93.6615000027814
94.80630000325618
94.1954000008991
112.21910000313073
106.2792000011541
102.07159999845317
98.33819999767002
94.20479999971576
110.75970000092639
95.19040000304813
93.47620000335155
94.62429999985034
94.27709999727085
119.04620000132127
94.00869999808492
93.69929999957094
94.94249999988824
94.03819999715779
127.91579999611713
91.6295999995782
94.29760000057286
91.1742999960552
93.82779999577906
116.52840000169817
95.68430000217631
93.3770000046934
100.6584999995539
105.44440000376198
123.00590000086231
107.68190000089817
91.67320000415202
95.1924000037252
93.7021999998251
119.79079999582609
91.20439999969676
93.0515000000014
95.00880000268808
92.91690000100061
114.51010000018869
89.55199999763863
97.51289999985602
98.49599999870406
94.80079999775626
116.66669999976875
88.9549999992596
91.88279999943916
97.33079999568872
95.97689999645809
110.60929999803193
102.22049999720184
107.53760000079637
107.14939999888884
92.06759999506176
132.4224999989383
92.29369999957271
112.87289999745553
100.70380000252044
95.12240000185557
116.17979999573436
92.30139999999665
92.65449999656994
93.74820000084583
97.07070000149542
115.60020000615623
89.57359999476466
95.17330000380753
94.74060000502504
93.66030000091996
110.37269999360433
93.49639999709325
94.57079999992857
96.40180000133114
99.76249999454012
115.38379999547033
93.51910000259522
93.1471000003512
93.99839999969117
88.85760000703158
114.58999999740627
93.35760000249138
93.50959999574115
90.5311000024085
93.51299999980256
116.11339999944903
95.02190000057453
88.90279999468476
93.8596000050893
95.4790999967372
113.16519999672892
94.1960000054678
96.02820000145584
97.61209999851417
97.05670000403188
115.7145999968634
99.15100000216626
95.87199999805307
94.03659999952652
98.57780000311323
115.71399999957066
96.95599999395199
95.99089999392163
90.35259999654954
95.02169999905163
115.39300000004005
89.80219999648398
92.90310000505997
94.13109999877634
93.14959999755956
126.01130000257399
96.1994000026607
96.49749999516644
92.44439999747556
91.77559999807272
115.68009999609785
93.93609999824548
93.82419999747071
90.37650000391295
94.12850000080653
115.36119999800576
90.69640000234358
95.62909999658586
93.49050000309944
90.6505000020843
114.83359999692766
93.63719999964815
93.73099999356782
93.26429999782704
93.81779999966966
114.33369999576826
93.92539999680594
89.25649999582674
93.5269999972661
94.75830000155838
120.03440000262344
93.49210000073072
93.26790000341134
94.41080000397051
95.23259999696165
115.3593000053661
95.77220000210218
92.08670000225538
98.16739999951096
117.5809999986086
130.05390000034822
90.29559999908088
93.79159999662079
94.17050000047311
93.7876999960281
112.12389999855077
93.74620000016876
94.51969999645371
94.0478999982588
90.77229999820702
120.66809999669204
103.87869999976829
93.7155999999959
93.4380999970017
94.65139999520034
119.27700000524055
95.73720000480535
90.71969999786234
97.62639999826206
99.91810000065016
127.04320000193547
88.45270000165328
94.14449999894714
96.61290000076406
95.77829999761889
115.64219999854686
95.16340000118362
97.04650000639958
90.96510000381386
95.67690000403672
114.88130000361707
94.6068000048399
95.34399999392917
93.8432000039029
93.70050000143237
110.73590000160038
94.40809999796329
94.8424999951385
94.9322000014945
90.70280000014463
118.73360000026878
93.62580000015441
94.54700000060257
94.4214000046486
94.47360000194749
115.15939999662805
94.05759999935981
95.18869999737944
91.41720000479836
94.12530000554398
115.29889999656007
93.50449999328703
89.40219999931287
95.33620000001974
94.24330000183545
116.09399999724701
93.80319999763742
94.16839999903459
96.4557000042987
94.28710000065621
111.36279999482213
93.77310000127181
96.21989999868674
93.19440000399482
93.29950000392273
115.60380000446457
94.05669999978272
93.43970000190893
89.77579999918817
93.34690000105184
116.58650000026682
90.69230000022799
93.2022999986657
94.35279999888735
89.39039999677334
114.09239999920828
95.13289999449626
94.32750000269152
94.78849999868544
94.92609999870183
114.6193000022322
93.51320000132546
93.7668999977177
94.4011000028695
89.58720000373432
113.21940000198083
95.43110000231536
94.82070000376552
96.27580000233138
95.20609999890439
114.29789999965578
95.48459999496117
95.7909999997355
94.76939999876777
93.71349999855738
116.14689999987604
96.69779999967432
93.99400000256719
93.33289999631234
96.10699999757344
121.24519999633776
91.8219000013778
94.38710000540596
94.04680000443477
94.32559999549994
111.28260000259615
95.96859999874141
95.58729999844218
94.9146000057226
96.59190000093076
118.71290000271983
93.41439999843715
92.29140000388725
94.32309999829158
94.66149999934714
123.19230000139214
97.4077999999281
93.65569999499712
94.21690000453964
94.55019999586511
115.02729999483563
96.45989999989979
95.08930000447435
91.13139999681152
94.56940000382019
116.39439999999013
98.24469999875873
92.92830000049435
89.22820000589127
95.58649999962654
116.00539999926696
94.92670000327053
89.71599999495083
103.03289999865228
93.678600002022
113.51940000167815
90.02429999964079
100.44760000164388
93.47220000199741
101.61610000068322
122.05830000311835
101.73930000019027
107.40179999993416
99.68539999681525
99.40110000025015
123.47050000244053
94.95170000445796
94.41859999787994
92.98090000083903
89.99140000378247
116.19600000267383
95.18709999974817
98.09949999907985
94.62170000188053
94.52690000034636
115.45829999522539
95.07680000388063
93.72349999466678
88.93679999891901
91.94430000206921
114.27689999982249
95.91589999763528
88.99350000137929
93.46740000182763
95.10090000549098
113.584600003378
91.21360000426648
94.12950000114506
95.09409999736818
92.82109999912791
116.1671000008937
93.33780000451952
94.4448999944143
90.6780000004801
94.49860000313492
115.20919999748003
90.51650000037625
93.98489999875892
94.65089999866905
91.38170000369428
115.89370000001509
92.20919999643229
94.69090000493452
97.4050000004354
95.35390000382904
113.20139999588719
92.75000000343425
92.55349999875762
93.10169999662321
91.98369999649003
112.44689999875845
91.82249999867054
95.54329999809852
93.77919999678852
90.1942999989842
117.08830000134185
98.03680000186432
109.36740000033751
87.84699999523582
102.36820000136504
127.97799999680137
95.6674999979441
110.02419999567792
94.27809999760939
98.1169000006048
115.62839999533026
94.48460000567138
90.15489999728743
94.23600000445731
94.58679999806918
111.9749000063166
105.33150000264868
94.63230000255862
94.11289999843575
93.92899999511428
116.62459999934072
95.28039999713656
94.24980000039795
93.94769999926211
93.64780000032624
113.90270000265446
92.26240000134567
99.14209999988088
89.58179999899585
94.89980000216747
116.42469999787863
91.40480000496609
95.42360000341432
95.2802999963751
90.40980000281706
114.74659999657888
92.49499999714317
92.4903000050108
91.77800000179559
94.80539999640314
115.34290000417968
94.64599999773782
89.24230000411626
94.21109999675537
93.43409999564756
109.41540000203531
93.78129999822704
95.98099999857368
93.63250000023982
89.74850000231527
115.21409999841126
96.96419999818318
91.68189999763854
93.79499999340624
95.41249999892898
109.14500000217231
95.47500000189757
91.46439999312861
95.0957999957609
93.67209999618353
115.67549999745097
95.14280000439612
93.56499999557855
95.40949999791337
96.4901999977883
128.92660000215983
103.44180000538472
106.9567999948049
90.10809999745106
94.58830000221496
115.67150000337278
95.11110000312328
90.12760000041453
92.65310000046156
96.07510000205366
114.57620000146562
95.34770000027493
92.16240000387188
92.51180000137538
94.22909999557305
109.62450000079116
95.03519999998389
95.31199999764794
95.00960000150371
89.38119999947958
116.68550000467803
93.75130000262288
93.91299999697367
95.21269999822835
94.21110000403132
113.9471999995294
90.58799999911571
94.03210000164108
96.09880000061821
95.15729999839095
110.16940000263276
93.33999999944353
93.63650000159396
94.10709999792743
89.55940000305418
115.32570000417763
93.89240000018617
90.21109999594046
93.97790000366513
95.33740000188118
113.90669999673264
89.54439999797614
94.44419999636011
97.41700000449782
96.63600000203587
114.19069999828935
94.51800000533694
93.59050000057323
94.5415000023786
89.57219999865629
116.02719999791589
95.60199999395991
93.32429999631131
89.42679999745451
94.03890000248794
115.06150000059279
94.91920000436949
95.08360000472749
95.08970000024419
95.62310000183061
116.55560000508558
91.17110000079265
94.14180000021588
95.81040000193752
94.83450000698213
110.41819999809377
95.12230000109412
93.78660000220407
93.4343999979319
93.41680000216002
115.34080000274116
92.47670000331709
94.28780000598636
92.71260000241455
90.4579999987618
119.06289999751607
100.6995999996434
95.18689999822527
93.04469999915455
94.72520000417717
115.40740000054939
95.15500000270549
93.82810000533937
93.8324000017019
95.6605999963358
113.92209999758052
89.04120000079274
103.72329999518115
93.07750000152737
93.5343000019202
110.03029999847058
94.29619999718852
95.11950000160141
94.27270000014687
100.6651999996393
115.84169999696314
95.09719999914523
94.12860000156797
89.61899999849265
94.62580000399612
114.76440000114962
95.02459999930579
94.36499999719672
94.47460000228602
96.68880000390345
124.53929999901447
94.82710000156658
94.68970000307309
96.05359999841312
95.10789999330882
117.0124999989639
91.1647000029916
93.68240000185324
94.43820000160486
89.73639999749139
116.07560000265948
93.63760000269394
92.16220000234898
95.68799999397015
93.55189999769209
116.8524000022444
96.34679999726359
94.24520000175107
98.84569999849191
97.25429999525659
121.80880000232719
95.95180000178516
94.84320000046864
95.17020000203047
94.58079999603797
115.59500000294065
95.35460000188323
93.93909999926109
90.87990000261925
93.74590000516037
114.71950000122888
91.44650000234833
93.65960000286577
94.60519999993267
90.03389999998035
116.86969999573193
93.93599999748403
93.66839999711374
95.72640000260435
98.44699999666773
116.08159999741474
100.25150000001304
95.02980000252137
95.64289999980247
92.07619999506278
114.89520000031916
94.79120000469266
98.76210000220453
100.38109999732114
100.57809999852907
113.7728999965475
94.21480000310112
95.39679999579675
94.40619999804767
95.5556000044453
123.0853000015486
106.59989999840036
105.76020000007702
107.470299997658
103.22200000518933
112.69510000420269
93.62039999541594
95.61119999852963
94.73080000316259
96.21499999775551
116.30800000421004
96.22469999885652
91.75120000145398
95.26309999637306
91.29469999606954
114.45290000119712
94.0201999983401
96.89029999572085
96.61699999560369
90.72380000725389
117.92109999805689
95.91540000110399
95.69529999862425
95.20440000051167
99.1314000057173
116.66900000273017
93.95349999977043
96.09030000137864
94.40599999652477
94.9583999972674
114.87009999837028
94.71699999994598
95.75130000303034
90.56650000275113
95.9528000021237
117.5820000062231
99.158000004536
94.90969999751542
94.53080000093905
98.64000000379747
118.3355000030133
90.28569999645697
96.23730000021169
94.60409999883268
96.76910000416683
124.16119999397779
108.64020000008168
98.16649999993388
91.31640000123298
94.94629999971949
118.09949999587843
107.87310000159778
106.3092999975197
94.85880000283942
96.32950000377605
115.46909999742638
96.9762000022456
95.08569999889005
95.51610000198707
96.78169999824604
116.89209999894956
91.78099999553524
94.2955000064103
94.74480000062613
97.24239999923157
115.35449999792036
94.70499999588355
96.67679999984102
94.59190000052331
89.80139999766834
119.69020000105957
96.57419999712147
96.83720000612084
95.18299999763258
93.67610000481363
119.75969999912195
96.9760000007227
94.4480999969528
96.37049999582814
95.46860000409652
116.61620000086259
90.63849999802187
95.4790999967372
95.7711000010022
111.49019999720622
131.93309999769554
105.66510000353446
108.66790000000037
103.37829999480164
108.20029999740655
132.39379999868106
98.52960000716848
96.26569999818457
92.76479999971343
95.26429999823449
118.48650000320049
95.0516000011703
95.2160000015283
92.0613999987836
97.79940000589704
134.387300000526
101.65609999967273
96.88949999690522
90.34979999705683
95.4998999950476
115.98660000163363
95.3354000012041
95.76240000023972
95.34410000196658
101.35900000022957
118.50200000480982
101.31969999929424
108.02039999543922
107.22960000566673
106.83489999792073
127.22370000119554
109.09759999776725
110.44379999657394
109.51300000306219
100.8090000032098
112.27490000601392
97.33979999873554
90.92400000372436
97.32090000034077
97.59569999732776
117.29470000136644
96.02900000027148
96.35020000132499
96.28809999412624
92.28450000227895
117.76519999693846
93.60349999769824
96.82700000121258
97.3050999964471
96.50189999956638
118.20450000232086
108.84249999799067
107.97160000220174
102.04749999684282
94.85370000038529
117.97179999848595
99.9837999988813
108.99729999800911
88.8836000012816
95.150699999067
119.5607999979984
107.83819999778643
110.19179999857442
101.0281999988365
107.90459999407176
125.4518999994616
97.82180000183871
95.86090000084369
98.13120000035269
95.13779999542749
110.8505999945919
96.39020000031451
108.71059999772115
102.85920000023907
96.68280000187224
116.4342000047327
95.06830000464106
94.77920000063023
96.61829999822658
94.42739999940386
118.44990000099642
95.2160000015283
95.05209999770159
95.8258000027854
92.35790000093402
131.77100000029895
94.4593000021996
94.4484999999986
97.13030000420986
90.65980000013951
117.06620000040857
97.52899999875808
94.46249999746215
94.21029999793973
88.51590000267606
117.8444999968633
94.6585000056075
95.26550000009593
95.55429999454645
91.00300000136485
116.964699998789
96.04839999519754
97.55220000079134
96.32349999446888
91.20460000121966
116.48599999898579
92.82330000132788
92.98849999322556
94.7258999949554
87.88510000158567
131.66030000138562
100.52639999776147
92.83349999896018
110.13760000059847
92.50140000222018
119.22600000252714
93.97919999901205
96.53320000506938
94.15469999657944
95.48379999614554
115.65149999660207
93.66310000041267
90.51239999826066
94.0199999968172
95.09689999686088
110.4066000043531
96.5550999972038
94.90070000174455
90.01680000073975
94.86479999759467
115.21409999841126
95.3284999995958
95.06519999558805
107.48830000375165
110.51230000157375
126.94940000073984
94.41569999762578
95.8842000036384
95.38150000298629
96.91860000020824
109.73060000105761
104.38679999788292
108.85929999494692
94.28580000530928
94.46010000101523
115.5806999959168
95.33640000154264
92.19209999719169
94.79369999462506
95.06600000167964
115.73429999407381
94.36170000117272
102.84430000319844
102.51910000079079
96.02770000492455
121.32779999956256
97.61730000172975
97.12909999507247
98.78269999899203
96.05729999748291
115.7588999994914
95.99980000348296
94.93469999870285
94.28379999735625
94.11499999987427
117.28089999814983
94.60589999798685
96.05150000425056
94.3323999963468
93.98519999376731
128.9556999981869
104.08870000537718
101.68419999536127
94.54680000635562
96.17549999529729
113.8717999929213
93.41119999589864
95.72320000006584
96.46749999956228
93.88089999993099
113.85700000391807
95.14179999678163
89.48119999695336
96.98789999674773
93.96660000493284
111.54030000034254
95.64839999802643
97.65100000367966
101.17230000469135
93.15200000128243
113.25999999826308
94.61600000213366
108.00430000381311
103.36989999632351
98.83519999857526
114.59560000366764
92.54840000357945
94.48069999780273
106.59509999823058
108.30469999928027
133.5237999956007
103.11960000399267
95.77799999533454
98.04779999831226
95.33329999976559
115.91330000374
93.44730000157142
93.96949999791104
91.00459999899613
94.76419999555219
114.35100000380771
90.00910000031581
94.421699999657
94.48709999560378
96.68499999679625
110.13670000102138
94.05510000215145
93.84099999442697
94.46720000414643
93.69730000616983
114.48739999468671
94.15669999725651
94.48010000050999
93.74589999788441
89.37690000311704
114.85579999862239
96.54910000244854
95.99449999950593
90.22650000406429
94.35239999584155
115.76090000016848
94.68010000273352
94.56649999629008
94.99849999701837
95.07949999533594
110.70189999736613
94.50050000305055
93.83250000246335
93.59450000192737
93.77940000558738
117.92989999958081
94.55719999823486
93.69290000176989
93.5957000037888
96.08880000450881
114.09049999929266
94.08519999851706
94.16110000165645
94.1746000025887
95.72230000048876
110.4470999998739
93.88150000449969
93.92270000535063
94.54030000051716
94.88660000351956
119.0640999993775
100.0964999984717
94.27990000403952
93.84430000500288
90.06029999727616
114.22920000040904
93.94240000256104
93.2840000023134
88.44279999902938
93.04539999720873
115.1566999978968
94.88049999345094
93.89650000230176
93.81289999873843
94.39170000405284
116.62359999900218
94.2572000058135
89.77849999791943
106.54320000321604
97.39960000297287
116.5746000042418
90.26920000178507
93.73890000279061
93.93439999985276
92.90589999727672
115.10370000178227
96.42929999972694
95.37930000078632
90.2840999988257
94.11000000545755
117.66350000107195
94.47630000067875
94.74000000045635
94.24719999515219
96.68390000297222
116.43190000177128
94.77920000063023
94.11510000063572
94.57210000255145
94.37549999711337
116.15489999530837
89.23150000191526
95.17499999492429
94.21489999658661
104.32719999516848
128.48700000176905
94.10869999555871
89.98049999354407
93.96489999926416
95.62620000360766
114.43460000009509
97.91379999660421
96.46339999744669
95.010099998035
94.81619999860413
114.99409999669297
95.82349999982398
94.1843999971752
94.8389999975916
93.76519999932498
120.07699999958277
95.35280000272905
96.39030000107596
93.15990000322927
93.28490000189049
125.78570000187028
101.30780000326922
98.65580000041518
93.54139999777544
90.59919999708654
114.52180000196677
95.8939999982249
94.24459999718238
89.20709999802057
96.70340000593569
114.83999999472871
90.72590000141645
94.80379999877186
96.41269999701763
90.1776000027894
116.78430000029039
96.33399999438552
97.86840000015218
102.00389999954496
102.13950000616023
119.49209999875166
94.94370000174968
94.78829999716254
94.56689999933587
94.52289999899222
118.35070000233827
104.03030000452418
89.02079999825219
94.42919999855803
94.58389999781502
112.53369999758434
96.10830000019632
97.51140000298619
95.24010000313865
94.91610000259243
119.67900000308873
94.47440000076313
94.97879999980796
96.70139999798266
95.26510000432609
114.6701999969082
98.18660000019008
97.75690000242321
101.62449999916134
93.62230000260752
114.93809999956284
89.83959999750368
95.00169999955688
93.0277000006754
95.87560000363737
116.31889999989653
94.55940000043483
94.38609999779146
93.3565000013914
89.7153999976581
117.62439999438357
98.284199993941
94.15169999556383
89.72309999808203
93.60179999930551
116.24399999709567
96.45190000446746
96.00890000001527
93.3666999990237
88.75130000524223
114.21340000379132
94.27409999625525
102.10049999295734
99.82000000309199
92.698600004951
114.15769999439362
88.99470000324072
93.75529999670107
94.19570000318345
93.45949999988079
117.57159999979194
94.37769999931334
93.39859999454347
89.0607999972417
106.55090000363998
124.77149999904213
92.7910000027623
93.9589999979944
95.06710000277963
90.24159999535186
115.27519999799551
98.98249999969266
97.43099999468541
98.77630000119098
103.16959999909159
119.90140000125393
102.16639999998733
94.72830000595422
93.53260000352748
94.3053000009968
115.76370000693714
98.20999999647029
103.04810000525322
103.38670000055572
92.24510000058217
112.2862000047462
91.74780000466853
91.06369999790331
87.07190000131959
90.8352000042214
112.13090000092052
96.04390000458807
90.10979999584379
95.65899999870453
92.97520000109216
115.8623000010266
90.21249999932479
93.49490000022342
94.36760000244249
89.94730000267737
114.90420000336599
95.99259999959031
91.58810000371886
87.4690000055125
91.81209999951534
111.65390000678599
91.43390000099316
91.759800001455
92.9346999982954
93.50980000454001
114.58290000155102
93.52200000284938
95.88590000203112
93.57820000150241
94.30639999482082
116.83630000334233
89.92230000148993
93.64859999914188
91.10980000696145
98.63500000210479
122.07360000320477
101.69309999764664
99.89700000005541
90.13169999525417
94.66590000374708
117.38090000289958
93.69519999745535
95.13979999610456
96.43089999735821
94.5620999991661
110.79539999627741
94.94970000378089
98.13920000306098
91.16289999656146
87.79450000292854
114.87800000031712
91.32259999751113
92.4756999957026
89.29369999532355
92.55599999596598
113.73340000136523
94.55020000314107
94.38450000016019
93.67280000151368
100.52059999725316
124.1980999984662
93.53710000141291
88.97480000450741
93.90639999764971
94.11959999852115
113.94900000595953
88.54750000318745
95.18989999924088
98.43520000140416
90.53490000223974
115.01210000278661
93.61730000091484
92.16720000404166
99.16370000428287
103.53319999558153
128.0791999961366
106.31090000242693
95.23910000280011
93.84340000542579
95.26699999696575
115.66429999948014
95.6337000025087
92.93569999863394
87.73690000089118
91.269899996405
115.14560000068741
95.46419999969658
94.53200000280049
101.88870000274619
100.01129999727709
115.18939999950817
94.37179999804357
107.78070000378648
108.7178000016138
98.85029999713879
116.28579999523936
97.34500000195112
93.78250000008848
94.55370000068797
95.51529999589548
116.31649999617366
95.04980000201613
94.60859999671811
89.94019999954617
93.84359999967273
114.96559999795863
90.65540000301553
96.52170000481419
94.14250000554603
96.09679999994114
114.96210000041174
94.25599999667611
94.58509999967646
93.39580000232672
94.15189999708673
116.13319999742089
97.0270999969216
94.2877000052249
90.34460000111721
94.6918000045116
114.81099999946309
90.06709999812301
94.36740000091959
92.91979999397881
94.01610000350047
109.41920000186656
94.05930000502849
95.2915000016219
93.48529999988386
95.95809999882476
113.45009999786271
96.06250000069849
93.4966999993776
91.05840000120224
99.37089999584714
127.30829999782145
97.24460000143154
97.23809999559307
93.8389000002644
93.40530000190483
117.99949999840464
94.06660000240663
96.1336999971536
93.68389999872306
94.22139999514911
115.56320000090636
90.502999999444
93.17200000077719
93.29359999537701
94.93120000115596
110.36299999977928
95.41690000332892
92.50819999579107
96.94090000266442
88.99620000011055
114.68590000004042
95.26619999815011
97.6204999969923
93.23469999799272
94.39509999356233
114.19009999372065
94.18569999979809
93.24329999799374
90.42670000053477
94.1990999999689
114.65170000155922
95.78440000041155
89.57360000204062
92.68209999572719
93.12400000635535
118.89430000155699
96.97760000562994
90.2187999963644
91.59499999805121
113.05189999984577
114.64189999969676
89.57630000077188
94.92800000589341
95.22749999450753
93.88860000035493
110.45430000376655
94.43759999703616
93.64079999795649
94.12190000148257
92.50890000112122
114.81210000056308
94.59120000246912
98.48069999861764
93.3625999969081
90.48230000189506
115.54570000589592
93.95480000239331
100.28130000137025
95.58670000114944
89.32230000209529
127.95190000178991
106.04440000315662
96.27480000199284
92.58759999647737
94.31079999922076
115.51979999785544
96.12239999842132
93.76049999991665
89.31719999964116
93.82080000068527
114.3551000059233
95.40750000451226
104.63999999774387
102.29679999611108
92.86389999761013
131.75250000494998
94.29610000370303
93.51140000217129
94.77480000350624
92.6231000048574
113.33809999632649
91.80950000154553
95.62809999624733
93.12240000144811
87.80660000047646
115.05539999780012
98.6581999968621
91.03979999781586
93.0034999983036
97.72009999869624
107.66080000030342
87.73599999403814
114.06980000174372
101.79110000171931
93.9935000060359
112.98220000026049
93.84169999975711
89.93520000512945
92.3664000001736
94.099300004018
114.80109999683918
94.87959999387385
98.8426999974763
91.58270000625635
89.20719999878202
117.02159999549622
91.49699999397853
92.78710000216961
91.35780000360683
93.9961999974912
117.46320000384003
91.20470000198111
94.3182999981218
94.3970000007539
93.71349999855738
114.67309999716235
93.91260000120383
90.33249999629334
92.05159999692114
91.69919999840204
112.94830000406364
94.18359999835957
95.36220000154572
95.26759999425849
89.99190000031376
114.16149999422487
93.76760000304785
92.73980000580195
102.54720000375528
109.74220000207424
127.18560000212165
102.08740000234684
103.06500000297092
91.07950000179699
91.76909999951022
113.27220000384841
91.87329999986105
88.77829999983078
105.1350999987335
93.39200000249548
115.98380000214092
92.96209999592975
92.92320000531618
93.93760000239126
89.32349999668077
113.55140000523534
94.86599999945611
94.84499999962281
95.22999999899184
92.42230000381824
110.22339999908581
90.51109999563778
98.72310000355355
94.43900000042049
93.5827000066638
114.50979999790434
89.70709999994142
95.18190000380855
94.0240000054473
93.05350000067847
114.15649999980815
88.0749999996624
96.91910000401549
98.60579999804031
94.0212000059546
117.0533999975305
92.48890000162646
88.718399994832
93.42289999767672
93.81099999882281
115.90740000247024
96.05400000145892
94.14660000038566
89.7830999965663
93.55569999752333
114.5403000045917
96.01280000060797
92.87330000370275
94.02449999470264
93.83239999442594
110.22760000196286
108.81570000492502
104.60599999350961
101.26270000182558
92.63819999614498
112.26170000009006
91.23479999834672
93.10350000305334
92.25880000303732
86.51470000040717
112.0221999954083
92.80679999938002
94.66369999427116
103.41659999539843
92.42470000026515
111.08739999326644
94.23149999929592
93.81500000017695
94.10750000097323
93.6163000005763
114.50009999680333
95.69699999701697
89.56799999577925
92.6670999979251
95.19719999661902
112.29450000246288
91.30890000233194
93.39200000249548
88.6809000003268
92.56790000654291
112.40629999520024
92.40499999577878
95.23400000034599
93.82429999823216
93.7839999969583
121.89599999692291
92.75470000284258
106.93560000072466
99.88799999700859
93.60810000362108
114.90639999829
92.1613000027719
93.72799999982817
94.41440000227885
94.59260000585346
115.8482000028016
95.04330000345362
87.6395000013872
95.34700000222074
94.0374999991036
113.80060000374215
90.7253999976092
91.35589999641525
88.70929999829968
92.75930000148946
113.97569999826374
94.59260000585346
92.35900000203401
88.91939999739407
92.95790000032866
115.63390000083018
93.10669999831589
92.43549999519018
94.57000000111293
94.24880000005942
114.96939999778988
94.44919999805279
89.1708999988623
94.41159999551019
93.60819999710657
113.75029999908293
87.98039999965113
94.08070000063162
93.96749999723397
94.57010000187438
108.79239999485435
93.11670000170125
94.48160000465577
98.10180000204127
92.47080000204733
116.49000000033993
93.58599999541184
94.7530999983428
92.46500000153901
88.38359999936074
115.88759999722242
92.84059999481542
94.18400000140537
93.71939999982715
88.68470000015805
115.84939999738708
91.57840000261785
91.04780000052415
87.9547000004095
96.63989999535261
111.94809999869904
103.60509999736678
107.96180000033928
105.56070000166073
106.25609999988228
113.12339999858523
91.6746000002604
90.32669999578502
91.7840999973123
92.91909999592463
116.41940000117756
89.36059999541612
95.5004999996163
94.42069999931846
93.00069999881089
110.02259999804664
92.61739999783458
93.40569999767467
95.05999999964843
93.76640000118641
114.32989999593701
94.10660000139615
93.83959999831859
94.09439999581082
91.42679999786196
118.17159999918658
93.3807000037632
94.53699999721721
91.03300000424497
94.77679999690736
114.83549999684328
96.38499999709893
90.30250000068918
95.12059999542544
95.7609000033699
129.3543000065256
95.72879999905126
93.94650000467664
95.07110000413377
94.2058000000543
114.71750000055181
89.0679000003729
93.33630000037374
91.80980000382988
91.97459999995772
107.86479999660514
94.92019999743206
95.06099999998696
93.53480000572745
95.97539999958826
111.66439999942668
91.13079999951879
94.84649999649264
102.32299999915995
94.60410000610864
115.8519000018714
92.22710000176448
88.31379999901401
93.60039999592118
93.0279000021983
115.44590000266908
90.75860000302782
98.81299999688054
90.82990000024438
106.04360000434099
110.11549999966519
92.50739999697544
91.10080000391463
92.42910000466509
95.01540000201203
111.19079999480164
94.86389999801759
93.62339999643154
94.0855000008014
90.6909999976051
117.53229999885662
94.50859999924432
93.01789999881294
93.64289999939501
91.78979999705916
118.04609999671811
100.00230000150623
93.74160000152187
94.35490000032587
102.61940000054892
114.58090000087395
94.21139999903971
92.35720000287984
94.57449999899836
93.91670000331942
118.5371000028681
94.69930000341265
94.71979999943869
92.37359999679029
86.95630000147503
115.0809000027948
94.39939999720082
92.15450000192504
113.38590000377735
91.66929999628337
108.21469999791589
85.97659999941243
103.35869999835268
102.95510000287322
104.00120000122115
129.83779999922263
90.78980000049341
104.85850000259234
104.6933000034187
105.22879999916768
129.79489999997895
102.06689999904484
105.66400000243448
102.89300000295043
96.79340000002412
113.61380000016652
92.53739999985555
94.16010000131791
92.50239999528276
95.23169999738457
109.61220000172034
87.81920000183163
95.66610000183573
93.07410000474192
94.4999999992433
116.78869999741437
93.0309000032139
92.73750000284053
91.92500000062864
95.33329999976559
113.94830000062939
94.98119999625487
92.3795999988215
89.17420000216225
94.84620000148425
115.54679999971995
93.434199996409
90.67420000064885
90.47260000079405
91.41220000310568
113.85719999816502
104.24390000116546
104.17250000318745
98.9419999968959
104.2684000058216
115.93439999705879
90.62470000208123
92.57849999994505
93.0378000048222
93.85520000068936
111.57400000229245
94.7574000019813
103.89259999647038
98.86589999950957
92.25139999762177
111.18490000080783
110.62870000023395
99.53310000128113
104.60790000070119
99.45650000008754
126.520799996797
99.25379999913275
105.06790000363253
94.66290000273148
102.0585999940522
122.05279999761842
88.68319999601226
93.19929999765009
91.67539999907603
92.35869999974966
114.08579999988433
94.05999999580672
93.18559999519493
88.13370000279974
95.78410000540316
116.91810000047553
93.01810000033583
93.39360000012675
92.14519999659387
89.79169999656733
113.13890000019455
92.74229999573436
93.23399999993853
92.89320000243606
92.67659999750322
113.1420999954571
88.05109999957494
94.51700000499841
92.763599997852
93.31569999631029
121.57809999916935
93.41960000165273
93.11840000009397
86.6353999954299
92.56830000231275
113.01020000246353
92.99699999974109
92.94559999398189
103.28309999749763
88.49000000191154
115.58769999828655
92.18110000074375
94.74889999546576
92.98979999584844
92.84430000116117
112.81989999406505
88.72210000117775
92.57340000476688
94.07759999885457
91.96990000054939
113.10319999756757
93.50830000039423
93.47930000512861
88.20240000204649
92.3322000016924
112.84319999685977
89.6095000061905
93.876500002807
92.60839999478776
88.81929999915883
114.14099999819882
90.65269999700831
90.10729999863543
100.82099999999627
92.9688999967766
112.9711000030511
88.91360000416171
94.12929999962216
92.78129999438534
92.81690000352683
115.36460000206716
94.47820000059437
92.07990000140853
90.71509999921545
92.14649999921676
113.16139999689767
92.50849999807542
92.47340000001714
100.09800000261748
88.77760000177659
111.40989999694284
91.38770000572549
92.28759999678005
93.25549999630312
94.65369999816176
115.76670000067679
90.70839999913005
91.6815000018687
91.49069999693893
93.27209999901243
113.28879999928176
93.46669999649748
100.12650000135181
89.25839999574237
91.63970000372501
111.63319999468513
90.72490000107791
90.46970000053989
90.33319999434752
89.54829999856884
115.8824000012828
92.9792999959318
90.18890000152169
91.55240000109188
94.84849999716971
111.0971999951289
86.05859999806853
91.33239999937359
89.45710000261897
90.1155999963521
111.90990000613965
92.1472999980324
94.07130000181496
92.74620000360301
95.24880000390112
114.95519999880344
91.62550000473857
92.39960000559222
99.36810000363039
89.50490000279387
110.95249999925727
104.28420000243932
93.60179999930551
91.47759999905247
94.66360000078566
112.8582000019378
88.6192999969353
91.9997000019066
92.30360000219662
91.87750000273809
113.60620000050403
92.62179999495856
93.07909999915864
88.61149999574991
91.41210000234423
116.61049999383977
92.20130000176141
91.83399999892572
91.74940000229981
90.27499999501742
113.27329999767244
93.3694999985164
94.36809999897378
93.59489999769721
92.43869999772869
113.54079999728128
90.76549999736017
93.70730000227923
93.39010000257986
92.96529999846825
113.25309999665478
92.00799999962328
93.13090000068769
87.06019999954151
92.62410000519594
115.52649999794085
91.99980000266805
91.808500001207
92.9759999999078
93.68659999745432
125.00490000093123
92.04010000394192
91.5374000032898
91.51259999634931
89.5001000026241
112.49730000417912
86.72410000144737
96.41080000437796
99.97950000251876
93.75039999576984
112.01669999718433
93.77659999881871
90.8629999976256
86.15139999892563
90.43430000019725
111.47209999762708
93.79729999636766
99.8357999997097
95.88390000135405
96.9907000035164
121.09679999412037
99.3014999985462
94.35649999795714
95.27540000271983
99.62190000078408
117.20640000567073
88.35800000088057
92.94120000413386
92.5238999989233
92.84440000192262
112.8443999987212
99.81909999623895
98.42039999784902
91.39460000005784
92.51130000484409
115.01599999610335
100.82130000228062
96.40769999532495
99.92739999870537
94.46469999966212
123.49339999491349
97.94089999923017
98.90209999866784
100.4460999974981
93.32630000426434
120.68359999830136
94.33309999440098
100.02299999905517
100.00440000294475
99.62580000137677
112.66459999751532
93.29250000155298
93.53669999836711
89.900500002841
94.7846000053687
117.03359999955865
95.68209999997634
97.30060000583762
96.55510000447975
93.03860000363784
115.0846000018646
92.09730000293348
90.57780000148341
91.74039999925299
91.4651999992202
110.37280000164174
87.11369999946328
90.48880000045756
90.40010000171605
91.74730000086129
109.52039999392582
90.77869999600807
89.30600000167033
87.54229999613017
92.32950000296114
114.29420000058599
93.18250000069384
93.52490000310354
92.28219999931753
88.52549999573966
113.22279999876628
95.81389999948442
92.10509999684291
91.81549999630079
93.24190000188537
116.78920000122162
88.12919999763835
92.31179999915184
90.64130000479054
92.74109999387292
113.5156000018469
91.58060000481782
92.99779999855673
87.54919999773847
91.11290000146255
110.34690000087721
91.0303999989992
93.38250000291737
89.65510000416543
85.98420000635087
121.66350000188686
98.01570000126958
99.34879999491386
98.59439999854658
100.08400000515394
121.67090000002645
89.81839999614749
93.01829999458278
92.29680000134977
93.09979999670759
117.3997000005329
97.63480000401614
92.08590000343975
88.21080000052461
96.43990000040503
118.68500000127824
99.21350000513485
100.39829999732319
100.27760000230046
94.94070000073407
119.36400000558933
98.79669999645557
94.70699999656063
89.75130000180798
90.95030000025872
110.62890000175685
86.27290000003995
91.46640000108164
90.94879999611294
92.61179999884916
112.88040000363253
92.84509999997681
89.84280000004219
96.736300001794
96.25489999598358
111.42990000371356
93.08479999890551
93.75429999636253
94.705099996645
96.51380000286736
150.59399999881862
110.16769999696407
94.66640000027837
89.7421999979997
91.25199999834877
110.74350000126287
86.89810000214493
90.33959999942454
91.90959999978077
91.02100000018254
110.467400001653
99.58570000162581
95.28159999899799
91.15980000206036
93.22679999604588
115.04810000042198
93.99620000476716
92.40929999941727
93.2775000037509
90.60970000427915
115.70699999720091
92.38880000339122
92.61569999944186
92.51419999782229
93.85119999933522
113.27449999953387
87.56839999841759
99.7131000040099
97.99840000050608
92.24469999753637
114.59399999876041
92.29920000507263
92.54910000163363
90.4171000001952
93.55689999938477
115.885299994261
102.15299999981653
101.8054000014672
103.11670000373852
88.39859999716282
113.69220000051428
93.73670000059064
91.82429999782471
94.02319999935571
93.93760000239126
113.02430000068853
90.31320000212872
94.07429999555461
91.42160000192234
92.94559999398189
116.44299999898067
104.52380000060657
102.58189999876777
98.16539999883389
105.4251999958069
128.35199999972247
104.7409999955562
102.88880000007339
100.81220000574831
86.62049999838928
111.46779999398859
92.83960000175284
95.45059999800287
96.8944999985979
94.59159999823896
113.71339999459451
86.95540000189794
90.50359999673674
90.23500000330387
91.90930000477238
110.91499999747612
90.36229999765055
90.27500000229338
85.4278000042541
93.52750000107335
115.36640000122134
92.16629999718862
93.75680000084685
111.93310000089696
93.08360000432003
114.31629999424331
92.93569999863394
92.55010000197217
92.7534000002197
93.4350000025006
115.41530000249622
90.17730000050506
93.45150000444846
92.05050000309711
95.19649999856483
114.55699999351054
92.71059999446152
100.99639999680221
100.3603999997722
94.69280000485014
115.5438999994658
93.23009999934584
93.160500000522
91.70670000457903
90.30169999459758
113.094699998328
92.65889999369392
92.65919999597827
92.18520000285935
91.76989999832585
115.59889999625739
88.22030000010272
93.5929000042961
94.06730000046082
92.34380000270903
124.37469999713358
96.16529999766499
95.22050000668969
91.56610000354704
93.45460000622552
114.6669000008842
93.35149999969872
93.04140000313055
93.09880000364501
90.38940000027651
114.86599999625469
93.07840000110446
92.06919999996899
95.349700000952
94.94020000420278
112.39589999604505
89.03240000654478
93.40530000190483
96.17609999986598
107.36419999739155
115.40940000122646
93.62780000083148
91.86579999368405
88.63130000099773
92.62470000248868
114.40589999983786
92.17070000158856
98.45749999658437
90.3184999988298
90.10500000294996
115.54279999836581
92.16179999930318
92.4687999940943
93.56149999803165
94.336200003454
114.49059999722522
88.28960000391817
92.15360000234796
93.49769999971613
93.2355999975698
115.91210000187857
92.25510000396753
93.07719999924302
88.79349999915576
92.67840000393335
114.5494999946095
93.23169999697711
92.14780000183964
93.65429999888875
90.13229999982286
115.15639999561245
92.97769999830052
94.84169999632286
95.37470000213943
92.45190000365255
113.23450000054436
88.68980000261217
93.14799999992829
107.99150000093505
106.96989999996731
111.88779999793041
