1491.3999999985099
660.2000000011176
669.9000000003725
687.5999999996275
612.0999999996275
575.3000000007451
571.0999999996275
561.1999999992549
500.30000000074506
511.90000000037253
480.69999999925494
477.09999999962747
476.80000000074506
458.19999999925494
472.09999999962747
458.90000000037253
450.5
436.59999999962747
438.5
439.80000000074506
433.19999999925494
423
418.40000000037253
421
417.40000000037253
406.30000000074506
400.59999999962747
390.40000000037253
400.3999999985099
378.80000000074506
396.09999999962747
372.90000000037253
379.19999999925494
384.7000000011176
362
384.7999999988824
373.30000000074506
367.09999999962747
354
368.80000000074506
362.90000000037253
363.5
350.8999999985099
349.40000000037253
364.40000000037253
348.80000000074506
342.09999999962747
368.5
346.5
347
337.69999999925494
335.80000000074506
339.90000000037253
373.69999999925494
344.90000000037253
329.09999999962747
336.5
331.5
327.19999999925494
333.30000000074506
333.80000000074506
339.5
330.2999999988824
316.59999999962747
337.5
317.90000000037253
316.90000000037253
323.09999999962747
335.80000000074506
317.90000000037253
309.09999999962747
309.09999999962747
312.09999999962747
302.2000000011176
300.59999999962747
314.7999999988824
308.1000000014901
306.59999999962747
296.09999999962747
312.09999999962747
307.5
309.40000000037253
291.40000000037253
295.2999999988824
298.1000000014901
304.5
285.7999999988824
294.2000000011176
294.7999999988824
289.59999999962747
291.40000000037253
287.90000000037253
292.69999999925494
288.1000000014901
280.5
296.7999999988824
291
282.30000000074506
279.59999999962747
281.90000000037253
293.09999999962747
280.5
279.90000000037253
279
284.5
286.90000000037253
271.5
279.2999999988824
283.09999999962747
275.1000000014901
279.19999999925494
276.69999999925494
282.2000000011176
273.7999999988824
267.2000000011176
280.09999999962747
276.69999999925494
271.30000000074506
268.5
273.59999999962747
282.5
274.59999999962747
270.90000000037253
270.7000000011176
274.5
281.2999999988824
265.90000000037253
269.09999999962747
272.7000000011176
266.2999999988824
274.40000000037253
265.5
272.90000000037253
269.59999999962747
265.69999999925494
272.80000000074506
272.59999999962747
265
261.30000000074506
273.90000000037253
271.3999999985099
266.30000000074506
260.90000000037253
265.69999999925494
264
269.59999999962747
255.80000000074506
264
268.69999999925494
260.6000000014901
265.09999999962747
258.90000000037253
266.3999999985099
259.5
253.80000000074506
267.80000000074506
261.3999999985099
259.80000000074506
259.40000000037253
257.09999999962747
269.5
256.90000000037253
256
255.90000000037253
260.09999999962747
263.19999999925494
254.80000000074506
270
274.7999999988824
253.40000000037253
256.2000000011176
252.59999999962747
261.40000000037253
255.59999999962747
246.5
258
248
246.69999999925494
245.59999999962747
246.10000000149012
262.09999999962747
243.40000000037253
239.5
247.09999999962747
247.59999999962747
246.30000000074506
245.19999999925494
244.69999999925494
250.60000000149012
235.5
249.5
243.39999999850988
249.10000000149012
234.7999999988824
237.2000000011176
250.69999999925494
256.59999999962747
232.2000000011176
240.89999999850988
248.80000000074506
247.40000000037253
240.2999999988824
237.90000000037253
239.30000000074506
242.09999999962747
237.09999999962747
255.90000000037253
236.30000000074506
240.7999999988824
232.59999999962747
235.80000000074506
239.40000000037253
246
231.2999999988824
246.60000000149012
236.19999999925494
252.90000000037253
233.69999999925494
229.5
237.80000000074506
241.69999999925494
233.90000000037253
238.40000000037253
233.7999999988824
236.2000000011176
231
228.69999999925494
240.5
235
229.7000000011176
226.2999999988824
236
247.90000000037253
245.5
224.09999999962747
230.80000000074506
245.09999999962747
227.80000000074506
231.59999999962747
227.69999999925494
237.40000000037253
233.5
224.90000000037253
241.09999999962747
233.5
230.30000000074506
226.69999999925494
249
234.59999999962747
232.90000000037253
222.19999999925494
234.5
230.80000000074506
226
227.30000000074506
228.5
234.89999999850988
220.60000000149012
225.19999999925494
229.40000000037253
229.2999999988824
231.30000000074506
223.5
233.09999999962747
231.90000000037253
229.5
227.30000000074506
224.59999999962747
231
221.40000000037253
228.89999999850988
225.40000000037253
234.7000000011176
219.69999999925494
222.19999999925494
227.5
231.2000000011176
220.5
220.69999999925494
220.59999999962747
242.60000000149012
220
222.89999999850988
220.7000000011176
231.40000000037253
226.89999999850988
239.80000000074506
219.19999999925494
229.10000000149012
220
220.59999999962747
230.5
225.2999999988824
221.90000000037253
222.7000000011176
221.39999999850988
235.10000000149012
218.2999999988824
228.90000000037253
220.19999999925494
224.80000000074506
220.30000000074506
222.7999999988824
221.7000000011176
222.5
219.19999999925494
220.90000000037253
230
223.59999999962747
217.19999999925494
218.60000000149012
221.5
229.69999999925494
217.80000000074506
216.09999999962747
222
229.90000000037253
222.5
215.39999999850988
219
220.90000000037253
222.2000000011176
216.39999999850988
226.90000000037253
222.40000000037253
217
219.09999999962747
219.09999999962747
228.80000000074506
216.30000000074506
215.5
220.59999999962747
219.59999999962747
216.19999999925494
214.60000000149012
225.59999999962747
224.90000000037253
218.2999999988824
212
241.2000000011176
223.7999999988824
222.40000000037253
214.59999999962747
229.2000000011176
230.2999999988824
207.5
216.5
216.5
227.2000000011176
216.69999999925494
214.19999999925494
222.10000000149012
218
212.09999999962747
216.7999999988824
215.2000000011176
221.59999999962747
207.19999999925494
211.30000000074506
212.90000000037253
225.5
212.90000000037253
211.19999999925494
216.09999999962747
220.40000000037253
213.69999999925494
221.40000000037253
214.80000000074506
219.40000000037253
212.7999999988824
213
215.40000000037253
220.19999999925494
213.2000000011176
205.40000000037253
215.5
228.09999999962747
209.5
216.40000000037253
210.5
233.19999999925494
222.19999999925494
204.30000000074506
216.30000000074506
218.69999999925494
212.69999999925494
219.7000000011176
211.40000000037253
220.89999999850988
215.2000000011176
215.59999999962747
225.90000000037253
218.09999999962747
211.5
207.59999999962747
217.40000000037253
218.90000000037253
217.5
206.7999999988824
215
219.5
211.80000000074506
210.80000000074506
216.19999999925494
210.40000000037253
214.40000000037253
208
203.5
222.69999999925494
200.69999999925494
205.40000000037253
214.90000000037253
209.69999999925494
208.30000000074506
205.80000000074506
207
219
200.5
208.69999999925494
205
214.19999999925494
203.2000000011176
200.69999999925494
214.59999999962747
211.10000000149012
201.59999999962747
204.59999999962747
209.90000000037253
217.19999999925494
202.40000000037253
205.80000000074506
210.19999999925494
215.09999999962747
234.5
215.90000000037253
210.90000000037253
214.59999999962747
200.90000000037253
203.69999999925494
210.09999999962747
212.7000000011176
201.90000000037253
217.7999999988824
206.90000000037253
232.19999999925494
208.30000000074506
205.40000000037253
204.2999999988824
212
205.60000000149012
197.89999999850988
209.90000000037253
206.30000000074506
203.7999999988824
197.40000000037253
208
209.40000000037253
203.5
197
201.5
213
202.69999999925494
194.2000000011176
204
208.7999999988824
202.90000000037253
202.59999999962747
202.10000000149012
206.2999999988824
201.90000000037253
198.69999999925494
207.90000000037253
208.2000000011176
208
195.09999999962747
201.90000000037253
222.09999999962747
198.19999999925494
196.59999999962747
201.60000000149012
206.89999999850988
210.80000000074506
196.09999999962747
218.80000000074506
204.7999999988824
194.30000000074506
205.5
196.40000000037253
204.5
205.7999999988824
196.80000000074506
201.90000000037253
206.2999999988824
197.80000000074506
200.69999999925494
199.2000000011176
205.90000000037253
201.69999999925494
196.80000000074506
197
209.09999999962747
199.7999999988824
201.40000000037253
198.5
204.2000000011176
194.59999999962747
194.5
205.19999999925494
208.7000000011176
205
195.2999999988824
195.5
204.09999999962747
217.10000000149012
200.7999999988824
200.2000000011176
200.09999999962747
195.90000000037253
203.5
212.7999999988824
202.30000000074506
195.69999999925494
199.09999999962747
205.7000000011176
198.69999999925494
201
193.59999999962747
196.30000000074506
215.30000000074506
194.5
192.19999999925494
199
198
210.30000000074506
204.2999999988824
196.80000000074506
198.7999999988824
195.60000000149012
206.69999999925494
206.59999999962747
199.5
195.80000000074506
194.2999999988824
197.5
205.2000000011176
201.90000000037253
193.69999999925494
198.30000000074506
206.89999999850988
191
198.40000000037253
197.90000000037253
201.09999999962747
195
192.59999999962747
203.2000000011176
203.59999999962747
193.69999999925494
195.40000000037253
217.80000000074506
207.09999999962747
193.30000000074506
194.39999999850988
198.7000000011176
201.40000000037253
196.5
192.5
197.09999999962747
203.90000000037253
192.7999999988824
196.2000000011176
204.7999999988824
199.80000000074506
190.40000000037253
202.7999999988824
198.2000000011176
207.2999999988824
190.40000000037253
192.40000000037253
194.59999999962747
209.80000000074506
195.69999999925494
192.40000000037253
195.59999999962747
199.19999999925494
193.10000000149012
192.5
200.19999999925494
199.30000000074506
194.09999999962747
188.5
195.7999999988824
213.90000000037253
192.90000000037253
189.30000000074506
193.5
202.69999999925494
196.30000000074506
196.39999999850988
198.10000000149012
198.2999999988824
193.09999999962747
194.40000000037253
192.2000000011176
209.39999999850988
193.7000000011176
190.90000000037253
195.59999999962747
200.40000000037253
200.5
195.39999999850988
195.60000000149012
201.7999999988824
197.59999999962747
192.10000000149012
191
202.69999999925494
192.69999999925494
197.10000000149012
190.5
204.2999999988824
191.59999999962747
196.2000000011176
197.40000000037253
196
191.59999999962747
191.90000000037253
189.39999999850988
204.5
197.30000000074506
192.30000000074506
194.5
198.5
188.2999999988824
197
190.40000000037253
195.30000000074506
200.19999999925494
188.5
195.59999999962747
199.09999999962747
188.40000000037253
189.09999999962747
189.7000000011176
194.59999999962747
194.30000000074506
199.59999999962747
195.40000000037253
191.09999999962747
186.69999999925494
194.2000000011176
193.5
198.59999999962747
191
187.40000000037253
198.7999999988824
196.80000000074506
187.69999999925494
191.2000000011176
191.19999999925494
196.5
189
186.09999999962747
192.30000000074506
194.40000000037253
185.2999999988824
206.30000000074506
196.2999999988824
192.60000000149012
192
200
204.5
195.2999999988824
186.90000000037253
185.5
192.69999999925494
203.30000000074506
186.90000000037253
191.69999999925494
189
197.40000000037253
184.30000000074506
198.09999999962747
191.19999999925494
199.5
183.7000000011176
188.09999999962747
195.7999999988824
199.90000000037253
184.09999999962747
186.60000000149012
192.7999999988824
203.30000000074506
185.40000000037253
192.7999999988824
188.5
194.09999999962747
193.7000000011176
187.59999999962747
190.19999999925494
196.90000000037253
182.5
189.59999999962747
198.5
194.40000000037253
184.59999999962747
193.5
190.10000000149012
204.09999999962747
184.5
185.59999999962747
191.5
198.90000000037253
192.7999999988824
185.7000000011176
189.09999999962747
194.69999999925494
192.10000000149012
188.59999999962747
199.90000000037253
195.69999999925494
188.90000000037253
188.5
189.5
209.7999999988824
189.40000000037253
184.2000000011176
194.39999999850988
198.2000000011176
193.90000000037253
195.89999999850988
193.40000000037253
201.30000000074506
185.19999999925494
191.09999999962747
190.60000000149012
198
190.59999999962747
187.69999999925494
183.90000000037253
202.90000000037253
188.09999999962747
190.40000000037253
185.2999999988824
195.40000000037253
196
187
186.80000000074506
197.59999999962747
186
194.40000000037253
185.90000000037253
196.19999999925494
186.19999999925494
189.2000000011176
195.7999999988824
200.5
186.2000000011176
192.5
186.90000000037253
217.19999999925494
192
190.30000000074506
188.89999999850988
194.30000000074506
187.09999999962747
197.5
184.40000000037253
193.90000000037253
187.69999999925494
184.40000000037253
195.19999999925494
199.10000000149012
197.2999999988824
186.5
188.09999999962747
191.10000000149012
190.59999999962747
197.09999999962747
188.19999999925494
188.40000000037253
187.90000000037253
197.19999999925494
187.2000000011176
190.7999999988824
186.7000000011176
194.5
195.5
191.90000000037253
182.89999999850988
188.2000000011176
190.90000000037253
196.2999999988824
185
195.90000000037253
191.80000000074506
194
186.2999999988824
198
187
191.30000000074506
183.19999999925494
187.80000000074506
194.69999999925494
188.80000000074506
198.59999999962747
185.09999999962747
188
204.5
185.7000000011176
200.09999999962747
221.2999999988824
194.7000000011176
183.69999999925494
188.59999999962747
187.90000000037253
194.30000000074506
179.7999999988824
183.60000000149012
198.09999999962747
192
183.2999999988824
184.40000000037253
184.90000000037253
205
184.59999999962747
184.09999999962747
191.2000000011176
191.09999999962747
184.69999999925494
181.40000000037253
189.2000000011176
199.69999999925494
180.09999999962747
181.30000000074506
193.2999999988824
191.7000000011176
183
184.7999999988824
186.90000000037253
198.80000000074506
187
177.90000000037253
191.5
193.7999999988824
187.90000000037253
179.90000000037253
185.2999999988824
188.5
190.2000000011176
187.5
189
191.69999999925494
184.2000000011176
179.59999999962747
189.7999999988824
195.7000000011176
185.5
179.40000000037253
184.09999999962747
190
199.69999999925494
182.30000000074506
187.2999999988824
189.30000000074506
183.40000000037253
186.2999999988824
189.10000000149012
190.19999999925494
183.90000000037253
184.19999999925494
184.40000000037253
209.30000000074506
188.09999999962747
180.7999999988824
181.7000000011176
190.19999999925494
194.40000000037253
183.19999999925494
184.30000000074506
192.40000000037253
180.40000000037253
189.7999999988824
185
189.2000000011176
184.09999999962747
186
188.5
188.69999999925494
182.7000000011176
181.2999999988824
195.2000000011176
193.19999999925494
186.40000000037253
180.2999999988824
182.40000000037253
189.7000000011176
186.19999999925494
187.40000000037253
184.09999999962747
192.40000000037253
190.69999999925494
182.90000000037253
195
187.69999999925494
187.60000000149012
182.59999999962747
184.5
186.40000000037253
189.89999999850988
179.40000000037253
185.09999999962747
189.90000000037253
178.90000000037253
188.5
188.69999999925494
184.40000000037253
197.40000000037253
181.40000000037253
191
186.69999999925494
184.7000000011176
181.2999999988824
185.59999999962747
191
181.5
182
190
186.30000000074506
183.5
185.59999999962747
189.2000000011176
185.59999999962747
183.7999999988824
182.30000000074506
191.30000000074506
187.39999999850988
182.80000000074506
181.09999999962747
185.80000000074506
195
181.40000000037253
179.39999999850988
184.7000000011176
191.7999999988824
179.30000000074506
187.40000000037253
186.5
188.69999999925494
179.2000000011176
179
189.69999999925494
195.30000000074506
177.5
181.2999999988824
182.30000000074506
196.09999999962747
185.09999999962747
178.40000000037253
191.69999999925494
192.5
184.7000000011176
178.5
191
194.69999999925494
180.40000000037253
181.09999999962747
189.7000000011176
187.89999999850988
180.2000000011176
180.19999999925494
187.40000000037253
206
178
181.59999999962747
186.30000000074506
189.19999999925494
186.90000000037253
177.90000000037253
184
188.2999999988824
181.2000000011176
175.7999999988824
189.60000000149012
184.89999999850988
178.10000000149012
174.5
185.59999999962747
191.40000000037253
179.7999999988824
174
179.40000000037253
185.59999999962747
187.09999999962747
175.60000000149012
181.2999999988824
198.80000000074506
177.2999999988824
176.60000000149012
191.19999999925494
190.5
178.90000000037253
175.2999999988824
181.10000000149012
197.09999999962747
181.5
180.09999999962747
176.09999999962747
185
184.2000000011176
173.7999999988824
185.40000000037253
188
175.90000000037253
176.19999999925494
184.30000000074506
187.19999999925494
179.5
186.5
176.7000000011176
190.39999999850988
177.30000000074506
178.19999999925494
182
186.7000000011176
180.90000000037253
178.19999999925494
179.19999999925494
185.7000000011176
180.2999999988824
184.80000000074506
177.40000000037253
185.7999999988824
173.90000000037253
176.80000000074506
180.2999999988824
191.40000000037253
174.7000000011176
178.09999999962747
175.5
182.40000000037253
185.69999999925494
178.19999999925494
178.30000000074506
202.69999999925494
178.30000000074506
180.80000000074506
178.5
185.69999999925494
178.5
176.80000000074506
179.2999999988824
189.59999999962747
180.2000000011176
173.7999999988824
181.80000000074506
180.19999999925494
193.2000000011176
175.69999999925494
183.09999999962747
181.80000000074506
173.59999999962747
189.5
177.90000000037253
185
181.90000000037253
183.19999999925494
188.5
181.40000000037253
174.80000000074506
175.59999999962747
183.5
186.5
182.59999999962747
173.80000000074506
178.2999999988824
182.80000000074506
177
181.59999999962747
179.69999999925494
180.60000000149012
173.5
177.7999999988824
187.30000000074506
179
176.09999999962747
176.09999999962747
178.59999999962747
182.60000000149012
181.69999999925494
174.30000000074506
178.09999999962747
182.5
171.7999999988824
181.40000000037253
182.59999999962747
180
173
173.60000000149012
185
183.69999999925494
174.40000000037253
176.40000000037253
186.59999999962747
185
172.09999999962747
181
179.80000000074506
182.09999999962747
172.69999999925494
237
208.5
195.90000000037253
176.09999999962747
175
187.30000000074506
181.09999999962747
175
176.30000000074506
180.7999999988824
191.2000000011176
180.09999999962747
174.2999999988824
195.60000000149012
181.7999999988824
178.59999999962747
180.40000000037253
184.40000000037253
189.19999999925494
175.80000000074506
170.19999999925494
188.30000000074506
187.09999999962747
174.90000000037253
172.40000000037253
177.90000000037253
186.5
179.59999999962747
175.09999999962747
175.69999999925494
194.80000000074506
182.40000000037253
170.2999999988824
181.2000000011176
178.59999999962747
179.90000000037253
170.2999999988824
183.60000000149012
185.89999999850988
182.30000000074506
171.59999999962747
180
188.7000000011176
172.09999999962747
170.19999999925494
182.30000000074506
185.7999999988824
179.40000000037253
174.09999999962747
177.80000000074506
180.40000000037253
178.19999999925494
173.5
177.40000000037253
189.90000000037253
175.59999999962747
173.90000000037253
179.59999999962747
188.90000000037253
177.7999999988824
174.10000000149012
173.19999999925494
182.69999999925494
183.2000000011176
171.09999999962747
178.80000000074506
183.39999999850988
172.7000000011176
181.5
177.40000000037253
180
180.7999999988824
179
170.90000000037253
183.40000000037253
177.7999999988824
172.40000000037253
171.2000000011176
184.39999999850988
175.7000000011176
174.90000000037253
178.69999999925494
179.90000000037253
173.5
180.19999999925494
174.90000000037253
180.5
176.59999999962747
174.80000000074506
176.59999999962747
185.90000000037253
182.59999999962747
172.80000000074506
190.59999999962747
176.40000000037253
181.5
174.59999999962747
175
175.5
175
183
174.59999999962747
186.40000000037253
173.19999999925494
170.09999999962747
186.40000000037253
178.40000000037253
172.19999999925494
172
175.2000000011176
175.90000000037253
180.5
171.89999999850988
182.5
179.5
171.40000000037253
176
192.5
176.59999999962747
179.40000000037253
174.59999999962747
180.5
175.90000000037253
179.30000000074506
171.59999999962747
176.09999999962747
180.90000000037253
173.69999999925494
170
179.40000000037253
193.2000000011176
167.2999999988824
178.40000000037253
172.59999999962747
180.90000000037253
172.09999999962747
174.40000000037253
189.90000000037253
180.7999999988824
170.80000000074506
169.80000000074506
180.69999999925494
187.40000000037253
170
172.19999999925494
181.90000000037253
181.90000000037253
172.7999999988824
186.90000000037253
175.40000000037253
178.09999999962747
170.7000000011176
169.89999999850988
191.5
184.5
167.80000000074506
174.80000000074506
176.39999999850988
188.30000000074506
174.59999999962747
171.90000000037253
171.59999999962747
179.09999999962747
172.30000000074506
175.69999999925494
177.2000000011176
179.09999999962747
170.5
169.19999999925494
180.10000000149012
188.5
172.69999999925494
166.59999999962747
175.5
183.40000000037253
170.30000000074506
168.09999999962747
177.59999999962747
186.90000000037253
178.09999999962747
170.69999999925494
172.2000000011176
179.59999999962747
176.90000000037253
166.40000000037253
181.09999999962747
176.59999999962747
175.90000000037253
166.69999999925494
178.7000000011176
184.5
172.09999999962747
169
175.2999999988824
176.60000000149012
178.89999999850988
167.40000000037253
174.09999999962747
179.7000000011176
172.19999999925494
172.7000000011176
180
175.39999999850988
168.40000000037253
175.09999999962747
171.5
181.2000000011176
174.7999999988824
168.80000000074506
167.59999999962747
181.2000000011176
173.69999999925494
169
183.19999999925494
180.80000000074506
168.5
180.09999999962747
168.7000000011176
179.19999999925494
174.19999999925494
168.5
170.90000000037253
186.7000000011176
167.7999999988824
167.59999999962747
174.5
174.10000000149012
181
176.59999999962747
168.09999999962747
173.09999999962747
173.09999999962747
174.5
169.80000000074506
174.09999999962747
180.2000000011176
170.89999999850988
177.7000000011176
186.5
169.59999999962747
168.80000000074506
170.89999999850988
174.80000000074506
176.09999999962747
168.2000000011176
175.39999999850988
172.80000000074506
167.80000000074506
171.19999999925494
175
176.69999999925494
169.80000000074506
169.30000000074506
178.59999999962747
174.59999999962747
173.80000000074506
177.09999999962747
171.40000000037253
171.69999999925494
174.30000000074506
176
176.69999999925494
178.30000000074506
168.59999999962747
184.90000000037253
171.19999999925494
176.80000000074506
171
170.5
177.2999999988824
172.90000000037253
168.5
169.09999999962747
176.30000000074506
179.40000000037253
169.69999999925494
168.40000000037253
172.09999999962747
173.59999999962747
177.7000000011176
174.39999999850988
168.80000000074506
177.90000000037253
166.59999999962747
182.5
182
190.90000000037253
166.09999999962747
167.59999999962747
171.5
194.30000000074506
168.19999999925494
169.09999999962747
170.80000000074506
176.90000000037253
181.19999999925494
183
177.40000000037253
181
163.90000000037253
169.09999999962747
175.59999999962747
174.7000000011176
168.39999999850988
177.5
169.90000000037253
182.40000000037253
166.59999999962747
183
174.2000000011176
176.5
169.19999999925494
169.19999999925494
183.30000000074506
175.19999999925494
169.90000000037253
163.7000000011176
178.7999999988824
176.90000000037253
168
166.40000000037253
173.7999999988824
176.80000000074506
169.59999999962747
163.7000000011176
170.5
174.7999999988824
175.40000000037253
164.40000000037253
186.5
185.90000000037253
169.2999999988824
167.2000000011176
177.69999999925494
175.19999999925494
167.80000000074506
164.69999999925494
173.10000000149012
182.2999999988824
173.80000000074506
165.09999999962747
169.5
173.40000000037253
175.09999999962747
165
176
178.5
167.80000000074506
166.7999999988824
173.2000000011176
188.39999999850988
171.2000000011176
168.59999999962747
165.19999999925494
180.60000000149012
167.09999999962747
168.69999999925494
167.5
175.40000000037253
173.09999999962747
168.7000000011176
165.69999999925494
172.30000000074506
169.59999999962747
172
164.5
180.40000000037253
166.5
163.7999999988824
172.30000000074506
179.59999999962747
168.69999999925494
167.60000000149012
166.89999999850988
170.7000000011176
175.09999999962747
166.30000000074506
167.19999999925494
173.5
164.59999999962747
173.30000000074506
169.90000000037253
173.59999999962747
164
166.19999999925494
169.80000000074506
174.40000000037253
171.89999999850988
167.2000000011176
167.09999999962747
176.09999999962747
173.7000000011176
163.2999999988824
172.5
172.80000000074506
165.69999999925494
169.30000000074506
170.09999999962747
169
167.19999999925494
165.80000000074506
174.19999999925494
172
182.2000000011176
162.69999999925494
174.5
171.5
170.09999999962747
164.40000000037253
176.2000000011176
170.59999999962747
166.5
179.5
171.2999999988824
173.10000000149012
166.09999999962747
164.69999999925494
180.30000000074506
168.09999999962747
170.80000000074506
164
165.69999999925494
175.30000000074506
168.7999999988824
170.59999999962747
167.80000000074506
178.19999999925494
160.7000000011176
168.90000000037253
171.5
177.09999999962747
163.5
163.40000000037253
172.39999999850988
173.40000000037253
163.90000000037253
164.19999999925494
171.5
181.30000000074506
160.59999999962747
163.59999999962747
169.60000000149012
174
167.89999999850988
173.10000000149012
176.09999999962747
179.40000000037253
175.59999999962747
164.40000000037253
175.19999999925494
175.30000000074506
164.09999999962747
163.5
175.2999999988824
179.2000000011176
162.40000000037253
180.5
176.19999999925494
174.40000000037253
169
166.2999999988824
168.5
176.5
164.90000000037253
161.59999999962747
180.5
171.2000000011176
164.09999999962747
162.19999999925494
166.30000000074506
179.69999999925494
168.2000000011176
163
166.09999999962747
173.80000000074506
172.5
160.19999999925494
169.5
172.30000000074506
165.19999999925494
161.5
175.19999999925494
182.80000000074506
166.09999999962747
161
168.90000000037253
179.90000000037253
167.09999999962747
159.80000000074506
175.7999999988824
172.40000000037253
169
161.5
170.59999999962747
177.7000000011176
170.39999999850988
164.80000000074506
172.5
174
161.5
166.59999999962747
165.59999999962747
175.10000000149012
164.39999999850988
166
164.7000000011176
174.5
172.19999999925494
166.09999999962747
164.5
171.30000000074506
165.69999999925494
170.5
166.60000000149012
173.09999999962747
164.7999999988824
166
163.5
178.5
166.40000000037253
169.90000000037253
163.59999999962747
173.5
168.09999999962747
163.60000000149012
170.2999999988824
170.59999999962747
171.5
179.7000000011176
164.7999999988824
172.40000000037253
168.30000000074506
166.5
174.5
177.7999999988824
165.30000000074506
169.90000000037253
172.40000000037253
165.7999999988824
178.59999999962747
164.60000000149012
167.5
173.7999999988824
169.40000000037253
169.19999999925494
165.40000000037253
171.2000000011176
164.09999999962747
163.5
175.2999999988824
172
162.7000000011176
164.90000000037253
165.89999999850988
169.5
170.30000000074506
166.09999999962747
171.5
172.2000000011176
162.69999999925494
177.90000000037253
172.7999999988824
166.60000000149012
163.7999999988824
164.40000000037253
179.40000000037253
168.69999999925494
173.30000000074506
166.59999999962747
166.90000000037253
170.7999999988824
165.40000000037253
174.09999999962747
168.30000000074506
172
163.40000000037253
167.59999999962747
164.80000000074506
175.39999999850988
165.2000000011176
162.5
170.40000000037253
173.69999999925494
160.09999999962747
163.90000000037253
170
182.80000000074506
160.5
164.2999999988824
166.40000000037253
169.5
163.30000000074506
183.69999999925494
169.5
176
160.19999999925494
164.90000000037253
172.30000000074506
174.90000000037253
159.89999999850988
166.40000000037253
166
178
162.40000000037253
165
165.59999999962747
173.40000000037253
166.30000000074506
165.5
166.5
175.89999999850988
165.40000000037253
160.30000000074506
174.59999999962747
172.90000000037253
163.59999999962747
165.40000000037253
164.69999999925494
175.59999999962747
165.80000000074506
159.5
168.80000000074506
174
174.7999999988824
162
169.7000000011176
176
171.69999999925494
160.80000000074506
176.39999999850988
179.5
162.2000000011176
163
166
189
168.09999999962747
161.09999999962747
167.5
171.30000000074506
172.90000000037253
159
166.7999999988824
177
163.5
163.59999999962747
170
172.40000000037253
163.40000000037253
186.69999999925494
161.5
177.40000000037253
164.7000000011176
164.2999999988824
163.5
175
166.09999999962747
164.2000000011176
165.40000000037253
170.59999999962747
161.2999999988824
176
162
172.90000000037253
165.90000000037253
163.59999999962747
162.2000000011176
189.19999999925494
161.59999999962747
163.40000000037253
163.19999999925494
170.10000000149012
168.09999999962747
170.19999999925494
165.90000000037253
166.80000000074506
165.09999999962747
168.59999999962747
161.69999999925494
171
171
159.5
167.5
175.80000000074506
160.30000000074506
161
165.59999999962747
167.69999999925494
168.7000000011176
161.19999999925494
174.69999999925494
165.80000000074506
158.90000000037253
166.69999999925494
168.7000000011176
166
163
159.39999999850988
172.2000000011176
165.40000000037253
173.69999999925494
166.19999999925494
161.7000000011176
169.5
160.40000000037253
161.69999999925494
171.30000000074506
182.5
166.39999999850988
162.5
159.7000000011176
172.59999999962747
162.40000000037253
162.09999999962747
160.09999999962747
174.59999999962747
170
160
161.40000000037253
171.09999999962747
160.60000000149012
160
169.09999999962747
168.90000000037253
161.09999999962747
163
161.09999999962747
167.5
166.90000000037253
165.40000000037253
162.7999999988824
167.40000000037253
161.09999999962747
165.2000000011176
165
170.89999999850988
165.60000000149012
161.39999999850988
164.5
169.80000000074506
161.80000000074506
163
162.39999999850988
166.7000000011176
167.19999999925494
161
164.80000000074506
167.69999999925494
162.40000000037253
166.69999999925494
168.2000000011176
163
161.5
161.59999999962747
164.40000000037253
171.2999999988824
160.5
163.90000000037253
164.7000000011176
168.5
172.39999999850988
170.2000000011176
168.69999999925494
182.7000000011176
169
161.19999999925494
170
167.59999999962747
161.5
165.7000000011176
163.59999999962747
173.2999999988824
163.10000000149012
163
159.5
168.19999999925494
185.40000000037253
162.7999999988824
159.40000000037253
167.40000000037253
159.30000000074506
160.69999999925494
167.09999999962747
175.09999999962747
160.90000000037253
163
160.59999999962747
169.2000000011176
167.40000000037253
163.19999999925494
163.90000000037253
167.69999999925494
162.90000000037253
168.69999999925494
161.60000000149012
169.59999999962747
160.7999999988824
171
163.10000000149012
171.89999999850988
166.30000000074506
162.19999999925494
164.10000000149012
167.59999999962747
164.90000000037253
162.5
161.09999999962747
175.7999999988824
162.2000000011176
158.19999999925494
165.30000000074506
174
165.7999999988824
157.90000000037253
167.2000000011176
165.69999999925494
160
175.40000000037253
162.40000000037253
170
158.59999999962747
163.2999999988824
163.30000000074506
167.30000000074506
162.89999999850988
162.2000000011176
171.2999999988824
168.10000000149012
163.09999999962747
161.19999999925494
167.59999999962747
175.60000000149012
165
161.69999999925494
164.90000000037253
171.09999999962747
172.5
167.5
169.90000000037253
166.5
161.09999999962747
160.80000000074506
170
165.2999999988824
162.09999999962747
171
165.10000000149012
165.19999999925494
173.69999999925494
163.80000000074506
163.19999999925494
183.40000000037253
161.59999999962747
167.40000000037253
162
168.30000000074506
164.2999999988824
166.60000000149012
173.7999999988824
167.80000000074506
166.59999999962747
158.59999999962747
167.30000000074506
171.59999999962747
161.59999999962747
165.7000000011176
165
169.09999999962747
163.2999999988824
163.7000000011176
168.2999999988824
178.2000000011176
160.09999999962747
158.59999999962747
162.80000000074506
171.19999999925494
167.5
161.2000000011176
165.69999999925494
168.80000000074506
161.69999999925494
159.69999999925494
172.30000000074506
169.80000000074506
163.19999999925494
160.30000000074506
164.2999999988824
175.30000000074506
157.19999999925494
176
162.09999999962747
179.2000000011176
157.69999999925494
169.09999999962747
168
162.80000000074506
160.80000000074506
162
174.09999999962747
166
163.09999999962747
159.30000000074506
161.09999999962747
163.59999999962747
167.5
163.19999999925494
161.90000000037253
170.80000000074506
158.7999999988824
166.60000000149012
162.09999999962747
168.69999999925494
166.90000000037253
165
178.80000000074506
167.7999999988824
167
161.2000000011176
176.19999999925494
170.09999999962747
160.7000000011176
160.09999999962747
170.19999999925494
166.09999999962747
166.30000000074506
163.90000000037253
160.90000000037253
166.7999999988824
165.7000000011176
163.09999999962747
161.7999999988824
181.7000000011176
166.59999999962747
162
166.90000000037253
168.7999999988824
163
164.90000000037253
162.7000000011176
172.5
167.89999999850988
160.80000000074506
162.30000000074506
171.09999999962747
166.59999999962747
167.69999999925494
160.40000000037253
171.80000000074506
161.09999999962747
161.19999999925494
159.10000000149012
177.7999999988824
165.59999999962747
162
164.60000000149012
167
162.09999999962747
167.2999999988824
166.90000000037253
168
159.5
163
159.80000000074506
173.19999999925494
167.09999999962747
164.7000000011176
162
167.90000000037253
160.7999999988824
160.59999999962747
166.5
168.5
176.5
159.60000000149012
163
178.2999999988824
169.30000000074506
158.19999999925494
182.30000000074506
169.7999999988824
162.40000000037253
163
164.80000000074506
168.19999999925494
171.2000000011176
161
159
180.59999999962747
156.5
162.5
167.90000000037253
174.89999999850988
164.2000000011176
158.5
164.59999999962747
168.80000000074506
162.39999999850988
156.7000000011176
173.2999999988824
170.40000000037253
157.5
160.7000000011176
162.89999999850988
176.60000000149012
169.09999999962747
160.5
165
167.40000000037253
157
167.69999999925494
164.19999999925494
171.5
163.2000000011176
159.2999999988824
166.30000000074506
168.30000000074506
160.7999999988824
161.5
168.2000000011176
166.39999999850988
164.7000000011176
159.7999999988824
162
185.80000000074506
174.19999999925494
166.5
162.30000000074506
171.09999999962747
162
164
179
163.30000000074506
171.2999999988824
174.80000000074506
202.30000000074506
213.7999999988824
216
164
167.40000000037253
178.19999999925494
162
159
168.5
168.2000000011176
167.90000000037253
155.2999999988824
164.7000000011176
166.2999999988824
160
166.80000000074506
173.5
169.90000000037253
155.5
159.7999999988824
160.59999999962747
172.60000000149012
163.2999999988824
173.80000000074506
168.90000000037253
169.39999999850988
155.2000000011176
165.09999999962747
168.5
168.59999999962747
158
157.30000000074506
169.19999999925494
164.7000000011176
175.69999999925494
172.59999999962747
168
174.09999999962747
156.7000000011176
159.59999999962747
160.5
168.5
161
162.90000000037253
165.90000000037253
165.5
160.39999999850988
171
163.40000000037253
163.7000000011176
168.69999999925494
160.09999999962747
162.80000000074506
170.5
160.40000000037253
164.2999999988824
165.80000000074506
172.7999999988824
157
161.80000000074506
163.5
173.69999999925494
159.90000000037253
155.7000000011176
177.89999999850988
170.10000000149012
169.09999999962747
156.90000000037253
165.09999999962747
162.5
165.7999999988824
162.2000000011176
167.19999999925494
168.90000000037253
159.09999999962747
161.7000000011176
162.7999999988824
178.09999999962747
155.2000000011176
160
167.69999999925494
167.59999999962747
157.60000000149012
167.69999999925494
170.5
165
162.59999999962747
159.30000000074506
165.59999999962747
166.09999999962747
161.59999999962747
160.5
162.80000000074506
178.80000000074506
155.09999999962747
158.7999999988824
161.60000000149012
168
169.5
162.19999999925494
164.19999999925494
168.7000000011176
169
161
159.59999999962747
171.5
160.30000000074506
165.09999999962747
161.5
167.90000000037253
160.59999999962747
162.19999999925494
163.59999999962747
176.2000000011176
160
157.40000000037253
160.19999999925494
164.59999999962747
165
160.40000000037253
162.5
185.5
159.19999999925494
156.90000000037253
165.7000000011176
170.09999999962747
162.19999999925494
157.59999999962747
163.2000000011176
174.5
155.59999999962747
176.69999999925494
164.60000000149012
171.09999999962747
169
154.69999999925494
164.30000000074506
167.2999999988824
163.60000000149012
159.39999999850988
164.90000000037253
173.5
158
157.90000000037253
161.80000000074506
171.19999999925494
157.19999999925494
169.5
164.2000000011176
169.19999999925494
159.09999999962747
159.2000000011176
167.40000000037253
164.19999999925494
161.69999999925494
157.5
161.60000000149012
172.5
164.2999999988824
161.30000000074506
159.90000000037253
175.89999999850988
180.40000000037253
165.2000000011176
159.39999999850988
167.30000000074506
158.40000000037253
175.40000000037253
194.7999999988824
181.5
162.2000000011176
154.59999999962747
158.59999999962747
175.40000000037253
164.7999999988824
156.7000000011176
163.90000000037253
168.39999999850988
156.80000000074506
155.5
170.90000000037253
168.40000000037253
153.19999999925494
160.40000000037253
161.2999999988824
171.5
157
162.90000000037253
175.7000000011176
170
167
152
163.59999999962747
164.40000000037253
159.69999999925494
159.19999999925494
161.2000000011176
164.40000000037253
155.69999999925494
171.69999999925494
158.90000000037253
167.30000000074506
163.40000000037253
158.2999999988824
163.90000000037253
168.59999999962747
160.2000000011176
158.5
163.19999999925494
163.30000000074506
164.69999999925494
160.80000000074506
162
165.5
156.89999999850988
166.60000000149012
156.39999999850988
164.80000000074506
158.69999999925494
158.30000000074506
156.5
173.40000000037253
163.09999999962747
156.80000000074506
160
165.5
161.69999999925494
153.30000000074506
160.59999999962747
173.2999999988824
159.90000000037253
155
168
164
154.40000000037253
158.19999999925494
168.5
170
156.7000000011176
156.09999999962747
170.5
164.69999999925494
156.10000000149012
180.89999999850988
164.7000000011176
164.90000000037253
159
159.59999999962747
165.90000000037253
164.89999999850988
162.60000000149012
161.5
159.19999999925494
176.19999999925494
153.60000000149012
162.19999999925494
161.30000000074506
166.5
162.19999999925494
157.40000000037253
165.5
166.40000000037253
167.09999999962747
164.7999999988824
164.80000000074506
164.69999999925494
156.60000000149012
165.89999999850988
158.5
166.60000000149012
157.59999999962747
161.90000000037253
156.59999999962747
173.59999999962747
160.30000000074506
153.09999999962747
161.5
166
165.40000000037253
154.2999999988824
175.59999999962747
165.40000000037253
156.80000000074506
154.5
167.19999999925494
172.2000000011176
153.5
158.69999999925494
172.19999999925494
171.2000000011176
154.5
159
161.90000000037253
174.2999999988824
169
152.7000000011176
160.2999999988824
168.5
157.80000000074506
159.69999999925494
160.5
166.09999999962747
155.40000000037253
168.40000000037253
157.80000000074506
162.89999999850988
163.10000000149012
155.89999999850988
165.90000000037253
158.80000000074506
158.7999999988824
158
160.2000000011176
170.2999999988824
164.2000000011176
158.7999999988824
158.30000000074506
167.40000000037253
157
164
159.59999999962747
167
158.09999999962747
159.5
158.30000000074506
171.09999999962747
160.90000000037253
156.40000000037253
160.69999999925494
165.69999999925494
164.80000000074506
156.59999999962747
163.09999999962747
166.7000000011176
161.2999999988824
156.90000000037253
172.2000000011176
169.59999999962747
155.69999999925494
159.2000000011176
162.39999999850988
175.5
155.60000000149012
168.19999999925494
168.30000000074506
163.69999999925494
166.40000000037253
152.90000000037253
162.5
164.09999999962747
155.40000000037253
155.69999999925494
162
166.69999999925494
154
167.80000000074506
157.69999999925494
163
159.40000000037253
160.7000000011176
166.19999999925494
161.80000000074506
164.7999999988824
157.5
158.80000000074506
161.19999999925494
163.7000000011176
158.2999999988824
156.90000000037253
171.59999999962747
156.40000000037253
163.40000000037253
159.5
164.90000000037253
166.39999999850988
159
159.60000000149012
172.19999999925494
158.59999999962747
153.59999999962747
160.30000000074506
164.09999999962747
167.2000000011176
157.19999999925494
163.90000000037253
174.5
156.69999999925494
154.90000000037253
166.40000000037253
163.59999999962747
159
160.30000000074506
159.7999999988824
172.5
152.90000000037253
158
170.69999999925494
167.60000000149012
167.39999999850988
154
164.7000000011176
161.2999999988824
160.10000000149012
156.5
163.59999999962747
165.09999999962747
155.09999999962747
164.2000000011176
158.5
164
156.69999999925494
161.09999999962747
163.7000000011176
161.39999999850988
158.30000000074506
155.90000000037253
163.19999999925494
163.30000000074506
182.59999999962747
184
159.69999999925494
176.40000000037253
155.7000000011176
163.09999999962747
165.7999999988824
163.30000000074506
160.59999999962747
157.40000000037253
156.90000000037253
169.7999999988824
157.10000000149012
156.89999999850988
161.30000000074506
166
164.59999999962747
152
158.7000000011176
166.69999999925494
159.40000000037253
155.2999999988824
164
176
151.60000000149012
156.69999999925494
159.09999999962747
171.80000000074506
156.59999999962747
162.59999999962747
161.90000000037253
164.19999999925494
167.2000000011176
149.2999999988824
163.7000000011176
160.7999999988824
159.30000000074506
156.5
158.59999999962747
165.7000000011176
155.7999999988824
166.09999999962747
156.7000000011176
161.5
157.5
155.90000000037253
162.59999999962747
163.19999999925494
165.2000000011176
156.7999999988824
158.59999999962747
160.90000000037253
166
157.90000000037253
154.59999999962747
169.09999999962747
155.5
160.60000000149012
156.59999999962747
167.09999999962747
156.30000000074506
156.39999999850988
162.2000000011176
168.69999999925494
157.5
152.80000000074506
163.19999999925494
161.80000000074506
161
156.40000000037253
160.2999999988824
163.90000000037253
158.80000000074506
155.2999999988824
165.90000000037253
169
164
158.5
160.59999999962747
169.5
153.30000000074506
157.2999999988824
160.7000000011176
165.59999999962747
164.80000000074506
154.2999999988824
161.80000000074506
161.5
157.5
155.59999999962747
168.40000000037253
164.69999999925494
155.5
163.59999999962747
155.80000000074506
163.80000000074506
156.39999999850988
160.60000000149012
165.2999999988824
161.90000000037253
161.69999999925494
154.30000000074506
160.40000000037253
170.90000000037253
165.19999999925494
156.80000000074506
155.5
167.59999999962747
158.5
160.19999999925494
154.80000000074506
168.5
157.59999999962747
154.80000000074506
154.89999999850988
176.5
156.40000000037253
150.90000000037253
164.5
160.09999999962747
159
152.80000000074506
173.19999999925494
163.90000000037253
155.80000000074506
158.09999999962747
165.59999999962747
166.80000000074506
157.2999999988824
155.40000000037253
158.40000000037253
168.40000000037253
155.89999999850988
167
157.7000000011176
164.59999999962747
165
152.69999999925494
164.5
162
156.30000000074506
158.80000000074506
156.69999999925494
163.30000000074506
153.19999999925494
164.30000000074506
157.19999999925494
160.30000000074506
157.09999999962747
154
164.09999999962747
161.80000000074506
169.59999999962747
161.09999999962747
159.90000000037253
162.2999999988824
162.7000000011176
156.19999999925494
156.2000000011176
165.5
157.09999999962747
161.69999999925494
153.7000000011176
168.09999999962747
158.7999999988824
155.7000000011176
153.69999999925494
173.80000000074506
155.5
152.69999999925494
155.5
166.2000000011176
165.59999999962747
150.19999999925494
161.40000000037253
165.30000000074506
154.39999999850988
155.30000000074506
168.30000000074506
161.69999999925494
154.09999999962747
162.7000000011176
159.39999999850988
170
153.7000000011176
153.09999999962747
168.90000000037253
161.90000000037253
167.7999999988824
151
159
163.80000000074506
154.69999999925494
155.40000000037253
160.30000000074506
168.69999999925494
166.80000000074506
169.7999999988824
166.2000000011176
162.89999999850988
150.5
165.40000000037253
160
162.30000000074506
158.19999999925494
154.5
163.30000000074506
160.09999999962747
155.80000000074506
158.09999999962747
159.09999999962747
162.5
162.80000000074506
155
155.7999999988824
162.2000000011176
158.59999999962747
161.40000000037253
154.19999999925494
164.5
157.80000000074506
153.89999999850988
153.2000000011176
172.2999999988824
155.60000000149012
150.39999999850988
157.7000000011176
164.59999999962747
161
149.80000000074506
163
162.7999999988824
152.90000000037253
154
164.59999999962747
161.09999999962747
151
158
160.40000000037253
167
151.30000000074506
162.7999999988824
166.90000000037253
162.40000000037253
167.80000000074506
149.89999999850988
159.2000000011176
163.09999999962747
153.30000000074506
154.2999999988824
158.59999999962747
165.90000000037253
154
163.30000000074506
155.40000000037253
164.59999999962747
152.90000000037253
156.89999999850988
168.60000000149012
156.69999999925494
155.30000000074506
156.7999999988824
157.40000000037253
162.5
164
157.80000000074506
154.19999999925494
162.40000000037253
156.5
159.7999999988824
152.7000000011176
166.59999999962747
172.40000000037253
152.40000000037253
154.09999999962747
169
156.69999999925494
156
156.90000000037253
164.5
160.90000000037253
152.09999999962747
159.19999999925494
162.10000000149012
155.89999999850988
162.40000000037253
157.40000000037253
162.5
150.80000000074506
153.39999999850988
170.30000000074506
171.59999999962747
159
164.2000000011176
156.7999999988824
161
154.40000000037253
151.30000000074506
163.19999999925494
161.69999999925494
160
155.5
158.2000000011176
170.90000000037253
155.69999999925494
152.90000000037253
157.5
171.2999999988824
151.7000000011176
160.19999999925494
166.59999999962747
158.80000000074506
152.59999999962747
152.2000000011176
167.89999999850988
159
170.7000000011176
159.2999999988824
156.90000000037253
157.40000000037253
166.5
160.40000000037253
155.59999999962747
163.09999999962747
156.30000000074506
161.09999999962747
155.80000000074506
164.59999999962747
158.09999999962747
159.19999999925494
168.7000000011176
158
159.90000000037253
151.09999999962747
169.40000000037253
164.7999999988824
156.2000000011176
161.5
160.5
162.5
157.7999999988824
158
157.40000000037253
171.40000000037253
152.69999999925494
154.09999999962747
170.7000000011176
164.19999999925494
160
153.90000000037253
158.59999999962747
165.09999999962747
155.5
152.30000000074506
165.90000000037253
163.59999999962747
152.19999999925494
154.60000000149012
156.7999999988824
167.59999999962747
157.80000000074506
168.5
167.69999999925494
163
151.7000000011176
159.19999999925494
158.2000000011176
158.7999999988824
152.40000000037253
151.5
172.19999999925494
158.10000000149012
155.2999999988824
154.5
156.80000000074506
170.59999999962747
148.80000000074506
160
155.19999999925494
162.5
155.30000000074506
153.19999999925494
159.19999999925494
158.5
157.30000000074506
154.5
162.5
157.09999999962747
160.2000000011176
150.59999999962747
155.5
164.7999999988824
152.80000000074506
159.19999999925494
153.40000000037253
159.7000000011176
152.89999999850988
155.60000000149012
156.39999999850988
167.40000000037253
154.7000000011176
151.39999999850988
154.5
158.40000000037253
164
152.59999999962747
156.90000000037253
162.90000000037253
154.90000000037253
152.59999999962747
162.09999999962747
164.2000000011176
155.19999999925494
153.30000000074506
158.19999999925494
166.30000000074506
150.7999999988824
156.80000000074506
157.19999999925494
163
162.59999999962747
151.30000000074506
162.59999999962747
160.59999999962747
153.90000000037253
151.59999999962747
158.80000000074506
166.30000000074506
150.2999999988824
161.80000000074506
158.90000000037253
158.09999999962747
152.59999999962747
154.19999999925494
163.80000000074506
157.69999999925494
159.7000000011176
153.59999999962747
157
158.30000000074506
161.5
154.09999999962747
155.40000000037253
163.7999999988824
153.2000000011176
157.39999999850988
153
166.5
157.2000000011176
153.59999999962747
157.09999999962747
167.40000000037253
152.90000000037253
150
160.5
162.69999999925494
158.90000000037253
150.69999999925494
157.10000000149012
160
155.19999999925494
165.90000000037253
162.09999999962747
158.59999999962747
150.09999999962747
152.2000000011176
156.59999999962747
163.80000000074506
155
153
164.2999999988824
163.5
163.40000000037253
147.5
159.69999999925494
173.2000000011176
153.59999999962747
163.09999999962747
154.90000000037253
161.09999999962747
153.30000000074506
167.5
157.7999999988824
159.80000000074506
154.90000000037253
158.69999999925494
152.09999999962747
158.5
163.60000000149012
152.7999999988824
160.40000000037253
161
150.80000000074506
152.7999999988824
157.7000000011176
160.7999999988824
163
154.2000000011176
153.2999999988824
165.40000000037253
152.30000000074506
158.2999999988824
151
163.30000000074506
157.90000000037253
165
154.09999999962747
169.69999999925494
168.80000000074506
177.59999999962747
183.5
180.5
159.19999999925494
149.90000000037253
157.5
170.90000000037253
157.5
149.69999999925494
160.5
162.40000000037253
148
154.90000000037253
156.59999999962747
170.30000000074506
150
154
153.69999999925494
158.5
161.7000000011176
147.39999999850988
157.30000000074506
155.30000000074506
156
152.39999999850988
154.90000000037253
158.90000000037253
152
162.80000000074506
156.19999999925494
156.19999999925494
151.80000000074506
153.69999999925494
159.60000000149012
159.89999999850988
157.5
152.7000000011176
153
155.90000000037253
162.19999999925494
151.69999999925494
150.30000000074506
164.19999999925494
153.30000000074506
156.59999999962747
151.2000000011176
161.09999999962747
152.59999999962747
153.5
157.69999999925494
165.7000000011176
153
149.7999999988824
158.10000000149012
160.69999999925494
158.59999999962747
151.2000000011176
155.39999999850988
160
154.60000000149012
151
163.89999999850988
160.5
151.60000000149012
149.5
153.7999999988824
163.80000000074506
149.69999999925494
152.2000000011176
158.09999999962747
165.19999999925494
161.2000000011176
147.09999999962747
173
159.2999999988824
150.7000000011176
152.90000000037253
156.69999999925494
162.59999999962747
149.7000000011176
161
152.39999999850988
159.10000000149012
151.39999999850988
154
164.10000000149012
158.59999999962747
153.69999999925494
149.90000000037253
156.59999999962747
157
161
151.80000000074506
155.40000000037253
159.7999999988824
150.90000000037253
158.69999999925494
157
161.7000000011176
149.19999999925494
155.5
153.7000000011176
165.69999999925494
153.80000000074506
152.59999999962747
160.40000000037253
160.5
158.7999999988824
151.30000000074506
153.90000000037253
170.89999999850988
151.80000000074506
156.69999999925494
163
161.80000000074506
150.09999999962747
153.80000000074506
155.09999999962747
164
153
153.19999999925494
165.60000000149012
158.7999999988824
159.59999999962747
146.40000000037253
162
158.2000000011176
155.09999999962747
150.09999999962747
153.69999999925494
159.2000000011176
156
152.19999999925494
155.09999999962747
158.60000000149012
149.2999999988824
151.2000000011176
162.19999999925494
171.40000000037253
149.7999999988824
155.30000000074506
156.5
158.80000000074506
155.5
152.2999999988824
154.90000000037253
157.90000000037253
152.40000000037253
150.7999999988824
159.2000000011176
159.09999999962747
150.2999999988824
150.7000000011176
156.69999999925494
171.09999999962747
152.90000000037253
151.59999999962747
161.5
168.2000000011176
153.2999999988824
154.2000000011176
158
160
150.2999999988824
152
157.7000000011176
161.09999999962747
152.09999999962747
150.2000000011176
153.39999999850988
165.10000000149012
153.19999999925494
147.90000000037253
154
160.19999999925494
170.80000000074506
152
155.90000000037253
158.09999999962747
151.09999999962747
148.09999999962747
157.90000000037253
165.09999999962747
152.09999999962747
147.80000000074506
157.59999999962747
159.40000000037253
159.19999999925494
149
160.80000000074506
159.40000000037253
152.69999999925494
149.5
155.2000000011176
166.5
152.59999999962747
152.69999999925494
155.5
159.30000000074506
150.7999999988824
147.90000000037253
161.59999999962747
160.60000000149012
150.59999999962747
152.19999999925494
154
169.7000000011176
147.69999999925494
153.19999999925494
152.5
161.40000000037253
160.30000000074506
147.40000000037253
160
157.39999999850988
153.5
153.7000000011176
156.7999999988824
159.80000000074506
149.59999999962747
159.59999999962747
153.60000000149012
156.69999999925494
153.59999999962747
152.40000000037253
159.90000000037253
165.90000000037253
151.39999999850988
151.7000000011176
156.40000000037253
154.89999999850988
161.5
152.30000000074506
149.69999999925494
160.2000000011176
151.5
157.5
149.2999999988824
161.30000000074506
161.59999999962747
149.5
152.80000000074506
168.09999999962747
152.5
147.59999999962747
154.90000000037253
160
156.5
148
156.30000000074506
170.7999999988824
150.30000000074506
163.59999999962747
150.09999999962747
159.90000000037253
150.59999999962747
151.2000000011176
152.89999999850988
167
158.10000000149012
166.69999999925494
152.09999999962747
162.59999999962747
151.5
147.60000000149012
158.39999999850988
162.5
153.80000000074506
149.59999999962747
151.09999999962747
167.40000000037253
148
150.59999999962747
156.30000000074506
172.40000000037253
148.2999999988824
159.40000000037253
157.80000000074506
154.09999999962747
150.19999999925494
154.90000000037253
159.5
153.90000000037253
152.90000000037253
150
154.59999999962747
156.30000000074506
157.19999999925494
150.69999999925494
151.60000000149012
156.7999999988824
149
153.90000000037253
153.69999999925494
173.5
156.10000000149012
149.2999999988824
173.90000000037253
153.90000000037253
148.2999999988824
148.7000000011176
157.40000000037253
158.39999999850988
149.80000000074506
152.30000000074506
152.19999999925494
167.90000000037253
149
155.59999999962747
151.5
158
153.90000000037253
152.40000000037253
164.59999999962747
160.2999999988824
154.7000000011176
150.59999999962747
161.19999999925494
161.10000000149012
145.39999999850988
151.7000000011176
153.09999999962747
170.69999999925494
145.7000000011176
162.09999999962747
155.40000000037253
158.19999999925494
148.90000000037253
156.90000000037253
156.09999999962747
155.40000000037253
154.19999999925494
149.7000000011176
157.69999999925494
167.19999999925494
173.30000000074506
152.80000000074506
153.5
154
158.7999999988824
154.40000000037253
154.19999999925494
159.10000000149012
153.59999999962747
159.09999999962747
150.30000000074506
156.59999999962747
151.90000000037253
155.59999999962747
163.19999999925494
157.09999999962747
156.40000000037253
148.09999999962747
154.5
162.5
151.80000000074506
153.19999999925494
154.60000000149012
170.69999999925494
149.30000000074506
151.09999999962747
155
159.2999999988824
154.30000000074506
153.40000000037253
157.59999999962747
157.80000000074506
152
147.39999999850988
162.40000000037253
159.40000000037253
150.59999999962747
153
152.40000000037253
165.59999999962747
148.90000000037253
149.59999999962747
163.40000000037253
163.09999999962747
148.5
158
158.2000000011176
162.7999999988824
151.7000000011176
149.2999999988824
163.80000000074506
155.40000000037253
148.69999999925494
151.30000000074506
157.2999999988824
155.40000000037253
158
158.5
150.30000000074506
156.89999999850988
153.10000000149012
157.5
150.69999999925494
157.80000000074506
155.5
150.39999999850988
167.40000000037253
157.7000000011176
150
149
154.39999999850988
163.2000000011176
150.19999999925494
158.2000000011176
185.19999999925494
168.19999999925494
153.60000000149012
150.7999999988824
158
156.30000000074506
156.90000000037253
149.39999999850988
167.90000000037253
163.80000000074506
152.2999999988824
150.2000000011176
160.2999999988824
156.40000000037253
150.30000000074506
150
153.40000000037253
163.69999999925494
149.90000000037253
150
164
164.5
149.69999999925494
155.40000000037253
157.19999999925494
158.30000000074506
151.30000000074506
153.59999999962747
159.19999999925494
153.30000000074506
152.19999999925494
157.30000000074506
152.7999999988824
165.90000000037253
146.5
153.7000000011176
148.5
156.89999999850988
153.40000000037253
152
153.2000000011176
165.59999999962747
159.69999999925494
147.80000000074506
157
157
151.19999999925494
153.59999999962747
153.5
159.5
148.10000000149012
153.19999999925494
150.69999999925494
169.10000000149012
151.89999999850988
146.5
154.60000000149012
156.89999999850988
157.2000000011176
146
158.2999999988824
174.40000000037253
151.30000000074506
147.40000000037253
159.39999999850988
161.30000000074506
149.80000000074506
157
154.19999999925494
163.30000000074506
146.89999999850988
148.80000000074506
153.90000000037253
157.7999999988824
150.2000000011176
157.09999999962747
156.69999999925494
155.40000000037253
148.59999999962747
149.5
160.40000000037253
157
162.59999999962747
160.10000000149012
155
171.5
147.19999999925494
153.19999999925494
157.60000000149012
158.09999999962747
150.09999999962747
151.09999999962747
157.90000000037253
154.90000000037253
156.40000000037253
151.19999999925494
158.80000000074506
156.89999999850988
150
158
151.30000000074506
157.59999999962747
152.59999999962747
152.40000000037253
152.09999999962747
167.30000000074506
151.5
147.30000000074506
151.89999999850988
158
154.7000000011176
149.2999999988824
157.2000000011176
155
151.5
147.5
166.7999999988824
155.30000000074506
146.40000000037253
158.59999999962747
154.59999999962747
163.40000000037253
145.5
152
161.5
158.30000000074506
147.2999999988824
155.7000000011176
155.5
155.59999999962747
152.5
150
157.69999999925494
158.30000000074506
149.69999999925494
149.80000000074506
151.40000000037253
169
143.39999999850988
149.40000000037253
151.40000000037253
156
149.80000000074506
149.59999999962747
154
156.2999999988824
158.5
151.10000000149012
149.09999999962747
158.90000000037253
150.39999999850988
156.60000000149012
147.69999999925494
160
150.40000000037253
150.09999999962747
148.69999999925494
164.30000000074506
157.69999999925494
146.2000000011176
152.40000000037253
158.7999999988824
156.2000000011176
145.7999999988824
171.2000000011176
162.39999999850988
151.2000000011176
160.5
151.2999999988824
165.60000000149012
146.7999999988824
161.80000000074506
153.7999999988824
157.5
156.60000000149012
151.19999999925494
151.19999999925494
159.90000000037253
151.90000000037253
150.30000000074506
160.7999999988824
156.40000000037253
148.90000000037253
148.5
150.59999999962747
166.59999999962747
149.09999999962747
149.30000000074506
154.30000000074506
160
146.59999999962747
155.09999999962747
153.69999999925494
156.80000000074506
149.40000000037253
152.09999999962747
158.40000000037253
154.09999999962747
161.30000000074506
150.2999999988824
154.2000000011176
154.69999999925494
157.59999999962747
158.5
148.09999999962747
160
149.2000000011176
155.5
151.59999999962747
157.30000000074506
163.5
148.19999999925494
152.5
154.90000000037253
151.7999999988824
148.90000000037253
157.09999999962747
153.7000000011176
154.90000000037253
149.2999999988824
156.59999999962747
153.40000000037253
146.7000000011176
147.7999999988824
160
151.40000000037253
150.90000000037253
147.2999999988824
159.90000000037253
154.7000000011176
154.39999999850988
146.80000000074506
153.5
155.90000000037253
147.7999999988824
156.30000000074506
161.40000000037253
152.90000000037253
147.69999999925494
146.59999999962747
153.5
160.30000000074506
150.5
147.7999999988824
154.2000000011176
157.59999999962747
146.69999999925494
153.40000000037253
152.5
159.90000000037253
145.59999999962747
147.59999999962747
157.80000000074506
156.19999999925494
147.7000000011176
148.2999999988824
152.90000000037253
159.09999999962747
144
157.7000000011176
150.09999999962747
156.69999999925494
146.80000000074506
152.59999999962747
158.80000000074506
153.7999999988824
145.90000000037253
147.90000000037253
153.19999999925494
156.10000000149012
154.19999999925494
148.5
155.80000000074506
154.59999999962747
147.59999999962747
147.5
154.59999999962747
158.7000000011176
149.39999999850988
148.5
150.2000000011176
163.90000000037253
147.19999999925494
149.90000000037253
160.09999999962747
166.80000000074506
148.2999999988824
147.40000000037253
157.90000000037253
157.09999999962747
150
149.30000000074506
152.69999999925494
160.69999999925494
147.80000000074506
149.09999999962747
152.5
157
152.90000000037253
154.59999999962747
150.80000000074506
153.2999999988824
148.80000000074506
147.5
151
165
151.30000000074506
146.2999999988824
168.80000000074506
157
157.90000000037253
145.39999999850988
157
159.80000000074506
156.59999999962747
149.40000000037253
150.40000000037253
161.40000000037253
148.5
152.69999999925494
152.5
154.90000000037253
157.69999999925494
151.59999999962747
149.10000000149012
156.59999999962747
153.69999999925494
149.7000000011176
147.69999999925494
163.90000000037253
149.69999999925494
147.2000000011176
149.2999999988824
158.80000000074506
161.2999999988824
147.60000000149012
151.59999999962747
158.19999999925494
149.40000000037253
148.09999999962747
165.59999999962747
155.60000000149012
150.59999999962747
150.90000000037253
150.5
153.69999999925494
154.09999999962747
155.7000000011176
151.2999999988824
154.2000000011176
148.39999999850988
156.90000000037253
147.90000000037253
159.5
152
148.40000000037253
152
156.7999999988824
154.60000000149012
148.7999999988824
153
158.40000000037253
148.80000000074506
154.39999999850988
155.10000000149012
154.59999999962747
148.09999999962747
151.59999999962747
159.2000000011176
162.69999999925494
147.5
148.90000000037253
154.69999999925494
157.80000000074506
148.09999999962747
158.90000000037253
152.40000000037253
156.39999999850988
152.2000000011176
148.19999999925494
160
155.30000000074506
152.40000000037253
147.19999999925494
150.90000000037253
153.59999999962747
148.5
153.90000000037253
150.7999999988824
156.80000000074506
149.09999999962747
148.40000000037253
154.09999999962747
160.40000000037253
147.80000000074506
147.19999999925494
154.5
155.09999999962747
146
154.7000000011176
151.5
155.19999999925494
146.09999999962747
152.59999999962747
157.10000000149012
157.39999999850988
148.5
147.5
152.60000000149012
155.2999999988824
156.09999999962747
147.7000000011176
161.5
163.09999999962747
146
147.19999999925494
160.10000000149012
167.2999999988824
143.59999999962747
151.90000000037253
153.5
162.59999999962747
144.10000000149012
163.39999999850988
158
162.10000000149012
144.39999999850988
149
157.40000000037253
156.09999999962747
148.90000000037253
151.7000000011176
152.5
155.89999999850988
150.10000000149012
149.2999999988824
151.5
157.30000000074506
151.7999999988824
143.80000000074506
155.80000000074506
157.69999999925494
146.69999999925494
146.90000000037253
155.2000000011176
164.59999999962747
153.09999999962747
144.5
154.30000000074506
156.5
148.7999999988824
147.90000000037253
159.5
157
147.09999999962747
148
153.09999999962747
161.7000000011176
152.40000000037253
150
149.2999999988824
158.09999999962747
147.5
152.40000000037253
151.7000000011176
157.7999999988824
150.90000000037253
149.40000000037253
149.09999999962747
163.90000000037253
148.40000000037253
150
148.69999999925494
160.40000000037253
152.40000000037253
150.69999999925494
146.19999999925494
154.30000000074506
145.30000000074506
153.39999999850988
151.10000000149012
162.69999999925494
149.59999999962747
151.80000000074506
147.5
156.59999999962747
153.59999999962747
152.2000000011176
147.89999999850988
158.10000000149012
148.2999999988824
149.40000000037253
153
153.40000000037253
149.90000000037253
150.2999999988824
152
151.90000000037253
152.40000000037253
148.59999999962747
152.19999999925494
156.60000000149012
146.7999999988824
154.7000000011176
150
153.69999999925494
146.80000000074506
149.19999999925494
154.40000000037253
156.09999999962747
154.09999999962747
148.30000000074506
149.90000000037253
151.7999999988824
149.7000000011176
154.19999999925494
150.69999999925494
157.40000000037253
147.30000000074506
148.90000000037253
149.5
161
154.69999999925494
148.40000000037253
152.09999999962747
158.80000000074506
146.09999999962747
152.69999999925494
154.90000000037253
159.80000000074506
144.89999999850988
149.60000000149012
156.59999999962747
155.19999999925494
147
150.40000000037253
153
156
147.69999999925494
154.2000000011176
148.5
155.69999999925494
147.80000000074506
151
157.90000000037253
155.69999999925494
146
147.90000000037253
152.90000000037253
157.2999999988824
154.40000000037253
146.59999999962747
153.90000000037253
155.19999999925494
150.5
144.60000000149012
155.39999999850988
157.2000000011176
151.09999999962747
146.40000000037253
150.2999999988824
165
149.80000000074506
146.30000000074506
153.2999999988824
152.80000000074506
150.19999999925494
148
157
168
154.7000000011176
146.59999999962747
151
163.90000000037253
150.2999999988824
145.7000000011176
158.69999999925494
156.80000000074506
149.59999999962747
149.59999999962747
152.09999999962747
160.2000000011176
148.89999999850988
165.30000000074506
146.59999999962747
164
147.7000000011176
149.5
148.59999999962747
160.69999999925494
158.59999999962747
144.60000000149012
154.39999999850988
155.60000000149012
147.59999999962747
146.5
150.09999999962747
162.19999999925494
147.80000000074506
151.69999999925494
146.90000000037253
162.2000000011176
159.09999999962747
146.59999999962747
149.19999999925494
157.40000000037253
149.5
148.7000000011176
152.59999999962747
159.40000000037253
148.5
153.2999999988824
147.59999999962747
158.30000000074506
154.09999999962747
153
148.40000000037253
155.80000000074506
147.09999999962747
152.90000000037253
153
156.39999999850988
154.30000000074506
146.19999999925494
150.80000000074506
151.80000000074506
152.7999999988824
152
157
153.90000000037253
147.90000000037253
153.40000000037253
150.7999999988824
154.80000000074506
150.69999999925494
147
153.40000000037253
155.5
151.40000000037253
146.59999999962747
154.69999999925494
156.90000000037253
153
153
152.5
152.30000000074506
147.69999999925494
147.30000000074506
158.90000000037253
159.19999999925494
147.5
147.90000000037253
151.7999999988824
155
148.2000000011176
154.5
153
154.69999999925494
146.09999999962747
146.2000000011176
159.59999999962747
156.09999999962747
150.90000000037253
148.80000000074506
152.2999999988824
155.7000000011176
144.19999999925494
154.90000000037253
151.90000000037253
158.59999999962747
145.19999999925494
158.90000000037253
157.69999999925494
154.60000000149012
145.2999999988824
147.2000000011176
154.19999999925494
159
148.30000000074506
150.59999999962747
151.40000000037253
155.69999999925494
144.40000000037253
150.7999999988824
157.2000000011176
155
145.7999999988824
146.80000000074506
150.90000000037253
163.90000000037253
145.5
162.69999999925494
151.09999999962747
158.09999999962747
146.2000000011176
148.2999999988824
156.2000000011176
154.5
146.2999999988824
148.30000000074506
150.59999999962747
151.7000000011176
148.09999999962747
148.59999999962747
157.19999999925494
157.80000000074506
151.5
148.80000000074506
157.5
156.89999999850988
148.2000000011176
147.59999999962747
153.40000000037253
155.7999999988824
153.80000000074506
147.5
150.40000000037253
155.7999999988824
152.30000000074506
152.80000000074506
157.09999999962747
153.40000000037253
149.19999999925494
147.09999999962747
151.90000000037253
164.09999999962747
152.7000000011176
146.2999999988824
150.5
156.59999999962747
148
153.7000000011176
153.59999999962747
163.09999999962747
147.59999999962747
150.60000000149012
146.89999999850988
163.10000000149012
148.2999999988824
152.40000000037253
149.09999999962747
155.09999999962747
154.60000000149012
152.69999999925494
146.90000000037253
154.90000000037253
154
155.7999999988824
147.09999999962747
162.7000000011176
150.69999999925494
149.80000000074506
150.90000000037253
160.5
154.19999999925494
151.59999999962747
147.80000000074506
160.40000000037253
146.5
149.7999999988824
156.5
157.59999999962747
148.80000000074506
148.30000000074506
148.5
154.39999999850988
164
154.5
176.5
162.5
155.60000000149012
162.7999999988824
164.90000000037253
169.5
152.30000000074506
148.2999999988824
152.7000000011176
156.7999999988824
157.7000000011176
147
149.89999999850988
158.30000000074506
147
153
153.40000000037253
162.90000000037253
147.5
146.69999999925494
153.59999999962747
156.30000000074506
148.69999999925494
149
160.09999999962747
152.30000000074506
149.80000000074506
155.59999999962747
154.90000000037253
154.2999999988824
165.80000000074506
146.19999999925494
156
156.5
159.2000000011176
146.19999999925494
149.69999999925494
158.30000000074506
146.80000000074506
153.7999999988824
150.40000000037253
161
150
149.09999999962747
158.09999999962747
161.40000000037253
147.2000000011176
147.5
154.2999999988824
158.80000000074506
145.2999999988824
155.30000000074506
149.5
157.5
146.09999999962747
152.09999999962747
163.60000000149012
158.39999999850988
145.30000000074506
148.59999999962747
150.30000000074506
157.09999999962747
154.09999999962747
149
151.80000000074506
157.5
143.90000000037253
148.89999999850988
157.60000000149012
167
152.39999999850988
145.90000000037253
154.30000000074506
164.40000000037253
144.2999999988824
148.7000000011176
156.09999999962747
155.19999999925494
144.30000000074506
148.90000000037253
157.2999999988824
153.90000000037253
149.90000000037253
152.2999999988824
150.90000000037253
154.90000000037253
148.90000000037253
149.40000000037253
164.39999999850988
159.40000000037253
151.5
144.5
159.30000000074506
157.09999999962747
149.59999999962747
145.2000000011176
154
159.59999999962747
153.2999999988824
143.40000000037253
153.09999999962747
154.2000000011176
148.09999999962747
154
164.69999999925494
157.2000000011176
151.59999999962747
147.30000000074506
156.5
160.2999999988824
152
149.09999999962747
151.10000000149012
156.19999999925494
148.09999999962747
150.59999999962747
151.80000000074506
160
150.59999999962747
149.09999999962747
148.60000000149012
160
155.39999999850988
149
149.7000000011176
157.59999999962747
152.90000000037253
152.59999999962747
148.09999999962747
158.2000000011176
146
151.2999999988824
150.40000000037253
162.19999999925494
148.60000000149012
156.2999999988824
148.2000000011176
157
154.09999999962747
154.59999999962747
148.30000000074506
155.39999999850988
148.10000000149012
149.89999999850988
154.30000000074506
157.80000000074506
150.59999999962747
149.2999999988824
156.80000000074506
152.19999999925494
151.7000000011176
155.5
154.19999999925494
156.2000000011176
147.39999999850988
155.80000000074506
151.40000000037253
150.09999999962747
147.40000000037253
151.19999999925494
154.5
156.59999999962747
155.7000000011176
151.09999999962747
150.90000000037253
154.59999999962747
148.09999999962747
161.09999999962747
152.60000000149012
152.59999999962747
151
147.90000000037253
152.59999999962747
160.19999999925494
151.30000000074506
148.59999999962747
151.5
156.80000000074506
144.5
154.39999999850988
150.10000000149012
162
146.09999999962747
150.2999999988824
158.90000000037253
154.30000000074506
148.19999999925494
148.09999999962747
152.10000000149012
159.19999999925494
147.69999999925494
154.60000000149012
152.59999999962747
159.2999999988824
147.2000000011176
150.40000000037253
157
157.39999999850988
147.2000000011176
146.69999999925494
155.40000000037253
159.5
155.5
147.90000000037253
150.69999999925494
156.90000000037253
150.5
152.90000000037253
155.59999999962747
160.40000000037253
149.69999999925494
154.59999999962747
152.10000000149012
158.89999999850988
148.30000000074506
147.80000000074506
154.39999999850988
155.10000000149012
149
143.5
154.59999999962747
157
151.09999999962747
148.59999999962747
151.30000000074506
160.2999999988824
149
146
154.30000000074506
157.5
154.5
151.69999999925494
150.40000000037253
157.2000000011176
148.2999999988824
147.90000000037253
154
163.19999999925494
154
145.5
156
157.2000000011176
177.5
164.2999999988824
160.5
160.30000000074506
152.69999999925494
147.5
148
159.80000000074506
147.5
149.69999999925494
148
156.90000000037253
156.5
151
145.80000000074506
155.90000000037253
149.2999999988824
150.40000000037253
148.40000000037253
165.7999999988824
147.7000000011176
149.5
149.19999999925494
159.5
155.5
148.2000000011176
149.69999999925494
157
147
148
157.09999999962747
153.90000000037253
146.09999999962747
149.59999999962747
152.7000000011176
156.40000000037253
152.09999999962747
152.5
155
150.59999999962747
147
154.90000000037253
151.40000000037253
155.7999999988824
149.7000000011176
146.7999999988824
152.7000000011176
151
155.59999999962747
145.69999999925494
156.2000000011176
155.2999999988824
149.40000000037253
150.80000000074506
151.09999999962747
155.5
147.2999999988824
145.5
155.40000000037253
160.90000000037253
147.40000000037253
149.5
151.69999999925494
152.7000000011176
148.89999999850988
153.10000000149012
154.69999999925494
152
152
148.59999999962747
158.30000000074506
153.40000000037253
170.7999999988824
146.2000000011176
152.5
152.89999999850988
147.40000000037253
151.5
150.90000000037253
162.5
145
145.59999999962747
157.09999999962747
157.5
142.40000000037253
147.40000000037253
153.30000000074506
162.39999999850988
144.90000000037253
169
153.40000000037253
155.09999999962747
144.59999999962747
159.10000000149012
156.59999999962747
155.90000000037253
143.09999999962747
147.90000000037253
149.89999999850988
152.7000000011176
155.09999999962747
148.30000000074506
149.7999999988824
158.5
149.7000000011176
143.89999999850988
154.5
157.90000000037253
148.90000000037253
152
151.19999999925494
162.90000000037253
148.09999999962747
144.5
156.5
153.90000000037253
149.80000000074506
145.59999999962747
158.09999999962747
158.59999999962747
148.30000000074506
149.09999999962747
150.80000000074506
160.09999999962747
149.69999999925494
147.80000000074506
152.30000000074506
153.89999999850988
151.40000000037253
151.30000000074506
152.59999999962747
155.69999999925494
149
148.40000000037253
146.30000000074506
163.5
147.59999999962747
148.40000000037253
149.19999999925494
157.40000000037253
152.69999999925494
146.60000000149012
152.09999999962747
154.59999999962747
147.09999999962747
152.80000000074506
148.90000000037253
161.5
155
154.5
147.69999999925494
155.69999999925494
152.80000000074506
148.5
146.59999999962747
155.09999999962747
154.2000000011176
145.7999999988824
153.7000000011176
157.5
148
146.90000000037253
150.7999999988824
157.09999999962747
151.7000000011176
146.90000000037253
152.5
151
147.5
153.89999999850988
156.80000000074506
152.90000000037253
147
148.40000000037253
150.5
152.5
152.89999999850988
153
151.2000000011176
150.09999999962747
150.59999999962747
153.40000000037253
150.5
152.90000000037253
153.40000000037253
147.2999999988824
149.7000000011176
160
149.59999999962747
147.09999999962747
148.40000000037253
159.2999999988824
150.7000000011176
155.09999999962747
151.30000000074506
156.59999999962747
147.19999999925494
145.2000000011176
164.7999999988824
149.09999999962747
148
149.40000000037253
151
154.7000000011176
147.59999999962747
158.5
148.90000000037253
155
147.2999999988824
148.09999999962747
154.7000000011176
156
148.69999999925494
146.80000000074506
147.90000000037253
155.2999999988824
153
148.09999999962747
150.7000000011176
159.5
147
147.90000000037253
157.09999999962747
154.7999999988824
146.10000000149012
148.5
155.2999999988824
162.09999999962747
149.7000000011176
148
149.09999999962747
156.5
149.5
148.30000000074506
154
154.69999999925494
149.40000000037253
145.5
151.5
160.40000000037253
152.19999999925494
146.59999999962747
148.80000000074506
155.69999999925494
148.90000000037253
144.30000000074506
155.5
159.19999999925494
147.90000000037253
145.09999999962747
154
160.19999999925494
148.2000000011176
143.90000000037253
152.89999999850988
154.2000000011176
145.7999999988824
151.40000000037253
151.7000000011176
154.69999999925494
147.80000000074506
159.5
146.7999999988824
159
148
148.5
145.30000000074506
154.09999999962747
158
145.69999999925494
149.10000000149012
158.59999999962747
146.5
147.09999999962747
147
170.59999999962747
146.7000000011176
156.5
149
156.89999999850988
156.40000000037253
146.09999999962747
151.5
158
148
149.7000000011176
151.7999999988824
165.40000000037253
147.59999999962747
160.40000000037253
146.59999999962747
155.5
155.80000000074506
147.09999999962747
145.90000000037253
154.69999999925494
149.90000000037253
152.80000000074506
148.69999999925494
157.80000000074506
147
150.90000000037253
150.09999999962747
156.5
151
145.59999999962747
152.80000000074506
157.2999999988824
145.90000000037253
152.19999999925494
154.60000000149012
152.2999999988824
147.09999999962747
149.60000000149012
149.2999999988824
157.09999999962747
147.7000000011176
150.90000000037253
150.59999999962747
151.59999999962747
148.80000000074506
151.5
148.19999999925494
150.19999999925494
149.90000000037253
147.7000000011176
154.69999999925494
152.80000000074506
150.59999999962747
148.40000000037253
148.19999999925494
153.69999999925494
146.90000000037253
152.09999999962747
150.90000000037253
154.90000000037253
145.90000000037253
145.7999999988824
155
154.10000000149012
151.09999999962747
157.90000000037253
148.69999999925494
163.90000000037253
178.5
155.19999999925494
150.30000000074506
154.09999999962747
149.69999999925494
145
148.30000000074506
159.80000000074506
146
146.2999999988824
150
157
144.59999999962747
150.90000000037253
149.80000000074506
163.7999999988824
143
145.30000000074506
156.90000000037253
156.09999999962747
144.30000000074506
145.5
154.69999999925494
154.09999999962747
150.90000000037253
148.5
148.69999999925494
154.60000000149012
146.2999999988824
162.40000000037253
154.90000000037253
162.90000000037253
149.09999999962747
151.7999999988824
150.30000000074506
158.69999999925494
146.2000000011176
147.09999999962747
164.90000000037253
167
146.2999999988824
141.80000000074506
155.09999999962747
156.2000000011176
146.09999999962747
142.69999999925494
152.5
160.7000000011176
146.2999999988824
143.30000000074506
154.7999999988824
154.2000000011176
145.69999999925494
151
152.80000000074506
154.2999999988824
146.60000000149012
145.39999999850988
149.80000000074506
159.90000000037253
147.40000000037253
144.39999999850988
152
153.90000000037253
154.59999999962747
142.2000000011176
155.59999999962747
158.5
146
145
145.69999999925494
161.60000000149012
144.89999999850988
147.10000000149012
151.89999999850988
164.80000000074506
155
148.09999999962747
147.2000000011176
153.19999999925494
147.5
147.80000000074506
146
159.09999999962747
145.59999999962747
151.09999999962747
146.7000000011176
155.89999999850988
153.30000000074506
146.80000000074506
149.7999999988824
154.40000000037253
152.19999999925494
145.7000000011176
152.40000000037253
157
144.89999999850988
144.30000000074506
149.90000000037253
159.5
151.90000000037253
162.09999999962747
148.59999999962747
153.90000000037253
144.5
152.69999999925494
151
153.80000000074506
147.2999999988824
147.60000000149012
148.59999999962747
149.2999999988824
151.2000000011176
150.69999999925494
150.59999999962747
150.7000000011176
146.5
154
148.7999999988824
149.10000000149012
148.2999999988824
145.7000000011176
151.19999999925494
158.30000000074506
144.09999999962747
146.5
149.90000000037253
154.5
147.5
150.19999999925494
159.19999999925494
152
144.90000000037253
146
159.80000000074506
158
144.90000000037253
147.7999999988824
165.40000000037253
149.69999999925494
145.10000000149012
157.89999999850988
147.30000000074506
151.30000000074506
145.69999999925494
146.19999999925494
147.10000000149012
151.5
151.09999999962747
144.90000000037253
147.89999999850988
159.30000000074506
142.30000000074506
151.19999999925494
149.40000000037253
158.5
142
147.5
148.19999999925494
158.80000000074506
141.09999999962747
149.19999999925494
152.90000000037253
154.80000000074506
141.90000000037253
151.2999999988824
153.7000000011176
152
143.5
149.89999999850988
156.60000000149012
154.09999999962747
143.40000000037253
147.09999999962747
147.90000000037253
154.39999999850988
153.30000000074506
145.80000000074506
149.09999999962747
153.5
148
144.7999999988824
154.30000000074506
159.30000000074506
146
144.39999999850988
149.10000000149012
160.2999999988824
145.2000000011176
146.2999999988824
162.30000000074506
160.40000000037253
144.89999999850988
146.40000000037253
157.30000000074506
155.09999999962747
146.59999999962747
154.40000000037253
149.5
158.30000000074506
144.59999999962747
145.69999999925494
148.09999999962747
154.80000000074506
149.5
150.09999999962747
148.40000000037253
153.19999999925494
153.10000000149012
144.89999999850988
150.10000000149012
161.69999999925494
145.59999999962747
148.30000000074506
147.19999999925494
156.7000000011176
155.19999999925494
142.69999999925494
156
151.40000000037253
146.5
147.90000000037253
146.59999999962747
161.40000000037253
144.5
151.80000000074506
146.7999999988824
154.90000000037253
152.59999999962747
148.09999999962747
144.5
153.30000000074506
152.30000000074506
148
152.89999999850988
154.5
147.60000000149012
148.19999999925494
144.80000000074506
158.69999999925494
151.5
147.40000000037253
147.09999999962747
155.69999999925494
144.30000000074506
154.19999999925494
157.30000000074506
154.90000000037253
152.59999999962747
148.09999999962747
147.40000000037253
153.19999999925494
152.30000000074506
148.90000000037253
147.7999999988824
155.10000000149012
145.39999999850988
146.80000000074506
150.40000000037253
153.40000000037253
148.59999999962747
148.2999999988824
149.7000000011176
152.09999999962747
152.80000000074506
146.09999999962747
148.19999999925494
152
147.59999999962747
146.60000000149012
155
150.19999999925494
145.09999999962747
144.7000000011176
152.2999999988824
154.09999999962747
164.60000000149012
148.19999999925494
149.09999999962747
151.80000000074506
145.09999999962747
160.40000000037253
151.7999999988824
148.10000000149012
146.59999999962747
147.40000000037253
147.19999999925494
156.59999999962747
148.7000000011176
147.69999999925494
149.40000000037253
155.59999999962747
142.59999999962747
151.30000000074506
148
157.19999999925494
144.40000000037253
146.69999999925494
154.30000000074506
147.69999999925494
148.30000000074506
160.80000000074506
153.89999999850988
156.30000000074506
144.69999999925494
152.60000000149012
147
157.19999999925494
143
150.80000000074506
154.5
154.7999999988824
142
162.2000000011176
150.59999999962747
155.7999999988824
153.80000000074506
147.5
147.5
154.80000000074506
142.39999999850988
146.80000000074506
153.69999999925494
154.40000000037253
143.5
145.40000000037253
147.19999999925494
160.10000000149012
144.39999999850988
148.60000000149012
152
164.39999999850988
155.30000000074506
143.19999999925494
153.10000000149012
152.19999999925494
146.80000000074506
143.5
147.7999999988824
157.80000000074506
147.40000000037253
142.89999999850988
150.2000000011176
152.40000000037253
147.59999999962747
147
154.90000000037253
154.5
148.19999999925494
144.90000000037253
152.59999999962747
161.30000000074506
146.39999999850988
142.80000000074506
152.40000000037253
151.09999999962747
147.80000000074506
151.2999999988824
155.30000000074506
152
145.19999999925494
149.09999999962747
146.5
159.30000000074506
145
147.5
145.09999999962747
155.5
153.2000000011176
146.5
147
152.39999999850988
149.2000000011176
147.7999999988824
146.40000000037253
159.5
145.90000000037253
147.90000000037253
145.2999999988824
155.2000000011176
152.90000000037253
157
152.69999999925494
160.69999999925494
148.30000000074506
146.5
154.69999999925494
154.80000000074506
145.69999999925494
148.60000000149012
149
156.39999999850988
151
148.90000000037253
151.5
152.09999999962747
147.60000000149012
153.2999999988824
147.90000000037253
154
148.90000000037253
145.59999999962747
150.90000000037253
152.19999999925494
151.80000000074506
162
149
168.59999999962747
147.40000000037253
152.69999999925494
151
153
159.59999999962747
146.5
154
156.60000000149012
148.09999999962747
156
148.7999999988824
154
146.90000000037253
153.2000000011176
152.19999999925494
153.69999999925494
148.80000000074506
146.30000000074506
155.5
148.7999999988824
148.09999999962747
146.40000000037253
151.5
151.40000000037253
146.59999999962747
154.30000000074506
149.19999999925494
160.5
169.2000000011176
145.89999999850988
147.80000000074506
157
147.69999999925494
146.2000000011176
150.90000000037253
152.09999999962747
144.19999999925494
151
146.59999999962747
157.7000000011176
145.40000000037253
151.19999999925494
154.5
155
143.80000000074506
146.69999999925494
150.90000000037253
154.40000000037253
152.69999999925494
145.5
148.19999999925494
160
142.80000000074506
147.40000000037253
153.19999999925494
157.80000000074506
144.7999999988824
145.40000000037253
148.5
160.5
143.80000000074506
145.7999999988824
154.7000000011176
153.90000000037253
144.5
154.19999999925494
154.30000000074506
154.09999999962747
149.19999999925494
150.30000000074506
148.90000000037253
161.7999999988824
146.2000000011176
145.39999999850988
148.90000000037253
158.2000000011176
149.59999999962747
141.5
157
155.7999999988824
146.7000000011176
143.40000000037253
150.59999999962747
160.90000000037253
146.19999999925494
143.40000000037253
147.7999999988824
149.40000000037253
148.2000000011176
148.89999999850988
152.5
153.2000000011176
152.59999999962747
142
150.80000000074506
163.69999999925494
147.40000000037253
146.59999999962747
149.90000000037253
153.40000000037253
155.09999999962747
142.7999999988824
165.30000000074506
155.80000000074506
147.69999999925494
144
152.59999999962747
159.40000000037253
150.40000000037253
144.2999999988824
149.7000000011176
156.40000000037253
145.7999999988824
150.2000000011176
151.09999999962747
152.2999999988824
147
145.40000000037253
149.80000000074506
158.69999999925494
147.40000000037253
146.09999999962747
146.5
156.80000000074506
153.40000000037253
148.5
144.2999999988824
155
147.40000000037253
145.19999999925494
147.30000000074506
166.09999999962747
148.30000000074506
145
148.19999999925494
161.09999999962747
152.30000000074506
148.69999999925494
147.90000000037253
156.59999999962747
146.40000000037253
146.30000000074506
152.19999999925494
154.90000000037253
144.59999999962747
149.80000000074506
148.40000000037253
153.5
153.2999999988824
147.09999999962747
149.30000000074506
148.69999999925494
147.5
156.30000000074506
148
154.30000000074506
147.39999999850988
146.90000000037253
150.5
157.2000000011176
155.59999999962747
147.40000000037253
153.89999999850988
153.5
145.60000000149012
148.59999999962747
152.59999999962747
153.90000000037253
144.7999999988824
146.5
150.40000000037253
157.80000000074506
146.40000000037253
147
150.7999999988824
154
145.90000000037253
152.09999999962747
155.2000000011176
152.2999999988824
156.59999999962747
148.40000000037253
159.80000000074506
151.40000000037253
145.59999999962747
145.59999999962747
147.90000000037253
154.59999999962747
150.69999999925494
156.2000000011176
149.5
160.19999999925494
145.2000000011176
144.59999999962747
148.59999999962747
160.90000000037253
144.7999999988824
146.60000000149012
149.59999999962747
154.2999999988824
145.10000000149012
150.89999999850988
152.80000000074506
153.19999999925494
149.10000000149012
147.39999999850988
153.10000000149012
156.59999999962747
145.40000000037253
149.5
146.7999999988824
163.59999999962747
150
146.2000000011176
147.69999999925494
157.09999999962747
146.10000000149012
145.19999999925494
156.90000000037253
156
143.5
146.2999999988824
150.30000000074506
165.19999999925494
142.30000000074506
146.30000000074506
151.39999999850988
154.7000000011176
144.7999999988824
147.30000000074506
156.69999999925494
162.80000000074506
144
148.5
148.69999999925494
156.80000000074506
151.80000000074506
147.2999999988824
148.30000000074506
153.09999999962747
148.5
141.80000000074506
155.2999999988824
156.09999999962747
151.7000000011176
142.19999999925494
149.40000000037253
160.90000000037253
147.19999999925494
143.2000000011176
149.59999999962747
163.7999999988824
146.5
149.7000000011176
148.40000000037253
155.59999999962747
145.7999999988824
146.2000000011176
158.09999999962747
160.40000000037253
144.40000000037253
147.39999999850988
151.10000000149012
155
158
145
149.7999999988824
153.5
149.5
143.30000000074506
149
177
148
146.19999999925494
144.80000000074506
157.19999999925494
152.7000000011176
149.5
154
156.89999999850988
146.10000000149012
147
147.59999999962747
168.5
145
148
155.7999999988824
155.2000000011176
152.40000000037253
148.5
147.39999999850988
161.10000000149012
146.59999999962747
151.19999999925494
150.59999999962747
156.10000000149012
147.19999999925494
146.30000000074506
144.7999999988824
158.5
152.09999999962747
147
144.40000000037253
157.30000000074506
144.7999999988824
152.2000000011176
148.09999999962747
157
146.80000000074506
149.59999999962747
147.69999999925494
150.90000000037253
152.80000000074506
145.59999999962747
149.5
154.19999999925494
147.90000000037253
148.59999999962747
152.5
154.90000000037253
146.59999999962747
152.59999999962747
150.7000000011176
152.7999999988824
151.90000000037253
146
149.90000000037253
153.09999999962747
150
152.09999999962747
157.40000000037253
153
144.2000000011176
145.5
149.5
158.7999999988824
146.90000000037253
147.80000000074506
155.19999999925494
150.30000000074506
145.59999999962747
153
152.40000000037253
151.2999999988824
152.2000000011176
147
155.5
155.19999999925494
149.19999999925494
149.40000000037253
150.80000000074506
152.7999999988824
148.90000000037253
153.80000000074506
150.2999999988824
150.10000000149012
149.69999999925494
148.59999999962747
148.2000000011176
158.09999999962747
148.40000000037253
148.39999999850988
150.2000000011176
157.59999999962747
142.09999999962747
149.30000000074506
150.5
155.2999999988824
143.5
145.60000000149012
152.69999999925494
159.90000000037253
141.09999999962747
161.19999999925494
151.30000000074506
153.59999999962747
144.2000000011176
161
148.09999999962747
152.90000000037253
145.39999999850988
147.40000000037253
155.30000000074506
158.59999999962747
147.80000000074506
144.59999999962747
148.5
153.2999999988824
149.7000000011176
144.90000000037253
153.2999999988824
156.59999999962747
145.60000000149012
141.7999999988824
155.40000000037253
151.19999999925494
147
147.5
151.7000000011176
159.40000000037253
142.7999999988824
150
151.7000000011176
154.09999999962747
146.59999999962747
150.69999999925494
155.30000000074506
154.80000000074506
148.39999999850988
141.90000000037253
151.40000000037253
160.59999999962747
148.90000000037253
142.59999999962747
149.2000000011176
154.59999999962747
147.2999999988824
148.10000000149012
151.69999999925494
157.19999999925494
143.90000000037253
143.7000000011176
153.39999999850988
157
146.30000000074506
145.59999999962747
156.7000000011176
153.7999999988824
153.09999999962747
144.2000000011176
160.5
155.7999999988824
146.30000000074506
149.19999999925494
147.2000000011176
173
145.7999999988824
148.60000000149012
145.09999999962747
152.5
167
144.09999999962747
151
153.69999999925494
145.7000000011176
146.09999999962747
148
162.30000000074506
146.59999999962747
146.19999999925494
149.59999999962747
155.2000000011176
149.69999999925494
145.09999999962747
152
153.40000000037253
145.59999999962747
149.60000000149012
152.89999999850988
153.5
144.2000000011176
149.2999999988824
145.90000000037253
152.09999999962747
151.90000000037253
145.7000000011176
145.5
151.7999999988824
152.5
153.2000000011176
150.39999999850988
153.7000000011176
147.7999999988824
147.40000000037253
150.09999999962747
153.7000000011176
151.5
146.09999999962747
152.09999999962747
147.5
144.30000000074506
152.09999999962747
151.59999999962747
152.40000000037253
147.5
144.30000000074506
150.7999999988824
150.40000000037253
166.09999999962747
149
162.30000000074506
149.5
146
150.69999999925494
150
151
150.90000000037253
147.40000000037253
149.19999999925494
154.2000000011176
145.69999999925494
155.19999999925494
154.2000000011176
157.19999999925494
145.2000000011176
149.89999999850988
150.60000000149012
151.2999999988824
146.90000000037253
144.90000000037253
157.69999999925494
149.90000000037253
144.59999999962747
145.80000000074506
148.09999999962747
154
142.5
170.90000000037253
149.69999999925494
155.5
143.7000000011176
147.59999999962747
157.40000000037253
152.59999999962747
148.09999999962747
144.40000000037253
147.90000000037253
157.19999999925494
145.30000000074506
150.09999999962747
148.40000000037253
160.2999999988824
143.59999999962747
144
156.80000000074506
159
144.30000000074506
144.7999999988824
152.7000000011176
153.39999999850988
148.5
145.30000000074506
153.90000000037253
152.19999999925494
147.40000000037253
144.40000000037253
154.2999999988824
154.90000000037253
147.90000000037253
143.30000000074506
148.7999999988824
158.80000000074506
146.59999999962747
147.09999999962747
148.80000000074506
153
150.19999999925494
141.59999999962747
155.2000000011176
153.90000000037253
145.09999999962747
143.59999999962747
151.90000000037253
161
144.69999999925494
145.09999999962747
153.90000000037253
156.59999999962747
146
147.7000000011176
149.7999999988824
154.2000000011176
145.19999999925494
145.30000000074506
150.59999999962747
160.40000000037253
147.69999999925494
143.7000000011176
149.7999999988824
153.7000000011176
154
143.09999999962747
149.69999999925494
161.59999999962747
148.10000000149012
147
146.69999999925494
161.80000000074506
148.19999999925494
146
147.59999999962747
155.30000000074506
150.69999999925494
144.5
150.59999999962747
154.40000000037253
152.7000000011176
145.2999999988824
150
160.09999999962747
144.5
154.7000000011176
148.09999999962747
154.5
151.19999999925494
147.5
147.60000000149012
154.7999999988824
149.40000000037253
149.40000000037253
152.7999999988824
154.7000000011176
146.69999999925494
147.30000000074506
146.90000000037253
159.7999999988824
161.5
148.90000000037253
149.59999999962747
153.59999999962747
146
153.30000000074506
155.69999999925494
163.40000000037253
156.30000000074506
148.2999999988824
150.60000000149012
147.89999999850988
152.2000000011176
151.5
150.09999999962747
150.09999999962747
154.59999999962747
152.80000000074506
148.59999999962747
151.5
154.7000000011176
147.7999999988824
148.59999999962747
149.2000000011176
151.90000000037253
151
149.7999999988824
153.30000000074506
146.7999999988824
153
150.5
150.30000000074506
146.5
148.69999999925494
153.40000000037253
158
145.59999999962747
157.60000000149012
150.89999999850988
154
144.60000000149012
161.59999999962747
151.09999999962747
154.69999999925494
143
147.40000000037253
155.09999999962747
152.5
148.80000000074506
159
155.69999999925494
153.5
142.60000000149012
152.59999999962747
147.90000000037253
160.39999999850988
145.80000000074506
146.80000000074506
153.69999999925494
156.69999999925494
143.7000000011176
146.69999999925494
156
154.90000000037253
147.40000000037253
148
147.5
156.2999999988824
142.30000000074506
150.69999999925494
154.10000000149012
154
142.2999999988824
148.09999999962747
150.80000000074506
161.69999999925494
145.7000000011176
146.90000000037253
148.59999999962747
154.59999999962747
143.5
151.69999999925494
155.30000000074506
156.5
148
143.19999999925494
148.10000000149012
160.69999999925494
144.30000000074506
147.89999999850988
151.80000000074506
156.30000000074506
144.69999999925494
142.80000000074506
153.7999999988824
157.59999999962747
146.30000000074506
145
150.69999999925494
158
148.2000000011176
143.7999999988824
149.30000000074506
157.19999999925494
148.90000000037253
153.09999999962747
147.40000000037253
152.09999999962747
146.2000000011176
144
151.19999999925494
159
147.5
145.2000000011176
149.7999999988824
152.09999999962747
155.7000000011176
143.40000000037253
153.2999999988824
154.90000000037253
146.90000000037253
145.7999999988824
149.80000000074506
161.19999999925494
146
147.40000000037253
151.30000000074506
154.19999999925494
145.40000000037253
147.59999999962747
151.2000000011176
154
148.5
157.5
146.89999999850988
157.90000000037253
145.5
148.2000000011176
147.59999999962747
158.59999999962747
145.69999999925494
152.90000000037253
145
154.59999999962747
148
148.90000000037253
157.09999999962747
158.7000000011176
147
150.2999999988824
144.80000000074506
154.59999999962747
161.2000000011176
148.7999999988824
144.2000000011176
155.2999999988824
144.80000000074506
146.59999999962747
154
154.80000000074506
147.7999999988824
146.7000000011176
146.19999999925494
153.59999999962747
149.59999999962747
148.2000000011176
148.2999999988824
157.7000000011176
144.2999999988824
160
147.60000000149012
153.39999999850988
147.10000000149012
145.7999999988824
154
150.7000000011176
153.19999999925494
145.40000000037253
148.90000000037253
152.7999999988824
146.2000000011176
153.59999999962747
148.7999999988824
153.80000000074506
145.90000000037253
150.09999999962747
148.69999999925494
155.7000000011176
149.5
145.90000000037253
154.89999999850988
150.7000000011176
146.90000000037253
156.2999999988824
150.09999999962747
151.30000000074506
146.19999999925494
147.60000000149012
156.09999999962747
149.2999999988824
145.30000000074506
146.5
151.09999999962747
149.59999999962747
148.10000000149012
155.19999999925494
155.90000000037253
150.40000000037253
148.2999999988824
147.80000000074506
147.7999999988824
155.10000000149012
149.19999999925494
146.40000000037253
148
153.5
147.09999999962747
149.19999999925494
149.80000000074506
155
142.30000000074506
144.19999999925494
157
157.69999999925494
142.30000000074506
148.69999999925494
152
152.40000000037253
145.09999999962747
150.30000000074506
151.5
157.30000000074506
146.59999999962747
146.90000000037253
154.19999999925494
155.5
145.5
159.80000000074506
149.89999999850988
153.10000000149012
149.7999999988824
144.7000000011176
150.69999999925494
157.40000000037253
150.59999999962747
143.09999999962747
153.80000000074506
155.09999999962747
146.40000000037253
141.59999999962747
149.80000000074506
159.59999999962747
145.7999999988824
147.5
148.7000000011176
152.69999999925494
145.90000000037253
145.5
157.5
153.19999999925494
146.10000000149012
146.09999999962747
148.40000000037253
157.19999999925494
149.59999999962747
149.2000000011176
149.59999999962747
152.2999999988824
147.40000000037253
148.30000000074506
150.40000000037253
156.59999999962747
154.69999999925494
143.5
151.5
157.90000000037253
147.5
144.19999999925494
151.60000000149012
165.5
153.5
143.19999999925494
152.09999999962747
154.09999999962747
146.80000000074506
149.09999999962747
148
158.2000000011176
145.89999999850988
148
145.7000000011176
152
156.09999999962747
150.59999999962747
145.40000000037253
153.40000000037253
148.19999999925494
148.09999999962747
146.5
160.30000000074506
150.90000000037253
146.59999999962747
155.80000000074506
157.7999999988824
152.30000000074506
150.59999999962747
147.69999999925494
154.80000000074506
145.59999999962747
145.7000000011176
153.2999999988824
153.59999999962747
153.40000000037253
148
149.2000000011176
151.2999999988824
153.40000000037253
148.80000000074506
147.39999999850988
153.30000000074506
148.09999999962747
154.30000000074506
146.59999999962747
151.69999999925494
157.2000000011176
145.40000000037253
148.5
154
155.7999999988824
144.90000000037253
149.40000000037253
162.90000000037253
150.89999999850988
152.5
151.2000000011176
154.19999999925494
147
144.7000000011176
150.89999999850988
150.2000000011176
153.5
146.09999999962747
153
170.80000000074506
148.19999999925494
154.19999999925494
149.2000000011176
148.40000000037253
147.39999999850988
147.7000000011176
153.59999999962747
159.19999999925494
161.2000000011176
157
149.19999999925494
155.80000000074506
146.19999999925494
149.5
156.59999999962747
156.90000000037253
143.5
144.80000000074506
155.69999999925494
162.7000000011176
145.69999999925494
145
148.59999999962747
152.2000000011176
145.19999999925494
152.69999999925494
151.40000000037253
158.2000000011176
152.2999999988824
147.90000000037253
152
154.09999999962747
146
150.40000000037253
150.5
162.40000000037253
150
145.7999999988824
156.90000000037253
167.90000000037253
151.5
142.90000000037253
153.2999999988824
155
146.60000000149012
142.2999999988824
151.2000000011176
169.69999999925494
144.80000000074506
143.5
149.2999999988824
156.90000000037253
145.80000000074506
150.7999999988824
152.5
155.5
145.59999999962747
143.5
149.10000000149012
162.59999999962747
149.19999999925494
145.40000000037253
149
161.80000000074506
152.89999999850988
140.5
151.10000000149012
156
149.59999999962747
145.7999999988824
148.2000000011176
166.40000000037253
146.2999999988824
143.30000000074506
151.19999999925494
156.90000000037253
143.80000000074506
144.89999999850988
152.5
152.40000000037253
147.59999999962747
147.30000000074506
147.09999999962747
158.40000000037253
144.90000000037253
144.40000000037253
150.09999999962747
157.69999999925494
146.80000000074506
154.90000000037253
145.59999999962747
152.5
147.90000000037253
146.7999999988824
145.59999999962747
159.30000000074506
147.59999999962747
147.59999999962747
146.40000000037253
157.90000000037253
151.59999999962747
145.59999999962747
144.10000000149012
173.09999999962747
156
148.7999999988824
155.90000000037253
171.90000000037253
149.5
147.69999999925494
149.2000000011176
153.90000000037253
149.69999999925494
152.40000000037253
144.69999999925494
153.2000000011176
145.39999999850988
157.10000000149012
146.5
155
152.69999999925494
150.19999999925494
148.2000000011176
153.5
152.69999999925494
144.30000000074506
149.69999999925494
157.80000000074506
145.19999999925494
149.80000000074506
147.90000000037253
156.09999999962747
145
145.5
151.5
150.09999999962747
149.69999999925494
145.60000000149012
154.39999999850988
159.10000000149012
153.39999999850988
154.5
148
152.2000000011176
147
148.59999999962747
147.30000000074506
157.39999999850988
147.90000000037253
155.80000000074506
146.69999999925494
154.7000000011176
148.39999999850988
162.40000000037253
148.40000000037253
156.80000000074506
144
144.09999999962747
155
154.69999999925494
148.59999999962747
154.90000000037253
149.2000000011176
157.39999999850988
141.7000000011176
152
151.5
157.69999999925494
141.90000000037253
146.30000000074506
154.09999999962747
154.90000000037253
142.59999999962747
152.40000000037253
158.19999999925494
152.80000000074506
148.7999999988824
144.59999999962747
151.2000000011176
155.59999999962747
147.19999999925494
145.90000000037253
153
155.09999999962747
143.2000000011176
143.90000000037253
148.7999999988824
167.80000000074506
142
145
150.7999999988824
153.30000000074506
142.09999999962747
144.7000000011176
159.19999999925494
153
143
148
150
154.59999999962747
148.7000000011176
149
146.7999999988824
155
149.2000000011176
143.19999999925494
151.69999999925494
155.2000000011176
152.69999999925494
141.59999999962747
148.60000000149012
160.5
145.7999999988824
142.7000000011176
169
158.69999999925494
144.59999999962747
146.80000000074506
151.09999999962747
153
145.90000000037253
143.90000000037253
155
163.2999999988824
145.40000000037253
143.5
152.19999999925494
168.5
154.30000000074506
146.09999999962747
148.5
150.80000000074506
146.90000000037253
142.5
152.2999999988824
160.30000000074506
150.09999999962747
148
151.40000000037253
154.2999999988824
148
149.2000000011176
151.7999999988824
158.7000000011176
144.5
145.90000000037253
153.2999999988824
159.40000000037253
144.80000000074506
146.39999999850988
153
154
149.5
156.30000000074506
148.80000000074506
153.09999999962747
144.5
153.19999999925494
152
160
145.2000000011176
148
145.69999999925494
151.40000000037253
154
144.90000000037253
148.2999999988824
168.5
144.7000000011176
150.69999999925494
148.40000000037253
160.5
145.40000000037253
145.69999999925494
149
164.09999999962747
174.09999999962747
161.7000000011176
150.69999999925494
154.30000000074506
146.5
147.2999999988824
151.30000000074506
153.5
143.80000000074506
148.89999999850988
151
149.7000000011176
150.09999999962747
143.19999999925494
150.60000000149012
148.59999999962747
151.19999999925494
150.80000000074506
150.2999999988824
152.5
147.80000000074506
144.80000000074506
150.19999999925494
160.59999999962747
145.5
145
150.5
151.09999999962747
143.80000000074506
150.30000000074506
164.69999999925494
149.69999999925494
146.5
147.40000000037253
155.2000000011176
150.39999999850988
160.80000000074506
148.90000000037253
149.7999999988824
150
146
151.30000000074506
148.90000000037253
151.90000000037253
151.2999999988824
144.90000000037253
157
148.19999999925494
145.80000000074506
145.40000000037253
148.2999999988824
158.80000000074506
141.59999999962747
148.40000000037253
149.69999999925494
156.10000000149012
141.19999999925494
147.90000000037253
160.5
154.2999999988824
141.60000000149012
144.89999999850988
151.10000000149012
156
142.69999999925494
155.90000000037253
151.2999999988824
157.90000000037253
142.90000000037253
145.80000000074506
155.89999999850988
152.80000000074506
147.19999999925494
145.2000000011176
150.7999999988824
152.30000000074506
149.59999999962747
146.80000000074506
149.09999999962747
158
146.40000000037253
142.19999999925494
154.7000000011176
158.09999999962747
146.59999999962747
143.59999999962747
161.2000000011176
157.59999999962747
143.7999999988824
143.5
154.5
152.60000000149012
146.2999999988824
145.40000000037253
158.09999999962747
154.09999999962747
144.7000000011176
144.7999999988824
151.7000000011176
157.59999999962747
150.59999999962747
143.90000000037253
151.30000000074506
154.7999999988824
149
163.80000000074506
150
157.59999999962747
148
145.5
148.09999999962747
160.7000000011176
145
146.39999999850988
147.80000000074506
153.80000000074506
159.19999999925494
145
150
153.90000000037253
152.5
161.2999999988824
147.90000000037253
158
146.80000000074506
148.19999999925494
146.09999999962747
151.40000000037253
153.40000000037253
154.59999999962747
145.59999999962747
167.90000000037253
146.59999999962747
145.80000000074506
154.59999999962747
167.2000000011176
154.59999999962747
151.90000000037253
151
151.59999999962747
150.90000000037253
147.2999999988824
153.09999999962747
150.30000000074506
144
154.90000000037253
158.40000000037253
149.39999999850988
148.40000000037253
151.59999999962747
151.2000000011176
152.40000000037253
151.39999999850988
146.5
153.30000000074506
157
148.90000000037253
152.90000000037253
147.5
152.7999999988824
146.80000000074506
148.19999999925494
152.09999999962747
159.7000000011176
147.40000000037253
147.59999999962747
146.69999999925494
156.7000000011176
142.19999999925494
153.40000000037253
150.7999999988824
154.80000000074506
142.59999999962747
148.09999999962747
155.5
151.80000000074506
141.5
150.90000000037253
150.69999999925494
160.2000000011176
140.89999999850988
152.60000000149012
155.7999999988824
150.7000000011176
146.19999999925494
150.69999999925494
153.10000000149012
151.59999999962747
143.19999999925494
147.90000000037253
149.59999999962747
157.59999999962747
150.5
146.60000000149012
151.19999999925494
160.19999999925494
145.90000000037253
145.09999999962747
154.90000000037253
153.5
145.30000000074506
145
151.09999999962747
155.90000000037253
145.69999999925494
147.30000000074506
148.2999999988824
153
152.10000000149012
150.09999999962747
148.90000000037253
151.7999999988824
151.2000000011176
145.5
148.2999999988824
158.5
145.30000000074506
147.19999999925494
159
156.90000000037253
153.09999999962747
142.5
162.90000000037253
154.19999999925494
145
143.5
152.60000000149012
157.89999999850988
144.60000000149012
150.39999999850988
153.80000000074506
151.19999999925494
150
150.10000000149012
153.39999999850988
153
145.30000000074506
148.5
145.09999999962747
161.09999999962747
147.7000000011176
149.09999999962747
146.5
151.80000000074506
147.19999999925494
153.09999999962747
145.40000000037253
155.30000000074506
145.19999999925494
146.40000000037253
148.7999999988824
155.60000000149012
146.89999999850988
148.2000000011176
147.69999999925494
154.2000000011176
149.19999999925494
150
142.80000000074506
159.69999999925494
145.5
149.80000000074506
151.2999999988824
154.40000000037253
144.80000000074506
146.5
157.19999999925494
150.5
153
148
147.19999999925494
150.90000000037253
144.90000000037253
154.69999999925494
148.2000000011176
166.40000000037253
146.59999999962747
145.59999999962747
149.90000000037253
147
153.90000000037253
146.89999999850988
152.7000000011176
149.40000000037253
147.39999999850988
154.2000000011176
146.90000000037253
152.89999999850988
144.5
156.90000000037253
148.2000000011176
152.89999999850988
151.7000000011176
146.2999999988824
149.30000000074506
147.5
147
153.80000000074506
149
151.39999999850988
144.60000000149012
147.7999999988824
154.5
159.5
145.09999999962747
146
156
151.10000000149012
146.7999999988824
152
154.59999999962747
151
145.7000000011176
147.40000000037253
153.5
152.69999999925494
144.5
149.69999999925494
148.60000000149012
157.09999999962747
143.69999999925494
152.30000000074506
157.2999999988824
157.30000000074506
147.80000000074506
155.39999999850988
165.7000000011176
152
141.19999999925494
147.09999999962747
148
155.10000000149012
141.59999999962747
151.7999999988824
156.5
163.30000000074506
144
149.59999999962747
157.80000000074506
153.5
144.69999999925494
147
150.59999999962747
156.10000000149012
148.09999999962747
148.2999999988824
148.5
155.40000000037253
145.40000000037253
144
155.40000000037253
150.69999999925494
150.09999999962747
144.10000000149012
148.19999999925494
159
148
144.30000000074506
146.5
156.09999999962747
145.09999999962747
146.19999999925494
154.5
150.90000000037253
151.40000000037253
142.90000000037253
152.7999999988824
159.80000000074506
146.59999999962747
143.80000000074506
154.09999999962747
152.59999999962747
145.7000000011176
151.7999999988824
152.09999999962747
161.2000000011176
145.90000000037253
152.59999999962747
145.5
157.69999999925494
148.59999999962747
147.5
153.30000000074506
154.19999999925494
152.90000000037253
148.09999999962747
146.2000000011176
158.90000000037253
155.39999999850988
147.10000000149012
146.2999999988824
157.90000000037253
146.5
146.40000000037253
147.69999999925494
151.80000000074506
153.2999999988824
147.7000000011176
144.59999999962747
153.09999999962747
147.90000000037253
148.40000000037253
152.2999999988824
154.5
147.10000000149012
144.59999999962747
147.90000000037253
153.19999999925494
154.59999999962747
154.40000000037253
150.09999999962747
151.2000000011176
145.2999999988824
152.30000000074506
147.5
154.7999999988824
145.30000000074506
150
148.59999999962747
152.5
151.30000000074506
147
155.69999999925494
151.90000000037253
146.19999999925494
152.30000000074506
148.69999999925494
151.7000000011176
148.19999999925494
148.40000000037253
152.5
168.30000000074506
147.89999999850988
154.90000000037253
149.90000000037253
158.09999999962747
153.40000000037253
151.19999999925494
150.10000000149012
151.59999999962747
145.69999999925494
148.09999999962747
157.30000000074506
155.30000000074506
147
145.7999999988824
147.7000000011176
152.19999999925494
143.5
151
151.69999999925494
155.30000000074506
146.09999999962747
145
154.59999999962747
156.10000000149012
145.39999999850988
149.40000000037253
147.90000000037253
152.5
144.59999999962747
153.09999999962747
148.60000000149012
157.89999999850988
148
147.30000000074506
151.69999999925494
153.5
143.60000000149012
146.5
150.59999999962747
155.59999999962747
149.40000000037253
144.2999999988824
149
153.2000000011176
146.5
145.2999999988824
157.5
150.60000000149012
147
145.59999999962747
148.2999999988824
157.2000000011176
148.59999999962747
145.40000000037253
149.2999999988824
150
150.5
144.2000000011176
154.69999999925494
162.40000000037253
153.09999999962747
142
151.5
158.09999999962747
146.2000000011176
143.69999999925494
151.7000000011176
156.7999999988824
147
149
152.7000000011176
150.59999999962747
146.5
147.2999999988824
147.30000000074506
157.90000000037253
146.59999999962747
147.90000000037253
146.69999999925494
151.7000000011176
152.09999999962747
148.69999999925494
145.59999999962747
154.2000000011176
148.2999999988824
144.90000000037253
151.2000000011176
153.09999999962747
155.09999999962747
144.90000000037253
145.5
155.69999999925494
152.90000000037253
147.80000000074506
146.59999999962747
154.69999999925494
147.2000000011176
152.2999999988824
147.09999999962747
152.80000000074506
146.30000000074506
146.5
149.39999999850988
156.7000000011176
153.90000000037253
147.19999999925494
144.69999999925494
154.7000000011176
146.69999999925494
156.80000000074506
149.90000000037253
156.09999999962747
147.90000000037253
144.7999999988824
147.09999999962747
149.90000000037253
154.40000000037253
146.90000000037253
146.90000000037253
151.59999999962747
147
144
154.19999999925494
156.40000000037253
145.69999999925494
143.7000000011176
149.19999999925494
150.30000000074506
150
145.59999999962747
155.90000000037253
163.40000000037253
149.59999999962747
151.5
149.2999999988824
151.10000000149012
148
151
146.89999999850988
156.5
150.80000000074506
145.5
148.30000000074506
152.19999999925494
149.30000000074506
151.19999999925494
146.30000000074506
154.2999999988824
144.2000000011176
143.7999999988824
151.90000000037253
160.40000000037253
142.90000000037253
144.69999999925494
153.40000000037253
153.59999999962747
144.09999999962747
151.80000000074506
154.5
159
144.2999999988824
144.60000000149012
155.69999999925494
151.40000000037253
144.90000000037253
150.19999999925494
146.90000000037253
155.19999999925494
150.7000000011176
146.7999999988824
148.80000000074506
152.2999999988824
152.60000000149012
141.7999999988824
151.09999999962747
152.90000000037253
149.40000000037253
142.5
147.40000000037253
169.5
146.69999999925494
141.5
150.40000000037253
158.90000000037253
147.90000000037253
143.09999999962747
164.5
161.59999999962747
148
143.09999999962747
150.59999999962747
157.40000000037253
147.80000000074506
147.19999999925494
150.5
153.09999999962747
148.10000000149012
150.59999999962747
149.90000000037253
152.59999999962747
153
146
146.19999999925494
158.40000000037253
147.09999999962747
145.30000000074506
146.2999999988824
155.40000000037253
152.59999999962747
147.7000000011176
146.40000000037253
172.89999999850988
147.10000000149012
146.59999999962747
148.19999999925494
160
153.40000000037253
146.5
146.90000000037253
153.2999999988824
153.40000000037253
149.30000000074506
146.7999999988824
154.80000000074506
147
149.09999999962747
150.09999999962747
154
152.40000000037253
148.09999999962747
145
154.10000000149012
152.89999999850988
144.10000000149012
146.69999999925494
152.19999999925494
148.5
151.10000000149012
149.7999999988824
153.59999999962747
146.7000000011176
145.09999999962747
154.5
151.80000000074506
152.19999999925494
144.5
149.59999999962747
148.30000000074506
146
155.19999999925494
149.09999999962747
151.7000000011176
147.90000000037253
145.2999999988824
149.5
154
154
151.2000000011176
148.69999999925494
151.90000000037253
148.59999999962747
151
147.80000000074506
154.7999999988824
147.80000000074506
146
154.40000000037253
151
148.09999999962747
145.7999999988824
150.60000000149012
156
146.19999999925494
151.59999999962747
147
153
148.5
149
150.59999999962747
154.80000000074506
148.59999999962747
155.90000000037253
153.09999999962747
155.80000000074506
154.2999999988824
167.60000000149012
150.89999999850988
151.80000000074506
145.59999999962747
144.40000000037253
147.59999999962747
168.7000000011176
146.09999999962747
145.59999999962747
149.19999999925494
151.5
143.40000000037253
150
151.80000000074506
156.09999999962747
143.5
147
152.90000000037253
153.59999999962747
146.59999999962747
150.7000000011176
149.7999999988824
154.59999999962747
148.80000000074506
144.19999999925494
159.90000000037253
155.40000000037253
149.09999999962747
144.80000000074506
152.19999999925494
153.80000000074506
148
143.59999999962747
150.30000000074506
165.59999999962747
165.40000000037253
141.5
149.89999999850988
151.30000000074506
148
142.90000000037253
164.40000000037253
154.59999999962747
146.5
145.59999999962747
148.30000000074506
162.69999999925494
149
146.19999999925494
151
153.60000000149012
154.19999999925494
147.30000000074506
152.09999999962747
155.40000000037253
154.69999999925494
147.90000000037253
143.90000000037253
162.2999999988824
150.40000000037253
150.90000000037253
144.69999999925494
156.30000000074506
154.5
145.5
147
153.19999999925494
147.30000000074506
148.09999999962747
147
161.19999999925494
143.90000000037253
147
144.30000000074506
159.19999999925494
152.2000000011176
149.7999999988824
146.7000000011176
159
145.39999999850988
145.30000000074506
153.69999999925494
157.80000000074506
150.09999999962747
146.80000000074506
146.69999999925494
154.80000000074506
152.19999999925494
146.40000000037253
147.09999999962747
154
146.5
151.2000000011176
147.89999999850988
154.2000000011176
147.69999999925494
150.90000000037253
154.80000000074506
150.59999999962747
151.7999999988824
148.2000000011176
150.59999999962747
153.80000000074506
145.69999999925494
152.19999999925494
149.80000000074506
154.69999999925494
146.60000000149012
145
150.09999999962747
170.69999999925494
148.30000000074506
147.59999999962747
154.80000000074506
154
145.2999999988824
151.30000000074506
149.09999999962747
155.30000000074506
145.59999999962747
145.40000000037253
156.5
153
154.2999999988824
144.80000000074506
151.19999999925494
151.7000000011176
149.39999999850988
150.40000000037253
146.90000000037253
158.90000000037253
146.5
150.7999999988824
145.40000000037253
161.90000000037253
145
146.09999999962747
149.5
154.90000000037253
146.5
152.5
149.19999999925494
157
147.40000000037253
146.5
153.5
160.7000000011176
145
146.59999999962747
149.09999999962747
158.59999999962747
151.2000000011176
144.39999999850988
152.10000000149012
157.5
144.09999999962747
146.19999999925494
153
157.7000000011176
142
149.39999999850988
147.40000000037253
163.2000000011176
142.39999999850988
144.90000000037253
150.90000000037253
155.59999999962747
147.90000000037253
143.59999999962747
155.09999999962747
155.2000000011176
143.19999999925494
146.80000000074506
148.19999999925494
165.5
142.7000000011176
155.5
147.89999999850988
152.80000000074506
145.90000000037253
144.09999999962747
158.59999999962747
154.80000000074506
148.90000000037253
142.2999999988824
147.09999999962747
161.5
146.7000000011176
145
148
153.7999999988824
147.2000000011176
143
156
156.59999999962747
149
144.90000000037253
150.40000000037253
160.69999999925494
145.69999999925494
145.10000000149012
151.09999999962747
155.2999999988824
146.80000000074506
149.90000000037253
149
154
147.5
147.59999999962747
147.80000000074506
158.5
147.09999999962747
146
145.69999999925494
158.2000000011176
153.09999999962747
150.19999999925494
144.09999999962747
155.10000000149012
144.39999999850988
148.2000000011176
145
174.5
150.90000000037253
145.09999999962747
147.2999999988824
157
151.40000000037253
144.80000000074506
147.2999999988824
159
147.2000000011176
147.40000000037253
152.59999999962747
159.90000000037253
146.09999999962747
147.7999999988824
149.40000000037253
153
149.90000000037253
147.59999999962747
149.2000000011176
151.89999999850988
146.30000000074506
154.09999999962747
146.30000000074506
155.09999999962747
147.40000000037253
146.90000000037253
148
156.39999999850988
152.2000000011176
143.2999999988824
151.2000000011176
152.5
146.09999999962747
149.40000000037253
154.7999999988824
156.60000000149012
144.09999999962747
148
150.69999999925494
154.80000000074506
148
146.09999999962747
153
149.19999999925494
145.10000000149012
151.2999999988824
151.5
152.5
148.40000000037253
147.5
153.69999999925494
152.30000000074506
150
145
147.30000000074506
150.69999999925494
150.69999999925494
151.60000000149012
149
152.19999999925494
145.5
145.30000000074506
152.09999999962747
159.5
148
144.69999999925494
149.7000000011176
156.59999999962747
141.2999999988824
151.5
150.40000000037253
155.5
142.5
147.59999999962747
152.7000000011176
154.7999999988824
143.30000000074506
149.19999999925494
148.60000000149012
156.2999999988824
144
165.59999999962747
146.30000000074506
156.19999999925494
145.5
144.30000000074506
153.90000000037253
155.40000000037253
142
144.5
151.19999999925494
157.19999999925494
148.60000000149012
146.2999999988824
151.40000000037253
154.90000000037253
144.09999999962747
141
156.40000000037253
154.2999999988824
145.80000000074506
144.69999999925494
148.90000000037253
159.09999999962747
147.80000000074506
143.59999999962747
148
155.5
148.40000000037253
142
154.69999999925494
155.80000000074506
149.80000000074506
142.89999999850988
149.10000000149012
161.59999999962747
145
141.7999999988824
149.60000000149012
170
146.7999999988824
148.59999999962747
152.90000000037253
155.90000000037253
144
145.40000000037253
148.2999999988824
157.60000000149012
144.5
148.59999999962747
145.2999999988824
157
151.10000000149012
150.89999999850988
145.10000000149012
155.69999999925494
147.40000000037253
145.09999999962747
146.69999999925494
158.80000000074506
153.40000000037253
145.7999999988824
144.30000000074506
156.40000000037253
160.59999999962747
146.40000000037253
146.09999999962747
159
144.80000000074506
144.09999999962747
151.90000000037253
155.19999999925494
143.5
146.59999999962747
153.59999999962747
151.90000000037253
148.80000000074506
148.19999999925494
153
151.40000000037253
150.40000000037253
157.09999999962747
146.09999999962747
152.80000000074506
145.7999999988824
147
148.7000000011176
153.2999999988824
156.2000000011176
152.7999999988824
148.2000000011176
160
148.09999999962747
150.19999999925494
147.60000000149012
151.89999999850988
144.7000000011176
145.7999999988824
149
155
145.5
143.7000000011176
152.40000000037253
152.5
145.89999999850988
150.5
149
151.5
145.10000000149012
150.7999999988824
154.30000000074506
151.69999999925494
161.90000000037253
164.30000000074506
147.89999999850988
154.90000000037253
150.90000000037253
151.59999999962747
150.5
162
157.30000000074506
143.69999999925494
157
153.5
148.5
144.59999999962747
151.90000000037253
155.80000000074506
141.90000000037253
149.39999999850988
153.7000000011176
152.59999999962747
144.30000000074506
144.19999999925494
157.80000000074506
153.7999999988824
141.2000000011176
151.2999999988824
148.09999999962747
154.2000000011176
148.5
145.7999999988824
147.40000000037253
156.40000000037253
148.90000000037253
147.5
157.59999999962747
155.69999999925494
144.5
143.30000000074506
148.19999999925494
169.40000000037253
141.80000000074506
145.40000000037253
150.89999999850988
156.60000000149012
144
144.59999999962747
159.59999999962747
153.59999999962747
146.40000000037253
145.19999999925494
150.90000000037253
150
147.30000000074506
148.59999999962747
154.19999999925494
151
145.90000000037253
144.30000000074506
155.5
155.40000000037253
149.89999999850988
143.30000000074506
151.59999999962747
160.59999999962747
146.10000000149012
141.19999999925494
147.90000000037253
156.5
146.2999999988824
148.80000000074506
148.30000000074506
155.19999999925494
147
143
153.90000000037253
162.09999999962747
144.90000000037253
142.59999999962747
152.09999999962747
156
153.59999999962747
144.80000000074506
152.19999999925494
152.5
145.2000000011176
143.5
152
157.7999999988824
153.80000000074506
145.40000000037253
152
154.7999999988824
146.40000000037253
148.80000000074506
156.5
157.7999999988824
145.10000000149012
146.39999999850988
147
162.5
144.60000000149012
148.5
151.09999999962747
155.40000000037253
149.7999999988824
145
147
153.7000000011176
145
150.69999999925494
152.30000000074506
152.59999999962747
147.2999999988824
145.2000000011176
149
151
151.7999999988824
146.2000000011176
146.7999999988824
151.60000000149012
145.5
153.69999999925494
148.19999999925494
157.60000000149012
156.19999999925494
146.5
147.80000000074506
155.2999999988824
154
146.90000000037253
150.19999999925494
156.7000000011176
144.5
145.19999999925494
153.2000000011176
151.5
145.19999999925494
148.30000000074506
150.7999999988824
151.30000000074506
149.90000000037253
143.5
151.09999999962747
150.5
150
151.5
150.5
148.59999999962747
144.40000000037253
146.5
149.5
160.40000000037253
145.59999999962747
146.2999999988824
155.30000000074506
148.09999999962747
158.90000000037253
147.69999999925494
152.30000000074506
150.09999999962747
145.7000000011176
146.39999999850988
155.30000000074506
153.90000000037253
159.69999999925494
146.59999999962747
156.7000000011176
151.7999999988824
145.30000000074506
151.69999999925494
151.30000000074506
149.09999999962747
149
144.90000000037253
149.80000000074506
154.5
146.59999999962747
146.5
150.7999999988824
158.7000000011176
160.59999999962747
156.69999999925494
148.30000000074506
153.69999999925494
142.40000000037253
144.40000000037253
166.59999999962747
154.80000000074506
155.09999999962747
144.59999999962747
150.2000000011176
151.89999999850988
149.5
146.60000000149012
155.69999999925494
155.09999999962747
143.5
142.30000000074506
156
151.5
146.19999999925494
144
165
160.30000000074506
142.09999999962747
147.30000000074506
151.19999999925494
161.69999999925494
147.5
142
154.2000000011176
154.19999999925494
147.90000000037253
144.40000000037253
160.40000000037253
161.09999999962747
149.19999999925494
142.30000000074506
151.09999999962747
153.40000000037253
144.7999999988824
148.5
156.7000000011176
152.69999999925494
146.59999999962747
142.10000000149012
153.39999999850988
158.10000000149012
148.7999999988824
142.7000000011176
152.5
152.7999999988824
145.40000000037253
148.5
159.09999999962747
154.80000000074506
145.19999999925494
147.2000000011176
145.39999999850988
157.80000000074506
147.09999999962747
145
149.7000000011176
152.59999999962747
152
142.40000000037253
152.09999999962747
157.09999999962747
143.59999999962747
148
147.5
160.80000000074506
146.5
145.2999999988824
148.2000000011176
152.40000000037253
156.09999999962747
147.09999999962747
147.80000000074506
154.39999999850988
150.40000000037253
145.2000000011176
153.19999999925494
160.69999999925494
144.10000000149012
147.09999999962747
147.5
152.59999999962747
152.19999999925494
149.2000000011176
150.09999999962747
149.59999999962747
147.80000000074506
153.7999999988824
148.7000000011176
153.59999999962747
153.90000000037253
148.90000000037253
148.2999999988824
154.90000000037253
150.80000000074506
145.89999999850988
151.10000000149012
149.2999999988824
148.7000000011176
151.5
149.7999999988824
151.7000000011176
145.59999999962747
144.19999999925494
153.40000000037253
154.40000000037253
150.19999999925494
161
150.5
151.7000000011176
145.5
154.69999999925494
150.80000000074506
151.09999999962747
146.2999999988824
144.10000000149012
151
148.5
152.89999999850988
147.90000000037253
151.09999999962747
159.7000000011176
145.7999999988824
149.60000000149012
150.19999999925494
149.40000000037253
147.59999999962747
146.40000000037253
154.09999999962747
157.19999999925494
145
146
150.90000000037253
157.40000000037253
142.90000000037253
151.69999999925494
151.59999999962747
153.7000000011176
142.5
147.90000000037253
158.89999999850988
157
141.90000000037253
146.09999999962747
147
153.2000000011176
143.59999999962747
156
161
153.19999999925494
144.30000000074506
147.09999999962747
155.59999999962747
156
152.10000000149012
144.59999999962747
150.2999999988824
153.30000000074506
148.69999999925494
144.40000000037253
150.80000000074506
156.5
144.7999999988824
141.90000000037253
155.2000000011176
153.69999999925494
147.80000000074506
146
152
157.59999999962747
145.09999999962747
142.69999999925494
151.7000000011176
151.90000000037253
147.09999999962747
145.90000000037253
156.19999999925494
153.09999999962747
154.90000000037253
142
151.5
158.30000000074506
149.7999999988824
142.59999999962747
149.7000000011176
156.69999999925494
144.30000000074506
147.69999999925494
158
155.30000000074506
144.5
144.90000000037253
157.59999999962747
158.59999999962747
145.59999999962747
147.40000000037253
148.69999999925494
153.10000000149012
151
147.19999999925494
145
155
148
158.90000000037253
145.2999999988824
159.30000000074506
145.80000000074506
147
147.7999999988824
153
159.30000000074506
144.69999999925494
147.5
155.80000000074506
154.59999999962747
147.80000000074506
154.09999999962747
167.09999999962747
162.40000000037253
154.5
156.69999999925494
150.59999999962747
150.2000000011176
145.59999999962747
152.59999999962747
151.59999999962747
143.80000000074506
153.90000000037253
148.19999999925494
146.90000000037253
147.09999999962747
150.7000000011176
150.7999999988824
156.90000000037253
147.5
153.59999999962747
147
152
147.5
152.30000000074506
148.2999999988824
150.5
144.5
145
162.40000000037253
154.59999999962747
146.80000000074506
150.80000000074506
154.19999999925494
151.69999999925494
143.60000000149012
153.5
151.2999999988824
150.7000000011176
144
148.69999999925494
148
156.59999999962747
149.09999999962747
152.40000000037253
150.40000000037253
165.5
144.90000000037253
150
146.90000000037253
153.19999999925494
145.30000000074506
149.09999999962747
155
154
140.7999999988824
146.60000000149012
149.59999999962747
160.40000000037253
149.19999999925494
146.90000000037253
149.59999999962747
151.40000000037253
142.5
146.90000000037253
167.7999999988824
158.2000000011176
142.2999999988824
147.5
148.59999999962747
159.80000000074506
143.90000000037253
151.19999999925494
146
152.80000000074506
144.2999999988824
146.7000000011176
153.7999999988824
150.90000000037253
154.2000000011176
144.19999999925494
148.09999999962747
160
142.59999999962747
149.7000000011176
156.40000000037253
152.5
146.2999999988824
143.7000000011176
155.39999999850988
151.2000000011176
146
143.69999999925494
151.2000000011176
168
145.09999999962747
144
148.59999999962747
154.69999999925494
152.30000000074506
151.69999999925494
147
151
146
143.90000000037253
150.30000000074506
154.69999999925494
148.90000000037253
142.69999999925494
148.60000000149012
154.5
154.5
144.59999999962747
147.09999999962747
158.90000000037253
145.59999999962747
143.5
151.19999999925494
162.10000000149012
146.19999999925494
144.30000000074506
154.7999999988824
153
143.40000000037253
150.69999999925494
158.40000000037253
150.5
144.30000000074506
149.5
143.19999999925494
159.30000000074506
143.40000000037253
148.59999999962747
143.59999999962747
153.30000000074506
153.2999999988824
147.40000000037253
143.69999999925494
153.2000000011176
146.09999999962747
146.19999999925494
143.80000000074506
159.90000000037253
147.69999999925494
147
145.90000000037253
154.80000000074506
150.59999999962747
146.7999999988824
149.80000000074506
153.59999999962747
145.7000000011176
148.2999999988824
152.30000000074506
154.59999999962747
143.59999999962747
154.40000000037253
146.09999999962747
151.40000000037253
150.09999999962747
146.40000000037253
143.5
150.90000000037253
147.2999999988824
155.80000000074506
148
153.80000000074506
147.19999999925494
145.30000000074506
147.69999999925494
153
150.69999999925494
155.30000000074506
149
148.40000000037253
144.19999999925494
150.7000000011176
149.5
153.09999999962747
153.69999999925494
146.40000000037253
148.5
150.19999999925494
149.90000000037253
149
154.40000000037253
149.59999999962747
144
151.2000000011176
148.7999999988824
149.7000000011176
148.5
150.89999999850988
147.10000000149012
156
146.2999999988824
149.40000000037253
147.5
153.69999999925494
146.90000000037253
151.2000000011176
151
152.7999999988824
148.80000000074506
146.19999999925494
162.2000000011176
156.2999999988824
141.2000000011176
147
145.39999999850988
155.10000000149012
141
154.7999999988824
161
152.7000000011176
141
145.89999999850988
151.5
152.30000000074506
153.40000000037253
145.2999999988824
149.80000000074506
151.30000000074506
148
147.09999999962747
160.09999999962747
157.19999999925494
146.30000000074506
141.90000000037253
151.69999999925494
149.90000000037253
146.19999999925494
145.90000000037253
150.09999999962747
156.40000000037253
145.80000000074506
142.69999999925494
147.7000000011176
154.5
152.09999999962747
145.59999999962747
154.90000000037253
150.59999999962747
144.5
141.30000000074506
153.2999999988824
159
147.7000000011176
141.69999999925494
149
150.30000000074506
144.39999999850988
149.80000000074506
151.80000000074506
155.39999999850988
142.80000000074506
146.09999999962747
145.7000000011176
156.2999999988824
148.90000000037253
146.80000000074506
148.39999999850988
153.10000000149012
157.19999999925494
146.80000000074506
144.09999999962747
152.59999999962747
145.5
150.19999999925494
145
160.10000000149012
143.19999999925494
150.90000000037253
148
153.2999999988824
153.7000000011176
145.5
148.09999999962747
151.59999999962747
144.59999999962747
145.80000000074506
154
154.30000000074506
154.59999999962747
146.5
150.09999999962747
151.5
150.5
144.90000000037253
153.40000000037253
151
145.7999999988824
157.80000000074506
147.69999999925494
149
147.90000000037253
150.19999999925494
148.5
150.60000000149012
153.59999999962747
146.09999999962747
149.5
147.80000000074506
148.09999999962747
149
149.2999999988824
147.5
146
145.30000000074506
151.19999999925494
158.7000000011176
146.19999999925494
144.2000000011176
150.39999999850988
156.80000000074506
161.19999999925494
151.2000000011176
151.5
151.7999999988824
143.10000000149012
146.09999999962747
155.09999999962747
161.09999999962747
145.59999999962747
147.10000000149012
155.5
156.5
144.09999999962747
149.19999999925494
146.59999999962747
154.30000000074506
146.30000000074506
143.69999999925494
156.90000000037253
155.40000000037253
141.59999999962747
143.59999999962747
160.5
155.40000000037253
149
144.40000000037253
150.5
153.7999999988824
141.90000000037253
146.30000000074506
156.7999999988824
157.90000000037253
143.30000000074506
147.69999999925494
147.19999999925494
158.30000000074506
143.30000000074506
148.19999999925494
148.59999999962747
161.40000000037253
142.19999999925494
144.60000000149012
153.2999999988824
153.30000000074506
147
143
148.19999999925494
160.59999999962747
141.80000000074506
144.69999999925494
150.30000000074506
161.90000000037253
144.40000000037253
144.09999999962747
157.90000000037253
149.2999999988824
145.30000000074506
140.7999999988824
150.7000000011176
159.5
145.5
142.7999999988824
148
149.7000000011176
144.2999999988824
151.7000000011176
151.5
151.5
145.5
141.40000000037253
149.5
158.89999999850988
146.80000000074506
143.09999999962747
150
151.59999999962747
150.7000000011176
140.09999999962747
156.09999999962747
156.90000000037253
146.59999999962747
141.30000000074506
150.19999999925494
158.7000000011176
143.7999999988824
142
154.59999999962747
152.30000000074506
143.40000000037253
147.7999999988824
152.60000000149012
164.09999999962747
145.90000000037253
149
148
157.7999999988824
145.59999999962747
145.90000000037253
146
152.90000000037253
155
146
146.59999999962747
152.80000000074506
147.59999999962747
145.90000000037253
151.90000000037253
157.2999999988824
143.30000000074506
143.90000000037253
147
164.2999999988824
151.40000000037253
144.40000000037253
157.7999999988824
150.60000000149012
144.2999999988824
152.80000000074506
148.2999999988824
154.10000000149012
142.89999999850988
153.90000000037253
147.2000000011176
152.39999999850988
151.60000000149012
146.69999999925494
146.19999999925494
154.2000000011176
149.40000000037253
144.7999999988824
149.90000000037253
158.09999999962747
159.30000000074506
143.7999999988824
148.40000000037253
155.5
149
143.2000000011176
161.39999999850988
153.60000000149012
143.2999999988824
149.80000000074506
152.5
148.7999999988824
145.5
147.30000000074506
153
168
165.40000000037253
149.59999999962747
150.90000000037253
158.40000000037253
147
150.69999999925494
147.40000000037253
149.59999999962747
148.5
145.30000000074506
150.19999999925494
157.09999999962747
145.09999999962747
144.30000000074506
148
157.59999999962747
147.09999999962747
149.10000000149012
150.69999999925494
157.30000000074506
142.5
143.2999999988824
160.59999999962747
156
144.40000000037253
144.80000000074506
150.69999999925494
155.30000000074506
141.5
153.59999999962747
147.40000000037253
153.59999999962747
142.69999999925494
146.30000000074506
155
151.40000000037253
144.90000000037253
147.59999999962747
147.2999999988824
148.60000000149012
148.59999999962747
144.40000000037253
148
154.7999999988824
146.59999999962747
140.5
153.2000000011176
153.69999999925494
144.90000000037253
141.09999999962747
150.59999999962747
161.40000000037253
142.2000000011176
146.69999999925494
149.09999999962747
152.80000000074506
144.09999999962747
144.09999999962747
158.7000000011176
151.59999999962747
147.09999999962747
142.59999999962747
149.40000000037253
158
150.5
141.09999999962747
148.09999999962747
152.90000000037253
143.5
147.80000000074506
154.19999999925494
156.7000000011176
144.69999999925494
144.09999999962747
168.90000000037253
156
146
143.90000000037253
155.19999999925494
155.80000000074506
151.19999999925494
141.2000000011176
151.59999999962747
154.5
143.7999999988824
148.60000000149012
146.69999999925494
172.90000000037253
145.69999999925494
146.90000000037253
145.80000000074506
154.19999999925494
154.80000000074506
144.89999999850988
145.30000000074506
151.19999999925494
144.2000000011176
148.09999999962747
147.09999999962747
162.80000000074506
143.7999999988824
145.80000000074506
145.80000000074506
154.5
150.89999999850988
145.10000000149012
149.89999999850988
152.2000000011176
148.2999999988824
143.7000000011176
152.69999999925494
156.30000000074506
144.2999999988824
147.60000000149012
149
149.19999999925494
150.19999999925494
142.5
153.30000000074506
146.19999999925494
147.60000000149012
150
152.19999999925494
149.40000000037253
142.69999999925494
144.80000000074506
149
152.5
150.2999999988824
145
154.60000000149012
150.09999999962747
145.59999999962747
149.90000000037253
154.90000000037253
148.69999999925494
144.90000000037253
146.09999999962747
147.40000000037253
155.90000000037253
146.7999999988824
148.59999999962747
149.30000000074506
155.19999999925494
141.60000000149012
149.5
148.39999999850988
154.10000000149012
145.19999999925494
143.09999999962747
155.5
147.59999999962747
161.60000000149012
143.89999999850988
148.40000000037253
154.7000000011176
142.5
151.59999999962747
150.19999999925494
153.2000000011176
139.7999999988824
147.90000000037253
157.30000000074506
153.69999999925494
142.59999999962747
145.2000000011176
146.89999999850988
152.80000000074506
149.40000000037253
146.40000000037253
158.69999999925494
155.5
143.69999999925494
142.7000000011176
153.40000000037253
154.7999999988824
144.90000000037253
154.40000000037253
149.7999999988824
161.5
139.7000000011176
143.2999999988824
150.2000000011176
157.40000000037253
140.7999999988824
145.2000000011176
155.7999999988824
151.7000000011176
142.89999999850988
147
154.60000000149012
151.2999999988824
146.59999999962747
148.30000000074506
148.80000000074506
153.59999999962747
146.69999999925494
152.2000000011176
155.2999999988824
151.40000000037253
147.09999999962747
140.59999999962747
148.5
152.80000000074506
154
142.19999999925494
148.30000000074506
153.5
145.30000000074506
144.2999999988824
154.90000000037253
160.19999999925494
146.60000000149012
140.39999999850988
150.60000000149012
157.39999999850988
145.80000000074506
142
151.59999999962747
150.7000000011176
144.5
150.39999999850988
152.10000000149012
156
145.2999999988824
151
144.80000000074506
158.19999999925494
148
146.30000000074506
160.69999999925494
150.7000000011176
155.5
141.09999999962747
149.5
153.69999999925494
143.2000000011176
145.89999999850988
144.90000000037253
165.90000000037253
143.09999999962747
151.59999999962747
145.2000000011176
152.19999999925494
158.09999999962747
144.2000000011176
154
153.2999999988824
145.80000000074506
148.40000000037253
150.7999999988824
153.30000000074506
146.90000000037253
154.19999999925494
145.09999999962747
157.7000000011176
163.69999999925494
151
145.40000000037253
153.09999999962747
148.7000000011176
151
147.59999999962747
160.59999999962747
144
147.19999999925494
148.10000000149012
151.69999999925494
150
144.40000000037253
149.2999999988824
149.7000000011176
143.5
148.90000000037253
161.19999999925494
148.19999999925494
144.80000000074506
145.09999999962747
150.2000000011176
151.09999999962747
149.69999999925494
148.7000000011176
150.59999999962747
147.40000000037253
161.89999999850988
150.90000000037253
147.30000000074506
148.40000000037253
147.69999999925494
143.30000000074506
149.69999999925494
154.09999999962747
148
143.7000000011176
147.39999999850988
155.2000000011176
142.2999999988824
148.7000000011176
147.19999999925494
154.5
142.5
143.90000000037253
157.19999999925494
152
143.30000000074506
146.59999999962747
153.2000000011176
152.89999999850988
142.40000000037253
153.2000000011176
151.7999999988824
154.80000000074506
142.09999999962747
145.30000000074506
153.09999999962747
152.5
144.2999999988824
147
146.30000000074506
155.90000000037253
149.19999999925494
143.90000000037253
156
154.40000000037253
143.19999999925494
156.40000000037253
151.80000000074506
155.09999999962747
142.40000000037253
143.5
150.7999999988824
159.09999999962747
142.7000000011176
152.40000000037253
159.09999999962747
151.69999999925494
144.40000000037253
145.59999999962747
158
151.59999999962747
145.30000000074506
142.5
147.90000000037253
158.09999999962747
145.09999999962747
145.40000000037253
148.59999999962747
152.30000000074506
146.19999999925494
142.90000000037253
152.90000000037253
152
146
140.90000000037253
148.5
160.39999999850988
146.10000000149012
150.7999999988824
149
154.90000000037253
144.69999999925494
147.80000000074506
147.5
151.90000000037253
146
144.90000000037253
148
158
147.2999999988824
141
152
158
155
144.40000000037253
150.19999999925494
154.40000000037253
143.30000000074506
143.7999999988824
147.90000000037253
160.80000000074506
145.7999999988824
143.2000000011176
148.69999999925494
152.5
156.59999999962747
140.90000000037253
154.59999999962747
150.80000000074506
145.40000000037253
145.09999999962747
143.19999999925494
161.7000000011176
144.19999999925494
148.40000000037253
144.80000000074506
152.89999999850988
150.2000000011176
143.7999999988824
149.60000000149012
153
148.89999999850988
144
149.30000000074506
159.19999999925494
146.30000000074506
145.40000000037253
148
158.5
151.19999999925494
147.59999999962747
147.2000000011176
152.90000000037253
145.2999999988824
146.5
153.59999999962747
154.30000000074506
145.30000000074506
145.89999999850988
148.10000000149012
150.19999999925494
151.69999999925494
146.90000000037253
147.09999999962747
152.90000000037253
145.5
151
147.40000000037253
154.30000000074506
146.69999999925494
145.09999999962747
148.30000000074506
154.5
151.09999999962747
144
149.90000000037253
154.09999999962747
144
153.19999999925494
157.10000000149012
151.89999999850988
146.10000000149012
145.7999999988824
155.5
157.80000000074506
147.19999999925494
146.40000000037253
146.5
151.59999999962747
147.30000000074506
166.69999999925494
145.40000000037253
156.5
146.59999999962747
144.7000000011176
152
153.5
158.2999999988824
143.90000000037253
148.30000000074506
161.39999999850988
140.40000000037253
149.59999999962747
148.30000000074506
157.80000000074506
142.7999999988824
144.59999999962747
155.30000000074506
151.40000000037253
143.90000000037253
145.89999999850988
149
152.60000000149012
142.59999999962747
152.19999999925494
146
153.2000000011176
143.09999999962747
147.09999999962747
151.5
157.30000000074506
144.09999999962747
145.59999999962747
146.5
155.09999999962747
152.40000000037253
143.30000000074506
157.89999999850988
156.10000000149012
141.09999999962747
143.7999999988824
153.90000000037253
160.40000000037253
142
143.90000000037253
151.5
162.69999999925494
146.7000000011176
145.69999999925494
151
155
142.19999999925494
146.10000000149012
153.89999999850988
154
146.80000000074506
146.80000000074506
149.09999999962747
155.5
148.59999999962747
143.90000000037253
145.69999999925494
153.90000000037253
148.09999999962747
142.7000000011176
152.89999999850988
155.40000000037253
146
142.09999999962747
146.5
162.7000000011176
144.90000000037253
140.2999999988824
148.80000000074506
153.09999999962747
150.59999999962747
147.59999999962747
156.40000000037253
150.7000000011176
145.2999999988824
142.5
149
159.90000000037253
145.09999999962747
147.2000000011176
149.09999999962747
152.09999999962747
150.59999999962747
141.40000000037253
148.5
151.19999999925494
150.5
144.7000000011176
148.90000000037253
161.39999999850988
151.60000000149012
141
150.19999999925494
160.09999999962747
151.7000000011176
141.59999999962747
150.90000000037253
155.19999999925494
143.80000000074506
145.2999999988824
156.90000000037253
161.40000000037253
143.09999999962747
146
148.80000000074506
155.59999999962747
151.40000000037253
153.69999999925494
143.5
154.59999999962747
144.2000000011176
156.5
145.39999999850988
162.30000000074506
149.19999999925494
148.10000000149012
143.59999999962747
154
150.5
146.90000000037253
146.19999999925494
156.40000000037253
143.90000000037253
143.89999999850988
158.40000000037253
156
145.5
144
152.7000000011176
150.2999999988824
149
146.40000000037253
149.59999999962747
153.59999999962747
143.5
152.7000000011176
148.69999999925494
150.40000000037253
145.30000000074506
147.09999999962747
148.7999999988824
151.2000000011176
153.7999999988824
144.30000000074506
147.40000000037253
151
147.5
152.5
148.40000000037253
154.89999999850988
150.7000000011176
146.19999999925494
146.40000000037253
156.19999999925494
144.10000000149012
143.69999999925494
150.80000000074506
153.2999999988824
144
150.40000000037253
150
154.80000000074506
142.2999999988824
152.2000000011176
155.89999999850988
155.60000000149012
141.7999999988824
145.30000000074506
149.90000000037253
155.19999999925494
145.5
156.30000000074506
147.69999999925494
157.5
142.80000000074506
145.5
153.39999999850988
156.2000000011176
144.2999999988824
143.90000000037253
147
153.2000000011176
151.2999999988824
146.80000000074506
150.40000000037253
154.5
145.5
143.89999999850988
152.90000000037253
155.40000000037253
146.90000000037253
145
148.19999999925494
158.7000000011176
142.89999999850988
147.5
148.60000000149012
156.89999999850988
149
142.30000000074506
154.69999999925494
153.60000000149012
146.09999999962747
142.40000000037253
149.5
162.2999999988824
147.59999999962747
143.5
147.60000000149012
154.69999999925494
147.30000000074506
154.2999999988824
150.80000000074506
151.40000000037253
149.5
143.2999999988824
148.59999999962747
155.40000000037253
146.80000000074506
147.7999999988824
146.10000000149012
155.59999999962747
153.5
140.7999999988824
150.40000000037253
167.09999999962747
148.60000000149012
147.09999999962747
147.09999999962747
159.40000000037253
143.19999999925494
146.40000000037253
144.19999999925494
158.7000000011176
151.7999999988824
148.2000000011176
143.5
153.2999999988824
147
145.10000000149012
170.69999999925494
155
146.5
147.59999999962747
144.40000000037253
153
150.90000000037253
149.40000000037253
145.09999999962747
158.40000000037253
145
158.69999999925494
148.59999999962747
157.90000000037253
150.5
146.19999999925494
146.10000000149012
159.09999999962747
151.2999999988824
146.5
144.80000000074506
160.80000000074506
144.19999999925494
145.30000000074506
149.39999999850988
154.5
154.80000000074506
145.80000000074506
150.7999999988824
150.80000000074506
153.2999999988824
145.90000000037253
146.30000000074506
151.19999999925494
145
147.09999999962747
154.5
154.80000000074506
147
145.5
151
153.90000000037253
152.69999999925494
142.5
152.2000000011176
151.69999999925494
147.40000000037253
147.90000000037253
151.5
153.59999999962747
144.5
150.90000000037253
148
157.5
147.5
145.89999999850988
149.90000000037253
152.80000000074506
144.5
150.2999999988824
151.5
154.60000000149012
145.59999999962747
148.2999999988824
155.80000000074506
149.40000000037253
146.2999999988824
142.7000000011176
149.5
155.5
146.09999999962747
150.5
146.80000000074506
156.2999999988824
141.80000000074506
144.69999999925494
152.2000000011176
156.69999999925494
141.69999999925494
145.2000000011176
148.5
154.40000000037253
147.7999999988824
147
149.90000000037253
150.69999999925494
143.7000000011176
146.2999999988824
153.7000000011176
157
147.7999999988824
145.90000000037253
148.5
157.30000000074506
145.19999999925494
147.09999999962747
157.40000000037253
153.59999999962747
148.7000000011176
141.69999999925494
151.80000000074506
154.19999999925494
149.2000000011176
141.2999999988824
148.30000000074506
166.69999999925494
147.59999999962747
141
152.30000000074506
162
145.90000000037253
142.5
157.5
154.09999999962747
146.30000000074506
144.89999999850988
147.5
158.30000000074506
147.30000000074506
145.39999999850988
147.90000000037253
152.5
149.40000000037253
147
149.80000000074506
152
149.2999999988824
143.90000000037253
142.90000000037253
159.5
143.59999999962747
145.09999999962747
143.90000000037253
155.69999999925494
150.7000000011176
148.40000000037253
147.59999999962747
153.7999999988824
146.40000000037253
144.59999999962747
154.30000000074506
158.09999999962747
146.30000000074506
147.40000000037253
145.89999999850988
153.60000000149012
152.19999999925494
149.5
145.30000000074506
153.19999999925494
146.69999999925494
148.10000000149012
149.59999999962747
154.7999999988824
149.10000000149012
146.59999999962747
149.69999999925494
150.90000000037253
150.69999999925494
149.30000000074506
147.90000000037253
155.69999999925494
149
149.5
146.59999999962747
154.2000000011176
146.40000000037253
145.69999999925494
152.09999999962747
151
151.2000000011176
151
150.19999999925494
149.5
144.69999999925494
155.80000000074506
149.30000000074506
149.69999999925494
147.5
145.19999999925494
146.5
155.90000000037253
151.40000000037253
146.30000000074506
147.09999999962747
150.19999999925494
146.80000000074506
150.40000000037253
147.89999999850988
157.2000000011176
147.59999999962747
146.30000000074506
157.59999999962747
152
146.2999999988824
147.80000000074506
152.5
152.30000000074506
145.59999999962747
151.90000000037253
149.5
147
148.5
148.89999999850988
155.7000000011176
150.59999999962747
145.80000000074506
157.69999999925494
147.09999999962747
155.40000000037253
156.19999999925494
153.60000000149012
147.89999999850988
152.10000000149012
143.39999999850988
146.10000000149012
154.2999999988824
156.30000000074506
145.69999999925494
144
147.90000000037253
153.19999999925494
145
151
155.90000000037253
154
143.40000000037253
146
155.69999999925494
155.5
142.80000000074506
147.09999999962747
148.2000000011176
150.2999999988824
149.7000000011176
145.2999999988824
163.09999999962747
151.2000000011176
148.7999999988824
144
151.30000000074506
153.30000000074506
149.09999999962747
143.19999999925494
148.80000000074506
159.09999999962747
146.19999999925494
142.10000000149012
149.69999999925494
151.59999999962747
149.2000000011176
140.89999999850988
156.5
152.30000000074506
146.90000000037253
143.5
149.2999999988824
164.5
155.7000000011176
144.69999999925494
149.80000000074506
150.5
146.69999999925494
147.5
149.40000000037253
153.40000000037253
150.19999999925494
146.90000000037253
143.69999999925494
160
146.90000000037253
146.2000000011176
144.5
153.69999999925494
153
144.69999999925494
144.2000000011176
153.5
145.90000000037253
145
146.59999999962747
160.40000000037253
146.89999999850988
144.60000000149012
145.69999999925494
153.19999999925494
152.7000000011176
148.7999999988824
145.60000000149012
153.39999999850988
146.7000000011176
145.69999999925494
151.80000000074506
152.69999999925494
153.40000000037253
144.19999999925494
151.80000000074506
151.09999999962747
152.2000000011176
144.89999999850988
148.5
152.80000000074506
145.80000000074506
152.59999999962747
150.2999999988824
147.40000000037253
146.59999999962747
144.40000000037253
153.09999999962747
156.2000000011176
147.2999999988824
148.60000000149012
148.69999999925494
151.30000000074506
146.59999999962747
153
148.5
153.2999999988824
149.60000000149012
144.19999999925494
153.59999999962747
147.90000000037253
147.59999999962747
155.80000000074506
150.09999999962747
151
146.09999999962747
151.09999999962747
148.30000000074506
150.80000000074506
146.89999999850988
147.10000000149012
147.89999999850988
153.30000000074506
146.59999999962747
146.30000000074506
151.2999999988824
153.10000000149012
144.69999999925494
150.59999999962747
148.2000000011176
151.59999999962747
145.19999999925494
147.09999999962747
147.5
161.5
143.30000000074506
143.59999999962747
146.30000000074506
156.5
146.5
151.09999999962747
149
154.69999999925494
143.5
144
155.80000000074506
156.19999999925494
144.90000000037253
146.2000000011176
151.89999999850988
152.90000000037253
149.80000000074506
149.69999999925494
150.2000000011176
158.09999999962747
147.2999999988824
143.2000000011176
151.69999999925494
152.7000000011176
148.39999999850988
145.2000000011176
147.7999999988824
157
149.7000000011176
139.90000000037253
162.69999999925494
166.09999999962747
150.7000000011176
140.89999999850988
154.7000000011176
153.5
146.5
142.2999999988824
152.40000000037253
160.80000000074506
146.90000000037253
140.69999999925494
148.90000000037253
152.69999999925494
146.09999999962747
150.2000000011176
163.5
154
147
146.19999999925494
146.30000000074506
156.7999999988824
147.5
162.80000000074506
143.90000000037253
152.40000000037253
154.09999999962747
146.40000000037253
143.7999999988824
155.59999999962747
150.30000000074506
143.59999999962747
143.90000000037253
157.90000000037253
145.19999999925494
145.7000000011176
147.59999999962747
157.90000000037253
151.09999999962747
144.59999999962747
148.59999999962747
151.80000000074506
146.40000000037253
147.39999999850988
153.60000000149012
152.09999999962747
145.59999999962747
148.19999999925494
145.10000000149012
153.69999999925494
153.19999999925494
147.30000000074506
145.80000000074506
149.59999999962747
148.59999999962747
151.40000000037253
145.69999999925494
154.5
148.7000000011176
144.09999999962747
147.59999999962747
151.19999999925494
153
146
150.60000000149012
155.69999999925494
145.30000000074506
152.39999999850988
149.7000000011176
147.90000000037253
146.19999999925494
143.5
151
149.09999999962747
152.5
149.2000000011176
147.89999999850988
150
145.10000000149012
154.19999999925494
149.09999999962747
150.7000000011176
145.2999999988824
145.80000000074506
146.2999999988824
155.80000000074506
152.30000000074506
146.89999999850988
147.5
159
143.80000000074506
150.19999999925494
146
167.80000000074506
144.5
147.09999999962747
153.30000000074506
157.40000000037253
142
145.7999999988824
151.7000000011176
153.69999999925494
143.19999999925494
150.5
148.30000000074506
152.09999999962747
142.5
150.40000000037253
151.90000000037253
154.59999999962747
144.59999999962747
147.40000000037253
146.09999999962747
149.5
152.90000000037253
145.69999999925494
150.40000000037253
154.59999999962747
147.40000000037253
141.7000000011176
153.19999999925494
156.59999999962747
147.09999999962747
141.7000000011176
147.90000000037253
160.69999999925494
145.69999999925494
142.30000000074506
155.09999999962747
151.59999999962747
144.7000000011176
143.19999999925494
154.80000000074506
151.59999999962747
147.69999999925494
145.10000000149012
150.39999999850988
155
146.10000000149012
143.39999999850988
148.80000000074506
149.59999999962747
152.2000000011176
149.89999999850988
148.7000000011176
151.19999999925494
145.59999999962747
146.10000000149012
145.19999999925494
161.19999999925494
145.5
160.60000000149012
145.7999999988824
154.40000000037253
151
146.40000000037253
148.90000000037253
156.2999999988824
144.30000000074506
145.69999999925494
144.40000000037253
161
143.90000000037253
146.90000000037253
145.59999999962747
150.2999999988824
149.10000000149012
147.59999999962747
145
155.7999999988824
147.2000000011176
149.2999999988824
150.5
154.40000000037253
157.40000000037253
144.80000000074506
147.09999999962747
151.09999999962747
150.5
144.09999999962747
147.30000000074506
149
145.59999999962747
150.40000000037253
150.90000000037253
150.5
145.2999999988824
146.09999999962747
150.7000000011176
150.69999999925494
149.7000000011176
149.59999999962747
148.40000000037253
151.89999999850988
145.2000000011176
155.19999999925494
149.2000000011176
149.5
148.5
145.89999999850988
148.7000000011176
158
144.59999999962747
147.90000000037253
148.2999999988824
155.5
142.5
151.5
145.90000000037253
152.90000000037253
142.5
145.59999999962747
157.09999999962747
154.2000000011176
142.09999999962747
146.69999999925494
149.30000000074506
152.59999999962747
141.90000000037253
155.30000000074506
147.19999999925494
155.30000000074506
141.69999999925494
147.90000000037253
154.09999999962747
152.80000000074506
147
146.69999999925494
149.90000000037253
155
147.59999999962747
147.40000000037253
147.69999999925494
153.80000000074506
143.7999999988824
144.2000000011176
153.7999999988824
165.90000000037253
145.80000000074506
146.2999999988824
152.80000000074506
157.90000000037253
150.09999999962747
142.80000000074506
147.39999999850988
152.10000000149012
147
147.39999999850988
157.7000000011176
151.7999999988824
145.90000000037253
143.7000000011176
150.39999999850988
160.5
147
145.7000000011176
157.2999999988824
151.2000000011176
144.40000000037253
148.2999999988824
151
156.5
144
149.09999999962747
146.30000000074506
157.30000000074506
147.19999999925494
153.40000000037253
148.69999999925494
155.59999999962747
150.5
148.7000000011176
144
154.90000000037253
146.69999999925494
152
144.90000000037253
161.2999999988824
156.60000000149012
146.2999999988824
159.5
153.2000000011176
155.09999999962747
147.69999999925494
145.30000000074506
151.90000000037253
144.5
146
151.7999999988824
156.40000000037253
144.5
146
150.5
149.40000000037253
150.09999999962747
148.90000000037253
151.90000000037253
149
143.69999999925494
155
150.30000000074506
146
145.5
163.2999999988824
147.7000000011176
150.19999999925494
152.09999999962747
147.5
149.09999999962747
152.80000000074506
148.19999999925494
153.2000000011176
147.59999999962747
150.69999999925494
145.60000000149012
147
150.69999999925494
157.5
145
146.5
151.30000000074506
151.59999999962747
143
155.19999999925494
151.7000000011176
151.69999999925494
139.80000000074506
146.5
153.2999999988824
159.80000000074506
142.40000000037253
152.19999999925494
145.30000000074506
152.2999999988824
145
153.30000000074506
149.40000000037253
151
144.59999999962747
145.19999999925494
150.7000000011176
154.59999999962747
141.09999999962747
146.59999999962747
147.2000000011176
156
146.69999999925494
146.59999999962747
163
152.2000000011176
145.09999999962747
142.7999999988824
157.80000000074506
153.09999999962747
146.2000000011176
144.59999999962747
156.90000000037253
156.2999999988824
145.09999999962747
147.30000000074506
145.69999999925494
153.60000000149012
147.7999999988824
144.40000000037253
155.09999999962747
149.59999999962747
147.90000000037253
142.90000000037253
151.59999999962747
160.5
147
143
148
157
145
149.2000000011176
151.7999999988824
151.2000000011176
143.39999999850988
148.10000000149012
149.2999999988824
159.80000000074506
144.40000000037253
150
146.89999999850988
152.80000000074506
149.90000000037253
150.2999999988824
143.7000000011176
154
148.2999999988824
146.40000000037253
144.7000000011176
159.5
151.5
148.09999999962747
145.19999999925494
151.59999999962747
152.30000000074506
146.69999999925494
144.7000000011176
159.19999999925494
145.40000000037253
146.30000000074506
151.2999999988824
154.2000000011176
144
146.2999999988824
152.59999999962747
149
150
150.7000000011176
152
149.7999999988824
144.7000000011176
158.69999999925494
149.80000000074506
149.19999999925494
145
148.30000000074506
146.7999999988824
151.40000000037253
153.30000000074506
148.59999999962747
147.90000000037253
153.69999999925494
145.40000000037253
151
148.80000000074506
155.59999999962747
145.5
148.5
147.19999999925494
158.2000000011176
144
145.5
149.89999999850988
153.10000000149012
140.7999999988824
152.59999999962747
148.7000000011176
153.19999999925494
141.80000000074506
151.19999999925494
154.59999999962747
153.60000000149012
142.2999999988824
145.30000000074506
148.69999999925494
151.90000000037253
146
153.59999999962747
149.5
150.59999999962747
143.30000000074506
147.30000000074506
155.89999999850988
155.7000000011176