185.73289999994813
193.1245000000672
180.1580000001195
190.68769999967117
189.90149999990535
164.739599999848
162.34209999993254
160.83609999986948
163.02019999966433
159.91940000003524
160.98950000014156
173.71589999993375
164.0004000000772
166.79690000000846
165.07499999988795
177.34870000003866
190.53009999970527
192.44839999964825
164.12569999965854
164.96450000022378
186.55949999993027
162.65679999969507
158.95420000015292
160.59050000012576
157.00060000017402
158.66460000006555
158.11489999987316
161.18999999980588
184.2063999997663
155.66949999993085
155.0480000000789
155.78570000025138
157.8498999997464
154.74630000016987
193.0699999998069
183.97490000006655
182.70870000014838
183.07730000015
179.8969000001307
181.6686000001937
181.96979999993346
182.60780000036902
182.2228000000905
184.8946000000069
155.0216000000546
154.0821000003234
157.42219999992813
155.3756000002977
154.47239999957674
154.8569999999927
155.23389999998471
156.215400000292
155.03829999988739
155.58779999992112
156.17139999994833
155.69219999997586
155.74020000030941
153.5252999997283
157.927600000221
155.81509999992704
153.45879999995304
152.92289999979403
154.3575000000601
154.75849999984348
154.65779999976803
154.58859999989727
153.38130000009187
153.91619999991235
155.26319999980842
155.02750000041488
154.7897999998895
154.16170000025886
154.63100000033592
153.1804999999622
153.52689999963332
154.16309999955047
152.1287000000484
155.73950000043624
158.17500000002838
154.31509999962145
156.11919999992097
152.5630999999521
155.94869999995353
169.0968999996585
156.35139999994863
157.14340000022275
160.43829999989612
158.15999999995256
155.792499999734
156.85389999998733
158.3744999998089
155.6857000000491
156.78209999987303
156.23180000011416
184.89450000015495
185.75370000007752
183.73299999984738
184.31280000004335
181.2356999998883
187.4102000001585
155.31220000002577
156.3429000002543
155.96940000023096
152.78919999991558
153.4638999996787
157.8215000004093
155.84620000026916
158.9697999997952
156.9008000001304
155.1672000000508
157.1593999997276
154.9870999997438
179.57010000009177
153.034899999966
157.07800000018324
155.47709999964354
159.41549999979543
155.63580000025468
156.773499999872
158.80399999969086
155.49060000012105
157.48789999997825
155.17480000016803
155.73700000004465
155.44109999973443
156.49170000006052
155.2919999999176
155.84579999995185
157.702099999824
157.94019999975717
157.3259000001599
157.2662999997192
158.80079999988084
152.65679999993154
152.2781999997278
154.37999999994645
152.0570000002408
154.15919999986727
152.4877000001652
152.19089999982316
152.8675999998086
152.34600000030696
152.9091000002154
153.45390000038606
153.4022000000732
155.55739999990692
151.78919999971185
158.32990000035352
156.46800000013172
154.32120000014038
155.1649000002726
152.32799999967028
150.54440000039904
150.14600000040446
151.39589999989767
151.22980000023745
155.52579999985028
155.251700000008
155.11629999991783
153.93949999997858
171.87590000003183
170.04159999987678
171.4758000002803
170.3829999996742
171.92729999987932
172.44140000002517
168.9589999996315
169.39349999984188
170.45500000040192
169.20250000021042
157.67679999999018
180.11299999989205
173.3924999998635
170.6647000000885
171.01450000018303
171.73510000020542
171.45830000026763
172.4730000000818
169.6607999997468
172.0885999998245
172.0553000000109
173.8799999998264
172.4816999999348
155.11700000024575
152.94119999998657
151.7292000003181
152.44540000003326
152.595200000178
152.3872000002484
152.73279999973965
152.3579999998219
157.85609999966255
161.47000000000844
162.88140000006024
158.37099999998827
159.64130000020305
155.81280000014885
156.5480999997817
155.24869999990187
156.03330000021742
157.7980000001844
157.33510000018214
157.09209999977247
157.07519999978103
161.2307000000328
157.71940000013274
182.51039999995555
179.5296000000235
177.10910000005242
171.1766000003081
155.37880000010773
154.25630000027013
153.90109999998458
157.56359999977576
153.76299999979892
156.29040000021632
154.58570000009786
153.49479999986215
153.07229999962146
156.13400000029287
155.2864000000227
153.14569999964078
178.58579999983704
169.30589999992662
169.36020000002827
157.5460999997631
152.21980000023905
156.96810000008554
172.9064000001017
170.876700000008
172.58719999972527
171.20370000020557
157.52850000035323
152.94690000018818
153.62000000004628
153.3914999999979
152.8110000003835
152.50699999978679
151.0683000001336
151.34470000020883
157.35440000025847
155.03469999976005
154.46109999993496
160.40139999995517
169.36699999996563
172.41220000005342
174.36329999964073
169.43910000009055
169.19469999993453
157.4017999996613
156.56540000009045
174.51830000027257
172.32449999983146
168.47789999974339
168.5950999999477
175.13229999985924
183.25240000012855
165.06519999984448
157.98530000029132
183.88649999997142
171.65439999962473
166.5701000001718
158.0892000001768
151.3648000000103
151.97089999992386
151.99650000022302
150.79699999978402
151.912700000139
152.3048999997627
153.64009999984773
152.0741999997881
172.6902999998856
170.10140000002139
168.05589999967196
169.56889999983105
174.99939999970593
172.13280000032682
171.7450999999528
171.53430000007575
155.26009999985035
158.8795999996364
175.07400000022244
171.1512000001676
169.8065000000497
170.35430000032648
166.43500000009226
152.00979999963238
155.46330000006492
156.4501999996537
155.79840000009426
154.92440000025454
153.43039999970642
151.9583999997849
151.6898999998375
153.349100000014
152.55119999983435
151.35240000017802
151.35010000039983
151.59519999997428
151.72819999997955
150.71279999983744
150.7926999997835
152.2479000000203
152.58529999982784
150.87569999968764
151.83989999968617
150.87540000013178
153.43639999991865
154.04990000024554
171.37689999981376
168.05729999987307
154.85929999977088
170.0501999998778
171.55959999990955
194.49749999967025
192.85189999982322
183.80309999974997
160.07170000011683
154.42989999974088
156.8517000000611
154.83860000040295
158.22690000004513
154.73829999973532
154.28320000000895
153.91619999991235
153.95119999993767
155.07590000015625
155.15869999990173
154.97529999993276
157.25839999959135
154.5630999999048
154.79759999971066
155.9794999998303
154.74919999996928
155.17970000018977
155.1910999996835
153.9839000001848
155.57749999970838
173.04660000036165
159.82949999988705
156.97000000000116
153.48889999995663
154.4088999999076
153.84820000008403
155.021300000044
155.2455999999438
157.68429999980071
171.72359999995024
172.65139999972234
167.5846999996793
194.8221999996349
169.78279999966617
188.92249999998967
195.509900000161
189.56519999983357
171.86240000000907
175.33580000008442
153.48369999992428
153.28960000033476
151.5177000001131
153.99710000019695
178.86749999979656
158.88559999984864
155.34160000015618
153.95550000039293
156.78190000016912
162.3007999996844
170.0768999999127
169.78990000006888
168.30120000031457
167.61200000019016
174.9736000001576
178.1319000001531
181.04399999992893
181.91429999978936
179.01229999961288
178.55690000033064
178.2256999999845
177.31340000000273
177.08770000035656
168.162900000425
154.14460000010877
165.6207999999424
178.39589999994132
180.29189999970185
176.44909999989977
182.21189999985654
173.02190000009432
155.4550000000745
156.33400000024267
154.37599999995655
154.86449999980323
174.8809999999139
159.4835000000785
155.7686000001013
155.0755000002937
156.04520000033517
154.96040000016365
156.80410000004485
151.37660000027608
154.60140000004685
154.67880000005607
152.7376999997614
152.07629999986239
175.71480000015072
176.83239999996658
182.42810000037935
177.88560000008147
176.82349999995495
177.1134999999049
179.9501999998938
179.29189999995288
176.25950000001467
176.83579999993526
179.08170000009704
181.50639999976192
182.83569999994143
180.14790000006542
181.15239999997357
177.716799999871
177.0622999997613
175.07219999970403
175.9425000000192
175.97010000008595
176.48340000005192
176.741199999924
177.66870000014023
179.51989999983198
175.37959999981467
177.1571999997832
155.60969999978624
153.94579999974667
154.5774999999594
155.18629999996847
157.1208000000297
155.48069999977088
157.60090000003402
155.54800000018076
155.5717999999615
156.2684000000445
158.41080000018337
158.0613999999514
153.98240000013175
155.0449999999728
154.46849999989354
155.4771000000983
155.52190000016708
152.10750000005646
155.5822000000262
152.83259999978327
153.77390000003288
153.33629999986442
152.5713999999425
155.6498999998439
153.66690000018934
152.19660000002477
152.7304000001095
151.21450000015102
152.1599000002425
153.6761000002116
152.01969999998255
157.06970000019282
152.67579999999725
153.13859999969281
156.2005999999201
178.77379999981713
180.17939999981536
176.6037000002143
175.7670000001781
180.72310000025027
167.3806999997396
155.24920000007114
157.7314999999544
158.5891000004267
155.55909999966389
173.2664000001023
178.63729999999123
180.71199999985765
163.84699999980512
176.08900000004724
176.1145000000397
175.96949999960998
180.2413999998862
177.38640000015948
175.24200000025303
177.62790000006135
174.6304999996937
174.45069999985208
176.25449999968623
179.24409999977797
174.84109999986686
176.22519999986253
175.88379999961035
178.7253000002238
180.84959999987404
180.61800000032235
179.75149999983842
165.41899999992893
156.0257000001002
156.72749999976077
153.60779999991792
154.42269999994096
154.104599999755
188.32230000043637
176.88150000003589
180.31870000004346
153.94530000003215
153.26730000015232
152.06480000006195
151.37219999996887
151.29649999971662
151.66890000000421
153.633599999921
155.73649999987538
152.29109999972934
152.429199999915
153.7521000000197
152.47520000002623
152.71380000012869
151.80469999995694
151.8642999999429
151.80989999998928
153.70119999988674
152.10509999997157
151.7308999996203
152.01829999978145
153.51539999983288
151.74189999970622
153.67209999976694
152.1762000002127
152.63940000022558
155.36930000007487
156.71849999989718
157.04480000022158
157.03920000032667
175.70949999981167
175.6862000002002
173.7052999997104
174.365399999715
175.9940000001734
178.02849999998216
177.6162999999542
177.57950000031997
179.7725999999784
177.79419999988022
177.59819999992033
179.78989999983241
179.30269999988013
177.2091000002547
181.1118999999053
175.64330000004702
181.99060000006284
167.1820999999909
155.64649999987523
157.07870000005641
157.4164999997265
158.1884999995964
155.56070000002364
156.87709999974686
157.1139999996376
178.57610000010027
181.96579999994356
157.56559999999808
152.71239999992758
151.11809999962134
155.26580000005197
188.35539999963657
184.3576999999641
157.97240000028978
156.01059999971767
155.8129000000008
155.82919999997102
163.53040000012697
170.84599999998318
168.2653000002574
158.97399999994377
155.2745000003597
155.44890000001033
179.73470000015368
170.78799999990224
155.5591999999706
156.17969999993875
156.47169999965627
154.8262999999679
154.5191000000159
154.7884999999951
156.4939999998387
182.20770000016273
183.53040000010878
180.45870000014474
163.70629999983066
157.50860000025568
157.22390000019004
153.91580000004979
154.09150000004956
154.77510000027905
153.8418999998612
154.6278999999231
154.47269999958735
157.15399999999136
158.00390000003972
156.34489999956713
154.03470000001107
154.6063000000686
154.48970000034024
158.03159999995842
181.15780000016457
170.09920000009515
157.0715000002565
155.9892000000218
155.24820000018735
154.61499999992157
159.08669999998892
155.0535999999738
156.0978000002251
154.6288999998069
180.9344000002966
158.68689999979324
158.10430000010456
183.32009999994625
180.2588000000469
183.06370000027528
182.38519999977143
180.4812000000311
184.15790000017296
182.52159999974538
180.34699999998338
182.1778000003178
180.95350000021426
169.45129999976416
180.62159999999494
179.82059999985722
181.33559999978388
180.88769999985743
160.73099999994156
156.4579999999296
154.63649999992413
154.233899999781
154.22510000007605
152.17160000020158
151.96500000001834
154.8955000002934
156.39670000018668
156.31630000007135
155.6300000002011
155.45990000009624
155.43419999994512
155.0091999997676
156.47649999982605
155.51289999984874
155.08300000010422
155.63040000006367
154.65149999999994
153.59510000007504
156.31930000017746
154.7235999996701
154.66839999999138
156.51299999990442
154.541600000357
155.2139000000352
154.40699999999197
156.63869999980307
154.91709999969316
170.00899999993635
154.68019999980243
154.95169999985592
155.1924999998846
153.98740000000544
154.03190000006362
155.67939999982627
182.0864999999685
158.03280000000086
154.80590000015582
156.625300000087
155.39080000007743
155.1939000000857
155.5967999997847
155.57089999992968
155.44230000023163
154.6083000002909
158.16840000024968
156.71659999998155
154.2859999999564
155.86450000000696
155.39960000023711
154.2741999996906
155.24880000020858
157.84119999989343
154.1919000001144
153.39309999990292
153.83760000031543
154.64419999989332
155.62260000024253
178.88619999985167
175.00440000003437
174.73270000027696
174.58280000028026
175.66840000017692
178.70459999994637
178.757300000143
174.94799999985844
174.86220000000685
175.2581000000646
175.753099999838
156.20179999996253
154.70349999986865
153.9749000003212
177.25330000030226
174.55900000004476
150.71530000022904
152.21070000006875
154.29820000008476
153.078700000151
154.59259999988717
157.60619999991832
159.0369999998984
156.35389999988547
160.65730000036638
154.98280000019804
164.35210000008738
175.21679999981643
181.2435000001642
179.32650000011563
175.79250000017055
155.9316999996554
156.7270999998982
154.63610000006156
155.73840000024575
155.53300000010495
155.3883000001406
153.9357999999993
155.93549999994138
155.0416000000041
154.72780000027342
153.9278000000195
155.66709999984596
155.36909999991622
155.09130000009463
155.94860000010158
157.54740000011225
155.0254999997378
174.73150000023452
181.04519999997137
178.96650000011505
177.39990000018224
181.19899999965128
180.9256000001369
181.8453999999292
179.9447000003056
180.7170000001861
181.48539999992863
183.1875000002583
166.09879999987243
182.27299999989555
179.0025999998761
179.081799999949
178.71980000018084
180.96199999990858
178.42129999962708
156.0698000002958
155.8749999999236
155.63290000000052
154.99820000013642
156.99009999980262
155.44420000014725
154.95740000005753
153.939100000116
155.43060000027253
156.2926999999945
155.0019000001157
154.96269999994183
156.40200000007098
157.21910000002026
156.1145000000579
153.57349999976577
154.2460000000574
154.40209999997023
155.2639999999883
155.61099999968064
154.14229999987583
153.84750000021086
154.0631000002577
154.1164000000208
153.9972000000489
156.00260000019261
157.62409999979354
155.83719999995083
178.25330000005124
180.73009999989154
183.05469999995694
181.96760000000722
178.8592000002609
182.97639999991588
181.0976000001574
182.20190000010916
181.24699999998484
172.62429999982487
154.67200000011871
153.43639999991865
179.90959999997358
177.96260000022812
154.75830000013957
170.31159999987722
178.8235999997596
177.80340000035721
179.21579999983805
182.21459999995204
184.3368000004375
177.20599999984188
152.95199999991382
151.40489999976126
151.53609999970286
150.61110000033295
150.50710000014078
153.74789999987115
152.4785999999949
153.5084000001916
150.87509999966642
151.2771999996403
150.68199999996068
152.59729999979754
154.1511000000355
153.58439999999973
151.35929999996733
151.74179999985427
151.85220000012123
152.2874000002048
153.0768999996326
151.98329999975613
152.31420000009166
152.0316000001003
153.7794999999278
154.9619000002167
154.6614000003501
157.42520000003424
154.89720000005036
156.17780000002313
154.4979999998759
154.792499999985
156.4530000000559
154.56349999976737
153.92049999991286
155.0678000003245
153.78279999958977
154.43829999958325
154.89079999997557
155.34919999981867
154.76360000002387
155.3118000001632
154.34619999996357
153.90400000023874
154.68539999983477
154.8837000000276
165.12749999992593
171.53860000007626
171.5718000000379
169.96689999996306
171.29049999994095
171.24139999987165
174.25779999985025
171.91109999976106
170.2743000000737
154.8275999998623
156.83720000015455
155.93919999992067
156.0432999999648
156.7402000000584
152.40970000013476
151.28899999990608
151.5332999997554
151.80170000030557
150.90139999983876
155.50309999980527
152.04029999995328
150.62350000016522
151.28139999978885
150.93630000001212
153.29020000035598
150.69390000007843
150.98589999979595
176.68110000022352
171.61449999957767
169.07450000007884
169.72350000014558
170.51300000002811
174.1322000002583
168.77569999996922
172.1490999998423
172.32190000004266
155.18490000022211
155.9422000000268
159.219000000121
169.58930000009786
151.72729999994772
155.6433000000652
154.61899999991147
154.34929999992164
156.3796000000366
150.6374999999025
155.47430000015083
155.2772999998524
155.67719999990004
156.41219999997702
155.4455999998936
172.70680000001448
172.80080000000453
170.52539999986038
169.1793999998481
169.7887999998784
171.43990000022313
157.54340000012235
150.4477000003135
154.3455000000904
156.405199999881
154.84729999980118
151.7017000001033
151.08750000035798
173.18500000010317
171.78680000006352
171.241199999713
170.43530000000828
169.92179999988366
172.7375000000393
152.05550000018775
150.9157000000414
149.95720000024448
152.03240000028018
152.0156000001407
152.3480999999265
150.22859999999127
151.71989999998914
160.91719999985798
175.55969999966692
171.17689999986396
172.79439999992974
154.28519999977652
153.89130000039586
153.53860000004715
153.9900999996462
154.66680000008637
153.44790000017383
153.76419999984137
154.81300000010378
153.78420000024562
171.3081000002603
170.34240000020873
170.0445999999829
173.53890000003958
170.883700000104
169.50230000020383
154.30090000018026
166.53110000015658
153.69920000011916
153.7991999998667
153.47990000009304
153.40640000022177
154.04669999998077
154.2884000000413
155.13350000037462
153.61510000002454
156.4061999997648
154.90920000002006
154.4079000000238
154.88319999985833
161.93799999973635
170.57500000009895
170.79370000010385
168.8782999999603
169.54370000030394
169.8223000003054
170.89099999975588
168.6478999999963
172.57289999997738
175.29130000002624
179.78760000005423
170.54319999988365
169.16530000025887
171.97499999974752
171.16769999984172
172.46299999987968
171.2326000001667
169.9610999999095
172.9878999999528
169.98170000033497
174.00720000023284
171.73099999990882
171.80489999964266
169.4551999999021
167.1182999998564
154.64539999993576
170.5482000002121
172.8675999997904
171.50429999992411
169.04840000006516
170.4875999998876
172.67880000008518
170.35630000009405
170.6741000002694
172.21470000004047
160.47580000031303
153.35120000008828
154.69690000008995
153.36640000032276
155.40899999996327
156.11070000022664
151.0176000001593
152.26959999972678
150.84890000025553
151.5970999998899
150.78840000023774
153.60410000039337
154.28879999990386
154.81139999974403
152.81930000037391
154.17009999964648
154.98789999992368
153.4455999999409
170.50349999999526
173.692100000153
165.9324000002016
168.9953999998579
154.6592999998211
177.9132000001482
166.43210000029285
168.50399999975707
168.71530000025814
169.42740000013146
169.3745000002309
156.75950000013472
150.91769999980897
151.24229999992167
152.43310000005295
154.77180000016233
155.5687999998554
153.55399999998554
154.75849999984348
155.1329999997506
153.96160000000236
154.82010000005175
157.41209999987404
154.48460000015984
156.45279999989725
154.42769999981465
154.70939999977418
155.36870000005365
153.84620000031646
154.3683999998393
154.30000000014843
153.4022000000732
156.89889999976003
155.35689999978786
154.98090000028242
155.3662000001168
153.9216999999553
154.79340000001685
149.81059999990975
152.42510000007314
150.36190000000715
151.09199999960765
152.16389999977764
149.82589999999618
151.32149999999456
151.35179999970205
150.0994999996692
149.87210000026607
151.1884999999893
150.02960000038001
150.4224999998769
151.88099999977567
150.90569999983927
151.74919999981284
150.27699999973265
154.12500000002183
150.74860000004264
150.58760000010807
151.32600000015373
150.13890000000174
150.53260000013324
150.5883999998332
154.7309000002315
153.91159999990123
170.16990000001897
167.32630000024074
168.2556000000659
173.23990000022604
172.98119999986739
168.48970000000918
168.77359999989494
169.12609999963024
175.52830000022368
176.42289999957939
168.52390000030937
156.41029999960665
156.2220000000707
164.7170000001097
152.34750000036001
151.2640000000829
153.8036000001739
155.67909999981566
154.9660999999105
155.08009999985006
154.6699999998964
154.97729999970034
155.3155000001425
154.59809999993013
154.89499999966938
156.21740000005957
156.5719000000172
176.25029999999242
177.63379999996687
181.10100000012608
185.36429999994652
170.39489999979196
154.8133000001144
153.58829999968293
151.82430000004388
152.647700000216
155.6138999999348
154.63620000036826
154.6570000000429
156.47339999986798
182.20890000020518
157.37059999992198
154.69290000010005
155.4882999998881
154.52789999972083
155.24589999995442
155.73379999977988
153.19969999973182
152.980800000023
153.4950000000208
155.02070000002277
187.65169999960563
175.311800000145
179.8930999998447
156.23880000021018
154.1682000001856
155.0397000000885
156.79529999988517
156.8899999997484
154.77979999968738
154.82390000033774
153.4590000001117
154.31979999993928
154.4781000002331
156.25439999985247
157.05709999974715
156.87779999962004
157.07460000021456
154.07890000005864
154.68030000010913
157.2387000001072
153.9452000001802
156.55809999998382
154.3482000001859
154.39329999981055
153.93889999995736
154.05199999986507
154.87380000013218
154.75659999992786
155.23149999989982
153.9255000002413
154.22769999986485
179.08360000001267
180.18260000008013
173.18119999981718
178.33629999995537
176.09879999963596
174.00339999994685
176.64730000024065
176.90829999992275
175.9049000002051
180.1061999999547
180.82090000007156
153.8642999998956
154.51819999998406
153.17219999997178
151.7337000000225
152.09709999999177
152.7048000002651
152.67309999990175
151.37880000020232
156.22399999983827
154.8707000001741
154.6173000001545
157.0358999997552
153.85020000030636
153.4241999997903
155.77669999993304
157.29760000021997
153.9826000002904
155.61860000025263
154.63649999992413
154.97969999978523
155.46779999976934
150.55870000014693
151.30120000003444
150.59689999998227
152.450300000055
155.13740000005782
155.1924999998846
156.30770000007033
154.08069999966756
155.04680000003646
155.59219999977358
153.72759999991104
154.9789000000601
152.10669999987658
152.37440000009883
151.73390000018117
152.0252000000255
152.19920000026832
180.4815000000417
180.54920000031416
177.70689999997558
154.13330000001224
157.3326999996425
155.83049999986542
154.6037000002798
154.5322000001761
154.89999999999782
155.2612999998928
154.81769999996686
158.15840000004755
157.56129999999757
159.00990000000093
156.53139999994892
157.41140000000087
153.9597999999387
166.99890000018058
174.09189999989394
175.79220000015994
178.32320000024993
158.5453999996389
153.96450000025652
153.794199999993
156.57260000034512
160.48910000017713
172.84599999993588
175.58789999975488
174.79880000018966
155.3463999998712
153.4603000000061
156.2699999999495
151.4698999999382
151.54089999987264
182.98219999996945
175.26150000003327
178.61069999980828
175.45530000006693
174.7786000000815
173.90059999979712
162.4880000003941
155.33989999994446
155.88100000013583
157.55769999987024
154.49739999985468
155.7012000002942
154.05280000004495
154.57470000001194
155.15400000003865
154.18540000018766
153.05930000022272
156.71960000008767
154.22820000003412
157.60469999986526
155.03150000040478
154.4026000001395
154.77670000018406
154.96619999976247
155.04039999996166
154.01900000006208
156.64779999997336
159.2823999999382
155.4866999999831
164.31790000024193
180.44759999975213
179.11240000012185
178.0973999998423
179.32090000022072
155.05919999986872
156.06060000027355
155.5193999997755
153.6615999998503
155.45550000024377
154.9196999999367
156.44620000011855
180.41569999968488
178.91489999965415
180.61519999992015
178.77369999996517
181.13009999979113
180.48989999988407
180.1193000001149
174.84449999983553
150.2715999999964
152.72559999993973
153.2427000001917
151.4620000002651
157.9452000000856
155.78809999988152
154.5923999997285
154.42380000013145
157.17380000023695
155.36089999977776
154.48579999974754
154.68689999988783
154.53530000013416
155.62999999974636
155.74789999982386
156.10240000023623
167.63010000022405
175.24079999975584
175.58759999974427
175.34440000008544
177.43289999998524
175.82820000006905
177.9834999997547
155.94430000010107
155.03149999995003
154.74649999987378
151.96330000026137
155.41950000033466
151.46239999967293
151.91460000005463
150.50670000027822
151.66610000005676
151.21470000030968
152.33009999974456
152.05999999989217
151.50889999995343
151.50479999965683
151.51130000003832
151.80159999999887
150.39690000003247
153.93760000006296
155.96300000015617
152.33679999982996
151.965200000177
150.8841999998367
151.44480000026306
151.05539999967732
150.264899999911
152.93620000011288
151.74460000025647
152.79860000009649
153.87160000000222
167.17120000021168
172.8143000000273
180.51180000020395
178.87050000035742
178.24640000026193
159.19289999965258
154.89609999985987
154.63760000011462
153.87710000004517
156.27730000005613
164.89580000006754
177.65099999996892
175.72420000033162
176.9973000000391
179.1638999998213
155.99150000025475
151.71860000009474
152.53440000014962
151.64789999971617
150.8777000003647
150.9710999998788
151.3553999998294
152.77689999993527
153.02470000005997
152.47400000043854
152.16190000001006
149.64150000014342
154.28190000011455
152.44399999983216
151.4441999997871
151.7025999996804
154.87660000007963
151.59230000017487
151.86420000009093
151.42409999998563
154.10279999969134
152.59829999968133
152.33719999969253
150.76429999999164
151.31330000031085
184.19420000009268
164.18750000002547
176.02889999989202
181.32109999987733
180.21310000040103
180.72840000013457
154.53329999991183
156.5957000002527
155.34149999984947
173.44860000002882
178.19349999990663
179.77299999984098
155.62790000012683
175.69719999983135
154.61069999992105
154.71359999992274
154.10479999991367
154.7205000001668
155.0268999999389
181.43109999982698
181.14869999999428
180.46849999973347
178.2378999996581
166.87880000017685
151.59519999997428
152.01459999980216
151.0997000000316
150.4994000001716
151.37509999976828
150.5555999997341
150.30639999986306
150.57660000002215
151.18310000025303
152.14419999983875
152.11920000001555
152.99170000025697
150.48109999997905
177.66440000013972
153.42039999995905
152.1232999998574
151.90250000023298
151.3860999998542
152.61559999999008
151.46929999991698
151.47890000025654
151.35800000007293
152.11829999998372
155.02699999979086
154.158699999698
154.97730000015508
155.8546999999635
154.49470000021392
154.85400000034133
155.50690000009126
154.92059999996854
154.37199999996665
153.98850000019593
160.45329999997193
171.6551999998046
169.48539999975765
155.36119999978837
150.68870000004608
152.12249999967753
150.6403999997019
151.36440000014773
148.99190000005547
153.72160000015356
155.6598999995913
153.04180000021006
154.2303000001084
153.56569999994463
154.2394999996759
154.5296999997845
154.61529999993218
151.1796999998296
152.005200000076
155.3036999998767
157.10420000004888
152.3022999999739
180.93550000003233
168.79680000010922
174.32419999977355
170.25450000028286
168.76809999985198
168.84870000012597
171.698699999979
170.92550000006668
169.50130000032004
172.00880000018515
169.4164999998975
171.60950000015873
166.93900000018402
167.1464000000924
168.10380000015357
170.31630000019504
170.61550000016723
169.1544000000249
154.5840000003409
154.28259999998772
153.41269999998985
156.8136000000777
152.28380000007746
149.83780000011393
150.8961999998064
150.3165999997691
151.0518999998567
151.56059999981153
150.45379999992292
150.12910000041302
152.6800000001458
155.25579999984984
153.92979999978706
152.52650000002177
157.92270000019926
155.5462000001171
153.43010000015056
153.8924000001316
153.7316999997529
153.89700000014273
156.27150000000256
153.2100999997965
178.653999999824
175.54139999992913
154.22739999985424
154.21900000001187
153.5225999996328
155.13889999965613
154.00570000019798
166.305199999897
169.64980000011565
166.52559999965888
155.88909999996758
149.2988999998488
151.202099999864
149.97859999994034
151.67589999964548
150.29939999976705
155.04469999996218
152.83539999973073
176.96750000004613
167.16720000022178
170.58869999982562
169.3132999998852
168.99299999977302
169.98240000020814
166.93919999988793
168.81270000021686
167.68890000003012
166.7293000000427
166.99640000024374
169.92499999969368
170.48950000025798
153.41129999978875
166.89580000002024
168.49610000008397
167.4775999999838
154.04690000013943
153.85699999978897
153.73200000021825
153.57650000032663
153.4481999997297
170.417499999985
167.88610000003246
171.71049999979004
169.9930999998287
168.58149999961825
168.12479999998686
169.57490000004327
163.83330000007845
154.63270000009288
154.11900000026435
153.72960000013336
154.03939999987415
150.58349999981147
152.77449999985038
153.07590000020355
178.33900000005087
172.70220000000336
168.83700000016688
169.96440000002622
168.62730000002557
166.26750000023094
167.27140000011786
171.68869999977687
170.79310000008263
165.7193000000916
170.12100000010832
172.03349999999773
169.1252999999051
168.60440000027666
166.10339999988355
169.40549999981158
170.83610000008775
167.23000000001775
159.26549999994677
151.4302000000498
149.93279999998776
149.49639999986175
149.76870000009512
149.73730000019714
151.93279999994047
168.49480000018957
170.1508000001013
150.05790000031993
150.666199999705
153.87890000010884
154.90129999989222
155.52690000004077
154.701699999805
154.45520000002944
153.79189999976006
154.74100000028557
157.23520000028657
172.9059999997844
178.08569999988322
176.23730000013893
174.96739999978672
179.81319999989864
176.80019999988872
177.99539999987246
154.12019999985205
154.2157999997471
154.82999999994718
153.65870000005089
156.47209999997358
155.95789999997578
154.6090999995613
153.73659999977463
155.6575999998131
180.25070000021515
178.64430000008724
167.28460000013
154.2319000000134
155.38520000018252
154.02969999968263
155.69300000015573
154.26519999982702
157.38580000015645
153.68149999994785
153.37760000011258
177.5152000000162
174.26609999984066
176.80909999990035
177.36250000007203
177.34510000036607
153.37310000040816
154.55710000014733
153.65380000002915
154.99529999988226
153.88889999985622
151.4401999997972
152.55309999974997
150.53260000013324
152.32600000035745
151.75410000028933
151.008499999989
150.0688999999511
151.99099999972532
154.29719999974623
156.042300000081
156.66030000011233
154.5267999999851
173.341100000016
177.68680000017412
174.2340000000695
173.1233999998949
155.0801000003048
155.26269999963915
155.93660000013188
155.02539999988585
153.68489999991652
154.36490000001868
155.90739999970538
153.55920000001788
156.7339999996875
156.8608000002314
181.95690000038667
181.24009999974078
180.66159999989395
156.1541999999463
155.17010000030496
158.64449999980934
155.77630000007048
155.96570000025167
155.00539999993634
153.59739999985322
151.24100000002727
152.5856999996904
151.72099999972488
153.71509999977206
152.50520000017787
150.87270000003628
150.36369999961607
150.5821000000651
187.13039999965986
158.80250000009255
153.53670000013153
151.80989999998928
153.08219999997164
151.78319999995438
154.69880000000558
152.39489999976286
151.80319999990388
152.1045999998023
150.6069000001844
152.1215999996457
170.34469999998691
179.97310000009747
181.07689999987997
181.75650000011956
181.20779999981096
183.57629999991332
182.9050000001189
181.0037000000193
182.99049999995987
181.90469999990455
181.75990000008824
181.79150000014488
181.4742000001388
155.53890000001047
155.37180000001172
154.45649999992384
177.35339999990174
155.7637999999315
156.72789999962333
154.82079999992493
154.2090999996617
154.72799999997733
155.12589999980264
158.79650000033507
175.14630000005127
175.89520000001357
176.0818000002473
173.6849999997503
153.27930000012202
151.53789999976652
155.41810000013356
151.7716999996992
152.56929999986824
151.7868000000817
152.6573000001008
151.32309999989957
151.65309999974852
152.4891000003663
154.30239999977857
154.99259999978676
153.74289999999746
154.86820000023727
155.8985000001485
155.56299999980183
154.55580000025293
150.47069999991436
151.8087999997988
151.4044999998987
152.66430000019682
151.06729999979507
151.6921000002185
150.95609999980297
151.63200000006327
154.98680000018794
152.57370000017545
150.32810000002428
153.33670000018174
151.90519999987373
150.67399999998088
151.07910000006086
150.54009999994378
152.42350000016813
151.8105000000105
152.06520000037926
151.4911999997821
151.87109999988024
150.7392000003165
180.48179999959757
180.77949999997145
164.10170000017388
154.20399999993606
155.24750000031418
154.98329999991256
181.8252000002758
153.52720000009867
152.25569999984145
152.4109000001772
151.970600000368
151.28110000023298
150.90760000020964
152.16170000030615
150.98519999992277
153.34179999990738
150.83759999970425
151.22540000038498
151.08749999990323
151.3041999996858
150.57889999980034
152.14359999981752
151.15650000007008
153.4057999997458
151.4377999997123
150.6294999999227
151.65559999968536
150.30139999998937
155.31940000028044
153.9402999997037
150.59370000017225
151.2655999999879
155.77489999986938
178.86500000031447
177.44700000002922
178.6142999999356
155.98180000006323
154.87149999989924
155.01020000010612
162.55249999994703
170.64650000020265
171.39989999986938
171.71579999967435
173.60119999966628
172.8994000000057
169.94679999970685
168.03789999994478
150.67670000007638
152.32280000009268
152.483299999858
152.41509999987102
150.264899999911
150.5591000000095
152.11490000001504
150.66410000008545
150.12419999993654
150.09220000001733
150.01279999978578
152.33139999963896
151.09169999959704
151.2971000001926
152.64799999977186
151.23979999998483
150.53039999975226
149.33990000008635
149.77570000019114
151.06759999980568
151.46580000009635
151.69990000003963
150.07599999989907
151.3593999998193
150.84170000000086
150.97000000014305
152.5563999998667
149.71839999998338
150.75889999980063
151.14660000017466
150.51130000028934
150.5342999998902
153.33909999981188
152.57969999993293
151.1556999998902
157.59190000017043
160.77399999994668
168.8958999998249
172.4936999999045
169.2406000001938
169.70089999995253
175.36040000004505
169.53870000043025
171.38059999979305
172.58140000012645
174.1382000000158
170.3056999999717
170.98729999997886
171.38650000015332
167.07450000012614
150.4085000001396
150.226499999917
150.9261000001061
151.96060000016587
151.24779999996463
151.44389999977648
150.8974000003036
151.00289999963934
153.08709999999337
150.30860000024404
151.19640000011714
149.93900000035865
150.557999999819
149.90220000026966
150.77059999975972
151.07550000038827
153.17899999990914
171.6956999998729
169.10009999992326
167.9932000001827
170.67880000013247
169.72070000019812
168.2064999999966
168.04910000018936
169.1321000002972
169.1171000002214
181.98089999987133
190.77809999998863
168.2002000002285
174.08290000003035
170.02320000028703
157.96689999979208
156.08350000002247
154.13269999999102
153.06150000014895
155.28020000010656
153.56799999972282
157.60670000008759
154.69949999987875
155.02080000032947
152.95860000014727
153.74229999997624
155.84230000013122
167.42569999996704
171.59179999998742
170.40709999992032
169.31430000022374
169.21700000011697
169.07010000022638
166.94209999968734
166.66979999990872
153.09630000001562
153.29930000007153
153.46260000023904
155.24520000008124
154.68959999998333
149.64669999972102
152.61489999966216
149.88739999989775
179.6433999998044
169.30039999988367
170.17919999989317
163.79949999964083
151.1703999999554
150.60270000003584
154.24299999995128
153.44809999987774
154.2832999998609
152.63270000014018
156.08579999980066
155.20509999987553
152.56209999961357
151.1462999997093
149.9101999997947
152.27239999967424
153.64660000022923
150.5901000000449
150.73190000020986
151.28210000011677
150.0421999999162
150.74330000015834
149.23769999995784
150.83869999989474
152.25770000006378
152.51930000022185
151.24050000031275
150.84630000001198
150.96970000013243
149.8913000000357
151.4284999998381
150.62680000028195
149.5506999999634
151.36889999985215
150.606699999571
150.46380000012505
151.08509999981834
150.81549999968047
151.61059999991267
150.891700000102
152.12209999981496
149.94630000001052
150.30810000007477
150.67610000005516
170.7165999996505
154.28539999993518
154.06480000001466
167.3252999999022
153.86889999990672
154.61629999981596
154.52269999968848
155.68990000019767
154.05509999982314
153.83459999975457
152.70170000030703
152.4595999999292
153.1755000000885
156.19890000016312
153.97379999967598
153.87570000029882
170.22180000003573
167.46499999999287
169.10299999972267
161.8253999999979
155.13879999980418
153.9583000003404
155.28840000024502
153.80899999991016
167.99799999989773
169.77640000004612
168.1589999998323
153.72439999964627
153.05429999989428
153.22389999982988
155.20199999991746
154.862299999877
155.97070000012536
171.60180000018954
168.94349999984115
169.0072000001237
169.8249000000942
169.44280000006984
170.64339999978984
162.22870000001421
156.3005000002704
155.22349999992002
153.6348999998154
154.63909999971293
156.2709999998333
153.6471999997957
154.2939999999362
153.81799999977375
151.95870000025025
150.88859999968918
150.91100000017832
154.6333000001141
155.40820000023814
176.2641000000258
176.57410000037999
177.71889999994528
177.4833999998009
181.0926000002837
178.67969999997513
176.68470000035086
166.4253999997527
179.77040000005218
176.20940000006158
178.07510000011462
173.51900000039677
179.033100000197
155.41989999974248
154.6809999999823
156.57539999983783
151.1502999996992
152.1778000001177
152.18050000021321
150.2316000000974
152.45879999974932
153.98659999982556
157.23409999964133
154.86979999968753
156.82639999977255
154.4969999999921
153.40740000010555
154.02679999988322
155.83539999988716
156.763200000114
150.17219999981535
151.30210000006628
154.55149999979767
154.3166999999812
154.82699999984106
154.66590000005453
154.55789999987246
155.55399999993824
157.1924999998373
163.8479999996889
175.93669999996564
177.6663999999073
177.96339999995325
178.37870000039402
177.8863999998066
173.70500000015454
174.76720000013302
175.69110000022192
175.14269999992393
174.7015000000829
164.16660000004413
154.66949999972712
158.4247000000687
155.03960000023653
151.51509999986956
151.3196999999309
179.7753000000739
174.5934999999008
167.40970000000743
175.66440000018702
175.48329999999623
178.070999999818
178.55680000002394
176.90870000024006
154.49900000021444
156.40540000003966
153.95639999997002
153.87599999985468
154.4460000000072
154.09920000001875
166.6614999999183
175.98009999983333
179.41609999979846
177.73429999988366
179.41269999982978
177.0392999997057
154.6211999998377
155.45560000009573
154.93549999973766
155.56299999980183
154.87910000001648
155.34800000023097
154.27480000016658
175.0136000000566
176.5650000002097
174.40450000003693
174.28339999969467
176.08610000024782
174.19010000003254
179.06280000033803
170.61819999980798
154.25490000006903
178.36290000013832
177.896900000178
166.01059999993595
171.8194999998559
173.8897000000179
175.0123000001622
157.8150000000278
151.4044999998987
153.5871999999472
171.46089999960168
151.5105999997104
152.88620000001174
151.0087999999996
152.4389000001065
152.7696000002834
177.12440000013885
155.07609999986016
182.24570000029416
179.58640000006199
177.8124000002208
174.59580000013375
174.84849999982544
154.78080000002592
154.8984000000928
155.66320000016276
155.83739999965474
154.4173000002047
155.04319999990912
154.38170000015816
155.27179999980945
171.99500000015178
177.9284999997799
177.87090000001626
174.99369999995906
176.5890000001491
174.112299999706
178.86769999995522
177.538899999945
179.09180000015112
179.91089999986798
174.92360000005647
176.49040000014793
175.41949999986173
173.69600000029095
177.6967999999215
179.5121999998628
178.39219999996203
180.02789999991364
177.25100000006933
179.02420000018537
176.54429999993226
177.39469999969515
177.61109999992186
164.03239999999641
173.20699999982025
173.23279999982333
179.50289999998859
178.2189999998991
179.5348999999078
177.11670000016966
178.3301999998912
175.4030000001876
175.39450000003853
173.74289999997927
175.4369999998744
173.3862000000954
174.5664999998553
155.04989999999452
157.73410000019794
156.14229999982854
179.45220000001427
176.57930000041233
177.39549999987503
178.59839999982796
177.42550000002666
165.15890000027866
155.46969999968496
155.19560000029742
155.48739999985628
154.78859999984707
157.16370000018287
179.68259999997827
160.19520000008924
152.57169999995313
152.19630000001416
151.67780000001585
152.75599999995393
151.04519999977128
152.65869999984716
150.5024000002777
152.87020000005214
151.89689999988332
152.4200000003475
156.77920000007362
154.22720000015033
161.83379999984027
178.28310000004421
175.30810000016572
173.98800000000847
173.9540999997189
178.37759999974878
176.8554000000222
176.00760000004811
174.2327000001751
175.6913999997778
175.5937000002632
174.9113999999281
173.48850000007587
176.3640000003761
177.8841000000284
179.00939999981347
178.7408999998661
180.4056999999375
178.9318999999523
173.95110000006753
158.54069999977582
156.61529999988488
160.2749999997286
154.8385999999482
155.01160000030723
154.37119999978677
153.59469999975772
155.15240000013364
154.82550000024276
154.28659999997762
155.45550000024377
155.97630000002027
154.44179999985863
155.2214999996977
156.10919999971884
154.56789999961984
154.87219999977242
173.69230000031166
175.57589999978518
176.42139999998108
174.19139999992694
177.277100000083
176.94829999982176
176.50270000012824
179.26299999999173
180.00650000021778
177.39960000017163
178.20389999997133
155.41829999983747
157.86660000003394
155.16219999972236
155.02220000007583
154.55300000030547
155.04879999980403
155.0729999999021
155.69950000008248
156.27450000010867
154.44239999987985
155.48859999989872
155.35129999989294
155.85590000000593
156.44090000023425
155.68459999985862
156.3547999999173
155.71520000003147
154.16600000025937
154.76369999987583
154.73659999997835
156.08099999963088
153.31100000003062
154.70479999976305
155.1820999998199
154.94510000007722
154.85609999996086
168.82140000006984
180.61059999990903
183.2960000001549
163.7180000002445
155.4745999997067
156.06430000025284
151.01869999989503
151.7545000001519
151.40119999978197
153.11119999978473
155.55769999991753
153.56649999966976
155.70270000034725
155.4418999999143
153.52419999999256
154.47599999970407
155.4086000001007
155.83010000000286
155.64190000031886
155.9370999998464
164.31490000013582
177.60369999996328
182.16469999970286
181.42889999990075
182.10129999988567
177.85120000007737
182.02160000009826
181.2669000000824
177.51859999998487
180.95080000011876
155.72629999996934
156.49699999994482
157.1764999998777
154.20589999985168
155.58539999983623
154.35789999992267
156.6978000000745
177.76069999990796
178.65000000028886
181.54649999996764
178.59809999981735
178.60550000023068
178.46110000027693
181.45229999981893
180.0476999997045
179.512799999884
182.05099999977392
181.42709999983708
179.9111999998786
179.6094000001176
154.4304000003649
155.35910000016884
155.48600000010993
177.23639999985608
161.61420000025828
154.4173999996019
155.31630000032237
155.7941999999457
156.51170000001002
156.7166000004363
155.26080000017828
154.92470000026515
155.78669999968042
154.56869999979972
155.89789999967252
155.8257000001504
154.31370000032985
155.80899999986286
155.2041999998437
155.26090000003023
151.82080000022324
189.58509999993112
178.35539999987304
156.29040000021632
155.06649999997535
154.99980000004143
164.88600000002407
179.19069999970816
179.11429999958273
159.84499999967738
155.54229999997915
155.80510000017966
155.69279999999708
156.94729999995616
154.4039000000339
155.25539999998728
154.4250000001739
153.69079999982205
169.87300000027972
153.35129999994024
152.0223999996233
151.8768999999338
151.01099999992584
151.65490000026693
151.075000000219
152.9537999999775
153.65109999993365
152.6277999996637
153.72579999984737
150.72310000005018
151.96749999995518
152.48450000035518
152.25869999994757
152.289699999983
151.67599999995218
154.21939999987444
151.1990999997579
153.3979000000727
153.08579999964422
152.34229999987292
155.0441999997929
156.93449999980658
156.9974999997612
156.27589999985503
154.56559999984165
153.78259999988586
155.83079999987604
154.72330000011425
163.21700000025885
178.1781999998202
156.09459999996034
156.35859999974855
157.2679999999309
154.20020000010481
154.62469999965833
153.72739999975238
154.73560000009456
154.38240000003134
154.06250000023647
155.59570000004896
154.7568000000865
152.7195999997275
152.37919999981386
152.62499999971624
151.0189000000537
155.71219999992536
155.24750000031418
155.23519999987911
155.6175999999141
153.8685999998961
154.75359999982174
155.18559999964054
151.96770000011384
163.88069999993604
173.32960000021558
155.89030000001003
154.40639999997074
156.17909999991753
154.3984999998429
153.88209999991886
155.8578999997735
154.3146999997589
154.82180000026347
152.49770000036733
185.45859999994718
181.03240000027654
180.65560000013647
178.93240000012156
177.368000000115
181.79150000014488
155.28880000010759
154.4463000000178
153.7862000000132
154.52349999986836
183.28370000017458
178.49430000023858
178.16309999989244
166.38109999985318
155.67830000009053
155.78289999984918
154.7580999999809
154.11279999989347
157.8135999998267
178.17220000006273
154.94040000021414
153.68779999971593
155.1220999999714
156.52000000000044
155.41299999995317
155.6295999998838
156.18689999973867
182.07249999977648
181.91840000008597
181.78279999983715
156.7974000004142
157.27640000022802
156.2709999998333
155.72609999981069
157.64839999974356
154.42179999990913
155.15689999983806
155.7487999998557
166.66669999995065
189.7595000000365
171.62340000004406
153.8260000002083
154.16670000013255
158.0031000003146
155.27800000018033
154.0378999998211
155.82339999991746
154.31959999978062
154.51960000018516
154.8185999999987
153.80669999967722
154.79450000020734
154.0925999997853
171.485599999869
169.6458999999777
171.03610000003755
171.77140000012514
167.97719999976835
169.03139999976702
169.25460000038584
169.67810000005557
172.34019999978045
171.18359999994937
168.9907999998468
169.6753000001081
171.2112000000161
171.1592000001474
171.55879999972967
155.3145999996559
154.1189000004124
153.79110000003493
150.76020000014978
151.23369999992065
178.7997000001269
172.1201000000292
171.02339999973992
170.95930000004955
168.2346000002326
163.35549999985233
169.53400000011243
169.41650000035224
171.76440000002913
170.73080000000118
171.25159999977768
172.55280000017592
171.35659999985364
172.57729999982985
171.2840000000142
170.66269999986616
169.97040000023844
171.12300000007963
160.84909999972297
151.5641000000869
151.61910000006174
173.97100000016508
155.21780000017316
153.48200000016732
157.72519999973156
171.83070000010048
158.47459999986313
150.97770000011224
150.03429999978835
151.55140000024403
150.81129999998666
155.77729999995427
154.69059999986712
155.41480000001684
156.0300000001007
156.10070000002452
154.21280000009574
150.95329999985552
152.73819999993066
149.97489999996105
177.35279999988052
169.0152000001035
169.3783999999141
172.58360000005268
168.57049999998708
171.34829999986323
169.71490000014455
160.7520000002296
153.8353000000825
154.31290000014997
154.64470000006258
154.21620000006442
155.04469999996218
154.91460000021107
153.4895999998298
154.43340000001626
156.39650000002803
154.49750000016138
154.77940000027957
154.8291999997673
154.52109999978347
152.727700000014
156.73470000001544
155.31109999983528
157.13129999994635
154.7042999995938
153.48339999991367
156.26269999984288
153.35659999982454
156.13589999975375
153.60030000010738
153.4684999996898
154.63420000014594
154.9843999996483
153.6871999996947
156.94489999987127
170.58230000020558
172.98540000001594
154.35919999981706
153.4244999998009
154.50800000007803
152.7432000002591
156.95899999991525
155.61849999994593
155.75630000012097
156.92600000011225
155.27500000007421
172.90049999974144
156.22979999989184
153.50249999983134
170.05139999992025
154.34250000043903
153.47969999993438
152.64579999984562
152.08190000021204
153.8974000000053
150.79659999992145
151.301599999897
152.0221999999194
152.9568000000836
170.4460000000836
154.32470000041576
154.8542999998972
154.3188000000555
151.7383999998856
151.63620000021183
152.47249999993073
154.34430000004795
173.9201000000321
170.11920000004466
169.6164999998473
169.76000000022395
169.8326000000634
155.5196999997861
154.03699999978926
154.50259999988702
159.28870000016104
167.7451000000474
169.18519999990167
169.43799999990006
171.04950000020835
167.66099999995276
170.09290000032706
154.24880000000485
169.33099999960177
170.90539999981047
169.92229999959818
171.25820000001113
170.705800000178
153.49299999979849
153.63899999965724
152.79550000013842
154.8542999998972
155.0091999997676
153.61209999991843
154.43109999978333
154.56529999983104
161.95769999967524
158.12610000011773
155.41169999960402
154.63360000012472
170.38949999960096
168.58099999990372
153.54999999999563
157.03269999994518
158.42860000020664
155.25720000005094
153.33509999982198
169.94830000021466
157.84949999988385
154.17549999983748
153.87030000010782
155.20400000013979
155.2628999997978
153.76120000019
153.22250000008353
153.85610000021188
156.32400000004054
154.11700000004203
154.03470000001107
154.7866000000795
154.98280000019804
168.62069999979212
166.13469999992958
156.31040000016583
154.98239999988073
155.17850000014732
154.23760000021502
154.12590000005366
153.9185000001453
156.79610000006505
156.99390000008862
150.73490000031597
151.5252000003784
151.0843000000932
150.9449999998651
152.29539999972985
152.4731999998039
151.84320000025764
153.701700000056
150.76330000010785
150.31850000013947
150.9968000000299
182.53079999976762
178.38979999987714
154.62159999970027
155.12699999999313
154.21539999988454
154.13389999957872
155.7361000000128
156.72399999994013
155.85319999991043
153.89249999998356
154.6157000002495
153.70620000021518
153.87310000005527
155.49789999977293
154.45650000037858
153.78469999996014
154.53240000033475
154.43629999981567
153.66880000010497
154.7645000000557
155.42910000021948
153.7196999997832
155.30360000002474
151.53409999993528
157.0315999997547
154.58669999998165
158.00539999963803
153.56000000019776
154.43899999991118
154.10229999997682
153.9296999999351
154.29689999973561
166.15630000023884
178.62649999960922
174.4034999996984
175.32310000024154
174.7150999999576
175.3324999999677
177.37420000003112
173.93890000039391
178.62670000022263
177.99549999972442
179.346799999621
178.54209999995874
156.05080000023008
154.71479999996518
156.16940000018076
154.4143000000986
154.6715999998014
154.08609999985856
155.89619999991555
155.02079999987473
154.73629999996774
152.47920000001614
150.99529999997685
151.76859999974113
153.11849999989136
154.30619999960982
155.530699999872
154.78040000016335
154.12930000002234
176.74110000007204
178.31680000017514
179.7990000000027
174.54750000024433
178.95240000007107
175.80530000032013
179.05209999980798
171.45860000027824
158.0298999997467
158.20840000014869
158.67690000004586
154.80089999982738
158.23260000024675
155.3497999998399
156.87419999994745
160.830100000112
178.65970000002562
157.9302000000098
155.64880000010817
155.50530000018625
158.43580000000657
155.92930000002525
164.7741000001588
181.1173000000963
178.37250000002314
177.29929999995875
153.93879999965066
151.85239999982514
151.4799999999923
151.55009999989488
150.04950000002282
150.1922999996168
153.50860000035027
151.09269999993558
151.33550000018658
150.81280000003972
150.5514000000403
151.6986999999972
150.70349999996324
154.1800999998486
153.5318000001098
151.15000000014334
151.4932999998564
150.94909999970696
152.12149999979374
150.37789999996676
170.15970000011293
153.69799999962197
152.07969999983106
152.74390000013227
151.4962999999625
151.0192000000643
168.09180000018387
175.3607999999076
177.18590000004042
178.9574999997967
176.24359999990702
160.60730000026524
176.32570000023406
174.8400000001311
174.117699999897
173.88460000029227
177.67490000005637
177.00150000018766
176.20130000022982
173.79380000011224
175.81979999977193
175.05510000000868
168.59829999975773
155.52100000013525
155.83220000007714
154.29509999967195
154.94730000000345
157.6255999998466
154.56810000023324
155.4033000002164
156.26919999976963
154.5280999998795
155.03920000037397
155.3868999999395
154.9206000004233
154.80079999997542
154.82829999973546
154.85799999987648
155.53040000031615
156.7297999999937
154.51009999969756
151.6063999997641
156.87459999981002
157.49319999986255
156.94840000014665
156.3810999996349
154.40059999991718
154.98200000001816
163.3849999998347
152.55930000012086
150.88179999975182
152.24200000011479
152.06280000029437
152.36370000002353
153.38560000009238
151.7815000001974
154.71849999994447
152.51609999995708
151.6169000001355
150.79179999975167
151.5970999998899
152.41450000030454
150.67409999983283
182.73249999992913
181.108199999926
180.54769999980635
180.42719999994006
179.75010000009206
181.07280000003811
181.17750000010346
180.99009999968985
179.96650000031877
179.52120000018112
179.14239999981874
179.2608000000655
178.36690000012823
180.2887999997438
178.11059999985446
177.6478000001589
155.6151999998292
155.11319999995976
153.17849999973987
150.76960000033068
151.0324999999284
151.12469999985478
152.03680000013264
151.49350000001505
151.1174000002029
153.33629999986442
151.09519999987242
153.94459999970422
155.27490000022226
154.70379999987927
155.42779999987033
153.5331000000042
181.024399999842
155.06189999996423
156.1931999999615
154.7566000003826
156.4370000000963
154.1943000001993
155.27539999993678
155.64979999999196
155.45259999998962
156.4063000000715
155.12489999991885
155.10420000009617
155.98229999977775
175.67379999991317
180.08099999997285
178.77660000021933
179.92770000000746
180.5829999998423
179.5470999995814
179.66429999978573
179.98169999964375
157.88279999969745
158.06400000019494
153.56530000008206
156.39809999993304
152.67240000002857
155.4535999998734
179.61900000000242
179.74869999989096
180.75980000003256
173.91799999995783
153.94360000027518
154.40110000008644
153.94119999973555
154.38889999995808
154.86120000014125
154.1338000001815
153.9760999999089
158.12259999984235
179.6610999999757
182.28939999971772
180.7981000001746
180.09170000004815
177.5284999998803
180.3196000000753
177.22430000003442
180.6683999998313
179.15670000002137
180.25760000000446
179.73239999992074
180.6326999999328
178.6621000001105
181.37439999964045
178.49819999992178
158.4181999996872
154.51969999958237
154.52060000006895
156.1052000001837
157.32799999977942
155.63410000004296
154.33429999984583
155.16389999993407
153.86469999975816
153.58510000032766
154.8609999999826
162.26729999971212
176.4589999997952
176.53759999984686
176.85059999985242
153.91779999981736
152.19539999998233
153.4558999996989
162.17379999989134
176.8213000000287
153.80410000034317
176.17699999982506
155.07279999974344
153.45479999996314
154.51459999985673
154.2567000001327
155.12500000022555
153.05919999991602
168.18259999990914
179.05840000003082
175.22779999990235
177.02680000002147
177.35080000011294
176.65490000035788
176.38530000022
174.97420000017883
154.97049999976298
154.2434999996658
154.73689999998896
162.67840000000433
175.38729999978386
176.21880000024248
168.29229999984818
154.25469999991037
153.9996000001338
153.37100000033388
171.88439999972616
175.6307000000561
178.74639999990904
177.78399999997418
179.7350000001643
176.88330000009955
154.4358999999531
156.1173999998573
154.00139999974272
156.7790999997669
154.98429999979635
154.4066000001294
154.35729999990144
154.54170000020895
154.69949999987875
170.66239999985555
179.11430000003747
179.1014999998879
177.8641000000789
160.7053000002452
176.78180000029897
178.20419999998194
178.83530000017345
179.11389999972016
176.38159999978598
175.7038000000648
175.34470000009605
170.5643999998756
182.04450000030192
178.93039999989924
157.13439999990442
153.7373999999545
152.34919999966223
151.35830000008355
151.0772999999972
152.51420000004146
150.20259999982954
155.04669999972975
180.03619999990406
178.62009999998918
154.7176999997646
156.64079999987734
154.1111000001365
155.6734000000688
154.4622999999774
155.76529999998456
160.62260000035167
179.4262000003073
177.11069999995743
176.27379999976256
177.4728000000323
177.78210000005856
176.79980000002615
177.9688999999962
179.14449999989301
178.84809999986828
161.6863999997804
151.00660000007338
151.541200000338
150.51569999968706
156.39259999989008
155.5551999999807
158.1860000001143
154.71610000031433
157.14280000020153
152.44629999961035
152.3434000000634
155.72159999965152
156.24579999985144
154.84409999999116
155.56680000008782
154.23599999985527
156.7533999996158
153.87829999963287
154.29439999979877
153.9668000000347
153.06520000012824
154.6104999997624
155.72949999977936
154.36250000038854
155.93300000000454
155.57110000008834
175.983499999802
176.11260000012408
177.21100000017032
180.87880000030054
180.13539999992645
154.5035999997708
155.75049999961266
155.2271999998993
156.69530000013765
160.3773000001638
154.41169999985505
157.81409999999596
155.07770000021992
154.60469999970883
153.1024000000798
153.7410999999338
154.84290000040346
150.62330000000657
172.87369999985458
156.5439000000879
154.4360000002598
154.29020000010496
155.74569999989762
153.7767999998323
155.42360000017652
155.77129999974204
152.8941000001396
153.66430000040054
155.63120000024355
153.92209999981787
152.7777999999671
154.96289999964574
154.0540000000874
174.22469999974055
162.59779999973034
149.46019999979399
153.1446000003598
156.13940000002913
153.04590000005192
153.20789999987028
154.62010000010196
155.4692999998224
153.425900000002
154.19370000017807
153.22470000000976
154.32460000010906
154.91330000031667
153.24650000002293
152.80399999983274
162.64920000003258
154.73739999970348
185.37520000018048
189.55090000008568
153.60499999997046
156.23110000024099
154.63259999978618
154.4546000000082
154.43480000021736
154.04570000009699
155.41149999990012
156.03890000011233
154.71190000016577
154.455599999892
152.99720000029993
153.13070000001971
153.87039999995977
155.06830000003902
155.13019999980315
171.6059000000314
150.40869999984352
150.93209999986357
150.98549999993338
154.4183000000885
155.21650000027876
150.88610000020708
155.0281999998333
151.73440000035043
155.0096000000849
156.4738000001853
151.82929999991757
149.9306999999135
154.8705999998674
156.09230000018215
153.17319999985557
155.5503999998109
154.6226000000388
154.030000000148
153.73689999978524
154.53949999982797
153.630300000259
153.19899999985864
154.71260000003895
154.24650000022666
154.06380000013087
153.38199999996505
154.6096000001853
151.1953999997786
184.97149999984686
171.92230000000563
151.92149999984395
152.57729999984804
154.86590000000433
151.94830000018555
151.82499999991705
150.8006999997633
152.2063000002163
149.96239999982208
150.34060000016325
150.71690000013405
154.28550000024188
155.59470000016518
154.1747999999643
155.35980000004201
155.29949999972814
160.5638999999428
178.79779999975653
174.42220000020825
178.2468000001245
167.15019999992364
154.22410000019227
155.5195000000822
153.88179999990825
154.0855000002921
154.61469999991095
155.23750000011205
155.53619999991497
153.83040000006076
154.66090000018085
153.5294000000249
154.80139999999665
151.4683000000332
155.44890000001033
153.7906000003204
154.66430000014952
153.7373999999545
152.96670000043378
154.39020000030723
154.4564999994691
153.69850000024599
154.34000000004744
155.57990000070276
154.45530000033614
158.2786999997552
154.81999999974505
156.24320000006264
154.05219999956898
154.99809999982972
154.02869999979885
153.7599000002956
153.97089999987656
155.24509999977454
152.99099999992904
157.72889999971085
155.2825999997367
154.66850000029808
155.08740000041144
154.9881999999343
153.7121000001207
153.5188999996535
156.3696000002892
154.65790000052948
153.93440000025294
155.3263000005245
154.15630000006786
154.04690000013943
157.32669999943028
156.06519999982993
153.17030000005616
155.9437000005346
153.92010000050504
153.67909999986296
153.87830000054237
156.99969999968744
153.43979999943258
154.5974999999089
154.3757999997979
155.52200000001903
154.72800000043208
154.3667000005371
152.49669999957405
157.1118000001661
155.5701000006593
155.23399999983667
152.79709999958868
155.19720000065718
153.192300000228
153.66930000072898
153.46040000076755
151.20120000028692
152.5059000005058
153.48590000030526
153.48549999998795
151.95029999995313
170.02749999937805
155.56550000019342
155.34160000061092
157.74140000030457
167.1918000001824
154.40770000077464
157.22219999952358
154.5055999995384
152.87270000044373
151.89509999981965
148.88770000015938
171.87449999983073
169.2123000002539
158.07960000074672
169.60239999934856
155.3583000004437
163.9688000004753
165.92390000005253
155.11419999984355
154.95579999969777
151.26210000016727
153.81499999966763
153.3517000007123
150.77190000010887
152.20550000049116
150.6232000001546
150.56230000027426
153.0838999997286
153.79940000002534
153.61089999987598
154.60489999986748
152.90160000040487
152.35610000036104
154.05740000005608
154.05619999910414
152.69179999995686
153.74429999974382
156.2076000000161
152.75780000047234
154.05789999931585
157.70509999947535
151.7997999999352
150.05399999972724
171.6818000004423
153.77790000002278
150.65580000009504
166.07899999962683
164.27380000004632
152.1148000001631
161.07780000038474
164.33099999994738
153.59459999945102
155.5423999998311
151.34320000015578
150.1739000004818
153.4297999996852
154.24720000009984
169.1461000000345
162.71690000030503
152.49429999948916
153.82039999985864
154.22750000016094
155.15219999997498
155.9586000003037
169.09409999971103
153.81299999990006
156.8280000001323
155.40379999947618
154.6083000002909
162.02789999988454
179.7071999999389
154.95800000007875
154.22669999952632
153.5741000006965
154.66289999949367
158.07330000006914
154.77999999984604
154.06400000028952
155.4411999995864
154.35129999968922
156.14000000005035
154.59629999986646
154.02780000022176
154.50510000027862
154.10659999997733
155.00640000027488
153.66809999977704
154.94109999963257
157.37499999977445
153.60570000029838
154.74919999996928
153.9583000003404
154.35140000045067
166.83719999946334
182.67269999978453
179.57879999994475
177.27219999960653
154.1651000006823
153.5186999999496
154.80119999938324
155.77890000076877
153.84680000079243
165.07420000016282
179.37559999973018
178.00650000026508
176.87840000053257
176.0538999997152
154.22709999984363
154.35600000000704
153.91099999942526
155.06850000019767
154.19060000022
154.1165999997247
157.139100000677
154.54890000000887
154.91219999967143
154.7645000000557
154.49830000034126
155.51520000008168
154.151699999602
154.86429999964457
155.27359999941837
155.35459999955492
154.83680000033928
154.93359999982204
154.03489999971498
155.41359999951965
154.1508000000249
154.19549999933224
155.4374999996071
153.78640000017185
155.17499999987194
154.10960000008345
153.42429999964224
154.92079999967245
155.13740000005782
154.61109999978362
153.33499999997002
170.962099999997
179.74409999987984
165.41069999948377
154.53819999947882
155.82569999969564
150.52819999982603
151.59179999955086
151.54530000017985
164.46759999962524
155.77910000047268
155.61909999996715
154.90829999998823
155.80899999986286
153.51169999939884
157.239699999991
156.08089999932417
154.46320000046398
154.64179999980843
152.74759999920207
154.5732999993561
154.0093000003253
153.72999999999593
163.5100000003149
155.2031999999599
153.2670999995389
154.73019999990356
154.9408000000767
174.0700000000288
159.04649999993126
154.36979999958567
155.3977000003215
157.6305999997203
153.5780000003797
154.97640000012325
153.98880000066129
155.314399999952
154.78319999965606
153.295000000071
155.51929999946879
168.99180000018532
155.28880000056233
156.48919999966893
154.29089999997814
153.04190000006201
154.84459999970568
154.07730000060837
153.36980000029143
154.71700000034616
154.1280999999799
154.35119999983726
153.23950000038167
154.76809999927355
156.67279999979655
153.15210000062507
154.66720000040368
154.0791999996145
154.09400000044116
159.63030000057188
152.95530000003055
153.27199999956065
155.0729999999021
153.36089999982505
153.7613999998939
152.92289999979403
150.6853000000774
154.51719999964553
153.45299999989948
154.73070000007283
154.12449999985256
153.5678000000189
153.51769999961107
154.1270000006989
153.70469999925263
154.51719999964553
153.9917999998579
152.6875999998083
154.50180000061664
153.04529999957595
155.00340000016877
153.08470000036323
154.7618999993574
160.14160000031552
165.21240000020043
151.65179999985412
152.73290000004636
153.7174999994022
156.09889999996085
153.94839999953547
153.42640000017127
170.43590000048425
153.46169999975245
154.94399999988673
153.51210000062565
154.06050000001414
153.70220000022528
173.7756000002264
166.17980000046373
166.99870000047667
167.2060999999303
157.34239999983402
153.32630000011704
160.3733000001739
158.0911000000924
156.88149999914458
158.27330000047368
155.14080000048125
155.08370000043215
154.19910000036907
155.90250000059314
155.19589999985328
154.41219999956957
154.75299999980052
155.01169999970443
154.70830000049318
154.37719999954425
154.6016000002055
155.41959999973187
155.1566999996794
154.53429999979562
156.8353999991814
154.1201000000001
154.55649999967136
154.821200000697
154.19020000081218
154.35729999990144
154.58330000001297
155.97630000047502
155.20370000012917
154.60710000024847
153.78150000015012
155.1742000001468
155.1973999994516
154.5366999998805
153.84219999941706
155.21739999985584
155.00520000023243
153.73400000044057
153.3607999999731
154.9443000003521
150.589900000341
160.2616999998645
179.02170000070328
168.86329999942973
155.42999999979656
155.5791999999201
155.3842999992412
156.36739999990823
154.99499999987165
154.19330000077025
154.64069999961794
155.0201999998535
154.92259999973612
154.5347999999649
155.16289999959554
153.65990000009333
166.31189999952767
154.0564999995695
155.87239999968006
154.09149999959482
153.7078000001202
154.19370000017807
154.1358999993463
155.39110000008804
155.33849999974336
156.3968999998906
154.2755999998917
152.58020000055694
163.30159999961325
162.89529999994556
154.5591999993121
156.0024999998859
154.65230000063457
154.51720000055502
154.33969999958208
154.4530000001032
154.06310000071244
156.18069999982254
155.5409000002328
154.67749999970692
154.21969999988505
154.49480000006588
171.8016999993779
162.0597999999518
155.49129999999423
154.36439999939466
153.85830000013812
152.74510000017472
155.0465999998778
171.20450000038545
175.9498999999778
167.90839999976015
155.8113000000958
154.35280000019702
155.04710000004707
152.0053000003827
154.27850000014587
153.54190000016388
154.6528999997463
153.27030000025843
154.51729999949748
169.04009999962
154.18979999958538
153.89649999997346
151.41459999995277
154.83009999934438
153.76990000004298
154.69839999968826
153.79959999972925
163.4106999999858
155.28249999988475
153.55949999957375
157.10909999961586
154.3879000000743
153.3889000002091
155.89060000002064
153.70570000050066
153.8141999999425
153.0493000000206
166.6136000003462
177.35830000037822
155.42259999983798
153.96750000036263
152.87009999974543
154.26659999957337
155.62649999992573
153.79699999994045
154.36140000019805
154.7208000001774
153.39679999942746
155.7493999998769
156.9435000001249
153.97459999985585
161.49029999996856
175.11070000000473
154.45049999925686
153.9494000007835
155.515600000399
153.20929999961663
173.38290000043344
166.3325999998051
154.45790000012494
177.41969999951834
174.2655999996714
151.42300000024989
180.51109999942128
167.6737999996476
155.27839999958815
154.64259999953356
154.75059999971563
157.50440000010713
153.2975999998598
154.27619999991293
155.07049999996525
153.9679999996224
154.6306000000186
154.0883000006943
155.17480000016803
155.8575999997629
155.05389999998442
154.04750000016065
153.88229999916803
153.5236999998233
153.73880000061035
153.58460000061314
154.52989999994315
154.59370000007766
154.75119999973685
154.14860000055342
153.34410000014032
154.26779999961582
155.65160000005562
154.63139999974373
153.75120000044262
154.11949999997887
153.3116999999038
153.78950000012992
154.51719999964553
154.65349999976752
155.41029999985767
153.9265000001251
157.86800000023504
153.97940000002563
152.92310000040743
155.43109999998705
154.19440000005125
154.35530000013387
153.3183999999892
154.65349999976752
153.1823000004806
153.98999999979424
154.34970000023895
164.56279999965773
173.20110000036948
159.10910000002332
154.7409000004336
172.2258999998303
170.41539999991073
155.91910000057396
153.91229999931966
159.01430000030814
154.8315999998522
153.96750000036263
157.7908999997817
179.8681000000215
179.51020000054996
163.88460000052874
153.67520000017976
194.16569999975763
155.7327999998961
155.54710000014893
154.0471999996953
154.4506000000183
154.15120000034221
154.84939999987546
156.56750000016473
154.31429999989632
154.471800000465
154.88490000007005
154.1877999998178
155.5036999998265
154.90020000015647
153.90060000027006
152.7474999993501
154.41219999956957
156.31839999969088
154.40610000041488
154.5667999998841
179.83540000022913
177.36510000031558
178.0570999999327
159.2495000004419
154.33990000019548
154.60149999944406
156.07809999983147
155.30690000014147
153.798000000279
154.34490000006917
156.42819999993662
154.92140000060317
155.25280000019848
151.77329999914946
151.68389999962528
161.94980000000214
182.82170000020415
173.55049999969197
162.4573999997665
156.2475999999151
155.69909999976517
154.1655000000901
154.14989999953832
152.99830000003567
153.42710000004445
164.36780000003637
166.8564999999944
166.45189999962895
155.71039999940695
155.39850000004662
161.91260000050534
160.73510000023816
154.79920000052516
153.91340000041964
155.09920000022248
153.86769999986427
163.60809999969206
154.5459999997547
153.14849999958824
153.9853000003859
155.3567999999359
152.86890000061248
153.73299999919254
152.73890000025858
154.96580000035465
154.72679999948014
153.94440000000031
156.0706999998729
157.07620000011957
157.86819999993895
153.67950000018027
159.3788999998651
154.30800000012823
153.32500000022264
154.77540000028966
155.59550000034506
155.65539999988687
154.05639999971754
156.5309999996316
153.90519999982644
154.43219999997382
154.0106000002197
156.0632999999143
154.77150000060647
165.92450000007375
169.99849999956496
156.73050000077637
154.72979999958625
154.84659999947326
162.44080000069516
156.2794000001304
156.04110000003857
154.3162999996639
154.13900000021385
154.63360000012472
154.19130000009318
154.96510000048147
156.29339999941294
155.07679999973334
154.46799999972427
156.67089999988093
152.7483999998367
154.55939999992552
156.46430000015243
152.89370000027702
153.3969000001889
154.38300000005256
155.5078000001231
154.12259999993694
154.0777000000162
155.36430000065593
150.34800000012183
154.61639999921317
155.35480000016832
153.81100000013248
155.21950000038487
155.87550000054762
155.79340000022057
154.53249999973195
153.60919999966427
154.44339999976364
153.63559999968857
152.13719999974273
154.94099999978062
154.7956999993403
155.46420000009675
152.8840000000855
154.0754999996352
153.9813999997932
155.82389999963198
156.7095000000336
155.54900000006455
154.09069999986968
153.65949999977602
154.48689999993803
155.0164999998742
162.55599999931292
157.00849999939237
153.35779999986698
154.26859999934095
163.1902999997692
158.68390000014188
155.48800000033225
155.42549999918265
154.7986999994464
153.2578000005742
154.53379999962635
153.85150000020076
172.5544999999329
161.27719999985857
155.15049999976327
154.66190000006463
161.84549999979936
177.66029999984312
159.82759999951668
157.1947000002183
153.93200000016805
154.4467000003351
155.56889999970736
153.28649999992194
155.68159999929776
153.93020000010438
154.10360000078072
153.83759999986069
154.46569999949133
154.04769999986456
153.88999999959196
154.032699999334
157.59760000037204
153.1636999998227
154.7528000000966
155.43329999945854
154.68240000063815
154.6490000000631
154.0130000003046
149.62779999950726
156.16870000030758
178.28610000015033
178.96870000004128
160.4406000005838
156.17150000070978
154.18359999966924
171.00599999957922
175.78400000002148
175.8497000000716
154.14460000010877
154.89960000013525
153.59499999976833
154.75879999939934
168.0593000000954
176.6808000002129
180.39179999959742
180.62629999985802
171.2364000004527
180.53970000073605
166.89779999978782
153.7754999999379
155.73550000044634
155.4206000000704
153.54759999991074
154.4975999995586
155.38420000029873
154.72279999994498
154.9936000001253
155.11890000016137
157.57209999992483
155.02319999995962
153.58019999985117
176.41449999973702
177.5361999998495
175.21690000012313
154.64109999993525
154.84769999966375
163.0872999994608
163.59099999954196
153.8234999998167
154.97919999961596
156.24099999968166
154.78410000014264
154.21489999971527
154.07689999938157
153.3471999991889
153.9717000005112
155.25539999998728
154.56119999998919
154.84579999974812
154.82850000080361
153.30180000000837
154.4683999991321
153.67109999988315
156.92310000031284
153.21169999970152
153.83579999979702
154.55010000005132
154.20870000070863
154.05100000043603
156.11410000019532
153.46500000032393
154.76240000043617
155.30630000012025
176.03760000019975
174.12120000062714
153.5095999997793
155.19529999983206
152.8574000003573
153.8211000006413
155.8904999992592
155.72709999923973
153.65579999979673
154.36919999956444
152.47510000062903
153.30850000009377
152.65499999986787
153.91400000044086
153.7665999994715
153.32929999931366
154.69200000006822
159.35949999948207
157.75740000026417
155.5930000004082
152.9032999997071
154.92319999975734
154.07609999965644
152.83780000027036
173.34630000004836
162.04749999997148
149.47339999980613
150.33600000060687
153.45929999966756
154.63510000063252
153.13359999981913
153.3990999996604
153.23700000044482
153.0042999993384
154.8376000000644
155.73219999987487
152.7248000002146
153.11209999981656
154.18510000017704
153.87430000009772
152.72270000059507
154.3549999996685
156.47710000030202
155.52889999980835
153.6311999998361
154.45220000037807
153.70209999946383
154.18979999958538
154.08929999921384
162.99760000038077
168.85519999959797
165.1587999995172
167.88099999939732
154.18119999958435
153.2347000002119
156.54349999931583
154.53600000000733
152.66470000005938
153.3435000001191
153.47879999990255
155.05519999987882
153.37449999969976
154.0687999995498
152.96909999960917
154.6771000002991
155.04509999937
155.31510000073467
154.48540000033972
155.82099999937782
154.90390000013576
154.9529000003531
154.39640000022337
152.5535000000673
153.83459999975457
155.47569999944244
153.42129999953613
150.9424999994735
152.4995999998282
149.4217999998
149.91029999964667
162.30310000082682
160.3740000000471
154.61469999991095
155.87589999995544
154.33389999998326
154.80529999967985
154.01440000005095
155.55160000076285
153.36119999938091
154.51730000040698
154.32739999960177
155.26520000003075
153.50390000003244
156.24099999968166
157.04949999962992
153.66249999988213
154.70940000068367
153.71130000039557
154.8912999996901
155.47819999937929
153.47040000051493
154.41440000086004
153.9768999991793
154.26269999989017
153.4209000001283
156.22050000001764
169.86890000043786
181.00959999992483
158.45459999945888
153.6550000000716
153.5786000004009
154.4952000003832
155.79069999967032
153.74190000056842
153.61579999989772
153.5399000003963
155.27659999952448
153.87509999982285
153.8356000000931
155.27410000049713
154.1784999999436
156.65910000006988
153.87979999923118
154.10540000084438
154.18050000062067
156.81470000072295
154.8624999995809
163.59399999964808
159.84260000004724
154.88709999954153
153.89779999986786
156.16839999984222
155.50959999927727
153.56989999963844
153.74969999993482
154.87300000040705
155.92360000027838
154.05480000026728
154.00669999962702
154.1932000000088
154.05069999997067
162.20290000001114
164.4559999995181
153.80460000051244
158.34429999995336
156.37839999999414
154.12469999955647
154.41129999999248
154.3827000004967
156.5762000000177
154.7299000003477
155.16070000012405
153.3105999997133
156.99359999962326
155.286299999716
154.59929999997257
154.79259999938222
155.11920000062673
156.15189999971335
154.64300000076037
154.9019000003682
154.92360000007466
154.13149999949383
155.09800000018004
154.64499999961845
154.15850000044884
154.21400000013818
154.1730999997526
153.7231000002066
153.43870000015158
153.465899999901
157.05160000015894
154.40209999997023
153.59350000017002
154.27590000035707
151.75960000033228
157.90609999930894
154.62679999927786
153.81869999964692
171.29969999950845
155.90659999998024
157.98559999984718
155.7873000001564
154.24960000018473
154.3562999995629
155.34409999963827
153.7729000001491
153.57510000012553
154.07240000058664
154.75549999973737
153.69709999959014
155.31650000048103
153.65290000045206
153.48319999975502
155.91330000006565
154.3547999999646
154.55689999998867
155.70260000004055
154.5300000007046
153.96789999977045
154.31589999934658
154.13059999991674
154.98440000010305
154.46280000014667
154.38880000056088
154.63760000056936
155.0290999994104
155.16070000012405
154.51279999979306
154.5857999999498
154.31940000053146
154.23420000024635
155.16719999959605
154.30500000002212
156.68670000013663
155.00890000021172
155.30430000035267
154.78340000026947
153.27049999996234
153.9770999997927
155.88039999965986
151.52600000055827
153.29520000068442
155.76719999990019
154.8145000006116
173.4084999998231
169.28159999952186
156.02260000014212
170.00340000049619
150.29329999924812
151.02549999937764
151.4154000005874
151.88359999956447
152.17850000044564
153.90190000016446
155.03390000048967
155.2558000003046
156.67479999956413
153.66960000028485
156.06410000054893
159.33330000007118
155.75620000072377
157.63040000001638
155.39450000051147
154.7668999992311
154.3135000001712
154.91779999956634
155.55880000010802
154.0035000007265
158.47279999979946
156.85110000049463
154.4358999999531
175.75639999995474
177.83150000013848
159.10190000067814
151.07679999982793
151.07069999976375
159.41799999927753
177.35819999961677
178.47439999968628
157.75420000045415
155.29260000039358
154.88729999924544
154.59929999997257
153.7887000004048
155.0384000001941
154.21949999927165
157.58459999960905
154.78910000001633
155.55249999943044
154.49059999991732
154.2822999999771
156.06690000004164
155.39470000021538
156.29429999989952
153.65050000036717
155.63490000022284
153.9827000005971
154.49070000067877
156.0631000002104
154.8507999996218
154.46690000044327
155.28139999969426
155.18040000006295
155.54920000067796
156.98470000006637
153.64750000026106
156.5109000002849
153.43100000063714
154.33740000025864
154.37780000047496
153.97489999941172
155.2348000004713
163.714200000868
178.71930000001157
155.5103999999119
154.2102999992494
155.81459999975777
155.99380000003293
157.46169999965787
164.82259999975213
153.89369999957125
154.8185999999987
154.74840000024415
155.18299999985175
155.92870000000403
154.94540000054258
154.51450000000477
156.37360000073386
154.3813999996928
155.19750000021304
154.9486000003526
157.42899999986548
155.05810000013298
156.57030000056693
154.07910000067204
157.40379999988363
156.650200000513
154.0816000006089
151.1465000003227
153.61210000082792
154.59150000060617
153.9587000006577
155.24529999947845
154.50330000021495
155.1737999998295
179.57029999979568
158.8062999999238
153.76930000002176
153.6972000003516
154.9421000008806
153.86450000005425
151.77659999972093
154.48000000014872
153.87399999963236
154.43540000069333
155.54470000006404
156.3153000006423
160.00640000038402
160.8352000002924
154.81920000001992
157.1739000000889
155.506900000546
153.88749999965512
154.20910000011645
154.34229999937088
150.43289999994158
149.90469999975176
150.8731000003536
152.74260000023787
153.66699999958655
155.9503999997105
153.66079999967042
156.08770000017103
154.7272999996494
154.52089999962482
154.97229999982665
154.60879999955068
156.33600000001024
153.396700000485
154.9550999998246
155.0946000006661
155.07199999956356
154.10330000031536
157.52339999926335
154.57510000032926
153.92750000046362
154.27490000001853
155.78009999990172
153.37630000067293
154.9101000000519
153.39619999940624
153.42730000065785
153.96180000061577
154.64320000046428
154.10100000008242
153.09049999996205
156.02260000014212
154.95279999959166
157.19269999954122
154.583200000161
157.13359999972454
153.23189999980968
154.34880000066187
151.11869999964256
153.6934999994628
154.68479999981355
154.68390000023646
155.77889999985928
153.21309999944788
154.9295999993774
154.56459999950312
153.67940000032831
153.60690000034083
153.87050000026647
155.03220000027795
153.84439999979804
154.49050000006537
153.67799999967247
154.31689999968512
153.97329999996145
153.04959999957646
154.6809999999823
155.3990000002159
153.34059999986493
152.7165999996214
155.13489999921148
154.41350000037346
153.37470000031317
155.385799999749
155.2133999994112
153.88640000037412
154.24110000003566
178.95410000073753
167.93060000054538
155.33489999961603
156.06279999974504
153.13530000003084
154.56369999992603
154.73870000005263
154.87100000063947
154.91600000041217
155.64440000071045
153.89419999974052
154.16980000009062
154.10659999997733
153.86209999996936
159.62519999993674
159.77359999942564
155.88089999982913
154.4737999993231
153.8191999998162
153.70629999961238
153.43050000046787
157.33880000061617
156.49869999924704
154.5828000007532
155.56020000076387
154.63099999942642
154.0000000004511
155.4187000001548
154.96530000018538
157.18790000028093
154.5666000001802
155.55810000023484
155.84540000054403
155.28049999920768
156.49780000057945
155.11010000045644
154.5166000005338
153.49570000034873
151.75120000003517
155.52389999993466
154.42999999959284
154.5165999996243
156.95050000067567
154.2368999998871
154.32070000042586
155.80659999977797
154.20799999992596
154.36700000009296
153.7443000006533
153.62439999989874
155.01709999989544
155.131600000459
174.2549999999028
169.64920000009442
172.52579999967566
155.02920000017184
153.45129999968776
154.13149999949383
154.4200999996974
153.7636000002749
155.88880000086647
154.81410000029427
154.66980000019248
154.59270000064862
172.6583000008759
154.38180000001012
154.99820000059117
155.015899999853
154.63069999987056
155.3913999996439
155.84789999957138
156.28430000015214
154.3492000000697
155.27269999984128
153.47380000002886
154.12670000023354
154.27120000003924
155.99500000007538
153.88610000081826
155.41190000021743
154.90709999994579
154.51370000027964
154.54309999950055
154.3789999996079
154.45939999972325
153.97660000053293
154.9959999993007
155.71779999936552
154.439399999319
154.7459000003073
155.7426999997915
153.86750000016036
153.89130000039586
156.84890000011364
154.8210000000836
154.10760000031587
155.45639999982086
153.78929999951652
155.59789999952045
154.679500000384
154.09079999972164
154.61949999917124
153.60899999996036
155.01020000010612
149.9935000001642
151.82789999926172
153.9238999994268
152.23359999981767
156.8346999993082
154.51049999956012
154.09399999953166
154.70099999947706
153.5342999995919
155.42749999985972
154.6901000001526
157.1243999997023
154.4024000004356
153.6974000000555
155.24639999966894
155.76599999985774
153.92420000080165
156.08700000029785
154.58399999988615
154.59529999952792
155.04339999915828
153.6630000000514
154.3763999998191
155.39189999981318
154.18899999986024
153.77510000053007
151.44299999974464
152.8916000006575
156.85490000032587
154.34759999970993
153.89279999999417
156.08520000023418
171.9015999997282
156.34480000062467
155.0483000000895
153.6750999994183
154.4317999996565
155.45560000009573
153.87959999952727
155.54420000080427
154.66319999995903
156.81659999972908
154.23809999992955
154.28539999993518
155.62950000003184
155.02999999989697
155.4191000004721
154.94769999986602
154.2390999993586
155.2535999999236
156.20269999999437
155.3379999995741
156.69590000015887
160.24210000068706
175.74030000014318
155.82670000003418
155.67749999991065
154.24269999948592
154.75579999929323
153.76030000061292
154.56670000003214
155.77029999985825
152.4751999995715
177.72899999999936
174.50860000008106
173.62540000067384
171.97920000035083
154.3069999997897
155.39050000006682
155.26429999954416
156.7944999997053
156.13310000026104
156.1148000000685
155.18560000055004
154.0657999994437
155.3829999993468
155.55920000042534
154.05730000020412
155.68050000001676
157.26979999999458
154.67660000012984
154.97880000020814
154.72290000070643
154.24500000062835
153.73679999993328
154.60629999961384
153.7693999998737
154.02869999979885
154.7977999998693
156.95959999993647
155.16720000050555
155.87199999936274
154.85399999943184
169.27020000002813
173.83700000027602
150.7577999991554
155.89669999917533
155.62469999986206
154.36049999971146
154.21650000007503
156.2696999999389
156.5749000001233
151.0577999997622
193.37559999985388
191.29239999983838
167.95899999942776
183.4430999997494
154.6053000001848
154.92799999992712
155.27520000068762
160.05710000081308
165.24070000014035
154.6517999995558
155.5136000006314
153.7664000006771
169.16959999980463
171.56210000030114
156.76779999921564
155.3278000001228
153.596799999832
154.62209999986953
154.98200000001816
153.22869999999966
153.64359999966837
155.97619999971357
157.3591000005763
153.7930000004053
155.8762000004208
154.08389999993233
153.8712999999916
156.1727999996947
156.63319999930536
154.49309999985417
154.15529999972932
153.1383999999889
154.25410000079864
153.79759999996168
154.46169999995618
154.61599999980535
154.2236999994202
152.69269999953394
155.57350000017323
151.89709999958723
156.22279999934108
154.68809999947553
153.52870000060648
153.75570000014704
154.18979999958538
153.57489999951213
153.7731000007625
154.40620000026684
153.69769999961136
155.3500999998505
154.42309999980353
153.97639999991952
152.91049999996176
162.10059999957593
151.16849999958504
155.10679999988497
154.16869999990013
154.08560000014404
154.87840000059805
153.7543000004007
155.01130000029661
153.57719999974506
155.41639999992185
154.13230000012845
153.88100000018312
151.779699999679
155.0405000007231
168.26190000028873
153.28959999988
154.38610000001063
155.14020000046003
154.36810000028345
154.2822999999771
153.057099999387
155.06999999979598
153.7309000004825
154.13050000006479
153.35859999959212
163.59009999996488
155.88260000004084
153.51399999963178
154.45069999987027
153.37259999978414
156.1689000000115
154.00959999988117
154.72520000002987
156.04540000003908
154.51109999958135
153.27919999981532
155.31910000026983
153.89259999938076
155.32210000037594
154.49609999996028
153.98390000063955
153.16059999986464
153.78570000029868
153.99969999998575
153.5149999999703
153.73679999993328
153.19540000018605
154.83399999993708
153.68729999954667
153.41480000006413
154.24840000014228
154.7859000002063
154.46969999993598
154.5110000006389
153.55249999993248
155.17180000006192
162.93730000052165
168.4573000002274
163.87370000029478
155.56279999964318
154.98979999938456
154.4715999998516
154.57839999999123
154.75009999954636
156.64029999970808
171.40980000021955
175.47279999962484
163.13910000008036
181.48250000012922
168.8770000000659
178.90499999975873
175.30410000017582
154.3260000007649
154.46980000069743
153.63280000019586
170.97990000002028
161.20169999976497
150.44529999977385
154.86890000011044
154.8160000002099
152.86720000040077
154.99450000061188
154.5168000002377
153.9589000003616
154.6680000001288
154.6307999997225
153.94589999959862
153.71539999978268
153.59089999947173
155.7118000000628
153.95679999983258
170.74549999961164
161.8404000000737
155.64119999999093
154.35539999998582
154.52449999975215
153.3319999998639
156.6301000002568
157.04490000007354
154.40690000014
155.12549999948533
153.68990000024496
157.75860000030661
155.29220000007626
153.86390000003303
154.28119999978662
154.53340000021853
154.14939999936905
154.02610000001005
154.10330000031536
156.77730000061274
151.48649999991903
184.02710000009392
179.81280000003608
154.99220000037894
154.90349999981845
156.40050000001793
154.10359999987122
154.16199999981473
153.9078999994672
153.91749999980675
153.48249999988184
154.80910000042059
154.48120000019117
154.0989000004629
154.17390000038722
167.4591999999393
154.13790000002336
155.41169999960402
154.9764999999752
156.29900000021735
154.26529999967897
154.20149999954447
155.80940000018018
155.2204999998139
157.23069999967265
154.70449999975244
153.99209999941377
154.9537999999302
155.12219999982335
154.22409999973752
155.75079999962327
155.70870000010473
154.31569999964267
154.8187999997026
155.64289999929315
154.61270000014338
154.5559999995021
157.96659999978147
167.5123999993957
153.7250999999742
154.82089999932214
154.49450000051002
157.66770000027464
154.25060000052326
154.626499999722
154.09079999972164
153.96900000087044
155.01540000059322
154.0234000003693
153.54219999971974
155.16960000059044
153.92379999957484
154.22290000060457
153.8551000003281
154.5836999994208
157.04720000030647
153.94610000021203
155.8631999996578
153.64380000028177
175.09330000029877
167.43599999972503
156.10230000038428
156.4114000002519
157.7716000001601
158.54630000012548
159.6177000001262
174.7189999996408
166.83000000011816
152.69339999940712
152.5826999995843
154.24050000001444
156.4755999997942
154.30000000014843
154.6959000006609
155.80959999988409
155.07350000007136
155.2043000001504
155.84010000020498
154.54460000000836
154.32359999977052
153.59099999932369
155.43940000043222
154.02580000045418
154.10509999946953
155.87680000044202
154.33819999998377
154.1629000003013
154.856899999686
154.0484999995897
153.92739999970217
154.40269999999146
156.65270000044984
153.96729999974923
154.6026999994865
157.83789999932196
154.82859999974607
153.80869999989955
156.03860000010172
154.41100000043662
153.67429999969318
155.17369999997754
154.31619999981194
153.77970000008645
155.09480000037001
153.8209000000279
153.99390000038693
153.67160000005242
158.59550000004674
154.0740000000369
154.1372000001502
154.96660000007978
154.49509999962174
153.6958999995477
154.34559999994235
154.25520000007964
153.39319999930012
154.89049999996496
155.09730000030686
154.2822999999771
154.30520000063552
154.5256999997946
151.37239999967278
154.34800000002724
155.71369999997842
154.37660000043252
154.17679999973188
154.59699999973964
155.47680000054243
153.83620000011433
154.8569000005955
154.12600000036036
154.973699999573
155.09259999998903
155.83700000024692
154.69779999966704
153.64239999962592
153.724400000101
153.9396999996825
156.23820000018895
153.40509999987262
153.52450000045792
155.15090000008058
154.2184999998426
153.58329999980924
154.59010000085982
156.94090000033611
155.52039999965928
172.3192999997991
182.68559999978606
150.88359999936074
150.0223000002734
151.95200000016484
154.38850000009552
154.1639999995823
154.47649999987334
153.909399999975
153.7375999996584
153.20840000003955
156.56290000060835
153.86250000028667
154.05610000016168
175.0274999994872
154.43649999997433
155.31860000010056
175.7170999999289
155.59709999979532
153.36149999984627
155.2631000004112
154.05879999980243
154.43250000043918
153.93650000078196
155.74319999996078
155.62339999996766
153.5240999992311
154.50280000004568
153.53909999976167
153.77319999970496
151.83640000032028
150.10689999962779
152.02990000034333
154.63739999995596
153.86839999973745
154.93919999971695
153.84140000060142
154.53009999964706
154.8675000003641
153.41129999978875
153.86969999963185
153.82789999966917
154.20700000049692
154.06809999967663
155.02100000048813
154.22850000049948
155.46199999971577
153.54949999982637
154.63890000046376
154.20819999962987
155.9864999999263
153.59220000027562
154.00050000062038
159.371500000816
154.45999999974447
154.04380000018136
154.14700000019366
153.90949999982695
154.62050000041927
154.02399999948102
154.08879999995406
154.8614000002999
153.97140000004583
155.75750000061817
154.7165000001769
154.61210000012215
154.37499999916326
154.2595999999321
154.41160000045784
155.83160000005591
154.3203999999605
153.9650000004258
154.9709000000803
153.75920000042242
153.5462000001644
154.61709999999584
156.63600000061706
153.55929999986984
154.56210000047577
155.12659999967582
153.82529999988037
153.62139999979263
154.52989999994315
153.5435999994661
154.3179999998756
162.66530000029888
154.60999999959313
154.47070000027452
152.70950000012817
155.2696000007927
153.93529999983002
154.47339999991527
154.15430000030028
152.8074000007109
153.18119999938062
153.95230000012816
154.76239999952668
154.17679999973188
152.53180000036082
154.63290000025154
154.17619999971066
152.6998999997886
155.21500000068045
154.4294000004811
154.84550000019226
153.42710000004445
153.6869999999908
153.93630000016856
153.45280000019557
154.5229000003019
153.35859999959212
152.45479999975942
151.47190000061528
152.65770000041812
155.42889999960607
155.61960000013642
152.55249999972875
154.8197000001892
155.19529999983206
156.70159999990574
154.82489999976679
154.3947999998636
156.47790000002715
155.0601999997525
153.9946000002601
155.6254999995872
154.7539000002871
154.37010000005102
156.17440000005445
154.27309999995487
154.22159999980067
153.56450000035693
154.0632000005644
154.1836999995212
154.14760000021488
154.93620000052033
156.24839999964024
155.66969999963476
154.12820000074134
154.70080000068265
150.86229999997158
173.57429999992746
155.37270000004355
154.47390000008454
154.60110000003624
156.05300000061106
154.64150000025256
156.18029999950522
153.56139999948937
153.91749999980675
154.64740000061283
155.00489999976708
154.1589999997086
173.64470000029542
155.31040000041685
154.45210000052612
153.28080000017508
152.43199999986246
155.9502000000066
155.63879999990604
155.48240000043734
154.75359999982174
155.56089999972755
153.82790000057867
155.93660000013188
155.1644999999553
166.9014999997671
177.19670000042242
155.35110000018904
151.57319999980245
154.92009999979928
150.91359999951237
152.6854000003368
153.55910000016593
154.76940000007744
154.98930000012479
154.27249999993364
153.62120000008872
154.11680000033812
155.32770000027085
155.39080000053218
154.5575000000099
153.53070000037405
155.66760000001523
157.24610000052053
153.92530000008264
154.99240000008285
153.74429999974382
155.2240000000893
154.4253000001845
154.01120000024093
155.2510000001348
155.77790000043024
155.18930000052933
155.31430000010005
154.34970000023895
154.88559999994322
154.78110000003653
155.3537999998298
154.70139999979438
154.674100000193
153.93070000027365
154.11940000012692
155.05709999979445
154.70770000047196
154.10390000033658
156.68319999986124
153.97489999941172
153.29789999941568
153.44310000000405
155.31630000077712
154.09019999970042
156.28860000015266
153.77079999962007
153.59749999970518
154.1105999995125
154.27809999982856
153.9653999998336
153.94500000002154
154.56489999996847
155.25650000017777
155.50050000001647
154.98769999976503
155.1472000001013
155.3940000003422
154.5616000003065
154.0502000007109
154.85659999922063
151.35920000011538
154.35340000021824
155.1132000004145
157.19840000019758
153.67999999944004
154.33610000036424
152.94290000019828
149.6735999999146
150.74040000035893
175.56389999936073
162.11920000023383
160.1184999999532
172.95130000002246
166.7158999998719
154.14139999938925
153.86800000032963
156.06340000067576
153.9268999995329
156.3352000002851
153.5529000002498
153.94670000023325
154.41329999976006
155.25760000036826
153.43399999983376
155.18689999953494
152.22610000000714
177.89390000052663
154.11860000040178
155.46439999980066
156.19599999990896
154.52600000025996
154.3472000003021
155.39110000008804
154.24799999982497
154.57790000073146
156.0687000001053
154.84100000048784
156.09029999995983
154.63389999968058
154.0353000000323
156.44840000004478
155.9610000003886
156.23589999995602
154.30319999995845
155.28119999999035
154.66190000006463
154.8533999994106
170.1695000001564
170.60200000014447
150.42470000025787
155.7349000004251
154.4374000004609
153.75370000037947
154.55850000034843
155.02599999945232
155.10289999929228
154.05380000083824
152.22910000011325
151.58900000005815
154.389600000286
155.56980000019394
153.53870000035386
155.3567999999359
153.9546000003611
153.54719999959343
154.18330000011338
153.98720000030153
153.73619999991206
155.19789999962086
154.1683000004923
154.78280000024824
154.0074000004097
154.89600000000792
155.6945000002088
153.18370000022696
157.25680000014108
155.6220000002213
154.22719999969559
157.6017999996111
154.47179999955551
171.34880000048724
165.7848999993803
154.4261999997616
153.97130000019388
153.56830000018817
154.4831000001068
155.63490000022284
157.34100000008766
156.04219999931956
154.26000000024942
154.16480000021693
154.12900000046648
155.04869999949733
155.58380000038596
154.06640000037441
154.61839999989024
153.62349999941216
152.75189999920258
154.20610000001034
155.5646999995588
154.07719999984693
153.31870000045456
156.67619999931048
154.31399999943096
156.01999999944383
154.37689999998838
155.2256999993915
153.97489999941172
153.8304000005155
155.34029999980703
152.927300000556
154.31050000006508
154.27859999999782
154.30410000044503
153.31540000079258
152.69139999963954
154.9894999998287
154.11970000059227
155.12630000011995
155.19210000002204
153.25300000040443
153.59619999981078
153.6831000003076
153.9238999994268
152.63190000041504
168.42580000047747
166.81119999975635
153.00159999969765
171.93529999985913
162.16980000081094
153.7042999998448
165.41069999948377
152.9091000002154
153.33379999992758
153.64659999977448
154.86180000061722
155.3009999997812
154.33349999966595
154.4882999996844
155.29179999975895
152.99730000060663
155.43259999958536
153.87680000003456
154.7485000000961
154.0290000002642
167.64689999945404
175.67440000038914
151.41029999995226
166.5579999998954
170.08679999980814
163.24020000047312
158.40770000068005
159.52070000003005
153.55210000052466
153.65830000064307
154.40579999994952
154.1826000002402
153.35440000035305
170.2361000006931
163.60090000034688
156.40439999970113
155.19060000042373
154.93119999973715
154.15560000019468
152.75469999960478
153.46500000032393
153.07690000008733
153.73490000001766
153.9442000002964
154.27490000001853
154.7496000002866
154.46930000052816
153.39180000046326
155.63230000043404
156.11799999987852
152.01510000042617
163.18210000008548
168.1919000002381
169.76440000053117
170.03719999956957
155.28710000035062
154.53969999998662
154.2583000000377
155.82069999982195
152.81400000003487
153.02229999997508
153.41540000008536
155.55099999983213
154.21059999971476
153.2113000002937
154.36719999979687
155.21309999985533
154.56709999943996
153.17420000064885
154.5155000003433
154.00700000009238
157.69000000000233
154.47109999968234
156.32469999945897
157.03899999971327
158.92629999962082
155.6891000000178
156.71539999948436
152.56979999958276
153.93310000035854
155.0031000006129
155.39189999981318
152.70560000044497
152.34389999932318
157.61490000022604
152.65009999984613
153.17750000031083
153.2407000004241
154.785499999889
153.25149999989662
151.77069999936066
153.1805999993594
152.15299999999843
154.21349999996892
153.9132999996582
153.4708999997747
154.32229999987612
155.05149999989953
152.35839999968448
153.98479999930714
152.8668999999354
153.6260000002585
154.4082000000344
166.68509999999515
171.09400000026653
160.55950000009034
153.23999999964144
154.03040000001056
154.84400000059395
153.33019999980024
153.79570000004605
152.6668000005884
153.74319999955333
150.07040000000416
152.9526000003898
152.20039999985602
152.9459000003044
153.62070000082895
154.13690000059432
152.79629999986355
153.34280000024592
153.701700000056
152.9419999997117
155.68789999997534
155.49680000003718
153.53779999986727
154.83130000029632
157.27109999988897
153.6364000003232
153.56750000046304
152.56099999987782
153.2032999994044
152.99920000052225
153.51789999931498
154.0160000004107
154.4240000002901
155.48020000005636
155.46939999967435
154.00339999996504
154.93900000001304
155.42509999977483
154.40080000007583
153.337200000351
153.75870000025316
154.53340000021853
154.44190000016533
154.3879000000743
155.06140000070445
153.8657000000967
155.180300000211
155.21069999977044
153.54409999963536
153.28370000042923
154.49529999932565
154.68590000000404
153.20680000058928
154.0010999997321
153.61719999964407
155.5411000008462
154.2952999998306
153.60229999987496
155.70560000014666
156.8911999993361
153.93740000035905
157.17040000072302
154.79749999940395
151.99870000014926
186.35619999986375
163.0522999994355
154.40490000037244
154.6144000003551
154.29979999953503
154.98440000010305
154.560500000116
150.65770000001066
155.94030000011116
154.34610000011162
165.41400000005524
155.467999999928
154.59820000069158
154.12579999974696
155.27299999939714
153.18569999999454
156.55700000024808
156.1098000001948
154.6385999999984
153.94770000057179
156.32000000005064
154.71679999973276
154.20970000013767
153.55040000031295
153.72720000050322
154.23119999923074
153.11039999960485
156.49970000049507
177.80740000034712
176.2298000003284
162.9808999996385
154.55019999990327
153.61839999968652
156.41080000023067
154.0125999999873
154.00929999941582
155.41200000006938
154.50870000040595
154.35649999926682
154.90780000072846
151.2607000004209
160.24300000026415
162.72729999946023
168.02629999983765
175.5654999997205
171.5142000002743
152.59560000049532
153.18980000029114
155.49240000018472
154.3969999993351
154.773600000226
155.05279999979393
154.47089999997843
154.11669999957667
155.1656000001458
151.63349999966158
183.1084000004921
165.41660000075353
155.0825000003897
155.74310000010883
154.19060000022
155.21809999972902
155.51419999974314
156.48349999992206
155.8815999997023
173.89650000041001
162.0418000002246
175.756900000124
155.57470000021567
155.55500000027678
153.97089999987656
154.5085999996445
154.55029999975523
154.31719999924098
153.82520000002842
154.61539999978413
151.65560000059486
153.62420000019483
154.9549000001207
155.4016000000047
156.9088999995074
156.42489999936515
154.77259999988746
153.9005000004181
155.4667000000336
154.07720000075642
155.1156000004994
154.4411000004402
154.54880000015692
153.925600000548
165.07430000001477
179.11050000020623
170.21610000028886
174.64580000068963
156.56049999961397
157.82839999974385
152.94119999998657
155.6505999997171
153.04509999987204
154.483700000128
155.42569999979605
155.36270000029617
153.9040000006935
154.34300000015355
154.41759999976057
153.90690000003815
154.18380000028264
154.24089999942225
155.1145000003089
153.08850000019447
155.03149999949528
154.53210000032414
154.37279999969178
154.7990999997637
153.849899999841
156.6623000007894
154.1981999998825
153.48399999948015
155.86749999965832
155.76839999994263
154.92929999982152
155.91010000025562
154.45730000010371
156.0127000002467
156.20750000016415
154.50479999981326
154.87020000000484
155.95220000068366
153.2870000000912
153.7703000003603
154.74799999992683
154.10310000061145
154.55500000007305
154.56170000015845
169.1462999997384
167.52350000024308
156.4762999996674
153.75280000080238
154.58679999937885
153.93979999953444
154.32489999966492
154.98630000001867
151.35079999981826
152.79039999950328
153.9370999998937
155.37159999985306
153.2630000001518
155.32689999963623
153.91619999991235
156.64289999949688
153.7731000007625
155.0164999998742
153.80569999979343
153.7847999998121
154.0113000000929
154.36899999986053
155.39780000017345
154.71470000011323
155.40890000011132
153.43310000025667
154.2061999998623
153.36410000054457
155.2905999997165
154.49769999941054
154.63540000018838
150.50460000020394
154.12279999964085
155.13949999967735
156.23599999980797
153.96039999995992
154.7827000003963
154.55939999992552
153.4643999993932
154.83839999978954
155.3100999999515
155.41329999996378
153.9867999999842
154.9680999996781
153.78719999989698
154.22080000007554
153.43840000059572
154.12749999995867
153.96439999949507
152.30280000014318
177.61889999928826
175.0713999999789
153.1222000003254
152.22290000019711
155.08289999979752
153.2430999995995
182.2450999998182
156.05520000008255
151.409799999783
176.99739999989106
163.52350000033766
152.55309999974997
155.77080000002752
153.5742999994909
153.58519999972486
154.0369999993345
154.85910000006697
150.49009999984264
151.12070000031963
172.59459999968385
154.94519999992917
153.78929999951652
153.49369999967166
153.5211000000345
153.55230000022857
155.53020000061224
154.28249999968102
154.65039999980945
153.983999999582
155.3012000003946
153.08210000057443
179.47189999995317
155.6061999999656
152.72679999998218
153.6978000003728
154.45230000023003
154.5762999994622
156.38510000007955
155.5692000001727
179.38609999964683
169.64010000083363
156.30520000013348
155.53950000048644
153.84459999950195
156.31519999988086
155.48819999912666
156.66160000000673
154.09980000003998
165.62040000007983
161.88839999995253
152.11970000018482
154.74650000032852
172.58620000029623
165.56240000045364
153.29019999990123
150.25079999941227
151.64090000052965
149.72930000021734
156.89149999980145
159.56259999984468
153.26900000036403
156.1943999995492
153.4100999997463
149.99130000069272
151.59229999972013
154.1034000001673
155.29349999997066
165.032699999756
153.38830000018788
155.0020000004224
153.67180000066583
152.71319999919797
153.9416000005076
153.90190000016446
153.35329999925307
154.1551000000254
153.87839999948483
153.03660000063246
156.0258999998041
154.13899999930436
154.8858999994991
159.14969999994355
168.89999999966676
154.9538000008397
153.0086000002484
153.77210000042396
153.48209999956453
154.07630000026984
153.26230000027863
155.79429999979766
153.6538999998811
153.22500000002037
153.1289000004108
155.32699999948818
155.71209999961866
153.50610000041343
153.06479999981093
153.75520000088727
154.56859999994776
154.14090000012948
151.84099999987666
155.09670000028564
155.8261999998649
153.1970000005458
154.52219999951922
154.34170000025915
155.06490000007034
152.8862000004665
156.9590999997672
153.5117999992508
152.98100000018167
153.07229999962146
153.178200000184
154.0800999991916
153.3953999996811
153.31869999954506
153.28609999960463
153.72149999984686
153.00400000069203
155.82350000022416
153.13359999981913
155.31879999980447
152.85379999932047
153.46230000068317
152.87480000006326
154.38559999984136
155.42379999988043
152.891599999748
155.34139999999752
153.16410000014002
152.6971000002959
152.80299999994895
152.43000000009488
153.56489999976475
153.6647000002631
154.4013000002451
152.42029999990336
153.91410000029282
154.4583999993847
153.16560000064783
155.71660000023257
155.70779999961815
153.75870000025316
153.3278999995673
153.9241000000402
155.7799000001978
155.25249999973312
154.13660000012896
154.16800000002695
154.11289999974542
157.1139999996376
155.09819999988395
153.63929999966786
154.9643999996988
157.18120000019553
176.9179000002623
158.61150000000634
150.59349999955884
154.35580000030313
184.53170000066166
162.59400000035384
151.16020000004937
152.82609999940178
150.98820000002888
153.99609999985842
153.58029999970313
153.038700000252
153.36759999991045
155.00819999942905
154.09530000033556
153.7729000001491
154.6982999998363
154.5196000006399
154.58770000077493
155.95829999983835
159.7644000003129
153.34460000030958
154.58179999950517
155.2788999997574
155.74240000023565
153.38040000006004
153.92229999997653
154.18870000030438
154.94069999931526
156.05019999929937
155.0054999997883
153.6871999996947
153.83980000024167
153.94620000006398
153.74830000018846
153.7826000003406
153.87379999992845
155.14809999967838
153.06820000023436
154.6117999996568
153.52329999950598
153.4600999993927
155.4732000004151
154.7866000000795
154.4159999994008
155.26150000005146
154.5298000000912
154.29720000065572
155.4855000003954
172.88169999937963
160.07189999982074
153.38679999968008
154.76940000007744
154.42419999999402
151.65630000046804
153.31760000026406
156.75330000067333
155.3777999997692
156.23819999927946
153.12600000015664
154.02959999937593
153.86489999946207
154.15280000070197
154.6080999996775
154.2477000002691
154.35799999977462
155.33009999944625
154.30969999943045
155.03720000015164
155.27019999990443
153.24600000076316
172.5031999994826
181.14239999977144
158.7693000001309
154.12090000063472
153.6738000004334
150.29950000007375
153.32169999965117
159.3724000003931
159.18669999973645
156.68519999962882
157.9639000001407
155.05579999990005
155.267900000581
154.39919999971607
154.81219999946916
155.0982999997359
154.91059999931167
154.83429999949294
154.15779999966617
154.8505999999179
154.9488000000565
153.79200000006676
154.97450000020763
154.498899999453
153.97289999964414
153.8338999998814
152.70739999959915
153.8404000002629
156.67080000002898
155.00520000023243
154.73540000039065
155.13039999950706
155.15419999974256
153.43719999964378
155.30720000060683
156.00819999963278
154.13359999911336
155.73879999919882
188.4250000002794
186.94109999978537
156.6818000001149
159.04890000001615
155.40919999966718
153.55619999991177
155.24219999952038
157.0130000000063
153.67739999965124
153.6897999994835
155.73769999991782
153.4788999997545
153.9162999997643
154.20819999962987
153.67930000047636
154.04169999965234
154.26119999938237
154.17489999981626
155.5757000005542
153.64039999985835
153.76109999942855
154.41030000056344
155.97430000070744
156.55059999971854
156.91289999995206
153.76999999989494
154.85910000006697
154.74760000051901
153.739599999426
154.03880000030767
154.12279999964085
154.2367000001832
154.09120000003895
154.52360000017507
153.72719999959372
154.9406000003728
156.67709999979706
154.77689999988797
154.45439999984956
154.272800000399
154.8307000002751
155.48429999944346
154.304200000297
155.49120000014227
155.72689999953582
154.48169999945094
173.40479999984382
160.71420000025682
156.05839999989257
155.08820000013657
153.90670000033424
154.4792000004236
153.9134999993621
172.74819999965985
161.59630000038305
154.7976000001654
154.7301000000516
155.91940000012983
154.46040000006178
154.17799999977433
154.71340000021883
155.5287999999564
155.77789999952074
155.43109999998705
153.75099999982922
154.1863000002195
155.27629999996861
156.1150000006819
155.08859999954439
155.37570000014966
154.65889999995852
153.795799999898
153.71269999923243
155.3967999998349
155.84729999955016
154.89390000038838
155.08829999998852
154.06739999980346
154.11040000071807
154.5829999995476
155.686500000229
155.24240000013378
154.80630000001838
154.7376999997141
152.52140000029613
154.3359999996028
154.94229999967501
156.2398000005487
154.33289999964472
154.81609999915236
153.86109999963082
153.9746999997078
154.36549999958515
160.80280000005587
176.55289999947854
167.7535999997417
154.1944999999032
154.09599999929924
153.65489999931015
154.70970000023954
155.36119999978837
155.4360000000088
154.0562999998656
154.32919999966543
152.33660000012605
152.94859999994515
153.12989999983984
155.4652000004353
153.4203000001071
152.97519999967335
163.84149999976216
153.93739999944955
153.99080000042886
155.64110000013898
155.61020000041026
154.42130000064935
154.89230000002863
155.84260000014183
150.36130000044068
174.14540000027046
156.58840000014607
154.84079999987443
153.91569999974308
154.6822999998767
154.25380000033329
154.3590999999651
156.81039999981294
154.8157999995965
171.55199999979232
154.5469000002413
154.32869999949617
154.1058000002522
153.78460000010818
154.6665000005305
165.37239999979647
154.6779999998762
153.89269999923272
152.96760000001086
156.32499999992433
155.23000000030152
154.9801999999545
154.49830000034126
154.39419999984239
155.51099999993312
154.18839999983902
153.05289999923843
154.05570000075386
153.66869999979826
154.325799999242
154.78069999971922
153.8818999997602
155.75209999951767
154.92099999937636
153.5133000006681
154.92229999927076
155.2415000005567
153.91940000063187
155.7333999999173
155.57300000000396
154.53960000013467
154.22980000039388
154.00510000017675
171.65810000005877
151.0750999996162
155.16419999948994
157.21279999979743
153.89030000005732
154.98780000052648
155.34919999936392
153.90989999923477
153.6129999994955
153.1899000001431
156.17660000043543
156.00650000033056
153.4193999996205
153.98290000030102
155.86359999997512
170.9737999999561
154.0855000002921
153.9756000001944
155.0943999991432
154.0752999999313
153.909399999975
153.7573000005068
153.89539999978297
153.60810000038327
152.91369999977178
154.30620000006456
153.94360000027518
153.75029999995604
157.20240000064223
153.37559999989026
154.80719999959547
168.8133999996353
151.58419999988837
154.1692000000694
153.7702999994508
154.8675000003641
154.91100000053848
153.55370000088442
156.93999999984953
154.2194000003292
153.85590000005323
156.95979999964038
155.05799999937153
153.8555000006454
153.30040000026202
153.97550000034244
153.95319999970525
152.7740999999878
154.9937999998292
153.809899999942
154.9594000007346
152.78789999956643
153.63390000038635
153.47859999928914
155.275499999334
153.3830999997008
155.70730000035837
153.29780000047322
153.90060000027006
153.24359999976878
154.13119999993796
154.9596000004385
153.82320000026084
154.31170000010752
154.0130000003046
153.38710000014544
153.20389999942563
156.59229999982927
153.8060000002588
153.4247999998115
153.68099999977858
153.0812999999398
154.27290000025096
153.7540999997873
154.38429999994696
155.0070000002961
153.862900000604
152.83289999933913
153.22249999917403
154.85569999964355
155.4465999997774
154.27339999951073
153.9253999999346
153.68170000056125
153.66510000058042
152.61129999998957
153.8007999997717
152.85020000010263
155.07200000047305
153.82450000015524
152.11009999984526
154.4596999992791
154.03559999958816
154.65199999925971
153.2243000001472
153.97359999951732
152.71219999976893
153.42450000025565
152.8762000007191
154.6554999995351
153.44900000036432
154.06799999982468
152.48400000018592
153.27069999966625
153.2924000002822
153.56200000042008
156.55419999984588
153.92609999980778
152.7710999998817
153.8471000003483
152.6150999998208
155.04329999930633
155.86489999986952
153.6046000001079
152.342100000169
154.69739999934973
153.624900000068
153.71759999925416
152.50250000008236
155.5766000001313
153.02999999948952
154.55500000007305
155.6049000000712
152.9635999995662
154.02350000022125
172.13879999962955
153.1169999998383
153.70059999986552
160.09010000016133
159.54059999967285
155.03329999955895
152.8995999997278
165.5641999996078
169.80249999960506
157.3195000000851
153.7668000000849
152.73660000002565
153.97940000002563
154.32620000046882
152.36480000021402
154.93710000009742
153.40370000012626
152.93800000017654
154.31019999959972
154.02649999941787
154.51579999989917
151.1833000004117
150.62359999956243
152.55790000082925
153.37219999946683
154.2994000001272
153.7295999996786
152.7618000000075
154.30689999993774
152.67190000031405
159.7657000002073
162.3950999992303
151.7695000002277
155.13600000031147
154.59850000024744
170.78700000001845
158.56000000076165
173.6337000002095
162.84399999949528
162.41290000016306
152.4703999994017
153.36149999984627
158.598200000597
157.87649999947462
165.06529999969644
172.87349999969592
158.16950000044017
152.67450000010285
156.6872000003059
153.1542000002446
154.82059999976627
152.3533999998108
153.50739999939833
155.70850000040082
153.01499999986845
153.48730000005162
153.3251000000746
153.96590000000288
154.54909999971278
153.10969999973167
153.20040000005974
154.45230000023003
153.63340000021708
153.0274000006102
154.41410000039468
153.8250000003245
153.59489999991638
153.91060000001744
156.58689999963826
169.249900000068
166.41970000000583
155.7764999997744
152.78290000060224
153.8697999994838
153.103600000577
153.73660000022937
153.36479999950825
154.27999999974418
153.35640000012063
153.0361000004632
154.85549999993964
156.24659999957657
152.75000000019645
155.40780000083032
154.63509999972302
154.50440000040544
153.01629999976285
153.93459999995684
154.2634999996153
152.74369999951887
153.65949999977602
153.54310000020632
152.9757000007521
153.85850000075152
152.56760000011127
153.14549999948213
153.58460000061314
156.2685999997484
153.3438999995269
153.55020000060904
153.15040000041336
154.64539999993576
153.12700000049517
152.38379999937024
151.87609999975393
154.49379999972734
153.34559999973862
152.80819999952655
152.49750000020867
153.0032000000574
155.60260000074777
152.6972999999998
153.580599999259
152.8158999999505
156.12060000057681
153.4748000003674
154.61020000020653
153.6964999995689
153.91309999995428
153.915899999447
152.8654000003371
153.67740000056074
155.25919999981852
154.32640000017273
154.29369999947085
153.9098000002923
151.02999999999156
152.27849999973841
153.28500000032363
152.93459999975312
156.54429999995045
153.271200000745
154.07779999986815
152.87230000012642
152.98799999982293
154.07709999999497
155.23290000055567
154.0709999999308
152.6955999997881
153.5368999993807
161.3273000002664
150.85629999975936
168.6994000001505
168.50539999995817
170.12400000021444
167.14890000002924
153.17359999971814
156.06529999968188
178.47009999968577
186.59200000001874
168.18370000055438
168.90309999962483
155.23400000074616
156.56850000050326
167.29659999964497
167.0547000003353
153.07000000029802
154.3829000002006
155.20089999972697
153.29960000053688
154.23650000047928
152.68399999968096
151.83820000038395
153.6061000006157
156.61809999983234
152.75149999979476
153.9456999998947
155.34299999944778
159.4358000002103
153.54670000033366
153.55879999970057
151.77179999955115
152.96130000024277
156.24470000057045
154.24429999984568
153.20629999951052
154.0224999998827
152.7814999999464
152.97159999954602
156.00270000049932
156.9374999999127
152.51159999934316
154.60110000003624
153.5425000001851
153.87840000039432
154.66529999957856
155.27490000022226
155.7491999992635
154.05360000022483
153.8503000001583
153.7519000003158
155.11719999994966
157.00990000004822
157.22869999990507
154.44560000014462
156.96790000038163
154.58870000020397
153.78379999947356
154.11839999978838
153.58160000050702
155.47160000005533
154.4571000003998
152.1591000000626
153.06580000014947
154.2939999999362
153.4652999998798
154.1071000001466
153.0536000000211
153.65850000034698
154.9949000000197
153.44480000021576
153.13900000001013
153.536200000417
154.80979999938427
153.4948999997141
154.7350999999253
153.1148000003668
153.21749999930034
153.96359999976994
158.24309999970865
156.83009999975184
166.2890999996307
169.01560000042082
172.87990000022546
172.14469999998983
157.75610000036977
158.5256999997
157.2280000000319
156.35349999956816
157.6585000002524
155.68739999980608
157.45420000075683
157.00309999920137
159.55880000001343
157.70640000027925
158.82280000005267
153.8301999999021
179.03079999996407
159.07179999976506
159.77190000012342
156.22480000001815
154.03019999939715
153.9161000000604
155.93290000015259
154.89880000041012
155.2982000002885
156.88429999954678
157.15840000029857
160.27200000007724
155.7119999997667
159.2145000004166
180.6921000006696
157.7331000007689
156.5565000000788
156.45559999938996
158.8952000001882
157.22439999990456
154.1111999995337
170.0591999997414
177.79109999992215
153.72559999923396
156.25960000033956
158.6077000001751
153.6722999999256
156.39360000022862
154.637300000104
155.1951999999801
155.09910000037053
153.73709999948915
155.1313999998456
155.2799999999479
155.7346999998117
154.8070999997435
153.73490000001766
156.42290000050707
154.86409999994066
153.85779999996885
157.2212999999465
154.3498000000909
168.0716000000757
176.15589999968506
180.2943000002415
151.80300000065472
163.8515999993615
154.31989999979123
153.95110000008572
154.11180000046443
155.1872000000003
154.55269999984012
156.40859999984968
153.84199999971315
154.0815999996994
154.39640000022337
156.8645999996079
154.90410000074917
154.69200000006822
154.5044999993479
154.31440000065777
153.7649000001693
155.877899999723
154.89960000013525
154.21189999960916
156.42380000008416
153.67760000026465
155.20360000027722
154.92780000022321
155.89569999974628
154.25259999938135
155.39930000068125
151.72189999975672
153.54330000081973
155.6696000006923
154.28999999949156
155.61979999984032
154.29479999966134
154.98999999999796
159.77429999929882
155.53429999999935
154.3203999999605
154.04820000003383
153.98740000000544
154.46010000050592
154.23079999982292
154.44440000010218
154.46020000035787
154.85200000057375
155.4314000004524
154.4939000004888
156.29030000036437
154.28110000084416
153.4871000003477
155.5012999997416
155.72659999997995
154.53210000032414
155.4497999995874
164.6866000000955
173.57179999999062
153.4897000001365
154.98120000029303
155.3580999998303
154.72259999933158
156.5018000001146
154.8637999994753
153.64890000000742
154.7377000006236
155.44630000022153
154.06110000003537
156.31980000034673
154.60019999954966
155.57040000021516
155.38389999983337
154.39390000028652
153.7489000002097
174.99950000001263
181.71709999933228
182.18489999981102
175.779600000169
157.05239999988407
150.9712999995827
152.40199999971082
182.66459999995277
181.15629999920202
180.392700000084
155.07759999945847
153.5383999998885
155.6086000000505
155.1171000000977
157.60020000016084
154.32849999979226
153.35760000016307
154.69089999987773
154.89239999988058
156.10689999994065
154.4804999994085
154.7350999999253
155.81719999954657
153.92770000016753
154.24979999988864
154.42970000003697
156.5112999996927
155.48669999952835
155.11349999997037
154.52920000006998
155.3450999999768
155.21949999947537
155.4403000000093
153.42270000019198
154.0712000005442
173.1221000000005
153.69730000020354
154.18969999973342
155.52459999980783
155.75100000023667
155.9971000006044
153.25670000038372
155.46270000049844
154.22820000003412
154.98509999997623
155.8588999996573
155.34610000031535
154.51150000080816
155.14130000065052
151.38429999933578
149.97349999975995
188.48809999963123
179.03610000030312
165.58599999916623
150.63370000007126
170.72970000026544
176.57010000039008
153.5182999996323
175.63270000027842
176.47449999913078
154.3695000000298
151.66520000002492
151.2267999996766
156.08650000012858
155.57480000006763
154.2076999994606
154.3892000008782
157.43469999961235
154.2579000006299
153.989399999773
155.60719999939465
155.38610000021436
154.01879999990342
170.90670000015962
178.61859999993612
155.5038999995304
155.33849999974336
166.67140000026848
164.93590000027325
155.11740000056307
182.97010000060254
172.4088999999367
150.52950000062992
150.05489999930433
150.9155000003375
162.40379999999277
168.07740000058402
151.35339999960706
154.37720000045374
156.88460000001214
154.785499999889
155.0151999999798
154.7947999997632
153.9333999999144
153.9219000005687
154.4131999999081
154.86460000010993
158.46000000055938
155.41789999952016
154.15159999975003
154.4017000005624
155.84299999954965
153.15360000022338
154.63230000023032
154.47089999997843
156.41320000031556
153.82729999964795
155.46119999999064
154.14570000029926
153.93680000033783
155.3165999994235
157.407300000159
154.7777000005226
154.47040000071866
154.64370000063354
156.00540000014007
154.08680000018649
153.49570000034873
156.02690000014263
153.87770000052114
154.7735999993165
155.56089999972755
153.99660000002768
156.52779999982158
155.83629999946425
154.98399999978574
155.41070000017498
154.08900000056747
175.37050000009913
181.0488000000987
182.0640000005369
153.4803999993528
156.0447000001659
176.87990000013087
178.95800000042072
178.13159999968775
175.3496000001178
182.50179999995453
182.65419999988808
155.16870000010385
151.7478999994637
155.60439999990194
155.65889999925275
165.35769999973127
155.82660000018222
157.70049999991897
154.9061999994592
153.51780000037252
152.57259999998496
168.61249999965366
167.3280999993949
152.88409999993746
177.61699999937264
152.78779999971448
154.18700000009267
155.01180000046588
153.9342999994915
154.36829999998736
154.16780000032304
153.6592999991626
153.63019999949756
154.3268999994325
153.6976000006689
154.33349999966595
153.96979999968607
158.6860000006709
154.9105000003692
154.66140000080486
155.56040000046778
154.79989999948884
153.49909999986266
154.82460000021092
153.12859999994544
153.0228999999963
154.2784000002939
155.10790000007546
154.0604000001622
154.13840000019263
156.5000999999029
154.61390000018582
155.06879999975354
155.3727999998955
154.4824000002336
154.04710000075283
156.01640000022599
154.15420000044833
153.93379999932222
151.1501999993925
151.2751999998727
153.55229999931908
153.91429999999673
158.5281000006944
154.11669999957667
155.2402000006623
154.6442000008028
154.54310000041005
153.69679999912478
152.74789999966742
150.8300000004965
150.84630000001198
150.88620000005903
151.46389999972598
154.10029999929975
153.5316999998031
154.98329999991256
163.78889999941748
150.2967999995235
175.08879999968485
150.9491999995589
165.05189999952563
151.16200000011304
151.87049999985902
153.3729000002495
155.74259999993956
153.76930000002176
154.74779999931343
153.60679999957938
155.83260000039445
158.15959999963525
167.80170000038197
169.63990000022022
164.6524000007048
152.37980000074458
150.50020000035147
154.12240000023303
153.72930000012275
154.4342000006509
153.62420000019483
154.2397000002893
155.51589999995485
154.3510999999853
154.14749999945343
154.44339999976364
152.93150000070455
156.13420000045153
153.2297000003382
154.09640000052605
154.54700000009325
154.23610000016197
154.56910000011703
154.61260000029142
154.44530000058876
154.57340000011754
152.91200000046956
154.54700000009325
154.14140000029874
153.82829999998648
154.89329999945767
154.05319999990752
153.36299999944458
153.67090000017924
153.3660000004602
153.80290000030072
174.22720000013214
161.21449999991455
153.48530000028404
154.7261999994589
153.65399999973306
152.4741000002905
152.91589999924327
153.5531000008632
154.28590000010445
154.53849999994418
154.05999999984488
154.2689000007158
153.78249999957916
153.38580000025104
152.94710000034684
153.66329999960726
152.86529999957565
155.67399999963527
155.4439999999886
152.41160000005038
161.49739999946178
150.5273999991914
150.58720000070025
163.8573999998698
152.95919999971375
153.8337000001775
155.04349999991973
156.51849999994738
170.45839999991586
171.03899999983696
169.32079999969574
168.3904999999868
168.86430000067776
164.90069999963453
163.5882999999012
165.62059999978374
156.8074999995588
167.38160000022617
156.56659999967815
150.7366000005277
158.53669999978592
166.26020000057906
152.35149999989517
157.7383000003465
153.70140000050014
153.37199999976292
153.89289999984612
152.97210000062478
152.84220000012283
154.67220000027737
153.26310000000376
152.69400000033784
153.21940000012546
154.24030000031053
153.40829999968264
153.19989999989048
153.8351999997758
152.86509999987175
153.96739999960118
154.01399999973364
153.1061999994563
154.0924000000814
154.3813999996928
153.35380000033183
154.8726999999417
153.4825999997338
156.53289999954723
153.68779999971593
157.13959999993676
151.6139999994266
153.38909999991301
152.56359999966662
153.319900000497
154.41519999967568
156.75290000035602
154.46090000023105
153.00419999948645
154.4238000005862
153.41870000065683
155.74260000084905
153.7674999999581
154.1815000000497
154.9295999993774
153.33379999992758
154.7349000002214
153.4440999994331
154.46759999940696
155.06550000009156
155.36510000038106
155.30279999984486
155.5028000002494
165.28699999980745
155.8301000004576
154.28280000014638
155.8949999998731
157.91250000074797
156.68749999986176
159.5961000002717
154.29260000018985
157.04530000039085
153.4548999998151
153.18070000012085
153.08039999945322
154.4752999998309
153.07329999996
154.856899999686
153.47320000000764
155.0297000003411
154.42409999923257
153.74590000010357
153.33059999920806
153.55950000048324
153.0317999995532
154.2207000002236
153.88290000009874
155.08999999929074
152.6370000001407
153.60429999964254
154.84679999917716
153.1862000001638
154.2159000000538
153.82970000064233
152.99699999923178
154.63249999993423
153.09619999970892
152.95659999992495
153.6500000001979
154.66440000000148
153.7583999997878
153.1795000000784
153.13109999988228
155.19310000036057
153.04120000018884
154.62490000027174
153.3236000004763
154.07130000039615
153.92980000069656
152.69829999942885
153.76819999983127
154.80010000010225
153.8404000002629
153.2141000006959
153.668199999629
156.86729999924864
155.1263999999719
153.8102999993498
155.48900000067079
153.81259999958274
153.6275000007663
153.3592999994653
155.30630000012025
156.92249999938213
154.0104000005158
154.13230000012845
153.72949999982666
153.0891000002157
155.8913000008033
161.397400000169
151.64790000017092
152.39010000004782
152.55840000008902
153.35999999933847
153.81969999998546
154.4067000004361
153.539500000079
152.7765000000727
153.5108999996737
174.8555000003762
179.124000000229
169.17449999982637
182.62269999922864
150.6787999996959
149.19410000038624
150.0514999997904
149.77060000001075
149.49279999927967
157.89650000078836
174.06510000000708
174.6337999993557
176.96849999992992
176.30619999999908
153.4665999997742
175.12750000059896
175.01889999948617
152.31409999978496
149.89200000036362
152.7501000000484
154.11050000057003
171.55559999991965
166.7274000001271
174.6407000000545
173.74950000066747
157.5516000002608
154.13040000021283
155.05399999983638
153.90620000016497
154.49700000044686
154.23829999963345
153.35899999990943
153.497299999799
152.70109999983106
154.00860000045213
153.6897999994835
154.6597999995356
153.80940000068222
154.0231999997559
152.55789999991975
153.24199999940902
154.29700000004232
153.8103000002593
153.71499999946536
154.02990000075079
154.10299999985
155.4095999999845
153.57359999961773
153.05110000008426
153.9880999998786
154.1349999997692
153.71090000007825
152.66559999963647
153.2454999996844
156.17310000016005
153.8114000004498
150.9174000002531
149.83510000001843
150.60240000002523
151.85240000027989
150.56709999953455
154.61770000001707
154.45439999984956
150.93230000002222
154.31579999949463
154.63550000004034
170.1532999995834
153.4711000003881
157.5206999996226
153.96549999968556
153.94490000016958
149.8399000001882
162.7741000002061
163.69360000044253
172.75549999976647
151.46240000012767
153.12600000015664
154.53639999941515
153.37369999997463
152.66410000003816
155.60050000021874
153.27999999954045
150.9646000004068
150.42889999949693
151.19940000022325
177.66539999956876
167.87160000058066
154.54179999960616
187.95919999956823
154.12770000057208
153.71370000048046
156.04159999929834
155.78959999947983
154.8094999998284
154.92170000015903
152.71000000029744
155.03439999974944
153.97680000023684
153.94429999923886
153.78600000076403
155.06319999985863
153.78700000019307
152.97829999963142
154.83839999978954
153.5825000000841
156.31300000040937
155.7050999999774
154.14599999985512
153.00980000029085
153.77640000042447
154.1255000001911
153.95919999991747
155.71970000019064
156.5731999999116
155.45250000013766
153.69970000028843
153.67289999994682
153.8141999999425
156.48440000040864
155.0284000004467
155.62580000005255
154.96410000014293
175.80939999970724
178.1248000006599
179.41410000003088
163.73449999991863
164.47629999947821
171.02169999998296
179.52450000029785
177.5698999999804
155.50879999955214
150.44990000023972
152.2785000006479
156.26900000006572
153.013799999826
153.06880000025558
153.50349999971513
153.46630000021833
153.87209999971674
153.75310000035824
153.5976999994091
153.37969999927736
153.10060000047088
154.2353999993793
154.29060000042227
153.38270000029297
155.66780000062863
153.09539999998378
152.19629999955941
153.5572000002503
153.71520000007877
153.71570000024803
153.33180000016
154.43409999988944
154.26550000029238
153.32109999962995
155.9649000000718
153.59480000006442
153.2376999994085
153.22510000078182
152.5685999995403
152.95190000051662
153.77540000008594
153.55089999957272
154.64020000035816
152.96089999992546
165.83470000023226
154.25839999988966
152.69249999983003
154.83109999968292
153.37750000071537
155.18790000078297
153.22680000008404
153.08189999996102
153.69790000022476
154.4567000000825
153.82700000009208
153.35070000037376
153.14930000022287
154.602700000396
153.88890000031097
153.45479999996314
154.98909999951138
155.56530000048951
153.8250000003245
153.5487999999532
153.43860000029963
153.92939999946975
153.41820000048756
154.43879999929777
153.08440000080736
153.37210000052437
154.3597999998383
153.16189999975904
152.75500000007014
156.64319999996223
153.56030000020837
152.67559999938385
153.519999999844
153.66529999937484
152.72899999945366
152.76989999983925
153.66359999916313
153.74079999946844
153.09769999930722
153.7967000003846
152.51600000010512
152.61140000075102
154.7288000001572
171.6114999999263
153.86670000043523
154.26840000054654
153.85559999958787
152.66780000001745
168.07540000081644
166.91179999997985
158.23340000042663
154.56410000024334
152.57609999935084
152.95240000068588
153.55880000061006
154.50780000082887
153.10959999987972
153.55219999946712
154.51180000036402
152.6981999995769
152.65229999931762
153.96250000048894
154.0623000000778
155.7039999997869
153.98310000000492
152.0691000005172
155.13389999978244
154.83860000040295
152.8306000000157
155.0833999999668
152.13519999997516
153.82279999994353
153.1739000001835
154.70529999947757
156.11820000049192
154.58470000066882
152.48479999991105
153.6393999995198
154.4461000003139
152.63690000028873
153.24539999983244
154.86370000053284
153.59539999917615
153.51670000018203
154.2942000005496
154.08519999982673
153.76629999991565
153.63210000032268
167.06489999978658
151.4657999996416
155.83059999971738
152.9237999993711
158.96650000013324
156.72780000022613
156.35679999923013
154.7656000002462
154.21149999929185
152.73770000021614
152.9301000000487
151.95649999986927
153.31249999962893
151.65840000008757
152.88409999993746
154.3271000000459
152.3538000001281
152.8271000006498
152.54089999962162
154.3789999996079
153.0480000001262
152.36410000034084
154.28379999957542
153.45549999983632
151.489799999581
152.85729999959585
153.8687000002028
153.4840999993321
153.29390000079002
152.78440000020055
152.52640000016982
149.96620000056282
151.85980000023847
149.38209999945684
154.14919999966514
152.87219999936497
151.95979999953124
153.62719999939145
153.04339999966032
154.1693999997733
153.5102999996525
152.3615999994945
152.67619999940507
152.5764000007257
152.51809999972465
153.26639999966574
154.74450000056095
152.0308000008299
152.43639999971492
153.35380000033183
152.16810000038095
152.05299999979616
153.8658999998006
154.72769999996672
154.6570000000429
149.52369999991788
163.11040000073262
157.85890000006475
154.11159999985102
168.25580000022455
156.46689999994123
169.9759000002814
152.6744000002509
149.98540000033245
152.877499999704
157.70640000027925
152.5910999998814
154.0860999994038
153.53400000003603
154.40959999978077
151.76990000054502
164.91550000046118
150.40729999964242
153.1139999997322
149.8686999993879
149.07769999990705
149.07700000003388
149.9217000000499
154.86240000063844
153.21810000023106
152.57280000059836
152.43120000013732
153.80549999918003
154.18920000047365
151.27379999921686
156.35810000003403
153.48600000015722
151.92059999935736
160.57739999996556
149.5628000002398
149.83680000023014
150.35140000054525
156.63760000006732
150.618000000577
148.98659999926167
150.53589999934047
152.32450000075914
151.66599999975006
154.237099999591
152.75060000021767
154.0545000007114
152.77330000026268
152.78899999975692
181.5602000006038
150.8082000000286
150.81740000005084
150.96279999943363
153.96059999966383
162.96750000037719
178.44359999980952
163.99149999961082
158.98809999998775
167.20820000045933
156.61900000031892
153.23910000006435
154.7893999995722
154.70450000066194
154.52279999954044
153.25039999970613
155.68889999940438
152.11710000039602
152.93490000021848
155.05259999918053
158.03039999991597
152.87330000046495
151.69460000015533
151.35299999928975
150.5442999996376
150.96440000070288
149.96249999967404
174.66589999912685
168.94759999922826
170.46080000000075
150.5040000001827
150.11320000030537
151.44259999942733
155.28069999982108
153.40009999999893
153.4191999999166
154.2120000003706
150.1077000002624
150.13510000062524
151.69689999947877
154.4515000005049
150.94829999998183
151.58040000005712
154.68909999981406
153.94930000002205
153.28219999992143
157.09229999993113
154.24220000022615
176.16259999977046
178.33059999975376
153.28890000000683
155.30160000071191
163.38489999998274
160.32709999944927
152.28699999988748
150.76369999951567
150.58850000059465
150.39829999932408
150.22060000046622
155.09800000018004
155.2436999991187
153.59869999974762
153.4148999999161
153.37540000018635
152.82230000048003
153.14479999960895
153.59999999964202
154.80719999959547
152.8059000002031
152.96979999948235
155.45529999963037
156.00559999984398
152.5461000001087
152.51549999993586
155.7861999999659
157.79860000020562
153.63410000009026
152.99700000014127
155.08679999948072
153.83420000034675
155.4481000002852
155.24499999992258
155.80279999994673
158.54620000027353
156.46550000019488
160.55750000032276
154.66689999993832
154.1352000003826
154.29599999970378
153.92179999980726
153.57910000057018
154.45920000001934
153.559999999743
153.2166999995752
153.6837999992713
156.67709999979706
154.0287999996508
153.59480000006442
162.23879999961355
151.17900000041118
150.26040000066132
150.40500000031898
150.6383999994796
154.09399999953166
153.29689999998664
153.08509999977105
154.378799999904
153.49950000017998
154.6098000007987
153.07940000002418
154.64410000004136
156.45129999938945
154.0512999999919
153.43350000057399
152.1242999997412
154.82430000065506
154.55870000005234
153.76679999917542
152.5792000002184
155.11880000030942
163.14709999915067
157.05590000015945
172.49470000024303
162.64529999989463
176.31809999966208
154.74240000003192
153.4817000001567
153.18120000029012
153.75700000004144
154.30060000016965
153.46520000002783
152.83069999986765
153.5520000006727
153.40459999970335
153.4575000005134
154.71119999983785
153.77970000008645
154.5520999998189
183.48599999990256
156.12789999977394
161.16760000022623
160.81070000018372
154.6966000005341
155.2177000003212
153.35779999986698
153.85179999975662
153.97629999915807
154.46870000050694
153.8074999998571
154.6705999999176
179.80600000009872
165.52329999922222
153.0351999999766
152.9225000003862
155.08560000034777
153.0995000002804
179.4755000000805
176.223100000243
158.37959999953455
153.71029999914754
154.66980000019248
154.89939999952185
154.69970000049216
153.82510000017646
153.25990000019374
153.8246000000072
153.3936999994694
154.07369999957155
152.88990000044578
153.63699999943492
154.59009999995033
165.0422000002436
169.1815999993196
149.84029999959603
150.59680000013032
153.44610000011016
151.01640000011685
153.808800000661
153.9823000002798
154.0562999998656
154.69189999930677
154.4542999999976
153.343699999823
153.4261000006154
155.65559999959078
156.20059999946534
174.01340000014898
159.5671000004586
155.05990000019665
152.76559999983874
155.23040000061883
152.654700000312
153.09350000006816
154.49900000021444
154.19769999971322
153.38929999961692
152.7481999992233
153.48530000028404
154.34210000057647
153.34830000028887
152.56030000000464
154.8999000006006
153.7215999996988
152.95030000015686
152.88020000025426
155.54539999993722
154.95039999950677
154.692499999328
154.74560000075144
154.69149999989895
153.6567000002833
151.06160000050295
157.15700000055222
151.51309999964724
166.10810000020138
160.62799999963318
153.34950000033132
155.71769999951357
155.17579999959707
154.984499999955
153.07380000012927
153.43470000061643
153.60010000040347
153.4060000003592
153.5435999994661
153.5420999998678
152.84909999991214
155.63290000045527
153.18780000052357
155.19459999995888
154.00359999966895
156.54129999984434
152.09570000024542
150.85520000047836
151.68629999971017
150.82559999973455
149.56989999973302
151.2376000000586
150.27499999996508
148.94679999997607
153.10740000040823
149.24840000003314
151.16940000007162
149.7431999996479
167.77790000014647
150.58310000040365
151.1037000000215
177.57960000017192
153.4222000000227
154.89510000043083
155.11240000068938
153.64669999962643
153.7388999995528
156.4206999992166
153.8418999998612
153.78789999977016
153.64760000011302
153.8631000003079
155.46319999975822
156.1823000001823
159.14340000017546
152.99700000014127
163.02100000029895
151.4563000000635
149.84700000059092
150.5936000003203
156.5816000002087
151.19830000003276
151.65760000036244
156.4024999997855
154.61299999969924
178.79999999968277
158.61769999992248
153.40050000031624
153.19309999995312
150.9609000004275
155.7392999993681
153.1687000006059
155.59200000006967
156.1509000002843
153.49649999916437
155.85470000041823
154.64700000029552
155.85019999980432
153.75510000012582
153.9465999994718
153.96030000010796
153.5336000006282
154.63459999955376
154.86070000042673
155.13860000010027
152.68230000037875
152.73619999970833
151.41380000022764
153.49789999982022
152.74550000049203
153.29920000021957
154.1999000000942
153.3582000001843
154.59789999931672
152.92630000021745
155.35360000012588
155.2361000003657
153.59219999936613
153.49280000009458
155.4655999998431
154.79939999931958
153.86110000054032
154.63910000016767
153.91829999953188
152.92630000021745
153.84799999992538
155.63050000037038
154.35209999941435
153.9098000002923
155.46589999939897
155.03949999947508
149.12470000035682
178.3951999996134
175.0538999995115
177.646499999355
175.58230000031472
152.8550000002724
153.56450000035693
153.3171000000948
153.44109999932698
154.9656999995932
153.45190000061848
153.98430000004737
152.94809999977588
155.8168999999907
154.0367999996306
152.8307999997196
154.4196999993801
154.07059999961348
153.2297000003382
152.72860000004584
152.2568999998839
153.21469999980764
154.36120000049414
153.77900000021327
155.11610000066867
154.6756000007008
154.91800000017975
153.45269999943412
155.37459999995917
164.06480000023294
152.16030000010505
149.50099999987287
153.55760000056762
152.35570000004373
154.00430000045162
153.85669999977836
155.1828999999998
155.78569999979663
153.6753000000317
155.7753999995839
153.11099999962607
154.42849999999453
154.91410000049655
155.43719999914174
149.94690000003175
186.7010999994818
162.29159999966214
150.31060000001162
154.06650000022637
157.42189999946277
152.94470000026195
153.50740000030783
154.64609999980894
154.81569999974454
152.32489999925747
153.13400000013644
153.86940000007598
153.9072000005035
154.15680000023713
153.22740000010526
153.5887999998522
154.4738000002326
153.1817000004594
153.25690000008763
153.02969999993365
157.14759999991657
153.3008999995218
153.34119999988616
154.41259999988688
153.8340999995853
152.96120000039082
154.67100000023493
157.4067000001378
152.6174999999057
153.19689999978436
153.9098000002923
152.79959999952553
149.47639999991225
155.72080000038113
155.56949999972858
154.2618000003131
153.17940000022645
153.88899999925343
153.5786000004009
153.8404000002629
152.6782999999341
152.9128000001947
152.9274999993504
153.01859999999579
153.10560000034457
151.91219999996974
153.93239999957586
152.57849999943573
151.460600000064
152.4939999999333
154.67630000057397
151.12460000000283
152.3932000000059
151.99639999991632
151.9295999996757
151.9362999997611
152.72060000006604
152.65950000048178
151.7145999996501
154.62170000046171
152.1889999994528
153.46479999971052
154.8943000007057
151.03069999986474
148.84859999983746
152.31350000067323
152.85640000001877
153.95079999962036
152.6748000005682
153.5466000004817
152.52609999970446
152.44189999975788
157.5152999994316
153.1512000001385
152.2500000000946
153.84640000047511
154.28919999976642
155.6116000001566
154.57960000003368
155.14950000033423
168.64989999976387
171.4246000001367
155.82129999984318
156.0037999997803
180.4829000002428
157.48489999987214
153.63859999979468
153.18979999938165
150.66699999988487
150.39359999991575
150.08619999935036
149.67470000010508
165.45099999984814
156.46099999958096
153.97000000029948
153.29660000043077
153.42409999993833
154.8584000001938
154.38889999950334
153.35719999984576
154.25130000039644
154.02329999960784
153.25039999970613
154.17489999981626
154.00669999962702
152.77549999973417
154.28900000006252
178.35680000007414
182.00660000002244
173.6123000000589
176.07399999997142
159.32640000028186
153.10049999970943
152.600600000369
154.84919999926205
152.69480000006297
153.27179999985674
175.04199999984849
178.6422000004677
150.4865000006248
173.0917999993835
153.30959999937477
153.28820000013366
155.84170000056474
153.7742000000435
152.2938999996768
153.195500000038
153.08039999945322
153.4618000005139
152.44600000005448
153.19409999938216
152.84740000060992
153.31000000060158
171.45660000005591
164.92900000048394
155.0495999999839
156.65910000006988
153.98800000002666
153.66720000019995
155.8390000000145
152.71389999998064
167.928199999551
181.32499999956053
180.99879999954283
170.9766000003583
150.0958000005994
150.5765000001702
151.56170000045677
155.14410000014323
168.33190000033937
165.3770999992048
157.29879999980767
150.18700000018725
150.42929999981425
149.6776999993017
154.95710000050167
153.63580000030197
151.4274999999543
151.5491000000111
171.73660000025848
181.51279999983672
163.3585999998104
156.95439999944938
153.97510000002512
156.37470000001485
154.70640000057756
153.5289000003104
153.92440000050556
153.4672000007049
153.26419999928476
151.72319999965111
149.83230000052572
153.2511000004888
178.92200000005687
180.85510000037175
151.02900000056252
157.9187000006641
154.8480000001291
153.13119999973424
153.5872999993444
154.95069999997213
153.31400000013673
151.8645000005563
149.9805000003107
151.28199999981007
154.48399999968387
153.79720000055386
155.64850000009756
153.16209999946295
154.7867999997834
153.38940000037837
153.3201000002009
151.00359999996726
153.33180000016
151.0785999998916
152.5722999995196
155.45680000013817
152.8788000005079
152.9794000007314
154.04639999997016
154.86710000004678
152.71819999998115
153.13369999967108
155.1681999999346
153.0174999998053
153.60800000053132
153.2411999996839
151.84900000076595
151.179399999819
152.55679999972926
153.31669999977748
153.41280000029656
152.70309999959863
156.5573999996559
153.44420000019454
153.4986000006029
154.99869999985094
153.16809999967518
153.1912000000375
164.7118999999293
180.39459999999963
150.19370000027266
169.6510000001581
150.40049999970506
150.82239999992453
153.19649999946705
158.15930000007938
153.5239000004367
154.9285000000964
156.41630000027362
156.66820000024018
158.13370000068971
154.3680000004315
157.93290000056004
154.01109999947948
153.69120000013936
152.5695000000269
154.22639999997045
156.0297999994873
154.72000000045227
153.80480000021635
154.62469999965833
153.69860000009794
154.3466000002809
153.68910000051983
153.7713999996413
154.40029999990657
153.7986000003002
155.65990000050078
154.1201000000001
153.29830000064248
165.7269000006636
178.41709999993327
150.6120000003648
167.31299999992189
177.7053000005253
179.18859999917913
165.18009999981587
155.29400000013993
154.5246000005136
155.62890000001062
154.57580000020243
153.22770000057062
152.82049999950686
154.40080000007583
154.40399999988585
153.6167000003843
152.21179999934975
152.832099999614
152.6568999997835
153.23410000019067
153.2772999998997
152.71800000027724
155.03130000070087
152.8731999997035
155.41310000025987
152.5489000005109
155.2093000000241
153.96990000044752
153.93049999966024
154.76269999999204
152.75799999926676
158.1623000001855
172.3493999998027
155.56759999981296
155.44739999950252
154.93470000001253
158.4437000001344
153.88339999935852
153.92620000056922
168.74030000053608
152.33040000020992
153.29360000032466
153.04269999978715
153.618400000596
154.74149999954534
152.94210000047315
153.34989999973914
154.50770000006742
169.05059999953664
150.4611999998815
150.26099999977305
153.965600000447
172.6050999996005
155.4641000002448
154.23939999982395
153.29389999988052
153.46509999926639
154.71869999964838
154.7590999998647
156.7390999998679
154.879599999731
155.47199999946315
154.11089999997785
154.34370000002673
155.35319999980857
155.3647999999157
154.47630000016943
154.26879999995435
153.86189999935596
154.46129999963887
151.151299999583
152.92550000049232
152.56239999962418
153.61880000000383
153.110100000049
153.78330000021379
153.08700000059616
152.68160000050557
154.18709999994462
172.8846000005433
151.42310000010184
161.08359999998356
182.2477000005165
161.3190999996732
151.15680000053544
151.1819999996078
153.48489999996673
154.7298999994382
151.74190000016097
174.04199999964476
172.645100000409
157.55669999998645
177.58090000006632
150.6547999997565
151.07139999963692
153.72610000031273
154.53179999985878
153.7108000002263
153.73920000001817
153.81429999979446
153.85200000037003
155.7401000000027
153.3860999998069
156.47859999990033
156.16589999990538
153.9766999994754
152.7795000001788
152.89450000000215
155.7743000003029
154.75989999958983
153.00420000039594
153.9338000002317
152.48020000035467
152.8478999998697
154.69480000047042
153.46080000017537
154.9923000002309
153.3742000001439
154.01240000028338
153.88400000028923
152.59599999990314
152.77199999945879
153.46669999962614
153.28870000030292
154.15349999966566
155.0265000005311
152.42880000005243
154.53879999950004
154.7711999992316
154.6410000000833
153.44830000049114
154.91579999979876
152.38119999958144
151.87799999966956
155.0457000003007
160.02130000015313
150.22680000038235
163.69990000021062
169.4201999998768
164.933199999723
167.0295999992959
155.14549999988958
152.33470000021043
150.09459999964747
149.28109999982553
151.01440000034927
153.6829000006037
151.1408999995183
150.13220000037109
161.51619999982358
167.47080000004644
169.75910000019212
152.68960000048537
154.2563999992126
152.9926000002888
153.96899999996094
153.19470000031288
153.40359999936481
152.80619999975897
152.57030000066152
153.08530000038445
152.85510000012437
154.79970000069443
153.67479999986244
153.33989999999176
153.3220999999685
154.28809999957593
155.55250000033993
153.44129999994038
153.02539999993314
153.2388000005085
153.0194000006304
152.13309999944613
153.4521000003224
153.17849999973987
153.7231000002066
154.07820000018546
153.3941000006962
155.937399999857
155.0651999996262
152.6858999995966
158.40850000040518
151.8038999993223
151.0958999997456
152.41839999998774
152.28819999992993
165.09619999942515
151.06629999991128
152.56219999992027
153.38510000037786
152.88090000012744
153.30100000028324
152.08290000009583
153.60789999976987
155.20219999962137
151.079899999786
161.32530000049883
160.26210000018182
168.9194000000498
152.90879999975004
152.6613999994879
156.72160000031
152.34719999989466
152.60940000007395
154.0033000001131
152.1152000004804
152.82729999944422
154.4040999997378
154.7323000004326
152.83819999967818
159.239599999637
169.69310000058613
150.88229999946634
152.65479999925446
153.6471999997957
151.68390000053478
157.12580000035814
156.64660000038566
152.25649999956659
154.581099999632
155.17300000010437
153.72610000031273
152.97959999952582
153.2852999998795
151.85290000044915
152.9700999999477
152.12369999971997
154.60910000001604
152.62559999973746
152.396200000112
153.06349999991653
153.0862999998135
152.14729999934207
156.30310000051395
160.98700000020472
151.07799999987037
160.55150000011054
151.6397000004872
149.76649999971414
150.00189999955182
150.60580000044865
153.35229999982403
152.37929999966582
152.97989999999118
153.06719999989582
153.1936000001224
156.16469999986293
154.13730000000214
152.4015999993935
155.24330000062037
154.11409999978787
151.86389999962557
154.35710000019753
152.80450000045676
149.25919999950565
149.61309999944206
149.68210000006366
151.32209999956103
153.6986999999499
156.46079999987705
153.4202999991976
162.13340000012977
168.9781999994011
168.88450000078592
154.61040000081994
154.44569999999658
153.84790000007342
153.32459999990533
153.26920000006794
153.76569999989442
149.90519999992102
152.46040000056382
155.92440000000352
152.61390000068786
151.8194999998741
153.09310000066034
152.8852999999799
152.54139999979088
153.3582000001843
153.63590000015392
152.79000000009546
152.68639999976585
153.45929999966756
152.72559999993973
152.8463999993619
156.47319999970932
155.91799999947398
154.00570000019798
155.00150000025315
152.45690000028844
160.9097999998994
153.5555000000386
155.77010000015434
153.97380000013072
153.54490000027
154.00719999979628
175.68080000000919
176.69420000038372
152.22149999954127
160.9039999993911
155.28059999996913
154.50030000010884
154.61779999986902
152.94169999924634
152.77939999941736
162.69809999994322
170.1081000001068
154.08320000005915
151.9631000001027
153.61589999974967
152.58649999941554
155.75749999970867
153.0190000003131
152.98650000022462
153.3012999998391
152.62080000047717
153.3129999997982
155.03049999915675
153.0640000000858
150.4214000005959
150.71780000016588
150.778100000025
154.0517000003092
152.26320000056148
179.01639999945473
177.39259999962087
159.62129999934405
153.0557999994926
153.4563999994134
153.27199999956065
153.24229999987438
152.94530000028317
153.6869999999908
154.62310000020807
153.14130000024306
152.9422000003251
157.11559999999736
152.99309999954858
153.03879999919445
154.8267999996824
152.92820000013307
153.02749999955267
158.27489999992395
155.3169999997408
152.580100000705
152.87960000023304
154.52660000028118
150.70269999978336
162.78409999995347
179.09790000067005
150.88009999999485
154.3456999997943
158.38569999959873
168.81159999957163
152.52820000023348
150.83419999973557
175.36269999982323
173.01169999973354
157.7089000002161
154.178700000557
151.93030000045837
153.34720000009838
159.13959999943472
152.93649999966874
153.57789999961824
154.91320000000997
153.28059999956167
153.29040000051464
153.93779999976687
170.71060000034777
155.87450000020908
154.3240999999398
155.0999999999476
153.79100000063772
154.5286999999007
155.40969999983645
153.1435999995665
155.48589999980322
153.32579999994778
155.17129999989265
153.1199999999444
154.02869999979885
154.7153999999864
154.11800000038056
153.96429999964312
153.98699999968812
155.45159999965108
153.49849999984144
155.04079999936948
154.5427999999447
153.3638000000792
155.51229999982752
152.896999999939
153.42930000042543
155.13319999990927
153.95290000014938
152.9806999997163
154.85489999991842
153.72209999986808
154.7720999997182
156.20489999946585
156.57069999997475
153.94610000021203
154.42859999984648
153.95939999962138
153.3763999996154
154.0510999993785
155.33239999967918
154.10960000008345
152.51989999978832
151.9576999999117
151.4480999994703
156.42050000042218
153.7332999996579
157.18399999968824
210.0337000001673
162.28380000029574
152.41270000024087
150.69060000041645
153.3779000001232
154.11700000004203
154.38670000003185
154.08889999980602
152.6057999999466
154.9853999995321
153.1821000007767
154.4690000000628
156.35800000018207
153.52579999944282
153.54610000031244
154.92929999982152
153.79369999936898
151.2367000004815
155.43449999950099
153.69439999994938
153.5966000001281
155.08289999979752
153.783900000235
152.61350000037055
155.37420000055135
155.14030000031198
152.9549999995652
153.7373999999545
154.3903000001592
153.52990000064892
153.22999999989406
155.72209999936604
153.80000000004657
154.09160000035627
155.6073000001561
152.8611000003366
154.23029999965365
153.48160000030475
153.52480000001378
155.08630000022094
153.68260000013834
153.8050999997722
153.02780000001803
153.80269999968732
151.72480000001087
151.343800000177
174.67459999988932
180.94090000067808
151.47969999998168
150.97480000076757
153.03099999982805
154.1880000004312
154.29990000029647
152.7591999993092
155.00790000078268
154.13050000006479
154.10259999953269
153.70579999944312
155.0788000004104
153.66390000053798
153.26199999981327
153.89370000048075
154.07479999976204
156.42750000006345
153.81560000059835
155.15070000037667
157.38059999966936
154.60749999965628
176.52480000015203
170.9562999994887
154.68700000019453
177.02319999989413
178.15210000026127
152.75310000015452
181.46570000044449
160.1941999997507
155.5923999994775
157.76499999992666
154.01509999992413
154.16689999983646
179.7363999994559
159.7471000004589
155.62270000009448
153.0996999999843
153.7919000002148
153.87790000022505
154.48000000014872
154.72049999971205
155.54249999968306
153.3512999994855
154.18810000028316
152.85579999999754
155.30549999948562
153.5413999999946
153.19159999944532
154.23499999997148
154.92600000015955
154.0301000004547
153.45059999981459
154.4315999999526
154.02679999988322
157.44159999940166
153.9781999999832
153.6919999998645
154.4551999995747
154.2816999999559
154.90700000009383
154.1877999998178
153.52720000009867
154.93460000016057
179.77309999969293
154.03849999984232
155.0399000007019
156.22320000056789
155.7743000003029
154.0820000000167
154.5562000001155
153.4136000000217
154.79940000022907
154.61559999948804
168.37649999979476
156.1176000004707
153.71109999978216
154.00440000030358
155.66330000001471
164.93369999989227
152.6391000006697
152.49849999963772
151.65260000048875
156.96850000040286
178.32980000002863
169.97470000023895
169.11770000024262
164.25600000002305
166.31080000024667
168.31029999957536
156.238100000337
153.20269999938319
153.67060000062338
156.84889999920415
154.06290000009903
153.7626999997883
154.20210000047518
154.30939999987459
153.47029999975348
154.08299999944575
153.60549999968498
154.14420000070095
153.36440000010043
153.63979999983712
153.9293000005273
154.91949999977805
155.7461999991574
155.1473999998052
153.95300000000134
153.1585000002451
162.42659999988973
152.2992999998678
157.39970000049652
150.97069999956148
155.71210000052815
153.9546000003611
152.69490000082442
153.69060000011814
153.65430000019842
154.9262999997154
152.66569999948842
152.37279999928433
155.0559000006615
152.43009999994683
152.70529999997962
154.4581999996808
154.51819999998406
153.83699999983946
154.24849999999424
153.16600000005565
154.12019999985205
153.9198000000397
151.91820000018197
154.7050000008312
154.10119999978633
152.65179999914835
153.39889999995648
153.75539999968169
155.90229999997973
154.08620000016526
153.22120000018913
153.65120000024035
155.3001000002041
153.62759999970876
168.21149999941554
168.8862999999401
150.9903000005579
151.35190000000875
156.09050000057323
171.99819999950705
155.52160000061122
160.95159999986208
151.21090000047843
154.49470000021392
153.56599999995524
153.47079999992275
153.41469999930268
154.79020000020682
154.57770000011806
154.8240000001897
153.7927999997919
153.59999999964202
153.10050000061892
155.37459999995917
150.70569999988948
156.00460000041494
175.84080000051472
171.1712999995143
152.50730000025214
153.3489000003101
151.62140000029467
151.93730000009964
149.81659999921249
149.92050000000745
155.12930000022607
153.33229999941977
153.8751999996748
154.5916999994006
149.5850999999675
151.3105000003634
148.72430000013992
179.53440000019327
168.7590999999884
150.44380000017554
177.27639999975509
174.77969999981724
150.31269999963115
150.14870000049996
149.5993999997154
155.89259999978822
153.35680000043794
150.92789999926026
169.8954000003141
178.46860000008746
162.6335000000836
175.82299999958195
155.31910000026983
149.9692999996114
169.89170000033482
165.80229999999574
155.00450000035926
154.71660000002885
153.79220000068017
154.42849999999453
155.08049999971263
154.22669999952632
154.70639999966806
152.96800000032817
150.50399999927322
154.91150000070775
154.57859999969514
153.28559999943536
156.09680000034132
151.68330000051355
151.74909999950614
154.34670000013284
160.64279999955033
152.52030000010564
154.32779999991908
154.5998999999938
154.69040000061796
153.8341000004948
155.98119999958726
154.00150000004942
153.61010000015085
153.42080000027636
155.501500000355
153.57330000006186
154.92579999954614
154.1850000003251
155.26309999950172
153.64169999975275
155.26129999943805
154.51179999945452
153.62660000027972
155.9477999999217
156.56070000022737
152.72020000065822
154.3219000004683
154.20420000009472
155.24210000057792
153.39210000001913
155.44190000036906
156.13329999996495
153.28799999952025
154.2777999993632
159.8505000001751
153.91189999991184
156.17629999997007
151.1081999997259
153.14569999918604
152.47790000012174
154.76000000035128
155.42629999981727
153.7951999998768
154.02850000009494
154.32109999983368
153.1235000002198
154.5362999995632
153.73300000010204
164.4192000003386
156.93219999957364
158.75489999962156
149.9863999997615
156.4405999997689
152.27820000018255
153.86730000045645
153.55369999997492
154.42179999990913
154.8782999998366
153.9863999996669
153.80090000053315
153.35640000012063
153.31199999945966
155.91519999998127
153.47000000019762
154.9579000002268
154.84180000021297
154.7506999995676
153.22899999955553
153.97540000049048
154.56480000011652
154.38600000015867
154.75580000020273
153.6692999998195
154.73279999969236
154.50770000006742
155.3490000005695
153.31530000003113
155.06939999977476
153.6991000002672
155.03400000034162
152.76930000072753
171.831700000439
171.8882000004669
149.13179999985005
154.50929999951768
156.49699999994482
154.75969999988592
154.27069999986998
156.07400000044436
154.00940000017727
153.75660000063363
156.0925000003408
154.47210000002087
151.2944999994943
150.39320000050793
161.68589999961114
156.77150000010442
154.55440000005183
153.3370000006471
155.7462000000669
153.40809999997873
156.7560000003141
154.77840000039578
154.9949000000197
153.44000000004598
154.46109999993496
151.09269999993558
155.02769999966404
151.31519999977172
150.52779999950872
152.7555000002394
154.29539999968256
151.44169999985024
175.0538999995115
179.2448999995031
176.15899999964313
149.30520000052638
149.74499999971158
157.02080000028218
156.55030000016268
176.60650000016176
174.99159999988478
157.67419999974663
151.66299999964394
154.94409999973868
156.46549999928538
157.17080000013084
153.21320000020933
154.60000000075524
156.3359000001583
152.8189000000566
152.26320000056148
153.29300000030344
154.67440000065835
155.86910000001808
155.79720000005182
151.67689999998402
151.29840000008699
172.80459999983577
157.43130000009842
154.225199999928
154.56069999981992
154.8691999996663
155.18820000033884
152.5259999998525
153.09960000013234
155.32679999978427
152.79329999975744
153.65969999947993
153.81849999994301
154.40310000030877
154.80139999999665
155.12809999927413
154.29760000006354
154.28500000052736
150.88809999997466
151.932200000374
153.4283000000869
154.10909999991418
153.63710000019637
153.19259999978385
153.75829999993584
153.56570000039937
155.22710000004736
154.92670000003272
155.0134999997681
154.79119999963586
153.0931999996028
153.09760000036476
153.9325000003373
173.34540000047127
149.85209999940707
149.70069999981206
151.0478999998668
160.5026999995971
150.30800000022282
153.8104999999632
153.12729999914154
156.3677000003736
156.1729999993986
154.9715000001015
154.6109000000797
156.84450000026118
161.4703000004738
172.41509999985283
177.5777000002563
179.6900999997888
176.8910999999207
175.08900000029826
163.5111000005054
159.44109999963985
178.53370000011637
168.09479999938048
149.7471000002406
173.78590000043914
170.87179999998625
151.1662000002616
150.46669999992446
153.60820000023523
153.37110000018583
156.69070000058127
153.98889999960375
154.36240000053658
156.17590000056225
151.3089999998556
150.51739999944402
151.13629999996192
149.55109999937122
150.15369999946415
153.93029999995633
153.79909999955999
153.06909999981144
154.8955999996906
170.58300000007875
182.2082999997292
180.97430000034365
179.67239999961748
153.40980000019044
155.08279999994556
155.26839999984077
153.1860000004599
153.58829999968293
152.61310000005324
154.41550000014104
153.5651999993206
153.86630000011792
154.01939999992464
154.49609999996028
152.24040000066452
151.84510000017326
152.40610000000743
161.8729000001622
177.12870000013936
176.36560000028112
178.58479999995325
175.81040000004577
153.2404999998107
151.3082999999824
155.16720000050555
173.01730000053794
176.6031999995903
156.9441999999981
153.71289999984583
153.49680000053922
153.92220000012458
155.66409999973985
154.69799999937095
167.739999999867
156.95990000040183
151.3185000003432
153.4142000000429
156.04179999991175
158.91740000006394
171.29409999961354
151.52670000043145
152.08940000047733
160.14429999995627
163.93869999956223
153.75119999953313
153.3052000004318
155.67709999959334
153.8111999998364
153.74589999919408
155.41880000000674
153.1369000003906
153.41300000000047
154.72769999996672
152.5595000002795
151.5983999997843
150.82110000003013
151.06329999980517
153.89020000020537
153.432399999474
154.84379999998055
154.26900000056776
154.48430000014923
154.56489999996847
153.6294999996244
153.90279999974155
154.49919999991835
154.89419999994425
163.74809999979334
165.3091999996832
154.15710000070248
154.12319999995816
153.09960000013234
172.5957999997263
153.10890000000654
165.26149999936024
151.92509999997128
150.00080000027083
153.1715000000986
154.31400000034046
153.61750000010943
153.6959000004572
153.67349999996804
152.52560000044468
154.913100000158
153.7145000002056
153.68660000058298
153.42669999972713
155.12890000081825
156.34940000018105
153.13390000028448
153.71330000016314
155.73740000036196
153.34450000045763
152.803999999378
154.02289999929053
153.38520000022982
153.5610999999335
154.23910000026808
155.71269999963988
161.47259999979724
168.59710000062478
150.67520000047807
165.55909999988216
168.45479999938107
161.61540000030072
153.23220000027504
154.085699999996
152.74789999966742
153.33430000009685
153.37799999997515
154.43879999929777
153.82150000004913
155.54129999964061
158.37139999985084
154.4927999993888
159.36739999960992
155.23409999968862
155.23789999951987
153.84660000017902
154.47149999999965
153.95540000008623
153.94180000021151
154.72570000019914
153.63350000006903
154.0244999996503
153.20340000016586
154.94610000041575
152.46360000037384
152.95079999941663
153.78549999968527
154.9964000005275
152.6687999994465
152.05710000009276
152.69910000006348
151.85269999983575
153.5505000001649
153.17270000014105
152.1349000004193
152.46980000028998
155.0409999999829
161.43409999949654
154.6067999997831
151.6301999999996
167.61680000035994
163.23039999952016
154.98649999972258
152.56679999947664
152.34570000029635
153.34490000077494
153.303699999924
154.11409999978787
153.17190000041592
148.44649999940884
159.03869999965536
149.64280000003782
148.75089999986812
152.74200000021665
152.73210000032122
153.75510000012582
152.30569999948784
153.9560999999594
151.77229999972042
155.291699999907
150.2225999993243
150.1905999994051
151.25420000003942
174.34769999999844
154.84070000002248
150.7498000000851
154.9723999996786
150.55360000042128
150.8888999996998
153.54719999959343
152.62189999975817
152.66200000041863
152.36090000053082
152.66320000046107
150.56410000033793
150.05230000042502
164.03559999980644
167.91749999993044
166.7993999999453
156.7546999995102
152.74150000004738
154.24930000062886
153.08449999974982
152.59960000003048
152.6163999997152
152.13020000010147
153.8592000006247
152.27329999925132
152.94880000055855
152.75850000034552
153.6692999998195
153.58830000059243
153.92610000071727
152.63629999935802
153.914800000166
153.45189999970898
154.5739000002868
149.81230000012147
156.50730000015756
150.57989999968413
153.53740000045946
164.56130000005942
153.9866000002803
154.03340000011667
153.8286999993943
153.95129999978963
153.87310000005527
151.38139999999112
148.85489999960555
149.7652999996717
172.37250000016502
150.9970000006433
148.85770000000775
149.89000000059605
163.9010999997481
164.83679999964806
152.10750000005646
148.5744000001432
152.3142000005464
148.81120000063675
151.2313000002905
155.29129999958968
153.40289999949164
152.51899999930174
152.18360000017128
153.2414000002973
151.3212999998359
149.62719999948604
148.58039999944594
151.3766999996733
153.53760000016337
153.39889999995648
151.70860000034736
154.1137999993225
152.6851999997234
152.0450999996683
152.92739999949845
152.15970000008383
153.7228999995932
156.17479999946227
151.89860000009503
152.81820000018342
152.01509999951668
153.5388000002058
154.01050000036776
151.84939999926428
153.34789999997156
152.08950000032928
152.56909999970958
153.69600000030914
165.50720000032015
150.36120000058872
149.22719999958645
151.2830000001486
149.41470000030677
149.18869999928575
149.0196000004289
152.0223999996233
155.91669999957958
167.30570000072476
151.6780000001745
149.4538000006287
151.23690000018541
151.16579999994428
153.95059999991645
153.00750000005792
154.08000000024913
154.4504000003144
155.0357999994958
152.28339999976015
156.60599999955593
152.748800000154
152.2069000002375
152.52289999989443
152.73189999970782
153.37579999959416
154.22510000007605
155.65309999965393
153.8364999996702
154.66379999998026
153.48230000017793
152.8902999998536
154.37040000051638
179.4053999992684
175.73209999954997
153.99389999947743
153.06989999953657
153.47860000019864
151.22489999976096
150.4307000004701
154.0902000006099
153.04730000025302
155.0952999996298
154.53290000004927
152.0106999996642
150.15909999965515
157.47970000029454
154.19000000019878
165.06349999963277
176.68720000074245
155.61429999979737
150.01310000025114
150.39119999983086
153.89060000052268
155.3014000000985
153.696299999865
152.82219999971858
153.99429999979475
151.7199999998411
155.34930000012537
153.32820000003267
155.89290000025358
152.87489999991521
154.33329999996204
171.303899999657
151.289700000234
154.20199999971373
156.3689999993585
153.15799999916635
153.71779999986757
154.1717999998582
153.3255000003919
156.00219999942055
160.88359999957902
159.15159999985917
154.89989999969112
154.97980000054667
153.69379999992816
153.36699999988923
153.87329999975918
154.23889999965468
153.6364000003232
153.06130000044504
153.5863999997673
153.25430000029883
158.06439999960276
169.76830000021437
165.5782999996518
153.87190000001283
153.68450000005396
152.83269999963522
153.92659999997704
154.42519999942306
155.1807000005283
152.70529999997962
154.3606000004729
153.18539999952918
153.6089000001084
153.7091000000146
153.56539999993402
154.02459999950224
153.96749999945314
154.610299999149
154.73560000009456
153.07450000000244
154.32849999979226
153.32349999971484
155.8586999999534
154.33860000030108
152.6795999998285
154.48900000046706
155.62950000003184
151.92130000014004
152.3501000001488
149.10220000001573
151.00650000022142
153.37839999938296
153.51290000035078
152.6334999998653
153.85440000045492
152.8440000001865
154.45630000067467
153.3832999994047
153.6894000000757
155.251700000008
153.7402000003567
153.46649999992223
153.60260000034032
154.5310999999856
155.67230000033305
153.38320000046224
154.39239999977872
153.18670000033308
155.18909999991592
153.44240000013087
154.13540000008652
154.06509999957052
154.68430000055378
157.31989999949292
155.63849999944068
154.39689999948314
152.88039999995817
153.86760000001232
153.93869999934395
154.89600000000792
153.22389999982988
154.57710000009683
153.60810000038327
152.6309000000765
169.67289999956847
162.47329999987414
150.23349999955826
150.0876000000062
150.34649999961403
154.7897999998895
155.86030000031315
152.71909999955824
153.4947000000102
154.54890000000887
153.01369999997405
153.57679999942775
155.08090000002994
153.33339999961026
155.35539999928005
171.93769999994402
153.50020000005316
154.49679999983346
154.42349999921134
152.77069999956439
153.4932000004119
156.80980000070122
172.83620000034716
174.21809999996185
155.26080000017828
149.93279999998776
153.01649999946676
151.1743999999453
151.35300000019924
154.10739999970247
154.36619999945833
155.05259999918053
153.3134000001155
153.58999999989464
153.86209999996936
152.68310000010388
153.83849999943777
152.46539999952802
150.8868999999322
150.17770000031305
155.20360000027722
153.2771000001958
153.1327999991845
153.85040000001027
153.29970000038884
156.0566000007384
155.2058000006582
155.53520000048593
153.76430000014807
156.2351000002309
152.8907000001709
154.21340000011696
159.40779999982624
162.3067999998966
151.9241999994847
152.9114999993908
152.8983000007429
150.5952999996225
150.16500000001543
150.60450000055425
149.9578000002657
149.75630000026285
162.03979999954754
178.33710000013525
177.23500000010972
153.48549999998795
154.6223999994254
152.59309999964898
153.73340000041935
153.21740000035788
153.991600000154
153.81409999918105
155.02479999940988
155.18370000063442
153.28389999922365
158.88110000014422
185.71549999978743
149.70050000010815
168.34560000006604
158.84230000028765
154.80340000067372
155.07770000021992
153.50070000022242
153.05019999959768
154.3455000000904
153.78799999962212
153.9425000000847
152.97890000056213
155.1116999999067
153.32559999933437
153.72779999961494
154.71030000026076
179.57710000064253
179.94090000047436
178.194899999653
180.42809999951714
179.90399999962392
152.0319000001109
150.27419999933045
151.02769999975862
168.68690000046627
174.04410000017378
155.35589999944932
157.41780000007566
151.72159999929136
151.43320000061067
154.207900000074
155.42779999941558
153.7372000002506
154.7469999995883
156.34370000043418
154.43409999988944
155.03110000008746
154.89109999998618
153.5265000002255
154.19329999986076
155.37880000010773
154.71189999971102
153.32060000037018
154.20600000015838
154.2675999999119
154.398300000139
154.33759999996255
156.25920000002225
154.1789000002609
153.93020000010438
156.27219999987574
164.1066000001956
156.45630000017263
153.60419999979058
152.85550000044168
151.24199999991106
155.32290000010107
150.87159999984578
150.60750000066037
158.41809999983525
153.77480000006472
153.86409999973694
154.56220000032772
151.95149999999558
177.86440000054426
181.3644000003478
161.4422000002378
169.1675000001851
177.7369000001272
175.14889999984007
151.9596999996793
154.54289999979665
173.43840000012278
180.02590000014607
177.84610000035173
154.244700000163
152.92649999992136
149.2971999996371
152.43809999992664
150.51330000005692
153.1857999998465
157.0261999995637
149.48479999929987
156.8635000003269
157.8164000002289
152.4597999996331
154.88590000040858
154.51319999920088
152.4757999995927
153.33129999999073
152.1022000006269
156.1673999995037
153.9756000001944
152.99640000012005
153.64119999958348
154.42389999952866
153.92569999949046
153.47010000004957
154.21650000007503
154.21900000001187
154.14160000000265
153.2348999999158
153.8247999997111
153.17569999933767
156.4288999998098
153.72879999995348
153.19599999929778
154.3089000006148
153.00899999965623
154.61279999999533
154.18099999988044
153.18919999936043
152.89649999976973
154.0777000000162
152.67860000039946
154.05960000043706
153.3463000005213
156.32210000057967
155.44709999994666
154.18449999924633
155.39090000038414
153.26610000010987
153.90259999912814
154.75100000003295
152.70259999942937
153.2937000001766
154.0298999998413
153.29169999949954
152.65799999997398
152.8588999999556
157.59090000028664
162.8005000002304
165.34950000004756
150.41589999964344
152.06419999958598
164.19069999938074
151.98049999980867
149.4633000002068
149.9322999998185
172.21090000020922
151.1250999992626
149.5649999997113
153.71540000069217
156.761600000209
155.5889000001116
157.5927000003503
154.51299999949697
155.87180000056833
155.63539999948262
156.01339999921038
152.92979999958334
153.22629999991477
154.8532000006162
152.04679999988002
151.29559999968478
150.40289999978995
155.71189999991475
151.88380000017787
150.93329999945126
149.72510000006878
152.71500000017113
152.43089999967196
153.6181999999826
154.2954999995345
152.80869999969582
153.23260000059236
152.11169999929552
152.4725999997827
154.40359999956854
155.35210000052757
152.48280000014347
153.81560000059835
153.79349999966507
152.56240000053367
153.1996000003346
153.66650000032678
153.98090000053344
154.76240000043617
153.06739999959973
152.77870000045368
153.0784999995376
152.61950000058278
154.907699999967
152.08610000081535
153.39850000054867
151.35689999988244
149.60979999978008
152.56390000013198
159.4098000005033
154.38360000007378
152.87590000025375
156.92679999938264
167.2095999992962
166.63969999990513
150.47059999960766
152.3354000000836
153.25710000070103
153.07680000023538
152.15960000023188
154.26120000029186
153.2513000001927
149.59429999998974
149.31140000044252
166.89039999982924
153.1897000004392
150.04079999926034
150.00510000027134
165.052199999991
166.38179999972635
154.0954000001875
154.824400000507
151.8514999997933
149.06099999916478
149.69419999943057
152.11939999971946
152.8216999995493
153.3903999998074
153.65010000004986
154.61619999950926
154.0805000004184
154.05720000035217
153.76669999932346
153.47470000051544
153.09920000072452
153.52030000030936
152.5900000006004
153.24880000025587
154.87370000028022
151.9683000005898
154.19760000077076
153.14130000024306
153.009500000735
153.7878000008277
152.26019999954588
155.18680000059248
153.47920000021986
152.85230000063166
155.18129999964003
155.81829999973706
153.4812999998394
154.0707999993174
153.45849999994243
152.86790000027395
155.41430000030232
151.6222000000198
152.56569999928615
153.58199999991484
155.12460000081774
153.83190000011382
152.59429999969143
153.42529999998078
153.27300000080868
154.1012999996383
154.10809999957564
153.34580000035203
153.408600000148
152.77440000045317
154.30149999974674
153.2974000001559
156.9245000000592
156.9231999992553
155.23290000055567
154.89510000043083
155.57720000015252
153.09900000011112
153.03949999997712
152.6412999992317
152.07610000015848
152.65410000029078
152.4742999999944
152.68590000050608
153.01669999917067
152.82980000029056
165.4554000006101
149.17659999991884
150.9691000001112
149.0763000001607
150.83709999998973
167.8339000000051
149.15730000029725
150.23110000038287
149.09290000014153
149.90500000021711
148.90699999978096
163.69990000021062
152.92560000034428
154.82360000078188
152.34440000040195
154.00450000015553
152.055499999733
154.48970000034024
153.52450000045792
152.81860000050074
153.69269999973767
152.7243999998973
152.73049999996147
152.54540000023553
152.25960000043415
153.52400000028865
152.71580000080576
153.3160000008138
152.6096999996298
152.995400000691
152.8809999999794
152.42490000036923
153.5143999999491
153.24099999997998
152.60249999937514
167.6139000001058
150.9078999997655
147.7401000001919
153.47019999990152
160.95360000053915
171.27780000009807
170.95069999959378
168.29539999980625
160.46169999935955
149.64169999984733
149.12309999999707
151.024700000562
151.26209999925777
154.8956000006001
153.0864999995174
154.11129999938566
154.39059999971505
154.86719999989873
154.2398999999932
154.8942999997962
154.8147000003155
153.78359999976965
154.54870000030496
153.17370000047958
159.93989999969926
150.11669999967125
170.23650000010093
170.26690000056988
154.6247999995103
154.6396999992794
154.9924999999348
151.90419999998994
153.71069999946485
151.61170000010316
153.2526000000871
154.37529999962862
152.7722000000722
154.31160000025557
154.85790000002453
153.09800000068208
153.09359999992012
152.81700000014098
150.98460000081104
171.32299999957468
176.06140000043524
174.3707000005088
154.05809999992925
152.87030000035884
155.43869999964954
152.6583999993818
153.53849999974045
150.24779999930615
149.84409999942727
149.78250000058324
158.51150000071357
177.26709999988088
164.1669999999067
149.17100000002392
153.43159999974887
152.45149999918794
154.66880000076344
153.62389999972947
153.93419999963953
153.75109999968117
152.93199999996432
153.05239999997866
152.92179999960354
170.11309999998048
177.16610000024957
175.12759999954142
174.88870000033785
151.2630999995963
154.68289999989793
153.5582999995313
153.41350000016973
153.4336999993684
154.92780000022321
154.80079999997542
153.2638999997289
154.05720000035217
153.903999999784
154.7058999994988
154.22429999944143
153.7256999999954
153.73520000048302
150.69360000052257
152.0460000001549
154.08000000024913
153.26629999981378
154.52249999998457
153.33340000051976
152.1165000003748
154.43520000007993
155.44079999926907
156.09109999968496
153.17630000026838
153.00329999990936
153.29010000004928
153.29099999962637
154.43099999993137
153.64529999988008
153.95529999932478
154.06220000022586
152.76919999996608
153.39159999984986
153.21709999989253
153.84999999969295
155.18400000019028
153.48619999986113
154.78649999931804
154.0590999993583
153.2681999997294
154.3956999994407
153.38160000010248
153.93689999928029
152.9569000003903
154.42039999925328
152.08960000018124
153.5092000003715
155.00609999980952
155.30870000020514
154.46689999953378
153.33380000083707
153.96569999938947
153.46339999996417
154.45499999987078
153.5250000006272
153.94180000021151
155.55529999983264
155.11420000075304
153.84700000049634
153.0711000004885
153.66720000019995
155.12800000033167
154.5379999997749
154.23339999961172
152.72029999960068
153.6024000006364
153.849899999841
153.09629999956087
153.40070000002015
152.5112999997873
153.7759000002552
154.20180000000983
155.874699999913
155.1670999997441
156.03439999995317
155.03690000059578
150.2202000001489
170.70800000055897
154.9261000000115
175.13849999977538
153.28130000034434
153.78549999968527
153.75889999995707
154.1400000005524
156.35999999994965
151.48630000021512
176.65740000029473
166.97979999935342
149.80730000024778
154.8560000001089
154.27379999982804
157.96439999940048
153.98850000019593
155.98880000015924
152.98059999986435
154.46549999978743
153.60510000027716
153.51899999950547
172.5387000005867
155.2758999996513
154.51170000051206
153.35499999946478
152.67709999989165
155.69669999968028
155.23560000019643
154.59660000033182
155.13689999988856
153.25800000027812
153.7919000002148
153.95820000048843
153.30770000036864
153.83900000051653
153.32279999984166
155.82059999997
150.34190000005765
155.66020000005665
155.70879999995668
155.5473999997048
153.63979999983712
154.80980000029376
154.75289999994857
153.79770000072313
153.53680000043823
153.26920000006794
154.28049999991345
153.7412999996377
156.63350000068021
152.82010000009905
154.10570000040025
152.4532999992516
154.08369999931892
154.04229999967356
154.05429999918852
154.80360000037763
150.6409999992684
150.2560999997513
151.05119999952876
151.5415000003486
155.75239999998303
154.6879000006811
153.31199999945966
153.95660000012867
154.7072000003027
152.9749000001175
153.69559999999183
154.48109999942972
153.954800000065
154.09309999995457
153.12989999983984
154.37840000049619
155.41790000042965
152.62189999975817
154.338800000005
153.59480000006442
153.42429999964224
154.24520000033226
153.66679999988264
152.73210000032122
154.2146000001594
153.21819999917352
153.06739999959973
153.62000000004628
155.09220000058122
156.7906000000221
152.82230000048003
154.96230000007927
152.81990000039514
155.16459999980725
153.53829999912705
155.8020000002216
153.66129999983968
153.53849999974045
156.44500000053085
153.0708999998751
150.2440000003844
149.2987000001449
151.8145000000004
153.45830000023852
156.18429999994987
154.1216000005079
154.26730000035604
153.89959999993152
154.2922999997245
152.83400000043912
153.7633999996615
155.69200000027195
153.45410000008997
152.2770000001401
152.572500000133
153.5583000004408
153.82130000034522
154.0793999993184
153.44099999947503
152.82640000077663
155.41529999973136
152.52929999951448
153.40529999957653
153.86420000049839
151.6090000004624
154.40880000005563
154.49290000015026
152.35350000057224
153.8408000005802
150.45400000053633
157.7951999997822
168.5856000003696
156.87499999967258
152.80989999973826
154.07910000067204
152.88909999981115
153.0695999999807
153.17320000031032
153.35620000041672
153.08440000080736
152.68400000059046
154.06959999927494
152.28829999978188
154.25909999976284
153.50990000024467
153.35010000035254
154.08089999982622
152.24690000013652
153.37199999976292
153.91749999980675
153.61589999974967
158.08379999998579
159.75580000031187
152.5627999999415
152.16200000031677
152.4040000003879
153.69639999971696
153.042999999343
152.254499999799
152.42809999926976
155.0291000003199
154.67999999964377
153.31520000017917
152.26110000003246
151.84839999983524
153.75440000025264
153.51709999958985
153.27509999951872
152.65160000035394
153.72429999933956
152.29269999963435
154.8917000000074
153.4434000004694
152.01109999998152
152.89630000006582
152.47590000035416
153.37929999986954
153.02249999967898
152.80249999977968
151.35190000000875
153.57089999997697
149.6263999997609
149.40240000032645
150.39059999980964
152.53039999970497
161.87680000075488
155.86570000050415
152.50639999976556
152.92589999990014
149.2813999993814
154.83359999961976
160.5885999997554
154.91900000051828
154.35309999975289
156.04219999931956
155.0641000003452
157.3636000002807
154.14479999981268
153.6290000003646
157.83720000035828
156.61129999989498
157.76580000056128
153.59300000000076
156.18350000022474
154.61709999999584
154.5752000001812
154.53849999994418
166.70560000056867
171.34179999993648
149.37339999960386
150.13030000045546
150.79030000015337
150.90480000071693
149.80740000009973
169.84499999944092
175.18479999944248
153.5585000001447
153.64990000034595
153.28360000057728
152.37600000000384
155.8655999997427
171.18329999993875
151.03890000045794
153.4652999998798
154.01329999986046
152.19939999951748
152.3790999999619
154.09080000063113
154.72109999973327
153.10289999979432
152.7036000006774
152.12330000031216
152.74610000051325
155.58830000009038
152.63909999976022
173.17710000043007
153.93300000050658
152.57279999968887
153.29190000011295
154.7128000001976
154.13859999989654
152.47160000035365
152.54229999936797
153.82210000007035
155.25960000013583
174.31669999950827
152.29859999999462
151.84690000023693
151.02750000005472
153.2336000000214
153.8421000004746
152.9725000000326
153.197700000419
153.3595000000787
162.9030000003695
150.94700000008743
153.62760000061826
179.32219999966037
173.47180000069784
173.27780000050552
174.66659999990952
168.73409999971045
152.3174999992989
149.42919999975857
149.96109999992768
151.07559999978548
169.7178000003987
167.82119999970746
150.39990000059333
150.90260000033595
149.9898000001849
153.01410000029136
168.5881999992489
152.91350000006787
158.55950000059238
175.35710000083782
173.00950000026205
168.5031999995772
152.82440000009956
150.997699999607
150.70269999978336
151.44260000033682
150.7037000001219
151.8513000000894
149.90470000066125
152.1352999998271
152.29589999944437
154.23399999963294
154.91479999946023
153.12880000055884
154.27030000046216
154.57530000003317
153.70369999982358
153.62980000008974
154.80500000012398
172.8371999997762
149.78860000064742
153.5171999994418
156.67070000017702
170.73869999967428
151.05029999995168
154.9256999996942
156.29179999996268
163.6636000002909
175.10560000027908
173.31759999979113