159,1237
108,8875
106,03949999999999
106,4952
101,33709999999999
100,9869
99,543
95,36160000000001
92,5701
91,72370000000001
90,6143
91,4329
89,80630000000001
88,097
86,39139999999999
87,1262
84,721
85,3887
85,1156
82,9923
84,1116
82,9251
81,2375
82,4519
82,3573
80,4248
79,55760000000001
80,7045
78,7271
78,8449
79,24000000000001
78,184
77,37270000000001
76,9005
76,0202
77,1736
77,9734
76,4611
75,3384
75,1735
76,214
75,92160000000001
75,2035
74,1456
74,3105
77,42150000000001
73,8325
74,1648
74,85690000000001
73,25089999999999
73,9195
74,6443
72,3069
73,63
74,04769999999999
71,8766
71,9523
72,2463
71,3938
72,396
77,17999999999999
71,18560000000001
72,4652
71,6438
71,2116
72,6217
72,16640000000001
71,3414
71,4753
71,7035
70,51480000000001
71,0338
71,6322
72,2023
70,648
70,1649
70,4181
70,59179999999999
71,2566
70,8415
69,57000000000001
70,226
69,27759999999999
71,6327
70,0943
68,8263
68,9069
68,8335
68,7196
69,2518
70,2706
68,1673
68,2311
68,7142
68,49629999999999
69,5154
69,1012
67,845
68,7907
67,9273
68,13940000000001
68,52279999999999
70,6401
68,00399999999999
69,3306
67,5964
66,7841
68,1763
68,7049
67,2831
68,0728
67,3691
66,496
68,57910000000001
67,73790000000001
66,95479999999999
66,6445
67,2185
66,6786
69,4996
68,1011
66,5533
66,5915
66,9722
67,1101
67,4617
67,413
66,1107
66,9935
66,6609
66,20379999999999
68,9328
67,4833
65,7682
66,63959999999999
65,9769
65,72160000000001
66,2412
67,0829
66,5314
65,9485
66,2594
65,52470000000001
66,96549999999999
66,6306
67,51060000000001
65,3449
66,1808
65,3395
66,9293
66,3184
64,9963
65,2095
65,8326
65,0473
66,9477
66,88810000000001
64,5742
64,9951
66,27629999999999
64,41929999999999
67,4366
69,19200000000001
64,84230000000001
65,7104
65,028
64,3468
65,2799
65,7617
64,16669999999999
64,47219999999999
65,03920000000001
65,086
65,4927
65,2731
65,0609
64,5563
64,4907
64,2381
65,0019
66,7281
63,959500000000006
63,6796
64,29509999999999
64,27969999999999
64,5765
65,088
64,2131
63,5945
64,3286
63,3989
65,48049999999999
64,73660000000001
66,0642
63,5699
64,5271
63,66910000000001
64,1196
64,1229
63,862199999999994
63,3546
63,8393
63,2103
64,7138
64,6496
63,2115
62,9504
64,39200000000001
62,98049999999999
63,884899999999995
64,10109999999999
63,261700000000005
62,842800000000004
63,40369999999999
62,2612
63,912
63,989900000000006
62,449200000000005
62,5358
63,197199999999995
62,457499999999996
63,801300000000005
63,55429999999999
63,4846
63,996399999999994
63,6154
62,282
65,29790000000001
63,625699999999995
62,4513
62,6863
62,918699999999994
62,398
62,763799999999996
63,667699999999996
62,8046
62,499399999999994
63,0124
62,0428
63,6688
63,4642
62,5328
61,9749
63,03939999999999
62,0646
62,7719
63,217499999999994
61,9243
62,1593
62,1262
61,8461
63,217800000000004
62,995599999999996
62,464800000000004
61,8675
62,96450000000001
64,1157
63,24490000000001
63,4455
61,5162
62,1361
62,0671
61,4373
62,347100000000005
62,83279999999999
61,6909
61,8174
62,772800000000004
61,5777
62,895999999999994
63,1234
62,2044
61,5745
62,3976
61,0422
63,3843
62,4009
61,5224
61,7303
61,764
61,5663
62,0992
62,4943
61,6295
61,948299999999996
61,7159
61,4834
62,396899999999995
65,5979
65,8406
61,2039
62,3912
60,9129
62,1003
62,160399999999996
61,5345
60,569199999999995
61,352700000000006
61,3116
61,994800000000005
62,2226
61,6786
61,1725
61,9541
60,9829
63,4566
62,181599999999996
61,1683
61,1549
61,2508
60,9496
62,3055
62,044200000000004
60,7593
61,464999999999996
61,5393
60,7291
61,4684
62,574099999999994
61,887699999999995
60,8747
63,709500000000006
61,4788
62,432500000000005
61,7303
60,9103
60,897800000000004
60,936
61,025299999999994
61,035399999999996
61,9974
61,0623
60,462
61,0705
60,6004
62,166
61,8868
61,5454
60,8065
62,5853
60,6051
61,5231
61,509
60,955299999999994
60,748000000000005
60,7691
60,6399
61,067299999999996
61,7266
60,4452
60,4443
61,2003
60,518299999999996
64,161
62,1342
60,8016
62,053200000000004
60,136700000000005
60,5981
60,4726
62,1189
60,3768
60,108399999999996
60,4687
60,3127
61,0686
61,256499999999996
60,3692
60,482800000000005
60,8141
60,8709
61,6593
62,80819999999999
61,136500000000005
60,7044
60,055
60,2749
61,1644
61,402100000000004
60,0628
60,3652
60,3635
59,947599999999994
60,867900000000006
61,8093
60,1776
61,8348
61,0324
61,4506
61,0104
62,1674
60,1428
60,3193
60,6816
60,0242
60,7776
61,205799999999996
60,5725
60,1435
60,3273
60,0377
60,9691
61,1665
60,922700000000006
62,1893
64,6061
63,5069
63,549099999999996
64,1033
64,153
64,5642
61,0296
62,6153
64,7071
61,047
59,8896
63,74779999999999
79,2732
84,3138
65,5393
73,2825
71,0805
65,33070000000001
65,5867
64,0584
65,3985
66,12419999999999
64,1764
63,697900000000004
63,697900000000004
62,9708
65,0719
64,33959999999999
61,589400000000005
64,1351
66,12079999999999
63,3677
65,73049999999999
66,31320000000001
65,4899
64,7369
63,95190000000001
61,582
63,390699999999995
63,0523
66,124
70,8055
62,6472
67,34809999999999
64,256
61,6558
64,4245
62,653600000000004
60,0964
59,941500000000005
60,3178
61,534800000000004
59,966
60,6473
60,153
58,8962
59,997099999999996
64,3488
62,722500000000004
61,9928
63,618300000000005
62,96690000000001
65,4645
62,4089
59,494400000000006
59,234
62,3735
60,0119
60,2392
63,137100000000004
62,3626
61,582699999999996
61,6342
62,4568
64,0381
73,9174
79,569
70,7068
73,3021
61,2364
59,873400000000004
61,9146
59,632
59,1536
59,332
59,2342
60,146
59,9048
58,9279
59,2324
59,601800000000004
59,8971
59,9783
61,0943
64,1728
63,704899999999995
61,086099999999995
59,2436
67,29830000000001
70,4378
70,2049
67,2281
69,3239
64,4352
59,7293
60,325900000000004
58,5756
58,7356
61,9078
58,8202
60,1243
60,4787
58,8781
59,3324
61,978699999999996
63,123
59,8394
71,7501
58,717400000000005
59,0314
58,7975
58,8112
59,6909
60,004799999999996
59,1907
59,445
65,87809999999999
64,4217
61,060700000000004
60,0944
60,3022
59,7397
63,8518
63,860299999999995
66,35149999999999
64,3995
62,602199999999996
63,3774
62,905699999999996
62,089400000000005
63,46789999999999
59,2175
59,488899999999994
58,1108
59,049
58,9652
59,6588
60,214999999999996
58,4823
59,5619
58,8942
58,875499999999995
59,316
59,9118
58,4982
59,1563
59,0668
58,3683
59,6992
61,6305
58,5182
57,9781
59,4518
59,2374
59,4393
59,7458
59,1986
58,7402
58,6509
58,4771
59,4292
59,704
59,324000000000005
58,365899999999996
61,7355
58,298
61,5054
59,6979
58,6165
58,9959
59,4213
58,882600000000004
59,3544
60,3548
58,5396
58,4188
58,8694
58,323100000000004
59,9503
59,3767
58,333000000000006
59,0769
58,8294
59,1168
59,3812
59,3438
58,666500000000006
58,5441
59,1848
58,274
60,0416
59,6664
58,1263
58,588
58,5656
58,6661
58,8498
59,662
60,8343
58,582
59,602500000000006
58,0684
59,4631
59,5141
58,3201
58,795500000000004
58,8279
58,2219
60,310500000000005
59,434599999999996
58,4468
58,187000000000005
59,0959
58,0026
59,6244
59,6303
58,3198
59,232
58,6622
58,3884
59,2306
59,1818
58,5291
59,2776
58,191100000000006
58,9804
58,256299999999996
59,2778
58,0892
58,3604
58,5634
59,1471
63,182500000000005
59,458200000000005
59,161199999999994
58,1521
58,0491
58,4441
59,452
59,6458
58,0692
59,0615
58,578900000000004
57,9497
58,6369
59,2698
57,970099999999995
58,5206
58,1844
58,347
58,638799999999996
59,891600000000004
57,9036
57,933400000000006
58,173
58,5126
59,0414
59,471999999999994
57,7947
59,017399999999995
58,2605
57,8206
58,441
59,4049
58,4877
57,9861
61,1513
57,6915
59,6181
58,8099
57,6421
58,0405
58,8302
59,836
59,1556
59,3469
58,3224
58,798700000000004
58,7323
57,745400000000004
59,2757
58,930299999999995
58,2256
58,3817
58,5071
58,4477
58,8986
59,2102
57,1464
58,212
58,3056
58,2239
58,7836
59,6809
57,3241
58,7455
58,1123
57,8437
58,711800000000004
58,7299
60,03639999999999
58,4787
58,658
57,9174
58,5878
59,1267
57,920399999999994
57,8327
58,4248
58,0604
60,044599999999996
59,710899999999995
57,9637
58,6591
58,4446
57,700799999999994
58,636
59,848600000000005
57,8095
58,6621
57,832
57,689499999999995
58,5047
59,1113
57,5099
57,8717
57,988699999999994
58,236799999999995
58,579899999999995
59,3478
57,5544
59,117999999999995
57,8694
57,7602
59,231899999999996
61,2148
58,170899999999996
58,0154
57,8436
57,5201
59,7588
58,489399999999996
57,9919
57,6749
58,2364
58,5278
58,663199999999996
59,337399999999995
57,9291
57,6858
59,204600000000006
59,0627
58,5978
59,1181
57,9257
57,6071
58,2598
57,929500000000004
58,6773
58,7618
57,7442
57,4922
58,2864
57,556599999999996
59,1312
59,131
57,8248
58,3221
61,5591
59,8519
60,1844
59,0189
57,7973
58,1396
57,562200000000004
57,7475
58,865899999999996
58,618900000000004
57,8472
57,5295
58,3623
57,7504
58,899899999999995
59,064400000000006
57,123599999999996
62,53830000000001
57,6188
59,7229
58,1483
58,562200000000004
56,9739
57,692
57,7468
57,5434
58,1838
58,5689
57,3251
57,556000000000004
57,7402
57,9532
58,583200000000005
58,6291
58,0677
60,776700000000005
58,8582
57,147499999999994
58,5158
58,425
57,4963
57,3846
57,882799999999996
57,1786
58,081599999999995
58,640299999999996
57,362
56,9328
57,7635
57,984700000000004
58,349199999999996
59,130500000000005
57,7682
58,0026
58,9065
56,797
58,6242
58,5032
57,876799999999996
57,448699999999995
57,8265
56,698100000000004
58,107
58,8254
57,0536
57,4814
57,626799999999996
58,152
58,0965
59,461800000000004
59,619
59,0248
57,776599999999995
57,3915
57,349
58,872099999999996
57,0952
57,6194
57,4627
57,266999999999996
58,0217
58,578900000000004
57,1636
57,1897
57,8742
57,6686
58,695
58,5815
58,2761
57,9994
57,7652
56,9405
58,239
58,3475
57,1143
57,2396
57,7449
56,9265
58,2315
57,7195
57,2755
57,4728
57,4888
57,6642
59,8917
60,4528
57,131099999999996
57,6502
57,831399999999995
57,6754
57,7
58,5675
57,2948
57,301199999999994
58,0151
57,5219
58,1453
58,782599999999995
57,3136
57,7321
58,022
58,1584
58,039
59,5794
56,5342
58,113699999999994
57,3215
57,3904
58,0733
58,4265
57,3105
57,1392
57,6749
56,4222
58,0977
58,6573
57,206199999999995
57,483
57,852000000000004
59,9274
59,256299999999996
58,3556
57,278099999999995
57,8642
57,9859
57,0871
58,0427
57,757999999999996
57,1178
57,2828
57,461
57,1355
57,8975
58,6138
56,8022
58,0217
57,278000000000006
58,4105
58,1233
58,6436
57,1443
58,8473
57,6942
56,4901
58,2886
58,3702
57,2782
56,901199999999996
57,3831
57,2856
57,845
58,431799999999996
57,4953
58,9596
57,518699999999995
57,7015
58,1088
58,0964
57,291599999999995
58,001200000000004
57,6327
56,4798
57,6291
58,2608
57,04
57,145599999999995
57,4377
58,0206
57,867599999999996
58,2239
57,649499999999996
57,0289
58,2167
57,2704
58,2476
57,8984
57,321600000000004
57,9221
57,2261
56,7063
57,486000000000004
58,503600000000006
56,812599999999996
57,0076
57,0869
57,035500000000006
57,6766
58,4383
59,0827
59,0406
57,0368
57,5998
57,5825
59,0064
56,8032
56,869
57,766
56,8868
57,8944
57,859300000000005
57,0007
56,8501
57,5315
56,3643
58,5419
57,9542
57,047399999999996
57,4131
57,3429
57,3661
57,577000000000005
58,6641
57,132799999999996
57,473200000000006
57,2813
56,7176
57,1722
57,7942
57,048300000000005
56,4569
57,3643
56,5343
58,0779
62,579499999999996
57,8648
56,6927
56,8582
57,1638
57,7342
58,4214
56,425999999999995
57,467200000000005
57,2988
57,1846
57,0856
57,7192
56,962199999999996
56,6139
57,1695
56,4651
57,546800000000005
59,711
56,607400000000005
56,8021
56,2851
57,2176
57,219100000000005
58,4283
56,408100000000005
57,4966
57,380399999999995
56,3139
57,651399999999995
57,8873
56,8546
56,1563
56,8936
57,207300000000004
59,4375
58,346000000000004
56,319300000000005
56,9103
56,1875
57,2931
57,6196
58,3166
56,738299999999995
57,0602
57,353899999999996
56,3188
57,6021
57,550700000000006
56,8816
55,97280000000001
57,4629
56,4679
58,037600000000005
57,920899999999996
56,5091
56,393100000000004
56,9495
57,0642
57,0965
57,787
56,7162
56,9797
56,851600000000005
56,430800000000005
57,360099999999996
57,673500000000004
56,5296
55,6967
61,1554
58,5696
57,5062
57,9888
56,3597
56,376200000000004
57,0123
56,95
57,4485
57,4886
56,3793
57,1723
56,798300000000005
56,4876
57,3273
57,8077
56,4326
56,5404
56,8559
57,292
57,3459
57,9823
56,404700000000005
56,6438
56,260400000000004
57,019800000000004
57,3727
58,9253
56,219100000000005
56,2965
57,5581
56,293299999999995
57,7206
57,554300000000005
56,5161
56,8935
58,8137
58,1869
57,1438
58,2072
55,9111
56,844899999999996
56,563700000000004
57,0765
57,2069
57,925900000000006
56,88
55,6628
57,719899999999996
56,2708
57,5602
57,0411
56,8605
56,4886
57,1789
56,405499999999996
57,042
57,555299999999995
56,2821
55,950100000000006
56,5094
56,7763
57,1109
58,2265
56,1365
57,2211
56,7121
56,2235
57,4568
57,1951
60,379799999999996
58,956
57,443599999999996
56,1475
57,2564
56,9972
56,445
56,359
56,5567
56,730999999999995
57,2857
58,0076
56,182900000000004
57,1088
56,7472
56,251000000000005
57,2353
57,9236
56,2905
57,7736
56,3487
56,3236
56,978500000000004
57,5237
56,264500000000005
56,4565
56,735099999999996
56,5584
56,933499999999995
57,6751
56,5147
55,9375
57,7845
56,078500000000005
57,524499999999996
58,1536
58,280100000000004
57,2344
56,5539
56,2354
56,7411
57,5848
56,137899999999995
56,2819
56,457800000000006
56,4634
57,2903
57,7662
56,2809
56,1702
56,9189
55,823699999999995
57,7032
57,1481
56,914100000000005
56,283100000000005
56,3047
56,3201
56,3716
57,5802
56,0911
56,1779
56,4259
56,2459
56,9219
58,0876
55,9642
56,7015
56,8924
55,883
57,742000000000004
57,334
60,1547
56,1766
56,4264
56,0546
56,887800000000006
57,4332
55,886199999999995
56,1851
56,359300000000005
56,3521
57,4194
57,861799999999995
56,3073
57,2432
56,8457
56,6365
57,5417
57,557700000000004
56,924
55,8228
56,2901
55,911
57,258900000000004
57,3774
56,2069
56,030499999999996
56,237500000000004
56,8494
57,2151
57,654700000000005
55,9188
57,0848
56,5952
55,809200000000004
57,0492
61,0008
55,5772
55,8983
56,0482
55,9395
56,8463
57,3461
55,8224
56,0218
56,307500000000005
56,4101
56,3859
57,7433
55,6462
57,2204
56,4786
56,2196
57,1657
57,9228
56,023700000000005
55,8209
56,1553
55,629900000000006
56,5625
57,3517
55,7305
55,916599999999995
56,454499999999996
56,2359
56,7866
57,866
56,223099999999995
56,675000000000004
56,622699999999995
55,9019
58,1673
58,4331
56,0945
55,614
56,5567
55,474799999999995
56,6393
57,241800000000005
56,03530000000001
55,7483
56,1884
56,4303
56,958
57,2342
55,4895
56,8189
56,463899999999995
55,477199999999996
57,5236
56,8301
55,9409
55,5047
55,9815
55,8418
56,5151
57,2178
55,070800000000006
56,0841
56,0559
56,2293
56,4063
57,948100000000004
55,75129999999999
56,8501
56,817899999999995
55,4365
60,4443
56,2876
55,7409
55,548899999999996
55,7275
55,781699999999994
56,5067
57,1691
55,6715
55,8638
56,0159
56,1848
56,7439
57,2984
55,864200000000004
56,9056
56,0651
55,601400000000005
57,185100000000006
56,8695
55,6847
55,500800000000005
56,1595
55,719
56,6983
56,8013
56,0657
55,7744
55,4693
56,3432
56,7536
57,5794
55,6995
57,113499999999995
56,3863
55,550000000000004
60,6518
56,7569
55,9314
55,5212
56,3396
55,1139
56,6261
56,8076
56,0376
55,651399999999995
55,9753
55,9201
56,5139
57,727399999999996
55,906699999999994
56,890299999999996
56,259
56,273900000000005
56,053
56,7528
55,7736
55,631600000000006
55,6599
55,5042
56,6745
56,7309
55,919000000000004
55,5449
56,114900000000006
56,1804
56,7582
57,0063
55,8684
56,7622
55,966
58,6715
56,1803
56,8586
55,5774
55,9946
55,7987
55,4058
56,256
56,7405
55,7145
55,622
55,9213
56,1472
56,715799999999994
57,2832
56,1232
56,1155
56,1685
57,9828
55,9734
56,9534
55,501000000000005
55,8775
55,4108
55,5154
56,2982
57,07340000000001
55,8034
55,3737
55,9405
56,236399999999996
56,8721
57,0467
55,8418
56,3859
55,9229
57,8367
56,2658
56,8032
55,3236
55,8476
55,6975
55,5007
56,2806
57,029999999999994
56,2084
57,3716
55,847899999999996
55,841
56,5588
57,158500000000004
55,9668
56,5332
57,2643
55,2119
56,4137
56,543499999999995
55,186
55,3697
55,6636
55,329
56,2743
56,643499999999996
55,4193
55,7123
55,51240000000001
56,0666
56,2348
56,8831
55,6458
56,5366
56,497400000000006
57,9025
58,4589
56,2374
55,1365
55,8842
55,6397
55,107299999999995
56,3671
56,604099999999995
55,066700000000004
55,6136
55,3553
56,721599999999995
56,374100000000006
56,8684
55,793099999999995
55,933
57,473299999999995
55,4354
56,3253
56,336200000000005
55,560199999999995
55,362
55,8257
54,771300000000004
56,0893
56,5843
55,2517
55,427200000000006
55,6617
55,9917
56,4831
57,225199999999994
59,9772
56,2846
58,3844
54,9744
56,9179
55,7118
55,5482
55,1655
55,6792
55,082100000000004
56,2709
56,6637
55,5086
55,3493
55,6301
55,9609
56,389799999999994
56,9319
55,4777
55,9303
56,7532
55,126799999999996
56,0192
55,9564
55,5167
55,1404
55,9801
55,061600000000006
56,0834
56,6483
55,3273
55,0864
55,468700000000005
55,7299
56,4223
57,4265
55,1161
56,4472
58,7797
55,391200000000005
56,011199999999995
56,471399999999996
55,3375
55,6262
55,5916
55,3645
56,2051
56,5011
55,1685
54,804899999999996
55,6909
55,949600000000004
56,5515
57,275800000000004
55,6907
56,7711
55,806799999999996
54,8806
55,916399999999996
56,2857
55,304
55,1933
55,4619
54,9202
55,771
56,5681
55,184799999999996
55,1517
55,6364
55,8665
56,1313
61,0616
55,1492
55,341
58,716699999999996
54,7922
56,2348
56,5857
54,987700000000004
55,3619
55,1451
55,3371
56,066900000000004
56,7473
54,9616
54,843700000000005
55,2916
55,8947
56,0884
61,3108
55,245599999999996
56,7907
55,5205
54,683299999999996
55,9343
56,3815
54,7013
55,1321
55,413900000000005
55,450199999999995
56,0701
56,3512
55,307700000000004
55,2709
55,655
55,952099999999994
55,3038
57,9684
55,1084
56,2726
58,3121
55,091800000000006
56,2075
56,5559
55,2451
54,9372
55,8198
54,459599999999995
56,2087
56,393
55,230599999999995
54,980399999999996
55,885799999999996
55,679100000000005
57,016799999999996
57,600699999999996
54,479
57,080400000000004
55,2067
55,1772
56,1505
56,2717
55,2577
54,667
55,4722
55,0767
55,9602
56,1141
55,379400000000004
54,9503
55,5564
55,3001
57,4873
57,9804
55,1614
57,5064
57,399899999999995
55,3103
55,4016
56,154700000000005
55,093700000000005
54,5444
55,2816
55,1188
56,1071
56,3654
55,1782
55,1634
55,416199999999996
55,1837
56,3258
56,908899999999996
54,7616
56,525800000000004
55,4601
54,952099999999994
55,9249
56,6364
54,7574
55,016799999999996
54,7064
55,2582
55,705999999999996
56,4225
54,8914
54,993100000000005
55,626000000000005
55,131899999999995
60,7249
56,7069
54,8584
58,2571
57,9138
54,943400000000004
56,201
56,4536
54,5608
55,4307
55,2003
55,0845
56,1611
56,4847
55,1805
55,5074
55,0064
55,8739
57,3106
56,618
55,438500000000005
56,616
55,4314
54,9665
55,9894
56,410799999999995
54,6445
54,9874
55,374399999999994
55,1035
55,8919
56,5589
55,0779
55,233200000000004
55,0079
55,768100000000004
56,3255
57,198100000000004
55,9546
55,1984
58,5513
55,0349
55,9503
56,751799999999996
54,4506
54,9551
55,5421
54,869099999999996
55,948699999999995
56,533100000000005
54,953
54,5608
55,59589999999999
55,4587
56,5186
57,0923
55,8042
55,9698
55,3243
55,105399999999996
55,4448
56,7557
54,8711
54,7293
55,598099999999995
55,1663
55,965599999999995
56,2178
54,9091
55,0405
55,7843
55,2712
55,884499999999996
57,0066
56,9417
54,797
58,375299999999996
54,9636
55,7009
55,9425
54,9224
54,9453
55,3383
56,7765
57,112
56,2015
54,6201
54,7166
55,5311
55,0058
57,0398
56,6927
55,9296
55,273999999999994
55,356
54,8291
55,7888
55,8408
55,0095
55,258300000000006
54,9522
55,0856
55,6855
56,1119
54,671200000000006
55,389
55,296699999999994
54,9288
56,5441
56,3206
56,7379
55,0941
58,2515
55,001000000000005
55,7066
56,7367
54,813300000000005
54,6738
55,358200000000004
54,8085
55,8597
55,654
54,8928
55,4799
55,0078
55,084300000000006
56,576
56,1172
57,503899999999994
55,0264
55,0789
55,855799999999995
55,4843
56,5671
55,0683
54,964
54,7571
54,7835
55,4129
56,296400000000006
54,8127
55,2635
55,4143
54,6999
57,1409
55,9693
57,1283
54,7724
58,3579
54,558
57,367000000000004
56,205
54,9203
54,517999999999994
54,972100000000005
55,0344
55,8076
56,081399999999995
55,041399999999996
54,815599999999996
55,4699
55,0666
56,2492
56,0539
57,4397
55,144999999999996
56,0586
55,7946
55,6952
56,485800000000005
54,7034
54,9392
55,2144
54,5627
55,5816
56,2775
54,8046
55,2024
55,269400000000005
55,209
60,4842
56,2261
55,8018
54,8014
59,663199999999996
54,7399
56,1854
55,4607
54,8188
54,6856
55,471399999999996
55,038
55,330600000000004
56,357699999999994
54,3735
55,278800000000004
54,9598
54,7978
56,3549
56,4591
55,736599999999996
55,1013
56,2968
54,1991
55,8532
56,3609
54,8469
54,9304
55,8216
54,193900000000006
55,6729
55,999
54,6147
55,0082
55,1577
55,0859
55,6423
56,613299999999995
55,8161
55,2746
57,1535
55,685199999999995
55,4495
56,286
54,1161
55,2401
55,274499999999996
54,9264
55,6006
56,0786
54,6008
54,6139
55,3788
54,9358
55,5571
55,9653
57,047599999999996
54,7774
55,744
55,2346
55,928
56,425799999999995
54,692299999999996
54,803
55,0495
55,1139
55,3501
56,1577
54,248999999999995
55,3161
54,5146
55,1428
56,0321
55,9228
55,781400000000005
55,2592
57,4307
55,3024
55,4101
56,9626
54,876099999999994
54,631899999999995
55,3528
54,9396
55,645
55,9255
55,0438
54,3045
55,2501
54,99720000000001
55,89149999999999
56,2592
55,5942
54,9563
55,1541
55,0699
56,0625
56,0869
55,7982
54,9431
54,9959
54,9409
55,8988
56,5293
54,9653
54,7155
55,6706
54,5079
56,109
55,916000000000004
55,6577
54,8203
57,359100000000005
55,3113
56,0668
56,2588
54,7716
55,1017
55,2503
54,7499
55,7715
55,9999
54,9677
54,6688
55,4108
54,7565
56,2943
55,824400000000004
55,190200000000004
54,5
55,3339
54,7032
55,8513
56,1347
55,1143
54,7874
55,2376
55,0075
55,4484
55,948299999999996
54,9642
54,9401
55,2241
54,766299999999994
56,3382
56,1599
55,8665
54,333
57,835699999999996
54,7247
55,8949
56,7267
55,3723
54,9372
55,5078
55,8242
55,885799999999996
55,9001
55,0197
55,136900000000004
54,833
54,6033
56,385600000000004
56,0454
55,361399999999996
54,54259999999999
55,5685
54,6233
55,9372
56,2169
55,4155
55,0576
55,6293
54,7824
56,7258
55,5987
54,8912
54,786500000000004
55,407
54,9405
55,9621
56,0722
55,5291
55,0867
56,7857
55,371900000000004
55,753499999999995
55,7783
55,2817
55,2072
55,4887
54,6027
56,9111
56,1896
54,6803
54,6873
55,713699999999996
54,0569
56,4489
55,598
55,6187
54,758
55,3426
54,6035
55,224799999999995
56,5014
54,2408
55,4675
55,6417
54,7008
55,7275
56,7328
54,9213
54,9768
55,0112
54,7252
56,0875
56,0041
56,245200000000004
54,8538
55,1629
56,8977
55,102
56,281200000000005
54,7397
54,800599999999996
55,658899999999996
55,3492
56,1744
56,0131
54,809200000000004
55,152699999999996
55,2483
54,5947
55,9531
56,0377
55,1526
54,952
54,6932
54,8096
54,9855
56,180800000000005
54,7119
54,782
55,1117
55,2401
55,5511
55,989999999999995
54,9101
54,1928
56,304300000000005
54,4358
56,0455
55,7716
55,2369
54,6425
55,1099
56,8722
55,4148
55,565799999999996
54,8525
54,621700000000004
55,1473
54,7162
56,5383
55,5342
55,643100000000004
54,8541
54,8928
55,3176
56,0547
55,7007
54,5678
54,8144
55,2277
54,400400000000005
55,6863
55,5086
54,4411
55,0124
54,616400000000006
54,5798
56,050200000000004
56,412200000000006
54,5251
55,343999999999994
55,2065
54,808099999999996
56,8006
55,8309
54,6741
56,2791
55,1395
56,811800000000005
55,6355
55,8587
54,7537
54,489200000000004
55,0816
54,6873
55,6224
56,0612
54,5364
54,5139
55,9608
54,5608
60,5575
56,7705
55,0611
54,901199999999996
54,237899999999996
54,7799
56,0036
55,8274
54,5551
54,4441
55,215
53,849399999999996
55,769600000000004
55,7545
54,889100000000006
54,917100000000005
55,4887
54,979
55,9641
56,039699999999996
55,0071
55,6423
54,967299999999994
59,0592
55,851400000000005
56,2307
54,1101
54,777499999999996
55,0473
54,6635
55,969699999999996
55,6997
54,8021
54,3938
56,0471
54,2057
56,272000000000006
56,1746
55,4351
54,8076
55,1149
54,598800000000004
55,7541
55,8417
54,6549
54,6235
54,933299999999996
54,2748
55,332899999999995
55,7489
54,8061
54,684000000000005
54,9498
54,972300000000004
55,989
56,0021
54,7341
57,219
55,1104
56,445
55,633700000000005
55,8279
54,858999999999995
54,0071
55,0576
54,519400000000005
56,0021
55,9807
54,5347
54,900200000000005
55,0357
54,1172
56,1311
60,6286
55,1168
55,605599999999995
55,7763
54,9897
55,5833
56,279700000000005
54,5621
54,4942
54,9608
54,4974
55,8467
55,7105
54,5112
54,679899999999996
55,0092
54,413799999999995
55,0471
56,5004
55,3939
56,8873
54,8282
57,58
55,513600000000004
55,9154
53,9541
54,725
54,8874
54,5982
55,3797
55,7463
54,6018
54,3415
55,504400000000004
54,1075
54,9255
56,1629
55,0486
55,168
55,428
54,3942
56,0758
55,7613
54,862300000000005
54,6361
54,8157
54,5531
55,5323
55,199
54,5731
54,6337
55,0058
54,6364
54,9394
56,3847
54,3251
56,0137
55,074600000000004
54,6268
57,5094
56,603300000000004
54,553999999999995
54,704
54,9271
54,184400000000004
55,6093
55,5077
53,9305
54,4512
54,8403
54,6943
55,3889
56,2618
54,2004
55,1264
55,1786
54,4833
55,6491
55,6877
54,5104
55,4763
54,8892
54,4653
55,3738
55,5456
54,6468
53,911300000000004
54,8489
54,4426
55,6151
55,5859
54,5463
56,2312
54,9633
54,6274
57,5837
56,0576
54,266
55,538700000000006
54,7774
54,533699999999996
55,3275
55,9715
53,7209
54,8209
54,6342
54,4346
55,2387
56,0689
54,494
54,572700000000005
55,0519
54,0308
56,2127
55,491400000000006
55,5473
54,3942
54,5154
55,2951
55,2853
55,394400000000005
54,4274
54,2293
55,1607
54,746700000000004
55,2652
58,9393
54,4871
54,3644
55,544700000000006
54,607299999999995
55,3019
58,7622
54,6907
54,9416
54,939099999999996
55,197700000000005
55,1574
55,719699999999996
54,381899999999995
54,481300000000005
54,7344
54,263
55,5648
55,398999999999994
54,9202
53,8352
55,9015
54,228
55,293299999999995
55,606500000000004
55,016799999999996
54,5362
55,2224
54,5131
55,4036
55,6603
54,2177
54,316900000000004
54,6885
54,684799999999996
55,3591
55,3611
55,223099999999995
53,7802
56,6972
54,328500000000005
55,2497
57,3667
54,741400000000006
54,798
54,210300000000004
54,760799999999996
55,422
56,058099999999996
54,9281
54,641799999999996
54,6868
54,5335
55,2977
55,7252
54,9578
54,5893
55,8184
54,266799999999996
55,4042
55,8397
54,5151
54,576600000000006
55,1949
54,3178
55,4567
56,0367
54,9728
54,410199999999996
54,683
54,2667
55,393499999999996
55,4321
55,2275
53,923899999999996
55,3579
54,3046
55,273500000000006
55,4283
57,3735
54,716
54,5201
54,8345
55,419799999999995
55,6567
54,512499999999996
55,2143
54,723099999999995
54,288000000000004
55,6223
55,3622
54,440200000000004
54,4225
55,5666
54,1312
55,2706
55,4724
54,634
53,930400000000006
55,0324
54,279
55,7232
55,5698
55,0241
54,043099999999995
55,4976
54,5305
55,116699999999994
55,4412
54,464400000000005
54,7182
54,749399999999994
56,0663
55,0706
55,3125
56,1858
54,1045
54,7568
53,6126
55,288900000000005
55,8808
54,720600000000005
54,7667
55,4024
54,331900000000005
56,1586
55,4737
54,475
58,2433
55,0142
54,9616
54,8634
55,8357
53,6936
54,6246
54,9534
54,445800000000006
55,0653
55,2616
54,9315
54,4866
55,3658
53,7497
55,558499999999995
56,0794
54,4618
54,8186
55,4075
54,90069999999999
55,368100000000005
54,8638
55,4736
55,1327
54,8347
54,1772
55,097500000000004
55,470800000000004
54,4008
54,4435
54,705200000000005
55,554399999999994
54,858700000000006
56,0639
54,9679
55,0132
54,0699
55,5587
55,3038
55,3798
54,4387
54,337999999999994
54,9541
55,9126
55,2326
55,2022
53,93
54,3608
55,1011
54,355000000000004
55,7936
55,641000000000005
55,173
55,0432
54,0514
56,2428
55,6398
55,396300000000004
53,998
56,5785
54,157700000000006
54,4211
55,054
55,7893
54,0037
54,6586
54,7976
54,718799999999995
55,2576
55,9328
54,3727
59,1398
54,343500000000006
54,6575
55,4827
55,5015
54,226299999999995
54,173199999999994
54,8174
53,9199
55,0891
55,5495
54,0093
54,5338
54,528
53,7815
55,4448
56,3957
54,3064
54,972100000000005
56,1426
54,3129
57,1474
55,4399
54,1581
55,472500000000004
54,7795
54,0264
54,8934
55,7649
54,084
54,1853
54,781299999999995
53,7045
55,1032
56,0349
54,6711
54,7643
54,809799999999996
55,3197
55,7409
54,8474
54,4291
54,3541
54,7591
54,1617
55,1992
55,4412
54,262499999999996
53,9083
54,9902
54,075900000000004
55,1896
55,6007
55,0209
53,9812
55,7333
54,258300000000006
57,075599999999994
55,699400000000004
54,5302
54,0258
57,2204
54,296200000000006
54,958600000000004
55,3168
54,371
54,1991
54,705999999999996
53,7065
55,1593
55,1257
54,326899999999995
54,9678
55,0741
54,7562
55,469699999999996
56,3979
53,830000000000005
54,204299999999996
54,278800000000004
54,0644
54,9599
55,1696
54,4453
54,052
54,5419
54,0871
55,259
54,4625
54,3914
53,7012
55,755199999999995
54,1871
57,408899999999996
55,3474
54,9649
54,3704
54,6151
55,5872
54,671699999999994
55,4649
54,066500000000005
53,9995
54,618300000000005
54,261900000000004
54,9976
54,699600000000004
54,4343
53,9773
54,9886
54,4043
55,4824
57,2861
54,3682
54,9509
54,863299999999995
53,6365
54,9557
55,1843
54,2326
54,0195
54,7978
53,948299999999996
54,300399999999996
55,372
54,2444
54,195
54,3301
58,4289
55,2099
55,9835
54,4649
53,936499999999995
54,4783
57,7222
54,8665
55,228899999999996
54,3273
54,019600000000004
54,5126
53,9487
54,6074
55,2507
53,9748
53,949600000000004
54,6395
57,8199
54,6616
57,636399999999995
54,0342
54,692299999999996
54,0094
55,2331
54,94799999999999
55,434999999999995
53,932300000000005
54,2328
54,3179
54,298899999999996
54,849799999999995
55,237899999999996
53,6451
54,2725
54,3632
54,513
55,02569999999999
55,6696
54,4795
54,087999999999994
55,6556
53,629599999999996
57,7195
55,329499999999996
53,883399999999995
53,4183
54,431599999999996
54,2995
54,7065
55,3076
54,201100000000004
54,2553
53,8249
54,3558
54,7822
55,0706
55,3795
54,716300000000004
54,6697
54,426
54,8897
56,349700000000006
53,4634
54,288500000000006
54,2325
54,1868
54,807700000000004
55,2395
54,207
54,107
54,4997
53,8712
59,9624
55,2085
54,3468
54,5218
54,8864
54,3585
58,3074
55,4322
54,099399999999996
54,395199999999996
54,1795
54,1651
54,642900000000004
55,3493
53,7821
54,034800000000004
53,9848
54,0128
55,117
55,0874
55,832699999999996
53,862300000000005
53,817299999999996
54,4124
54,9445
55,983900000000006
54,1987
54,0503
55,2809
53,988800000000005
54,3362
55,543
53,9689
54,050000000000004
54,4867
54,0933
54,8795
55,1011
54,705799999999996
53,6871
54,5218
54,044399999999996
55,3099
57,7456
54,3356
54,310700000000004
55,081900000000005
53,830200000000005
54,863299999999995
55,2208
53,401900000000005
54,1962
54,7292
53,9758
54,9151
55,426700000000004
53,7118
54,758599999999994
54,3578
53,8083
55,0407
55,4213
53,695899999999995
54,839400000000005
54,291199999999996
54,2455
55,3972
54,7637
53,9376
54,1816
54,6571
54,2969
54,227900000000005
55,3945
54,136700000000005
55,0338
54,2839
53,3277
55,0967
55,018299999999996
56,730999999999995
54,3272
54,9445
53,870000000000005
55,630199999999995
56,145100000000006
54,1725
53,818400000000004
54,6216
53,9602
55,243100000000005
55,8441
53,7424
54,741400000000006
54,3724
53,581900000000005
54,940999999999995
55,086999999999996
54,0815
54,644
54,3549
54,5726
54,4074
55,6796
54,6445
54,1327
54,7885
54,1372
54,997699999999995
55,1871
54,0736
53,868399999999994
55,298899999999996
53,8346
55,0776
54,9455
54,2536
55,952099999999994
54,4872
53,8977
55,9345
55,474500000000006
53,7992
54,9139
54,3047
54,2367
54,7822
54,885200000000005
54,250600000000006
54,0035
55,6689
54,267700000000005
54,712700000000005
55,3093
53,4345
54,1802
54,5096
54,0856
55,3245
55,529
53,9743
54,1093
54,5098
54,300599999999996
54,8125
55,0779
54,665
53,931
55,772099999999995
53,9336
54,8907
54,6649
53,7258
56,0439
54,191
54,038799999999995
55,424
55,1922
54,0434
54,297900000000006
54,9937
54,210800000000006
54,2195
55,0228
54,415400000000005
53,9668
54,6699
53,1689
54,8943
54,7902
54,027499999999996
53,7514
54,2864
53,667100000000005
54,272800000000004
55,3593
54,0152
54,190200000000004
54,389100000000006
53,883399999999995
55,779
55,0106
53,3326
54,7047
54,0433
55,573699999999995
54,8016
55,1467
53,8746
53,3034
56,4929
53,6663
54,5519
55,2872
54,3915
54,0265
54,481500000000004
54,4587
54,9168
55,8272
53,8697
54,290699999999994
54,2555
55,3571
54,8611
54,6988
53,5779
53,6471
54,3384
53,697799999999994
54,6708
54,8299
54,1796
54,014
53,8464
54,7091
54,6019
55,3528
54,4901
54,5976
53,8315
53,924
55,4906
55,0474
53,786300000000004
53,8514
54,2784
56,1627
54,6982
54,6672
53,605399999999996
53,4831
54,9326
53,710800000000006
55,4095
54,8474
54,674
53,8618
54,4443
53,7101
56,4971
54,8711
53,7931
53,3598
54,1368
53,9878
54,6599
54,881
53,7164
54,1094
53,8919
54,5434
54,5041
55,2343
53,3555
54,6722
54,3229
53,9308
55,204499999999996
54,933099999999996
53,751
53,144400000000005
54,082
53,5555
56,935399999999994
54,5835
53,619800000000005
53,650200000000005
54,2723
53,570600000000006
55,271
54,1829
54,7234
53,4731
54,9469
54,150200000000005
55,148500000000006
55,648999999999994
53,5774
53,6726
54,201899999999995
54,1254
54,4544
55,1417
53,2364
53,7264
54,0687
53,5884
54,525200000000005
55,408899999999996
54,2008
54,0672
53,858000000000004
55,0734
54,4643
56,910000000000004
53,6789
53,578399999999995
54,0747
53,7399
54,9167
56,390299999999996
53,8761
53,487
54,2725
53,8058
54,0835
54,7179
54,267500000000005
53,981500000000004
54,5909
53,7189
55,1192
54,231
55,6422
53,634800000000006
53,8956
53,5163
54,7733
54,7524
53,730399999999996
53,6843
54,1353
53,861399999999996
54,0097
54,6359
53,9544
54,271699999999996
54,408
53,629999999999995
55,0944
55,364799999999995
54,814099999999996
54,010799999999996
54,2329
52,8487
54,9584
54,6187
55,658699999999996
53,582100000000004
53,898300000000006
53,787099999999995
54,4805
54,819
53,125899999999994
55,1857
54,4355
53,2201
55,4769
55,126599999999996
55,2563
54,4429
54,3745
53,578399999999995
54,402
54,9715
53,5899
53,7234
54,1503
52,831900000000005
54,413799999999995
54,951
53,184200000000004
53,6824
54,5912
54,341899999999995
55,529599999999995
55,1702
53,9243
55,715599999999995
54,253299999999996
53,4375
54,5531
55,112300000000005
53,3636
56,6954
53,2931
53,841100000000004
54,3945
55,1253
53,5158
53,7562
54,2285
53,0924
54,724599999999995
55,5813
53,870099999999994
54,68279999999999
54,8889
53,7839
54,4834
54,862500000000004
53,6731
53,6251
53,4679
53,692499999999995
54,6008
54,6764
53,866299999999995
53,7551
54,0319
53,799800000000005
54,5612
55,3231
54,267999999999994
54,089
54,7826
54,6498
54,3357
55,1113
53,1453
54,394400000000005
55,3318
53,5672
54,3822
55,093999999999994
53,6856
54,019200000000005
53,6701
53,826499999999996
54,2566
54,8831
54,4357
54,0608
54,897099999999995
53,5052
55,5128
54,1492
53,7686
53,6387
54,090199999999996
53,453
54,277300000000004
54,818
53,5495
53,6245
53,6378
53,398
54,5053
54,5475
54,0901
54,3916
54,9109
53,7257
54,239000000000004
54,8005
54,3111
53,8874
55,6557
53,500899999999994
54,3697
54,283699999999996
53,7408
53,5524
54,1794
53,487899999999996
54,4054
54,584
53,900000000000006
53,8443
54,639399999999995
53,9687
54,9968
54,5959
53,6117
54,6597
53,5154
53,4722
54,3427
54,5381
53,621700000000004
53,5564
54,0077
53,2093
54,326100000000004
55,0571
53,5082
54,121900000000004
54,0822
56,1734
54,3866
55,1982
53,5467
53,6957
54,3172
55,489
54,326899999999995
54,4825
53,411699999999996
53,6731
54,0418
53,566900000000004
54,5405
54,121900000000004
53,9564
53,5128
54,4321
53,297900000000006
57,1398
54,6341
53,9773
53,5215
55,0338
53,397600000000004
54,3392
54,6653
53,1202
53,4585
53,8439
53,5687
54,326100000000004
54,7031
53,5989
53,4216
53,9004
53,5014
55,3373
55,2708
53,961
53,7988
53,746900000000004
54,112899999999996
57,448699999999995
54,5628
53,3347
53,5703
54,0257
52,6425
54,565000000000005
54,562
53,7329
53,217800000000004
53,7541
53,8329
54,4666
55,6478
53,832
53,2121
54,4499
53,6709
55,182
54,659600000000005
53,4618
53,3011
53,9221
53,3388
54,4747
54,7522
53,841
53,369600000000005
53,5855
57,6092
54,208
56,3934
53,3868
53,900499999999994
53,576
54,0226
54,4061
56,319500000000005
54,6077
53,394999999999996
53,7708
53,4031
54,3306
54,649
53,591300000000004
53,535
53,7964
54,2485
54,3262
54,4901
53,9233
53,3512
54,3102
53,366
55,2117
54,878299999999996
54,097699999999996
53,2962
53,6218
53,4722
54,216300000000004
54,179199999999994
53,486
53,625600000000006
54,0024
53,4489
54,6959
54,0982
54,2656
53,417399999999994
53,7654
53,8767
54,5724
55,1987
55,612700000000004
54,3745
53,287
53,2609
54,298899999999996
54,7224
53,3733
53,5043
54,0466
53,2825
54,4672
54,8026
52,888
55,077099999999994
54,095699999999994
53,396899999999995
54,636700000000005
54,7898
54,5891
52,964200000000005
53,8355
54,0859
54,4919
54,3287
53,195699999999995
53,7001
53,5356
53,896699999999996
54,4294
55,061899999999994
53,0845
54,45910000000001
53,5681
53,582499999999996
54,0697
54,983
54,1605
55,3281
54,8767
54,362899999999996
53,9488
54,6088
53,5963
53,4261
53,8234
53,691900000000004
55,298100000000005
54,760999999999996
53,5458
53,4344
54,799
53,6368
54,3887
54,3909
54,249199999999995
53,923899999999996
54,194199999999995
52,957499999999996
55,351200000000006
54,680800000000005
53,224199999999996
53,3639
53,9673
53,6481
54,3999
54,3776
54,0967
53,6514
54,6346
53,3735
54,543
54,6839
53,7515
53,9123
53,9615
55,775999999999996
54,1128
54,8774
54,527899999999995
53,2568
53,7809
53,2662
54,7001
54,6627
53,4859
53,521300000000004
54,5469
53,273
54,2099
54,6351
53,6766
53,2849
54,12779999999999
54,226000000000006
54,885200000000005
54,6912
54,451100000000004
53,442299999999996
53,8761
53,7497
54,2089
54,8489
53,3181
54,3388
53,2525
55,2191
54,6327
54,5628
52,978699999999996
53,3415
54,069199999999995
53,849000000000004
56,275400000000005
55,0732
53,68620000000001
54,5482
53,3887
53,2004
54,738
54,218
53,593799999999995
53,7825
53,883300000000006
55,2606
53,598800000000004
54,788000000000004
53,129799999999996
53,697
54,052
53,207499999999996
54,8986
54,6194
54,1343
53,1506
53,6349
54,300000000000004
54,277300000000004
54,885200000000005
53,313399999999994
53,7241
53,898300000000006
53,3626
55,3513
54,4722
53,5241
53,16
53,3275
53,5054
54,6832
56,5976
54,192
53,661100000000005
53,949400000000004
54,0685
54,792100000000005
54,3595
53,3403
53,391099999999994
54,190799999999996
53,6382
54,97839999999999
54,5568
53,231500000000004
53,0579
53,5127
53,4606
54,129799999999996
54,800599999999996
53,8033
53,8062
53,942099999999996
52,8564
55,057700000000004
54,6759
53,4563
53,3712
53,9341
53,981500000000004
54,572500000000005
55,5024
52,9538
53,3393
53,4416
53,3408
54,4803
54,781000000000006
55,5417
53,8847
53,5071
53,8277
54,2494
54,8021
54,1562
53,6365
53,6279
53,910399999999996
54,2878
55,0045
52,69540000000001
53,5069
53,5384
53,3932
53,7834
54,453500000000005
53,2387
53,427299999999995
54,114599999999996
53,3318
54,7299
54,7949
52,7428
54,7941
53,7633
53,1887
54,688
54,689099999999996
54,1341
52,790200000000006
53,8366
53,0404
54,1822
54,4051
53,5874
55,0248
53,802299999999995
53,3348
54,3975
54,942699999999995
53,667300000000004
53,3818
54,980000000000004
53,208
54,1389
54,580999999999996
53,7155
54,0104
54,0145
53,248
53,6325
54,8072
53,2117
54,7943
53,6164
54,3956
54,650200000000005
54,3838
53,7764
53,6006
54,1578
54,136900000000004
53,6564
55,1691
53,6545
54,9387
53,763
53,5203
54,068
54,3915
53,574999999999996
53,113800000000005
55,8096
53,072599999999994
54,4889
55,0116
53,0824
53,945100000000004
53,666199999999996
53,557599999999994
54,6014
54,967099999999995
53,2855
54,4507
53,4747
53,4692
53,9757
54,5828
52,8254
53,4109
53,3947
53,2934
54,3239
54,4566
53,543800000000005
52,9656
54,1362
54,2585
54,5014
55,2561
53,9404
53,3774
55,419799999999995
53,2389
54,3697
54,0169
53,2592
53,3186
53,759
54,873400000000004
54,776199999999996
54,2472
53,236
53,9759
53,6228
53,786899999999996
53,7816
55,440799999999996
53,7318
53,3195
53,5524
55,706199999999995
53,9709
54,548
52,5989
53,5258
53,5833
53,1555
53,9218
54,368399999999994
53,4532
52,934799999999996
53,8825
53,254599999999996
54,6972
54,5944
54,426700000000004
53,5357
53,9371
53,7751
53,712700000000005
54,3101
53,288000000000004
53,172700000000006
53,7618
53,0771
54,2966
56,2646
53,3381
53,2679
53,379000000000005
53,8968
54,330799999999996
55,0313
53,1202
54,6271
53,5677
52,6798
55,1686
54,488
53,140100000000004
53,1377
53,530800000000006
53,3391
53,8466
54,006499999999996
53,0416
53,3395
53,5862
53,451899999999995
54,319399999999995
54,5055
53,3945
53,5934
55,017
53,0033
56,4172
54,383
53,2822
52,9692
53,548
53,4424
54,047900000000006
53,919799999999995
54,9679
53,354400000000005
53,9919
53,0437
54,0309
54,7358
53,6475
53,8841
53,1997
54,1627
54,2706
55,167899999999996
53,1592
53,3921
53,222899999999996
53,3277
54,1653
53,8277
53,1431
53,466300000000004
53,5789
53,237
54,0332
54,4072
53,6709
53,0635
54,4432
53,8292
55,2109
55,9054
53,3889
53,4822
53,7207
52,5214
54,4143
54,3897
53,424899999999994
54,8821
53,615700000000004
53,2644
54,1824
54,488
53,0893
53,362899999999996
53,7106
53,8893
54,5886
55,328700000000005
55,4307
53,606700000000004
52,966
53,3406
54,1921
54,5732
53,0831
53,4653
53,4284
53,254000000000005
53,7799
54,6907
53,3316
53,194900000000004
54,2605
53,3658
54,968500000000006
54,6928
54,7631
53,445600000000006
53,677099999999996
53,0698
53,9673
54,402
53,2368
52,6936
55,6628
53,1006
54,3703
54,1759
53,5649
53,2365
53,8485
53,4284
54,1601
59,7232
52,807100000000005
56,0966
53,8898
53,1889
53,9878
54,89
53,1458
53,2085
53,3765
52,86600000000001
54,1803
54,383
53,2745
53,1971
53,5335
53,5599
54,583600000000004
54,9136
53,8172
53,5238
54,523500000000006
53,259800000000006
54,159
54,4518
53,722899999999996
52,9859
53,021100000000004
55,248400000000004
54,1741
54,442699999999995
53,1318
53,3058
53,7164
53,5015
53,9748
55,0276
53,3877
53,909
55,2877
53,3166
54,934799999999996
54,3274
53,0411
53,551700000000004
53,0888
53,1784
53,952600000000004
54,4574
53,161899999999996
53,4449
53,5437
53,2535
54,46
54,1204
58,0954
53,6477
54,6155
53,913999999999994
54,8829
54,47
53,458999999999996
52,792
53,588499999999996
56,0578
65,14349999999999
63,99920000000001
58,609500000000004
53,325900000000004
53,5696
53,2241
54,5931
54,6929
54,5595
52,862399999999994
55,772299999999994
53,215199999999996
54,8754
54,606
53,2281
53,330000000000005
53,746500000000005
52,9952
54,1432
54,4718
53,4062
53,0537
53,7605
52,5975
54,401900000000005
54,2301
53,3735
54,2099
53,9023
55,273500000000006
54,1933
54,4377
53,4885
53,083600000000004
53,5647
53,1518
53,805699999999995
56,174
53,164500000000004
53,1896
53,3829
53,2668
53,930899999999994
54,1443
52,9712
54,227
53,8448
53,2316
55,2219
54,6617
53,432599999999994
53,2951
53,8224
53,1094
54,0409
54,2922
52,5838
53,0229
53,5738
53,2674
54,0182
54,240700000000004
52,7129
53,0539
54,171200000000006
53,631499999999996
56,8438
54,1993
53,4226
53,9762
53,174899999999994
53,477999999999994
54,0245
54,2257
53,0984
55,0651
53,2968
54,3888
53,8762
54,2424
53,584399999999995
52,6967
57,1061
55,029
54,4226
55,2455
53,1261
53,3504
54,3566
53,496500000000005
54,0637
53,9209
53,5466
52,8911
53,644600000000004
53,3039
54,3315
53,909600000000005
53,557
53,0647
53,5189
53,7918
54,440000000000005
55,9699
53,0152
53,8128
53,654599999999995
53,951699999999995
53,9682
54,5096
52,7318
53,242900000000006
55,259
53,5929
53,9974
54,2864
52,683800000000005
53,7735
53,6245
53,1184
54,5191
54,6913
54,701
53,161699999999996
53,5867
53,320600000000006
54,296499999999995
55,5364
53,0901
53,228699999999996
53,2293
53,048199999999994
53,9901
54,298
52,9837
53,5135
53,693999999999996
52,5683
54,770199999999996
54,3331
54,6499
53,5022
53,9211
53,5851
54,5535
54,6432
53,5116
53,0636
53,6868
55,0888
54,07
54,3199
52,953199999999995
53,1168
53,715199999999996
53,076
53,3922
54,6856
53,0431
55,0944
53,9563
53,5729
56,59
54,1264
53,846900000000005
53,395199999999996
53,538799999999995
53,0631
54,258300000000006
54,3585
53,3239
52,5779
53,4082
53,4645
54,044799999999995
54,2954
53,4715
52,7268
54,6076
53,5319
54,0133
55,1552
53,4893
52,6387
54,6599
52,9568
55,616400000000006
54,583
53,0149
53,165200000000006
53,667300000000004
53,731899999999996
53,347100000000005
54,3579
57,4551
53,598600000000005
53,9978
53,2143
54,3273
54,794500000000006
52,7451
53,5034
54,127
53,6799
53,807599999999994
54,1474
53,1653
52,590199999999996
53,5699
52,900999999999996
54,1796
53,9906
53,3879
53,1793
53,7453
53,2536
54,1894
54,6905
53,4352
53,595
53,6541
53,8555
54,2839
54,1819
55,5532
52,854600000000005
53,280300000000004
53,1201
54,1475
54,3306
53,300399999999996
53,317
53,336099999999995
54,0375
53,7273
54,7403
53,773300000000006
53,7074
54,839400000000005
53,5603
53,3423
56,014599999999994
52,9405
53,793
52,8677
52,794000000000004
54,6331
54,7782
53,3966
52,9707
64,10119999999999
52,9878
56,571000000000005
54,5131
53,1272
53,5874
53,219500000000004
53,558099999999996
54,1852
54,2613
54,139399999999995
56,0202
53,5627
53,0265
53,6911
54,815000000000005
53,2275
53,2622
54,119800000000005
52,791
55,1238
54,358999999999995
53,078
53,3843
54,1562
52,9252
54,4597
54,4411
52,9953
54,188100000000006
53,6554
52,8189
53,798899999999996
54,5531
53,567099999999996
53,1637
53,8369
53,2966
54,0091
55,3395
53,2738
53,339200000000005
53,987
53,328
53,5544
54,987899999999996
53,4684
53,1288
56,875299999999996
53,3429
54,0408
53,919000000000004
53,278
53,3507
53,5714
53,888600000000004
54,043
55,1719
52,5719
53,4319
53,3689
53,5997
54,5925
54,8872
53,5693
53,0231
54,068900000000006
53,5718
54,3071
54,3535
53,3535
53,4338
53,9182
53,053999999999995
54,4387
54,2382
55,4434
53,17100000000001
53,677299999999995
52,8998
54,5051
54,748400000000004
52,7945
53,7823
53,7882
55,6402
55,4623
54,2828
53,4617
53,239200000000004
53,432599999999994
53,5544
54,758500000000005
54,4551
54,1201
53,4195
52,9689
53,1647
54,3125
54,596
53,690799999999996
53,3144
54,1252
52,7595
54,0566
55,641799999999996
53,4445
52,9538
54,0605
52,537
55,0701
56,9997
53,3337
54,2966
53,6591
52,8374
53,903800000000004
54,468500000000006
53,595499999999994
53,7376
53,9191
53,580000000000005
54,9949
57,1315
52,8352
53,1277
53,75
53,583
53,8793
54,657900000000005
53,5028
55,183299999999996
52,9093
53,3598
53,9026
54,5758
53,2648
53,3614
53,3845
53,3333
54,4293
54,6539
53,3104
54,407
53,5874
52,9735
53,8829
54,2722
53,8559
53,07
55,0134
53,157799999999995
54,4454
53,7416
53,2845
53,4535
54,0794
53,4614
54,0778
54,8337
55,0897
53,3528
54,1438
53,2836
54,2329
54,2967
53,7926
52,7282
54,247299999999996
53,5536
53,93
54,5224
52,6043
53,5452
52,9468
53,2364
54,563300000000005
54,3339
53,614799999999995
53,2819
54,723800000000004
53,282700000000006
54,0171
54,418800000000005
53,1434
53,2326
53,7215
54,368100000000005
54,569199999999995
54,0636
52,865500000000004
53,2547
53,6979
52,9759
54,1826
54,7978
52,6488
55,8953
53,636900000000004
53,189800000000005
54,815000000000005
54,6267
52,9474
53,3821
53,4733
53,348800000000004
54,904
54,455799999999996
52,6353
53,5516
53,515
53,2074
53,8251
54,5305
53,6533
53,495
53,9885
53,4858
54,0398
55,5294
53,5186
53,2459
54,0577
52,7978
55,2363
54,2881
53,4234
53,055499999999995
53,5196
52,936499999999995
54,1409
54,1979
53,349599999999995
53,6214
56,1861
53,3052
54,2193
54,77569999999999
53,5301
53,2475
54,143299999999996
53,0039
54,1855
55,8509
53,02719999999999
52,8041
53,7234
53,7256
53,934999999999995
54,362300000000005
53,1067
53,663599999999995
53,9601
53,424800000000005
53,9887
54,6363
54,108000000000004
53,7138
53,567499999999995
53,5904
54,224799999999995
56,0986
52,6227
53,2164
53,9069
53,3002
54,2504
54,0251
53,7166
52,7143
53,540200000000006
55,5588
54,7662
54,6659
53,3161
54,364799999999995
53,8245
52,9566
53,9626
54,7358
53,722899999999996
53,460100000000004
53,4067
53,2274
54,1399
54,1853
53,055699999999995
53,2192
53,403800000000004
53,2445
54,4604
54,3754
53,479899999999994
53,5486
53,8139
54,1907
54,3007
54,3223
55,1832
52,655
53,862300000000005
52,953399999999995
54,1499
54,6116
53,1252
53,1937
53,1443
53,296099999999996
56,8544
54,7879
53,2627
53,7426
54,3181
53,8298
53,608200000000004
55,075199999999995
53,1935
55,0291
53,5235
53,188
53,9185
54,589
53,1566
52,7737
53,8689
52,972
54,061499999999995
54,6162
53,694199999999995
53,155300000000004
54,1356
53,628299999999996
53,519200000000005
55,64
53,2654
53,2435
54,101299999999995
52,691300000000005
54,257
54,1622
53,503099999999996
53,3837
53,6624
52,9833
53,9075
54,2778
55,1325
53,466699999999996
53,400299999999994
54,0441
54,4028
54,286500000000004
54,4578
53,3561
53,905
53,0244
53,923199999999994
54,493399999999994
52,8825
53,1641
53,5242
53,0527
53,767
54,498
52,8804
53,313100000000006
53,532999999999994
53,3423
55,034
56,2106
53,1041
54,220200000000006
53,2839
55,0058
53,961
54,576
53,1565
53,2727
53,5335
52,571600000000004
54,218799999999995
54,3062
53,5141
55,141299999999994
53,5716
53,661500000000004
54,3052
55,1769
53,1904
54,3822
53,7901
54,434000000000005
53,3277
54,468500000000006
53,166
53,3075
53,3653
53,3218
53,8893
54,1556
52,568400000000004
53,0698
53,631499999999996
53,1414
54,5043
54,798300000000005
53,8354
52,9107
53,754000000000005
53,9217
55,3134
54,2128
53,3093
52,4909
53,8453
53,0813
54,1632
54,0186
53,2343
53,1035
55,099799999999995
52,9641
53,9372
54,7648
54,0874
53,2536
53,8921
53,9128
54,419599999999996
54,3528
53,151700000000005
53,2773
53,1833
53,6077
53,8654
54,4874
53,059599999999996
53,133
52,7924
53,0256
53,883100000000006
54,1897
53,7042
53,358799999999995
53,3203
53,4814
54,6578
56,324
53,0558
53,1622
53,1637
53,3979
54,1776
53,9363
53,491299999999995
53,1635
53,0019
53,160199999999996
56,4383
54,1885
53,1723
53,8744
53,7695
53,476000000000006
53,923199999999994
55,0899
54,0053
53,0127
53,7445
53,0476
53,993399999999994
53,9874
53,0831
53,3694
53,312
53,1889
53,7131
53,9485
52,953
53,065599999999996
54,1911
53,4587
54,8508
54,3383
53,976000000000006
53,5628
53,5687
53,261
53,698299999999996
54,8541
53,0392
53,3574
53,6462
52,4976
53,9109
56,1995
53,05350000000001
52,907999999999994
53,397
53,672
53,8448
54,5754
53,4917
54,557700000000004
53,746700000000004
52,828399999999995
54,0456
54,375800000000005
52,6673
52,8611
53,5946
52,9783
54,0032
54,3492
52,5578
53,0664
53,365
53,2162
54,7876
56,515
52,7585
55,3368
54,0949
53,1032
53,7674
54,5455
53,568200000000004
53,0633
52,914500000000004
52,9997
54,019
54,6743
55,1171
52,9519
53,6167
53,4833
53,764199999999995
55,0049
53,3902
53,7723
54,2339
53,9752
54,1243
54,0695
53,3102
53,2674
52,9427
52,9687
54,0293
54,170700000000004
53,206700000000005
52,828100000000006
53,4595
52,9404
53,9697
54,603899999999996
53,570899999999995
53,2648
53,962999999999994
54,3163
53,856700000000004
55,124399999999994
52,9458
53,102999999999994
53,1708
53,2041
53,854
54,1986
53,2179
52,6698
55,307700000000004
53,157500000000006
54,1347
54,1276
53,0005
53,7222
53,4928
55,170700000000004
54,066700000000004
53,9487
54,292300000000004
53,0485
53,2697
53,0148
54,2429
53,968500000000006
53,0304
53,2662
53,82640000000001
52,8312
54,1072
54,1503
53,1131
53,1114
55,321299999999994
56,5395
55,480000000000004
54,201899999999995
53,242900000000006
53,1018
53,8632
53,138400000000004
53,8524
54,274
52,8745
52,8268
53,5257
55,0685
53,7142
55,3513
53,396699999999996
53,1482
53,6103
53,5574
54,7426
54,6993
53,352700000000006
53,0079
54,4387
53,238800000000005
53,881
53,661100000000005
52,99100000000001
53,070100000000004
53,486
53,1188
54,0104
54,1653
53,339400000000005
52,407799999999995
53,4228
53,2476
54,4527
55,3427
53,5093
53,1886
52,786300000000004
53,9904
53,4241
54,256699999999995
52,8761
53,129799999999996
53,2118
53,0791
55,2258
54,224599999999995
52,8003
53,49
52,680499999999995
52,7594
54,322700000000005
54,7568
54,1214
53,3769
53,4831
53,6567
53,9531
53,9482
53,1186
53,0149
53,5841
52,345099999999995
53,9745
53,8906
53,339400000000005
53,1545
53,6079
52,9306
54,1227
54,0717
55,5233
53,106500000000004
53,754999999999995
53,1689
54,4209
53,9768
52,9633
53,0094
53,5846
53,0391
53,6735
53,6987
55,014100000000006
52,9157
53,7424
52,8641
53,707699999999996
54,834
52,4072
54,212700000000005
53,2759
53,563199999999995
53,9983
54,298899999999996
53,925399999999996
52,8589
53,6349
52,795700000000004
53,2874
54,0513
52,817299999999996
53,1233
53,5095
53,0027
54,1311
54,0678
52,650000000000006
52,9662
54,4589
52,822
54,4874
54,1794
53,9202
52,5266
53,3463
53,1159
53,684799999999996
54,4449
52,9339
55,3566
52,6692
53,239599999999996
53,7822
54,016099999999994
53,613099999999996
53,1077
53,9204
53,5485
53,303799999999995
55,0045
52,7879
54,006400000000006
53,12
52,9159
54,091
53,7943
53,0391
52,896499999999996
53,5562
52,81
54,1796
53,505900000000004
52,5194
53,6186
53,2653
54,7785
54,2686
54,3046
54,1079
52,8746
53,089999999999996
53,6199
54,0187
54,0308
53,0512
52,9198
67,11630000000001
73,14189999999999
124,5219
80,3459
66,0604
64,2426
80,9288
85,17360000000001
92,916
70,8689
56,0024
53,5772
53,7016
56,4367
59,6624
62,647499999999994
56,9813
58,5682
60,253099999999996
57,986799999999995
82,97279999999999
66,84700000000001
55,7716
69,8923
61,878099999999996
56,2082
59,9329
55,160399999999996
54,1169
53,238800000000005
60,3739
55,514599999999994
57,410500000000006
57,8805
56,1569
59,0823
55,3997
55,5352
57,3061
60,5064
69,68480000000001
62,606700000000004
54,816900000000004
54,4997
63,4647
55,3817
59,295100000000005
54,047900000000006
55,9677
54,9831
57,974199999999996
57,0783
59,153400000000005
55,1153
55,923899999999996
54,491499999999995
56,3097
56,9357
59,4619
58,970099999999995
57,6277
72,089
73,36800000000001
67,51350000000001
63,8238
59,8214
58,6006
58,0045
57,497899999999994
77,7806
59,1239
56,7713
56,1349
56,082100000000004
62,6677
58,5978
75,5832
72,3776
54,807700000000004
62,404
57,3298
56,1265
54,4132
54,2725
62,64110000000001
59,1538
70,613
59,2993
53,6098
55,294999999999995
54,4227
54,3714
63,543699999999994
56,6275
61,5237
55,4835
73,1502
62,6642
61,810900000000004
55,8251
54,4479
54,6122
54,661
55,4788
56,198299999999996
59,3261
54,184999999999995
54,470400000000005
54,9926
73,1276
55,2365
55,9386
54,0334
54,219
56,127900000000004
54,442499999999995
62,8306
70,9054
54,605599999999995
54,6535
54,6019
54,3391
56,1409
59,1334
53,6522
54,3264
54,9828
57,935100000000006
55,368
55,968700000000005
54,457699999999996
62,010999999999996
54,9455
56,0952
61,9842
58,8538
59,8425
58,954699999999995
63,2151
64,89359999999999
65,1061
67,4281
63,839099999999995
65,2523
61,6322
64,8638
58,8876
68,7681
61,060900000000004
59,157599999999995
58,384
62,3832
65,9298
68,7104
60,1366
61,6655
60,7384
70,3999
58,6318
61,263
59,9047
62,3542
71,1996
82,36699999999999
68,833
56,8216
55,400400000000005
53,3808
56,7754
53,3913
54,2402
55,0538
55,417899999999996
53,1852
56,0318
61,2311
90,6744
66,3084
56,825100000000006
73,9598
59,8416
53,2641
57,878
58,5315
55,176700000000004
66,8041
59,3156
58,8877
56,196200000000005
55,811600000000006
54,4773
58,0284
62,2736
61,5216
60,264199999999995
56,8191
54,6904
78,7322
65,64620000000001
78,7005
56,7819
56,2202
62,368100000000005
55,7628
55,7012
57,4286
60,968599999999995
57,7755
55,0318
61,9684
55,437
54,4818
56,2977
55,8673
54,643
54,578300000000006
55,0244
64,97319999999999
75,0068
68,68820000000001
55,5548
55,1685
55,349500000000006
55,3797
55,5291
57,2717
56,909800000000004
55,544999999999995
55,3615
54,612
56,4919
56,1455
79,9604
54,9611
55,5868
55,459799999999994
59,21619999999999
71,06060000000001
55,7124
54,777499999999996
56,111000000000004
56,249599999999994
56,311600000000006
56,9802
54,5968
55,7238
54,268299999999996
55,9153
58,35
56,7806
82,2526
69,7775
55,8461
58,639900000000004
55,6949
64,5218
54,8924
54,758500000000005
54,9876
60,473600000000005
68,0647
77,33909999999999
59,9773
65,5274
58,547000000000004
57,8963
57,8184
56,7411
55,010200000000005
55,7951
57,840500000000006
55,0845
57,9535
56,430099999999996
54,463
55,0231
55,7449
55,355599999999995
57,0702
56,2678
54,660000000000004
54,8805
55,6257
57,1183
67,3008
62,5208
67,5568
63,17059999999999
61,261700000000005
60,773
63,2601
58,6997
54,9949
54,809999999999995
81,2363
77,9627
65,0179
63,3186
61,2922
56,778
61,7729
61,8399
72,1289
68,2971
53,8575
75,3752
77,208
78,1816
72,97489999999999
107,0991
66,5365
75,23960000000001
63,814899999999994
83,8575
84,5578
76,1908
67,3199
78,10839999999999
69,4072
67,7508
71,4438
75,8708
84,37469999999999
69,857
70,3788
66,8257
71,2109
79,259
71,0958
84,9492
68,84909999999999
79,343
79,3894
74,1467
71,1209
115,6933
72,203
58,6851
65,9813
66,4483
64,0268
73,36869999999999
70,60669999999999
86,5643
64,1948
79,7948
76,6829
59,086
98,47160000000001
76,434
88,9345
60,873799999999996
65,79069999999999
74,84689999999999
60,4422
69,8015
81,5695
68,7705
70,0192
68,8343
70,3638
69,0162
73,6874
63,396800000000006
65,2717
69,2551
73,9833
70,8699
75,2039
73,8885
73,15570000000001
68,7747
73,963
71,6232
74,159
70,4559
68,4696
74,45830000000001
68,8101
70,46
70,4288
75,929
63,390100000000004
66,3535
70,3129
70,578
65,3447
68,2812
68,0188
67,8726
71,59649999999999
73,7209
70,37989999999999
70,64280000000001
72,97330000000001
70,9843
67,7178
73,3132
66,46929999999999
72,5921
85,3611
71,2481
80,7263
83,2366
74,6336
74,9414
63,84720000000001
74,7976
68,8122
71,0158
73,14
67,1568
73,74310000000001
71,02759999999999
73,1185
69,4865
72,1742
76,8766
70,83670000000001
68,77600000000001
66,3181
72,7071
71,1903
70,5994
74,9337
73,0518
73,7416
68,7376
74,6925
68,9483
70,48519999999999
71,5549
72,41690000000001
66,64630000000001
72,5038
73,69760000000001
71,4261
71,8858
69,13719999999999
70,0094
75,25840000000001
70,7021
68,66329999999999
70,5622
68,63
68,9875
72,2146
73,5485
74,8327
69,9128
65,8399
66,631
72,1697
71,19590000000001
80,0475
75,9748
76,7705
82,5207
90,6923
90,6964
72,50760000000001
79,4922
93,7491
97,5565
80,8503
104,7666
71,69109999999999
63,114000000000004
65,35770000000001
69,5547
69,6034
65,1568
66,7124
72,4418
68,3272
68,173
66,49199999999999
70,7595
70,1679
70,6895
72,1312
72,2611
97,5521
71,95169999999999
78,58030000000001
81,0196
83,4406
87,794
76,2735
76,581
64,0591
65,6485
65,0831
69,1077
54,9105
64,591
65,754
66,9288
56,8706
53,078
54,7504
55,3735
53,1262
55,580799999999996
53,4605
53,2945
73,7633
57,0873
53,2926
72,5673
57,5471
53,5939
69,64389999999999
61,9266
53,416900000000005
69,9424
60,526700000000005
54,0868
54,5865
54,6935
53,7549
53,9469
53,854
68,5231
63,681799999999996
56,3399
67,25250000000001
64,8295
54,296499999999995
65,2115
68,408
54,128299999999996
61,801700000000004
71,0684
53,964999999999996
61,1048
74,5514
54,5104
56,7619
60,677
53,6936
52,828100000000006
54,2022
54,2934
68,94210000000001
53,479400000000005
64,1168
71,7683
54,2656
62,277300000000004
69,69210000000001
53,919000000000004
62,0098
68,0765
54,0169
62,431599999999996
66,2058
53,526700000000005
57,9089
69,9855
54,1836
55,1079
53,8433
54,248400000000004
53,3767
53,647800000000004
54,0696
54,7978
53,2922
62,1595
53,5276
56,979
76,51719999999999
56,885400000000004
54,2983
65,43069999999999
56,8511
53,0323
76,8959
56,955400000000004
54,4257
78,3848
54,6608
53,0238
74,8121
56,7719
53,244600000000005
53,4539
54,9358
54,059999999999995
54,2864
54,8072
55,2973
54,3752
53,9012
53,1043
55,0546
54,5604
53,5064
53,117900000000006
53,5433
54,144
54,1349
54,4358
53,8693
53,8813
54,572500000000005
53,8728
54,9194
55,3112
53,6376
53,417100000000005
53,261900000000004
53,6497
54,2867
54,3487
55,668099999999995
53,0717
53,97239999999999
53,3138
55,103
54,2648
53,3609
53,1048
53,901900000000005
54,4024
54,758
54,824
54,2453
55,379400000000004
54,3673
53,2151
55,0268
54,4811
53,3127
55,236
53,6177
53,6719
53,8198
55,2894
53,1266
53,3802
52,9672
53,8998
56,0386
57,254
53,8533
53,4883
54,430600000000005
53,4011
54,2078
55,0022
53,327600000000004
53,7497
54,8242
52,6799
54,6728
54,3752
55,2855
54,0244
53,8427
54,323499999999996
55,6186
57,001599999999996
53,976299999999995
53,5892
56,4574
53,4883
54,4174
54,9094
53,8243
55,247499999999995
54,0698
53,1526
54,6945
54,5013
53,212799999999994
54,189800000000005
53,8253
53,1208
54,6159
55,414
54,3111
53,0492
54,354
54,0972
54,8654
54,6414
53,767
53,4166
54,857299999999995
52,9557
54,3736
54,370599999999996
54,2529
52,8191
53,1162
53,9319
53,8957
55,406400000000005
53,337700000000005
53,5654
54,034600000000005
55,6854
55,3945
54,3043
53,6299
53,3287
55,4281
53,691700000000004
54,2778
54,4146
53,4845
53,6436
53,6797
52,9174
54,7105
54,6513
53,9924
53,6332
53,1244
54,346199999999996
54,464999999999996
55,036300000000004
54,072500000000005
57,6544
53,5381
54,0026
54,550599999999996
54,6113
53,6685
53,070100000000004
53,9095
53,5599
54,0815
54,6399
53,1344
54,1453
54,0257
53,5855
57,045
55,286500000000004
53,3331
57,7718
54,298899999999996
53,8557
53,9315
54,9053
53,281099999999995
53,5982
53,6236
53,6545
54,1231
53,614799999999995
53,9732
52,9333
54,2241
53,5004
54,3553
55,3171
53,0727
54,125
53,8533
53,909600000000005
55,639599999999994
54,4259
53,938100000000006
53,1302
54,229
53,322799999999994
57,315900000000006
58,3416
56,87
57,8623
58,0199
59,083499999999994
55,8827
56,4745
54,8214
57,3341
54,7126
53,0036
55,721
54,5953
53,1333
53,2175
53,387
53,997299999999996
54,1339
54,669799999999995
52,887
53,6059
53,4009
53,1177
54,5001
55,3855
53,6122
53,477900000000005
59,123200000000004
53,935700000000004
54,3082
54,7645
53,0221
52,9032
53,5287
52,942
54,8663
54,4149
53,6797
52,8996
53,807
53,025299999999994
54,9794
54,438100000000006
56,095600000000005
54,1006
54,493399999999994
53,7445
54,7582
56,3324
53,7375
52,8169
54,135200000000005
53,4428
54,3747
54,195100000000004
52,9693
53,784400000000005
53,5916
53,6969
53,6948
54,6566
53,8703
53,6111
53,922900000000006
54,248999999999995
54,957499999999996
57,1209
53,763400000000004
53,233599999999996
53,5251
54,5303
59,721700000000006
56,0704
54,9008
54,9183
55,015
54,1542
55,1721
96,1683
56,1734
70,8469
55,987500000000004
55,1229
55,7663
55,0794
63,1869
53,8636
55,003099999999996
53,1712
54,8585
54,339
53,699799999999996
53,1811
53,277
53,6854
53,955200000000005
55,035199999999996
53,277499999999996
54,2326
53,9069
54,065599999999996
57,1393
54,0043
54,7725
55,3619
54,90069999999999
54,8926
55,2059
55,6677
56,4981
54,848800000000004
66,7787
54,7844
59,7821
56,1007
57,069
56,2651
58,250299999999996
67,20389999999999
57,5183
56,8019
53,9894
53,4887
53,281099999999995
53,684400000000004
53,9324
54,4071
53,7131
53,0962
54,0682
52,7741
54,2081
54,216899999999995
54,2734
61,9921
59,017
56,6614
61,2331
66,3758
65,5529
65,33500000000001
61,2095
53,995599999999996
54,9514
54,4161
53,2759
52,9707
53,9886
53,1019
54,1136
57,049299999999995
53,775999999999996
54,0547
53,9486
55,3279
54,5085
54,2845
54,303
53,208800000000004
54,1674
52,9422
54,467
54,618300000000005
53,4103
53,6492
53,3457
53,786300000000004
53,5074
54,496500000000005
53,6015
53,1093
54,157900000000005
53,6518
55,3773
54,4139
53,1802
54,6053
53,3728
53,638600000000004
54,0284
54,4553
53,297200000000004
53,109
53,6252
52,7545
54,1197
54,5597
55,776399999999995
53,7708
57,7161
53,2629
55,6242
55,3978
53,7241
53,3939
54,3589
53,7607
53,3844
55,0361
53,110200000000006
54,2029
53,4851
53,5466
53,9801
54,4529
53,746500000000005
53,5377
53,8744
53,4689
54,999199999999995
55,3902
53,3198
53,662
53,6008
54,0347
54,0624
54,133399999999995
53,3229
53,1202
53,9874
53,231100000000005
54,7587
54,2679
53,3176
55,8659
53,7864
53,8305
53,8172
55,0309
54,966300000000004
53,425
54,0113
53,3238
55,974000000000004
54,2581
52,9658
53,4808
53,2173
54,1567
53,9546
54,2859
52,9916
53,599199999999996
53,8863
53,2412
55,122299999999996
54,454299999999996
54,091
53,98759999999999
53,851000000000006
54,2199
53,6006
55,3619
53,222
53,2444
53,824400000000004
52,993199999999995
54,739000000000004
54,4051
52,9481
53,437400000000004
55,1264
53,5481
54,5437
55,119099999999996
53,019999999999996
55,5403
54,15
53,1774
54,803
55,1607
53,8883
53,157799999999995
53,1887
53,817499999999995
54,4125
54,8901
53,238099999999996
53,2958
54,1191
52,7491
54,107
55,611000000000004
53,5758
54,066900000000004
53,303999999999995
54,4384
54,3776
54,2682
53,735699999999994
54,2577
54,139399999999995
53,095499999999994
53,973800000000004
54,5574
52,6987
53,850500000000004
53,2462
57,141799999999996
54,0572
54,9253
53,6103
53,2389
53,689
53,2487
54,585
54,731500000000004
53,695899999999995
53,654199999999996
54,1423
54,1099
53,517500000000005
54,756600000000006
53,093799999999995
53,654399999999995
53,3649
53,2971
54,385000000000005
54,3503
59,0923
53,443400000000004
55,8846
53,5475
54,0129
55,325399999999995
53,1601
53,1982
53,6591
53,7399
54,6072
53,962999999999994
53,7299
54,014399999999995
53,1549
53,962
56,034
54,345200000000006
57,5989
52,8895
55,7331
53,0296
54,4324
54,3502
53,4186
53,2529
53,9677
53,3401
54,0053
54,9644
53,330799999999996
52,856300000000005
54,233200000000004
53,1405
53,540499999999994
54,6127
53,0489
53,901900000000005
53,3166
54,07
53,9545
54,3876
53,4413
53,8872
54,3333
53,2065
53,787099999999995
55,321299999999994
53,1918
53,634800000000006
53,596
53,1047
53,8119
56,4677
53,6235
53,5664
54,001
52,7616
54,4939
54,7325
53,0486
53,7107
53,32
53,7795
54,527499999999996
54,71
54,399
53,271499999999996
54,010799999999996
52,487899999999996
53,9565
55,1674
52,680699999999995
53,5434
53,5359
53,458999999999996
55,163700000000006
54,0565
53,8068
53,2704
54,0257
53,6093
54,2064
55,0089
53,5358
53,404
54,0053
54,6404
54,2307
54,7408
52,8161
54,319
58,6811
52,7516
54,352
55,474000000000004
53,4216
53,5881
53,4049
53,8441
54,489599999999996
54,5883
53,108200000000004
53,6068
54,4924
53,8238
54,7015
54,157
54,215199999999996
52,782000000000004
53,5526
53,5915
54,1393
54,9302
52,997099999999996
53,6721
53,622499999999995
53,3364
55,1622
54,6368
53,3805
53,4904
53,5073
54,0545
53,847100000000005
56,1682
52,9202
54,093500000000006
56,6773
54,1424
62,88
66,2003
53,527699999999996
53,199400000000004
55,8771
53,962999999999994
55,7761
55,821200000000005
54,945
53,2243
54,7654
54,2748
55,1392
56,1482
52,5507
53,162099999999995
55,054199999999994
53,6551
56,3933
56,311600000000006
52,8999
55,0005
54,8072
55,2081
53,9253
55,733900000000006
54,5193
54,559000000000005
55,0861
53,753299999999996
54,3856
56,1036
53,1871
53,011700000000005
56,755399999999995
53,5579
54,1666
54,6407
55,5608
53,1236
53,991200000000006
52,844500000000004
54,5255
54,747
53,326
53,1269
54,3551
53,5314
54,6839
54,3656
53,9687
52,905
54,0541
53,0968
54,9622
53,989599999999996
53,9169
53,4655
53,3622
53,7207
54,0629
54,723
53,597699999999996
53,347699999999996
53,8744
53,7031
53,929199999999994
55,249100000000006
53,1426
53,3529
54,5778
56,2721
54,6548
54,2399
53,876599999999996
53,8512
53,821
52,7937
54,4846
54,406000000000006
53,2674
53,3941
53,8643
53,596
54,561400000000006
55,4144
53,4876
52,888799999999996
54,6753
53,172700000000006
54,277899999999995
54,9488
52,7757
54,945800000000006
53,349000000000004
53,379000000000005
53,8337
54,475
53,5771
52,8878
53,8848
53,019999999999996
54,3486
54,914699999999996
53,0005
54,0276
53,674800000000005
54,6541
56,144600000000004
54,658699999999996
57,4004
52,8128
54,7329
52,8166
54,6057
53,8897
53,342
53,483200000000004
53,605399999999996
53,013400000000004
54,1495
54,5278
53,078100000000006
53,1701
54,6119
53,2511
54,6322
54,779399999999995
53,612899999999996
53,7537
53,9114
53,381699999999995
53,853199999999994
54,463499999999996
53,3456
53,522
53,5135
52,4698
54,0851
55,043
53,2609
54,0772
53,6963
53,363099999999996
54,6118
57,266200000000005
53,1818
57,2237
53,9043
54,9874
54,6348
53,7358
53,0206
53,2158
53,854800000000004
53,1775
54,082
54,5224
53,0561
53,5801
54,064800000000005
53,1293
55,1703
54,5813
53,864200000000004
53,8289
52,8683
54,3651
54,1218
54,8601
53,121500000000005
53,1154
53,85
53,2345
54,1389
54,7067
53,2359
53,3787
52,8119
54,2951
54,122099999999996
55,5252
54,481700000000004
55,0199
54,283699999999996
52,840900000000005
57,0193
54,2715
53,8992
52,8567
53,841699999999996
53,348
54,453599999999994
54,35
53,0716
53,373799999999996
53,739599999999996
53,1618
54,7416
54,669000000000004
53,6971
54,0936
54,211000000000006
66,9905
59,7832
54,4161
73,78110000000001
58,8677
53,7191
67,4207
59,0732
54,4122
53,0398
53,5699
53,320899999999995
53,2547
53,9395
55,5378
54,5399
55,083800000000004
54,0356
53,3237
54,891799999999996
53,9187
53,220200000000006
53,3814
54,0933
52,8877
53,998400000000004
54,6897
53,2725
53,2214
53,0848
53,2549
54,4429
54,4842
53,7375
54,0945
58,1601
53,235400000000006
56,753499999999995
55,044999999999995
52,8639
53,489799999999995
53,4285
53,431
54,4393
54,2065
54,054199999999994
53,070699999999995
64,7433
67,62859999999999
53,7916
59,9495
70,223
59,464200000000005
54,4413
67,9832
64,2084
54,1391
67,05619999999999
62,3301
53,400499999999994
66,34429999999999
61,4305
54,178700000000006
54,1012
52,9278
54,7349
53,242900000000006
54,807700000000004
54,813300000000005
53,2284
54,3874
54,826100000000004
53,3922
54,597
54,237500000000004
53,9599
53,2006
53,536500000000004
53,5652
53,4972
55,2005
52,9426
53,8726
53,3917
53,0401
54,5154
54,967
53,557
60,2265
54,0572
54,5236
54,1801
54,6703
52,828
53,7582
53,8695
52,342600000000004
54,5079
54,0688
53,286500000000004
53,0247
53,727900000000005
53,1533
54,231899999999996
54,2937
53,5174
53,745099999999994
57,807900000000004
53,8954
55,0959
54,1025
53,622499999999995
53,1382
53,3995
53,5696
54,165
54,8881
52,8874
53,5266
53,375400000000006
53,4314
53,877
54,3643
53,3448
53,8518
56,6676
53,258399999999995
56,375
55,0946
52,455099999999995
53,6504
53,4856
53,309000000000005
54,210300000000004
54,0757
53,447799999999994
53,05929999999999
53,8898
53,2356
55,0303
76,0911
53,083
53,0381
57,388099999999994
54,2195
54,1194
54,8242
54,4286
53,5963
53,347699999999996
53,8819
53,7343
54,8428
52,9264
53,3195
53,7143
52,918800000000005
54,1941
53,977
53,576699999999995
52,8863
56,5376
53,5864
54,7822
73,5754
55,376599999999996
53,8888
53,6802
53,4941
65,86880000000001
61,348
52,8735
60,7701
73,8602
52,898399999999995
57,018899999999995
74,2256
58,4112
52,7157
74,4602
60,4462
54,2365
72,67949999999999
60,624900000000004
52,8309
62,426
71,265
53,669799999999995
60,2516
74,52720000000001
53,1546
53,5516
56,7164
53,3981
54,235600000000005
55,8399
54,2513
72,22489999999999
57,845800000000004
54,294799999999995
73,0067
58,7969
54,3993
78,2707
57,230000000000004
57,1217
72,7825
76,50229999999999
65,7517
76,1167
54,5287
59,4272
67,6987
55,463100000000004
58,766400000000004
57,27610000000001
54,021100000000004
54,7607
54,328799999999994
53,0179
53,566
53,431
53,9732
54,553200000000004
54,7066
53,841300000000004
53,4098
58,0113
68,1911
54,2695
64,7119
68,511
53,0255
60,0509
71,2594
53,849399999999996
60,7117
64,3199
65,90740000000001
68,1212
66,3223
68,096
73,8814
63,8423
72,32900000000001
70,76100000000001
65,9868
74,68990000000001
66,38910000000001
64,9668
69,952
62,943200000000004
74,6543
70,6522
65,7672
69,9589
66,53920000000001
67,2639
72,7489
64,5173
72,4373
90,0535
79,73320000000001
73,18860000000001
75,2714
70,2676
67,68430000000001
81,6063
69,9101
68,6196
75,8806
66,0918
68,0873
66,481
70,58109999999999
71,0853
66,7167
65,0141
58,486200000000004
68,9888
66,9845
55,059
54,210300000000004
68,4607
72,12060000000001
54,5646
55,238099999999996
55,143499999999996
54,804899999999996
54,1
54,7992
53,970499999999994
54,3464
53,5235
55,013
54,036300000000004
56,208
62,8066
61,9237
62,370200000000004
54,526900000000005
59,7456
56,591
54,9491
60,602999999999994
55,1853
60,1111
70,5317
55,3166
56,4361
65,813
53,9324
63,6584
70,2177
54,9295
61,8771
73,2047
53,7316
57,4087
70,35130000000001
54,4132
57,632200000000005
73,0101
54,5691
52,9132
72,3149
57,145799999999994
54,0745
72,6188
60,7645
53,2005
69,0976
64,5248
52,8352
62,916799999999995
63,28739999999999
53,0403
65,393
73,6276
53,226099999999995
59,6885
71,6983
54,3292
55,165
71,59909999999999
57,8329
52,9862
72,15050000000001
63,4103
58,327
78,3486
54,4949
56,441900000000004
71,58630000000001
55,2241
55,8967
55,3183
62,8157
70,4188
53,4047
54,8604
54,509299999999996
54,832699999999996
53,542
53,2815
54,4471
52,9714
55,2917
54,4703
53,1031
67,3041
61,6068
53,8903
72,7298
64,2954
53,1936
62,615500000000004
68,25789999999999
53,2251
60,519400000000005
70,4199
53,6244
59,2588
73,36670000000001
52,8853
59,6248
74,9996
53,1125
58,685
68,6847
58,9818
54,027899999999995
70,479
59,573800000000006
53,3752
66,7705
60,9606
54,051500000000004
63,59289999999999
70,0703
54,2603
62,814400000000006
67,7405
53,8348
59,5368
69,98070000000001
57,6728
53,146699999999996
60,8836
53,9301
54,0799
53,639199999999995
53,2005
54,340399999999995
53,0871
54,348800000000004
54,3345
53,2616
53,6125
53,3845
53,3525
53,928799999999995
54,619
55,7887
52,890100000000004
54,0893
53,0525
54,6686
53,479800000000004
53,3936
53,6113
53,335300000000004
54,1025
53,8583
54,5553
53,4943
53,7774
54,2678
52,652499999999996
54,3088
54,2388
57,425700000000006
53,8704
53,9052
52,9028
53,5905
54,6289
53,119600000000005
53,0614
53,7218
52,5335
54,8041
54,9675
53,5403
53,9795
54,9465
53,8562
54,0368
54,6982
53,0621
55,9603
53,943
53,5261
54,5738
53,7926
53,160199999999996
53,8164
53,9236
53,4618
53,930400000000006
55,2286
52,5042
53,377500000000005
54,309400000000004
53,8586
54,735600000000005
55,433299999999996
57,5294
58,4935
54,2481
72,4382
57,8315
54,1894
68,9216
62,9643
56,6225
67,5392
61,2245
54,17509999999999
67,82209999999999
63,927800000000005
53,517500000000005
53,9739
53,6042
54,684799999999996
55,6248
52,9817
54,059200000000004
52,9846
55,915800000000004
56,1679
54,0931
53,0888
53,3524
53,0824
53,8851
55,1625
53,1794
53,725
54,0343
53,941700000000004
68,6011
61,7834
53,464200000000005
70,97720000000001
61,1058
53,0906
54,313
54,2729
53,9718
53,0664
52,8525
53,6396
53,886
55,0165
53,0064
54,8652
53,4239
53,2442
55,4336
54,2537
54,3636
54,2101
53,845
53,7579
53,991
54,248400000000004
52,7967
53,616499999999995
52,8709
53,2211
60,0047
54,3311
54,1376
53,2443
53,7342
53,767700000000005
54,237100000000005
55,557700000000004
53,5943
56,2012
53,3896
53,4943
54,3008
54,6074
53,6132
53,1314
53,4613
64,2685
57,4152
54,634
73,5248
56,2979
52,9926
71,3008
63,226400000000005
54,138
72,15299999999999
57,1817
53,6827
69,22879999999999
64,1491
64,0505
107,8682
55,2149
61,0724
75,3948
55,2578
66,369
67,452
57,946400000000004
82,706
64,7898
54,2517
63,7346
62,8595
54,7995
54,9736
53,690000000000005
58,707
56,4592
58,5662
52,8461
53,8159
53,9004
54,4307
54,5734
53,5862
52,766
63,534499999999994
62,548500000000004
60,4016
55,0978
59,781099999999995
60,302099999999996
53,8768
54,6293
55,8648
56,8266
55,2488
53,4778
66,19800000000001
55,8186
55,9472
64,2283
55,2641
53,2102
70,08789999999999
61,1698
53,379400000000004
67,4319
64,7008
52,8946
53,1209
52,7299
54,3828
70,9205
63,9588
52,6587
64,1948
70,6956
53,7139
60,0197
73,1729
55,614700000000006
57,1961
69,5562
58,9254
54,1102
67,468
63,334199999999996
53,2699
62,249199999999995
64,3429
54,2519
65,8943
67,6152
53,481
65,4772
66,9187
54,5911
69,0181
56,676700000000004
53,3127
72,1642
61,7307
54,290699999999994
70,74719999999999
59,791900000000005
53,0066
71,9979
60,865500000000004
54,15
54,2342
53,420700000000004
53,7177
57,5261
59,015
70,7816
53,4135
57,306400000000004
75,3858
54,392
60,3979
73,5031
57,6237
54,7612
77,76339999999999
54,095400000000005
76,98960000000001
69,4092
54,5047
68,1389
79,40429999999999
55,8568
66,37360000000001
69,6636
53,133399999999995
60,068200000000004
70,89789999999999
53,2483
56,1065
54,0681
53,1829
53,321
53,9211
53,1993
54,3626
53,7756
55,451899999999995
55,230000000000004
59,5402
69,907
54,551
62,6414
70,9492
53,2089
53,387
53,248400000000004
53,932300000000005
53,9161
53,0066
53,6188
52,949799999999996
57,3486
73,2641
59,601
60,3592
70,66319999999999
53,426300000000005
57,012800000000006
76,4915
56,0364
57,1447
67,7897
55,2097
53,009
76,3297
59,6072
52,7113
71,4476
59,4675
53,6072
73,3241
67,4034
54,0891
85,5158
70,8151
60,606500000000004
73,2075
59,7785
60,8377
73,97810000000001
54,8511
55,489200000000004
76,7819
71,6024
58,8541
71,6045
54,7098
53,420500000000004
53,6526
55,215599999999995
53,3126
53,3292
52,7141
53,004799999999996
54,0525
56,1011
52,922200000000004
57,547000000000004
71,0767
57,100199999999994
54,0649
72,04979999999999
57,7298
55,9824
72,7256
56,232200000000006
53,7454
68,9916
57,196400000000004
52,7214
65,86970000000001
64,9479
53,9124
66,94930000000001
66,6772
53,3141
75,35029999999999
63,1762
72,6261
68,4657
91,6251
66,6254
68,20809999999999
62,221
77,2835
90,7451
73,4105
67,372
66,1525
67,428
69,2981
74,8654
106,203
76,05810000000001
69,6147
74,24980000000001
70,8316
73,926
68,2837
63,754000000000005
76,8639
54,0715
55,371700000000004
53,9164
55,3546
52,8795
54,3907
52,8893
53,8521
54,8848
53,4793
53,6335
53,3838
53,4778
55,723
54,1609
53,127300000000005
53,287800000000004
53,440000000000005
53,4955
53,898
54,803900000000006
53,2225
53,3101
53,3888
53,601000000000006
56,706399999999995
55,368100000000005
53,446
53,8408
54,1817
53,8432
54,028800000000004
55,9922
53,381
53,193
53,1356
53,0508
55,3033
53,8634
53,5689
52,7901
53,5483
53,2133
54,2477
54,4816
53,1395
53,6623
54,2184
52,7241
55,3294
54,4062
53,6381
53,7645
54,101499999999994
53,4949
53,607099999999996
55,0797
52,885799999999996
53,6362
52,9226
53,096
54,8041
54,3999
56,387600000000006
52,8935
53,86
53,7132
54,0053
54,951899999999995
53,019499999999994
54,5839
53,703300000000006
52,9427
54,4759
54,2461
53,6079
53,0047
53,581700000000005
52,719500000000004
53,9316
54,7098
53,3653
53,6583
53,936499999999995
53,0705
55,252
53,9218
53,579
53,3748
54,1667
66,29889999999999
53,7046
61,6025
73,53139999999999
53,0872
57,5709
69,56909999999999
55,327099999999994
55,074999999999996
70,4377
55,608200000000004
53,3441
70,0124
59,7619
53,9642
67,7993
67,2781
54,0944
52,7912
54,0188
54,759
52,8272
53,1211
53,795
56,862700000000004
54,438300000000005
54,1588
53,7767
53,779199999999996
53,1344
53,1651
54,5728
54,7839
53,3251
53,4889
54,7276
53,2457
54,1879
54,3071
53,963499999999996
53,3095
53,075700000000005
53,3774
58,572199999999995
55,762
54,3082
52,924
54,2731
52,879000000000005
54,3763
55,1051
53,3797
53,7275
53,5338
53,2505
54,8724
54,8255
52,9837
53,0672
54,1986
52,498000000000005
54,7543
53,923
56,3597
70,76689999999999
53,6415
62,195800000000006
72,1465
54,4623
53,9658
52,730399999999996
53,8458
64,6979
61,1571
55,1774
66,4888
64,27539999999999
53,2104
58,249700000000004
53,5043
56,2284
75,4028
56,2564
53,425399999999996
73,2481
64,7274
55,0358
67,64399999999999
60,7572
53,291199999999996
57,3506
53,9725
54,7293
53,513600000000004
53,089999999999996
54,3238
53,3608
54,324600000000004
54,273599999999995
53,061
53,237899999999996
53,406299999999995
53,6149
56,0222
55,6897
53,2741
53,379000000000005
54,1733
53,9807
54,6353
53,9913
53,3708
53,4943
53,580299999999994
53,639399999999995
53,6254
57,5965
67,7517
55,2094
54,3525
75,8214
59,1831
55,5931
72,9216
56,298
53,4731
70,9151
62,81100000000001
54,3581
63,38399999999999
71,11919999999999
53,5512
63,2227
68,3541
53,708400000000005
61,2266
71,2491
53,8311
53,7201
53,6533
54,2678
54,2534
53,1789
53,941700000000004
54,516799999999996
55,9132
77,1986
57,4369
56,6582
73,4385
53,1356
53,7257
72,965
55,9101
53,163599999999995
69,2265
58,63
54,353899999999996
68,5505
57,3095
53,260099999999994
60,468399999999995
53,3316
54,5154
57,997800000000005
52,9256
54,1768
53,1907
52,9846
53,1913
54,4996
53,596900000000005
53,0364
53,9473
53,2552
55,043099999999995
54,7591
53,3868
66,1794
57,9934
53,101
76,20200000000001
66,339
54,2329
73,5848
57,469100000000005
53,2606
54,3816
54,199600000000004
53,613099999999996
52,7835
55,493300000000005
72,0196
54,1122
55,7834
74,5546
58,435
53,669200000000004
70,2684
59,6379
53,972899999999996
68,69699999999999
63,80629999999999
53,3877
61,7515
66,0881
54,457100000000004
57,9696
57,0821
53,1837
59,8714
64,51469999999999
54,386700000000005
65,4348
62,5438
53,634800000000006
64,5922
68,40599999999999
54,0408
66,6576
64,1768
53,819199999999995
64,1568
71,5426
54,1897
59,8305
72,6959
55,197900000000004
57,8863
71,6516
54,9293
53,6412
53,9228
53,021
54,273
53,9143
54,7776
53,0702
52,9747
70,9544
57,4627
54,1701
70,2679
58,5029
53,0637
67,6015
61,1676
54,5868
70,4086
62,9117
53,1725
66,58319999999999
64,6475
53,8847
54,237899999999996
52,86
55,946999999999996
75,5639
53,2604
57,2737
77,6746
53,3058
56,319500000000005
75,0818
54,112500000000004
55,1214
74,7413
55,5836
52,9291
74,94149999999999
59,2449
54,0452
73,94380000000001
57,5675
52,601299999999995
69,9705
63,31399999999999
53,90989999999999
65,8836
67,8172
53,333999999999996
61,7715
70,4587
54,9457
67,3241
66,97
52,8987
58,6092
74,19969999999999
54,8439
57,056000000000004
72,7602
52,9893
58,5221
73,4958
56,0972
54,7741
71,19069999999999
61,8055
52,928200000000004
68,0508
67,8208
54,5379
63,414300000000004
67,3523
53,685700000000004
62,2693
70,165
54,0565
64,1833
69,92139999999999
53,0187
61,0593
70,8845
65,12859999999999
71,0727
62,4979
63,4116
72,8409
60,9388
56,473
73,5928
54,9964
52,753
53,295700000000004
53,7826
54,2366
53,0122
52,9708
53,6531
53,642500000000005
55,6278
54,7368
58,7929
68,4372
53,4658
52,535900000000005
54,2733
54,202
53,0036
52,9778
59,465700000000005
72,68679999999999
53,713499999999996
64,01089999999999
69,229
53,739399999999996
67,4994
65,99539999999999
55,974000000000004
74,7998
57,8842
74,6626
75,5911
54,360600000000005
64,9382
69,8655
54,049600000000005
67,47930000000001
69,9439
63,03830000000001
68,1275
61,4089
53,5454
67,67720000000001
55,7915
71,0245
54,917500000000004
56,335
54,9224
54,5543
54,8732
53,923899999999996
54,272
54,881
53,076100000000004
54,519600000000004
53,5101
52,9997
54,4233
54,5384
55,006600000000006
54,2688
55,588100000000004
56,8448
54,709399999999995
54,606
53,6098
53,095499999999994
53,8234
53,2926
53,7662
55,0637
53,3708
53,3468
53,5107
52,4546
54,5482
54,6357
57,164
52,9512
53,9399
54,3816
54,9786
54,4655
54,2468
53,6454
53,326100000000004
53,0283
54,48009999999999
54,232099999999996
54,1033
52,7213
53,6012
53,4522
54,2128
54,878099999999996
53,226099999999995
54,0682
53,5276
53,4805
56,6078
55,0839
53,362300000000005
54,157900000000005
53,5188
53,2076
53,858000000000004
54,343500000000006
52,855
53,5181
53,510000000000005
52,9835
54,2014
54,4005
52,9699
53,8547
53,32
53,4404
54,4745
54,8665
53,7261
53,5854
53,532000000000004
53,9771
54,522099999999995
53,6074
53,4485
53,468
53,3849
56,202799999999996
53,9007
54,923300000000005
53,074200000000005
53,2595
53,6471
52,9983
54,8019
56,6165
52,894400000000005
53,6199
54,0636
52,9953
54,66180000000001
54,5223
53,194900000000004
53,7189
53,2217
54,0261
53,947
54,8317
52,944900000000004
52,4446
58,8852
52,6275
54,2416
54,5157
53,500699999999995
53,472699999999996
53,976499999999994
53,840199999999996
54,0945
55,404
52,843599999999995
52,9935
53,9168
52,9032
54,656299999999995
53,438199999999995
53,331900000000005
53,5264
53,431
54,116499999999995
54,1586
54,7681
54,7676
52,968399999999995
54,1911
53,544399999999996
54,643
54,451699999999995
53,7845
53,2754
53,588499999999996
53,441900000000004
54,478
55,0726
52,537
53,1466
53,775499999999994
53,660199999999996
54,2884
54,733200000000004
53,4145
53,691
53,7106
53,21469999999999
54,949600000000004
54,8391
52,917
54,0803
53,8811
52,8887
54,222300000000004
54,1703
53,3671
52,8037
53,598600000000005
52,8153
58,1437
54,658
53,68
55,7451
53,8298
53,3675
53,921499999999995
55,3793
53,906299999999995
53,3806
54,0616
52,9187
54,1445
55,4416
53,013200000000005
53,4436
53,6793
53,157799999999995
58,5168
54,4326
52,6674
53,3907
53,1783
53,6007
54,6559
55,0868
53,5334
53,5509
54,4476
53,0782
54,0816
54,1666
62,7046
58,2279
53,513400000000004
58,0445
53,8204
63,13589999999999
67,8589
54,637299999999996
68,4907
60,0507
54,4574
65,9111
62,732499999999995
52,884100000000004
66,30619999999999
59,3598
53,928799999999995
70,0573
65,4116
53,2754
68,3584
67,3989
53,8493
70,4558
61,802
53,1191
70,00399999999999
59,9976
53,9463
70,2704
59,943799999999996
53,8751
72,712
61,7286
54,4464
72,3402
57,6417
53,266
73,9705
59,9672
60,9875
74,0451
59,3737
53,9978
73,4412
54,54
54,314
77,0966
57,6332
54,3797
65,11880000000001
54,5246
59,9657
59,3845
55,1368
71,4864
54,53680000000001
79,10849999999999
72,3712
55,2438
53,86
52,913799999999995
54,2648
53,0769
54,8764
54,6268
52,892
54,1855
53,6583
54,8763
76,8515
58,3837
53,3039
76,7533
59,2702
53,0716
68,9826
67,34809999999999
53,1743
63,1578
67,5322
53,246700000000004
65,77080000000001
63,46169999999999
53,1327
58,150800000000004
71,0413
53,957100000000004
67,9592
70,6935
54,718700000000005
65,2517
72,3046
54,1034
56,089600000000004
54,2568
53,477
53,2971
53,7438
53,790699999999994
53,8472
54,4972
53,1685
53,0385
54,2705
52,9372
55,1257
56,238099999999996
52,8914
53,803700000000006
53,275999999999996
54,0582
54,0981
54,8415
53,1528
53,7862
53,9433
53,7556
54,675399999999996
54,0375
53,2872
53,4495
53,8661
53,301300000000005
54,350500000000004
53,858799999999995
53,322799999999994
53,0552
53,883
53,0653
54,4928
53,991
53,3641
53,3278
54,716800000000006
53,099399999999996
54,021
55,1519
53,622099999999996
53,0047
53,3656
56,9931
54,4226
54,6896
54,356300000000005
53,3108
53,4388
53,424899999999994
54,129200000000004
54,586299999999994
53,6378
53,504599999999996
53,870599999999996
54,0195
54,632
53,8181
54,0652
64,58579999999999
55,783899999999996
53,6351
73,79429999999999
61,0396
54,8226
71,6218
53,6236
54,3343
84,905
55,1095
58,8886
75,9949
54,2558
58,5929
71,2187
56,1453
54,319199999999995
73,26689999999999
57,5843
53,1777
54,315200000000004
56,023900000000005
53,4023
52,689
54,0141
53,0196
54,0398
77,01610000000001
56,5091
53,379400000000004
76,5439
55,226200000000006
54,7316
74,7987
63,234700000000004
53,0259
66,7599
61,294200000000004
53,7162
70,3739
63,0481
53,364200000000004
54,079299999999996
52,742999999999995
62,256400000000006
70,9799
53,3194
59,729200000000006
72,50439999999999
53,7488
59,651500000000006
72,70830000000001
63,0908
64,28490000000001
68,5607
53,849399999999996
70,0118
60,2188
52,8883
56,2975
53,1624
53,0092
54,5109
54,495799999999996
53,5436
53,6385
53,7249
54,5738
54,2817
54,1236
53,8498
52,8623
53,313
53,393
54,434400000000004
53,551
52,998200000000004
53,5724
66,1716
72,549
70,3203
71,0159
69,7586
75,23259999999999
71,28420000000001
70,46379999999999
74,5154
61,987100000000005
53,5503
53,4698
53,6414
53,3118
54,0934
54,422
54,0901
53,4355
53,4166
53,6744
68,2895
68,4517
67,15469999999999
71,7872
71,0673
78,00120000000001
87,08789999999999
120,1359
82,77080000000001
93,8023
82,00970000000001
85,7435
89,5869
100,4184
100,72349999999999
80,8528
67,2548
69,5544
74,2124
72,0838
70,5667
69,0311
73,5809
69,7627
70,3573
69,0507
68,365
61,1991
59,286199999999994
53,7969
71,3526
75,8943
68,2595
71,3273
72,2908
70,6756
66,47240000000001
62,5961
75,9455
67,5296
67,28439999999999
79,0053
71,1749
64,25619999999999
74,6873
60,5484
71,3377
62,0291
55,4662
65,2064
63,396800000000006
69,72670000000001
60,5524
55,4077
58,4871
69,0164
59,672000000000004
62,5131
63,95910000000001
65,8072
61,6364
75,7843
63,19279999999999
66,0325
73,88019999999999
72,4503
67,62780000000001
70,0782
60,744
57,749300000000005
54,0764
53,5926
55,118100000000005
55,635600000000004
58,623599999999996
53,8491
54,4105
59,086600000000004
65,8788
53,9499
69,06819999999999
57,941399999999994
53,792899999999996
70,3294
63,667
53,7095
66,693
65,5822
53,3652
65,3943
65,3818
58,5071
53,2953
54,0602
54,1506
52,985699999999994
53,8741
55,5151
53,0486
53,0238
53,226
52,842
54,5149
54,3306
53,091300000000004
54,187
54,235699999999994
53,1566
53,7826
55,7712
53,3672
54,3444
53,5662
53,5597
57,0921
54,0584
53,718799999999995
52,458600000000004
54,1285
52,9581
53,863099999999996
54,241699999999994
53,1667
53,3772
53,5268
53,682
53,632
53,9054
58,586800000000004
52,5587
54,6989
53,0441
55,009299999999996
54,2742
53,1856
53,4906
53,5205
53,9185
53,7508
53,9581
53,5019
53,039
53,9634
52,8441
54,3768
54,3043
53,28
54,0718
52,86600000000001
53,6916
54,242
56,0268
54,2476
53,2459
53,8924
53,12179999999999
54,4783
54,231700000000004
53,0657
53,7356
52,7611
53,4369
54,3772
60,5254
63,0526
53,422200000000004
63,798300000000005
69,03620000000001
54,406299999999995
54,4362
53,368199999999995
53,3294
53,8771
52,8804
53,9139
54,238
53,4539
52,9849
53,3956
53,3458
53,965199999999996
54,55779999999999
52,8461
53,407999999999994
53,9444
54,4658
53,9234
56,362
53,2884
54,1342
52,5146
53,4597
53,7056
66,26899999999999
62,6916
52,9849
67,57199999999999
61,4621
54,3426
63,90319999999999
64,45049999999999
52,9596
63,2407
71,6118
54,7497
65,8846
74,41730000000001
61,0754
91,5639
62,92549999999999
76,1858
59,942
54,6533
54,480199999999996
55,059799999999996
54,738299999999995
59,7549
54,1508
54,0208
53,3241
53,1697
56,229
53,9141
55,4336
54,0543
54,629799999999996
53,7363
53,2585
73,92880000000001
54,510200000000005
72,7373
58,5047
53,1137
64,4664
65,20339999999999
55,5232
65,4514
64,12819999999999
53,7346
62,73960000000001
71,535
54,6705
60,8613
67,15740000000001
52,9848
63,466499999999996
70,7697
59,858599999999996
65,0381
69,7526
56,9058
65,6235
66,7042
56,3123
66,78280000000001
65,4919
53,347899999999996
69,0124
63,6439
54,229800000000004
63,254599999999996
65,7576
53,2674
60,1166
66,3939
54,472899999999996
59,5608
75,4379
53,4124
53,6126
73,6947
60,0962
53,504000000000005
68,4826
60,0224
53,0724
68,13940000000001
64,2192
52,6717
63,2535
67,6737
52,930400000000006
62,94819999999999
69,85979999999999
53,6888
61,913500000000006
69,0534
53,731700000000004
61,5812
67,88
53,131299999999996
55,7101
66,8871
57,11709999999999
53,6728
74,34989999999999
59,3979
53,171499999999995
69,37899999999999
59,040099999999995
53,8191
67,79480000000001
62,6935
52,5869
64,4325
66,6499
53,7669
64,8994
65,90849999999999
52,7837
63,0481
70,822
53,9224
62,4045
58,2594
53,550399999999996
52,8448
53,3516
53,927
67,40559999999999
53,5816
62,5334
64,4227
52,955000000000005
62,693200000000004
68,4148
52,9485
60,7213
66,3803
53,099199999999996
56,9455
74,25760000000001
52,974000000000004
53,1565
75,7871
56,3979
53,9068
72,4173
58,765299999999996
52,7426
66,8889
64,83999999999999
54,817299999999996
61,5947
66,8161
52,5152
59,647
70,5662
54,1343
61,6413
67,9526
53,2991
61,4427
66,6017
53,792699999999996
59,6402
74,2111
54,3841
52,8288
73,84100000000001
57,68
54,1736
71,4316
57,477599999999995
53,4616
66,9447
67,9727
54,0374
66,6914
63,2269
53,1718
65,2234
70,4981
53,9597
60,826499999999996
68,51939999999999
53,7099
59,9525
74,93679999999999
54,3272
62,356500000000004
66,56479999999999
53,368
56,129
72,894
57,773900000000005
54,4903
74,7359
54,595600000000005
55,2936
74,4768
57,1087
52,8703
71,2165
60,113600000000005
52,8126
69,3761
63,319399999999995
53,0043
53,709
53,2417
53,065099999999994
53,7857
53,873200000000004
69,6939
61,9589
53,9217
69,6875
63,962199999999996
54,096900000000005
69,9707
59,0657
52,9662
64,8194
66,7618
53,8622
60,7801
67,9392
55,2354
57,6892
75,5681
54,3713
56,8548
70,4206
55,9454
53,4318
72,98530000000001
59,2379
53,2254
71,3347
60,873200000000004
54,2922
74,6677
65,17620000000001
87,49940000000001
69,14720000000001
55,1083
88,0256
76,24300000000001
69,76509999999999
53,7258
52,632400000000004
53,3845
54,2953
53,6735
56,1047
53,1094
53,515899999999995
52,979600000000005
52,8042
53,9753
56,617
52,875400000000006
53,122299999999996
53,0583
53,108000000000004
53,8367
54,8374
53,067299999999996
54,2007
53,629000000000005
53,5718
54,436400000000006
54,0809
53,7307
53,4153
53,8237
52,8163
54,021699999999996
54,417
53,2387
52,8666
53,364599999999996
53,231899999999996
54,016799999999996
53,692099999999996
53,7691
53,1407
54,085300000000004
52,7818
54,576899999999995
54,7384
53,7729
53,1135
53,436699999999995
53,4233
53,1762
54,4428
55,078799999999994
53,359700000000004
53,0801
53,0916
54,1119
54,1313
53,5238
53,4877
53,246
53,285399999999996
53,9272
55,3826
52,9545
53,6445
53,2605
53,4156
53,975
54,53
52,614599999999996
52,9579
61,9088
66,2045
54,2174
63,47800000000001
64,9097
52,9981
60,7893
70,83670000000001
54,7161
62,0452
67,334
53,1267
60,1491
70,4991
54,5809
59,0387
66,09389999999999
54,2918
53,8667
72,14959999999999
57,236799999999995
55,0485
74,18679999999999
57,586400000000005
53,1516
64,591
61,091100000000004
58,378899999999994
70,3086
59,3067
52,8499
67,3923
64,7474
53,6985
63,26030000000001
65,36649999999999
53,0495
61,4771
72,9328
54,184999999999995
60,9416
70,98989999999999
53,341300000000004
60,5358
65,7934
54,272099999999995
58,6623
70,1126
54,8193
55,8341
72,6633
55,5564
54,3762
69,47109999999999
56,4386
52,8185
75,83370000000001
56,885
53,3475
70,2509
58,2398
53,9842
73,5644
60,2239
52,9022
67,93860000000001
55,1889
53,2434
53,9249
53,591300000000004
56,5368
66,03960000000001
67,1107
69,66369999999999
66,3816
69,6103
65,0133
67,3457
69,2388
67,1755
67,1687
70,26110000000001
62,0729
73,156
66,64670000000001
65,0956
76,707
65,4474
67,8909
68,08
65,2462
74,2178
66,7645
65,199
68,9164
61,5605
71,6239
66,5266
65,6598
74,7394
64,25999999999999
65,35489999999999
69,33709999999999
67,20429999999999
68,3662
65,7358
65,0854
73,48599999999999
65,00150000000001
67,6269
66,3385
68,4506
75,074
65,4082
66,35919999999999
66,7144
65,41120000000001
72,9456
65,3
63,680299999999995
69,9752
66,10979999999999
65,4788
73,4094
66,2055
71,1393
66,3489
63,52969999999999
73,3911
66,1499
65,4713
70,873
64,595
68,09039999999999
64,584
67,898
52,881
60,5179
69,3519
53,195
60,9801
73,3159
52,3459
52,9645
52,9068
53,040499999999994
67,68159999999999
61,7561
53,0088
65,00450000000001
63,047000000000004
53,0485
69,3733
62,915600000000005
53,594
66,6191
65,14620000000001
53,068999999999996
63,7793
65,6379
53,1211
58,0125
70,7284
53,0403
59,1032
73,5841
52,4848
55,003099999999996
77,2856
53,700199999999995
59,7087
72,1412
53,6774
55,4851
72,06569999999999
54,9661
53,5593
71,9664
55,9295
52,8275
71,33059999999999
57,093199999999996
54,0235
71,225
63,531699999999994
53,450900000000004
64,4282
59,807199999999995
53,6785
66,98179999999999
65,6671
52,9373
62,880599999999994
66,4376
53,818
60,521100000000004
71,80680000000001
53,0013
57,6504
72,8636
54,051500000000004
58,7102
53,3887
53,460899999999995
53,934400000000004
52,953399999999995
54,8351
56,0137
52,830099999999995
53,2341
52,786899999999996
53,2748
53,7051
54,6308
53,0833
52,5643
53,9204
53,030800000000006
54,121
53,7446
52,875
54,1449
53,4353
53,6853
53,9068
55,1874
53,049899999999994
53,199799999999996
53,5074
52,4602
53,8591
54,3481
52,8753
53,2283
53,200900000000004
53,528800000000004
53,6361
54,6973
53,028999999999996
53,2673
53,7918
52,9749
54,8247
54,4761
52,7199
55,782
53,1062
53,0255
53,782900000000005
54,0814
53,3434
53,009100000000004
53,968500000000006
52,7552
54,396
53,7141
53,3931
52,869600000000005
53,0973
54,0801
54,571099999999994
54,3553
53,128099999999996
53,763999999999996
54,3943
52,888999999999996
53,3685
54,203300000000006
53,538599999999995
52,850500000000004
53,5114
53,326699999999995
53,9081
54,9103
52,616299999999995
52,9543
53,4466
53,0621
54,7766
54,2919
53,3293
53,3927
56,4516
53,0417
53,4991
54,7537
53,212500000000006
52,9257
53,498
53,0877
54,286899999999996
54,228
54,2072
70,9434
54,4578
56,49
68,8184
57,560100000000006
53,023399999999995
68,6801
56,324
53,4583
75,9301
56,2227
53,271699999999996
70,4566
57,6923
52,9021
65,454
61,9562
56,4452
66,1669
65,2049
52,9258
63,7993
67,9202
55,118
61,433
68,58309999999999
52,9147
61,9095
68,8235
53,317
53,084199999999996
52,587
52,983799999999995
54,089800000000004
54,7783
55,802699999999994
71,1839
56,7884
53,266
77,4015
54,5129
54,239599999999996
69,6451
61,019999999999996
63,694100000000006
76,99680000000001
56,8901
58,065
70,3238
57,4114
54,177099999999996
78,7988
56,4575
57,456100000000006
75,7984
57,2717
67,33200000000001
75,3012
56,2549
59,614399999999996
75,2286
54,6085
58,1616
75,422
55,7343
61,9226
74,461
55,211499999999994
63,390299999999996
77,2356
55,7551
61,013600000000004
75,3559
54,418
68,3291
78,5602
53,8606
61,9972
69,1681
53,2599
61,7344
70,9411
54,277300000000004
53,116299999999995
52,763799999999996
53,1847
54,0839
54,5606
57,357400000000005
52,923199999999994
53,5238
60,8725
52,7043
56,4234
71,1983
56,1781
53,054700000000004
69,62519999999999
57,7636
54,299800000000005
68,7918
63,0922
53,05350000000001
64,1033
61,1349
54,3999
61,250400000000006
70,6436
55,062
75,30290000000001
56,6503
56,1217
75,8347
54,186699999999995
56,677400000000006
59,4406
53,7116
71,0682
55,6013
63,8261
61,7941
56,61
98,7456
54,9451
75,0451
58,4728
59,434
66,6123
53,832100000000004
73,0857
63,135999999999996
61,2697
65,1794
54,417100000000005
70,93130000000001
55,3957
56,812000000000005
70,6498
55,1401
66,4342
58,9705
54,5244
72,77069999999999
52,5995
57,248599999999996
67,8864
52,865500000000004
68,4857
57,3904
52,6506
52,706500000000005
53,2626
52,205
53,9315
58,5123
53,3887
53,214200000000005
67,7865
57,5176
53,4708
73,3202
52,616299999999995
59,504099999999994
65,6639
52,801300000000005
70,60510000000001
55,7808
52,6663
71,9766
53,0697
63,0508
61,856700000000004
54,0263
71,0905
53,3102
54,3805
70,9381
53,281299999999995
68,1756
57,215
52,9781
71,0921
52,3521
63,783300000000004
61,779599999999995
52,6845
61,9808
54,4682
54,5873
53,965199999999996
54,7976
53,5348
53,1243
54,0768
52,7833
53,8497
54,542699999999996
52,9283
53,3345
53,397600000000004
52,9506
54,5041
54,2686
52,9527
52,7616
53,6526
52,8567
54,7233
54,2939
52,826299999999996
53,7207
53,9952
53,178200000000004
53,5813
54,4093
53,1396
52,8743
52,748799999999996
53,0085
54,1445
54,4843
54,8176
60,317099999999996
53,615
73,249
53,5927
63,4711
61,555899999999994
52,984
71,712
53,4343
54,7982
71,28819999999999
52,581700000000005
67,9195
59,5924
52,561099999999996
72,526
53,8227
59,605900000000005
65,4815
52,703399999999995
71,43239999999999
54,1168
56,1068
69,7431
53,5562
70,8031
54,9059
55,16589999999999
55,3805
57,7938
54,4131
71,5765
54,4068
54,746700000000004
55,5974
53,978699999999996
56,0011
54,7405
54,6652
55,313500000000005
55,8504
54,103
63,016299999999994
54,9743
66,86789999999999
55,0145
55,896300000000004
53,9317
54,181
54,6686
62,3677
54,9824
55,7474
53,9681
54,648799999999994
54,5485
62,81739999999999
55,467099999999995
55,2638
53,809200000000004
54,8521
54,672900000000006
53,949799999999996
56,1754
74,7113
54,440799999999996
54,203599999999994
53,9003
58,3718
54,9471
68,0994
56,553399999999996
53,9576
70,9256
54,4818
54,815999999999995
55,5061
54,457
54,5399
54,5187
54,0698
55,8333
59,174699999999994
53,153
54,122499999999995
55,2665
54,256899999999995
56,8695
54,5972
52,91330000000001
59,4448
54,742
55,1422
55,5499
56,114
54,2269
64,37700000000001
54,419799999999995
59,328199999999995
60,3252
74,0141
57,0426
62,059799999999996
54,44029999999999
73,3276
55,7022
58,2745
55,0078
54,2781
55,466300000000004
54,3171
57,4861
55,5683
54,9105
69,57430000000001
55,043099999999995
63,66289999999999
69,2764
56,137
54,491
55,5126
56,1384
54,808
56,0411
55,472
53,902699999999996
54,7688
55,4028
53,811699999999995
55,8262
55,8477
56,3598
55,2921
55,0695
54,5862
56,8169
62,0571
56,1952
57,1275
56,9568
57,250099999999996
62,1551
57,5724
56,9704
56,3048
58,056200000000004
59,7945
57,5514
58,3029
57,623
56,5592
57,277
56,5009
56,9408
54,9166
54,2766
57,0614
56,3114
55,7863
54,9351
54,6513
56,841
59,9238
57,4947
56,594699999999996
57,7547
58,1359
57,204299999999996
56,720600000000005
61,413799999999995
57,001000000000005
58,5076
58,4576
56,5174
57,236599999999996
57,1138
56,0721
54,535599999999995
57,8202
57,276
56,6015
57,1975
56,7815
57,5621
57,9929
56,7188
57,0347
60,4866
60,6603
58,717400000000005
58,399100000000004
55,8668
56,4925
57,844100000000005
57,0622
63,577400000000004
55,8882
54,5138
54,8052
55,3278
54,2584
64,2401
55,4037
69,6758
54,7183
54,998900000000006
55,6098
63,19220000000001
55,9169
54,5445
54,3863
57,0682
87,3623
58,4271
55,682700000000004
57,0005
66,9917
57,4686
67,95750000000001
57,9448
61,1074
54,5319
54,074200000000005
55,5907
55,8891
58,366800000000005
58,2203
55,8444
55,6524
54,1044
56,6466
56,8717
58,916799999999995
56,0177
57,5317
56,997600000000006
57,4778
57,4217
63,1996
56,3795
56,9527
57,3925
56,963100000000004
57,9821
57,5492
55,6489
52,854400000000005
53,208800000000004
52,791900000000005
54,0297
54,9462
54,996
53,8622
56,2117
53,8202
53,4781
59,7523
52,9935
57,1899
53,4006
53,102000000000004
58,7283
54,4329
53,0428
52,7727
53,0008
52,661
53,813
54,0655
52,9299
55,4931
53,8343
52,8609
57,6681
54,7979
53,570100000000004
53,374900000000004
55,284
53,049899999999994
53,6432
54,9728
53,0382
55,7126
52,931
52,9189
53,4619
54,217099999999995
53,030300000000004
53,147800000000004
53,4848
57,571
57,876200000000004
61,0122
62,0248
55,2312
65,4876
58,5535
57,5495
57,7651
70,4542
53,952600000000004
55,2941
54,4612
53,9224
54,4349
53,1072
53,8194
54,1312
53,7866
54,1186
55,4056
53,6279
52,8504
56,0546
53,1833
53,814
53,988099999999996
53,9544
58,5435
55,11
54,1475
68,8567
66,4906
53,982099999999996
54,6627
58,986200000000004
58,0804
68,16170000000001
56,7147
53,372299999999996
53,754000000000005
54,565200000000004
54,7792
63,5023
56,5664
62,714099999999995
54,6135
54,1141
54,0503
59,6364
57,144800000000004
75,5509
77,10029999999999
54,199600000000004
53,6597
74,1409
60,0803
53,0014
76,0343
53,8915
52,8141
53,8085
55,689099999999996
53,4016
54,277
53,8062
54,417
55,0787
61,2519
69,9588
53,0643
59,3602
77,75189999999999
53,939
57,9117
74,80799999999999
55,890299999999996
53,233999999999995
76,40220000000001
54,5923
55,7605
75,36760000000001
53,951
53,2745
53,4996
53,767799999999994
57,1309
52,7815
57,4022
66,5785
53,1496
58,443000000000005
76,98230000000001
58,6937
55,1002
61,8129
59,6344
66,0847
57,5788
53,2028
68,94409999999999
60,4583
53,142300000000006
68,115
67,6204
53,489000000000004
54,1151
54,205799999999996
53,2695
54,1382
55,2363
52,4088
52,9714
65,5038
63,7576
53,999199999999995
64,3628
62,8967
53,127599999999994
64,1722
65,0655
53,6667
58,979299999999995
67,8456
54,224599999999995
54,1382
75,78229999999999
54,544200000000004
53,938100000000006
53,7547
55,0567
53,950900000000004
52,6007
53,9013
54,455999999999996
52,7633
53,1633
53,6039
66,535
67,6078
55,595800000000004
67,2744
71,5216
65,15849999999999
63,225500000000004
59,2783
56,887800000000006
54,9816
64,2453
54,862899999999996
54,7633
63,7717
55,6196
54,6612
53,2819
53,411300000000004
53,252300000000005
53,8018
69,4072
72,01639999999999
67,0769
53,7822
62,6323
58,7756
56,0724
66,6083
61,8232
53,6954
66,29939999999999
68,2623
54,014
64,57300000000001
65,3609
53,5495
53,3633
55,0534
54,5037
53,16
53,546299999999995
54,0602
52,5783
55,479800000000004
53,9014
53,007600000000004
53,53
53,4322
53,140600000000006
53,6937
54,400400000000005
53,542899999999996
53,0227
57,880599999999994
52,8636
55,247499999999995
54,1229
53,35
53,830299999999994
53,52719999999999
53,6783
55,6059
55,6614
52,838
52,9739
54,0126
52,913399999999996
53,809000000000005
54,368399999999994
53,509800000000006
53,2269
53,2417
53,602700000000006
53,834199999999996
63,744099999999996
65,68
53,4997
61,6439
73,713
53,7805
57,3354
71,43239999999999
52,856500000000004
53,1021
73,98570000000001
59,5277
54,1571
68,17389999999999
61,785199999999996
53,3211
54,2806
53,8906
54,1389
53,6897
53,3263
54,7243
54,7338
55,3206
53,565099999999994
52,9578
53,597899999999996
53,5074
53,0635
53,6863
54,855599999999995
52,7138
53,3155
54,0627
52,533
55,0526
54,1967
53,5018
53,2543
52,9468
53,7995
54,0452
54,9497
53,8795
53,1067
54,1343
52,9109
54,1272
53,4149
53,8304
53,0984
54,066700000000004
53,2501
55,2455
54,7956
52,7237
52,952600000000004
54,4349
52,834399999999995
54,8669
56,004900000000006
54,1683
53,1379
53,5443
52,9959
53,982
54,8955
53,110699999999994
52,936499999999995
53,075700000000005
53,7041
54,1004
54,4998
53,5137
53,0716
53,864000000000004
53,394200000000005
54,4981
54,3917
53,261
54,3258
53,4582
53,5113
54,0948
54,5359
52,93
52,356100000000005
54,0073
53,5672
66,9403
58,455
52,8384
63,2158
53,0764
55,7362
69,134
56,277899999999995
59,4715
72,48530000000001
54,518299999999996
52,568999999999996
74,4566
55,2165
53,162
69,5548
57,8496
53,133399999999995
70,0496
65,7838
52,8843
63,2041
63,5523
53,6556
62,012100000000004
66,6101
52,979
54,159
53,3677
53,311
53,9695
54,709399999999995
52,530300000000004
53,6139
53,3615
73,3587
63,0347
76,9842
59,7902
67,3206
72,63329999999999
58,9533
72,2931
65,8148
65,8078
75,6088
65,9914
67,9883
65,3552
62,585
73,95160000000001
64,4053
66,2222
53,1902
62,7765
69,1476
67,27850000000001
63,8058
71,8593
63,857200000000006
75,887
67,6532
71,7589
63,545199999999994
55,141799999999996
64,5056
56,0994
61,3219
73,7585
53,6045
52,803000000000004
56,3957
54,4865
56,9155
53,5176
53,9978
55,554899999999996
53,7433
56,0261
55,6643
53,6417
53,0137
55,3068
54,3007
53,9621
56,3201
52,3827
54,617
53,4704
53,4057
55,6034
55,1481
54,9981
53,654399999999995
55,1419
54,0713
53,870099999999994
56,6802
52,9729
54,8132
53,4851
55,152100000000004
53,9385
53,8932
53,275999999999996
53,0497
64,29419999999999
54,6793
56,1032
54,0356
52,8383
58,8683
54,898799999999994
54,2191
56,482200000000006
56,8889
53,167899999999996
53,7718
54,792
53,0567
55,937
54,2479
53,4012
53,784400000000005
53,3752
55,0396
54,080999999999996
54,7251
53,8874
54,792100000000005
53,60850000000001
53,1166
55,0631
55,5351
54,546499999999995
52,7835
53,550399999999996
54,3728
54,34930000000001
54,675799999999995
53,0529
52,871500000000005
54,308299999999996
53,086800000000004
53,6151
56,0953
53,4225
53,2106
53,678700000000006
54,0626
54,6175
54,722899999999996
53,6429
53,760299999999994
53,6126
53,2038
54,0633
54,682700000000004
53,628099999999996
52,906
53,6173
53,2571
53,8837
54,4675
52,6419
53,5929
53,5982
53,2911
54,4732
54,500600000000006
53,727900000000005
53,0044
54,7205
53,3913
53,9589
55,049
52,604600000000005
53,2793
53,4071
52,706900000000005
54,6026
53,9067
64,5575
53,1908
56,9493
72,9793
55,1899
58,1681
74,4457
53,108000000000004
55,3383
72,4143
56,4703
54,5734
74,6682
57,9942
53,3448
69,2834
58,3769
54,3121
69,5574
58,3271
53,374900000000004
70,8565
66,0053
54,2915
65,9893
62,0037
53,5285
53,0055
54,7003
53,9966
53,9701
52,9272
71,2824
58,170899999999996
54,013400000000004
70,0274
60,1323
52,96
72,284
61,2099
53,9295
67,03580000000001
65,5946
57,8187
69,5585
56,525600000000004
53,7258
71,7304
59,0465
52,94949999999999
74,2881
57,007799999999996
54,0011
72,73979999999999
58,4282
53,829
72,6111
61,6678
55,4296
76,27929999999999
58,3521
55,0781
55,1574
54,0436
68,15259999999999
68,71209999999999
56,11300000000001
61,8392
65,471
53,4752
58,326299999999996
56,825300000000006
63,225
75,7119
62,5792
54,5811
56,736799999999995
55,5894
66,5542
54,9695
57,2701
75,22619999999999
55,5388
60,375400000000006
72,4489
54,5443
65,55030000000001
68,09270000000001
58,6449
56,368300000000005
57,757799999999996
56,345800000000004
76,6236
57,943000000000005
56,8865
74,407
53,3078
57,3434
74,4712
52,959199999999996
57,7524
69,8868
54,781299999999995
53,670700000000004
74,234
53,6812
56,9255
71,1125
57,136
53,5458
54,512699999999995
52,8625
60,201499999999996
74,83810000000001
53,3787
56,296899999999994
73,6632
53,3975
54,954
73,96600000000001
55,408699999999996
52,9503
69,1389
57,9423
54,0794
76,1667
54,9794
53,8628
72,16590000000001
59,5594
53,2968
69,6586
60,0197
53,153800000000004
66,39670000000001
62,1176
54,1537
67,3905
63,91629999999999
53,792699999999996
67,32249999999999
61,2143
55,2217
69,7997
64,46730000000001
52,303799999999995
63,95570000000001
68,0667
53,941900000000004
59,6659
68,7097
53,0306
59,434599999999996
71,0859
56,0235
55,2952
58,0462
54,4828
53,7704
54,141799999999996
70,3761
61,473600000000005
53,832
66,01650000000001
58,8775
