319,6598
288,8599
255,22549999999998
231,3049
218,67680000000001
214,1533
201,2968
194,8713
187,7696
236,6478
228,6403
219,4312
216,9664
209,0153
201,5074
208,63889999999998
188,0349
145,9965
144,05
138,0104
137,3476
137,2019
138,2708
176,7817
169,3013
162,64989999999997
163,72619999999998
184,7427
120,9754
119,59949999999999
118,65100000000001
127,92290000000001
125,27879999999999
125,6031
108,7766
127,92349999999999
140,9354
105,41300000000001
104,43560000000001
105,6753
104,6208
102,6596
99,637
99,1857
101,0773
98,0669
97,1914
96,97840000000001
122,0199
87,5123
94,9244
92,658
91,6201
91,3856
99,44550000000001
90,6194
87,7492
89,6146
102,9006
86,8874
86,57520000000001
86,737
83,95909999999999
82,60629999999999
82,78290000000001
82,32639999999999
84,523
81,4044
80,4633
92,81190000000001
83,54
80,1953
79,4361
79,4223
93,97949999999999
77,2081
76,7807
76,0749
76,17219999999999
75,351
84,0651
74,0592
83,604
80,673
74,5149
78,09
74,7599
72,9765
72,5655
72,60260000000001
74,0621
91,3411
85,5081
70,72749999999999
69,03769999999999
70,5401
69,3875
71,7236
67,9369
72,8504
67,82430000000001
65,75019999999999
67,2565
66,5068
81,12809999999999
72,6848
86,67999999999999
89,28179999999999
74,947
74,94829999999999
67,06769999999999
66,5162
81,2625
66,4041
64,8771
64,5617
64,7009
64,496
67,3907
67,4564
64,8937
64,6519
63,78530000000001
62,88680000000001
68,21770000000001
62,8721
64,78970000000001
62,2838
73,8308
62,42
61,8149
61,4206
61,5326
62,877900000000004
65,03490000000001
79,1254
61,1024
61,0662
59,396699999999996
62,493399999999994
61,076499999999996
76,1025
78,7442
59,4183
60,32
59,0429
58,6944
58,5128
58,743700000000004
58,4832
62,81249999999999
60,7046
58,3943
58,1238
57,812799999999996
57,7635
59,375699999999995
57,9974
57,4454
58,317800000000005
56,7157
56,5007
57,5875
55,958099999999995
55,8163
55,8904
55,6497
60,5399
56,4592
55,6732
55,3274
55,6674
54,7836
54,8097
63,2904
55,2648
53,6972
54,878299999999996
53,7819
55,2729
53,9184
53,1634
52,742
53,0489
56,4861
57,1274
52,6939
54,6107
51,8558
52,3147
51,925
53,1592
51,023199999999996
51,174200000000006
57,0295
51,4786
52,0258
56,1269
50,9553
51,5153
55,1964
59,356899999999996
49,7135
75,5818
49,0668
49,960699999999996
49,6398
63,224799999999995
51,6386
49,064
49,1872
49,4437
50,3056
49,048
47,898
49,391999999999996
47,821200000000005
47,990199999999994
48,9343
47,8762
55,5496
46,296
47,9356
46,3862
47,3033
48,5352
46,5513
46,841
46,9735
46,8427
46,572
46,892
47,142900000000004
47,1231
47,8851
46,222100000000005
57,7643
46,5338
60,0935
47,2179
45,2964
45,034200000000006
44,7635
45,390100000000004
45,9033
45,2994
44,4499
45,6197
45,066
45,2014
44,0462
44,589
48,429100000000005
43,596999999999994
42,8788
45,8641
44,4216
43,1899
43,897999999999996
46,080999999999996
43,3251
48,541399999999996
42,888000000000005
43,0154
41,262100000000004
42,8044
55,298
43,5631
42,96
57,7016
43,5313
42,6344
43,4932
43,1146
43,0812
43,1588
42,7227
43,2492
42,105999999999995
52,2968
56,0315
44,0316
42,2902
55,4265
43,9026
42,9653
42,733
52,945899999999995
43,7078
40,6994
42,2999
41,8908
42,4604
42,2183
49,089800000000004
40,8823
42,399
40,894800000000004
39,84
42,9944
41,1657
40,9973
42,2316
41,2755
42,3254
41,5386
41,1549
42,285999999999994
40,602399999999996
41,7915
50,6613
41,2384
53,7915
53,8199
47,4802
40,2492
42,36
39,9225
40,5738
39,362
40,236000000000004
40,0379
39,7331
41,0846
39,4283
39,097699999999996
40,9118
38,5685
39,6932
50,9045
39,1458
40,6407
40,0651
39,3322
39,6616
40,0789
38,407700000000006
39,1526
38,7461
39,3695
41,0633
40,51649999999999
52,8451
41,3019
41,5454
39,0796
39,283899999999996
43,6735
39,1931
39,3031
39,6207
40,116400000000006
39,3671
39,277899999999995
39,625800000000005
39,3106
39,003299999999996
38,330999999999996
39,6516
36,9018
38,692499999999995
38,3782
50,471500000000006
52,771899999999995
38,5214
50,0237
50,033300000000004
50,233
50,7738
49,7425
37,3218
38,6682
38,0409
38,467
38,2535
39,222899999999996
38,6991
66,6863
37,6534
47,2478
38,2247
37,1922
37,8521
37,8216
37,5793
38,1169
52,3707
36,9262
37,355399999999996
36,929700000000004
38,111399999999996
37,824799999999996
38,0225
37,52719999999999
49,275600000000004
50,1526
48,8221
48,700100000000006
47,6263
48,8596
36,5081
38,2382
37,755900000000004
37,1231
38,7901
36,6318
37,1198
46,195899999999995
35,4272
36,638600000000004
35,2954
38,8181
36,380500000000005
35,9306
36,625499999999995
36,2815
36,46
36,551100000000005
35,8925
36,0126
35,4597
36,3424
47,5511
46,1914
47,4522
48,8809
48,1161
47,4587
48,6426
46,2723
37,116
36,1473
35,8239
35,2975
35,7017
35,5489
35,949799999999996
35,3611
35,804
35,2443
35,6466
35,0463
35,134100000000004
34,440900000000006
34,456100000000006
34,4155
35,0561
34,6229
33,8606
34,2161
35,2908
34,7012
35,566100000000006
33,9073
33,8943
34,5811
34,4171
34,1144
35,3674
34,0303
45,8885
33,266799999999996
34,160000000000004
32,0631
33,5177
36,3613
33,4068
33,6939
33,2205
33,5428
32,8147
34,1948
32,1209
34,334900000000005
31,985699999999998
35,6817
32,5857
33,1992
32,5116
32,867
32,7921
32,883500000000005
37,890899999999995
32,0068
33,8201
31,576100000000004
33,2806
33,0055
33,1107
32,727199999999996
32,929100000000005
32,3561
32,9767
40,6419
31,937599999999996
32,777800000000006
31,7739
32,7531
32,247
32,6401
32,586200000000005
32,7788
32,5946
32,6959
37,9221
31,488599999999998
32,1838
31,220299999999998
31,875899999999998
31,966099999999997
32,346399999999996
31,869300000000003
32,1173
33,4084
32,0769
34,5615
31,8529
32,5218
30,9893
31,919900000000002
32,099500000000006
31,433999999999997
31,761499999999998
31,3904
32,0695
33,1511
32,6947
32,8026
31,1269
31,509299999999996
31,054100000000002
32,3199
31,8796
32,0106
31,4554
32,046400000000006
33,9157
31,6879
31,0319
31,5067
31,322599999999998
30,9056
30,439600000000002
31,1009
31,6083
31,935900000000004
30,5405
30,9707
30,904999999999998
31,024
31,739000000000004
32,1347
31,8035
30,654
31,0379
31,4257
31,274499999999996
31,4858
31,204099999999997
31,404500000000002
30,9941
31,1769
31,4556
30,752100000000002
30,5141
30,1845
30,5059
31,122899999999998
31,342299999999998
31,1552
30,5578
30,3689
31,283400000000004
30,1006
30,869500000000002
30,528
39,8872
39,7513
30,9716
39,2486
39,2107
40,208099999999995
38,9356
40,7125
40,096
31,238100000000003
30,7431
32,0101
30,5933
30,0378
30,4193
30,2656
30,4858
30,176399999999997
30,769000000000002
29,8011
30,4385
29,9748
31,804399999999998
29,749399999999998
30,2635
28,7192
30,1047
29,6009
30,0714
29,3827
30,444599999999998
29,8707
30,1154
30,6235
30,237099999999998
30,5124
29,0624
31,4146
29,9899
30,7949
29,7672
30,564500000000002
29,7889
30,1332
29,7268
29,583000000000002
29,474400000000003
29,9949
29,508599999999998
29,6198
29,4408
30,2724
29,4721
28,8873
28,198999999999998
28,5989
31,0002
28,284799999999997
29,180600000000002
30,1503
28,860699999999998
28,758200000000002
28,564
36,118900000000004
29,6272
29,0591
28,4785
29,9181
28,7959
29,0686
28,6145
28,909299999999998
29,1052
30,0202
28,5945
28,9043
29,3091
28,3645
27,6562
29,6351
28,9465
28,6281
28,0392
30,5387
27,509999999999998
27,5469
28,0246
27,8085
28,4817
27,4363
28,2973
28,419
27,8323
28,4447
28,389999999999997
28,750899999999998
27,9343
28,8447
28,120900000000002
28,913600000000002
28,2753
27,4449
28,6359
27,4746
27,6826
27,5826
28,189
29,294400000000003
37,820600000000006
28,5549
27,6083
28,1316
29,001800000000003
28,1614
28,533099999999997
28,5256
28,3095
28,2939
28,4619
28,8198
28,1447
31,2412
28,479999999999997
28,9369
27,3799
30,1809
28,002200000000002
28,514000000000003
27,5631
28,0759
28,1446
27,5731
28,0959
27,953
27,872700000000002
28,4691
27,1518
28,4938
26,966
27,7038
27,7409
28,308300000000003
27,8789
29,019099999999998
27,6135
28,5954
27,7611
28,0549
27,8833
30,2375
35,9178
27,400000000000002
27,5269
27,087699999999998
26,8134
26,5232
27,697699999999998
26,5306
26,9361
26,703999999999997
26,9537
26,5256
26,5347
27,7945
27,266
30,8382
26,4582
26,9871
25,9711
27,076
28,444899999999997
26,959699999999998
27,040399999999998
29,2289
27,1222
27,9918
27,4839
27,8389
27,4829
28,7426
26,341900000000003
26,789299999999997
27,1518
26,786399999999997
27,4612
26,874599999999997
26,7547
27,339599999999997
26,9591
28,9947
26,4624
26,7564
26,572100000000002
27,1738
26,8912
27,076900000000002
26,2275
27,321
27,7058
26,0331
27,0607
26,955199999999998
26,9335
27,5883
27,012700000000002
27,5428
36,3404
36,083400000000005
35,867000000000004
36,1662
28,8205
35,551899999999996
27,698400000000003
27,5667
27,684299999999997
27,9044
28,0089
26,078500000000002
26,8353
26,7894
26,1021
29,4919
26,2357
27,0425
26,4194
26,3335
27,1522
26,2072
26,7168
26,353
27,384
25,188200000000002
25,6434
26,5694
25,4279
24,9085
25,302000000000003
25,5873
25,3734
25,3876
25,4771
24,8838
27,0187
25,7904
26,471999999999998
25,7713
25,9084
26,4659
26,2163
26,1563
25,581699999999998
26,6838
25,9258
33,6321
34,881299999999996
26,296400000000002
34,9282
25,936899999999998
25,3018
25,9756
26,6605
25,5655
26,1871
26,116400000000002
25,961499999999997
26,5202
26,0444
26,386799999999997
25,6946
26,2696
26,128999999999998
25,160700000000002
24,9174
27,0837
24,905299999999997
26,094099999999997
24,3401
25,904400000000003
25,083000000000002
25,6965
25,756600000000002
25,545
25,2276
25,7762
25,948700000000002
26,063200000000002
25,8307
25,183699999999998
25,4087
25,8539
25,9862
26,983900000000002
25,9623
26,6111
24,3068
25,5794
25,7247
27,522000000000002
26,0261
25,386300000000002
25,3858
25,698800000000002
25,165699999999998
25,2757
25,4972
24,7759
25,564
23,8042
24,163500000000003
31,755100000000002
24,118000000000002
25,341099999999997
23,9729
25,3319
25,122700000000002
25,0894
25,5601
24,9285
25,619300000000003
26,109099999999998
25,6452
25,378600000000002
25,2174
26,0774
26,3084
25,8109
25,854200000000002
26,0904
31,846399999999996
24,372
26,2335
24,6215
26,016399999999997
24,6493
25,0309
25,2546
24,7665
25,6259
25,0752
24,9134
25,508
25,0471
25,1292
25,2893
24,5364
25,5273
27,2266
24,7068
25,6521
23,983500000000003
24,27
23,9849
24,287
23,971
23,8965
24,635299999999997
24,0624
23,7066
25,0731
24,8721
25,331
24,7768
25,3069
24,8742
26,0631
25,5762
24,8887
25,3463
24,546599999999998
24,7562
25,3126
25,203
25,6803
24,3293
24,3381
25,1869
26,1172
24,738599999999998
24,552899999999998
24,751700000000003
25,068
23,3735
23,6505
23,664399999999997
26,1378
23,5754
24,016
23,8136
24,3478
24,020300000000002
23,222099999999998
23,527099999999997
24,018500000000003
23,6114
23,1935
24,0042
24,5041
32,4414
24,017699999999998
25,260399999999997
24,2494
24,4032
25,0171
24,368100000000002
24,8834
25,621499999999997
24,3665
24,6601
24,010099999999998
25,5135
24,4996
23,252100000000002
24,1062
22,9973
24,055300000000003
23,2804
23,433699999999998
24,1358
23,5632
24,077
23,4958
24,2015
24,0363
23,675600000000003
23,838600000000003
24,2075
23,6078
23,9996
23,798199999999998
24,2544
24,653000000000002
25,520899999999997
22,8386
23,9048
22,8607
22,9534
22,447499999999998
22,6186
22,926
22,6969
22,6207
23,238000000000003
22,9912
23,7943
23,227600000000002
23,1458
23,697
23,217299999999998
24,0596
23,1098
22,990199999999998
31,1118
31,0154
31,5096
30,9884
32,2878
30,741899999999998
25,903599999999997
23,5586
22,779
22,2322
21,5757
23,076800000000002
23,1822
22,913800000000002
25,8083
22,924400000000002
22,8426
23,6684
22,709699999999998
24,2453
22,6358
22,747300000000003
23,337799999999998
22,6903
22,886
23,295199999999998
22,6628
22,953999999999997
23,1735
21,8015
22,528
21,7299
22,3151
22,3913
23,7757
21,8928
22,619
21,5697
23,1743
23,7527
22,637999999999998
23,259800000000002
22,7425
22,903
23,582800000000002
22,7125
23,4158
23,084699999999998
23,0103
23,0745
22,3888
22,6496
23,0432
22,4389
22,4578
22,8736
21,5306
21,7406
21,823800000000002
21,1963
21,7023
23,0803
28,4815
22,488
21,1625
21,6906
21,459
21,2391
21,571199999999997
21,2212
21,1077
21,8455
21,951600000000003
21,889200000000002
22,6769
22,229200000000002
22,397
21,8772
22,1779
22,2085
22,177100000000003
21,9696
22,4418
22,1053
23,2045
22,5307
22,0955
22,3458
24,1491
21,7271
23,8979
22,057
22,7061
22,7555
22,1576
24,9087
22,6862
22,3759
22,4984
22,709300000000002
22,2092
22,5474
22,769299999999998
22,4205
22,6379
22,273899999999998
22,6711
22,2441
22,9437
22,8333
21,447999999999997
23,9923
21,7375
23,482300000000002
21,9071
22,058600000000002
22,1876
22,3515
22,1709
22,1175
22,0175
22,667199999999998
21,5059
21,6093
22,4147
21,7243
21,721799999999998
22,221500000000002
22,206
22,075
22,601599999999998
21,6878
22,3759
21,2607
20,883599999999998
21,424200000000003
21,2259
21,253899999999998
21,2549
23,019399999999997
21,5337
22,3146
20,8063
21,5779
22,1001
21,404200000000003
21,7441
21,808
21,5782
21,7592
22,0091
21,4257
26,7714
22,849
21,372
21,484099999999998
21,198700000000002
20,537799999999997
20,931
20,4556
20,4224
20,8079
20,2191
22,9192
20,663500000000003
21,9471
20,5319
21,440399999999997
20,6869
20,335700000000003
20,908
21,0137
20,5515
21,156299999999998
21,6162
21,4777
22,7865
22,042099999999998
21,3824
21,694399999999998
21,1772
21,872200000000003
22,054000000000002
21,221400000000003
22,5701
21,1913
23,2159
22,0681
21,3094
21,0884
28,886499999999998
22,0364
20,148
20,809
20,2588
21,272
21,9703
21,2972
21,1794
22,3353
21,3423
20,182100000000002
20,455399999999997
19,902
20,1988
19,9065
21,2245
20,1035
20,0037
20,374799999999997
20,509
20,3267
19,897499999999997
20,7024
19,918100000000003
20,0011
20,6152
20,5542
20,293599999999998
22,2077
21,0686
21,6009
20,4995
21,703500000000002
20,953300000000002
21,567200000000003
21,5095
20,8827
21,5894
21,4839
21,4314
21,3103
21,1738
20,8477
21,270899999999997
21,113300000000002
20,3233
19,749599999999997
19,8032
20,213700000000003
20,122799999999998
20,2164
20,4896
21,8206
19,7845
24,2134
19,4633
20,3039
20,8685
20,2896
20,2957
20,5868
20,1292
20,9522
20,4066
20,259
20,4936
20,894099999999998
20,1644
20,0593
20,1309
19,0897
19,698
19,1135
19,5737
19,540200000000002
19,2747
19,7157
19,3963
19,5665
18,9437
19,5999
22,0682
20,2742
21,3145
19,3098
20,639999999999997
20,2607
20,3705
21,2638
20,3022
20,2992
22,014599999999998
21,2141
20,047900000000002
20,3811
20,3004
19,902900000000002
19,8406
19,3584
19,151600000000002
19,416800000000002
19,4892
18,7308
18,730900000000002
19,1388
18,886
18,692899999999998
19,9479
18,6663
18,593
19,9687
19,374200000000002
20,215500000000002
18,5471
19,9574
19,3791
20,023200000000003
19,348
19,4965
20,0884
19,657500000000002
19,5493
20,0342
19,2559
19,396
19,7165
19,427300000000002
18,553900000000002
18,8011
18,242
18,264599999999998
18,1729
21,5228
20,0559
20,715500000000002
18,5001
18,1851
18,456799999999998
19,5782
19,9812
18,9257
18,469099999999997
20,4693
18,179199999999998
19,871
19,4205
19,717599999999997
19,196
20,4574
19,3972
18,1369
19,1884
18,612099999999998
19,1144
18,7727
18,831500000000002
18,1888
18,5964
18,766399999999997
18,1843
19,299899999999997
18,2984
18,3049
18,3783
19,1355
18,2882
18,6052
18,1106
18,1801
18,2835
20,7882
18,302200000000003
19,8464
18,5776
18,2813
18,726699999999997
18,3849
18,0052
18,023
18,3311
19,4411
19,8983
18,8037
18,6332
19,3386
20,1423
19,104699999999998
17,9084
18,8296
18,2831
18,2942
19,0106
18,0859
18,5834
18,2905
18,979
20,053
18,5723
18,5834
18,0933
28,363599999999998
19,204800000000002
18,8286
20,499799999999997
18,068
17,8433
19,0281
18,7695
19,256800000000002
18,9473
18,5584
19,456500000000002
18,9335
18,1683
17,9696
17,606299999999997
28,007
18,0086
17,9688
19,5937
18,144000000000002
17,858700000000002
18,0001
17,7089
17,7108
18,037000000000003
17,5532
18,735000000000003
18,491799999999998
18,770599999999998
18,366600000000002
18,484
25,0108
17,5685
17,8829
18,1297
17,479100000000003
17,6528
18,1335
17,922
17,5605
17,2362
17,683899999999998
17,2237
18,8462
18,625
18,7046
18,651899999999998
18,5183
18,4828
17,025
17,1433
17,3391
17,3583
16,9038
16,8993
17,4374
17,7258
22,9993
18,0933
23,4639
17,5853
23,3777
17,8094
20,805500000000002
17,060200000000002
17,3797
17,267999999999997
17,0125
17,0137
17,305
16,6967
16,7575
17,4146
17,663999999999998
17,5995
17,5837
18,1247
18,0512
17,6902
18,0753
17,6095
18,1563
17,2749
16,846400000000003
17,0002
16,9565
17,2424
16,8847
16,780900000000003
17,4654
17,0712
16,790200000000002
17,0033
19,2946
17,6524
20,284799999999997
16,9627
16,638099999999998
16,8341
16,8672
17,217799999999997
17,6352
17,6982
17,9179
19,2815
17,503500000000003
17,3353
18,0462
17,308699999999998
17,3103
16,8512
16,3918
16,3429
16,468799999999998
17,0719
16,4036
16,407
16,8432
16,3236
16,4774
16,6406
17,071099999999998
16,407899999999998
16,3518
16,890800000000002
21,7859
16,4376
19,0242
16,625700000000002
16,7504
17,1898
16,5611
16,2426
17,6896
17,6338
17,1177
17,611700000000003
17,761400000000002
17,2497
17,9192
17,3339
17,8041
16,3482
16,7482
17,160600000000002
16,5388
16,6215
16,567999999999998
17,0827
16,925900000000002
16,7879
18,2973
16,6012
16,4938
16,5003
17,0539
16,3952
17,0574
16,6451
19,8315
16,951500000000003
16,7436
17,151699999999998
16,235300000000002
16,1942
17,2524
17,3572
17,4922
16,9878
17,0087
17,4446
16,9434
17,1031
17,944399999999998
16,235300000000002
16,082
16,2334
16,5992
16,058200000000003
16,327
17,653
16,017400000000002
16,0689
16,258399999999998
16,4679
16,187900000000003
15,9503
15,962299999999999
16,356099999999998
15,831499999999998
16,049999999999997
21,3641
17,3797
16,0333
16,0626
17,2267
15,854099999999999
17,216700000000003
17,614
16,86
16,8903
16,895899999999997
17,3294
17,3272
17,2999
17,5431
16,2771
16,3554
16,382
16,6918
16,5455
17,267
17,048000000000002
16,2226
16,2823
16,308699999999998
17,005200000000002
16,662699999999997
16,5023
16,4898
21,8796
16,5347
19,2345
17,3331
16,2348
16,3261
16,250600000000002
16,4313
16,2359
16,1815
17,436
16,9476
17,1384
16,9008
17,432799999999997
16,7406
17,2547
16,7875
17,1094
17,3997
16,0233
15,685399999999998
16,1711
15,7224
15,6804
16,3183
15,9873
15,6198
21,1311
16,016099999999998
16,008000000000003
20,8732
22,0243
17,297
15,5941
15,5647
16,4899
16,1613
15,999200000000002
15,8301
16,0626
15,693499999999998
15,622
15,777
17,2369
16,4594
16,3184
16,3505
16,6571
16,3317
16,5871
17,4197
16,2766
15,2908
15,843
15,479800000000001
15,5684
15,711400000000001
16,0213
16,388099999999998
15,711300000000001
16,159799999999997
16,440099999999997
16,2947
15,9984
15,697
17,6292
15,726299999999998
15,8335
16,025199999999998
16,1532
15,9748
16,815900000000003
16,7152
17,0861
16,665599999999998
16,8421
17,2852
16,885299999999997
17,1297
16,3425
16,252699999999997
15,7329
15,9099
15,716399999999998
16,091
15,8032
15,629199999999999
15,820500000000001
16,192800000000002
15,816400000000002
15,755700000000001
15,9973
18,6636
19,346700000000002
15,899900000000002
21,956699999999998
16,1072
16,1166
17,1077
16,654
16,0151
15,7751
15,553
16,1093
16,5743
16,669900000000002
17,1814
16,9125
16,586299999999998
16,8717
17,020899999999997
17,7346
15,3858
16,099800000000002
15,700800000000001
15,7051
15,742200000000002
16,1333
16,127499999999998
15,8398
15,729
16,6929
18,096899999999998
15,7243
16,154700000000002
15,5144
15,514800000000001
15,460700000000001
15,946599999999998
15,4429
15,6007
16,932699999999997
15,7353
15,4782
15,580200000000001
15,0125
16,5857
16,4197
16,0318
16,0935
19,377599999999997
15,8448
16,1061
16,641099999999998
15,1278
14,999
15,146099999999999
15,249699999999999
15,284
15,0654
15,387
15,4334
15,129800000000001
15,0825
14,9321
15,705799999999998
15,1033
15,1639
15,226099999999999
15,5216
15,260599999999998
14,865400000000001
14,9353
15,5272
14,9521
16,3316
14,7342
15,504999999999999
15,138399999999999
14,8224
15,1371
16,2548
15,8469
15,936300000000001
16,2672
16,4821
16,055
15,6016
16,255200000000002
14,784
14,802299999999999
15,3016
15,3977
15,2093
15,2363
15,0151
15,702399999999999
14,8525
15,020199999999999
14,8194
15,3143
14,7498
14,7819
14,544
15,243500000000001
14,8058
15,1465
15,0022
15,2714
16,0503
14,783
14,9085
15,480799999999999
15,0356
16,7437
15,918399999999998
16,101
15,840900000000001
14,944799999999999
14,7881
15,4015
14,7666
14,7844
14,9044
15,181099999999999
14,8253
14,744200000000001
14,7876
14,6554
15,3498
15,0701
15,0653
14,7835
15,3428
15,1398
15,273
14,8592
14,9032
14,9663
15,0279
15,238399999999999
15,7329
14,9675
17,0836
15,5216
15,152000000000001
15,2958
15,0457
15,3793
16,0409
15,7625
16,991699999999998
16,2494
15,913699999999999
15,391200000000001
15,7077
16,1809
15,8349
16,0472
14,9915
15,768899999999999
16,9968
14,9535
14,973500000000001
15,1028
14,7237
14,985999999999999
14,650099999999998
14,9064
14,7449
14,611600000000001
14,6943
15,3028
15,4367
14,859499999999999
17,8055
20,4982
16,040200000000002
14,7569
15,5192
17,0856
14,8825
15,7442
15,8021
16,133000000000003
15,8183
15,988599999999998
15,952399999999999
14,849
14,826600000000001
14,8042
14,761899999999999
15,2601
14,909199999999998
14,6868
14,8755
15,208599999999999
15,0382
14,397
14,6773
15,1586
19,2458
14,580900000000002
14,559000000000001
15,2678
14,7817
14,810699999999999
14,759
17,438100000000002
14,5863
14,4334
15,0501
15,4269
14,9318
14,7178
14,640699999999999
16,2022
14,796999999999999
15,651499999999999
15,693900000000001
16,4812
15,665999999999999
15,5858
16,1722
15,1443
14,953
15,2055
14,9177
15,572000000000001
15,1382
15,1404
15,0203
15,4275
15,1331
15,080100000000002
19,840300000000003
18,857599999999998
20,0946
15,0739
15,2176
15,444799999999999
15,1176
16,3142
17,3696
15,0254
15,379900000000001
15,074900000000001
16,4187
15,7855
15,7145
15,993299999999998
15,552399999999999
15,1629
14,8917
14,779399999999999
15,1997
14,8914
14,8273
14,855699999999999
15,470899999999999
14,4883
14,650099999999998
14,7613
14,761099999999999
14,781
15,2416
15,120800000000001
14,5974
14,6143
14,405100000000001
15,2493
14,57
17,9331
15,2929
20,9623
15,5609
16,687
14,6717
15,08
14,7407
15,4971
14,610700000000001
16,1667
15,4585
15,6145
15,9503
15,9585
15,853200000000001
15,7955
15,779000000000002
18,9785
16,435000000000002
14,8876
15,218499999999999
15,1844
14,9587
14,9692
15,2328
15,157399999999999
15,3935
15,235
14,8993
14,8247
14,6361
18,5519
20,331
14,8019
15,994100000000001
15,0459
14,9938
16,1385
15,596
15
17,5655
15,0507
16,3424
16,0445
15,8632
15,894700000000002
16,2915
16,038899999999998
14,8902
14,968499999999999
15,463899999999999
15,0665
14,9943
14,8939
15,1888
14,943299999999999
15,288
14,8892
15,3736
14,9052
14,7299
14,7362
15,1678
14,741999999999999
14,7088
15,096
15,509
15,513900000000001
16,595499999999998
15,027199999999999
14,6062
14,9867
15,944300000000002
16,160600000000002
15,4583
15,389999999999999
15,3393
14,702
14,690800000000001
14,580900000000002
14,8511
15,572000000000001
14,762
14,820599999999999
14,5667
15,0416
14,4054
14,5688
14,5075
17,9305
19,6585
21,177
15,008799999999999
16,107300000000002
20,202399999999997
14,520800000000001
14,960700000000001
14,8649
14,493300000000001
15,1899
19,795
14,8503
16,8502
15,3617
14,629299999999999
14,8018
14,5374
15,1026
14,6575
14,5057
14,5912
14,340800000000002
16,172099999999997
15,1935
15,3645
15,4857
15,8679
15,451400000000001
15,546199999999999
16,032899999999998
15,669599999999999
15,3106
14,524799999999999
14,91
14,5533
14,3772
14,5051
14,8454
14,4496
14,2378
14,0858
14,2518
14,9848
16,893600000000003
19,4051
13,9148
16,666
14,9616
15,420100000000001
15,385299999999999
14,776299999999999
15,0562
15,3831
14,0958
14,9928
14,055299999999999
14,3918
16,548199999999998
14,9916
14,152899999999999
14,2296
14,336
14,7735
14,032
14,0025
14,159400000000002
14,8099
14,3335
14,414200000000001
15,871900000000002
14,4589
13,8619
14,218
14,0424
14,1525
18,3202
15,1193
15,2627
15,2478
15,5797
15,020999999999999
14,906
15,3887
14,2964
14,1942
14,1411
14,1716
14,7017
14,1568
14,371
13,872
14,6141
14,57
14,104099999999999
14,0834
14,6868
14,2668
14,0209
19,939999999999998
13,831700000000001
14,2492
14,286200000000001
14,5374
14,5214
15,633399999999998
14,3121
14,749099999999999
14,491
14,230400000000001
14,450899999999999
15,312
15,0752
15,0955
15,178799999999999
15,475100000000001
16,104899999999997
15,3192
15,388900000000001
15,639299999999999
14,7971
15,0701
15,0648
15,7601
15,5431
15,8506
14,6288
14,4912
14,0744
14,1682
13,7946
14,552000000000001
14,763399999999999
14,4673
14,1828
14,702
14,551100000000002
13,9306
14,4009
14,1792
15,8928
14,2209
14,082
16,426
15,2457
14,538499999999999
15,202300000000001
14,8652
15,6156
15,162500000000001
14,979700000000001
15,2969
15,6268
14,902500000000002
15,0329
15,1906
14,734499999999999
14,0807
14,364999999999998
14,6712
14,7701
14,4262
14,3576
14,3613
14,655100000000001
14,073
14,5182
14,3299
14,4153
19,219
14,1062
14,212900000000001
14,6625
14,0081
16,407
13,751299999999999
14,426400000000001
14,5726
14,8619
15,2152
15,5854
14,761099999999999
14,8626
14,763200000000001
15,4827
15,2859
14,132900000000001
13,8944
14,2901
13,8125
13,9092
13,6142
14,222800000000001
16,1843
16,1135
14,0607
14,511700000000001
13,84
13,9207
13,6283
18,822100000000002
13,5557
14,2723
13,6508
13,9619
13,7097
14,2407
13,7491
14,4914
16,2268
13,7893
15,1822
14,179
13,947899999999999
15,005299999999998
15,2204
14,364099999999999
14,7432
14,7111
15,416300000000001
13,6551
14,0171
13,58
13,1891
13,8861
13,4891
13,4606
13,586
13,4573
13,7268
13,3337
13,9493
13,577
13,2893
13,123299999999999
13,8841
14,084
13,5741
13,506
17,3946
13,3091
13,4619
13,5456
18,671400000000002
15,5442
13,5964
13,607
14,2025
14,5311
14,2463
14,572
14,3357
15,1628
16,8251
20,067999999999998
14,3611
14,8076
14,6074
13,5429
13,632200000000001
13,7423
14,3946
14,8049
13,9953
14,4162
13,6604
13,415
13,4307
13,4793
13,5151
13,3537
13,253900000000002
14,168999999999999
13,8957
13,7158
13,5406
13,502500000000001
13,6942
13,5288
13,7897
15,0052
16,4981
14,532399999999999
13,6202
13,2818
19,2653
14,9312
14,3017
14,1674
14,2568
14,7369
14,1024
14,1397
14,6812
12,9823
13,769699999999998
13,482
13,411299999999999
13,57
13,6281
13,5166
13,2778
13,5144
13,3237
13,6034
13,6806
17,6454
13,4114
17,491300000000003
13,2584
13,1939
13,2093
13,091000000000001
13,761000000000001
13,4028
13,4816
15,5396
13,2399
13,519
16,624
13,1907
13,065900000000001
14,4993
14,148000000000001
14,0056
14,419599999999999
14,9964
14,3716
14,155199999999999
14,325600000000001
14,6869
14,118500000000001
13,8929
15,5373
14,3423
13,9033
13,5395
13,349400000000001
13,4684
13,813799999999999
15,5197
15,732199999999999
13,5549
13,930299999999999
17,9616
13,1451
14,307699999999999
12,7624
13,5736
13,058200000000001
13,0543
14,1794
16,0632
13,0489
13,165899999999999
13,6625
13,2494
13,3598
13,2948
13,880099999999999
13,2188
14,4175
14,1649
14,571499999999999
13,9512
14,2583
14,444500000000001
14,8625
14,7379
13,229299999999999
13,2792
13,0099
13,565199999999999
13,4381
13,177100000000001
13,2699
12,844100000000001
13,6088
12,9657
17,2998
13,155999999999999
14,6421
12,732999999999999
17,656000000000002
12,9614
13,0377
13,6583
13,2679
16,642899999999997
12,8814
13,570799999999998
13,458400000000001
12,85
13,0276
13,7342
14,8445
14,0129
14,9665
14,026800000000001
13,983
14,008899999999999
13,9755
14,148000000000001
13,9087
14,4415
13,331199999999999
13,2242
13,0166
13,214699999999999
13,7447
13,2642
12,978399999999999
12,9511
13,4383
13,1441
13,3641
12,901
12,833300000000001
14,8802
12,939499999999999
17,6977
12,9791
13,4585
13,720899999999999
21,5319
13,1883
13,3416
13,4061
12,9161
13,0066
12,695
13,449300000000001
13,071599999999998
13,831700000000001
13,7783
14,0736
13,482299999999999
14,2633
13,9091
14,0706
14,3424
14,1069
13,620800000000001
13,9259
12,9685
13,6408
12,9726
12,9423
12,9415
13,6593
12,965900000000001
13,078100000000001
12,9184
13,8947
17,683799999999998
17,5797
13,1279
14,7929
12,976700000000001
17,7545
15,011800000000001
13,765899999999998
12,785599999999999
13,3365
12,8249
13,3383
13,867700000000001
13,6232
13,7712
14,551100000000002
14,3739
12,9337
13,067499999999999
12,7243
13,3897
12,9145
13,122
12,5395
15,423900000000001
13,9094
13,164800000000001
13,0999
12,8215
12,5167
13,437
12,8247
13,6709
14,2098
14,049900000000001
13,030899999999999
17,0856
13,0061
14,1403
13,5195
14,6197
12,320400000000001
17,8323
12,7889
12,762300000000002
13,2148
12,5008
13,2543
12,571499999999999
12,9458
12,5092
13,3925
13,9311
13,6777
13,5772
13,854800000000001
13,6364
13,5371
13,5193
12,541699999999999
12,8623
12,771700000000001
12,3194
12,5967
12,4991
12,3228
13,1204
12,4924
13,0722
12,2448
12,8753
12,6437
12,5017
12,4346
12,5338
14,2037
12,7978
12,5513
12,3678
15,347299999999999
12,704500000000001
12,744399999999999
13,0117
12,8699
13,0553
12,7242
12,791699999999999
12,5888
14,3602
13,6429
13,57
14,535599999999999
14,3197
13,37
13,640899999999998
13,8155
13,0419
12,6628
12,4119
13,2167
12,8721
13,341000000000001
13,116100000000001
12,2507
12,794099999999998
12,597000000000001
13,128499999999999
12,4818
12,4534
12,8862
13,0416
12,256599999999999
12,7181
12,4793
16,6278
12,9004
14,4132
12,0708
15,8821
14,047
12,405700000000001
13,1784
13,1468
13,752500000000001
12,459299999999999
12,3384
12,1474
12,2824
12,768
12,1823
11,9413
12,4785
12,2047
12,7397
11,9787
12,0357
12,6114
12,2098
12,166400000000001
12,4651
12,803500000000001
12,201500000000001
12,5459
12,6348
13,1622
14,043999999999999
14,1645
12,2514
14,8739
12,9249
12,326699999999999
12,735
12,0896
12,1991
13,6609
13,3559
13,1248
13,3116
13,5132
13,1732
12,9227
12,8372
12,1579
12,8819
12,145
11,7998
12,132
12,0745
12,5953
12,4449
12,6812
12,3672
12,2033
11,7427
12,6314
12,0988
12,1653
12,5927
14,099499999999999
12,588099999999999
12,5664
12,3311
16,520300000000002
12,166599999999999
12,1255
14,2145
12,6342
12,2583
12,6473
12,1593
12,704500000000001
12,9655
12,895800000000001
12,9704
13,1481
13,985100000000001
13,212700000000002
12,7821
12,8108
12,6579
13,2554
11,987599999999999
11,962499999999999
12,0333
11,864899999999999
12,558200000000001
12,0076
11,816699999999999
11,8346
11,896500000000001
12,060599999999999
12,119
11,8979
11,9496
11,8172
12,5459
11,8375
12,8444
11,7786
16,346
12,468
12,1129
12,8303
13,5548
11,8561
13,247399999999999
13,015600000000001
11,542399999999999
13,0978
12,6257
13,1567
11,4714
11,809099999999999
11,7644
11,4663
11,6747
12,3685
11,8026
11,526700000000002
14,3727
11,7043
12,227
11,549999999999999
11,7121
11,960099999999999
11,6806
12,237599999999999
11,6783
11,8922
12,246599999999999
12,2822
11,7537
12,0861
11,7524
11,752
12,5382
11,9416
14,3283
12,0248
12,3065
11,772400000000001
12,4665
12,3789
12,0345
11,548599999999999
11,8589
13,002400000000002
13,1639
12,454099999999999
12,6531
12,684000000000001
12,889700000000001
13
12,781600000000001
12,7243
12,6152
12,1712
12,3209
11,562299999999999
11,6063
11,2428
11,608500000000001
11,993
11,336300000000001
11,488800000000001
11,7927
15,0038
11,934000000000001
12,0325
12,604199999999999
12,6412
12,400400000000001
12,9933
12,6628
12,879
13,0814
11,4054
12,3135
12,8948
11,6174
11,599699999999999
11,9361
12,168800000000001
11,8283
11,523200000000001
12,8276
12,3194
13,1063
12,3788
12,507900000000001
12,6239
11,5794
11,5113
12,0899
11,4598
11,6424
11,604700000000001
11,5078
12,122499999999999
11,9497
11,7736
11,5398
12,0504
12,3311
11,543899999999999
12,7534
12,1046
16,0358
12,384300000000001
15,0113
11,7575
12,9451
12,754299999999999
13,377500000000001
11,7163
12,341899999999999
13,2055
13,508600000000001
15,0942
12,175699999999999
16,1046
12,2962
12,617099999999999
13,0527
12,93
12,9039
13,2903
13,1041
12,6304
16,625500000000002
16,1083
12,4467
11,8195
12,131499999999999
11,782
11,8943
14,286800000000001
13,093
12,3974
12,8374
12,6459
13,0378
12,5472
12,496500000000001
12,869399999999999
12,709299999999999
12,7029
12,658900000000001
12,4938
12,641599999999999
11,676
11,924199999999999
11,5343
11,8482
11,4755
11,9688
11,591199999999999
15,3826
11,3839
11,5218
11,393500000000001
11,3194
12,071
11,393
12,215200000000001
11,122399999999999
11,4053
15,725699999999998
12,885900000000001
11,075
11,5432
11,8836
11,1707
11,7385
12,3237
12,1925
11,7424
12,279
12,6957
12,2675
10,966099999999999
11,3101
11,129999999999999
11,45
11,069799999999999
11,1
10,9367
11,1745
11,3262
11,496899999999998
11,506300000000001
11,0419
11,476500000000001
11,5913
11,114
11,396999999999998
11,1813
11,419
11,643600000000001
15,2936
12,6052
12,226799999999999
12,924
11,3583
11,8391
11,6308
10,8668
13,5367
11,668
11,366100000000001
11,2797
11,6587
11,2143
10,916500000000001
11,12
11,2704
11,631499999999999
11,133199999999999
11,238
11,9066
12,3147
11,9229
12,3707
11,674800000000001
11,9297
11,848799999999999
11,6829
11,3956
11,114799999999999
10,6985
10,871
10,9297
10,5824
11,349400000000001
11,1568
10,6497
11,0434
11,024799999999999
10,5833
11,2614
14,4657
14,9368
10,7521
11,364799999999999
10,7902
11,2721
12,5709
11,1348
10,9315
12,3246
10,9627
11,1434
10,8885
11,8044
12,227
11,702
11,8202
11,6422
10,864
11,243599999999999
10,969700000000001
10,6129
10,853299999999999
10,6678
10,7456
11,2674
10,710600000000001
10,344100000000001
10,8331
10,67
10,563899999999999
11,065999999999999
10,684000000000001
10,291099999999998
11,0617
10,4633
10,4113
11,0798
10,5562
10,953199999999999
12,0187
11,684099999999999
11,2063
11,9283
11,4596
10,6596
12,075600000000001
11,850100000000001
13,629900000000001
13,627500000000001
13,4182
10,8711
11,2718
10,7523
10,7087
10,5687
11,7645
11,7653
12,2322
11,4056
10,8385
10,8643
10,3284
11,2196
10,346499999999999
10,7667
10,9202
11,1886
11,2081
10,5382
10,3913
10,547600000000001
10,4254
10,8607
10,6006
10,6462
10,4316
10,7329
10,9664
10,326699999999999
10,4647
10,3134
10,3529
10,435099999999998
10,8596
11,2764
12,2462
10,3246
10,486600000000001
11,398200000000001
10,1158
10,652099999999999
11,299800000000001
11,039399999999999
11,543299999999999
11,3351
11,7079
11,555100000000001
11,5142
11,623700000000001
11,2982
11,1765
10,2305
10,7613
10,6047
10,1929
10,5062
11,0862
10,2086
10,5519
10,2332
10,471599999999999
10,549299999999999
10,5182
10,7913
10,4989
10,0988
10,5403
10,7405
11,4103
11,6956
11,4274
13,9132
14,4349
10,3909
10,936100000000001
12,0308
10,3494
11,5519
11,4804
12,131499999999999
11,204600000000001
11,2684
11,380899999999999
11,891499999999999
11,1225
11,8445
11,411
11,3441
10,4373
10,9748
10,3435
11,3309
10,8117
10,2269
10,857800000000001
10,8645
10,455
11,071900000000001
10,6428
10,3781
10,6047
10,531799999999999
10,1824
11,0737
10,4862
10,543999999999999
10,6054
12,706800000000001
11,5472
10,496699999999999
10,3678
13,273
11,5991
10,4584
14,6793
13,7309
10,5968
10,5106
10,6516
11,018500000000001
10,2649
11,2362
11,321100000000001
11,0199
11,6334
11,1488
11,6686
11,053
11,135900000000001
11,3896
10,5703
10,319
10,1273
10,294599999999999
10,2141
10,312800000000001
10,9365
10,258700000000001
10,667
10,3539
10,0412
10,3777
10,8125
10,2798
10,3149
10,481300000000001
10,0762
10,1785
10,601799999999999
10,3262
10,2309
9,9498
10,27
10,7057
11,3227
13,0074
10,1113
11,1579
11,749
15,1334
10,0949
10,126700000000001
10,2944
9,974
11,874300000000002
11,2241
10,7662
11,0241
10,2126
9,9381
11,502500000000001
10,342
9,9456
10,3012
10,3445
10,1
10,8484
9,8153
10,2037
12,2846
13,480799999999999
11,2393
11,9349
10,94
14,7004
10,8956
10,1927
10,1761
11,3025
11,0585
11,122
9,955300000000001
9,985000000000001
10,4989
9,9248
9,8286
10,008
9,6791
10,0973
11,3356
10,338099999999999
10,1061
10,198799999999999
9,8312
10,114700000000001
12,492899999999999
10,4429
10,031699999999999
9,669799999999999
11,088600000000001
10,0276
9,7067
10,3743
11,2915
10,465
10,7911
10,6403
10,551599999999999
10,9999
10,9467
9,7295
9,955200000000001
9,8628
9,5913
9,5294
9,5622
10,0996
9,5979
9,6184
9,6435
9,7409
13,7366
10,2903
10,0073
9,580699999999998
11,2135
13,3168
9,723600000000001
11,3627
10,860899999999999
10,389000000000001
10,994800000000001
10,9042
10,4161
11,478
10,828199999999999
9,5
10,1938
9,9216
9,510299999999999
10,2343
9,5767
9,7944
9,456199999999999
9,6395
9,772499999999999
9,3134
14,741999999999999
9,6876
10,3475
10,392900000000001
13,7775
10,786499999999998
9,6039
9,7385
10,398599999999998
10,0223
10,4443
11,213000000000001
10,5627
10,8193
9,930100000000001
9,6761
9,616
9,707500000000001
10,0242
10,252799999999999
9,8483
9,5512
13,7859
10,4588
11,0919
11,0376
10,791
18,3509
14,654300000000001
10,9367
9,600100000000001
9,8955
9,7308
9,6045
10,2184
10,9628
10,4935
10,4671
10,7653
10,4169
10,669400000000001
10,1286
9,536
9,542399999999999
9,362300000000001
9,5335
9,557
10,117799999999999
9,618
9,615
9,5844
13,5922
10,5454
11,200099999999999
10,198799999999999
9,6377
10,5118
9,902299999999999
10,4694
10,379199999999999
11,218300000000001
10,4926
10,685599999999999
10,2982
10,5116
10,6684
11,1476
10,6083
10,4566
10,6147
15,3556
14,283000000000001
14,307500000000001
10,861799999999999
9,7004
9,4781
9,6391
10,296899999999999
9,408299999999999
10,8946
10,796999999999999
10,3203
10,9422
10,2762
10,608899999999998
10,706800000000001
10,7111
10,5222
10,218100000000002
9,625
9,8546
9,4969
9,784899999999999
9,7382
10,2538
9,8461
9,692499999999999
13,212700000000002
12,659099999999999
10,6233
13,6002
13,5078
10,9542
9,5672
13,4673
10,4524
9,6516
13,922500000000001
14,2851
15,948
11,105699999999999
12,2459
10,1346
10,4947
9,7202
10,512799999999999
10,5322
10,9176
11,183399999999999
11,051
10,6441
10,9356
11,2859
10,5222
10,7523
10,5419
10,0413
9,742
10,127799999999999
10,966
9,8045
9,7082
9,898499999999999
9,7767
10,3949
9,7415
9,8371
10,0945
9,6154
9,8819
9,5504
10,7432
9,796600000000002
9,6446
11,6782
9,8093
9,4914
10,436900000000001
15,0357
9,4752
9,6033
9,5534
10,8065
11,3423
10,489
10,6755
10,9335
10,5427
10,7663
11,6037
9,597
9,7847
10,1382
10,0138
9,821200000000001
10,226
10,0738
9,7296
9,982
9,858600000000001
12,763
10,2675
9,8218
9,995000000000001
15,0423
9,762
9,555299999999999
10,1601
10,7914
10,769300000000001
10,6686
10,427499999999998
10,603299999999999
11,085899999999999
10,3165
11,148
9,8665
9,5315
10,568
10,2039
9,6702
9,7719
9,4603
9,7387
9,7224
9,6569
14,6847
9,4686
9,5297
9,5328
14,6224
9,719
9,6043
9,289499999999999
10,2332
11,1707
10,7408
10,699300000000001
10,9557
10,6242
10,7425
10,4402
9,8879
9,5823
10,1053
9,948500000000001
9,318399999999999
9,6644
9,215599999999998
9,9519
9,9016
11,5913
10,516599999999999
19,006999999999998
12,5073
10,1881
10,3895
13,7538
9,2306
10,536999999999999
10,2085
10,721400000000001
10,2611
10,2867
10,3904
9,2903
9,3904
9,403
10,0862
9,4456
9,585700000000001
9,095600000000001
9,4067
9,056
9,8342
9,4219
11,9115
10,145
9,660200000000001
12,405299999999999
9,6493
12,2223
9,4266
9,2568
9,468900000000001
14,1616
9,2397
9,7185
9,3991
10,0582
10,3147
10,135200000000001
10,374400000000001
10,3211
10,439
10,2184
10,6602
9,986
9,4405
9,3345
9,3773
9,207099999999999
9,2316
9,7562
9,216999999999999
9,4889
12,574399999999999
12,421800000000001
9,846499999999999
12,2267
9,073400000000001
9,2021
8,919599999999999
13,9002
9,7485
8,9265
9,210899999999999
9,8012
10,248099999999999
10,2117
10,0967
10,568299999999999
10,0283
11,0504
10,5832
10,062700000000001
9,3529
9,6713
9,2928
9,4089
9,173399999999999
9,294
10,5933
9,552700000000002
13,8325
12,6762
10,0332
9,667399999999999
12,902500000000002
9,8821
9,527199999999999
9,1519
9,6471
9,411100000000001
9,686399999999999
9,0012
9,4223
9,2424
10,3219
10,7711
10,0505
10,8895
10,9932
10,328999999999999
10,367899999999999
10,6209
9,970400000000001
9,3454
9,1486
9,315199999999999
9,048499999999999
9,8317
12,7738
12,6387
9,4673
9,4845
8,9856
9,8765
9,1067
9,418
9,909899999999999
9,8766
10,306
9,9604
10,6408
14,353
13,7092
10,1639
10,7226
10,1553
9,248
12,904300000000001
9,6206
10,0542
10,8757
10,0872
10,7552
10,2363
9,8116
10,1279
9,844999999999999
10,539200000000001
10,4307
10,076
9,4793
9,027999999999999
9,2006
9,753400000000001
8,9508
9,1356
8,920499999999999
9,1868
9,0959
11,2804
9,6668
8,9913
8,9226
8,8739
13,3985
9,283299999999999
8,9377
9,358699999999999
9,873099999999999
9,9819
9,6686
10,187999999999999
9,854800000000001
10,437999999999999
9,8998
8,9163
9,239
8,798200000000001
9,9869
9,4542
11,432400000000001
9,2561
8,8904
9,019499999999999
8,812999999999999
10,0093
10,640699999999999
8,6875
9,161900000000001
8,785400000000001
9,1714
9,7721
10,2333
11,201600000000001
8,7132
9,6715
8,8208
9,0004
8,7535
10,6695
9,5001
8,6923
8,928500000000001
9,0399
9,7683
9,584
9,722299999999999
10,721
10,2565
10,2149
10,2299
8,9149
8,741
9,2264
9,8987
9,6211
11,8179
9,377500000000001
9,672500000000001
8,7011
9,3313
8,8795
9,5767
9,0817
10,3088
8,770800000000001
8,9244
9,348600000000001
9,7414
9,796
9,8619
10,154200000000001
10,357899999999999
9,8397
9,052100000000001
15,939200000000001
9,2605
9,2461
8,995899999999999
8,6936
9,7605
9,8578
12,6974
10,0868
12,977
9,263300000000001
9,8064
9,8565
9,709999999999999
12,944199999999999
11,930100000000001
8,8446
13,5835
8,8119
10,057
9,9431
10,4125
10,012
9,8583
10,2518
9,4194
9,0258
9,6893
9,3101
9,0491
8,8659
9,0948
8,8822
9,812899999999999
13,5414
12,4551
9,6067
11,297099999999999
8,742400000000002
9,7207
10,8483
9,5861
9,431099999999999
9,0579
9,0563
15,789000000000001
8,8924
10,1359
9,9518
9,6607
10,096300000000001
9,641300000000001
10,529
9,926
9,9667
10,201
8,8292
10,087
13,3194
8,7456
9,786299999999999
8,893699999999999
9,7692
9,9018
10,644
9,610199999999999
9,575800000000001
10,182699999999999
8,8765
8,758000000000001
10,4178
9,6236
9,0428
8,7811
9,079600000000001
8,6749
8,9579
9,7503
8,625499999999999
8,9662
8,6225
8,8736
9,638499999999999
9,8765
13,757399999999999
9,9311
9,5077
9,5529
9,7476
9,029
9,1889
9,3426
9,878400000000001
10,0297
10,2058
9,5944
10,419400000000001
8,7614
8,952200000000001
8,718
10,2644
8,8574
10,6106
9,4439
8,811
9,0002
9,740499999999999
9,9929
9,658800000000001
10,743300000000001
13,0626
8,9832
8,972100000000001
9,1494
8,6163
9,199499999999999
8,666699999999999
8,886800000000001
9,0709
9,7737
9,593
10,2409
16,2771
9,2691
8,6777
8,7797
8,5849
9,019900000000002
8,5743
10,5824
8,8127
8,8661
8,7927
8,788
8,806899999999999
8,9996
9,304
8,716899999999999
9,7033
9,5452
9,7351
9,5327
10,215399999999999
9,941099999999999
9,7945
8,9846
8,8892
9,0916
8,59
10,4535
12,6934
12,121099999999998
8,8226
8,7185
8,6664
9,2175
9,5855
9,727400000000001
9,2905
9,5976
9,9656
9,3869
10,1897
9,737300000000001
10,3217
9,5987
9,8092
8,9501
8,4329
9,2669
9,014700000000001
8,753
8,4002
8,6858
8,5562
9,2569
8,7806
12,5353
8,974599999999999
8,9356
9,6232
9,8598
9,603499999999999
9,515600000000001
9,515600000000001
9,8899
9,4296
10,1137
9,5693
9,6553
8,6476
11,967600000000001
12,2829
9,179599999999999
8,379199999999999
8,7152
8,5709
8,5521
8,5855
9,1826
8,9349
8,6647
9,0549
8,6827
8,9914
12,8933
9,524700000000001
9,8242
9,5778
9,2926
9,821
9,630700000000001
9,7243
13,0877
13,477599999999999
9,8943
8,7246
8,3356
8,5796
8,2522
9,337
9,0254
8,4267
8,6754
8,5374
8,4299
9,896500000000001
9,6442
9,468499999999999
9,639
9,447799999999999
9,7107
9,58
10,1752
9,635
9,3674
9,6808
9,5293
10,9414
10,4468
9,5833
9,6834
9,5497
9,661
8,7375
8,4903
9,2959
8,441699999999999
8,8103
9,402000000000001
9,597700000000001
9,880999999999998
9,7808
10,149099999999999
10,034899999999999
9,1848
8,8613
8,8176
8,7573
8,6641
9,2032
8,5828
8,6097
10,8388
10,2234
9,891300000000001
9,4202
9,1575
9,1691
9,3642
9,0518
9,2648
11,924199999999999
9,7172
9,8184
9,8504
9,618
9,4925
10,5837
10,1731
9,3839
9,7304
10,5938
10,0657
10,146
9,3595
8,8762
8,516
8,7606
8,5472
8,8894
12,406
11,996599999999999
11,8278
8,68
8,675199999999998
8,721400000000001
8,4125
10,2211
9,450800000000001
9,5765
9,2551
9,5252
9,749799999999999
9,357600000000001
9,437100000000001
13,7633
12,2818
12,9384
9,2186
9,6442
8,507000000000001
9,7123
9,36
9,1493
8,7537
8,2196
8,5244
8,173
9,2272
8,4384
8,326500000000001
8,4525
8,3552
8,5549
8,197899999999999
8,8791
8,4489
8,5285
8,209100000000001
8,530700000000001
8,2145
8,6906
8,2449
9,071299999999999
10,8322
9,3598
8,8764
8,503200000000001
10,217
8,2075
8,908299999999999
8,166400000000001
8,8914
8,3494
8,377799999999999
8,3611
8,5111
9,920200000000001
9,433399999999999
9,3776
8,6964
8,385
8,6692
8,2896
9,0586
8,3336
8,7324
8,4101
8,6552
8,5369
8,4709
9,742600000000001
9,185
8,7826
8,416500000000001
8,6698
11,6406
11,8027
12,244299999999999
11,7269
11,7021
8,9963
8,4309
10,739500000000001
9,5022
11,8294
9,643
9,457699999999999
9,4353
9,9841
9,1692
13,3163
12,4054
9,199
10,181600000000001
12,486600000000001
8,984499999999999
8,9476
9,1693
9,499600000000001
9,135000000000002
10,1367
9,4919
9,6775
9,5277
8,4503
8,587900000000001
8,8605
8,6909
8,3856
8,7988
8,3847
8,7623
8,576600000000001
9,189900000000002
8,4099
8,774000000000001
8,404
8,841099999999999
8,7223
9,0177
8,7445
8,4922
8,6578
10,5496
8,575299999999999
8,4798
8,6357
11,2416
8,5728
8,7469
9,2726
9,5176
10,230599999999999
9,613800000000001
9,761199999999999
9,6731
10,148000000000001
8,7078
8,8269
9,1741
8,8515
8,656799999999999
8,8473
8,5427
8,9561
8,8713
9,485800000000001
8,8921
8,7713
8,9427
8,905100000000001
8,819
9,2376
9,0337
8,683200000000001
10,837100000000001
8,6826
9,1154
8,8825
9,6279
9,017199999999999
8,7517
9,6207
8,661999999999999
9,035599999999999
8,678099999999999
10,576500000000001
9,9091
9,728499999999999
9,8939
9,921100000000001
9,7036
10,3599
9,8681
10,2331
8,6576
10,2755
8,6412
9,5882
9,099
11,6865
9,024600000000001
8,6677
9,126900000000001
8,6303
14,7943
12,2603
9,151
9,0168
9,6529
9,4253
9,266200000000001
8,828199999999999
11,3065
12,6147
12,5906
9,524799999999999
11,195699999999999
12,682
11,707
8,695400000000001
11,0598
10,243
11,9784
9,5331
8,6865
9,760299999999999
9,752600000000001
9,9095
9,375100000000002
10,1919
8,618
8,8021
8,6882
8,903400000000001
8,7134
9,3063
8,7592
8,5599
8,957400000000002
8,542
8,8784
9,0472
8,696900000000001
8,5893
8,925600000000001
8,5884
9,0524
8,5778
9,5757
8,8094
11,388499999999999
8,9867
8,6497
8,9893
9,6057
12,4201
8,7779
8,8138
10,0327
9,4693
10,3874
9,6955
9,7661
9,8348
9,7028
8,9466
8,6501
9,2836
8,8049
8,8518
8,933200000000001
8,775
8,9616
8,5538
9,3697
8,5732
9,2943
8,6377
8,8173
8,7192
8,7905
9,0992
12,290000000000001
8,867099999999999
8,6736
8,8455
8,710600000000001
8,794
9,1777
8,7492
8,6181
8,8928
8,515699999999999
8,8624
11,0151
9,053500000000001
8,7586
8,6414
9,369
8,5756
9,148
8,7494
9,7605
9,7523
9,772400000000001
10,084100000000001
8,5515
8,8308
8,5184
9,2112
8,530899999999999
8,755799999999999
8,6678
8,7889
8,7464
8,9435
10,1218
8,4041
9,1235
8,3985
8,7797
8,4524
8,7255
9,021700000000001
8,680399999999999
8,5082
8,6424
8,5121
8,8587
9,6856
9,4877
8,730599999999999
8,5381
11,647499999999999
11,7846
12,286200000000001
12,460799999999999
12,1004
8,7441
10,0794
8,439300000000001
8,7762
8,4329
10,4198
8,7902
8,6404
9,4422
9,5105
9,7376
9,9156
10,3044
9,573699999999999
9,6056
9,6236
8,7873
8,7062
9,1237
8,8989
8,572
8,8262
8,6937
8,820599999999999
8,7688
9,0051
8,7073
8,684600000000001
8,7872
8,738100000000001
8,8705
8,5705
9,3241
10,7411
9,7012
9,892
9,383600000000001
12,543800000000001
10,064200000000001
8,571900000000001
8,916200000000002
9,975
9,7343
9,3852
10,3432
8,8746
8,7787
8,754700000000001
8,5929
8,7363
8,6545
9,4079
8,581999999999999
9,048
8,6936
9,1542
8,642199999999999
8,9514
8,6876
9,328299999999999
8,974599999999999
8,6389
8,947999999999999
8,6283
12,0854
9,215
8,957400000000002
8,600999999999999
9,075
9,5937
8,519499999999999
9,9299
10,031
9,857299999999999
9,4025
9,768
9,571
9,6196
9,543299999999999
11,7433
10,058
9,8929
8,626
9,4895
9,0526
9,4566
8,5045
8,9425
8,6417
8,8544
8,7096
8,5802
8,7516
9,0828
8,731
8,435
8,720600000000001
9,163499999999999
9,1568
8,824399999999999
9,153599999999999
11,7662
8,9155
9,5703
11,4752
8,5487
9,006200000000002
8,5641
8,9217
8,6337
8,8883
8,4744
8,929
8,494200000000001
10,467600000000001
9,362300000000001
9,6334
9,2686
9,5497
9,963899999999999
8,475399999999999
8,8068
8,4633
8,850399999999999
8,405299999999999
8,8711
8,3832
9,2187
8,428099999999999
8,761899999999999
8,3775
8,668800000000001
8,3459
9,2513
8,3224
8,879700000000001
8,3723
8,9353
8,720600000000001
8,255500000000001
9,539000000000001
12,6222
9,9695
8,9933
12,8445
9,8703
11,1729
8,4825
8,3757
9,2301
13,1117
8,8077
8,5237
9,4964
9,447000000000001
9,5799
9,705200000000001
9,4544
8,9572
8,573
8,4633
8,6583
8,4058
8,5989
8,5124
8,5922
8,994399999999999
8,6653
8,5171
8,446499999999999
8,5686
8,4655
8,5884
8,8397
8,480400000000001
8,5243
8,4949
8,5855
8,6442
10,6881
10,1801
8,2224
8,584100000000001
8,6204
8,7157
8,242700000000001
8,530299999999999
8,744399999999999
9,3752
9,6586
9,1711
9,4905
8,2719
9,8582
8,894400000000001
8,7439
9,9006
8,191199999999998
8,6858
8,3438
8,722000000000001
8,176499999999999
8,969899999999999
8,1942
8,2722
8,1875
8,281
8,8628
8,800199999999998
9,015699999999999
8,2933
8,1958
8,493799999999998
8,2584
8,2945
8,1528
8,2553
8,715499999999999
8,2459
10,0859
11,663599999999999
11,728900000000001
8,1228
9,409600000000001
10,2034
8,431299999999998
8,0108
8,5906
8,379299999999999
8,3062
8,7564
9,163499999999999
9,2769
9,1049
9,3545
9,5222
9,2531
8,6478
8,3689
8,812000000000001
8,479199999999999
8,1023
9,4693
12,5509
9,707199999999998
8,429
8,5579
8,4522
8,6887
8,3773
8,7194
8,5304
8,1417
8,4419
8,1128
8,4529
8,1547
8,8959
8,296100000000001
8,4848
8,1867
8,3122
8,1192
8,82
7,9866
8,2955
8,0884
8,3707
7,973299999999999
10,6288
8,2477
8,659500000000001
7,9189
8,4448
11,4802
7,9735
8,2258
8,7804
9,5444
7,9708000000000006
8,232899999999999
8,0151
8,4607
7,9715
8,3526
7,9526
8,8763
7,9976
8,325600000000001
8,0088
8,401
8,2358
8,3699
8,9626
9,5666
8,207
8,3284
8,1831
8,28
8,2726
8,3249
8,6106
8,3985
10,096499999999999
8,4083
8,1513
8,7393
8,1996
12,2187
12,756
8,1938
9,125
8,425
8,2279
8,4973
10,381400000000001
8,5346
8,2597
8,2787
8,3801
8,3637
8,7148
9,192
8,844100000000001
9,279
8,045200000000001
8,221900000000002
8,038
8,2977
8,191500000000001
8,946900000000001
8,233
8,3301
8,1583
8,3277
8,2518
8,3425
8,6767
8,3337
8,1925
8,3273
8,3108
8,2364
8,1463
8,2145
8,6095
8,3122
8,161
8,3139
8,1723
8,2379
8,3946
8,8895
8,3526
8,2451
8,123
8,1969
8,0643
8,215399999999999
8,5387
8,4147
8,8791
8,1876
8,2278
8,007399999999999
8,7461
8,8153
8,722999999999999
9,0828
9,3445
9,0671
8,2183
8,571499999999999
8,246
8,200600000000001
8,1624
8,07
8,090200000000001
8,1103
8,082600000000001
8,4341
8,2307
7,9174999999999995
8,1806
7,9454
7,984299999999999
8,1983
8,484
8,1995
9,1743
8,123099999999999
8,1408
8,005
7,917999999999999
8,1409
8,4086
8,1127
8,017
8,3978
8,023499999999999
8,3866
7,929200000000001
8,834299999999999
7,911899999999999
8,286
7,896699999999999
8,270700000000001
8,735
8,211500000000001
7,8174
8,5844
8,1422
9,3768
8,6198
9,0021
9,3472
9,0244
8,569500000000001
7,8075
8,0446
7,799300000000001
8,064699999999998
7,805999999999999
7,929800000000001
7,920699999999999
9,9152
10,429300000000001
8,3485
8,1744
8,4202
7,6875
8,3768
7,746099999999999
8,4764
7,7988
8,1829
7,7503
8,061399999999999
7,7559
8,2659
7,7773
9,1921
8,0379
8,0455
7,8299
7,7887
8,117700000000001
7,8044
8,2242
7,9971
8,065
7,7704
11,2735
9,1917
7,9213
7,976000000000001
8,390500000000001
9,1014
8,6462
9,0951
8,721400000000001
8,852799999999998
9,125599999999999
8,097
7,79
7,8814
7,8066
7,900799999999999
7,7895
8,473400000000002
7,932099999999999
7,9165
7,9068000000000005
7,869299999999999
7,8245
7,5914
8,5586
7,6619
7,9476
7,6444
7,9191
7,6262
8,0847
7,6392
8,4664
7,662000000000001
7,859100000000001
7,6464
7,9299
7,8165000000000004
9,8087
7,6492
8,005999999999998
7,6304
7,8317000000000005
7,8654
11,125599999999999
7,6392
7,8727
7,5907
9,298
7,847099999999999
7,9049
7,7863999999999995
7,929500000000001
8,1911
7,95
8,2349
7,7185
8,0489
7,6777
8,1256
7,714300000000001
8,0511
7,7836
8,4108
7,562
7,887200000000001
7,5886000000000005
8,0209
7,6567
8,020299999999999
7,7231000000000005
8,4949
7,672
8,1695
7,7773
8,1043
7,8306000000000004
7,7742
7,8098
8,2086
8,190299999999999
9,7606
8,2751
8,2136
8,3049
8,3927
7,6927
8,719100000000001
8,3424
8,818
10,018600000000001
9,5083
8,7428
7,8763
8,3362
8,122300000000001
8,0257
8,5053
7,7096
8,340399999999999
7,8408999999999995
7,8649
8,1629
7,7623
7,6305000000000005
7,9422
7,4884
7,5635
7,740399999999999
8,065199999999999
8,3311
8,5925
8,224
7,623600000000001
7,7189
7,6667000000000005
7,721699999999999
8,047
7,7355
7,5845
10,5454
10,4159
7,821
8,0776
7,7559
7,8476
7,7382
8,6336
8,8088
7,5233
7,6736
7,9434
8,0744
7,6447
7,5657
8,482800000000001
8,666500000000001
8,7241
9,1474
8,4897
7,9186
7,5815
8,0496
7,5689
8,0427
7,5797
8,3708
7,5841
7,8294999999999995
7,7285
7,8052
7,7386
7,628
7,7366
8,0808
7,7332
8,1408
7,6899999999999995
7,588
7,7202
7,5454
7,678
7,9133
7,944
7,570399999999999
7,4879999999999995
7,6981
7,624
7,7286
7,6716
7,745100000000001
8,1692
7,7549
7,5950999999999995
7,7397
8,8146
8,029
8,5534
9,048
10,4814
7,7076
7,638800000000001
7,714300000000001
7,605899999999999
7,6682
8,064
7,6880999999999995
7,579899999999999
7,6493
7,7478
7,5366
7,7168
7,4758000000000004
8,231
7,4067
7,732100000000001
7,4268
7,8122
7,364
7,7345
7,3963
8,1583
7,6553
7,4704999999999995
7,9092
7,4142
7,7184
8,030100000000001
8,6455
7,4733
7,7606
7,4564
7,924799999999999
7,478000000000001
7,7277
9,5727
8,9625
8,6725
8,5011
10,7595
8,9199
7,8908
8,933399999999999
7,6032
8,106800000000002
7,5572
9,33
7,691199999999999
7,924300000000001
7,529400000000001
8,3122
7,5354
7,8496999999999995
7,5408
7,8076
8,2092
8,2974
7,5947000000000005
8,2247
7,5748999999999995
7,9751
7,5584
7,6560999999999995
7,7137
7,5133
7,7318
7,4536999999999995
8,180299999999999
7,4337
7,7503
7,4414
7,8332999999999995
7,4415000000000004
7,998200000000001
8,2043
10,2326
7,3790000000000004
7,3832
7,4174999999999995
8,8165
7,4604
7,2413
8,054
7,3981
8,5673
7,483
8,003400000000001
7,7443
7,657500000000001
7,9865
7,6134
7,6558
7,5802
7,4958
7,4133000000000004
7,7872
7,4159
8,1837
7,4337
7,9773
7,5796
7,6389
7,8939
7,6692
8,0561
7,7493
7,579899999999999
7,7112
7,4761999999999995
7,5475
7,6437
7,6688
7,867799999999999
7,9655000000000005
7,662000000000001
10,3758
7,637
7,4543
7,7058
7,7495
8,2206
8,5077
8,9528
8,412899999999999
8,753300000000001
7,6972000000000005
8,3257
7,5076
8,043
7,5223
7,812
7,5715
7,858499999999999
7,554
8,3334
7,521800000000001
7,6333
7,6979
7,7745
7,7646
7,6674999999999995
7,7357
8,2421
7,7248
7,6061000000000005
7,7739
7,6659
7,7148
7,5693
7,808599999999999
8,1602
7,7017
10,7411
8,774600000000001
7,844500000000001
7,7484
7,7726
8,8317
8,9548
8,7289
8,428899999999999
9,591199999999999
12,9777
8,266499999999999
9,487499999999999
11,8622
9,494000000000002
10,4419
8,8075
8,2048
9,0083
8,4187
7,5775
8,073200000000002
7,6418
7,7294
7,894
7,678
7,889200000000001
8,7501
8,3067
7,7371
7,8100000000000005
7,7843
7,8157
7,699400000000001
8,0145
8,1539
7,8645
7,7581999999999995
7,833100000000001
7,740399999999999
7,9068000000000005
8,0056
7,820499999999999
8,240300000000001
7,7167
7,9094999999999995
7,6686000000000005
8,2905
7,819700000000001
9,8935
7,6762999999999995
8,3289
7,6204
8,2326
7,764
8,1217
8,3223
9,1217
8,6616
9,094899999999999
9,0036
8,0506
7,899
7,9849
7,924499999999999
7,9902
7,8496
7,9863
7,9094999999999995
8,2281
7,828
7,9148
8,3623
7,957000000000001
7,8324
7,929
8,177800000000001
8,0972
7,7547
7,923400000000001
7,7977
7,9168
7,838100000000001
7,9425
7,8671999999999995
8,364999999999998
7,946699999999999
11,165700000000001
10,450299999999999
11,1763
7,8516
8,5949
7,716200000000001
8,1741
10,6009
10,1615
7,910199999999999
8,6157
9,1836
11,7837
7,8949
7,585
7,838299999999999
7,6321
8,7948
7,6483
8,436300000000001
7,6579999999999995
8,2077
7,6376
8,0211
7,6671
7,8826
7,6425
8,346
7,6311
7,855300000000001
7,6194
7,882099999999999
7,8999
7,7016
8,9647
8,255
7,937100000000001
7,691800000000001
7,8861
7,7976
7,8115
7,6777
7,813300000000001
7,819299999999999
7,8598
7,778700000000001
9,5578
8,1197
8,3559
8,473400000000002
9,807
7,834199999999999
8,102699999999999
7,655600000000001
8,8186
7,7533
7,934099999999999
8,1746
7,8363
8,2001
7,830500000000001
7,7299
8,7781
7,9652
7,9614
8,1885
7,947100000000001
7,785399999999999
7,902299999999999
7,7767
7,6987000000000005
7,9676
7,7893
8,2482
7,6333
7,923299999999999
7,660100000000001
8,1951
7,646199999999999
8,0003
7,6487
8,4892
7,825
7,8966
8,683200000000001
8,0984
8,7626
9,2741
10,631
9,016100000000002
7,6352
8,2108
7,6499999999999995
7,964300000000001
8,250499999999999
7,815799999999999
7,783499999999999
8,0753
7,7722
7,8835999999999995
7,7988
7,9045
8,480599999999999
7,9118
7,746
7,895599999999999
8,159400000000002
7,841600000000001
7,7834
7,693700000000001
8,736
7,7155000000000005
7,998999999999999
7,7033
8,046899999999999
7,704
8,145100000000001
7,7598
8,452599999999999
7,6691
8,014800000000001
11,358500000000001
8,2905
7,7039
8,1532
8,4536
8,9575
8,4621
8,898
9,01
8,5863
8,357899999999999
7,6596
7,869299999999999
7,954299999999999
7,7121
7,905799999999999
7,7378
7,8323
8,2189
7,8919999999999995
7,7017999999999995
7,8864
7,7942
7,8245
7,705
7,7414
7,8125
8,2084
7,6397
7,7871
7,5774
7,6921
7,825699999999999
7,9022
7,865799999999999
8,2127
7,816
8,3722
8,2863
8,1099
8,1385
7,6631
9,4165
8,8043
8,843399999999999
10,3539
9,2485
12,3595
8,794599999999999
9,1518
8,7412
9,719800000000001
10,0352
8,6657
8,2324
7,874199999999999
8,8852
7,7386
7,9194
8,335
7,9212
7,8663
8,9413
8,217500000000001
7,893000000000001
7,795800000000001
7,937899999999999
8,139999999999999
7,6495
8,0873
7,660100000000001
7,9489
7,6584
7,9927
7,672199999999999
8,3196
7,6506
8,5367
7,6696
7,976799999999999
7,6703
8,0307
7,6772
7,997300000000001
9,1038
8,5329
7,6526
7,865499999999999
8,7074
9,1237
7,892400000000001
8,7844
8,2876
7,8613
7,7085
7,8127
7,7933
7,8726
7,7902
7,610600000000001
8,604199999999999
7,6391
7,9539
7,7161
8,6848
7,704199999999999
8,0274
7,7552
8,6871
10,254100000000001
7,9491000000000005
7,6679
7,900600000000001
7,809
8,1997
8,2451
7,927
7,9265
8,6524
8,9303
8,6418
8,5602
8,7468
8,2097
7,8528
7,8948
7,875
7,839199999999999
7,873399999999999
7,7536000000000005
7,8740000000000006
8,404399999999999
7,927200000000001
7,7209
7,896200000000001
7,8303
7,8761
7,7288
8,0246
11,7279
7,680499999999999
7,6006
7,6604
7,7915
9,9559
7,6122000000000005
7,9366
9,1768
8,6332
8,3842
8,8723
8,514100000000001
8,806700000000001
7,589799999999999
8,4001
7,6373999999999995
7,9703
7,606199999999999
9,142900000000001
7,7808
8,027700000000001
7,6873000000000005
8,5053
7,6016
12,6261
7,8312
7,7579
7,8537
7,7682
8,1108
8,352699999999999
8,2196
8,1543
7,7662
8,7335
8,5991
8,9973
8,155100000000001
7,8603000000000005
7,6242
7,814299999999999
7,6692
7,7734
7,6787
8,5367
8,5638
11,8983
11,8827
8,536800000000001
10,732999999999999
10,5832
8,3234
7,6456
7,9401
7,5965
12,569
7,6448
8,0285
9,2025
8,8186
10,9086
7,699
7,889
7,680700000000001
7,7893
8,228900000000001
7,9331000000000005
7,8165000000000004
7,827799999999999
7,9015
8,0508
8,2156
7,6757
8,5673
11,4483
11,741
8,782
7,7374
7,8676
8,2544
10,2836
7,884
7,856699999999999
7,7631000000000006
8,6785
9,347100000000001
7,888600000000001
8,294899999999998
8,4763
8,6552
8,944600000000001
8,628200000000001
8,984
8,7522
8,5329
7,6001
8,039100000000001
7,6455
7,9613
7,614199999999999
7,9928
7,6667000000000005
8,5035
7,783
7,9992
7,6936
8,1539
7,6677
7,8704
8,6875
10,7935
8,206299999999999
9,052100000000001
8,6487
7,963100000000001
9,7716
8,141499999999999
8,8602
8,9506
8,924100000000001
7,8636
8,9495
8,538799999999998
9,0775
7,6459
8,446499999999999
7,7363
7,896999999999999
7,7029000000000005
7,7307
8,1138
8,0015
7,912799999999999
8,2045
7,8538
10,0374
8,7297
7,555400000000001
8,579699999999999
7,6126
9,447600000000001
7,6242
7,7876
7,743
9,1702
8,361
8,1844
7,7822000000000005
8,4958
7,622
8,0873
8,0197
8,3372
7,758
11,2394
11,3545
7,7848
7,917999999999999
7,6884
7,8519000000000005
9,7569
8,6421
8,465
8,2293
7,855600000000001
7,6414
8,632000000000001
8,7736
8,3027
9,145
8,7044
8,7909
7,6515
7,7974000000000006
7,7914
7,805000000000001
8,1443
7,852100000000001
7,779999999999999
8,0077
7,689299999999999
10,8752
7,7292000000000005
7,6354
8,0836
7,6304
7,666799999999999
7,8891
8,0161
7,6046000000000005
8,1151
7,4452
8,4093
7,423
8,700299999999999
7,5776
7,835800000000001
7,5307
7,8876
7,5284
8,311499999999999
7,5411
7,798
7,5906
7,6361
8,0046
8,416699999999999
7,847700000000001
7,656300000000001
8,3033
7,5504
7,7297
8,849499999999999
8,949
8,1515
8,6398
8,9088
7,993099999999999
8,5848
7,8201
7,7029000000000005
7,8668000000000005
7,7057
7,8286
8,1574
12,584200000000001
7,4803999999999995
7,8813
7,5371
7,7894000000000005
7,870699999999999
7,7492
9,0167
8,8735
7,998
8,0356
7,6662
7,761900000000001
7,5401
7,6803
8,051
9,0171
8,6465
8,0417
7,569
7,8914
7,9676
8,291599999999999
7,683599999999999
7,6902
7,6
7,3383
7,948500000000001
7,6129999999999995
8,1137
8,1596
8,289299999999999
7,4692
9,264
7,5746
7,7357
8,4376
8,6537
9,2986
7,763
7,6446
7,9688
10,6593
16,6999
13,1626
8,4299
7,6359
8,6087
8,4758
8,068499999999998
8,382000000000001
7,8042
7,9138
7,7392
7,5359
8,5958
7,5996
7,949599999999999
7,646199999999999
7,6432
8,2256
7,5624
7,8092
7,5469
10,6959
11,0568
7,7010000000000005
7,7249
8,765500000000001
7,8116
7,4706
8,066699999999999
8,346900000000002
8,829
10,5658
8,1288
8,281600000000001
8,7053
8,5768
7,8085
7,4382
7,7719
7,4721
8,2194
7,5207
7,9352
7,5362
7,7905999999999995
7,754
7,6162
7,7921
7,838299999999999
8,424299999999999
7,661099999999999
8,748000000000001
8,6254
8,5276
8,3873
8,5017
12,5754
10,7237
8,1255
8,559199999999999
8,747100000000001
8,7119
7,718100000000001
8,0557
7,7136000000000005
7,4727
8,0632
7,4427
7,864400000000001
7,4719
8,2438
7,4623
7,6982
7,7082
7,5512
7,7478
7,7459
11,107199999999999
10,8812
10,4638
7,8645
7,5289
9,6936
7,508
8,3057
7,5375
7,7064
7,8659
7,908
7,5595
7,8288
7,6451
7,855700000000001
7,7732
8,800600000000001
7,8115
7,8268
8,031
7,6943
7,828099999999999
8,0248
7,911899999999999
7,7079
7,826700000000001
7,825500000000001
7,8522
7,519900000000001
7,862900000000001
7,5201
7,5852
8,2945
7,7529
8,1558
11,058
10,482999999999999
11,189599999999999
8,2942
9,411299999999999
9,9711
9,2152
8,7609
8,9161
8,8942
8,489999999999998
9,9803
8,384300000000001
9,402000000000001
8,0861
8,6537
8,2845
11,3907
8,5222
8,921800000000001
7,960699999999999
7,7551
8,6526
7,585
7,7453
7,6248000000000005
11,1714
8,933
8,7266
7,6221
7,663900000000001
7,6898
7,7208
7,5192000000000005
7,5715
7,9542
7,3758
7,6742
7,3661
10,7275
9,376199999999999
10,5244
11,922699999999999
9,504
10,598700000000001
8,5913
7,506900000000001
7,841799999999999
7,4532
8,304300000000001
7,3978
7,5018
9,1717
7,4956
7,583399999999999
7,3921
8,1319
10,8917
7,6297
7,432099999999999
7,6257
7,6221
7,6283
9,0113
8,534699999999999
7,986800000000001
7,6429
7,661300000000001
7,841900000000001
7,5412
7,574
7,5567
7,4658
8,1371
7,3494
7,7591
7,339499999999999
7,6056
7,4455
7,541
10,3098
8,5192
7,4121
7,77
7,390899999999999
7,566800000000001
7,4659
7,5537
7,7602
7,3959
8,1929
7,482
7,6103000000000005
7,3794
7,5289
8,6554
8,7622
8,834
8,461599999999999
11,644699999999998
8,4263
8,3634
8,3269
8,6958
9,7222
8,6575
7,6248000000000005
7,5611999999999995
8,3474
7,5241
7,6527
7,2873
8,0947
7,231999999999999
7,5791
7,2547999999999995
7,667400000000001
7,385400000000001
7,971900000000001
7,2168
8,0924
7,2172
7,3067
7,5026
7,2087
7,5245
7,202
7,934699999999999
7,2867
7,9612
7,2557
8,164299999999999
7,2873
7,5353
8,0491
7,4510000000000005
7,5893999999999995
7,8294999999999995
7,8163
7,4188
8,6587
7,4012
7,4407
8,2637
8,8952
7,9492
7,5398000000000005
7,3799
8,3458
7,4069
7,2974
7,6684
7,3233
7,7933
7,621700000000001
7,575100000000001
7,3848
7,5131
7,4278
7,5466
7,6756
7,316
8,075199999999999
7,3951
7,5131
7,4351
7,5043999999999995
7,4453000000000005
7,5175
7,852899999999999
7,649900000000001
7,4479999999999995
7,351500000000001
7,7924
7,353400000000001
7,519900000000001
7,7396
7,570600000000001
10,7213
10,7109
10,2964
8,2119
7,541499999999999
7,348000000000001
8,2282
9,273399999999999
10,9517
8,062
8,828100000000001
8,1405
8,4551
8,403799999999999
7,9711
7,2606
7,614400000000001
7,2719000000000005
7,6
7,283399999999999
7,6269
7,5100999999999996
7,2838
8,0307
7,285200000000001
7,6821
7,2664
7,5609
7,3079
7,569
7,2569
7,950900000000001
7,571
7,4942
7,5922
7,329300000000001
7,5772
7,3819
7,580500000000001
8,0658
7,5385
7,4668
7,3556
7,6506
7,350899999999999
7,6423000000000005
7,3995
8,4467
7,2898
7,5001
9,804200000000002
7,6984
7,2959000000000005
7,6433
8,152700000000001
8,806899999999999
8,1801
8,6858
8,255
8,7633
8,2404
7,828999999999999
7,3193
8,13
7,4033
7,4331
7,5729999999999995
8,165000000000001
8,1542
7,3629999999999995
8,184800000000001
7,3709
7,967999999999999
7,3865
7,6283
7,338500000000001
8,4552
8,6159
8,1995
7,4853000000000005
8,077499999999999
7,7764
7,6186
7,9264
7,5419
8,1722
8,0462
7,7010000000000005
7,4847
7,6676
7,5417000000000005
7,664899999999999
7,3904000000000005
8,8854
7,915800000000001
10,4712
10,373099999999999
9,290700000000001
7,5312
7,6363
7,8916
7,9737
7,495500000000001
8,6763
8,3027
8,473700000000001
8,3785
7,5737
7,986999999999999
7,6612
7,6532
7,590999999999999
7,4958
7,625
7,46
7,4314
8,253
7,38
7,8405000000000005
7,3867
7,6867
7,372199999999999
7,8050999999999995
8,1635
7,6438
7,5324
7,6301
7,5447999999999995
7,459099999999999
7,644299999999999
7,3655
7,625
7,9126
7,6271
7,4187
7,5793
7,5298
7,7585
7,844800000000001
7,5205
7,928899999999999
7,3204
9,447000000000001
11,5525
8,6309
7,4237
7,258500000000001
7,2404
8,8554
7,9544999999999995
7,3307
7,125699999999999
8,4609
7,2409
7,6172
7,2368
8,1235
7,2908
7,572
7,2444
7,4894
7,2214
7,2871999999999995
7,634799999999999
7,8268
7,4795
7,328
7,3437
7,1914
7,472300000000001
7,3428
7,2352
7,958399999999999
7,2224
7,6107
7,2331
7,4691
7,3792
7,4318
7,2506
9,836599999999999
10,8939
7,7709
7,2153
7,4941
7,964300000000001
7,5049
7,157
8,8063
8,620600000000001
12,1199
7,1334
7,2471000000000005
8,3072
10,096300000000001
8,2184
8,449399999999999
7,1938
7,5411
7,194500000000001
7,3377
7,4019
7,4383
11,9944
7,613499999999999
7,2407
7,8082
7,4594
7,3424
7,913999999999999
7,1692
8,427499999999998
9,3367
7,7476
7,5348999999999995
7,495
7,052499999999999
7,821
7,2385
9,992700000000001
8,538499999999999
8,5352
7,2632
7,5671
7,2492
7,466600000000001
7,514
7,9862
7,5102
7,3788
7,4393
7,3876
7,4865
7,3941
7,4789
7,8911
7,2145
7,6205
7,170100000000001
7,6467
7,3795
7,7381
7,2561
8,145
12,0808
7,6004000000000005
8,0738
8,3962
8,196
13,033100000000001
7,4327000000000005
7,1997
8,1708
8,684000000000001
8,6047
7,976499999999999
7,3596
7,671200000000001
7,341399999999999
7,6791
7,2896
7,6281
7,288
8,0876
7,343500000000001
7,9989
7,5599
7,5816
7,6022
7,459300000000001
11,9347
7,6465
7,4688
7,1807
7,6581
7,8233
10,6088
7,3864
8,321399999999999
8,324200000000001
7,629300000000001
7,3564
7,7748
7,3671999999999995
7,837200000000001
8,041
7,692
7,5572
7,6571
7,7021
7,6653
7,6164
7,5748
8,2255
7,4535
10,6134
10,4953
7,6574
7,6968000000000005
7,660100000000001
7,8279000000000005
10,1563
7,6311
7,7024
7,7133
8,3508
12,0177
7,462899999999999
9,2097
7,4634
7,7152
7,428
7,952000000000001
7,391
7,5889
7,5714
8,1895
7,6281
7,5709
8,6305
7,6101
7,7361
7,4669
7,8332999999999995
7,7117
7,5961
7,5728
11,525
8,0688
8,029
7,3767
8,198
7,710500000000001
10,8068
7,7326
8,039299999999999
7,3102
8,943100000000001
7,3749
8,1523
7,3239
8,0076
7,2687
10,1502
7,7299
7,9741
7,767600000000001
8,2559
7,4071
7,391100000000001
7,5823
7,534800000000001
7,521100000000001
7,3712
7,496499999999999
7,9921999999999995
7,287100000000001
8,4025
8,1715
8,168
8,312800000000001
8,2421
9,453100000000001
8,630199999999999
8,2408
8,163699999999999
8,225100000000001
8,8209
8,377
8,196800000000001
8,238999999999999
8,6859
12,047199999999998
7,658200000000001
8,362599999999999
7,949299999999999
8,718200000000001
9,5665
8,131
7,3475
8,4088
7,2482
7,9665
7,2064
7,5653
7,248
7,627
7,2158
7,866099999999999
7,1873
7,7797
7,4437
7,420000000000001
7,5760000000000005
7,1611
7,383500000000001
7,2677000000000005
7,3972
7,794
7,3087
7,5258
10,1994
10,2985
10,3013
7,169
10,1437
10,113499999999998
7,4764
7,1455
10,143799999999999
10,7511
9,907
10,6827
7,947100000000001
7,4698
7,021
8,7018
7,966600000000001
9,318
7,1042
8,6087
7,9460999999999995
8,698300000000001
8,2552
7,3416999999999994
7,077100000000001
7,3383
7,2515
7,5945
7,5829
7,8338
7,3177
7,2433000000000005
7,3446
8,0871
7,3766
7,817599999999999
7,2014000000000005
7,7399000000000004
7,2606
9,2064
6,9804
9,6117
7,9577
8,919599999999999
11,7908
7,2702
7,160200000000001
7,2087
8,0006
8,6674
8,5574
7,8664000000000005
7,201499999999999
7,5998
7,327400000000001
7,6549000000000005
7,5457
7,7977
7,1972
8,1687
7,1886
7,456499999999999
7,4215
7,3176
7,437799999999999
7,1852
13,466099999999999
8,290000000000001
7,1735
7,0988
7,3084999999999996
7,5701
10,188300000000002
7,1284
7,3279
7,7999
7,6376
7,2493
7,6375
7,2421999999999995
7,6372
7,1719
7,1251
7,8038
7,1098
7,5072
7,1377999999999995
7,4502
7,1594
7,3371
7,234
7,7754
7,4014
7,2901
7,5529
7,1502
7,4041999999999994
10,6126
9,438500000000001
7,7559
7,4197999999999995
7,105700000000001
7,236700000000001
7,3653
7,3196
7,3727
7,212599999999999
8,170200000000001
8,649000000000001
8,289
8,0899
8,2236
7,7428
7,3771
7,2709
7,4138
7,7639
7,4218
7,2921000000000005
7,1529
7,7888
7,1849
7,6366000000000005
7,242
7,598
7,430400000000001
7,4029
7,2543
7,14
7,539599999999999
11,3139
8,2022
12,0583
9,9757
7,5306
7,283399999999999
9,380700000000001
8,0681
8,8942
7,1428
7,9063
7,0575
8,2522
7,959499999999999
8,437
11,7725
10,730500000000001
10,287299999999998
8,149
8,6146
7,1217
8,2113
7,953
8,8637
8,0533
7,3747
7,1274
7,3032
7,4501
7,148
7,7334
7,0938
8,097
7,1748
7,4641
7,1542
7,2407
8,1433
7,2837
7,9647
7,4009
7,3384
7,0879
7,3901
7,0777
7,1592
8,3711
12,4761
7,2273
7,3381
7,998399999999999
7,6728
7,297599999999999
7,584
8,9011
7,2395000000000005
7,595400000000001
8,1096
7,330299999999999
7,0925
7,142
7,6347000000000005
8,097
7,9667
7,2546
8,0497
8,414100000000001
8,1507
8,251299999999999
7,339700000000001
7,1551
7,9685
7,1972
7,466
7,1487
7,5567
7,3616
7,3092
7,059
7,175199999999999
7,4739
7,6526
7,3237
7,2547999999999995
7,3035
7,2669
7,1069
7,4571000000000005
7,1078
8,4595
7,0813999999999995
7,3046
7,2906
8,0467
7,7348
7,3137
7,1353
8,9584
7,0466
7,1957
7,2748
10,635
10,2363
7,3808
7,050599999999999
9,7277
7,3147
7,1493
7,325500000000001
7,3994
10,529300000000001
7,3285
7,5328
6,889
7,285299999999999
7,0615
8,1159
7,1509
7,1684
7,3384
7,8793999999999995
7,5797
7,1453999999999995
7,452699999999999
7,1428
7,337
7,2093
7,0542
7,859
7,145300000000001
7,6127
7,183400000000001
7,4812
7,1739999999999995
7,6324000000000005
7,1770000000000005
7,8773
7,3964
7,2522
7,3831
7,2013
7,4296
7,1544
10,41
7,080699999999999
7,9147
7,1572
7,5205
7,0851999999999995
7,2065
7,2877
7,889500000000001
7,279
10,0246
7,1587
7,0406
7,0344999999999995
11,095600000000001
8,1362
7,2368
8,2058
8,466899999999999
7,3073
8,087499999999999
7,3252
7,382599999999999
7,1277
7,969
7,091
8,252799999999999
7,100099999999999
7,3971
7,0066
7,245900000000001
7,2641
7,1227
7,5332
7,1832
7,7863999999999995
7,0442
8,007
7,1358999999999995
7,6513
7,468
8,0717
7,1352
7,4218
7,852899999999999
7,0801
8,2155
7,904700000000001
8,460199999999999
7,0918
9,6827
7,6713
7,4653
9,239799999999999
7,3281
7,1709
7,277900000000001
7,5389
8,1574
7,8106
8,578000000000001
7,908999999999999
8,2282
8,3416
8,1861
7,0841
7,186599999999999
7,8525
7,0465
7,4081
7,3044
7,4538
7,1206000000000005
7,3055
7,145099999999999
7,595
7,3144
6,9708
7,3065999999999995
7,0737
7,4889
7,0642
7,3861
7,309
7,821
7,3062
7,1478
7,3335
7,2463
7,3045
7,1231
9,347100000000001
11,348199999999999
7,364
7,414
7,3768
8,5411
11,2055
11,1519
8,7116
8,0111
10,3148
7,990900000000001
8,2686
7,981699999999999
8,2971
9,6213
7,936999999999999
6,9373000000000005
8,5703
8,1201
8,226799999999999
8,0559
7,8007
7,1943
7,4729
7,1085
7,495
7,113
7,4331
7,0957
7,6049999999999995
7,5115
7,0549
7,3762
7,0632
7,424
7,1201
7,4174
7,188
7,6574
7,3821
7,1055
7,423
7,1814
7,3726
7,5230999999999995
7,3133
7,7768999999999995
7,1057999999999995
7,496499999999999
7,156
11,0817
9,2941
8,5107
7,8764
8,1882
7,9393
10,7189
7,6126
8,160499999999999
7,5652
7,7775
7,9153
7,9992
7,1471
7,5482
7,292800000000001
7,3544
7,2642999999999995
7,4268
7,1677
8,187800000000001
11,3939
8,2399
7,486300000000001
7,6244
7,3232
7,9979000000000005
7,7766
7,1684
7,845700000000001
7,1279
7,4306
7,6707
7,4293
7,2360999999999995
8,1918
7,965699999999999
7,3793
7,2858
7,2078999999999995
7,583
7,2326
7,4294
7,148899999999999
10,7724
7,185300000000001
7,5337
7,0193
7,5788
9,874799999999999
7,5758
7,0632
8,679499999999999
7,9319999999999995
8,4443
7,083200000000001
7,260400000000001
7,415500000000001
7,0550999999999995
7,5674
7,0868
7,9091000000000005
7,3569
7,347099999999999
7,2695
7,101999999999999
7,7435
7,1085
7,959900000000001
7,170400000000001
7,5416
7,2066
7,5312
7,3914
7,3415
7,481599999999999
7,2274
8,018
7,3307
7,4517999999999995
7,4419
7,3904000000000005
7,6588
7,4906
7,7893
7,2763
7,6298
7,2801
7,6333
7,1781
7,5128
7,1783
9,1255
7,1735999999999995
8,5775
7,9452
10,345500000000001
8,2054
7,3944
9,2939
7,4233
7,326
7,5888
7,2351
7,121899999999999
7,577
7,1766
7,997300000000001
7,2366
7,616300000000001
7,2192
7,5734
7,1649
7,5239
7,288399999999999
7,686400000000001
7,322699999999999
7,2494
7,3109
7,064
7,4377
7,0882000000000005
7,2317
7,3323
7,7827
7,3934999999999995
7,4389
7,3551
7,2843
7,4002
7,2331
7,1621999999999995
7,4171000000000005
7,9186
9,08
7,143199999999999
7,2756
8,0043
11,4672
7,3586
8,8453
8,8926
7,927999999999999
7,1057999999999995
7,5341000000000005
7,0577000000000005
7,5047999999999995
7,189100000000001
7,322699999999999
7,7246
7,3183
7,4661
7,0862
7,7162999999999995
7,042
7,5484
7,1772
7,97
7,474200000000001
7,6247
7,2936
7,177700000000001
7,5585
7,1163
7,4796000000000005
7,1069
10,574399999999999
7,2618
7,5914
7,1198
7,3308
7,1057999999999995
7,184
7,2972
7,7418000000000005
7,3508000000000004
8,987200000000001
7,2128000000000005
7,123799999999999
7,0931
11,3426
7,9004
7,6147
8,505199999999999
8,138599999999999
7,5085999999999995
7,3073
7,3669
7,4419
7,2036
7,7065
8,489
7,9848
7,7692000000000005
7,3969
7,4512
7,3559
7,1696
7,6655999999999995
7,1026
7,2087
7,419700000000001
7,6567
7,2776000000000005
7,213500000000001
7,3661
7,4428
7,4238
7,2376000000000005
7,131
7,4205
7,8037
7,5545
7,132099999999999
7,870500000000001
7,2024
7,5283
7,2925
7,3197
12,090200000000001
7,526
7,446000000000001
7,1936
7,6934000000000005
6,9461
8,4909
7,9746999999999995
8,870899999999999
8,1309
7,6793
7,1848
7,545299999999999
7,3426
7,7776
7,2629
7,955800000000001
7,2653
7,5608
7,3131
7,4755
7,5236
7,2534
7,5532
7,265
8,0445
7,2404
7,6961
7,3963
7,1924
7,6268
7,2448
8,0448
7,2797
7,6287
7,2935
7,6679
7,322699999999999
7,4666999999999994
7,3557
12,0211
8,2126
8,3331
8,423699999999998
8,5861
8,0823
8,358300000000002
12,3395
8,1334
8,1006
8,572700000000001
8,3921
8,2996
8,2544
9,2874
8,3299
8,2066
8,5625
8,1894
7,9038
7,442200000000001
10,2742
7,547899999999999
7,4952
7,5399
7,6751
7,8289
7,4025
8,2092
7,8671999999999995
7,6489
7,4474
7,776199999999999
7,432300000000001
8,3228
7,940799999999999
7,8686
7,8648
7,526599999999999
7,5438
7,2847
7,5763
7,2549
7,6857
7,2474
7,994299999999999
7,402200000000001
7,5977
7,2646999999999995
7,2265999999999995
7,819700000000001
10,4998
9,9627
10,9213
8,3719
7,7566
7,2139
7,3202
7,7716
7,425400000000001
7,9011
7,1409
8,3963
8,199
9,0154
8,4116
8,2556
7,2975
8,004000000000001
7,2153
7,5447999999999995
7,261
7,5859
7,2747
7,5145
7,315
7,4768
7,724
7,2158999999999995
7,709
7,2026
7,9652
7,166600000000001
7,5078000000000005
7,2193
7,9799999999999995
7,2254
7,3783
7,438400000000001
7,3006
9,3792
10,0644
8,359200000000001
8,1245
10,673200000000001
8,267
8,151800000000001
7,3633
7,1279
7,234100000000001
7,917000000000001
8,0842
7,6758
7,11
7,614
7,6258
7,840599999999999
8,1697
8,9265
8,1303
8,121599999999999
8,1285
8,5931
8,1812
7,4109
7,9144000000000005
7,3738
7,3475
7,2509999999999994
7,4706
7,4032
7,4510000000000005
7,7606
7,4979000000000005
7,3388
7,4963
7,3447000000000005
7,277900000000001
7,4614
7,766699999999999
7,5
7,850299999999999
7,4536999999999995
7,3286
7,459099999999999
7,586200000000001
7,4204
7,3228
7,9313
8,3789
7,2901
7,6621
7,45
10,3899
10,6272
7,6281
7,5036
9,8044
10,817200000000001
7,1455
7,441599999999999
7,279100000000001
8,3309
7,675999999999999
8,1583
8,1698
8,6252
8,355599999999999
8,2698
8,0654
9,3852
8,4424
8,276399999999999
7,3628
7,5037
7,1985
7,3235
7,5753
7,247800000000001
7,3795
7,8254
7,4458
7,3824
7,446000000000001
7,184699999999999
7,3345
7,44
7,384499999999999
7,3857
7,8164
7,3757
7,4524
7,3853
7,2466
7,2042
7,5706999999999995
7,1656
7,3682
7,776800000000001
7,404
10,1408
9,5342
8,055100000000001
7,6004000000000005
10,4347
8,5781
8,3959
7,5289
7,073099999999999
7,4909
8,361600000000001
7,5563
7,1895
8,4569
8,1857
8,719299999999999
8,524000000000001
8,3595
7,8038
7,4981
7,8083
7,508
7,4774
7,2913
7,613700000000001
7,288399999999999
7,6023000000000005
7,2895
7,891499999999999
7,527
7,4731
7,3105
7,2944
7,4241
7,2278
7,481599999999999
7,3617
7,9865
7,234
7,5263
7,262099999999999
7,4983
7,2360999999999995
7,6292
7,432300000000001
8,0519
11,4141
10,1526
7,1149000000000004
7,2857
7,1052
7,7902
7,3905
7,6257
8,2056
8,0314
8,6159
8,2933
8,4438
8,0882
8,022400000000001
7,2038
7,5364
7,2623
7,5944
7,2972
7,9138
7,318899999999999
7,2093
8,2994
7,1839
7,6358
7,2038
7,5695
7,3091
8,113999999999999
7,7993999999999994
7,4373
7,4331
7,2167
7,570600000000001
7,3018
7,7828
8,1644
7,6158
8,4409
8,7147
8,2742
8,3889
11,9649
10,9733
7,719799999999999
8,0059
7,6796
8,919500000000001
7,4152000000000005
7,592899999999999
7,8992
8,767199999999999
7,6383
8,9278
7,9904
8,412700000000001
7,9139
8,4094
8,384300000000001
8,4019
7,4268
7,9026
7,2513
7,6828
7,283399999999999
7,749899999999999
7,278899999999999
7,5888
7,3657
7,962500000000001
7,3388
7,3732
7,616099999999999
7,417
7,6084000000000005
7,265
7,6186
7,2703999999999995
8,082699999999999
7,237
10,506
11,2706
8,468399999999999
8,2312
7,4466
7,821899999999999
7,688000000000001
7,3746
7,479
7,4281
7,5001
7,291899999999999
7,3662
10,953100000000001
8,9015
7,272
7,1549
7,3376
8,0326
7,686
7,2615
8,9367
8,101600000000001
8,2058
8,0249
8,349
8,391900000000001
8,8658
7,1766
7,5557
7,252800000000001
7,7155000000000005
7,2423
7,3856
7,332
7,222799999999999
7,946
7,1972
7,5308
7,1915
7,4475
7,1681
7,534199999999999
7,1623
7,5715
7,7084
7,125699999999999
7,6263
7,1817
7,5352
7,1478
7,4755
7,176
7,757
7,4234
7,2397
10,1096
9,0606
8,381400000000001
7,775200000000001
11,0693
10,7313
8,481499999999999
7,358
7,3485
7,1608
11,4321
7,4076
7,7295
8,076500000000001
8,4897
8,2698
7,1944
8,3444
7,3222000000000005
7,296600000000001
7,8467
7,1461
7,4422999999999995
7,1068
7,496499999999999
7,564900000000001
7,4241
7,1047
7,4754000000000005
7,7138
7,107900000000001
7,4834000000000005
7,1217
7,7589
7,5093
7,7977
7,1213
8,1361
7,1000000000000005
7,2667
8,424900000000001
8,2657
7,8263
7,4145
8,088
7,6552
7,3657
7,2437
9,657499999999999
7,1907000000000005
7,1455
7,0064
8,1169
11,6166
8,4406
8,0168
8,092
7,4035
7,3682
8,1329
7,3279
7,7817
7,3393
7,4687
7,1678999999999995
7,3358
7,2043
7,5756
7,2802999999999995
7,3344
7,7301
7,1621999999999995
7,7767
7,228199999999999
7,5496
9,251000000000001
7,5055
7,861
7,3627
7,1095999999999995
7,6529
7,4692
8,1053
8,3406
8,2362
8,684199999999999
8,2948
7,3184000000000005
7,2841
7,887200000000001
7,252599999999999
7,4178999999999995
7,129
7,9637
7,3815
7,5118
7,2718
7,4009
7,2844
7,1573
8,057
7,2311
7,4676
7,3199
7,4371
7,2537
7,4226
7,1842
10,4845
7,2412
7,3924
7,245299999999999
7,108899999999999
7,780600000000001
7,8896999999999995
7,302300000000001
7,7528
8,3575
8,433
7,3574
7,2736
7,5743
7,9606
7,1495
7,6258
7,1878
7,4034
7,3344
10,4388
7,2048
7,7165
7,4287
7,3617
7,2952
7,6208
7,3006
7,1878
7,626499999999999
7,1478
7,9354000000000005
10,5656
7,459300000000001
7,1807
7,2343
7,0958000000000006
7,7703
7,082800000000001
8,5094
9,0504
8,771899999999999
8,027899999999999
7,529400000000001
7,1827000000000005
7,4039
7,3399
7,5114
7,8019
8,2209
8,964500000000001
7,3025
7,613499999999999
7,4428
7,6634
7,8226
8,1934
7,1813
7,8888
7,1484
7,1445
7,4683
7,1419
10,1212
7,5413
10,191199999999998
7,262099999999999
7,3647
6,9162
8,343100000000002
9,6804
7,4221
6,9608
7,2373
6,9442
7,161899999999999
8,163
8,1507
9,1284
8,1927
7,1817
7,054399999999999
7,6178
7,3018
7,3264000000000005
7,3065999999999995
7,3873999999999995
7,2553
7,2907
7,3204
7,0542
7,3131
9,2141
8,6044
8,0895
8,158999999999999
7,9139
10,9633
8,1123
7,2492
7,4493
8,622599999999998
8,2553
7,5889
7,4581
7,3443
8,1615
8,2522
7,733099999999999
7,3577
7,6006
7,3486
7,0721
7,2466
7,4102
7,3084999999999996
7,4157
7,732100000000001
7,619800000000001
10,2672
7,2196
8,034899999999999
8,0792
8,916699999999999
12,170399999999999
10,2188
7,2657
8,4694
8,2156
8,4435
7,3087
7,1365
8,030000000000001
7,1355
7,4576
7,1275
7,3952
7,1152999999999995
7,4201
7,114599999999999
7,0323
7,9313
7,1209999999999996
7,5618
9,8153
10,5565
10,0593
7,0999
7,8683
7,3317
8,0005
10,9086
9,3352
7,071
7,0936
7,6247
8,7183
11,8515
7,917199999999999
7,3562
7,7564
7,985600000000001
7,9317
8,1434
8,3211
7,4342999999999995
8,630600000000001
8,9542
7,0385
7,812399999999999
7,067699999999999
7,2048
7,5803
7,3799
7,3587
8,0999
7,1993
7,0550999999999995
7,908999999999999
9,7792
7,3177
7,2569
7,6525
7,4616999999999996
8,1061
7,124499999999999
8,0099
7,359
7,896999999999999
7,7679
7,6357
8,4376
7,3791
7,7868
7,3216
7,4569
7,133900000000001
7,3695
7,2356
7,3419
7,2332
7,2795000000000005
7,8166
7,1192
7,611
7,2218
7,3548
7,183400000000001
7,545299999999999
7,128500000000001
7,8453
7,1487
8,7185
7,4106
7,1634
7,3638
8,0139
8,3884
7,6939
8,2476
8,453000000000001
7,485399999999999
7,2306
7,2867
7,1975
7,0557
7,8057
7,0822
7,426399999999999
7,106000000000001
7,273199999999999
7,1774
7,2543
7,3731
10,7148
7,4447
7,2425
7,8428
7,8645
9,691
6,9373000000000005
8,2165
8,123899999999999
8,637799999999999
8,4992
7,3793
7,960500000000001
8,4186
8,0673
8,2333
8,5188
8,216
7,2635
7,3413
7,3259
7,3856
7,2104
7,3576
7,765499999999999
7,2177
7,4685999999999995
7,3406
7,845400000000001
7,2419
7,5225
7,1846000000000005
7,3899
7,904700000000001
7,225
7,575100000000001
7,2468
9,460700000000001
8,237400000000001
8,441799999999999
8,3675
8,766
8,610899999999999
10,3635
8,4536
7,2176
10,5172
7,0817
7,7329
7,1544
8,584200000000001
8,0953
8,5786
7,2360999999999995
7,362900000000001
7,5084
7,828
7,5281
7,4495000000000005
7,4893
7,373399999999999
8,4746
7,394
7,5036
7,538
10,1205
7,4618
7,801200000000001
7,2241
7,071199999999999
8,0198
9,3248
8,192
7,843299999999999
8,6229
8,2107
7,989599999999999
7,6457
8,184099999999999
7,2792
8,2458
7,970700000000001
8,0543
7,5367999999999995
7,7053
7,4672
7,5146
7,344200000000001
7,2587
7,4578999999999995
7,3615
7,7156
7,8639
10,3071
10,076699999999999
7,351
7,3064
8,898299999999999
7,2288
7,909700000000001
7,1578
7,2875
7,7098
7,4697000000000005
8,2308
8,1458
8,2356
7,4317
7,8101
7,1845
7,5701
7,2258000000000004
7,5778
7,197699999999999
7,615399999999999
7,1627
7,7849
7,3991
7,386
7,3902
7,1008
7,481800000000001
7,1942
7,5062999999999995
7,196400000000001
7,9675
7,2118
7,3355
7,3336
10,7417
8,6054
8,079899999999999
8,765600000000001
8,0747
8,0225
8,402
7,8965000000000005
8,1131
7,9518
7,9959999999999996
8,4861
7,974500000000001
8,0649
8,100100000000001
8,41
7,8811
8,4041
8,414100000000001
10,1203
8,0628
7,920699999999999
11,0522
11,319700000000001
7,2404
10,6233
8,1399
7,1834999999999996
7,2994
7,2509999999999994
7,3536
7,2193
7,2954
7,0735
7,6612
7,3057
10,406
10,1143
10,255
7,272
7,325500000000001
7,831599999999999
7,3495
7,2123
7,1111
7,7774
7,1462
7,4079999999999995
7,1107000000000005
8,0442
7,7476
7,343
7,4895
8,3796
7,2475
7,1057999999999995
7,4355
7,8749
10,230599999999999
7,045100000000001
7,442200000000001
7,0423
7,7148
7,2712
7,4398
7,3139
8,6182
7,8964
8,068499999999998
8,2066
8,1598
7,509
7,1770000000000005
8,166599999999999
7,4285000000000005
7,791799999999999
7,201
7,6882
9,2167
7,8668000000000005
7,718100000000001
7,3606
7,177099999999999
7,5269
7,0884
7,1537
7,4741
7,0858
7,691199999999999
7,0966
7,398
7,1653
7,3583
7,3313
9,129399999999999
8,1771
8,4083
8,2356
8,101
7,332
7,2089
7,3441
7,914499999999999
11,7407
11,1106
11,192499999999999
9,2257
7,0898
7,5527
7,0462
8,9955
7,0209
7,3933
7,0101
7,9714
8,3331
8,3733
8,1257
7,5786999999999995
7,3176
7,0149
7,2949
7,0675
7,3889000000000005
7,0194
7,1163
7,2252
7,5829
7,3025
7,7486
7,4775
7,0932
7,2877
7,0614
7,100099999999999
7,2952
7,607799999999999
7,2482
7,1577
7,2195
7,1618
7,0264999999999995
7,1857
7,0825000000000005
7,3755
10,3836
11,063699999999999
8,0857
8,0618
9,6029
7,1117
7,0121
7,7801
6,8644
8,418
7,818099999999999
8,4135
8,2107
7,3198
7,0079
7,7194
7,0266
6,967499999999999
7,3487
7,0463000000000005
7,1495999999999995
7,079000000000001
7,186
7,635000000000001
7,2262
7,3723
7,0872
7,2222
6,9629
7,3981
6,976999999999999
7,8775
8,9488
7,2324
6,9291
7,7749999999999995
8,0529
9,423300000000001
7,022600000000001
8,131
8,3827
6,8483
9,0311
8,033800000000001
8,057699999999999
7,1251999999999995
7,213299999999999
7,4136999999999995
7,4517999999999995
7,3035
7,1304
7,974
8,4216
7,4053
7,0121
7,3953999999999995
7,4190000000000005
7,4481
7,1574
7,975
10,559199999999999
8,3926
10,803099999999999
8,540600000000001
8,6062
10,8363
8,1166
7,0143
10,3376
7,4253
6,984299999999999
7,069500000000001
7,854699999999999
8,070300000000001
7,0676000000000005
7,1770000000000005
7,141299999999999
7,275799999999999
7,5624
6,900200000000001
7,3197
6,9495
7,2326
6,9419
7,114599999999999
7,003
6,8679
7,787999999999999
11,5753
6,9281999999999995
6,6955
8,3898
7,948099999999999
9,2821
6,9133
8,2395
7,7193000000000005
6,9736
7,7307
7,9553
7,9559
7,1215
7,529100000000001
7,0952
7,1764
6,9121
7,351
6,849799999999999
7,073300000000001
6,9162
6,8081000000000005
7,6872
6,9534
7,3432
6,9067
7,2106
9,3174
7,1709
7,0304
7,7366
8,2089
6,8145999999999995
7,4967999999999995
6,6453
7,8928
7,5671
8,1997
7,813000000000001
8,51
7,7261
7,237900000000001
6,8826
7,202100000000001
7,111
6,983
7,099600000000001
6,8586
7,6778
6,8649000000000004
6,9329
7,721900000000001
10,978200000000001
9,463299999999998
8,3392
6,8247
7,3716
7,9758
7,8788
11,4099
6,888199999999999
7,828
7,6849
8,598400000000002
6,843100000000001
7,0555
6,9534
7,0344
7,0738
7,2565
7,161899999999999
6,8551
7,7996
6,831099999999999
7,079000000000001
6,9517
6,9807999999999995
7,014
6,8044
8,2811
6,8324
10,7787
9,788
8,0046
8,360299999999999
7,442200000000001
7,3365
8,2809
10,3535
6,9026
6,4952
7,2804
6,7176
7,3346
7,4659
7,0242
7,547899999999999
7,4277
8,565100000000001
7,899500000000001
7,1222
6,9802
7,3039000000000005
6,8624
9,5198
7,2375
8,098899999999999
7,130199999999999
6,9398
7,2522
6,9127
7,1275
6,9411000000000005
7,0537
7,2729
6,9548
7,0505
6,9948
7,7371
9,442499999999999
7,925
7,858099999999999
7,080699999999999
8,934
6,9686
6,944
8,1152
7,855499999999999
8,1331
7,2775
6,6603
7,5137
6,7352
7,8327
7,6455
8,462900000000001
6,8633
7,088
7,4075
6,8214
7,5278
6,827299999999999
7,237
6,9243999999999994
6,983
7,0728
6,8475
7,1716999999999995
6,8103
7,1132
6,8389999999999995
8,7998
6,760000000000001
7,239599999999999
7,826
7,5804
7,045100000000001
7,4196
6,8947
7,687
7,7523
7,994700000000001
8,360100000000001
7,8858999999999995
7,905
7,1373
6,8976999999999995
7,0181000000000004
6,876099999999999
7,0131000000000006
7,4558
6,7827
6,9829
6,7965
7,1083
6,9566
7,0458
6,8895
6,8389
7,8175
6,8404
7,0016
9,6215
10,0269
8,1241
6,9662999999999995
6,6777
8,1163
7,6747
8,9741
6,8580000000000005
6,5286
7,2402999999999995
6,6093
8,1817
7,5379000000000005
8,3534
6,7986
7,1938
6,8357
6,9104
7,0643
6,7773
7,1457
6,8092999999999995
7,867799999999999
7,0484
6,9591
7,0672
6,9949
7,0324
6,7907
7,1194
9,3371
7,611599999999999
7,6442000000000005
7,5737
8,0984
10,675600000000001
8,607800000000001
6,9144000000000005
8,4116
8,3512
8,1481
7,818500000000001
7,2395000000000005
7,041399999999999
9,393500000000001
7,3831
7,1459
6,8477
7,5347
7,084
7,3134999999999994
7,3907
6,9094
7,2681000000000004
9,3301
7,9739
7,2811
7,6009
9,427299999999999
8,8272
6,8514
8,3308
7,7852
8,0582
9,967
8,068999999999999
6,6514
7,908099999999999
7,6705000000000005
8,61
8,1119
7,0098
6,8972
6,818099999999999
7,1198
6,8353
7,3099
7,1495999999999995
6,9395999999999995
6,9168
6,7558
7,0787
9,4378
8,7409
7,6591000000000005
7,6017
6,7828
7,2648
8,4861
7,2673
8,000399999999999
7,7458
8,274000000000001
10,3906
7,6327
7,0896
6,9669
7,5435
7,1947
6,808
7,0006
7,3134999999999994
6,986
7,0817
6,7526
7,4846
6,776199999999999
7,2457
6,7983
7,006799999999999
7,3475
7,4242
9,5727
9,1678
6,7833
7,0472
7,2961
8,5845
7,566800000000001
7,6761
7,7513
7,631200000000001
10,5133
7,7969
6,8667
6,6534
8,1921
6,7961
7,0251
6,962000000000001
7,1248
7,0119
6,761299999999999
6,9813
6,7643
7,293
6,9673
6,8957999999999995
6,9745
6,874
6,7437000000000005
6,9416
6,8274
6,904999999999999
10,7572
10,0281
8,245600000000001
6,988300000000001
7,4125
7,6127
7,6945
11,2955
7,4661
6,9403
7,524
7,9092
7,611599999999999
8,0408
6,9236
6,7272
7,6695
6,6885
7,0139
6,7739
7,0022
6,6846
6,6797
7,8123000000000005
6,6785000000000005
12,0473
7,1471
6,9255
7,609
10,6541
9,576400000000001
8,2675
7,2503
7,0098
7,933199999999999
8,0505
8,6619
7,4207
7,5968
8,1087
10,5513
7,5839
7,3403
7,4749
6,982600000000001
7,1596
6,7367
6,8325000000000005
7,3582
7,357200000000001
7,014600000000001
6,8187
6,9764
7,0228
6,7328
6,946199999999999
6,8166
6,912
9,910300000000001
9,7187
8,2502
6,7894000000000005
6,742
6,6803
8,0415
11,787199999999999
7,5429
6,9052999999999995
6,7855
6,5065
6,9595
7,5433
7,2364
7,9542
8,3908
6,9562
6,9734
6,8607
6,7444999999999995
6,9399
7,0399
6,933800000000001
7,35
6,7794
7,1182
6,8461
7,021999999999999
6,7491
7,2248
8,188799999999999
7,6575999999999995
6,7026
7,572500000000001
7,816
8,5363
6,9601999999999995
7,946899999999999
7,7650999999999994
8,1592
7,022600000000001
6,9254
6,7650999999999994
7,0317
6,956300000000001
7,0434
6,896
7,641
6,8294999999999995
7,0211
6,991
6,7596
7,1770000000000005
6,954400000000001
7,010599999999999
7,2223
6,8746
10,3752
10,7956
9,853499999999999
6,8812
6,8616
6,845000000000001
8,352
11,7868
7,504300000000001
6,9721
6,863
7,3892999999999995
6,859
7,496700000000001
8,2639
6,8222
7,230099999999999
6,7753
6,694699999999999
7,1713000000000005
6,7626
7,103199999999999
6,794
7,4497
6,7555000000000005
6,8092
7,1598
6,718100000000001
7,2049
6,7175
6,996600000000001
8,3144
7,2928999999999995
7,0462
7,9152000000000005
7,7645
8,0634
6,9159
7,613700000000001
7,630299999999999
8,9676
7,3318
6,7455
7,2397
6,9248
6,8634
6,9599
7,0815
6,9657
7,1696
9,1416
6,8975
6,7072
6,9197
6,8213
6,924600000000001
6,9925
6,757499999999999
10,958
10,8256
8,79
7,724
6,8614
6,7959
7,7027
11,8882
7,3508000000000004
7,0745000000000005
6,6364
6,5541
7,1768
7,4434000000000005
7,0576
7,858099999999999
8,3289
6,7836
7,217300000000001
6,8228
6,729
7,0161
6,738499999999999
7,1682999999999995
6,767399999999999
7,287
6,9516
6,8594
6,9552
6,744400000000001
7,2289
8,2024
6,8053
6,8361
8,2932
7,787999999999999
8,2484
6,8494
7,7067000000000005
7,7457
7,6187
6,9544999999999995
6,7639
7,3896999999999995
6,9477
6,8423
6,9898
6,8389999999999995
6,8198
7,114
6,6889
6,9819
7,2816
6,9698
7,1678999999999995
6,745100000000001
7,0485
6,7465
10,790299999999998
10,4464
8,704
6,7056
7,8852
7,7505999999999995
8,0023
10,370199999999999
7,651
6,4214
8,4061
8,057
8,0357
7,852100000000001
6,9765
6,7985
6,9631
7,3225
6,7753
6,9439
6,9382
7,047000000000001
6,7183
6,9894
6,7755
7,3105
7,0673
6,903300000000001
7,761900000000001
10,703199999999999
9,5544
8,3898
6,9924
8,0084
7,7232
7,7675
10,2033
7,523499999999999
6,7533
7,8053
7,8435
8,469100000000001
8,1057
6,8819
6,7435
7,1052
6,7534
6,907
7,0373
6,9534
7,398
6,743200000000001
7,126600000000001
6,956300000000001
7,0029
6,8982
6,9223
7,7683
10,898299999999999
12,1876
8,7598
6,7519
6,9987
7,91
7,8729000000000005
8,6826
7,4532
7,6111
7,828999999999999
7,998099999999999
7,1823
7,0724
6,8944
7,5458
6,7564
8,4893
7,1503
7,8215
6,8313999999999995
7,2116999999999996
7,0719
7,0348
7,0016
8,0668
9,497200000000001
8,698300000000001
7,025
6,8854
7,0154
8,4583
6,7211
6,888199999999999
7,4315
8,4645
11,5859
7,4825
6,837400000000001
6,9693000000000005
6,6766000000000005
6,8194
8,4267
7,2431
8,001
7,9978
6,854299999999999
6,9342
7,2799
7,5765
7,136
6,9723
7,0748
6,855
6,9601999999999995
7,1295
7,1509
7,1443
7,4556
7,1263000000000005
8,4432
6,9782
7,1671000000000005
7,6049999999999995
7,9251
8,1729
7,0137
8,5093
7,8203000000000005
7,815
7,5722000000000005
6,9929
7,0351
6,9548
6,8701
7,6591000000000005
7,0916
7,0836
6,8488999999999995
7,126399999999999
6,8405000000000005
7,0732
7,0579
7,4493
7,0574
7,027399999999999
7,0242
10,3515
9,9234
6,9762
7,058
7,1593
7,6815
8,3695
9,7964
7,6604
7,0439
7,1511
7,1626
8,399099999999999
7,681900000000001
8,064
7,7889
7,3108
6,8372
7,1367
6,898
7,3804
7,035900000000001
6,950699999999999
7,0223
6,835
7,1407
7,014600000000001
6,8866
7,0296
7,5876
7,9346
10,7461
9,573500000000001
8,221400000000001
8,0998
9,2096
10,4128
7,791300000000001
8,1972
7,6586
8,1381
6,6677
7,2985999999999995
7,6158
10,261299999999999
9,0467
7,1177
6,9895000000000005
7,1071
6,861199999999999
7,1898
6,856400000000001
9,5785
7,220899999999999
7,085
7,2977
6,9616
7,115200000000001
7,0668
7,3366999999999996
8,6724
8,401499999999999
7,4633
7,379700000000001
8,6411
6,8514
8,2079
7,694999999999999
8,615
10,5277
8,147400000000001
6,617999999999999
7,0184
7,5738
7,1627
6,893800000000001
7,0383
7,3731
6,7856000000000005
7,1763
6,8072
7,275099999999999
7,0907
7,255199999999999
6,8797
6,835500000000001
7,5024999999999995
6,8231
7,1425
6,852600000000001
9,7934
10,7523
9,599
8,7401
7,1126000000000005
7,817899999999999
7,921900000000001
8,556700000000001
9,953999999999999
7,605899999999999
6,9558
7,8549
8,286399999999999
7,8964
7,9735
7,4414
7,1821
7,0423
7,1912
7,0253
6,9786
7,113300000000001
7,5221
7,125699999999999
7,4624
7,0972
7,0168
6,8912
7,093999999999999
7,6425
10,777
10,0605
7,366700000000001
7,594799999999999
7,9033999999999995
7,7455
8,5232
6,7012
7,0649
7,9819
8,3357
6,8997
7,073300000000001
6,9639999999999995
6,8130999999999995
7,406000000000001
6,889
7,1487
6,9123
7,5073
6,935099999999999
6,8642
7,3778999999999995
6,855700000000001
7,2544
6,9118
6,9876000000000005
7,221
10,25
9,9558
7,1407
6,9321
7,0299000000000005
7,2691
9,456000000000001
9,083400000000001
6,8950000000000005
7,4326
6,7084
6,9829
10,995700000000001
6,9877
7,014
8,229500000000002
7,695600000000001
7,3159
6,8888
6,8641
7,2193
6,850700000000001
7,2508
6,8589
7,052499999999999
7,0678
6,9799
7,770700000000001
7,2052000000000005
7,6636
6,9434
7,6835
6,9222
7,1197
7,237900000000001
8,8548
7,1731
6,9643
6,9923
8,4202
8,4063
10,687999999999999
8,0637
6,9491
11,2541
8,726899999999999
8,5206
7,7889
7,277299999999999
6,903099999999999
7,346
6,987100000000001
7,187200000000001
7,510400000000001
7,0870999999999995
7,404100000000001
6,9776
7,1862
6,9512
7,162
6,992
6,929
7,6681
6,9436
7,995900000000001
9,6019
9,9672
8,1762
7,9727
9,7448
6,9787
7,027
7,003900000000001
6,7501
7,4543
9,898
8,4077
8,6501
7,9735
6,924600000000001
7,4559999999999995
6,9734
7,1362
7,1186
7,499099999999999
7,1334
7,155
7,1549
6,994700000000001
7,1249
6,9312000000000005
6,9902999999999995
7,1770000000000005
7,5547
7,2176
7,1475
7,6227
6,9484
6,9911
7,2036
10,4085
7,7775
7,9892
8,1091
9,462
8,203999999999999
8,021199999999999
8,1355
8,3317
8,0612
8,0284
8,2645
7,7492
8,028
7,6685
8,5593
7,881900000000001
8,0789
10,8662
11,3583
8,010299999999999
7,7846
8,8095
7,0078
6,5961
7,6903
7,8130999999999995
8,308
6,891900000000001
7,2359
6,8717
7,680000000000001
6,9369000000000005
7,279599999999999
7,0934
6,862100000000001
7,213500000000001
6,8614
7,1789000000000005
9,5492
9,497800000000002
9,7609
8,0518
7,1008
7,1316
6,8954
9,053500000000001
10,1824
9,8834
11,0476
10,1279
9,755700000000001
7,2953
7,545999999999999
8,042499999999999
7,4065
7,5567
6,891
8,3848
9,952900000000001
10,113900000000001
9,9334
9,862599999999999
9,6912
6,9277999999999995
7,2525
7,9998
8,5667
7,8603000000000005
9,3514
7,888300000000001
7,5297
6,9079
7,279
6,876
6,8896
7,3043
6,9091
7,2033000000000005
6,9066
7,195
6,96
7,008699999999999
7,3812
7,0004
7,250699999999999
6,9785
7,7054
6,9638
7,1148
7,1852
6,9989
7,190300000000001
6,898
7,2062
6,9248
7,5344
7,147200000000001
7,2219
7,19
7,0901000000000005
7,277200000000001
7,1696
7,058
7,167599999999999
7,653700000000001
7,903200000000001
7,8069999999999995
8,71
6,9652
6,9094999999999995
7,0550999999999995
8,3369
7,5303
6,7691
7,1168000000000005
7,5735
8,498000000000001
7,883299999999999
7,4014
6,9613000000000005
7,2196
7,4769
6,852600000000001
7,6066
7,156
7,2308
6,9355
7,2475
6,9561
7,21
7,3952
6,8644
7,331200000000001
6,9418
7,3613
6,9975000000000005
7,230099999999999
7,012700000000001
7,7730999999999995
7,2654
6,8935
7,2591
6,9254
7,2379999999999995
6,9608
7,0496
7,1819
7,5702
7,1532
7,0709
7,145300000000001
6,9409
9,9909
6,92
7,162100000000001
7,9211
8,5149
7,1267
7,9529000000000005
8,0151
6,976999999999999
7,0923
7,0051000000000005
6,9974
7,5995
6,945200000000001
7,4465
6,8665
7,150799999999999
7,244
7,1516
6,9905
6,9579
7,636699999999999
6,9496
7,2090000000000005
6,9599
7,124499999999999
7,0075
6,9255
7,5375
6,9792
7,6624
6,9573
7,1678999999999995
6,9893
6,9157
7,8094
7,4417
7,667400000000001
6,944500000000001
7,8014
8,9458
8,1256
7,114
8,1716
10,8094
8,408000000000001
10,6105
8,013
7,8835999999999995
8,7711
8,0961
10,473700000000001
7,8683
8,123800000000001
8,7667
8,0478
6,9524
7,2325
7,0673
7,2155
7,0126
7,3457
7,517399999999999
6,9537
7,2818
6,9063
7,1765
7,2394
7,1493
7,098
6,9337
7,7955000000000005
6,919
7,2494
6,9551
7,3193
6,9307
6,9251
7,3191999999999995
6,9109
7,698
7,027
7,2546
7,2508
7,1569
7,069
6,9664
7,1758999999999995
7,4269
7,0868
9,4428
7,1173
7,1242
7,8130999999999995
8,130500000000001
7,760999999999999
7,8849
7,9959999999999996
6,9722
6,946
7,0875
7,1197
7,1242
6,8267
7,4895
7,0085
7,3345
7,1422
6,948099999999999
7,3402
7,0632
7,0273
7,066
7,4559999999999995
7,171
6,9936
7,1483
7,119999999999999
7,0194
7,0764000000000005
7,0124
7,1691
7,343
7,0707
7,1352
7,026400000000001
7,0079
6,8628
7,2045
6,8950000000000005
7,123799999999999
7,3243
6,5816
8,145100000000001
7,8498
8,3158
9,866200000000001
7,5473
7,6169
11,6109
7,1829
6,9651000000000005
7,8253
8,104999999999999
7,7289
8,5862
7,1322
7,1293
6,853599999999999
7,1865000000000006
7,0836
7,3783
7,0286
7,415
7,1808000000000005
7,0069
7,1005
6,8971
7,045
7,0149
6,9905
7,1253
7,545999999999999
7,0789
7,0297
7,1623
6,922000000000001
6,9586
7,1213999999999995
7,158
7,8926
7,5987
7,1513
7,1444
6,8796
7,18
6,8975
7,0905
7,169
10,1805
10,3645
7,1849
6,8709
7,431
7,6665
11,616100000000001
7,2575
7,2898
7,0539000000000005
7,1964999999999995
8,0046
7,1667
7,2286
7,6411
7,452699999999999
6,9336
7,278
6,8895
7,2401
6,9645
7,5654
7,1524
6,9451
7,3172999999999995
6,9477
7,309
7,3037
6,9956000000000005
7,7299
6,9363
7,2582
6,927
7,32
7,0383
6,8708
7,2995
7,555400000000001
7,2197
7,2601
7,2264
7,369800000000001
7,2578
7,0802
8,7226
8,4632
6,8867
8,0944
7,951
8,465800000000002
9,6489
7,7967
7,6216
11,9369
7,1596
7,1962
7,5737
8,1136
7,7823
8,6164
6,9306
7,7278
6,9539
7,271299999999999
6,9688
7,0209
7,1992
7,1405
7,2682
6,9561
7,8412
6,9757
7,2382
6,9030000000000005
7,0557
7,2187
6,922700000000001
7,1768
6,9236
7,676200000000001
6,922499999999999
7,3045
7,1869000000000005
7,0448
7,2326999999999995
6,9533
7,463100000000001
6,9417
7,483700000000001
7,162800000000001
7,0393
7,1851
7,0761
7,1549
9,323599999999999
7,3473999999999995
7,6434
8,2244
8,1174
6,9826999999999995
8,2142
7,844500000000001
7,2737
6,9236
7,2175
7,6428
7,1476999999999995
7,0394000000000005
6,9642
7,470400000000001
6,9249
7,2923
6,9288
7,1433
7,5562
6,9018999999999995
7,3578
6,974
7,3127
6,9392000000000005
7,247199999999999
7,0029
7,1213999999999995
7,6316
6,9553
7,8073
7,0036
7,3568
6,9927
7,3594
6,9759
7,7631000000000006
7,1594
7,030200000000001
7,190799999999999
6,9253
7,1105
8,003599999999999
8,5887
8,206700000000001
11,510100000000001
7,990799999999999
8,290799999999999
10,8637
7,5532
6,9689
8,0133
8,113199999999999
7,3049
7,192200000000001
7,2862
7,030200000000001
7,0821
7,2599
7,006799999999999
7,764
7,147200000000001
7,3376
7,0327
7,1005
7,184399999999999
7,202100000000001
7,1999
7,8018
7,355300000000001
6,961099999999999
7,2577
7,1386
7,0579
7,2931
6,9665
7,2896
7,026
7,4833
7,0298
6,9591
7,4621
7,1371
7,2839
6,958200000000001
7,6939
6,9978
7,0949
8,6159
6,8419
7,0466
6,756200000000001
8,5457
11,0123
8,181000000000001
8,0912
8,0216
7,9488
8,1098
7,445
7,1898
7,7151
7,1856
7,0514
6,8953
7,1667
6,9586
7,114
6,9106000000000005
7,1893
7,5679
6,8848
7,1749
6,8916
7,2028
7,1764
7,1158
7,050599999999999
6,9266
7,6515
6,9216
7,2642
6,9296999999999995
7,1776
7,2314
6,8856
7,298500000000001
6,9324
9,4743
8,0408
7,1761
6,9134
7,255400000000001
7,596
7,9477
7,7738
9,9495
9,8205
7,938199999999999
7,953200000000001
7,3176
7,769299999999999
7,1425
7,5889
7,7907
8,2095
8,0628
7,2137
6,9572
7,1735999999999995
7,136799999999999
7,0993
7,3987
6,9864999999999995
7,1124
7,0912
7,097700000000001
6,9777
7,169700000000001
7,4625
6,9056999999999995
7,106000000000001
7,3712
7,2145
7,3371
7,632899999999999
7,08
7,1799
7,4728
6,9459
7,4369
7,007099999999999
7,1724
8,939
7,3492999999999995
6,968
7,162800000000001
7,6385000000000005
11,022
9,7875
7,994
7,1274
7,5196000000000005
7,607
9,6429
7,147200000000001
6,8103
7,2118
7,0972
10,122300000000001
7,1962
7,3084
8,534099999999999
7,227
7,0323
7,2648
7,0674
7,075200000000001
7,3875
6,9537
7,7330000000000005
7,1024
7,252
7,0422
7,3506
6,9822
7,1135
7,4027
7,0121
7,649900000000001
7,0669
7,5142999999999995
7,051
7,1808000000000005
7,2411
6,9783
7,3015
7,0773
7,9574
7,0819
7,2408
7,1232
7,0557
7,279100000000001
6,9816
7,1789000000000005
7,4594
7,1964999999999995
7,1986
6,9801
7,4345
9,5443
9,0426
7,0006
7,8109
7,8665
8,2905
7,2296000000000005
7,953200000000001
8,2037
8,1417
8,4162
7,2711
7,31
7,3285
7,1894
7,1699
7,241499999999999
7,5085999999999995
7,3649
6,9793
7,3749
7,0083
7,2409
7,193899999999999
7,076899999999999
7,2765
7,6399
7,3017
7,2829
7,2058
7,0304
7,0243
7,2195
7,1345
7,233
7,612500000000001
7,2226
7,112
6,9736
7,3530999999999995
7,026400000000001
9,124699999999999
8,063
7,3896999999999995
7,4462
9,1557
7,0067
8,1245
7,9559
10,113000000000001
7,0003
8,7053
7,052499999999999
7,2879
7,0363
7,21
7,4361999999999995
6,989999999999999
7,2376000000000005
6,9932
7,694
7,018
7,3659
7,3565000000000005
7,0214
7,2318
7,5371
7,7019
6,9668
7,901
6,950699999999999
7,3407
6,9939
7,1338
7,2204
7,058199999999999
7,1339999999999995
6,9661
8,047699999999999
6,992100000000001
8,001
8,131599999999999
7,0565999999999995
7,447299999999999
7,0985
7,4163
7,5661000000000005
7,2579
7,188899999999999
9,0747
6,965800000000001
6,7912
7,035200000000001
7,485399999999999
7,1878
8,3178
7,8777
8,0584
7,8876
8,2118
7,8943
7,1868
6,9427
7,7505
6,9067
7,2774
7,0664
7,2566999999999995
6,9748
6,9733
7,3308
6,912
7,6049999999999995
6,9363
7,4982
6,9561
7,4261
6,9391
6,9067
7,2369
6,9362
7,732100000000001
6,98
7,2167
7,005800000000001
7,1633000000000004
7,1767
7,0451999999999995
7,118099999999999
6,9428
7,6221
6,9883999999999995
7,1223
7,1846000000000005
7,1879
7,2223
7,4624
9,1582
7,4824
7,1577
7,0054
7,126600000000001
7,7330000000000005
7,2661
7,064
7,9049
8,7299
8,1454
7,282699999999999
6,9607
7,3492
7,385199999999999
7,1255
7,1576
12,562999999999999
8,5239
8,8583
9,275200000000002
9,2441
8,726799999999999
8,346599999999999
7,5158000000000005
7,5138
10,1329
10,1303
9,457500000000001
8,0933
7,5959
8,0707
8,1887
9,4398
8,9726
