775.5050999985542
761.5649000072153
743.8375000056112
748.312600000645
746.8422999954782
730.4236999916611
729.4653999997536
737.77579999296
747.8900999994949
729.4184999918798
726.3697000016691
728.3199000085006
726.4604999945732
721.0908999986714
720.5320999928517
718.084700012696
719.6543000027305
713.256300005014
718.5724000009941
712.3894999967888
713.1216000125278
721.0348999942653
722.7585000073304
716.7627000017092
722.1609999978682
724.8357000062242
717.6277999969898
715.4908999946201
712.6386999880197
728.6853000114206
714.6897000056924
712.6138000021456
736.2311000033515
732.2904000029666
717.5428999908036
718.9813000004506
715.7067999942228
712.783800001489
713.5741999954917
712.8161000000546
711.0569999931613
718.2479999901261
711.4958000020124
708.6673000012524
712.0271999883698
723.3819000102812
720.0873000110732
708.9011999923969
709.2585999926087
721.537499994156
727.8698999871267
746.313800002099
766.6606999991927
711.7664999968838
709.621399990283
711.9428000005428
707.3300999909407
716.5679000027012
718.315000005532
739.5544000028167
725.8635000034701
718.1869999913033
741.1152999993647
711.4907999930438
707.2028999973554
705.8558999997331
709.6539999911329
707.8079000057187
714.1715999896405
724.9494999996386
715.4306000011275
717.5730000017211
716.04379999917
722.0645000052173
706.0515999910422
705.1585000008345
710.0493000034476
708.2511000044178
732.021399991936
709.5544000039808
711.5190999902552
711.1691999889445
707.8546999982791
712.7397000003839
714.0307999943616
759.320299999672
715.5549000017345
707.3556999966968
710.0693999964278
713.394700011122
712.0238000061363
709.1456000052858
708.5003000102006
707.4917999998434
707.5810000096681
715.3544000029797
714.6005999966292
723.4233000053791
704.3988000077661
704.06269999512
708.5234999976819
708.949300009408
702.0971000019927
704.8516000068048
701.3933999987785
705.5320999934338
705.6173000019044
706.673699998646
706.8672000023071
710.0612999929581
705.2231999987271
709.3718999967678
709.1752999986056
700.3733000019565
704.7898000018904
706.6158000088762
706.6201999987243
716.2937999964925
704.1681999980938
710.8680000092136
702.8756000072462
701.1931000015466
702.1986000036122
708.179499997641
706.6266999900108
703.536000000895
705.1234999962617
707.9969000042183
706.0783000051742
702.9474000009941
706.8507000076352
715.6393000041135
710.3534000052605
703.6987999890698
703.966400003992
706.2781999993604
709.6985999960452
702.9534000030253
710.1303999952506
712.2474000061629
707.1466999914264
708.0847999895923
702.6321000012103
713.6640999960946
703.4284999972442
713.8590999966254
706.509299998288
706.7399999941699
717.1789999993052
703.7429999909364
700.8988000015961
706.4936999959173
701.6955999861239
702.5917999999365
700.5138999957126
709.9062999914167
701.0234000044875
701.3761999987764
725.8069000090472
711.0776000045007
710.9205000015208
717.416300001787
701.76110000466
701.0470999957761
699.665099993581
708.0252000014298
699.8107999970671
704.3434999941383
699.1211999993538
699.7178999881726
703.0804000096396
708.5361000063131
706.0657999973046
703.8776999979746
704.4211000029463
702.4958000110928
703.2821000029799
703.2649000029778
700.7965999946464
707.0390000008047
706.0295000119368
707.1811000059824
708.9202999923145
703.0687000078615
702.1188000071561
709.2942000017501
702.7630000084173
702.5208000122802
703.4286000125576
705.3270000033081
704.6441999991657
709.1152999928454
712.2456999932183
703.304599999683
717.1690999966813
700.7588999986183
703.2329999929061
707.2626000008313
699.8604999971576
713.028199999826
708.3665000100154
706.7208000080427
703.0488000018522
715.3859000100056
766.5057999984128
750.5700000037905
737.2755000105826
713.287799997488
724.8974999965867
705.0712999916868
702.8089000086766
711.1765000008745
704.3666999961715
709.22979999159
706.0316000133753
701.7179999966174
720.9688000002643
713.2941999880131
705.64299999387
710.0285000051372
708.3553999982541
706.7518999974709
705.3251000033924
708.2967000023928
711.9846999994479
721.7643999902066
704.8924999980954
703.330400006962
716.3208999991184
707.7143999922555
708.2960000116145
720.9604999952717
710.9131000033813
703.66909999575
700.6244999938644
702.2528999950737
702.9589999874588
700.9651999978814
701.593400008278
698.5628999973414
706.7495999945095
709.6917000017129
700.7712999911746
700.0916999968467
703.6090999899898
713.842700002715
712.1005000080913
711.9092000066303
700.6442999991123
703.4109999949578
707.4248999997508
710.237600011169
714.7215000004508
703.9678000001004
698.8707999989856
696.3728999980958
705.6972999998834
707.3109000048134
704.0825000003679
705.0843999895733
700.9696999884909
706.5695999917807
700.9460999979638
701.7656999960309
701.207299993257
707.8276000102051
705.3663999977289
700.763700006064
701.2872000050265
702.5217000045814
718.1743999972241
700.1422000030288
700.0379999954021
702.2018999996362
699.0194000100018
702.0653999934439
718.3109000034165
701.2113000091631
719.1942999925232
716.8998999986798
701.5994000103092
700.2883999957703
708.138499991037
700.3000000113389
698.5265999974217
698.7086000008276
701.197600006708
705.2533000096446
705.0321999995504
700.0106000050437
700.6614999991143
699.6976999944309
701.100399994175
705.6001000019023
707.0321000064723
699.9801999918418
699.8135000030743
702.6094999891939
703.6153000080958
703.0130000057397
704.3474000092829
698.8588000094751
706.0655999957817
703.1435000099009
700.8039000065764
704.0187000093283
701.9893000106094
705.1538999949116
698.7207000056515
702.1992000081809
708.4333999955561
706.2488000083249
703.7472999945749
708.1745999894338
731.6467000055127
703.4305999986827
715.217599994503
704.5421999937389
700.6990000081714
706.6749000077834
706.1264000076335
699.8316000099294
715.345000004163
704.4433999981266
709.8287000117125
720.547600009013
698.5271999874385
704.3164999922737
709.7095999924932
703.2794999977341
712.6914999971632
726.5494999883231
702.4392999883275
704.2182000004686
700.4064999928232
710.2362000005087
706.5921000030357
725.4787999991095
716.0005000041565
703.0340999917826
701.394400006393
707.0231000107015
712.7390999958152
702.5278999935836
714.2755999957444
713.213299997733
700.7155000028433
737.7417000097921
703.9005000115139
706.6422000061721
703.2044999941718
701.464700003271
700.5126000003656
706.3444000086747
711.2314999976661
704.5827999972971
702.7570000063861
706.8896999990102
710.4342999955406
700.9224999928847
702.8332999907434
711.5489999996498
709.4318000017665
700.7845000043744
715.584100005799
710.5912000115495
705.4898000060348
707.5544000108493
712.3099000018556
701.113200004329
704.6259000053396
709.4103999988874
710.564200009685
708.0519000010099
701.3812999939546
704.8021999944467
709.2864000005648
719.4031999970321
713.7813000008464
702.6691000064602
717.3050999990664
714.623699997901
703.6674000119092
697.6327000011224
700.9954999957699
704.2656999983592
698.5296999919228
702.5508999940939
702.375499997288
702.6480000058655
703.7186999950791
703.3736000012141
710.5615000036778
707.3104000010062
710.5722999986028
715.3182000038214
706.4807999995537
718.2040000043344
712.4392999976408
705.7421999925282
699.3499999953201
701.4720000006491
700.4271999903722
701.6196000040509
698.7117000098806
701.1881000071298
701.1274999968009
706.9025999953737
706.915000002482
705.5566999915754
696.1444000044139
700.8736999996472
704.6652999997605
711.5962999960175
721.0668999905465
708.5241000022506
704.153699989547
699.6405999962008
706.0408999968786
703.9968999888515
725.1287999970373
746.0433000087505
714.4140000018524
698.071799997706
699.4040999998106
702.2434000100475
698.8999999884982
700.7188999996288
715.3899999975692
704.3520000006538
708.3165000076406
701.7981999961194
709.3767000042135
702.3790999955963
698.6821000027703
706.6177999950014
713.3865999931004
705.922199995257
704.0785999997752
705.1647999905981
705.1988000021083
707.4569000105839
713.2206999958726
701.554400002351
705.4578999959631
702.9896999883931
704.7295999946073
707.2723000019323
701.171400010935
755.2189999987604
694.4879999937257
714.7571999958018
707.5828999950318
702.6125999982469
700.6916999962414
704.2979999969248
700.682599999709
717.1972999931313
719.2901000089478
701.4450999995461
708.011800001259
702.1620000014082
712.1156000066549
704.2430000001332
703.9562999998452
706.1768999992637
703.9099999965401
706.9385000067996
703.9828999986639
706.7352999874856
705.3243999980623
702.6683000003686
704.591799993068
701.7606000008527
709.1217999986839
731.2655999994604
731.6815999947721
1409.6124000061536
843.7693000014406
833.1966000114335
828.3416999911424
1097.0151999936206
830.83340000303
792.7830999979051
968.6679000005824
1154.2208999890136
1078.313399993931
768.3595000125933
777.6290000037989
977.2604000027059
1093.7290000001667
994.3118999945
767.4228999967454
757.3019999981625
809.8708000034094
772.700999994413
817.3890000034589
787.1864999906393
877.0771999988938
776.5761999908136
816.8638999923132
812.1280999912415
900.6238999863854
789.3400000029942
743.4959999955026
748.86969999352
734.1513999999734
710.4934999952093
709.4378000037977
763.6614999937592
770.6368000071961
787.3280999920098
746.2075000075856
791.2604000011925
786.6691999952309
787.8933000029065
797.3665000026813
808.7812000012491
816.0955000057584
803.5402999958023
752.1124000049895
805.0627000047825
792.0794000092428
815.0195000052918
774.1195000126027
715.813499991782
708.628199994564
803.9839000120992
741.0883999982616
798.1368000037037
735.946699991473
693.1834999995772
745.6025999999838
756.6071000037482
753.6324999964563
799.8516999941785
770.7233999972232
701.833600003738
785.8315000048606
687.1520999993663
730.7406999898376
800.3105000098003
812.1531999931904
801.7653000133578
763.993999993545
705.8251999987988
691.679399998975
730.7195000030333
787.64220001176
771.3664000038989
760.0261000043247
717.5907000055304
702.4976999964565
743.4147000021767
785.5852000066079
707.8142000100343
762.7103999984683
773.8662999909138
749.1768000036245
726.8518000055337
757.890499997302
715.7321000122465
774.724500006414
712.6656000036746
732.6188000006368
722.7885000029346
737.9335000005085
735.413200003677
731.1002999922493
736.6581999958726
740.8475999982329
733.1686999968952
718.032700009644
739.1653999948176
701.2001999974018
727.5341000058688
727.9804999998305
721.3315999979386
769.0562000061618
718.4603999921819
724.7383000067202
727.3979000019608
729.5194000034826
731.7815999995219
708.1659000104992
705.6773999938741
709.2877999966731
764.1405000031227
750.0499000016134
761.9221999921137
759.1378000070108
750.2999999996973
720.678500001668
720.0899000017671
761.3340999960201
748.5411999950884
710.4643000056967
774.6394999994664
764.4014999968931
761.8350999982795
726.1071000102675
756.2599000084447
732.4072000046726
765.5698000016855
757.1475999866379
759.302899998147
750.9113999985857
758.8802999962354
757.3802999977488
717.682300004526
738.9829000021564
721.8286999996053
699.1668999980902
749.9000000098022
737.2309000056703
706.4717999892309
695.252099991194
744.503200010513
748.2583999953931
729.672200002824
765.4018000030192
761.0657999903196
764.6200000017416
715.0001999980304
689.0538999869023
745.5244000011589
763.5789000050863
729.3212000076892
768.6614999984158
780.1833999983501
796.8854000064312
741.1817000102019
704.4136999902548
720.2605999918887
711.6799000068568
690.4845999961253
768.7456999992719
804.9954000016442
776.4110999996774
783.0132999952184
724.5632999984082
803.6368000030052
783.6218000011286
747.3771999939345
710.9004000085406
750.3117000014754
781.5755999909015
718.4984000050463
696.2792999984231
691.808100003982
687.5403000012739
722.4431000067852
706.7781000077957
766.0162000101991
790.1576000003843
805.4480999999214
755.437300002086
786.3936000067042
703.477600007318
688.175000002957
755.9780000010505
711.3114000094356
710.4443999996874
731.629999994766
720.1758000010159
728.8379999954486
775.5152999889106
689.7164999973029
713.2797000085702
711.8250999919837
705.083900000318
709.3401000020094
711.7935999995098
730.7326000009198
724.1711000096984
714.3745999928797
731.9961000030162
742.3650999990059
710.9029999992345
708.0148999957601
717.4516999948537
714.987299987115
704.5113000058336
732.6124999963213
708.3897999982582
715.5354999995325
720.3993000002811
714.0414000023156
733.0400000064401
765.5508000025293
766.2160000036238
746.9457999977749
711.0432999907061
710.573000003933
707.1581000054721
708.3335000061197
710.5677999934414
710.5871999956435
709.3082000064896
714.0242000023136
713.4026999992784
709.3693999922834
732.4997999967309
707.7739999949699
751.3410999963526
711.2228999903891
709.0367000055267
708.1986999983201
709.835400004522
711.564900004305
710.7949999917764
741.3106000021799
728.7742000044091
810.6030999915674
748.5388000059174
732.7921999967657
718.6004999966826
765.6329000019468
710.0173999933759
706.8859999999404
708.8922999973875
719.9564000038663
707.2424000070896
708.0755999922985
726.5713999950094
708.1821000028867
728.7921000097413
733.359499994549
719.6280000061961
718.7512999953469
734.8280000005616
712.8073000058066
711.3968000048772
706.360099997255
706.9224000006216
732.2349999885773
716.6424000024563
719.4018000009237
716.6362999996636
757.6897999970242
686.5323999954853
725.7021999976132
728.567899990594
717.0677999965847
735.5494999937946
715.3422000119463
707.4787999881664
728.9608999999473
758.6320999980671
720.3022000030614
707.8664000000572
711.6175999981351
749.1665000125067
709.027499993681
700.1128999982029
732.8318999934709
706.3520000083372
707.0607000059681
717.4157999979798
698.5928999929456
711.1968999961391
704.4151000009151
703.9251999958651
703.3145000023069
709.4515000062529
713.5296999913407
696.9957000110298
701.1366999940947
704.4771000073524
705.7899000064936
701.0630000004312
748.6747999937506
715.3717999899527
731.3856999971904
731.0409000056097
727.6247999980114
705.7050000003073
709.4880000076955
706.4890000037849
703.951399991638
709.292400002596
704.0453999943566
709.9453999981051
726.1576000018977
717.7045999997063
736.816100004944
730.4398999986006
722.8495999879669
708.2609000062803
706.0148999880766
704.0241000067908
713.715100006084
724.5591999962926
706.7621000023792
711.0131999943405
704.6061999863014
710.6791999976849
706.618600001093
702.5867999909678
736.2106000073254
703.7457000114955
707.3250000103144
708.2235999987461
715.2514999906998
706.1439999961294
731.3552999985404
705.3770000056829
703.8339999999152
714.0220000001136
705.7488999998895
705.0712000054773
709.2139000014868
705.1341000042157
733.1244000088191
770.7970000046771
716.8288000102621
708.4628000011435
729.6101999963867
706.0168000025442
708.5444999975152
713.6227000009967
710.9784000058426
708.9628999965498
707.7897999988636
707.1407000039471
711.3865999999689
705.5852000048617
706.7897000088124
707.5430999975652
741.2400000030175
730.7015999977011
743.1681999878492
711.732399999164
743.364299996756
703.6037000070792
747.7252000098815
707.7049000072293
707.5803000043379
707.362600005581
710.7582000026014
759.3398000026355
699.1663000080734
710.3959999949438
704.9090999935288
711.379800006398
709.5961000013631
708.793700003298
710.3385000082199
705.6367999903159
732.128499992541
773.8608000072418
718.147499996121
701.45059999777
718.8033999991603
707.2560999949928
709.043599999859
771.3204000028782
718.6109000031138
708.5920000099577
706.1364000110188
707.14310000767
711.1339999974007
707.816099995398
707.2628000023542
706.0437000036472
707.2834999999031
705.4434000019683
708.7433999986388
723.9348000002792
715.8650999917882
735.2833000040846
705.5734000023222
709.1016999911517
716.9207000115421
721.2753000058001
709.2904000019189
700.4703999991762
746.413400003803
713.30940000189
714.8256999935256
724.498700001277
748.1962000019848
706.6695999965305
703.2572000025539
741.8293999944581
709.120499988785
710.2478000015253
715.5044999963138
707.6883999980055
710.1526999904308
704.7650000022259
705.8375000051456
701.5690999978688
753.4788000048138
727.7801000018371
726.98870000022
733.1258000049274
729.8890999954892
705.8264999941457
720.541199989384
707.7212000003783
707.019900000887
704.1271000052802
708.6457000114024
706.0381000046618
711.6227999940747
707.4326000001747
703.943899992737
706.1130999936722
707.5796999997692
704.0276000043377
753.6713000008604
733.2203999976628
818.5662000032607
743.3381000009831
708.4264000004623
707.2802999900887
715.7083000056446
705.3257000079611
709.3251999904169
730.9067000023788
750.5114000086905
715.2477000054205
710.7883999997284
709.4219999999041
758.8953999947989
775.3867999999784
788.0057000002125
772.4937000020873
719.6529000066221
708.1832999974722
715.1597000047332
736.1960999987787
709.7300000023097
707.2738999995636
739.0264999994542
708.1631000037305
706.353500005207
705.8694000006653
709.4400000059977
705.9689000016078
724.5196000003489
740.7142000010936
716.6164999944158
742.953299995861
707.6033999910578
707.9442999965977
707.5363000039943
707.4638000049163
709.4108000019332
711.1518000019714
706.3586000003852
718.9351999986684
718.7979000009364
709.1586000024108
712.0777999953134
710.9120000095572
709.2095999978483
707.8692000068258
709.8972999956459
710.1331000012578
709.4483999971999
711.6740999917965
743.8647000089986
712.0193000009749
713.7109999894165
705.4896999907214
713.8909000059357
704.4720999983838
703.921199994511
714.1938999993727
708.2298000023002
706.0174999933224
742.8263999900082
709.950000004028
713.9733999938471
718.0375999887474
726.0195999988355
711.4529999962542
709.6241000108421
709.7057000064524
710.9992999903625
713.0307000043103
728.0384999903617
703.9673999970546
700.680599999032
706.5413000091212
707.3832000023685
709.7882999951253
710.3666999901179
738.3314999897266
718.3414000028279
715.400100001716
704.4960999919567
703.1549000093946
707.9955999943195
750.6308000010904
725.8751999906963
718.2111000001896
750.8248999947682
703.1316999928094
710.0348999956623
710.981800002628
705.8722999936435
708.2493000052636
707.0160000002943
707.5497000041651
709.5180000032997
705.2726999972947
706.9335000123829
704.9937999981921
704.7698000096716
706.5889999939827
703.9733999990858
721.9551000016509
719.9546999909217
704.5262999890838
704.5923999976367
707.1230000001378
747.9129999992438
707.7622000069823
704.4735999952536
692.8461999923456
707.4938000005204
706.1240000039106
711.8225000012899
732.6644999993732
797.3646000027657
734.5725000050152
713.5933999961708
707.3719999898458
705.1109000021825
707.5619999959599
706.0293999966234
702.502000000095
705.6217000063043
706.3696999975946
709.3869999953313
770.9777999989456
754.9468000070192
725.8998999895994
745.7247999991523
726.37869999744
725.2394999959506
707.1701000095345
709.7034999897005
709.26309999777
712.4148999864701
705.2324999967823
703.8482000061776
709.4737000006717
708.9336000062758
705.0546999962535
706.3943999964977
706.6354999988107
705.0076000014087
723.5252000100445
707.618000000366
706.3019000052009
761.8992000061553
706.3714999967488
693.7775000114925
707.9483000125038
710.8331000054022
748.1491000071401
706.9917999906465
707.5060999923153
705.4349999962142
713.6270999908447
780.2725999936229
721.5188999980455
730.7450999942375
712.7561000088463
713.5593999992125
742.3435999953654
708.7800000008428
727.7981999941403
711.3997999986168
707.2115000046324
709.9420999875292
724.3632000026992
749.1609999997308
755.7137999974657
709.0058000030695
729.7974999964936
706.701899995096
731.4208000025246
746.1713999946369
739.5337999914773
739.2017999954987
709.5211999985622
732.4948000023142
704.2892000026768
707.0053999923402
703.5321000003023
705.9564999944996
709.6624999976484
705.4359000030672
709.4129999895813
710.1474999944912
705.0716999947326
709.5292000012705
763.6292000097455
743.858600006206
730.6455000070855
709.7383999935118
705.697199999122
711.5818000020226
705.3448999940883
700.5749999952968
712.1211000048788
704.6833999920636
706.4465000003111
707.4663999956101
728.1934000056935
737.473899993347
708.0068999930518
704.4400000013411
728.3967999974266
719.429399992805
699.7159000020474
700.6300000066403
717.2938000003342
738.2748999953037
721.5905000048224
706.6997999936575
706.3895000028424
709.2593999987002
734.1187999991234
703.0171999940649
706.1522000003606
705.3970000124536
718.4292999882018
715.4785000020638
736.0408999957144
701.5467000019271
706.029099994339
703.1138000020292
709.9105999950552
703.4171000123024
707.081400003517
710.4747999983374
705.4521999962162
704.5980999973835
708.0676000041422
703.3546000020579
789.2338999954518
714.6255000116071
731.5860999951838
732.8147999942303
735.9678999928292
690.1042000099551
704.7556000034092
765.1163000118686
703.1819999974687
705.2328999998281
705.1886999979615
708.9922000013757
704.4440000026952
709.9039000022458
717.7132999931928
732.365399991977
702.2728000010829
705.4270999942673
741.291900005308
759.6367999940412
704.8398999904748
706.3281000009738
708.0239000060828
703.9193000091473
706.434799998533
714.5930999977281
709.8356999922544
761.2188999919454
704.9246999958996
738.0627000093227
703.6016999918502
708.791500001098
705.0617000058992
706.9956000050297
707.4494999978924
710.156500004814
705.6830000074115
742.8029000002425
724.4757000007667
728.1962999986717
717.6091000001179
705.790199994226
710.0416000030236
772.1601000084775
706.7230999964522
706.3096999918343
694.7968000022229
763.477000000421
728.9087999961339
711.1627999984194
708.0370000039693
702.9640999971889
702.2546000080183
720.0420000008307
706.3202999997884
708.9381999976467
707.7100000024075
705.4047999990871
704.1251999908127
756.1939000006532
705.7627999893157
710.2578999911202
707.4993999995058
705.0721000123303
704.0465000027325
750.4178999952273
743.3958000037819
708.7118999916129
707.5332999957027
724.485700004152
714.2276000085985
706.1063000001013
702.773500001058
706.4002999977674
708.710399994743
729.6652999939397
719.6685999952024
734.2366000084439
743.7470000004396
730.1233999896795
709.8231999989366
726.9934999931138
692.1926000068197
726.3482000125805
707.1848999912618
712.5129999913042
719.2186000029324
714.4934999960242
722.3421999951825
692.2896000032779
704.0851999918232
704.3912999943132
715.2782000048319
690.9909999958472
706.6849999973783
705.2022999996552
720.6686999998055
711.0016000078758
707.8298999986146
720.3013999969698
714.4988999934867
717.918100010138
737.3137999966275
704.4733000075212
722.1471000084421
715.2905999973882
734.4962999923155
714.7345999983372
723.0236000032164
726.4004000026034
758.9745000004768
697.4540000082925
710.4534000100102
707.1670000004815
726.1627999978373
742.0340999960899
700.8181000128388
709.034999992582
724.9450999952387
708.2644999900367
704.5029000000795
707.4573000136297
715.0045000016689
707.5068999984069
718.1936999986647
703.6332999996375
731.6453000094043
712.2927000018535
699.7454000083962
707.620200002566
706.1403999978211
705.7185000012396
710.3179999976419
704.2762999917613
712.3390000051586
711.791900001117
710.6457000045339
726.2852000130806
751.2311000027694
706.3040000066394
701.1603999999352
709.2708000127459
705.1854000019375
706.892299989704
718.5869999957504
707.6381999941077
713.3043999929214
704.0897000115365
704.4524999946589
706.340699995053
703.4155000001192
702.0472000003792
745.183699997142
754.3853999959538
769.3048999935854
747.7495999919483
705.8028000028571
747.2207000100752
709.7919000079855
706.7868000012822
721.4549999916926
704.4289000041317
705.3177999914624
707.6552999933483
703.1194000010146
708.3550999959698
715.0764999969397
734.6369000006234
747.7163000003202
744.9821999907726
703.5590000014054
743.6274000065168
706.9978000072297
704.508299997542
740.6591000035405
704.6737000055145
707.8555000043707
711.6575999971246
707.4257999920519
708.9187999954447
755.3044999949634
714.1187000088394
712.0832000073278
725.9825000073761
765.4749999928754
757.5157999963267
715.4927000083262
712.7922999934526
787.1895999996923
720.3812999941874
702.3763999895891
705.6308000028366
704.4084000081057
705.2414000063436
708.3484000031604
706.2470000091707
721.0584999993443
719.9035000085132
709.1114999930141
710.0554000062402
706.1536999972304
707.444999992731
741.3212999963434
709.3053000135114
704.8375000013039
759.6114999905694
785.4140999988886
793.5099000023911
729.8706000001403
779.9589999922318
749.563000004855
784.3802999996115
765.1806000067154
713.9266000012867
773.5290999989957
717.2161999915261
706.3630000047851
706.8544999929145
711.1101000045892
712.1461999922758
707.8240000118967
724.1765999933705
706.9176999939373
737.885800001095
734.5172000059392
717.7958999964176
718.0414000031305
704.2547999881208
699.6750999969663
698.4614999964833
706.8483999901218
709.4756000005873
697.0250000013039
703.685200001928
749.3445000000065
710.191100006341
703.4316000062972
703.3979000116233
706.5034999977797
704.812200012384
703.2970000000205
705.9038000006694
724.4220000138739
711.62989998993
709.050199991907
747.3396999994293
706.2564000079874
705.4067999997642
704.2836000036914
706.8386000028113
704.4711000053212
714.4291000004159
731.4135000051465
700.2034000033746
709.1347999958089
711.5455000021029
756.1409000045387
773.7385999935213
721.9639999966603
723.9544000040041
734.5564999995986
706.0176999948453
704.1110999998637
705.4468999995152
709.5786999998381
702.3295999970287
704.8725999920862
711.2696000112919
704.890199995134
693.7769999931334
706.7748999979813
706.1534999957075
707.060000000638
705.1650000066729
706.9893000007141
708.3880999998655
704.7049000102561
695.7393000047887
750.3670000005513
714.7422000125516
731.681600009324
724.8252999997931
704.7049999964656
706.9301000010455
718.0648999928962
706.3311000092654
704.4712000060827
706.0409000114305
712.5699000025634
707.2845000075176
705.014699997264
717.5967999937711
707.0234999991953
705.8250999980373
709.7266999917338
720.5840999959037
765.6799000105821
758.1181999994442
708.1340000004275
725.6271000078414
709.5521000010194
709.0969999990193
727.5382000079844
707.8012999991188
698.2832999929087
716.2467000016477
770.3709000052186
717.5324000127148
709.4295999995666
705.4028999991715
702.1854999911739
713.1546000018716
708.9186000084737
710.6343000050401
713.3751000073971
724.9440000014147
708.0676000041422
705.8403000119142
704.6664999943459
707.4547999945935
704.3555999989621
707.062000001315
708.7609000009252
707.4971999973059
704.5913000038126
707.5048999977298
705.1062999962596
743.4024999965914
692.6185000047553
705.6249000015669
705.4588000028161
712.6363999996101
776.0680000064895
739.5745000103489
708.0504000041401
707.2616999939783
707.4381999991601
733.4631999983685
725.8556000015233
711.9918000098551
705.3367999906186
704.7289999900386
709.6204000117723
705.2306999976281
746.8933999916771
713.5778000083519
720.8912999922177
749.7006999910809
708.0750000022817
707.7298999938648
705.612799996743
709.7885999974096
703.5194999916712
734.9046000017552
714.0477000066312
709.1336000012234
711.3514999946347
729.5684999990044
718.4339999948861
706.7996999976458
705.0768000044627
732.9457000014372
754.4760000018869
719.6063000010327
705.2324000105727
705.342200002633
706.5713000047253
709.1316000005463
704.8052000027383
714.0893999894615
687.2345000010682
749.5734999974957
716.9864000024972
706.5770000044722
706.6784999915399
714.2756999965059
743.0331999930786
705.1270000083605
708.1247999885818
724.0606999985175
697.0432999951299
696.600799987209
711.5806999936467
707.0223999908194
705.3519999899436
704.4555000029504
715.5862000072375
737.2226000006776
685.584499995457
742.1999999933178
731.1333999969065
705.595200008247
707.5192000047537
703.0288000096334
730.0798000069335
709.042499991483
702.8580999904079
705.846400000155
734.4725000002654
719.1086000093492
724.4800999906147
717.2271000017645
703.2398000010289
705.0314999942202
736.9283000007272
709.4186000031186
707.249099999899
721.0858000034932
704.4796999980463
705.7227999903262
706.0353999986546
705.3988999978174
713.133099998231
703.1741999962833
703.673299998627
710.2997000038158
745.1195999892661
709.7352999990107
702.9825000063283
720.8068999898387
706.1538999987533
709.2006000020774
717.4879000085639
710.2596999902744
709.4732999976259
701.2281000061193
708.1045000086306
704.6698000049219
698.9021000044886
706.3149999885354
704.751600002055
705.8297000039602
716.0150999989128
704.6112999960314
706.7334999883315
707.1987000090303
720.9655000042403
696.56070000201
732.5430000055349
709.3935000011697
709.4336000009207
707.3074999934761
722.2433999995701
730.768800000078
724.2127999925287
700.8768999949098
706.8029999936698
726.8861000047764
718.2078000041656
738.2891000015661
683.9504999952624
739.1983999987133
714.8905999929411
703.8699999975506
734.1385000036098
712.8118999971775
703.7527000065893
706.6219999978784
704.7689000028186
704.3128999939654
709.7338999883505
703.9491000032285
702.9470999987097
728.7078999943333
734.0319999930216
705.7867999974405
704.5974000066053
703.7727999995695
705.6326000019908
719.0606000076514
733.0436000047484
710.187999997288
708.3617000025697
710.5435999983456
713.9879999886034
719.5644000021275
703.5219999961555
710.1601999893319
709.6153000020422
705.9300999972038
709.7641000000294
722.39830000035
707.2828999953344
705.8380999951623
708.5377999901539
705.8573000103934
701.7388999956893
713.2108999940101
716.1715999973239
708.9997000002768
705.6477999867639
707.9945000004955
704.8860000068089
707.8106999979354
709.1343999927631
723.4968999982812
708.2922999979928
706.0231999930693
703.9098999957787
710.858400008874
704.9675000016578
704.1098000045167
706.260699997074
708.1481000059284
727.0707999996375
708.7078000040492
703.2805999915581
706.7642000038177
710.6340000027558
714.790300000459
841.3854999962496
824.1388000024017
774.2658000061056
772.5496999919415
778.5691000026418
781.6093000001274
719.1758000117261
764.6497999958228
709.2625999939628
711.890399994445
699.3183000013232
718.3829999994487
704.6840999973938
764.2682000005152
729.7853999916697
706.7590000078781
704.3501000007382
704.719399989699
706.8861000007018
722.8350000077626
786.7316999909235
729.576800003997
720.4997000080766
725.7056999951601
731.9610999984434
735.5899000103818
714.1166999936104
707.9870000015944
724.817800000892
723.796799997217
710.3128000017023
708.1018999888329
716.9924000045285
737.6799000048777
713.2929999934277
710.0882999948226
709.8380999959772
706.3909999997122
777.4425999959931
739.1304000047967
716.4794999989681
705.9741999983089
713.600300005055
698.9890999975614
709.2379999958212
704.5444999967003
738.0378999951063
734.6583000035025
706.3616000086768
725.9656000096584
705.2372000034666
703.0048000015086
705.4298000002746
707.3207000066759
704.0438999974867
705.2534999966156
706.050699998741
705.4286000056891
708.1536999903619
743.3771999931196
699.1683000087505
708.495099999709
729.6359000029042
722.7058999997098
744.2008000070928
739.5794000040041
693.3119000022998
715.452299991739
718.3612000080757
707.8437000018312
705.6478000013158
709.5981000020402
704.1892999986885
708.1326000043191
705.5351000017254
706.8703000113601
708.5022999963257
738.6070999928052
749.7639999928651
727.5860000081593
723.1839000014588
726.549699989846
705.1555999933043
712.2705000074347
720.0736999948276
745.0867000006838
711.4469000080135
739.5511999930022
713.1596999970498
710.492800004431
704.641400006949
704.1823999898043
750.8843000105117
722.2939999919618
695.3165000013541
711.3934000080917
704.3961000017589
710.3791999979876
712.9477999988012
702.9479999910109
706.2421000009635
709.7754999995232
703.4314000047743
711.5673000080278
707.4414999951841
707.8541000082623
735.5234999995446
733.3492000034312
698.1080000114162
708.9676000032341
704.3736999912653
703.7018000119133
723.1889000104275
713.5187999956543
703.1363999994937
711.9404000113718
706.3804999925196
696.8161999975564
705.8375000051456
709.3530999991344
704.2760000040289
706.2326000013854
702.0427999959793
706.4071999920998
714.6672999951988
706.9860999908997
705.9298999956809
703.6323999927845
703.6838000058196
706.2375999958022
705.878799999482
724.6737000095891
719.5739000017056
703.5172000032617
722.3072999913711
705.9077000012621
704.7002000035718
716.3046999921789
699.7088000061922
703.9930000028107
707.8448999964166
706.0784000059357
706.820899999002
706.2847999914084
709.3015999998897
702.9603000119096
719.9240000045393
709.024199997657
721.920299998601
707.4354999931529
745.8687000034843
725.5773999931989
716.123799997149
709.6593999885954
704.7190000012051
706.8523000052664
721.4957000105642
710.5428999930155
702.3361000028672
703.36519999546
708.7841000029584
702.8266000124859
703.77270001336
730.369700002484
698.4016000060365
721.3499999925261
703.9177999977255
705.449300003238
711.761899990961
705.9896999999182
703.5678999964148
710.1909000048181
707.9774000012549
708.813299992471
707.1167999965837
729.0074000047753
711.9940999982646
691.4063000003807
697.619600003236
713.0209999886574
701.1777000006987
708.133899999666
703.8653000054182
703.9992000063648
700.6924000015715
719.2154000076698
706.4324999955716
702.5512999971397
706.1656000005314
702.6096000045072
714.3631000071764
719.1115000023274
699.9577000096906
738.1529999984195
708.2434999902034
705.8184000052279
705.8170000091195
706.6672000073595
701.4183999999659
726.8897000030847
709.2785999993794
708.1018000026233
738.2514999917476
707.5771999952849
717.1918999956688
749.1824000026099
703.5103999951389
701.8161000014516
707.3349999991478
706.3612999918405
705.7288999931188
705.6555999879492
717.9599999944912
734.3276000028709
763.5115000011865
704.9673000001349
725.1923000003444
713.5275000036927
705.5714000016451
707.4167000100715
763.2703999988735
749.3073999939952
705.500199997914
704.5631999935722
715.1477000006707
713.2047000050079
731.6469000070356
705.3012000105809
713.7142000137828
705.7883999950718
705.651600001147
705.8074999949895
737.9762000055052
705.5934000090929
704.4739999982994
732.2506000055
719.395699998131
702.5006999901962
703.4028000052786
716.8256000004476
732.0059999910882
705.9663999971235
705.4158999962965
722.5097000045935
736.2111000111327
705.1608000037959
706.0421999922255
705.3479000023799
703.3192999952007
705.8640000032028
711.7856999975629
704.4367000053171
722.3315000010189
761.9295000040438
706.9637999957195
708.4199999953853
707.0557999977609
704.4259999966016
714.5581999939168
722.4099000013666
704.4352999946568
706.7450000031386
705.0373000092804
707.7148999960627
751.485100001446
756.805600001826
703.7003000004916
709.3851999961771
703.7577999872155
708.5373999871081
708.0336999933934
703.403800012893
705.3105999948457
705.8317999908468
705.5811000027461
705.2703999943333
704.8630999925081
714.4322999956785
705.761999997776
704.9976999987848
704.2461999953957
705.4758000012953
709.542499986128
700.8467999985442
704.330900000059
708.8416999904439
706.5911999961827
702.713099992252
706.7903999995906
709.7212000080617
702.0220999984303
705.3859000006923
716.958999997587
702.7279999892926
706.50270000624
711.250199994538
693.6738999938825
706.0171000048285
704.205699992599
706.6145999997389
704.9488999909954
711.2018000043463
702.9589000012493
701.5096999966772
715.5426999961492
712.8224000043701
709.5733000023756
703.2209000026342
702.966099997866
709.78340000147
703.3625999902142
704.4482999917818
704.7725000011269
709.9682000116445
702.496699988842
707.4417999974685
688.0346000107238
709.6028000087244
706.3087999995332
703.2535000034841
724.0581000078237
706.3796000002185
701.0454999981448
706.7305999953533
703.5802999889711
708.681100004469
706.8042999890167
705.0289000035264
704.2545000003884
717.6328000059584
753.1435999990208
732.747100002598
707.1624000091106
704.050800006371
747.1758999890881
706.6648000036366
699.7549999941839
708.1569000001764
705.1650000066729
704.7318999975687
710.1098999992246
707.5971000012942
742.2162000002572
731.3818999973591
735.0761999987299
703.5659999964992
707.6911999902222
706.4733000006527
703.2712000072934
732.6690000045346
719.872600006056
706.5626999974484
707.376899998053
685.3536999988137
708.5313999996288
705.6530999980168
706.2807000038447
746.950899992953
709.2276000039419
706.4255000004778
706.3951000018278
721.883499994874
704.8377999890363
745.8217999956105
726.9157999980962
736.849799999618
718.1440999993356
757.8544999996666
713.9396999991732
715.1165999966906
734.4237999932375
769.8786999972071
797.5570999988122
698.8167999952566
797.7211999968858
739.3181000079494
715.1879000011832
755.4403999965871
737.9345999943325
795.6544000044232
796.017300002859
777.5843999988865
704.962500007241
738.2394000014756
693.6850000056438
806.8086999992374
793.0565999995451
797.1803000109503
715.4202999954578
697.5784999958705
727.7821999887237
749.7603000083473
740.6730999937281
779.9522999994224
781.1584000010043
746.4864000066882
761.7060000047786
748.9143000129843
811.400999999023
784.0024000033736
721.2403000012273
705.8772999880603
714.2161000083433
824.3751000118209
729.5328999898629
764.9298000033014
812.6109000004362
785.6174999906216
733.3548000024166
737.5060000049416
799.2216999991797
801.5217000065604
782.8166000108467
727.8248999937205
750.2205000055255
800.2726999984588
802.3310999997193
743.0577000050107
780.4545999970287
743.5609000094701
788.2532000076026
733.5311000060756
807.9390000057174
741.7825999873457
775.2551000012318
704.6248999977252
719.7569999989355
756.8686000013258
715.8527999999933
711.4552999992156
709.0087999968091
794.605600007344
801.541199994972
759.0875000023516
763.967800012324
686.7979999951785
734.378299996024
737.214299995685
711.5786000067601
713.2839999976568
757.7964000083739
738.6735999898519
764.1310999897541
731.6072000103304
749.5875000022352
700.5218000122113
764.1968999960227
751.6751000075601
740.8749000023818
720.6040000019129
756.5889999968931
767.7415999933146
689.1112000012072
696.5365000069141
759.315899995272
706.7225000064354
723.4886000078404
700.173299992457
687.9285000031814
763.9810999971814
714.664899991476
763.6836000019684
724.8916999960784
729.3000999925425
742.5225000042701
756.1874999955762
745.8020000049146
760.0347999978112
735.910800009151
757.3813999915728
760.2417999878526
759.1131999943173
737.0700999890687
734.4106000091415
755.3131000022404
719.9336999910884
691.1879000108456
755.2958000014769
755.9499999915715
756.9913000043016
753.4442000032868
754.2825999989873
759.7784999961732
759.9837000016123
758.9318999962416
758.1346000079066
751.9388999935472
723.5617999976967
759.1776000044774
756.3625000038883
752.1867000032216
689.5452000026125
755.0736999983201
737.5446999940323
726.0636999999406
725.396499998169
707.4293000041507
729.3637999973726
755.9576999919955
715.4550999985076
684.2806999920867
742.6464000018314
709.6804000029806
750.6588000105694
693.1053000007523
727.6122000039322
708.8031000021147
761.0178000031738
707.2000000043772
711.4861000009114
750.9502000029897
704.3045000027632
746.3906000048155
743.046499992488
687.6107999996748
735.4151999898022
693.2803999952739
714.963299993542
757.2639999998501
760.3643999900669
755.1347999979043
755.6591000029584
759.95080001303
752.6701000024332
712.0132999989437
684.8883000056958
740.4250000108732
725.6359000020893
697.047499998007
777.0848000072874
706.7493999929866
711.822299999767
707.2708000050625
696.6391999885673
705.6540000048699
718.6227999918628
714.902699997765
708.0265000113286
721.0884999949485
758.0196000053547
759.6988000004785
756.267899996601
756.0896999930264
734.1955000010785
704.2634999961592
696.3710999989416
735.1848999969661
724.1521999967517
754.4426000094973
706.7079999978887
686.3674000051105
683.7673999980325
732.3896000016248
737.8109999990556
756.0278000019025
766.3555999897653
742.6815999933751
715.0536999979522
760.0075999944238
752.3593000078108
759.1834000049857
712.2032000042964
755.4765999957453
729.8737999954028
714.6719000011217
716.8858999939403
742.9012000065995
763.266099995235
755.6985999981407
757.7147999982117
730.6052999920212
740.0488999992376
736.2988000095356
721.2505000061356
730.7530999969458
682.220699993195
688.6406999983592
694.0694999939296
684.1330000024755
702.343099997961
714.9101000104565
708.575299999211
706.1790000007022
708.8730000104988
711.3919999974314
745.3319000051124
753.8637999969069
770.4774000012549
751.0480000055395
709.9419000005582
769.1881999926409
772.0629000104964
758.1226999900537
760.1007000048412
718.805099997553
757.0507000054931
731.0488000075566
737.1800000109943
727.4882999918191
760.5292000080226
758.6847000056878
760.5890999984695
758.7601999985054
758.4949000010965
743.6490999971284
753.6716999893542
757.0653000002494
731.2983000010718
757.4847000068985
709.9079000035999
724.2862999992212
734.089400008088
764.3848000006983
754.4253000087338
699.546999996528
692.1988000103738
708.77979999932
725.466600008076
758.6963999929139
756.6157999972347
735.3627999982564
753.8803000061307
706.7510999913793
700.1559999916935
685.0319000077434
726.0762000078103
758.7673999951221
762.5048000045354
714.9669000064023
755.5018999992171
715.7941000041319
722.6031000027433
740.3801000036765
749.8286000045482
711.825599995791
731.599599996116
716.3899000006495
711.213399990811
720.6282000115607
736.1025999998674
727.623600003426
705.3840000007767
712.7717999974266
709.5805999997538
698.0044000083581
711.7523000051733
747.6652000041213
712.2394999896642
761.6211999993538
745.7826000027126
755.4824999970151
750.6539000023622
708.5804000089411
706.6814999998314
724.5241000055103
747.2819999966305
712.4467999965418
685.6790000019828
699.5401000021957
750.6974999996601
708.6707999987993
755.945500000962
759.1810000012629
691.6265000036219
721.4628000074299
739.6163000084925
725.4362999956356
719.523499996285
729.5053999987431
751.4637999993283
737.23680000694
711.5029999986291
758.8700999913272
732.2734000044875
738.3753000030993
754.4653000077233
763.496400002623
752.1929999929853
686.7692999949213
711.6039999964414
741.3554999948246
722.8326000040397
741.2293000088539
755.9469999978319
701.5875999932177
682.5117999978829
695.494300001883
715.2232000080403
750.2530999918235
710.5768000037642
743.4415000025183
747.5228999974206
758.8566000049468
736.575900009484
714.6769000100903
726.9649000081699
686.840000009397
688.8551000010921
739.2134999972768
758.8057999964803
811.9340999983251
801.5209000004688
765.366499996162
692.654999991646
805.7595999998739
698.9318999985699
775.697000004584
684.8819000006188
713.3349000068847
791.8755999999121
753.540299992892
792.1758000011323
708.4058000036748
687.6591000036569
775.6401999940863
781.1925999994855
718.4123000042746
752.732000008109
708.6835999944014
706.8643999955384
755.0972000026377
728.1807000108529
746.2455999921076
799.9173999996856
715.7377000112319
715.1430000085384
717.9015000001527
726.3616999989608
707.6484999997774
695.6848000118043
688.5464999941178
713.0410999961896
800.302500007092
772.6771000016015
790.5796000122791
799.8166000033962
791.4521000056993
740.599700002349
778.5747000016272
702.2365000011632
751.1157999979332
696.012399988831
702.332100001513
691.6772999975365
687.9672999930335
687.0772999973269
705.0519999902463
758.120799990138
691.8435000116006
752.5853999977699
725.3410999983316
699.8798999993596
734.4729999895208
780.6493000098271
789.5224999956554
771.6374000010546
735.0256000063382
694.2069999931846
697.3725999996532
690.3029999957653
751.425599999493
691.9596000079764
746.6629000118701
789.9199999956181
709.6419999870704
701.241899994784
692.6339999918127
692.4853000091389
783.7534999998752
755.4898999951547
766.9547000114108
783.7791999918409
796.766999992542
788.6236999911489
780.4373999970267
805.8078999893041
719.7737999958917
690.7161000126507
777.2413999919081
738.7510999978986
704.0381999977399
731.5699999890057
798.3250999968732
797.0842000067933
721.374900007504
746.2828999996418
771.9090000027791
788.6498000007123
761.4131000009365
744.6555000060471
749.5479000062915
708.5000000079162
775.5707999895094
736.1460000101943
689.159200002905
765.0008000055095
721.9656000088435
782.1014999935869
809.5140999939758
813.6911000037799
730.3769999998622
702.5169999978971
793.7268000096083
777.6947999955155
746.526899994933
801.8042000039713
769.8216999997385
749.1437999997288
759.8035999981221
752.526600001147
728.8837000087369
760.9673000115436
758.2175000134157
693.4512000007089
709.0101999929175
683.7071999907494
749.8205000010785
739.9371000065003
757.0928999921307
736.8033000093419
740.6763000035426
697.1220999985235
688.4834999946179
684.4029999920167
732.4996000097599
708.9777000073809
749.4943000056082
730.4711000033421
755.8246999979019
720.7841999916127
761.0817999957362
745.6156000116607
698.9998000062769
765.6010000064271
730.8106999989832
762.898300003144
761.0803999996278
758.6177999910433
758.4108000010019
704.8532000044361
698.1862999964505
706.2880000012228
703.7639999907697
705.6282999983523
706.9297999987612
729.769400000805
705.6370999926003
745.4962999909185
715.8728999929735
710.057100004633
730.6771000003209
709.0545000100974
732.3289000050863
754.8442000115756
725.8599999913713
742.3816000082297
759.2917000001762
760.7982000045013
683.743699992192
709.6282999991672
694.3457999877864
742.8292999975383
760.3476000076625
738.0067000049166
727.5172999943607
745.6665000063367
759.9286999902688
712.8197999991244
709.0060000045924
766.2373000057414
788.9905999909388
734.6592999965651
701.1275000113528
685.1900999899954
777.4572000053013
806.2744000053499
752.1392999915406
750.7879000040703
704.5333999994909
784.7573000035482
786.9976999936625
716.5390000009211
694.023100004415
778.1010999897262
805.3771999984747
801.5977000031853
745.4847999906633
708.7756999972044
720.284900002298
756.539399997564
714.2598999926122
793.7952999927802
699.313400007668
779.8807000071974
706.2532999989344
697.5521999993362
692.168200010201
703.3986000024015
739.5152999961283
714.9987000011606
712.0697000063956
733.0246999918018
726.6410999873187
728.1933999911416
800.820799995563
767.0059999945806
696.1546000093222
684.9594999948749
691.043400001945
712.7842000045348
726.1761999980081
691.1643999919761
821.7389000055846
810.2912999893306
756.2803000037093
813.1719000084559
807.7341000025626
809.918099999777
805.0117999955546
732.174999997369
692.0684999931837
781.8131999956677
796.8152999965241
783.28029999102
777.3013999976683
810.2966000005836
717.203399995924
726.429599992116
724.9032000108855
733.916400000453
789.8176000016974
793.0168000020785
723.0126000067685
736.4864999981364
769.2738000041572
719.7523000068031
784.8521999985678
791.0461999999825
778.064700003597
748.7000999972224
790.2234000066528
719.3423000135226
704.5154999941587
755.2991000120528
734.6964000025764
788.5806999984197
701.4221999997972
697.034500000882
700.7888999942224
784.924100007629
793.1892000051448
689.1985000111163
797.4653999990551
755.2560000040103
800.7928000006359
788.2609000080265
690.0771999935387
696.7712000041502
693.6935999983689
689.0201999922283
741.4894999965327
725.4566999909002
745.3842000104487
812.2638999921037
793.5417999979109
790.892699995311
816.1121000011917
808.4880999958841
795.3266999975313
787.9175999987638
710.0053000031039
790.8315000095172
815.1724000053946
732.4723999918206
695.6504999980098
692.003799995291
732.5724999973318
698.1448000005912
740.9953000023961
805.5222999973921
702.4291999987327
717.4105000012787
726.9088000030024
728.9746000024024
813.3207000064431
793.0778000009013
746.0456999979215
747.818300005747
789.6286000031978
789.0889999980573
737.2832999972161
696.9829000008758
755.1076000090688
799.7965999966254
819.2834000074072
763.4422999981325
745.565399993211
752.4386000004597
812.5934999989113
810.9815000061644
813.9528999890899
696.1903000046732
765.7050999987405
799.4826999929501
798.0191999959061
753.3321000082651
692.8594000055455
729.0008999989368
760.7450999930734
771.5324000018882
757.301899997401
687.006600011955
695.6587999884505
739.5596999995178
717.6580000086688
799.9042000010377
787.3343999963254
740.2023000031477
715.3045000013663
687.2373999940464
684.7906000039075
750.5756000027759
728.5853000066709
739.8949000053108
756.0241000028327
752.9499000083888
730.1735999935772
729.8601999937091
702.1364999964135
714.0215999970678
754.0330000047106
730.3348999994341
690.5732000013813
711.2355999997817
688.5138999932678
725.6368999951519
700.2940999955172
720.3175000031479
765.8555000089109
700.7800999999745
697.9224999959115
686.0914999997476
690.6886999931885
693.3649999991758
707.9091000050539
763.4525000030408
698.4694999991916
725.7784999965224
732.1197999990545
757.7281999983825
763.0038000061177
735.5761000071652
723.3320999948774
759.4524000014644
761.443399998825
762.2517999989213
712.6084000046831
687.7738000039244
682.7092000021366
759.9723000021186
688.5562999959802
762.9117000033148
739.7522999963257
754.9697000067681
751.9628000009106
688.6819000064861
703.1825999874854
709.0577999915695
691.3147000013851
685.8930000016699
741.6559000121197
758.4430999995675
750.8357000042452
730.148000002373
745.699400009471
712.5393999886
754.4782000040868
690.6952999997884
685.3324999974575
709.3309000047157
758.1409999984317
756.841100010206
730.2677000116091
702.8829999908339
758.7094999908004
753.7516000011237
685.937100002775
694.5403999998234
690.8827999868663
737.4503000028199
708.6592999985442
766.6872999980114
706.4818999933777
706.5522000048077
713.0090999999084
732.7884999976959
690.1881000085268
719.3105999904219
774.9764000036521
766.5557000000263
724.0114999876823
799.2399000067962
799.156099994434
792.8624999913154
802.5650000054156
701.7487999983132
715.8807999949204
803.0184999952326
797.8421000007074
687.5744000135455
685.3799000091385
756.2005999934627
729.3620999989798
751.2428000045475
798.4248000138905
791.8356000009226
786.0980999976164
696.6639000020223
774.1721000056714
737.349400005769
776.8333999993047
748.20550000004
702.5073999975575
701.5645999927074
750.6757999944966
714.0007999987574
697.5628999934997
686.7552999901818
794.5391000102973
797.3846999957459
800.5853000067873
731.8118999974104
772.6933999947505
768.1024000048637
792.0173999882536
761.0082999890437
704.4757999974536
794.8640999966301
795.7016000000294
763.5182999947574
783.3594999974594
687.3972000030335
730.3290999989258
787.1268000017153
775.3855000046315
742.3743999970611
783.7775000080001
773.3096000010846
769.901799998479
781.6340999997919
772.738899991964
712.5016000063624
704.4003000046359
799.1154999908758
804.1908999875886
732.2214000014355
762.1214999962831
700.7612000015797
683.855900002527
714.7702999936882
696.3314000022365
698.4340000053635
774.5480000012321
720.8155999978771
703.0296000011731
687.9025999951409
681.6224999929545
696.1330999911297
688.9997999969637
684.3385999964084
697.7336999989348
773.1385000079172
764.6314999874448
770.8793999918271
694.2951000091853
688.6659000010695
699.1768000007141
763.2731999910902
798.7411000067368
788.8001999963308
692.7259000076447
782.6921000087168
693.0218000052264
745.4578999895602
701.1719000001904
798.5037000034936
722.2046999959275
734.7800999996252
793.9643999998225
798.8146999996388
790.3174000093713
739.1667000047164
791.4872999972431
730.9725999948569
769.5377999916673
805.821100002504
762.968600000022
724.5073999947635
720.8679000032134
706.2360999989323
718.5252000053879
722.1038999996381
756.4981000032276
801.156000001356
775.3235000127461
744.3370000110008
752.4403999996139
778.2054999988759
712.5849000003655
688.0311999993864
754.8442999977851
740.9044999949401
786.1703000089619
698.8529000082053
770.8429000049364
814.9233999865828
740.0803999917116
718.4153999987757
717.1038999949815
756.1942000029376
804.7856000048341
763.7870000035036
689.9790999887045
799.3826000019908
803.5831000015605
726.1005999898771
723.2661000016378
777.3059000028297
764.5384000061313
797.4887000018498
768.1008000072325
795.8259000006365
740.4535999958171
732.4495999928331
707.5229000038235
685.1367999915965
750.326599998516
701.8126000039047
724.0592000016477
698.0623999988893
708.61759998661
707.7164000074845
735.6508999946527
702.4059000104899
763.3724000043003
755.5186000099638
760.9656999993604
754.2703000071924
762.9097000026377
758.2683999935398
752.8626999992412
760.6411999877309
740.4746999964118
696.2350999965565
685.960700007854
704.6477999974741
713.4191999939503
759.8865999898408
759.6602999983588
708.7196000065887
703.2036000018707
739.8097999976017
714.2434999987017
707.1323999989545
778.2526000082726
801.5695999929449
772.6629999961006
704.6762000099989
728.8903000007849
789.9281999998493
777.0774000091478
758.1047000130638
800.6250000034925
797.926400002325
740.0043999950867
790.2088999981061
751.753499993356
689.7843000042485
689.6263000089675
711.1759000108577
744.8794000083581
784.8515000077896
730.6711000128416
729.6902999951271
753.8650999922538
789.3775000120513
784.3551999976626
731.2721000052989
726.5745000040624
793.9046999963466
808.0302000016673
795.738300002995
705.1236999977846
692.8386999934446
763.1493000080809
701.3423000025796
803.2052999915322
707.204799997271
695.1784000120824
723.5000999935437
775.7086999918101
755.4932000057306
764.896000007866
693.1756999983918
732.0880999905057
688.3411000017077
684.0425999980653
697.2998999990523
783.3070999913616
732.1099999971921
790.2409000089392
714.7074999957113
684.9568000034196
683.4539999981644
715.3255000011995
713.5629999975208
778.3787000080338
705.5388000007952
752.3491000029026
726.9681000034325
732.4694000126328
744.3989000021247
789.6570000011707
783.3155999978771
788.4638999967137
773.5786999983247
798.2718999992358
802.8236999962246
797.709999998915
793.2302999979584
769.7317999991355
724.3983999942429
768.1681999965804
788.4610999899451
804.0714999951888
730.5800000031013
745.5751999950735
831.6646000021137
761.9965000048978
750.8667000074638
764.9968999903649
738.8164000003599
709.5437999960268
715.2515000052517
699.5895000000019
790.1607999956468
781.7480999947293
758.9481999893906
806.1544999945909
798.394700002973
801.2563000083901
708.3757999935187
727.0776999939699
723.6663000076078
690.4504999984056
793.8290000020061
797.6294999971287
732.1140999993077
733.8113000005251
710.5687000002945
789.5151999982772
787.7391999936663
703.0932000052417
706.4922999998089
717.1061000117334
760.7872999942629
764.2245999886654
739.6126000094227
756.8663999991259
759.8424000025261
711.1550999979954
702.7212000102736
709.5628999959445
710.2834999968763
681.5612000063993
698.2988999952795
753.0342999962159
750.8320999913849
684.2766999907326
687.2319999965839
710.5604999960633
740.8093999983976
696.3164000044344
743.472300004214
733.9905999979237
753.4060000034515
716.6762999986531
685.9324999968521
734.762200008845
725.8255999913672
728.8228999968851
703.768500010483
722.6185999898007
685.6743000098504
729.253500001505
740.7443000120111
716.8948000035016
698.0106999981217
680.347300003632
687.9729999927804
751.5168999962043
749.267700011842
730.02479999559
716.0361999995075
681.5534000052139
691.0081999958493
704.1652000043541
704.4836999994004
704.0812999912305
750.9927999926731
722.0314000005601
765.892100011115
733.8541000062833
770.4064999998081
688.0615999980364
680.7299000065541
682.2718000039458
684.8528000118677
685.5772999988403
690.9224999981234
694.692600009148
702.9899000044679
775.0814000028186
721.6669000044931
755.2753999916604
724.101800005883
684.6490000025369
733.3127000019886
773.2854000059888
797.3861999926157
760.4076999996323
735.5965000024298
788.6226999980863
760.4415999958292
784.6134999999776
764.0458999958355
748.7856000079773
755.5857999977889
799.6873000083724
709.9905999930343
705.1539000094635
705.498199997237
712.4953000020469
728.771299996879
699.8215000057826
685.3809999884106
766.4141000132076
772.4659999948926
734.9616999999853
798.6935000080848
742.5755000003846
776.0909999924479
796.714800002519
708.9144000055967
736.5241999941645
788.9851000072667
726.7198000045028
728.5962000023574
789.0640000114217
731.3567999954103
752.1455999958562
698.3120000077179
800.3950999991503
713.4468000003835
704.3629000108922
744.7056999953929
789.4599999999627
781.6277999954764
774.5755999931134
709.5221999916248
786.2793999956921
791.4221999963047
733.9703000034206
758.2881999987876
700.0089999928605
684.1530000092462
687.3754000116605
793.8543000054779
804.5985999924596
800.980800006073
804.2263999959687
720.6602000078419
691.3750999956392
738.9644000068074
709.8624000063865
752.8560999926412
810.6984000041848
800.0657000084175
696.6834999911953
751.0079999919981
710.5480000027455
709.8804999986896
744.2210000008345
787.7825000032317
757.8051000018604
706.9306000048527
763.7600000016391
683.345699988422
690.6676999933552
684.1238000051817
689.8982999991858
791.1282999994
745.6451000034576
763.0109999881824
774.0389999962645
785.6224999995902
778.8498000008985
783.7483000039356
706.1582000023918
701.4760999882128
718.961099992157
789.218299993081
753.3161000028485
774.5785000006435
786.1772000032943
764.7122999915155
752.0488000009209
744.6520000085002
742.6599000027636
694.00279999536
783.1977999885567
783.462999999756
754.3606000108412
745.3086000023177
701.0501000040676
726.6661000030581
771.73930000572
783.2419999904232
784.9557000008645
738.2231000083266
776.0994999989634
718.2060000050114
803.5058999957982
708.5280999890529
721.4923999999883
720.8179000008386
725.2382000006037
794.8569000000134
713.0710000055842
746.0537999868393
736.7075000074692
756.8248000025051
799.4668999890564
802.6758000050904
779.1877999989083
683.092499995837
727.0007000042824
785.3027999954065
785.6844000052661
799.9682999943616
799.430900005973
754.8128999915207
728.3184999978403
712.9052000091178
759.030499990331
753.7090000114404
761.347299994668
698.5266999981832
688.788300001761
684.3736000009812
741.3885999994818
753.3462999999756
748.8994000013918
753.6821999965468
761.3336000067648
755.5903000029502
681.5405999950599
692.0718000037596
734.5154000067851
759.045500002685
720.0835999974515
695.405499995104
684.69749999349
716.3874999969266
752.6620999997249
756.9967999879736
755.3337999997893
711.3635999994585
726.977899990743
706.0578999953577
701.7691999935778
721.9112000020687
762.0113999873865
757.252299998072
721.8742000113707
722.8376999992179
681.9811000023037
716.8737999891164
729.1463000001386
697.1060000068974
764.196100004483
716.6313999914564
683.45369999588
726.5075000032084
691.7874999926426
725.2532999991672
738.0215000011958
700.7379999995464
716.8485000001965
744.8906999925384
715.7293999916874
718.9433000021381
762.775099996361
737.3499999957858
709.2201999912504
764.9961999995867
743.7009000132093
717.3746000044048
723.2990000047721
774.4316999887815
774.2990999977337
786.957699994673
701.1856000026455
726.5953000023728
745.9210999950301
680.9708999935538
700.2306999929715
757.0427000027848
700.8272999955807
706.4406999998027
715.4300999973202
763.2406000047922
765.563299995847
721.3571000029333
777.0701999979792
729.8767000029329
720.8480999979656
710.0172000064049
788.5957999969833
756.2778999999864
801.9876000034856
804.9185000127181
713.6488999967696
752.1921000006841
797.0519999944372
743.0171000014525
716.5705999941565
695.8101000054739
774.3783000041731
727.0356999943033
711.7632999870693
696.53030000336
715.4889999947045
698.2287999999244
701.2077999970643
758.9716000074986
782.8906999930041
799.1373999975622
761.6392000054475
758.7904999963939
685.8343000058085
744.4229999964591
775.7372000050964
792.2016999946209
787.4448000075063
794.4195000018226
715.1134000014281
710.7183000043733
726.1312000046019
756.9204000028549
689.5267000072636
702.8973999986192
699.5552000007592
708.8340999907814
695.5663999979151
685.6874999939464
737.5175000051968
737.9885999980615
682.7880999917397
688.3406999986619
758.2518999988679
785.0566999986768
755.1123000012012
738.0735000042478
721.0393999994267
682.1725000045262
683.2567999954335
698.7386999971932
686.8556999979774
780.5044999986421
781.7302999901585
811.099300000933
813.3127000037348
813.8355999981286
783.9012000040384
800.8544000040274
801.2866000062786
774.2309999885038
815.4028999997536
692.4784000002546
684.5140000077663
724.8858999955701
794.0460000099847
804.2445999890333
786.9021999940742
781.8531000084477
732.5608999963151
801.3468999997713
772.5303000042913
682.2314000019105
719.5661000005202
779.3242999905488
711.4197000046261
750.2111000067089
810.2011000009952
688.3605000039097
722.0651999959955
795.2090999897337
788.6413999949582
688.0830000009155
769.2149999929825
727.5408999994397
808.3099000068614
810.7015999994474
789.2011999938404
721.0949000000255
809.631600001012
757.5554000068223
768.0714000016451
708.1562999956077
731.6442000010284
820.2665999997407
839.6561000117799
717.4966000020504
812.9861999914283
776.5701000025729
807.6626000110991
696.1590999999316
790.8369000069797
701.6925000061747
725.3709000069648
804.508999994141
792.2402000112925
731.4425999938976
685.0304999970831
805.9500000090338
799.8896000062814
799.6027999906801
802.5070000003325
752.6154000079259
774.5047999924282
799.6306000131881
687.3630000045523
766.9962000072701
758.0062999913935
750.3148000105284
734.3151999957627
704.8811999993632
712.9452999943169
728.7653999956092
698.0439999897499
762.7657999983057
800.2640000049723
798.6094999941997
792.1220999996876
682.7759000007063
688.7218999909237
762.3135000030743
751.6912999999477
722.0145999890519
682.9189999989467
703.1494999973802
742.2817000042414
770.3370999952313
801.155099994503
797.7992000087397
772.9719000053592
760.4147999954876
721.3307000056375
782.9815000004601
785.3977999911876
722.375600002124
716.1197999957949
737.2637000080431
756.0839999932796
725.8970000111731
745.8384000055958
709.2907000042032
727.5648999930127
716.4610999898287
700.1619000075152
720.4862000071444
737.3000000079628
698.5382999991998
727.4672999919858
710.2813000092283
740.7162000017706
717.3264999873936
717.2286000131862
693.2016000064323
735.015199999907
721.5409999917028
705.5118999996921
699.1516999987653
725.4229999962263
737.1561000036309
732.2889999923063
724.3522000062512
734.6136000123806
747.0311000070069
740.8977999875788
729.1055000096094
731.693899986567
717.4171000078786
701.7538000072818
722.8617999935523
722.475199989276
696.8807999946875
692.332599996007
694.6566999977222
687.7349999995204
791.9939999992494
753.984599999967
776.5903000108665
760.6404999969527
719.9947999906726
803.0400999996345
729.6951000025729
747.9868999944301
688.3120999991661
765.5592999944929
802.3525000025984
726.6436999925645
748.6124999995809
723.6566000065068
736.3700999994762
798.3304000081262
716.2372999882791
760.5594000051497
798.9166000043042
724.9101000052178
684.8145999974804
784.4991000019945
780.5789999983972
801.7954999959329
795.0685999967391
805.1651999994647
802.7558000030695
798.2957999920473
706.0674000094878
691.2869000079809
716.5135999966878
768.655599997146
806.0555999982171
704.6242000069469
704.1139000066323
702.5954999990063
741.7426000029081
741.9389000133378
695.0742999906652
688.0231999966782
774.4536999962293
780.5177999980515
688.0835999909323
685.8205000025919
720.1659999991534
787.9535000101896
788.715200003935
727.6196000020718
703.6453000037
697.7723000018159
713.1319999898551
692.0853999909014
742.5650999939535
758.9542999921832
755.1246999937575
779.918500003987
790.2001000038581
767.791499994928
777.7733999973862
781.1398000048939
703.9065999997547
704.4390999944881
767.7206000080332
786.7261999926995
784.8049999884097
778.7912999920081
770.7510000036564
778.1539999996312
735.7944999967003
728.9252999908058
789.9318999989191
770.9166999993613
755.1478999957908
756.0886999999639
716.44180000294
734.192100004293
741.9998999976087
685.7526999956463
778.0614999937825
755.306399994879
788.8294000003953
719.7470999963116
707.3813000024529
727.0911999949021
705.9270000027027
696.0404999990715
789.8590999975568
795.5696999997599
778.8092999981018
799.7708000038983
704.622000004747
758.2729999994626
767.1933000092395
712.1231000055559
707.2768000070937
688.1448000058299
774.1735000017798
747.8297000052407
805.2300999988802
778.8409999920987
739.7779999882914
753.9240999903996
769.0106999943964
769.7937000048114
733.2287999888649
691.0901000082958
745.2741000015521
797.9773999977624
684.7369000024628
699.2319999990286
731.9547000079183
749.5422000065446
697.7853999997023
689.5690000092145
689.7852999973111
701.825900003314
707.214499998372
729.9932999885641
805.429699990782
734.1773000080138
699.0368999977363
765.5221999884816
762.8924000018742
776.2868999998318
798.9003000111552
798.4446000045864
801.6201999998884
801.8066999939037
772.9181999893626
748.3887999987928
799.4732999941334
778.7142000015592
801.8397999985609
799.5970000047237
766.3335999968695
686.0714999929769
749.8447999969358
799.6262999949977
795.9466000029352
796.3964000082342
718.7407000019448
793.1903999997303
792.3952999990433
735.5299000046216
709.2302000091877
767.2682999982499
788.7397000013152
699.5234999922104
790.5003999912878
754.3396999972174
738.559899997199
755.5193000007421
757.3759999941103
787.1701999974903
738.7385000038194
758.9114000002155
736.6824000055203
680.8810999937123
760.8723000012105
760.7637000037357
768.90569999523
786.5689000027487
700.9841000108281
693.5909000021638
683.193000004394
769.7132000030251
746.7328999919118
783.4523000055924
783.2507999992231
689.2973999929382
739.0930999972625
761.3855999952648
791.3879999978235
803.0998000031104
780.9366999863414
743.602300004568
686.917099999846
745.2640999981668
808.265500003472
803.6441000003833
788.8649000087753
795.9283000091091
805.9349000104703
749.5974999910686
768.6677000019699
801.3720000017202
761.6049999924144
703.4905000036815
691.9475000031525
704.31900001131
752.0461999956751
751.1126000026707
767.2830000083195
734.4291000044905
772.4330999917584
697.767700010445
695.0298000010662
798.0718000035267
720.3280000103405
690.0271999911638
707.7740999957314
786.5176000050269
761.4465000078781
698.7162000004901
682.5941999995848
705.9136999887414
798.5782000032486
705.8655000000726
686.2784000113606
747.9683999990812
722.4650999996811
727.3840999987442
730.8419000037247
747.633399994811
717.5359000102617
712.6238999917405
740.1810999872396
689.311699999962
696.7786000022897
691.0031000006711
723.587000000407
755.7587000046624
730.9472000051755
722.3575999960303
701.7694999958621
715.0273000006564
760.4907999921124
760.3626999916742
732.921200004057
749.089200005983
755.865500002983
760.574900006759
745.3550999925938
700.1592999877175
696.1405999900308
677.1939999889582
694.3133000022499
692.7061000023969
722.0366000110516
738.681999995606
698.7043999979505
731.2174999970011
731.1725999898044
727.3478999995859
736.6327000054298
765.0239999929909
754.3396999972174
756.5539000061108
756.8806000053883
754.4139999954496
726.8661999987671
757.638399998541
743.1994000071427
757.9083000018727
738.2677999994485
715.0920999993104
753.522899991367
754.4801000040025
696.8065000110073
725.6119999947259
739.5827000000281
701.1566000001039
704.1196000063792
719.250699999975
687.2432000091067
706.2495999998646
709.6567999979015
688.0334000015864
681.3075000100071
704.0885000023991
750.2321000065422
740.836600001785
722.0421000092756
707.525000005262
695.0715999992099
704.6104000037303
711.6428000008455
755.4753000003984
761.6523999895435
765.2696000004653
692.7261999953771
758.2034999941243
756.8915000010747
710.5465000058757
690.7137999951374
757.1540999924764
756.4284999971278
736.4430000016
745.8176999934949
711.5981000097236
748.9179000112927
737.4979999876814
695.1063999877078
727.8828999988036
706.5045000053942
748.609199989005
723.2645999902161
697.3769999895012
720.457899995381
709.2556999996305
742.0334000053117
710.1602999900933
754.1637000103947
764.0757999906782
753.8257999985944
744.4973999954527
784.8487000010209
777.5208999955794
780.7364000036614
709.3660999962594
743.5998000000836
734.139000007417
723.0017999972915
725.2234000043245
749.5357000007061
754.5706000091741
742.1437999873888
755.6322000018554
747.5531999953091
701.8327000114368
750.0047000066843
713.1589000055101
751.2705999979516
747.8867000027094
709.0517000033287
714.0053000039188
702.4390000005951
733.2817999995314
758.8181000028271
741.3418000069214
724.7124999994412
716.0094000137178
692.9776000033598
764.7782999993069
694.3673000059789
740.6967999995686
762.7089000015985
697.1321999881184
707.2413999994751
679.6953000011854
751.6208000015467
748.08540000231
770.0375999993412
740.8378999971319
731.0624000092503
764.6550000063144
734.9732000002405
681.8739000009373
716.543400005321
766.7523000127403
702.0310000079917
691.9407000095816
708.5607999906642
705.912299992633
706.0555999923963
692.3937999963528
706.7832000029739
713.7374000012642
803.3749000023818
773.2574999972712
804.1996999963885
793.6309999931837
758.5861999978079
702.9035000014119
756.6394999885233
742.035900009796
768.503100000089
708.6004000011599
761.988600002951
790.2256999950623
708.4852999978466
755.5441000004066
791.7581000074279
741.6100999980699
734.6516999969026
701.8562000012025
727.7336999977706
687.8675000043586
756.0072999913245
745.2976000058698
689.8064000124577
748.7490999919828
785.416599988821
788.2625000056578
777.3386999906506
730.7306000002427
781.6273999924306
773.3807000040542
729.9719999864465
698.1759000045713
708.3056999981636
703.572999991593
696.0529000061797
701.1728999932529
702.7317000029143
734.3485000019427
723.8565999869024
722.2198999952525
788.583400004427
755.8499000006123
740.170200006105
747.0977999910247
684.9337999883574
686.6514999856008
696.6611000098055
760.7489000074565
752.6151000056416
702.4158999993233
701.4396000013221
691.3516000058735
734.5741000026464
699.7380999964662
766.6511999996146
781.0603000107221
740.5771000048844
785.6379000004381
725.055600007181
774.1488000028767
720.8179000008386
742.1241000120062
808.3308000059333
762.1901999955298
797.5370000058319
701.6245999984676
779.8336999985622
775.3102999995463
762.5011000054656
763.5799999989104
764.3955999956233
743.9912999980152
684.308099996997
693.1522999948356
707.1238000062294
696.2770999962231
702.4210999952629
694.0099000057671
757.168800002546
782.7642999909585
793.7887000007322
779.9287999951048
760.4382999998052
786.5540999919176
794.3862000101944
794.8752000083914
796.6678000084357
799.6864999877289
801.4763999963179
783.9696000010008
760.5336999986321
796.7220999998972
751.9465999939712
685.3652999998303
698.7719000026118
722.9127000027802
686.1790999973891
693.7156000058167
700.636299996404
689.9447999894619
683.3240000123624
680.4908000049181
737.8808000066783
688.1128000095487
715.100799992797
689.8719999880996
715.1356999966083
738.2077999936882
748.4546000050614
753.2433000014862
762.1097000082955
724.1415000025881
734.4385999895167
708.9269999996759
704.8575000080746
739.5558999996865
754.1331999964314
703.036200007773
704.3962000025203
703.2379000011133
741.2503999948967
718.4899999992922
732.994800011511
734.3409000022803
735.0887999928091
712.0184999948833
691.5814000094542
701.8780000071274
713.3344000030775
756.161900004372
740.9725000034086
734.5664000022225
712.3154000000795
714.6437999908812
681.7703999986406
708.5942999983672
699.4205999944825
687.4047000019345
732.9582999955164
697.5951000058558
693.773200007854
745.9963000001153
730.9573000093224
747.3188000003574
751.446100010071
753.0537999991793
760.4950000095414
750.6512000109069
718.3632999949623
685.3549000079511
701.8793000024743
687.1586000052048
695.3925999987405
731.6158000030555
747.8090000076918
704.5898999931524
701.0843000025488
761.7541000072379
753.567000007024
748.6249000066891
704.8576999950456
739.9371000065003
755.9996000054525
762.2248999978183
733.9562999986811
759.6954999899026
704.614499991294
722.5557999918237
703.5062999930233
693.9784999995027
701.262400005362
704.9429000035161
751.6519000055268
728.5649999976158
703.4628999972483
723.2659000001149
731.0531999974046
737.2042000060901
726.7198000045028
724.3274000065867
704.5294999988982
729.5364000019617
736.4410000009229
723.4244999999646
746.9089000078384
750.0571999989916
719.5323999912944
764.0841000102228
760.5966000119224
733.1489000061993
705.2480000129435
757.2988000029
751.3005000073463
712.2371000004932
698.1132000073558
689.6771000028821
688.65409999853
717.2162999922875
752.5594000035198
728.7109000026248
751.6964999958873
692.0410000020638
743.4468999999808
681.1378999991575
691.2679000088247
686.8602000031387
685.0574999989476
682.8676000004634
746.9434999948135
752.8880000027129
737.3578999977326
685.3053999948315
682.7180000109365
690.783800004283
694.3269999901531
690.358699997887
759.9523999961093
746.2448000005679
711.8867999961367
712.7306000038516
737.5462999916635
756.6576999961399
715.5560000101104
761.6798999952152
766.7848000128288
755.5734000052325
715.1018000004115
713.780999998562
708.0987999943318
702.4270999972941
756.8068000109633
736.7792000004556
703.5695999948075
681.5267999918433
718.4353999909945
762.7390999987256
735.0895999989007
678.1939000065904
704.5207000046503
677.7442999882624
748.9423000079114
746.3801999983843
697.8365999966627
679.919999995036
720.6079000025056
706.9577000074787
681.985800008988
679.6468999964418
737.4804999999469
767.8545999951893
756.9782000064151
740.1748999982374
735.7980000087991
733.0625000031432
702.3060999927111
759.0361999900779
746.371100001852
718.0120999983046
785.6790999940131
796.3712999917334
788.8843999971868
768.9126000041142
775.329199997941
743.5641000047326
715.4579000052763
723.6195000004955
774.481399988872
704.1791000083322
701.0418999998365
718.5107999976026
749.4930999964708
760.7789000030607
745.6768000120064
717.0189000025857
701.2706999958027
739.0414999972563
761.628499996732
762.9410999943502
754.5972999942023
774.4221999892034
800.8970999944722
801.2736000091536
750.3809000045294
798.1530999968527
808.5554999997839
754.0580000058981
777.2613999986788
759.381999989273
736.9522999943001
761.551799994777
696.9162000023061
687.4238000018522
722.9493000049843
692.5669999909587
720.6131999992067
745.9280000039143
740.7322999933967
792.8760000067996
765.2030000026571
783.0753000016557
790.003499991144
748.3833000005689
766.7861000081757
721.6249000048265
715.4118000034941
760.8849999960512
760.6991000066046
782.4843999987934
721.4980999997351
736.6421000042465
791.5922000102
718.7627000093926
785.4966000013519
696.5141000109725
770.5196999886539
799.0299999946728
766.8013999937102
718.6395999888191
702.9254999943078
691.9858000037493
783.6253999994369
789.6629000024404
705.4138999956194
784.7074000019347
797.7972000080626
750.6849000055809
708.9172999985749
775.7583999919007
695.4160000022966
688.3606999908807
722.6171000074828
783.7099000025773
800.3850999957649
797.0310999953654
716.2321000068914
778.0209999909857
722.7610999980243
740.8955999999307
782.4878000101307
718.86569999333
781.0761000000639
783.5283000022173
706.2614999886137
685.5074000050081
791.2498999939999
791.1232000042219
706.7665000067791
705.7673999952385
721.8518999870867
755.9207000012975
783.1474999984493
782.3400999914156
706.5145000087796
728.7480000086362
708.8933999912115
765.6807000021217
742.6241999928607
698.6254999937955
706.8872000090778
755.3464000084205
696.9373999891104
718.5927999962587
685.3067999909399
780.8974999934435
851.4425000030315
710.2747000026284
726.063800000702
707.2343000036199
745.4207999981008
734.1289999894798
751.7097000090871
731.1592000041855
781.9235999922967
768.2686999905854
763.2559000048786
687.3829999967711
793.3782000036445
759.3302999885054
714.3378000037046
690.540699986741
691.343099999358
748.7691000133054
798.1778999965172
774.0175999933854
702.0651000057114
705.3770999918925
706.8742999981623
729.6100000094157
713.3048999967286
686.8372000026284
690.1526000001468
721.9737999985227
756.9589000049746
769.835700004478
741.5160000091419
747.080700006336
742.0629000116605
703.1488999928115
754.8983000015141
739.0448999940418
738.8636999967275
727.7439000026789
716.8927000020631
713.1236999994144
682.1781000035116
704.2496000067331
688.5045999952126
744.2661999957636
747.0065999950748
727.6929000072414
714.1931999940425
685.4767000040738
682.7842999919085
699.608700000681
693.6448999913409
751.7497000080766
741.8154000042705
761.0895000107121
729.7753000020748
758.0221999960486
747.8545000049053
705.7181999989552
721.4460999966832
756.0144000017317
704.3179999891436
737.8522000071825
718.8215000060154
683.7983000004897
686.658599996008
745.6426999997348
721.9421999907354
708.0922000022838
706.3463000085903
704.0045999892754
719.2499999946449
730.6858999945689
772.0714999886695
740.999700006796
683.9033999858657
767.3514000052819
727.5431000016397
712.1551000018371
714.2012999975123
782.4413000053028
728.893399995286
785.7599999988452
773.8405999989482
805.9180999989621
717.9137999919476
685.3555999987293
788.4348999941722
795.300199999474
691.1652999988291
695.6281000020681
765.3322999976808
803.0890999943949
800.9358999988763
770.7173000089824
792.3714000062319
745.7342999987304
766.1378000047989
788.7394999997923
732.957100000931
697.0720999961486
807.9794000077527
791.9889000040712
710.959299991373
706.8635000032373
732.2375000076136
798.268399987137
793.4892000048421
690.4018000059295
689.9837000091793
702.5447999913013
701.4296000124887
759.3764999910491
704.5707999932347
774.1374000033829
685.9430000040447
712.550199998077
775.7775000063702
744.8885000048904
790.4322000104003
752.1125999919605
739.8485000012442
699.0089999890188
737.2897000022931
750.1400999899488
699.3784999940544
761.3713000027929
757.3100999870803
706.8780999979936
703.5303000011481
759.5440000004601
781.8702000076883
726.9746999954805
788.8171999948099
700.8019000058994
695.321299994248
706.8460000009509
709.8231999989366
705.4301999887684
703.7879999988945
752.8634000045713
754.6535000001313
808.4742999926675
782.3320000024978
782.2075000003679
758.8896999950521
791.8243999883998
713.3701999991899
747.0105000102194
727.9203000070993
805.1419999974314
742.8496000065934
707.0817000058014
736.9823000044562
715.9338999917964
707.1568999963347
727.4286000028951
726.4253000030294
756.943999993382
723.8106000004336
703.4734000044409
688.9817999908701
712.1267999900738
798.1838999985484
747.8225999948336
721.8371000053594
730.3932000068016
716.4141999965068
787.255000002915
698.7864999973681
782.9887999978382
722.8781000012532
795.3926999907708
697.6752000045963
708.1119999929797
755.4969000048004
733.237199994619
768.365800002357
727.7234999928623
720.3158000047551
775.9795000019949
790.1708999997936
686.1449999996694
759.2511999973794
713.968299998669
740.8696999918902
797.1878999960609
744.4954999955371
688.2146999996621
691.2286000006134
751.7354000010528
751.5384999860544
784.2133999947691
736.9058999902336
737.0078999956604
688.7743000115734
688.0261000042083
685.76629999734
691.6550999885658
691.4092000079108
686.6144000086933
708.6920000001555
777.1223000017926
728.3580000075744
741.4202000072692
794.8857000010321
721.9731000077445
792.1142999985022
761.9740999944042
732.6818000001367
712.3957000003429
701.2377999926684
742.4778999993578
784.4807999936165
778.3625000010943
805.8580999932019
813.1752000044798
815.7770999969216
738.9836999936961
693.601499995566
723.784899993916
779.3645000056131
731.1440999910701
817.5770999951055
772.7031000104034
808.0270999926142
795.1198000082513
700.056500005303
760.8727000042563
749.1085000074236
751.2458999990486
755.8274999901187
712.1048999979394
699.1015999956289
715.5135000066366
754.4959000078961
682.6498000009451
706.8060000019614
710.6744999910006
715.0112999952398
760.1805000012973
766.8870000052266
703.8026999944123
724.1065999987768
763.1149000080768
756.9403999950737
755.5414000089513
753.7560000055237
702.549599998747
757.8726999927312
758.4034999890719
737.0018999936292
765.1618999952916
723.512100012158
746.4406999933999
754.9034999974538
757.6083999883849
759.3412999995053
741.5250999911223
761.084400000982
746.7621999967378
697.5953999935882
740.8734999917215
737.8314999950817
755.5403000005754
745.4712000035215
755.7753000000957
744.2979000043124
695.0334000139264
713.1470000022091
694.2860999988625
708.5564000008162
687.0217999967281
715.2995000069495
727.5029000011273
732.1195000113221
713.9697999955388
724.7573000058765
754.8699999897508
758.1512000033399
753.0157000001054
753.2139000104507
726.087799994275
717.751699994551
703.7935999978799
717.4031000031391
765.090600005351
768.4072999982163
775.5471999989823
727.9598000022816
791.7650000017602
763.6936999915633
745.6855000054929
707.7294000046095
700.4233000043314
687.3981000098865
795.2778000035323
741.0003999975743
696.8801000039093
780.2404999965802
808.791100003873
743.0262000125367
751.2533999979496
780.2584000019124
796.7300999880536
792.0138000044972
808.9104999962728
742.5659000000451
757.3508999921614
699.4392000051448
726.2856000015745
776.918299990939
690.1593000075081
711.8979999941075
692.7795999945374
776.438999993843
718.7807000009343
700.5140999972355
730.9099999984028
742.0077999995556
759.5333000062965
797.0860000059474
710.0826999958372
790.8172999887029
737.3924999992596
697.7833999990253
704.4788000057451
709.7865999967325
691.7934999946738
777.696899996954
776.6034999949625
689.6043000015197
748.538700005156
795.2158000116469
769.7860000043875
705.3006999922218
800.2715000038734
769.0082999906735
792.0636000053491
707.9433999897446
763.7048000033246
745.9869000012986
686.5178999869386
738.6932999943383
717.2866000037175
819.3514000013238
811.6139000048861
763.2261999970069
739.4544999988284
771.1822999990545
737.3672000103397
789.7827999986475
777.9752999922493
738.6300999933155
789.6312000084436
686.7899000062607
714.0032000024803
760.2962000091793
701.6626999975415
788.6833999946248
777.8273000003537
790.0198999996064
752.2057999885874
708.4121999941999
706.748399999924
704.6331000019563
811.0085999942385
797.1881999983452
719.0141000028234
684.595900005661
754.8730999988038
745.0568000058411
752.6089000020875
758.1379000039306
757.835000011255
755.0417000020389
735.3460000013001
757.5903000106337
762.5093999959063
685.8969000022626
741.1070999951335
737.2982999950182
695.3658999991603
719.2158000107156
744.0502000099514
744.4576999987476
706.6144999989774
686.5207999944687
707.5526999979047
755.8863000012934
717.4448000005214
728.3850999956485
761.4255999942543
748.8329999905545
758.1940000090981
694.8875000089174
707.3500999977114
721.6641999984859
739.047400013078
753.8848999975016
760.9068000019761
725.4793000029167
683.1107000034535
737.5490999984322
729.9458000052255
759.8526000074344
738.6087999911979
807.0789000048535
703.3674999984214
749.3020999972941
731.0262999963015
691.7765999969561
698.8550000096438
744.9982999969507
736.8397999962326
704.9428999889642
708.6554000125034
750.2741999924183
686.2506000034045
693.1512000010116
766.4140000124462
681.5282000025036
751.0248000035062
731.4378000010038
706.3563999981852
809.5802999887383
752.585000009276
746.2091999914264
722.2628000017721
709.4880000076955
700.1954000006663
773.8832000031834
799.4203999987803
767.2686000005342
796.5546999912476
775.637699989602
716.827900003409
804.0143000107491
709.4778000027873
752.2960999922361
694.8386000003666
814.2712999979267
802.3785000114003
804.5204999943962
745.4006999905687
735.245699994266
689.3702000088524
710.8452999964356
796.3451999967219
809.3492000043625
715.1540000049863
713.223900005687
708.5629999928642
765.9427000035066
805.1749999867752
739.3110000120942
803.609199996572
805.9198999981163
802.3651000112295
796.1023999960162
708.0032000085339
706.8528999952832
759.6871999994619
797.383400000399
801.674299989827
715.5236000107834
683.712199999718
775.3816999902483
694.3106000107946
767.6136999943992
735.3294000058668
792.3411999945529
775.6249000085518
712.482100003399
730.0652000121772
789.6129000000656
792.9135000013048
755.6501000071876
730.4384999879403
717.9363000032026
818.4480000054464
805.9642000007443
798.3500999980606
796.7461999942316
737.7318000071682
796.8167999933939
805.5574000027264
742.3641999921529
781.7273999971803
799.357299998519
747.2367000009399
743.8937999977497
722.0549000048777
774.3186000006972
734.4986999960383
785.2684000099543
790.2606999996351
770.9369999938644
691.7862999980571
723.6319000076037
812.1251999982633
722.5166999996873
711.8098000064492
763.4702000068501
705.5903000000399
746.1620999965817
796.596900006989
686.817499998142
725.313200004166
771.7439999978524
762.1595000091475
688.0188000068301
743.2956999982707
767.4930000066524
719.8777000012342
742.3536999995122
726.2825999932829
731.283799992525
750.6892000092193
713.256499991985
742.415600005188
767.7765999978874
698.9616999926511
763.9563000120688
711.5995000058319
745.888700010255
798.9702000049874
770.6335999973817
710.6307999929413
759.6836999873631
728.0284000007669
810.8629000053043
784.3797999958042
708.7586999987252
711.5149999881396
759.5608999981778
731.4468999975361
747.8803000121843
807.0877999998629
705.8821999962674
728.5168999951566
742.9474000091432
804.0462000062689
725.3586999868276
735.2105000027223
762.2801000106847
796.9296999945072
686.088499991456
786.8288000026951
801.1649999971269
722.8165999986231
794.3011000024853
706.1886000010418
689.2232999962289
688.3689999958733
771.1920000001555
708.1294999952661
709.9052999983542
775.5967999983113
773.8780000072438
798.2402000052389
794.7284000110812
780.6184999935795
706.7929999902844
720.8709999977145
707.5170999887632
782.1588000078918
712.2345999960089
731.0111000115285
724.4974999921396
725.0399000040488
703.0851999879815
692.8722000011476
701.2008000019705
760.9832000016468
815.3963000077056
800.5979000008665
772.896700000274
812.5629999994999
813.4866000036709
736.8085999914911
701.4538000075845
710.3608000034001
788.2605000049807
748.4580999880563
687.6537000061944
734.4974000006914
798.8107999990461
795.8968000020832
802.2283000027528
743.0067999957828
739.7284999897238
710.7248999964213
765.8947000018088
800.7155999948736
796.443500003079
776.9831999903545
791.30479999003
796.8874999933178
797.3743000038667
799.9931999947876
803.8870000018505
744.3076999916229
706.2733000057051
715.5320999881951
751.9823999900836
831.7524000012781
817.0108999911463
807.741900003748
743.4941000101389
776.3615000003483
708.763300004648
779.5753999962471
753.8093000039225
706.8117000017082
722.2411999973701
780.245100002503
711.9173000101
750.123200006783
698.9589000004344
681.0065999889048
727.949299995089
710.7872999913525
791.9618999876548
795.2662000025157
724.1992999915965
692.6099999982398
773.455999995349
754.2441000114195
699.7373000049265
704.9967999919318
715.5759000015678
683.9552000019467
685.0864000007277
740.3230000054464
699.2229000024963
717.8832999925362
703.3915000065463
725.0879000057466
751.1620000004768
757.8137999953469
690.9147000114899
758.0447999935132
757.0309000002453
775.4118000011658
716.965200001141
752.7523000026122
712.8334000008181
749.0583000035258
750.674800001434
723.3832999918377
760.8073000010336
716.9802999997046
735.0756999949226
687.530200011679
722.9506000003312
705.5451000051107
716.396599993459
717.4874999909662
696.7983000067761
752.208599995356
704.0125999919837
702.7795000030892
753.183299995726
757.9268000117736
743.95160000131
740.1775000034831
753.1735000084154
755.7465999998385
710.7248000102118
683.7701000040397
694.5026000030339
727.1825000061654
749.9793999886606
752.3989000037545
709.3919000035385
756.1895999970147
731.17669999192
713.7003999960143
746.6619000042556
755.6526999978814
756.4879999990808
711.2007999967318
713.5260000068229
854.0638999984367
1483.1314000039129
1241.45960000169
818.512700003339
802.5124000123469
727.7363999892259
746.096300004865
888.8639999931911
844.0113000106066
792.9068999947049
805.1381999976002
845.1250999933109
836.5059999923687
790.2019000030123
773.3557999890763
895.2300999953877
794.619899999816
761.3496000121813
744.2335999949137
787.2662000008859
782.9611000051955
777.5347999995574
810.1087999966694
761.6191000124672
726.89459999674
895.7726000080584
838.054199994076
790.7684999954654
778.2953999994788
782.0739000017056
724.3129999988014
763.2771999924444
831.7290999984834
847.6612999947974
814.6840999979759
789.7877000068547
771.303400004399
742.0914999966044
698.3102000085637
750.2950000052806
723.4461999905761
791.3248999975622
742.5394999881973
729.9452999868663
800.7047999999486
705.6319999974221
698.1165999895893
691.8724999995902
746.81780001265
770.5071000091266
726.5334000112489
787.5777000008384
692.7807999891229
784.3221000075573
685.1376999984495
709.7952000040095
714.4410999899264
745.9654999984195
795.6860000122106
812.2131999989506
800.8199000032619
740.4365999973379
729.4712000002619
720.3542999923229
745.3853000042727
691.9028999982402
789.2802999995183
799.7479000041494
796.8546000047354
758.9213000028394
721.2600000057137
752.0456999918679
791.9173999980558
700.2512000035495
755.562699996517
681.8028999987291
678.7077999906614
746.5047000005143
710.4957999981707
697.1822999912547
725.3678999986732
722.3531999916304
738.8688999926671
776.1444000061601
686.6988999972818
680.4076999978861
679.9594000040088
725.5994000006467
790.3925999999046
705.364900000859
680.863399989903
781.0181000095326
802.7117000019643
795.5118000099901
773.5108999913791
741.1997000017436
764.1633000021102
750.513899998623
784.3556000007084
732.0601000101306
680.4881999996724
698.2781999977306
710.9943000104977
689.4924000080209
682.8731999994488
674.8759999900358
681.9556999980705
692.8323000029195
724.3772999936482
704.1296999959741
751.1431000020821
755.8352000050945
752.4921000003815
722.7619000041159
684.7123000043212
689.012000002549
699.8663999984274
750.6226000114111
701.0850999940885
751.4702999906149
758.4557999944082
721.9904999947175
782.6936999917962
700.2280000015162
711.6658000013558
683.4665999922436
730.9625999914715
731.9886000041151
714.3262999888975
717.8280000080122
686.3889999949606
731.8190000078175
743.3604999969248
732.0429000101285
717.0975000044564
765.7308000052581
733.9123999990989
709.0803000028245
707.2809000092093
719.3529999931343
704.3637000024319
678.8411000015913
736.2137000018265
700.954100000672
686.3907999941148
725.7360000076005
724.1739000019152
698.8952000101563
722.6470000023255
693.445500000962
757.5116000080016
698.6586999992142
675.5949999933364
680.0264000048628
740.8534999995027
694.2175000003772
688.7166999949841
704.5724999916274
692.8596999932779
695.2649999875575
715.7502999907592
748.5799999994924
754.5076999958837
750.7719999994151
711.2945999979274
734.4779999984894
738.3215000008931
704.9756000051275
762.5501000002259
723.410699996748
743.8369000010425
706.2040000018897
694.9850999953924
698.6090999998851
711.2397999881068
700.943300005747
693.3093999978155
697.0287999865832
700.8845999953337
728.1600999995135
743.9236000063829
702.1364999964135
695.0883999961661
696.7776999954367
697.3279999947408
695.8139000053052
693.9167999953497
697.2933000070043
718.8297999964561
693.2996999967145
699.1726999985985
694.5392999914475
723.4110999997938
712.5263000052655
756.4081000018632
695.6538000085857
719.3436999950791
694.0377999999328
704.2771999986144
699.0026999992551
694.8286999977427
698.8534999982221
758.8505000021541
693.3401999995112
694.8662999930093
696.8691000074614
691.3198999973247
705.4276000126265
725.9451999998419
696.9693999999436
694.9802000017371
693.9042000012705
707.0018000085838
703.0403000098886
721.9619000097737
708.5866999987047
698.2439999992494
702.4931999912951
696.4631000009831
696.6749999992317
697.2090000053868
699.8722999996971
696.1182999948505
694.6318999980576
694.5477000117535
706.1260000045877
717.9203999985475
694.1400000068825
701.6039000009187
718.8909000105923
698.6706000025151
694.9561999936122
699.7554999979911
693.7501000065822
720.2279000048293
697.7821999898879
695.7655000005616
695.2672000043094
700.6186999933561
698.6699999979464
696.9333000015467
723.1241999979829
694.8663000075612
694.2734000040218
694.4385999959195
739.5727999974042
691.1791999882553
717.0971000014106
698.4782999934396
692.515499991714
695.0145999871893
692.2794999991311
698.4567000035895
703.8862000044901
697.7245999878505
699.47669999965
701.6218000062509
691.29659999453
695.9846000099787
707.6152999943588
703.0820000072708
695.0309999956517
694.5361999969464
692.9034000058891
695.5402999883518
704.4167999993078
723.4660000103759
694.8740000079852
698.128000003635
707.7868999913335
717.2666999977082
724.1757000010693
694.0963999950327
693.9332000038121
693.2701000041561
702.0728000061354
720.2023999998346
700.1337000110652
698.8697000051616
709.7823999938555
717.1907999872928
692.0366999984253
693.5022999969078
691.7929999908665
698.2791000045836
693.0103000049712
693.8186999905156
695.1864000002388
696.5597999951569
698.5434999951394
697.5971000065329
694.2084000038449
693.9004999876488
703.3172999945236
713.0935000022873
696.8577999941772
694.262399993022
695.7708999980241
693.5683000046993
694.8446000023978
692.970600008266
698.1790999998339
693.7894000002416
733.1287999986671
707.0629000081681
710.5981999920914
697.8158999991138
696.2649999913992
716.7352000105893
695.3437999909511
701.9062999897869
730.8816000004299
718.938199992408
694.3969999992987
696.9051000050968
752.3738000018056
697.4723000021186
692.0093999942765
695.9500000084518
695.6932000030065
696.7424000031315
693.6060000007274
703.980499994941
694.067400007043
694.6045999939088
698.7738000025274
691.7000999965239
701.1983999982476
742.8500999958487
729.4931999931578
695.3933999902802
725.3052000014577
726.9904999993742
699.9151999916648
718.0053999909433
693.4667999885278
696.7429000069387
699.777300003916
694.7828999982448
699.160899996059
693.7352999957511
696.9317000039155
703.4649999986868
695.9302000032039
695.3366999950958
693.6248999991221
693.5029000014765
696.0968999919714
692.4973999994108
698.557100011385
692.9077000095276
697.7493000013055
784.7699999983888
717.4935000075493
692.2524999972666
693.893300005584
702.5250000006054
693.3696000050986
694.4971000048099
691.7558999994071
692.2880000056466
697.6252000022214
692.6913000061177
695.1265999960015
694.6676000079606
707.9456999927061
699.5101999928011
709.4742000044789
719.9120000004768
731.2449000019114
696.2760000023991
735.0195000035455
709.2210999981035
700.4330999916419
735.8856000064407
693.8528999889968
694.7789999976521
724.7518000076525
734.8154000064824
712.9084000043804
735.8756000030553
703.5924000083469
696.546599996509
708.8087000011001
694.807200008654
714.8330999916652
740.978300003917
694.0644999995129
697.4684000015259
698.0303000018466
698.0195999931311
693.0587999959243
697.8491000045324
697.1170000033453
696.4844000031007
751.5690000000177
711.6993000090588
715.2518999937456
720.3900000022259
793.0108000000473
707.8709000052186
697.3353000066709
775.1989999960642
709.720799990464
766.8535999982851
697.0628999988548
715.0006000010762
706.8570999981603
689.6699000062654
697.0414999959758
697.7693000080762
693.8157000113279
696.3992999953916
710.190000012517
745.4160999914166
739.5419999957085
702.1461999975145
696.8450999993365
706.6536000056658
696.3954999955604
695.7832000043709
774.4724999938626
701.2407000001986
695.1719999924535
736.179200001061
731.3981000042986
715.0167999934638
722.694700001739
692.7895999979228
725.9037000039825
699.6357000025455
730.2481000078842
739.2034000076819
718.9732999977423
709.5990000088932
712.4293999950169
769.5857999933651
739.2460999981267
751.9275000086054
707.1882999880472
712.2953999933088
700.3773000033107
697.8573999949731
701.6102000052342
705.5067000037525
701.456099995994
710.8789000049001
694.8803999985103
696.2564999994356
696.676200008369
701.4950000011595
726.7209999990882
700.9360999945784
695.773300001747
697.0223999960581
700.9567000059178
702.5590000121156
699.7124000045005
718.4675000025891
703.0453000043053
721.7881999968085
688.698400001158
709.6649000013713
727.9962000029627
744.1783999965992
719.4851999956882
705.0268000020878
695.6154000072274
695.0947000004817
694.3498000036925
711.6087000031257
698.019600007683
710.6780000030994
724.5715000026394
718.8771000073757
693.8443999970332
693.3867999905488
719.0942000015639
696.9905000005383
696.30879999022
702.9560999944806
697.9531999968458
713.6823000037111
694.7319000028074
713.7545000005048
695.695300004445
740.4595999978483
704.3898999982048
724.145000000135
695.5458000011276
706.1066000023857
697.024799999781
694.1154999949504
697.754900000291
702.3879000043962
701.8241000041598
700.8422000071732
704.1995000035968
694.4041999959154
698.9325999893481
711.8126999994274
746.301899998798
696.3726000103634
694.8311000014655
694.9469999963185
695.674800008419
729.2997000040486
719.0448000037577
697.2385999979451
695.7607999938773
754.8994999960996
754.4392999989213
733.2663999986835
708.8915999920573
707.3418000072706
729.3945999990683
697.5239000021247
694.9981999932788
717.582900004345
690.5255000019679
701.869299999089
750.2421999961371
801.2931999983266
693.935599992983
699.5560000068508
696.9972999941092
694.9789999925997
747.1557999961078
727.5132999930065
698.8793999917107
767.0618999982253
703.3852999884402
694.393099998706
702.0896999893012
726.1899000004632
731.173400010448
742.8545999864582
701.8319000053452
705.4892000014661
712.3221999936504
720.2875999937532
748.0619999987539
739.6471999963978
709.6982999937609
716.8084000004455
724.1137999953935
733.1068999919808
693.5444999980973
698.2927000062773
732.2401000128593
714.9542999977712
692.104499990819
695.019200007664
694.4749000103911
694.941599998856
718.9530000032391
702.6351000095019
708.1723000010243
712.6166999951238
697.007399998256
695.3951000032248
697.5279000034789
713.741100000334
747.6121000072453
695.6246000045212
691.6288999927929
707.7694999898085
702.006599996821
705.4599999974016
710.6061999947997
697.5084999867249
711.5593999915291
716.1257999978261
705.7357999874512
723.1609000009485
708.6620999907609
724.8949000058929
688.1995000003371
694.4597999972757
701.9718999945326
722.6270999963162
695.6406999961473
693.161200004397
691.6302999889012
698.1325999950059
694.4923999981256
691.677199996775
694.1673999972409
692.8449999977602
694.3487000098685
695.5231000029016
699.609600007534
695.6843000079971
694.0766000043368
696.2086999992607
736.6155999916373
721.5583000070183
713.2280999940122
705.0536000024294
696.4638000063132
692.3924000002444
694.178899997496
693.0336999939755
696.8720000004396
694.9077999888686
693.5281000041869
689.9989000085043
691.9311000092421
702.8465000039432
693.7623999983771
692.6378000061959
691.6553999908501
718.069700000342
693.274700010079
694.1470000019763
696.8728999927407
693.5816000041086
736.6748999920674
696.305300007225
694.1091000044253
695.780800000648
695.8427999925334
694.883000003756
694.4686999922851
715.8006000099704
743.0832999962149
700.1909000100568
729.0325999929337
713.7717000005068
698.384299990721
694.9842000030912
691.5163999947254
695.9085000125924
685.7309000042733
699.2599000077462
697.3036999988835
695.1181000040378
732.4476999929175
695.811399986269
699.1492999950424
705.9678999939933
695.7302999944659
739.0175999898929
759.3058999918867
695.1154999987921
695.9662000008393
695.247700001346
697.17070000479
696.0851000039838
703.3561999996891
722.1873000089545
690.6184000108624
701.9371999922441
696.6600000014296
697.0538000023225
695.9200000128476
733.018600003561
722.2180999960983
709.7515000059502
695.6914000038523
694.6590000006836
695.569899995462
694.4217999989633
709.0635000058683
757.9311000008602
742.3088999930769
779.3049000028986
719.6327999990899
698.65910000226
720.0493999989703
701.7136000067694
696.9299000047613
732.6614999910817
732.2909999929834
739.1974999918602
699.3514999921899
699.6078000083799
706.3773999980185
733.8970999990124
716.838899999857
706.8920999881811
698.9828999940073
724.7417999897152
720.8857999939937
695.9067999996478
697.2349999996368
697.2107000037795
726.350699987961
699.9605999881169
735.646800007089
755.1545000023907
726.9621000014013
731.9716999918455
696.1415999976452
699.1898999986006
694.6004000055837
695.35020001058
723.5472999891499
699.0192999946885
759.9518999923021
756.5758999990067
696.8263000017032
700.176600003033
695.5238000082318
695.8939000032842
700.2066999993986
694.9065000080736
709.3293000070844
721.9847999949707
694.7585000016261
692.4257000064244
699.9381000059657
719.2404999950668
753.4030999959214
700.2034000033746
735.4416000016499
698.0815999995684
716.2781999941217
701.525299999048
714.2265000002226
713.2373000058578
695.475800006534
702.3753999965265
709.0449999959674
700.2707999927225
697.8285999939544
697.5076000089757
698.5158000024967
695.6371000123909
700.4088999965461
700.6885000009788
682.5190000090515
715.6293000007281
694.7354000003543
694.084800008568
694.7886999987531
696.7234000039753
693.623299986939
696.4561999920988
693.1352999963565
705.8058999973582
695.7880999980262
694.3437000008998
694.2245000100229
691.9580999965547
693.5016000061296
693.4301000001142
691.9374999997672
696.6842999972869
694.3297000107123
693.5166000039317
694.4280000025174
695.0405000097817
692.7110999968136
694.6140000072774
692.9108000040287
695.1959999860264
693.2772000000114
695.1667999965139
716.2765999964904
719.375200002105
713.6396000132663
700.7728000025963
694.7926000138978
693.9832999923965
704.8796000017319
696.73059998604
721.207200011122
695.019399994635
704.7359999996843
693.380700002308
692.9335000022547
714.0923999977531
735.271899990039
699.0574999945238
693.4163000114495
695.5605999974068
698.1211000093026
694.4359000044642
733.1039999990026
748.5071000119206
695.139300005394
763.3387999958359
713.5794000059832
692.3627999931341
697.8820999938762
766.8948999926215
751.4319999900181
778.5808999906294
746.5916000073776
700.2003000088735
762.7330999966944
780.5338000034681
708.6473999952432
697.270100004971
695.7934999954887
694.2125000059605
715.1738999964437
696.3876000081655
756.1639000050491
707.9787000111537
725.6028999981936
725.5698999942979
701.6162000072654
699.6952000044985
713.0723000009311
694.8146000067936
695.0531999900704
700.0043000007281
702.5681999948574
735.5684999929508
711.2945000117179
709.8982000024989
749.8034999880474
699.6955999929924
858.596399993985
733.1359000090742
721.308099993621
695.7650000113063
694.5177000015974
719.3086999905063
700.1127999974415
762.9897000006167
733.6615000094753
694.7033000033116
707.9365999961738
695.2683999988949
736.5397000103258
696.0540000000037
714.0056999924127
740.9638999961317
710.9132000041427
782.7838999946835
733.8555000023916
751.258999996935
740.6977000064217
724.9294999928679
695.3593999933219
694.3379000003915
692.8849999967497
692.2229000047082
698.1984000012744
694.5886000030441
691.7175999988103
719.3709999992279
696.1358000116888
696.6902999993181
688.466999999946
717.1821999945678
714.7478999977466
694.7351999988314
693.6189999978524
692.1208999992814
727.1089999994729
746.0082000034163
700.6067999900552
693.9213000005111
737.5132000015583
716.4741000015056
705.2638000022853
693.6767999868607
696.9148999924073
704.2024999973364
695.2327000035439
694.2496999981813
693.0931999959284
691.9992000039201
737.8096000029473
697.5907000014558
729.248199990252
701.8304000084754
674.709900005837
713.4731999976793
693.1188000016846
695.5870999954641
700.6262999930186
694.1386999969836
702.6244000007864
716.5717000025325
694.0324000024702
726.5812999976333
709.9646999995457
696.8600999971386
697.0414000097662
700.2443000092171
726.8482000072254
693.3380999980727
712.2801000077743
695.7795000053011
693.8768000109121
697.9885999899125
699.470100007602
735.4619999969145
708.9759000082267
726.3249999959953
697.1867999964161
697.3543999920366
710.8872999961022
690.8430000039516
692.0040000113659
709.3984999955865
708.0654000019422
727.176899992628
697.5654999987455
724.1154999937862
720.2870000037365
718.9893000031589
699.8380000004545
704.550599999493
710.6285000045318
713.3325999893714
708.6751000024378
708.4828999941237
729.5248000009451
697.0812999934424
718.0896000063512
702.2422000009101
697.8147000045283
707.1787000022596
696.1130999989109
696.1460000020452
700.4400000005262
697.715700007393
698.5406000021612
702.5972999981605
702.1686000080081
698.0604999989737
696.3717999897199
696.8525999982376
711.1508000089088
704.07440001145
697.3390999919502
700.0409000029322
696.6328999988036
697.974399998202
696.544599995832
715.2103000116767
697.5306999956956
698.9264000003459
696.4330000046175
723.9098999998532
730.5042999942088
741.8996999913361
732.2122999903513
708.9125000056811
759.14819999889
715.0534000102198
705.8836000069277
698.220999998739
709.2780999955721
760.1847999903839
696.9989999925019
740.1835000055144
706.9839000032516
719.6249999979045
725.5493999982718
731.9049000070663
698.3733999950346
739.413200004492
703.1021000002511
722.1508999937214
700.7857999997213
732.9694000072777
705.2427000016905
697.725599995465
694.2894999956479
699.2772999947192
716.409400003613
709.6654000051785
698.0264000012539
696.8159999960335
728.0805000045802
694.5102000026964
697.0283999980893
731.4138000074308
707.6443999976618
689.7332999942591
765.4123999964213
697.3362999997335
692.1312000049511
728.7577999959467
761.3738999934867
749.9493999930564
694.1069000022253
694.835599992075
703.7756000063382
777.2496000106912
702.0294000103604
747.3317999974824
698.3531000005314
696.8252000078792
696.8145999999251
699.4802999979584
721.2460000009742
697.2652999975253
707.6972999930149
697.7467999968212
689.9895999958972
694.1244000045117
703.2840000028955
695.4955999972299
695.7843000127468
698.4536999952979
693.7705000018468
683.0334999976913
717.6423999917461
695.8963999932166
692.5292999949306
694.1239000007045
691.1560000007739
695.4737000050955
695.8585999964271
691.7488000035519
708.2794000016293
700.1261999976123
696.372300008079
724.2341999954078
700.7197999919299
690.7941000099527
720.8752000005916
699.359700010973
722.3467000003438
721.5472000098089
737.3131999920588
708.7000000028638
691.6702000016812
720.197200003895
721.2294000055408
696.0970000072848
697.1489999996265
693.9458000124432
732.0925999956671
692.148799993447
726.1287000001175
704.6376999933273
694.703400004073
693.6309000011533
708.4934999875259
716.6481999884127
714.4433000066783
695.3146000014385
704.5670999941649
708.4770999936154
696.2051000009524
713.9766999898711
699.6641000005184
686.2880999979097
703.3139999984996
696.4014999975916
691.2911999970675
707.6513999927556
712.8780000057304
710.6992000044556
697.7699999988545
696.2413000001106
686.8496999959461
699.0042000106769
710.3128000017023
716.365100000985
720.5405999993673
724.218600007589
732.6067999965744
693.952999994508
732.4392000009539
736.7207999923266
764.7244999971008
694.5193999999901
693.4719999990193
696.7107999953441
697.0847000047797
744.7128999920096
700.0964999897406
759.8971999977948
724.2185999930371
709.5603000052506
699.7715999896172
698.5313999903155
695.8318999968469
713.186000008136
720.2131000085501
698.4463999979198
706.2261999963084
709.7365000081481
710.2654999907827
706.5340999979526
737.8183000109857
720.7207000028575
698.9871000114363
712.8937000088627
727.2785999957705
788.2927000027848
728.413000004366
696.3694000005489
710.7852000044659
772.6063000009162
693.2232000108343
698.039199996856
693.5195999976713
691.7692999995779
701.2813000037568
694.0038000029745
695.0472000025911
730.2179999969667
693.1604999990668
696.4500000030966
695.6618999975035
693.9837000099942
710.2880000020377
698.1887000001734
695.7993999967584
775.9396000037668
737.6506000000518
695.267100003548
705.4757000005338
697.6837999973213
727.495999992243
695.1203999924473
692.5953000027221
693.7462000059895
733.4756999916863
706.9028999976581
699.131799992756
693.0071999959182
706.9607000012184
761.1308000050485
724.7057999920798
705.8031000051415
716.0666999989189
771.4168000093196
724.8007000016514
713.5396999947261
723.4083999937866
697.096199990483
743.2532999955583
692.0380000083242
698.9483000070322
742.304300001706
696.1434000113513
694.9359999998705
726.84260000824
711.8264999880921
700.5130000034114
693.9065999904415
691.7837999935728
697.8314000007231
694.9251000041841
695.6374000001233
714.824700000463
719.2103000124916
711.8566999997711
752.5748999905773
715.1262999977916
695.0527000008151
694.9502999923425
699.2047000094317
695.8250000025146
696.1191000009421
695.5557999899611
698.1927000015276
698.619000002509
693.6266999982763
730.8649000042351
743.6037000006763
708.5209000069881
700.3930999926524
695.8929999964312
753.7209000001894
695.3123999992386
693.7806999922032
693.2139999989886
705.4032999876654
696.4023000036832
710.875800010399
705.0497000018368
706.2864000035916
710.3731999959564
694.3405000056373
710.0694999971893
706.4331000001403
696.0118999995757
743.2076999975834
747.5470000063069
735.0089999963529
727.3642999934964
708.1728000048315
696.0974999965401
699.1150999965612
693.8835999899311
749.1738999960944
712.9444000020158
695.1178000017535
732.5315000052797
712.0539000025019
692.6010000024689
695.1117999997223
711.687000002712
710.8547999960138
713.2593999995152
696.7625000106636
695.701700009522
741.4179999905173
696.9703999930061
719.4813000096474
713.6009999958333
721.4254999998957
696.3404999987688
695.0776000012411
694.3419000017457
718.2822000031592
749.7940999892307
775.8979000063846
692.4400999996578
717.3084999958519
708.6254000023473
694.1194999963045
697.2083000000566
694.6030000108294
723.0814999929862
772.8485999978147
721.767600000021
742.0765999995638
694.4507000007434
693.3342000120319
793.0904000095325
722.4625999951968
717.0812999975169
742.2388000122737
691.0881999938283
697.4660999985645
784.989299994777
691.6045999969356
742.4577000056161
708.2796999893617
694.654899998568
695.9954999911133
734.897300004377
695.3945999994176
697.2832000028575
752.70399999863
706.8757000088226
719.4938000029651
694.0117000049213
703.4501000016462
694.5470999926329
718.7161999900127
761.3574999995762
693.3314999914728
723.1669000029797
737.1221000066726
745.0362999952631
694.2528000072343
721.4200000016717
707.0040999969933
711.4842000009958
711.2482999946224
749.9871000036364
728.8566999923205
749.133699995582
693.158099995344
696.5187999885529
696.2901999941096
697.4201000120956
697.8458999947179
696.8476000038208
694.8543000034988
697.1795999997994
710.5534000002081
716.321899992181
703.3905999996932
721.2859999999637
693.8957999955164
704.1498000035062
698.9443000056781
752.6836000033654
726.7135000001872
735.0161999929696
698.4897999936948
696.4086999942083
695.1159000018379
698.1920999969589
698.7785000092117
693.0934000120033
718.6676999990596
720.1861000066856
721.1460999969859
715.6225000071572
692.4348000029568
717.43589999096
702.7152000082424
693.2475999929011
734.1092000133358
694.1817000042647
696.6265999944881
694.0278999973089
693.8391000003321
692.5549000006868
698.9939999912167
695.2019000018481
693.7728000048082
706.19149999402
689.8179999989225
714.9327999941306
713.5131999966688
692.8462999931071
741.3624000037089
717.0234000077471
694.5825000002515
690.7363000063924
693.7902999925427
707.1895999979461
709.2880999989575
704.9941000004765
728.4517999942182
732.9077999893343
755.9884999936912
709.7624000016367
694.8915000102716
699.9565000005532
695.1570999954129
694.1426000121282
694.4499000092037
712.391299995943
696.2457000045106
694.8324999975739
693.4665000007953
700.4968000110239
694.7333999996772
704.3469999916852
768.4276000072714
739.4501999951899
745.4310000030091
694.0822000033222
705.6572000001324
712.8957999957493
721.7168000061065
771.3090000033844
698.272800000268
704.7721999988426
699.4628999964334
743.2872999925166
695.2258000092115
750.3157999890391
729.0620999992825
713.3152000023983
717.5547999941045
695.8981999923708
694.3398000003072
726.9422999961535
715.3846000001067
695.7111000083387
717.9567000130191
748.1363999977475
695.8232000033604
702.3694999952568
694.8489999922458
695.3519000089727
696.9868000014685
697.0909000083338
741.3599000137765
697.4636999948416
697.9057999997167
696.3881999981822
695.0441999942996
706.3323000038508
698.8765999994939
699.5700999977998
696.4586999965832
696.129000003566
699.8348999914015
699.9785999942105
709.5170999964466
719.9483000003966
695.8605000108946
697.958100005053
694.5610000111628
707.123700005468
738.618100003805
699.7641999914777
704.0921000007074
697.7429000107804
696.0553999961121
700.5858000047738
705.4752000112785
741.4360000111628
693.2787999976426
702.0373999985168
700.192899996182
698.1283000059193
746.3628999976208
739.9575000017649
730.3993999958038
700.6049000046914
702.0751999953063
693.6030999931972
696.1298999958672
713.9770000067074
777.8583000035724
752.8539000049932
712.241899993387
685.7224999985192
690.6764999876032
906.0125999967568
780.3645999956643
739.1790999972727
805.8511999988696
705.15749999322
697.6567000092473
702.8914999973495
725.4242000053637
696.2468999990961
696.3492999930168
694.5838000101503
723.1320999999298
703.6187000048812
699.7821000113618
708.1757999985712
721.4338000048883
695.2206999994814
722.1608999971068
711.3823999970919
701.7736999987392
714.9814000003971
708.2031999889296
732.1789999987232
725.7799000071827
703.6051000031875
698.5301999957301
693.9412000065204
696.956699990551
695.7188000087626
717.6233999925898
750.1039000053424
695.3478000068571
696.7614999884972
695.3678999998374
708.8914999912959
695.2788999915356
699.3875000043772
716.6058000002522
702.3368000081973
709.5611999975517
696.6713000001619
693.3470999938436
694.4840000069235
695.6015000032494
707.3016999929678
723.6525999906007
724.5645999937551
741.6460999957053
696.2865000095917
750.2268999960506
728.4546000009868
737.5047999958042
727.0408000040334
704.8778000025777
721.0907999979099
696.1550999985775
704.825200009509
729.691600005026
714.5063000061782
690.8512999943923
708.6077999992995
702.0235000090906
709.0331999934278
704.5243000029586
712.2330999991391
712.7981999947224
736.3485000096262
706.3504999969155
699.430199994822
696.5516000054777
696.7973999999231
695.3816000022925
709.7272999963025
707.3516000091331
735.6519000022672
697.1779999876162
700.8677999983774
696.3768000132404
698.8603999925544
695.6121000112034
697.1097000059672
697.6823000004515
697.5802999950247
684.6279999881517
706.5350999910152
713.2668999984162
699.3453000031877
719.032100008917
739.1082000103779
718.5238000092795
716.4143999980297
708.2279000023846
695.7026999880327
700.4524000076344
771.6241999878548
707.9650999949081
697.5813000026392
716.5084000007482
736.0709000058705
731.0469999938505
775.4769000021042
704.6852999919793
695.4950000072131
698.35079999757
757.7132000005804
716.4279999997234
691.2865000049351
698.9886999945156
758.3441000024322
741.378300008364
699.2604000115534
702.7039999957196
710.59589998913
723.915800001123
698.7888000003295
701.2027000018861
696.5233999944758
697.4617000087164
698.1556000100682
696.7091999977129
729.1325999976834
701.5578999998979
750.8960999984993
697.918000005302
697.7796999999555
737.9104999999981
697.1611000044504
698.8793999917107
701.5048999892315
709.0234999923268
735.5640000023413
713.701199987554
701.6158999904292
702.6155999919865
695.92030000058
742.9323999967892
696.3405999995302
741.1030999937793
699.8491999984253
695.3205999889178
698.0848000093829
697.356899996521
698.29220000247
699.088399996981
773.9931999967666
733.5344000020996
697.6138000027277
699.0376000030665
695.8869000081904
701.4565999998013
698.760699990089
726.1015999974916
783.4908999939216
736.1233999981778
710.8764000004157
697.8321999922628
697.7960999938659
702.8025999898091
739.5574000111083
759.9754000111716
725.6300999870291
699.6108000021195
765.7707999896957
718.3705000061309
698.8401000126032
699.2205999995349
721.2124999932712
728.039900001022
719.0789000014775
701.6083999915281
709.5235000015236
701.5648999949917
699.7204000072088
696.7945999931544
702.0740000007208
701.3224000111222
694.5691000000807
703.6697000003187
698.4673999977531
697.7561999956379
727.726299999631
741.1377000098582
725.876899989089
702.0222999999532
697.3698000074364
705.4035000037402
733.6692999961087
709.6282000129577
698.094499995932
767.4315000040224
701.9278999941889
699.1033000085736
704.8245000041788
698.2801000121981
702.69879999978
698.6399000015808
709.8490000062156
773.8451999903191
719.6689999982482
692.555599991465
713.8409999897704
695.9468999993987
697.0747000013944
695.5391999945277
697.4525999976322
697.9354999930365
716.1871999996947
722.6587000041036
698.8707999989856
697.3346000013407
693.7131000013324
697.2014000057243
694.016699999338
723.0969999945955
696.694700003718
695.4407999874093
698.8921000011032
697.8710999974282
698.4111000056146
728.0296000099042
718.5349999926984
719.2601999995532
745.3114999952959
705.1909000001615
698.1694000132848
699.519900008454
695.7814000052167
706.6777000000002
699.880200001644
700.8665999892401
712.8179000137607
698.0464000080246
709.5593999983976
695.5812000087462
697.0855999970809
695.4382999974769
719.0656000020681
695.181599992793
707.1583999932045
698.8608999963617
711.2787999940338
732.0356999989599
720.0275999930454
696.0556999983964
694.386699993629
699.8978000046918
698.4367000113707
715.6373000034364
709.2020000127377
697.6870999933453
698.6478000035277
710.4135999979917
707.1831000066595
750.2942999999505
704.3177000014111
699.3952000048012
695.8303999999771
727.1351999952458
706.5254000044661
701.9673999893712
697.9649000131758
697.9495999985375
699.1970000090078
698.3837000007043
715.6378999934532
736.0837000014726
720.1056000048993
696.5004999947269
702.1247999946354
710.9859000047436
709.7473000030732
711.7088999948464
707.6762000069721
697.3466999916127
698.7534999934724
705.6307000020752
756.477899994934
699.4818000093801
701.5133000095375
711.8269999918994
682.0989999978337
694.9673999915831
696.2401000055252
698.1803999951808
805.7838000095217
748.9217999973334
696.3487999892095
700.0237000029301
702.4343999946723
699.915899996995
702.7355000027455
697.2506000020076
697.1033000008902
743.4932000032859
700.4940000042552
741.1725999991177
733.7275000027148
731.3540000031935
727.752299993881
698.4173000091687
700.2968000015244
721.2010999937775
701.8180000013672
719.7455999994418
705.9780999989016
701.6336999949999
698.409199991147
702.2507999936352
697.1519000071567
698.4928000019863
724.712900002487
697.8594000102021
696.0747999983141
706.2099000031594
696.0906000022078
704.0902000007918
718.2483000069624
713.3431999973254
702.3273000086192
703.3560999989277
692.8169000020716
696.5652000071714
705.1744000054896
695.952899986878
696.89059999655
698.3462999924086
696.2032000010367
700.8015999890631
696.4918000012403
721.6808999946807
731.8090000044322
747.881299990695
714.3059999943944
728.0918000033125
747.9177999921376
698.4704999922542
698.1977999967057
695.9700000006706
696.0485000017798
709.4529000023613
696.331300001475
733.25130000012
692.2412999992957
696.8833999999333
695.5395999975735
728.8431999913882
714.3622000003234
696.6399999946589
700.4222999967169
702.55490001
704.2518000089331
723.2989000040106
697.3366000020178
696.863500008476
698.3070999995107
705.4002000077162
699.2036000010557
697.602399988682
730.103899986716
696.3124000030803
709.0878999879351
697.3042000026908
696.6459999966901
700.4862000030698
742.056599992793
696.0358000069391
696.9633000117028
699.0561999991769
697.5206000061007
695.2983000082895
698.4716000006301
696.4419000141788
699.0284000057727
699.0007999993395
699.0269000089029
727.041599995573
697.496399996453
699.9013000022387
727.3833000072045
772.5769000098808
714.6905999979936
733.954299998004
697.8030999889597
720.3508000093279
699.3462999962503
695.4222000058508
698.9126999978907
710.2787000039825
699.5109999988927
699.6190000063507
697.8782000078354
698.6608000006527
700.6754000030924
698.3065000094939
700.5884999962291
717.397999993409
698.8853999937419
696.6153999965172
699.1921000008006
727.3333000048297
754.9109999963548
700.1631000021007
751.7907000001287
705.9711000038078
725.5543999926886
695.5632000026526
698.1062999984715
742.5945000140928
748.6129000026267
701.4197999960743
746.8052000040188
711.4325000002282
715.7806000031997
723.8467999995919
709.9368000053801
700.9366999991471
698.7500000104774
743.8573999970686
697.3787000024458
704.4653000048129
714.3676999985473
715.886899997713
697.8120999992825
704.4418999867048
696.5851999993902
704.2058000079123
719.9546000047121
724.302999995416
721.0464999952819
697.1617000090191
697.6276999921538
740.2639999927487
704.836000004434
698.3131000015419
709.6228000009432
750.0732000044081
726.4795000082813
718.9442999952007
694.269899991923
701.1230000061914
717.1998999983771
698.7069000024348
710.5792999936966
698.3201999973971
713.4809999988647
729.4755000039004
698.0356999993091
717.1985999884782
737.3141999996733
699.1591000114568
718.6297000007471
699.6429999999236
696.1240999953588
696.7670000012731
708.365499987849
715.2846000099089
705.8790000010049
697.826299990993
704.312799993204
695.5219000083162
702.6832999981707
697.242099995492
747.9085000086343
704.9232999997912
696.6616999998223
696.9417000073008
697.529700002633
695.8040000026813
699.0390999999363
711.8086000118637
701.4449000125751
693.4637999947881
742.5721000035992
709.5338000071933
732.4047000001883
696.8596000078833
703.3041999966372
706.4384000113932
694.5798000087962
705.546700002742
722.9415999900084
696.332599996822
703.116399992723
698.1577000115067
703.6812000005739
698.3618000085698
697.8178999997908
696.1937999876682
693.7974999891594
728.263800003333
695.182700001169
699.2742000002181
720.9115000005113
695.9547000005841
710.1284000091255
725.457100008498
735.0191999867093
702.773500001058
709.8163000046043
708.9293000026373
701.0617000050843
716.6751000040676
702.2705000126734
709.092299992335
695.7914999948116
698.2388000033097
734.543600003235
699.0418000059435
710.8162000076845
697.7312999952119
696.0118999995757
739.8204000055557
698.377900000196
698.469800001476
739.2592000105651
705.1828999974532
699.3552000058116
708.015099997283
697.7283000014722
702.4710999976378
716.8659000017215
697.7046999963932
732.0491999998922
712.0644000096945
710.4782999958843
698.848200001521
688.8024000072619
713.4466999996221
700.5005999963032
704.082299998845
696.6473999927985
699.4439999980386
712.925500003621
697.5896000076318
697.105899991584
731.7323999886867
768.4137999895029
747.1211999945808
711.5633999928832
699.075399999856
704.0024000016274
699.3163000006462
731.7060000059428
704.8394000012195
701.6101000044728
698.9140999939991
697.1893000009004
697.7270000061253
693.286599998828
697.1009000117192
698.0264000012539
764.1566999955103
752.1038999984739
726.9072000053711
728.6727000027895
696.5583999990486
705.3295000077924
699.7852000058629
704.453199999989
732.0058999903267
740.1529000053415
754.4792999979109
791.6687999968417
707.5263000006089
720.8220999891637
749.3867999874055
747.1912999899359
712.0282999967458
696.3785999978427
700.9018999960972
731.5696000005119
692.6472000050126
693.9543999906164
694.2394000070635
692.5505999970483
694.437599988305
694.8074999963865
714.927599998191
683.7185000040336
692.4436999979662
707.3127000039676
731.5454999916255
716.9510999956401
693.6874000093667
739.5907000027364
711.0280000051716
693.5663999902317
683.1544999877224
732.6226000004681
700.3836999938358
693.9420999988215
707.0043999992777
704.0560000023106
699.6839000057662
691.6430999990553
692.0223999914015
718.829099991126
691.8702999973902
694.7438999923179
697.0740999968257
689.8190999927465
694.3677999952342
693.2676999858813
700.51070000045
718.9148999896133
703.4798000095179
702.2659000067506
693.260600004578
694.1656999988481
696.7314999928931
695.7613000122365
735.2746999968076
726.1381999996956
741.5036999882432
703.821599992807
696.7888999934075
691.8242999963695
700.3357999928994
715.6306999968365
700.4127999971388
727.4026999948546
791.2454999895999
766.3188000005903
711.1187999980757
703.2509999989998
692.7114999998594
765.0722000107635
698.0279999988852
722.2895999875618
723.8881000084803
704.6150000096532
693.598199999542
725.1464000000851
696.0089999920456
703.3298999886028
697.5395000044955
731.6100000025472
694.7184000018751
690.340200002538
695.296200006851
695.3723000042373
697.9640000063227
765.0742000114406
745.9770999994362
698.4317000024021
738.2336999871768
735.777900001267
772.5984999997308
700.6161999888718
693.9257999911206
692.54039999214
694.0335999970557
693.9812999917194
697.0815000095172
693.1062999938149
697.4440000049071
729.7076999966521
701.316400009091
753.6022999993293
715.4650000011316
695.4109000071185
692.7048999932595
691.4374000043608
712.4420999898575
755.1838000072166
723.0680999928154
713.1386000110069
697.7790000091773
768.3920999988914
694.3518999905791
695.2644999983022
708.3334000053583
696.4781999995466
693.492199992761
694.3882000050507
696.0286000103224
722.0653999975184
700.5989999888698
694.5126000064192
692.7498000004562
692.7498000004562
696.0706999961985
700.0876999954926
695.6807999958983
691.6895000031218
692.758799996227
691.391799991834
725.7093000080204
694.6013999986462
702.9643999994732
695.747299992945
758.6418999999296
718.2458000024781
705.6821000005584
738.228899994283
691.3480999937747
748.9182999997865
789.6131000015885
722.808199992869
691.865599990706
695.9839000046486
725.0267999916105
719.0468000044348
706.5361999993911
702.3973000032129
722.0237000001362
696.8580999964615
695.1724000100512
705.5148999934318
694.4337000022642
693.6527999932878
695.6742000038503
730.5151000036858
693.499700006214
699.133800007985
695.6691999948816
694.4249000080163
705.4290999949444
695.2428999939002
705.2145999914501
692.7579000039259
696.1919000023045
729.671099994448
761.581800004933
708.5080000106245
692.2779999877093
698.6153000034392
705.2866999874823
726.6844999976456
705.9955000004265
725.3186000016285
716.0621999937575
701.8322999938391
726.6725999943446
730.6479999970179
681.9251999986591
692.8026999958092
717.0289999921806
699.4290000002366
712.3885000037262
710.3397000028053
691.9609000033233
728.5402999987127
695.9223000012571
740.9193000057712
773.5886999871582
738.1565000105184
695.9791999979643
774.2324999999255
694.0431999973953
698.2622000068659
761.245500005316
734.5906999980798
732.2249999997439
695.2882000041427
719.627300000866
761.6237000038382
763.6988000012934
700.2801000053296
696.5572000044631
693.1474000011804
697.7274000091711
718.0993999936618
692.5851999985753
749.5612999919103
699.7749000001932
701.0431000089739
693.6649999988731
722.1437000116566
707.2782000032021
712.2896000073524
751.416800005245
710.5084000068018
716.7349999945145
737.0545999874594
738.0542000028072
697.517799999332
692.5206000014441
752.7743999962695
714.2338999983622
737.0743999927072
734.7402999876067
725.598799996078
695.7254999870202
711.4604999951553
694.2029000056209
697.6091000105953
697.639199992409
705.8403999981238
713.557299997774
695.8989999984624
695.599200000288
701.4137999940431
717.7438999933656
708.0500000010943
724.7439999919152
701.5548000053968
727.0837999967625
701.4478000055533
735.0336000090465
693.6274000036065
695.5465999926673
689.7888999956194
702.1172000095248
697.2952999931294
692.1658000064781
692.4723999982234
730.4957000014838
690.0615000049584
691.085500002373
698.8307999999961
690.0386000052094
714.7930999926757
691.2542000063695
691.0288000071887
687.2360999986995
712.3216000036336
710.727699988638
691.3825000083307
692.2213999932865
705.4254999966361
696.6684000071837
709.6984999952838
693.6963000043761
692.781500009005
692.5611000042409
709.0515000018058
686.8587000062689
713.8635000010254
695.6501999957254
700.304199999664
692.2695999965072
764.9572999944212
734.171799995238
733.9958999946248
724.161300007836
694.3814000114799
684.7817999951076
700.8301000023494
703.3864000113681
722.0744000078412
697.6782000128878
685.1317999971798
690.9507000091253
695.2859000011813
693.0265999981202
731.0895000118762
718.2441000040853
694.3392000102904
696.4243999973405
696.572600005311
705.3848000068683
695.2095000015106
696.2053000024753
699.4183999922825
769.0737000084482
742.4274000077276
734.5797000016319
741.9512999913422
715.7812000077683
702.1830000012415
781.3070999982301
729.9876999895787
748.8972999999532
694.1318000026513
696.2916999909794
696.0220000037225
696.948999990127
764.0017999947304
689.9741999950493
738.4259999962524
696.6285999951651
716.2769999995362
692.7428000053624
695.6650000065565
700.6299999920884
691.737600005581
710.0190999917686
697.0629999996163
704.2491000029258
693.0460000003222
721.8718000076478
711.4716000069166
697.4100000079488
700.3274000016972
701.3482000038493
714.7255000018049
729.7971999942092
695.1830999896629
709.4249000074342
692.8164999990258
692.9241999896476
737.1313000039663
709.5215000008466
724.3891999969492
713.3780000003753
693.1106999982148
694.3756999971811
698.8468999916222
707.2183999989647
726.6882999974769
719.0909000055399
710.187099990435
712.5481000111904
694.4280000025174
736.5943000040716
699.72420000704
740.276199998334
712.1111000014935
732.0370000088587
692.9861999960849
705.962099993485
737.6581999997143
694.0141999948537
694.8469000053592
696.0612000111723
697.0923999906518
696.9881999975769
695.7752000016626
715.6706000096165
708.2217999995919
701.147799991304
700.3441999986535
700.2628999907756
695.4886000021361
715.4800999996951
704.8612999933539
692.7550000109477
693.5260000027483
705.1572999916971
697.7236999955494
684.0277000010246
762.8801000100793
689.8140999983298
694.0572999883443
693.0658999917796
692.8088999993633
718.2028999959584
693.7928999977885
700.3204000066034
711.5191000048071
716.9473999965703
691.6061000083573
720.8104000019375
696.7777000099886
696.0123000026215
698.4701000037603
695.5209000007017
695.6847999972524
696.4540000044508
715.4227999999421
697.3753000056604
699.3439999932889
721.5715999918757
700.5368999962229
698.332300002221
689.7754999954486
708.0139000026975
692.7031000086572
696.7231000016909
695.5150000139838
721.1952999932691
698.3487000106834
714.2204999981914
701.9222999952035
697.2376000048826
683.5851000068942
736.8380999978399
729.3230000068434
740.8697999926517
692.2917999909259
694.6810999943409
702.8215000027558
731.6980000032345
704.0299999935087
708.7834999983897
693.8155999960145
699.8462000046857
735.4369000095176
693.1819000019459
699.0324999933364
692.558899987489
692.6948999898741
724.3411999952514
706.1147000058554
686.5446000010706
695.3147000022
693.2993999944301
695.3587000025436
692.1368000039365
694.2737000063062
707.2240999987116
717.9027999954997
709.2164000059711
692.3808999999892
695.3668999922229
705.4934000043431
717.3390999960247
708.9344999985769
698.1704000063473
698.9927999966312
709.2692000005627
718.2259999972302
738.586799998302
739.0943000063999
697.5799000065308
727.665700003854
747.7157999965129
737.9342000058386
692.5808000087272
691.5886000060709
721.3997999933781
727.6984000054654
703.2118000061018
692.6609999936773
704.0071999945212
700.2731999964453
692.5024000083795
696.877599999425
688.7323999981163
734.1271000041161
694.7581999993417
691.5948999958346
705.3999000054318
698.6079999915091
708.0661000072723
699.8251000040909
702.275900010136
704.03670000087
703.0554000084521
740.2522000047611
708.8194999960251
694.5339999947464
703.7625000084518
687.0439999911468
707.2047000110615
694.9974000017392
706.8217999913031
720.6071999971755
690.5962000018917
701.9927999936044
702.1849999873666
691.4469000039389
694.2272999876877
693.0348000023514
693.6645999958273
692.4207999982173
692.1255000052042
720.4059999930905
700.6563000031747
694.1577999969013
693.3582999918144
723.943800010602
693.6603000067407
692.8410999971675
716.6180000058375
694.3102000077488
709.878599998774
694.9698999960674
704.3219999904977
712.9323999979533
692.8262000001268
692.796500006807
707.8925999958301
697.0620999927633
707.3424999980489
699.2520999920089
718.0571000062628
697.7813999983482
700.0383999984479
725.0273999961792
737.372100003995
779.5206000009784
702.6822000043467
712.1416000009049
694.206900006975
699.9381999921752
734.9160000012489
692.03400000697
692.5887000106741
695.2645999990636
693.223999987822
694.1192999947816
695.4326000122819
693.9032999944175
694.4156999961706
694.5874000084586
694.014499997138
766.6128999990178
700.8310999954119
720.3893000114476
698.2800000114366
694.9193000036757
694.6341000002576
695.6288999936078
728.4048000001349
697.6560000039171
695.9796000010101
692.2345999919344
694.0889999968931
704.6172999980627
716.2134000100195
700.4449999949429
761.537500002305
694.0402000036556
696.4870000083465
696.5554000053089
711.9935000082478
709.2994000122417
764.5372999977553
695.1278000051389
696.8124999984866
692.7292000036687
714.49610000127
695.3606000024593
695.1895999955013
710.8761999988928
710.8406000043033
697.3061000026064
695.236700004898
690.4808999970555
695.6315000134055
773.5512000072049
692.7670000004582
710.7392000034451
720.5211000109557
744.8745000001509
690.921100002015
756.909200004884
695.2318999974523
713.8785999995889
749.7481000027619
740.7057999953395
694.2618000030052
700.8902999950806
705.889600008959
749.5778000011342
697.0065000059549
712.9884000023594
696.5428999974392
693.1335999979638
693.6935999983689
707.1032999956515
692.5615000072867
707.4897999991663
718.0939000099897
712.4822000041604
696.5485999971861
712.6893999957247
699.7498999990057
712.148899998283
699.7046000033151
723.7365000037244
708.766600000672
693.5296000010567
700.2639999991516
720.5524000019068
710.2630000008503
693.5633999964921
699.5736000098987
724.0888999949675
706.9364000053611
706.0066999983974
727.6014999952167
693.2633999967948
718.8638999941759
708.5150000057183
692.8297999984352
690.2992999966955
693.5321999917505
702.7584000024945
717.77750000183
692.617100008647
705.8179000014206
689.0994999994291
692.4919000011869
691.0523999977158
692.5729000067804
703.3147000038298
695.1793999905931
694.0265000012005
707.2090000001481
710.9211999922991
703.0419000075199
723.7234000058379
701.014899997972
733.6393000005046
726.9617000129074
703.2304000022123
720.5174999980954
695.729900005972
693.4667000023182
712.1959000069182
694.3740999995498
690.8934999955818
696.4049999951385
706.5896999993129
699.601199987228
694.3517000036081
692.0396000059554
691.4415000064764
693.6979000020074
695.6113000051118
694.1241999884369
690.9403000026941
697.2365999972681
692.8683000005549
703.2203999988269
754.824000003282
698.0222999991383
697.5335999886738
693.4275999956299
694.4729999959236
696.0965000034776
692.523000005167
706.8792000063695
708.6081999877933
737.2826999926474
716.1960000084946
696.0992999956943
695.0805000087712
763.3927999995649
699.4618999888189
695.0993000064045
693.5637999995379
695.8037999866065
695.321299994248
703.3875999914017
701.777399997809
693.7722000002395
697.4822000047425
715.7537000020966
745.2148000011221
720.9029999939958
744.6032000007108
699.2448999953922
753.6541000008583
722.9242000030354
692.1828000049572
694.2450000060489
746.3815999944927
724.9883000040427
727.6998000015737
716.6065000055823
715.008700004546
705.2066000032937
711.1805999884382
725.7240000035381
705.7280000008177
698.3411999972304
695.6655999965733
740.855099997134
697.2134999959962
694.253400011803
740.6489999993937
740.5774999933783
732.8762999968603
753.7625999975717
700.1755999954185
693.023899992113
703.9939999958733
740.799799998058
752.5257000088459
697.0042000029935
698.9195999922231
703.0697000009241
708.6106999922777
694.7404000093229
694.2639000044437
700.8167000021785
705.5030000046827
702.1939999976894
697.5944000005256
717.7577999973437
693.8451000023633
694.5226999960141
715.3404000127921
692.5331999955233
694.5432000065921
725.7820999948308
735.7617000088794
704.1985000105342
703.6526000010781
702.2025999904145
694.1088000021409
692.4527999944985
695.4854999930831
744.368100000429
698.3661999984179
694.7322999913013
735.9179999912158
727.1309999923687
694.8908000049414
693.0015999969328
706.9693999947049
720.906600006856
700.4316999955336
690.3758000116795
693.6431999929482
694.3439999886323
693.7092000007397
696.7289000021992
695.3145000006771
697.7849999966566
696.680999986711
708.8883999967948
699.640199993155
694.8024999874178
712.0023000024958
698.6655999935465
694.4499999954132
704.8255999980029
697.4608000018634
693.2044999994105
706.7736000026343
731.3754999922821
695.9601999988081
692.4397999973735
697.8309999976773
704.9952000088524
696.2038000056054
711.3760999927763
692.7178000041749
697.2872000042116
714.7772000025725
692.9209000081755
693.7178000080166
696.6564999893308
693.9784999995027
693.3744999987539
699.3245999910869
692.3544000019319
695.8405000041239
708.7387999927159
711.2007999967318
695.3848999983165
692.5137999933213
686.7074000037974
707.2333999967668
691.1319000064395
728.8141999888467
695.104700003867
697.1111999882851
708.1933000008576
744.7279000043636
713.7608000048203
690.8581000025151
711.2721999874339
706.1882999987574
705.1760000031209
734.833400012576
692.1419999998761
694.3121000076644
695.422899996629
698.9593000034802
699.4725999975344
705.7161999982782
697.9426999896532
697.495100001106
751.1885999992955
698.9437000011094
731.5834000037285
698.662199996761
696.0836999933235
697.2461999976076
693.5476000071503
719.2256999987876
705.6327000027522
698.7795000022743
694.1506000002846
692.4706999998307
695.6747000076575
693.8389000133611
693.773399994825
710.1529000065057
696.2018000049284
709.5268999983091
698.5482000018237
695.0375999876997
698.8756000064313
693.4219999966444
694.4131999916863
692.4835999961942
696.7621000076178
698.8297000061721
694.441799991182
749.8877999896649
762.9323000001023
756.1454000097001
693.5877000069013
694.8594999994384
697.5502999994205
713.6189000011655
713.0720999994082
693.3205000095768
696.281700002146
696.3345000112895
694.37480000488
697.9676999908406
695.7761999947252
693.4411999973236
697.3753000056604
695.3210000065155
728.0155000044033
696.0748999990756
690.238600000157
711.6065000009257
696.9144999893615
696.7001000011805
717.5567999947816
743.7344000063604
695.5966999958036
696.5599999966798
696.1926000076346
705.9876999992412
699.8148999991827
693.7300999998115
708.8848999992479
696.6679000033764
696.9260000041686
698.6949999991339
699.5800000004238
692.744700005278
725.4423999984283
713.0373999971198
694.3270999909146
699.0755000006175
722.0615999976872
711.418799997773
697.2927000024356
697.2361000080127
713.2413999934215
759.6466999966651
700.1186000125017
707.4341000115965
708.1350999942515
701.7703000019537
706.8321000115247
699.5798999996623
706.0980000096606
708.1366999918828
688.9085000002524
691.7589999939082
721.2261999957263
695.5229000013787
728.6082999926293
692.7215000032447
691.6205000015907
720.0953999999911
706.7824999976438
710.994799999753
698.4574999951292
700.0337000063155
725.9311999951024
710.2457000000868
698.9152000023751
732.7994000079343
693.8164000021061
691.185099989525
692.2707000048831
692.7805000013905
690.9580000065034
690.6515000009676
699.5660000102362
694.2907000047853
726.483599995845
716.9339999963995
703.021000008448
693.2416999916313
702.1562000008998
706.7707999958657
699.7703000088222
711.9170000078157
713.4330999979284
705.3122999932384
700.3238999895984
694.7863999957917
699.5919999899343
718.1975999992574
694.1359000047669
702.3264000017662
700.4255999927409
731.9718000071589
723.2896000059554
696.2517000065418
698.856999995769
743.2392000046093
735.9763999993447
727.825900001335
697.3937000002479
691.1107000050833
696.4193000021623
693.8886999996612
691.7575999977998
690.1464999973541
707.6355999888619
695.3290999954334
704.6437999961199
704.6445000014501
698.4969000041019
706.1107999907108
708.8178999983938
711.1839999997756
691.7098999983864
700.4162000084762
719.6784999978263
710.0260000006529
709.2930000071647
715.5798000021605
708.6433000076795
721.5222000086214
731.5716000011889
700.5564999999478
693.108100007521
693.5433000035118
721.7139999993378
708.2961999985855
734.5615999947768
697.7855000004638
691.0394000005908
693.6621999921044
688.2236000092234
717.1537000103854
711.7372000066098
700.8515000052284
698.6172000033548
690.6547999969916
693.4522000083234
695.5263999989256
695.845800000825
717.2521000029519
697.4980000086362
695.4562999890186
718.9008999994257
705.5193999985931
695.0244000036037
698.8515999983065
695.70609999937
702.316900002188
695.1945000037085
697.8928000025917
707.461300000432
694.250499989721
695.6925999984378
694.8357000073884
693.5328999970807
703.7181000050623
744.6504999970784
748.8616000046022
694.4705999922007
715.2609000040684
706.7875000066124
691.2156999896979
696.4340999984415
719.1433999978472
693.530999997165
695.7181000034325
710.5054999992717
729.8694999917643
718.0088999884902
698.9156000054209
731.6452999948524
721.6658999968786
769.6990000113146
736.403100003372
752.7106000052299
695.245300012175
693.5394000029191
695.7842000119854
692.6554999954533
763.6747999931686
710.4276999889407
688.2394999993267
760.6991000066046
709.6419000008609
733.9259000000311
706.6399999894202
694.845299993176
693.6563999915961
700.9785999980522
726.9882999971742
732.9400000016904
722.0595999970101
709.7828000114532
721.2699999945471
741.1093999980949
716.0322999989148
715.2381999912905
695.5064000067068
693.3317000075476
693.2450000022072
698.3916000026511
710.6117000075756
695.2295999944909
700.0051000068197
694.877500005532
723.6263999948278
704.6888999902876
691.817800005083
722.5469999975758
791.8263000028674
704.5894999901066
694.5582999906037
729.7250000119675
698.5590999975102
714.5709000033094
692.9111000063131
691.7624000052456
706.9730999937747
755.4380000074161
715.1493999990635
689.797399987583
710.1684999943245
728.7895000044955
757.9162000038195
711.7404000018723
698.8239000056637
692.5937000050908
710.3680000000168
725.9601000114344
700.2176999958465
712.3626999964472
699.1315000050236
724.4325000065146
693.2129000051646
693.9975999994203
728.2386000006227
711.3405999989482
728.3062000060454
718.2829000084894
694.9708000029204
693.0504999909317
721.772199991392
729.5929000101751
704.1171000018949
723.367500002496
691.5653000032762
691.2203999963822
712.3278000071878
748.5457000002498
697.9346000007354
728.8246999960393
697.1614000067348
696.2781999900471
693.726700003026
725.5723999987822
693.4757999988506
692.0723999937763
704.2189000057988
691.6999999957625
689.774700003909
699.487499994575
693.6193000001367
692.6832000026479
694.7924999985844
704.1624999983469
704.2051000025822
735.9785000007832
695.4967000056058
694.8102000023937
695.6521999964025
697.8176000120584
725.6653999938862
711.0971999936737
695.6825000088429
693.0277999927057
692.5861000054283
705.7311999960802
694.8593000124674
705.354299992905
745.1630000141449
750.0227000127779
712.9252000013366
727.9485000035493
701.4577000081772
708.2662000029813
719.9173999979394
696.4607000118122
750.8713999995962
688.3136000105878
757.4362000013934
713.3620999957202
704.9041999998735
719.7899000020698
724.1317000007257
756.5559000067879
752.6639999996405
724.9146999965888
696.0031000053277
697.2384999971837
719.0235000016401
694.4794000010006
679.8871000064537
730.5392999987816
733.9184000011301
697.0368000038434
693.4443999925861
708.9166000077967
758.8025000004563
718.0102999991504
693.0771000043023
698.0715999961831
714.719999989029
699.5516000024509
707.7129999961471
716.2707999959821
695.3112000046531
695.5741999991005
697.2373000025982
691.8031000095652
692.0281999919098
692.6564000023063
717.3623999988195
697.0861999870976
701.7121000098996
693.479000008665
695.0631000072462
697.4776999995811
707.9826999979559
696.2006999965524
702.069399994798
695.3405999956885
701.3432999956422
698.603800003184
697.7017999888631
696.3169000082416
693.2316000020364
748.769199999515
702.4360000068555
698.9325999893481
696.5712999954121
696.7473999975482
693.2741999917198
720.5340999935288
694.3154000036884
686.6662999964319
693.7209000025177
708.5205999901518
711.697799997637
705.9183000092162
741.911600009189
717.1764999948209
692.8499999921769
697.9996000009123
693.6773000052199
692.4446000048192
694.172300005448
695.9360000037123
694.9043000058737
696.2213999941014
696.6580000007525
700.3456999955233
707.0429000013974
726.0066000017105
693.4949999995297
694.0820000017993
691.9688999914797
695.6142999988515
696.4359999983571
701.3264999986859
720.2381999959471
693.6215000023367
690.8272000000579
695.6688999925973
695.5221999960486
694.2548000079114
702.8434999956517
695.4855999938445
693.9285999978893
720.8270999981323
692.6977999974042
701.370599999791
734.4305000005988
720.7663000008324
708.245200003148
692.6175000116928
691.6390999977011
690.7175999949686
750.9121000039158
692.2221000131685
712.827199997264
691.2818999990122
696.1068999953568
714.3660000001546
694.1143000003649
699.2543999949703
692.1772000059718
697.8634999977658
700.3182000044035
694.0237999951933
697.1752999961609
691.3984999991953
707.044800001313
697.2094000084326
693.0384000006597
695.6618999975035
692.1803000004729
709.4352999993134
709.714199998416
717.6611000031698
709.8671999992803
700.8788999955868
714.1594999993686
697.9432999942219
694.5839999971213
701.8148999923142
700.4925999935949
704.0181000047596
692.358600004809
712.0757999946363
714.8304000002099
699.0706000069622
695.4641999909654
691.211099998327
730.1432000094792
720.6621000077575
723.4758999984479
698.8490000076126
695.6842999934452
708.5647999920184
697.9283999971813
708.8404000096489
707.4199000053341
722.7864000014961
699.1023000009591
691.8163999944227
696.3758000056259
696.5777000004891
693.7065999954939
694.5888999907766
693.2417999923928
721.3855000009062
699.6494000050006
693.2234999985667
724.4256999983918
710.3386999951908
691.6358000016771
702.532399998745
721.6304000030505
700.2224000025308
690.3464999923017
708.4918000036851
696.4828000054695
693.1394999992335
695.2545999956783
706.0153999918839
701.8949000048451
703.8808000070276
710.2065000071889
697.7349000080721
700.6283000082476
696.7126000090502
712.0982999913394
732.2484000033
720.093399999314
695.3917000064394
693.1311000080314
694.0370000083931
722.8495000017574
696.0631999972975
696.4196000044467
761.1679999972694
727.9620000044815
756.99270000041
710.1029000041308
705.2315999899292
706.913700007135
704.2233999964083
719.7433999972418
715.4503000056138
713.1292999983998
742.9452999931527
705.625799993868
700.1298999966821
715.8144999993965
702.695699990727
694.8976999992738
699.4086999911815
693.318099991302
719.1348999913316
712.6512000104412
698.0056000029435
692.7212000009604
695.7546000048751
776.7301999992924
684.4401999987895
712.4543999962043
764.9510000046575
694.2795000068145
730.2034000022104
692.9414000042016
702.6310999935959
698.045600001933
687.9227000026731
694.5373999915319
697.4132999894209
695.2140999928815
692.9861999960849
750.2991000073962
717.2795000078622
760.4592999996385
701.766400001361
697.6155000011204
726.515800008201
723.399900001823
699.915899996995
694.6789999929024
696.1482999904547
700.1336999965133
723.2758000027388
707.7679999929387
717.0871999987867
698.0100000073435
692.1489999949699
693.2354999880772
752.9280000017025
704.4643999979598
708.5862999956589
715.9084000013536
700.3865000006044
696.1884999909671
702.3868999967817
695.4289999994216
725.9081000083825
694.5175000000745
694.413799996255
716.5699000033783
723.8113999919733
698.5086999920895
704.0488000056939
704.3128999939654
699.3563000141876
692.3528999905102
693.2805000105873
695.489899997483
713.7336000014329
690.6945000082487
695.6328000087524
689.9275999894598
715.273599998909
704.8744000057923
691.0561999975471
692.0099999988452
713.8487999909557
694.4625000032829
728.7738000013633
687.9827000084333
701.8850000022212
692.1143999934429
695.1836999942316
692.7002000011271
694.4750999973621
693.8156000105664
692.3398000071757
707.889500001329
700.9127000055742
707.9192999954103
707.6679000019794
744.2207999993116
702.5618000043323
694.7174999950221
733.7642000056803
698.585499994806
694.3802000023425
694.1288999951212
697.2090999915963
694.3956999893999
691.9507999991765
725.054700000328
716.2163000029977
701.3368000043556
701.2362999957986
739.236900000833
742.4855999997817
736.6179999953602
728.230499997153
693.0183000076795
706.0256999975536
692.2343999904115
721.424899995327
713.4975999942981
695.2097000030335
694.7772999992594
713.2290000008652
694.6007999940775
693.403400000534
709.2470000061439
735.9286999999313
742.2418999922229
772.7149999991525
714.1263999947114
746.5949999896111
710.8546999952523
695.4072000080487
714.5783999876585
706.5087999944808
695.8065000071656
704.0624000073876
734.2582999990555
706.1983000021428
706.9795999996131
739.5344999968074
719.7632000024896
696.1742999992566
713.9908999961335
697.3589999979595
693.2016000064323
699.5855999994092
743.6463000049116
715.3509000054328
732.1995999955107
692.3366000119131
695.5767000035848
694.3449999962468
732.8280999936396
722.8239000105532
720.1866999967024
694.5797999942442
694.3329000059748
751.8646999960765
760.449499997776
713.0796999990707
693.2395000039833
694.405000002007
717.2159000037936
781.9980000058422
694.2081000015605
709.5296999905258
708.8997999962885
694.3628000008175
697.5926000013715
708.780899993144
706.0907000122825
721.1639000015566
708.0232000007527
695.757199995569
696.8973999901209
697.6617999898735
715.7327000022633
711.0078999976395
752.2869000094943
712.0101000036811
717.5382999994326
695.8232000033604
750.0215000036405
703.1351000041468
693.2854000042425
737.9486999998335
693.8119000114966
693.6279999936232
696.0477000102401
786.924200001522
726.2441999919247
694.1936999937752
691.3925999979256
690.2994000120088
700.2854000020307
692.6180999871576
693.1602999975439
725.4046000016388
691.3864999951329
711.8370999960462
703.066599991871
690.8155999990413
726.7973999987589
708.5543999855872
693.2187999918824
698.6231000046246
708.2292999984929
720.3544000076363
699.1181999910623
692.349099990679
710.6242000008933
697.5799999927403
687.7470000035828
696.8249999918044
717.2743000119226
759.3647000030614
718.7029000051552
695.8788999909302
714.9849999987055
692.8153999906499
708.4344000031706
696.8077999918023
722.2316000115825
694.4686000060756
729.5015999989118
714.4737000053283
694.2672000004677
708.2535000081407
737.2868999955244
730.3993999958038
720.6597000040347
705.1115000067512
714.2228000011528
698.076000000583
702.2876999981236
693.2815000036499
695.9198999975342
693.9754999912111
725.7053000066662
689.3462000007275
730.5934000032721
767.1751000016229
720.4097999929218
692.827999999281
698.9738999982364
706.4348999992944
693.8987000030465
692.8144999983488
704.4437000004109
704.6416999946814
695.0849999993807
719.6791999886045
752.6654999965103
697.2673999989638
697.6063999900362
694.4045999989612
699.1121000028215
692.9424999980256
693.1791000097292
698.0315999971936
694.8312999884365
695.2170000004116
695.9439000056591
724.4905999978073
724.7439000057057
706.8137000023853
714.7973999963142
701.5313000010792
706.4166000054684
704.4184999977006
698.7892000033753
722.5381999887759
695.7698000042001
694.605099997716
694.0143999963766
690.0468999956502
694.8021999996854
698.0121999949915
716.3561000052141
726.3447999866912
706.6395000001648
704.4374999968568
705.1973000052385
694.7696000133874
697.0899999869289
703.18870000483
693.3261999947717
696.4249000011478
698.1512000056682
736.9181000103708
711.7264999978943
696.0115999972913
695.8461999893188
718.719800002873
712.4599999951897
694.2376000079094
701.5574999968521
708.6038999987068
696.437499995227
697.3094999993918
704.2032000026666
709.1278000007151
707.6813999883598
741.9506999867735
706.8717000074685
721.3583999982802
696.4758000103757
693.4604999987641
693.2835000043269
695.9606000018539
714.9035000038566
710.2491000114242
739.9164999951608
731.575800004066
704.7775000100955
699.9787999957334
700.5751000106102
692.6796000043396
693.7882000056561
695.8147999976063
696.0036999953445
728.5823999991408
703.2788999931654
709.0783000021474
725.7446000003256
702.4067999882391
694.2791000037687
701.4601999981096
694.571799991536
697.0597999898018
695.8637999923667
695.7044000009773
697.7502999943681
695.2749999909429
726.662100001704
768.2152999914251
700.0994999980321
727.0037999987835
690.0583000096958
762.3693000059575
733.732599997893
745.8133999898564
713.5711000009906
698.9818000001833
710.0440000067465
694.493799994234
710.5106999952113
737.6286999933654
718.2307000039145
714.9997000087751
699.202999996487
723.2686999923317
706.1104000022169
714.6253000100842
699.3810999993002
755.2724000124726
694.9001000029966
696.3611999963177
716.5451000037137
697.4615000071935
704.3749000004027
698.5132999980124
696.4088999957312
712.598899990553
754.3090999970445
742.4815999984276
722.8543999954127
696.7386999895098
695.8656000060728
696.6477000096347
721.502700005658
708.7981999939075
698.5606000089319
696.0619000019506
695.8752999926219
730.534100002842
726.8056000029901
718.9799999905517
710.2358999982243
695.5727000022307
711.5121999959229
753.4509000106482
712.659500000882
695.8080000040354
695.1495999965118
697.254900005646
699.883499997668
700.2699000004213
696.878699993249
708.5609999921871
726.1760000110371
767.279799998505
751.5372999914689
720.7784000056563
741.5867999952752
695.9619999979623
694.8159000021406
697.1831999981077
696.9356999907177
730.2001999923959
747.0782000018517
774.2501000029733
724.1262000025017
750.3985999937868
698.0887999961851
703.0730999977095
698.1164000026183
696.2765999924159
694.7222000017064
696.4867999922717
695.9821000054944
706.517900005565
692.3806999984663
699.4403999997303
719.3962000019383
698.1242000038037
693.8302999915322
697.26260000607
694.932800004608
693.6237999907462
703.6837000050582
696.1054999992484
695.2345999889076
700.3727999981493
743.6815999972168
707.1623999945587
711.3562000013189
731.1015000013867
733.4471000067424
704.4825000048149
696.4284999994561
698.6378000001423
695.793799997773
694.4007000129204
721.6858000028878
702.4266999942483
708.45280001231
707.0994000096107
731.3891999947373
711.8038999906275
695.1478999981191
695.874900004128
722.6386000111233
699.5236999937333
695.7431000046199
697.3928999941563
697.8685000067344
694.5553999976255
699.9038999929326
696.9471000047633
699.4433999934699
723.3880999992834
720.6188999989536
701.1798999883467
700.5448999989312
708.5446000128286
714.8420000012266
697.3692000028677
695.6861999933608
694.0128999995068
697.8975999954855
688.4728000004543
701.8824999977369
710.984199991799
696.1180999933276
709.4176999962656
739.7058000060497
715.7714000059059
732.0455000008224
693.7614000053145
739.852200000314
701.6047000070103
709.5040999993216
749.3453999923076
705.2436999947531
695.7307999982731
697.8330999991158
702.0252000074834
706.8864999891957
710.157599998638
717.0061000069836
715.3298999910476
711.7202000081306
700.4443000041647
730.1328999892576
708.943999998155
695.0642000010703
689.3918999994639
697.6744999992661
692.6361999940127
695.5349000054412
699.5278999966104
686.7682000010973
725.0338000012562
698.9181000099052
710.8372000075178
701.8565999896964
693.713900007424
693.5273999988567
694.4088000018382
694.9774999957299
695.8690999890678
724.8584999906598
730.102799992892
703.9993000071263
698.9861000038218
697.7522000088356
729.2607999988832
706.9087000127183
694.9911000119755
715.7006000052206
695.7955999969272
694.2237000039313
695.9639000124298
695.7860999973491
696.5568000014173
700.3275000024587
698.4255999996094
695.0628999911714
699.1644999943674
701.6472000104841
723.8499000086449
694.7360999911325
699.9331999977585
704.3579000019236
722.2451999987243
742.8374000010081
714.2848000075901
730.0845999998273
706.1807999998564
695.5336999963038
704.5054999907734
703.7626999954227
703.7284999969415
700.257699994836
693.2572999940021
732.960399996955
720.4558999947039
695.9849999984726
720.2994999970542
696.1353999940911
691.0704000038095
699.2167999997037
702.1098000113852
698.7277000007452
696.542399993632
696.7893000110053
731.386500003282
695.1766999991378
698.083499999484
698.2413999940036
717.1591999940574
769.3710999883479
697.7229999902193
700.220899991109
696.3484000007156
716.4249000052223
696.5236999967601
709.5878000109224
695.898500009207
696.9708999968134
700.281500001438
711.5121999959229
711.246700011543
696.5839000040432
725.0123999983771
694.82990000688
697.9546999937156
744.6626000019023
743.1837000040105
737.6884999976028
719.1445000062231
696.1112999997567
704.1527999972459
715.1822000014363
697.0045000052778
696.5676999971038
692.1702999970876
695.8491999976104
699.4391000043834
706.6488999989815
700.5007000116166
705.1871999865398
708.7060999911046
703.0710000108229
706.9612000050256
700.3476000099909
705.7204000011552
711.7717000073753
705.1347000087844
699.4165000069188
722.4812000058591
696.6729999985546
743.3833999966737
698.6249999899883
710.8710000029532
718.5623999976087
721.3033000007272
698.3253000071272
720.3311000048416
712.843300003442
699.5612000027904
699.2651000036858
711.2606000009691
695.7141000020783
706.1762000084855
727.1557999920333
702.1236000000499
695.362300000852
700.192699994659
731.2657000002218
699.3495000060648
705.8736000035424
699.2999000067357
715.6661999906646
735.8624000044074
699.628100002883
737.7988999942318
709.2719999927795
700.2484000113327
697.1320000011474
697.034500000882
737.3667000065325
744.6513999893796
705.7626000023447
693.5102999996161
685.5849999992643
692.8958999924362
707.1143000066513
701.9970999972429
698.8366000005044
695.9797000017716
722.1722999966005
737.2475999873132
711.0648000088986
695.080000004964
717.5750000023982
744.8474999982864
695.8946000086144
696.474100011983
699.3799999909243
767.5662999972701
697.9166999954032
740.4228999948828
720.274999999674
712.0652000012342
697.5199000007706
700.2577000093879
688.6584000021685
721.5781999984756
721.2005000037607
698.6106999975163
762.9313000070397
772.8765999927418
783.6051000049338
707.7811999915866
733.5285000008298
696.7595000023721
697.4958000064362
700.7102000061423
694.6249999891734
701.9695999915712
714.2578999919351
697.4802000040654
746.675000002142
702.0852999994531
696.4366999891354
698.552000001655
698.96080000035
733.3004999964032
701.5103999874555
725.5028999934439
732.4893000040902
709.4338000024436
713.4312999987742
725.5874999973457
717.4044999992475
730.8870999986539
699.0071000036551
773.8884999998845
712.738399990485
698.1539000116754
697.6783999998588
725.8694000047399
752.3458000068786
729.9304999905871
763.2700000103796
698.247899999842
701.5561000007438
700.2238999994006
771.7122999893036
726.2895000021672
699.5303000003332
726.8000999902142
698.5815000080038
722.5487999967299
724.8842999979388
731.9019999995362
702.4785999965388
696.1350000055972
697.7993999898899
703.6687000072561
699.0382999938447
735.1534000044921
693.9113999978872
695.0958000088576
699.9101999972481
763.4232999989763
758.5036999953445
695.2568999986397
704.3587999942247
727.9539000010118
711.1748999886913
693.3906000049319
708.4099999919999
694.5707999984734
712.9953999974532
698.479699989548
696.9051999913063
696.7253000038909
719.6635000000242
724.5832000044174
693.0762999982107
691.2591999862343
696.2974999914877
718.3348999969894
697.9385000013281
698.8159000029555
697.5234000128694
736.091500002658
703.9512999908766
721.7055999935837
694.4808999978704
717.2195999883115
695.647700005793
725.6417000025976
694.1358000040054
709.2506999906618
739.587300005951
739.7004000085872
717.4922999984119
703.4669999993639
712.3681999946712
693.3646999968914
691.9372999982443
695.779700006824
696.1463999905391
693.3554999995977
694.3719999981113
693.141600000672
696.3116000115406
691.9136999931652
708.7723999866284
705.2804000122705
716.2020999967353
691.7661999905249
691.1944000021322
715.4333999933442
716.4823999919463
712.5301000050968
706.2682999967365
691.6360999894096
702.3596999933943
695.0601999997161
692.0324999955483
709.5105000043986
723.9171999972314
702.3093999887351
712.8550000052201
735.5697000020882
678.4132000029786
738.9283999946201
744.0724000043701
680.5855999991763
687.4215999996522
689.0602999919793
751.4338000037242
712.5225999916438
682.7985999989323
702.5272000028053
687.8268000000389
679.9388000072213
679.6515000023646
677.9453000053763
753.3410000032745
710.6124000129057
702.6670000050217
790.9070000023348
770.8129999955418
680.448900006013
676.3484999974025
701.6080999892438
739.2270999989705
701.9139000040013
782.4307999981102
754.0876999992179
782.6878000050783
699.0488000010373
744.8240999947302
717.4713999993401
679.6984000102384
724.8314000025857
708.9691000001039
678.0269000009866
676.5946000086842
801.6170000046259
730.6165999907535
704.6589999954449
706.7424000124447
675.8415000076639
681.2261000013677
677.3332000011578
677.8197000094224
697.750499995891
765.0347000017064
728.1823000084842
678.3367000025464
729.9243000015849
722.2882999922149
680.6643000018084
692.3725999949966
687.5480000016978
681.2706000055186
678.4805000061169
787.6346000120975
731.580199993914
716.2011000036728
727.8871000016807
682.512700004736
677.6734000013676
708.2966999878408
676.8439000006765
739.2866000009235
728.4339000034379
681.971899990458
708.2222000026377
731.7248999897856
750.1843999925768
678.4805999923265
697.6291000028141
726.3113999943016
736.4250999962678
736.0516999906395
755.8611999993445
744.2617999913637
685.5681000015466
720.8520999993198
697.6124000066193
681.8619999976363
792.1833000000333
791.0320999944815
761.8031000019982
696.5178999962518
697.874799996498
724.9148999981117
722.6428000140004
711.9063000136521
717.5715000048513
741.9681000028504
753.7914999993518
692.9403999965871
726.9677999865962
715.9124000027077
753.1526999955531
713.8309000001755
709.4974999927217
724.6883999905549
697.1581999969203
695.5165000108536
724.3933999998262
684.8028999957023
745.59780000709
697.6198000047589
742.8568000032101
736.922299998696
700.5861000070581
674.1127999994205
702.7154000097653
673.9311999990605
742.4777999985963
695.9640999994008
696.6819999943255
694.669000004069
733.0416000040714
749.84950000362
675.3386999916984
703.2402000040747
698.8578000018606
671.8372000032105
675.879000002169
675.6396999990102
704.2472000030102
706.5311999904225
733.3354000002146
737.1281999949133
714.5801000006031
721.1586000048555
734.0336000052048
696.7337999958545
703.4633000002941
709.0044999931706
680.1754000043729
705.9295999933966
740.8067000069423
748.2279999967432
728.0250999901909
701.8760000064503
688.3493000059389
675.7998000102816
731.1714999959804
734.6394000051077
746.4733999950113
725.5388000048697
716.89179999521
712.6299999945331
741.9794000015827
675.9525999950711
686.3779999985127
713.6929999978747
690.1952999905916
691.9617999956245
708.4614999912446
720.715499992366
695.6340000033379
673.8315999973565
707.5997999927495
758.3567999972729
724.8493999941275
699.4592999981251
673.8329000072554
673.3466000005137
682.0657000062056
672.3072999884607
678.9219999918714
678.791900005308
673.7545000069076
673.1595000019297
738.8802999921609
680.8699999965029
675.2717000053963
698.2385000010254
753.1024000054458
729.2745000013383
689.8455000045942
728.9061000046786
693.7229000031948
675.1191999937873
689.8608000046806
721.6786000062712
710.9110000019427
763.5028000077
743.2718000054592
697.8036999935284
707.5677999964682
694.876599998679
701.27850001154
674.2560999991838
674.8522999987472
674.2622000019765
696.0780999943381
676.6337000008207
770.5652000004193
715.0543000025209
737.5997000053758
684.9533000058727
715.2058000065153
691.5888999938034
680.8264999999665
737.9704999912065
675.4110000038054
678.4487999975681
684.9404999957187
733.0567000026349
793.9780000015162
799.9425000016345
711.0863999987487
679.1060999967158
681.2128000019584
679.6264000004157
678.7101000081748
682.1485999971628
674.1367999929935
677.5709999928949
680.2297999965958
730.8418000029633
718.244700008654
679.5527999929618
764.167199988151
695.4203999921447
744.2557000031229
757.4405000050319
726.6063999995822
714.8228000005474
680.906399997184
698.646099990583
714.7312000015518
787.1834999968996
692.4474999977974
680.7296000042697
718.2258999964688
753.6201000039
763.5014999978011
735.6075999996392
730.8486999972956
687.4769999994896
686.7219999985537
689.6459000126924
732.3698999971384
785.3294999949867
724.9721000116551
678.4144999983255
711.9857999932719
703.352199998335
707.207900006324
681.2120999966282
673.8167000003159
705.5734000023222
754.7270999930333
685.3535999980522
723.1342999875778
726.5329999936512
746.8266999931075
738.1549999990966
696.003799996106
677.9390000010608
711.5575999923749
734.820799989393
688.0870999884792
682.0881000021473
702.4558000121033
679.1637999995146
705.4258999996819
696.5462000080151
760.6419999938225
704.5704000047408
793.2579999906011
681.0604999918723
678.146199992625
737.8794999967795
680.9998000098858
740.4553999949712
677.8736999985995
686.0152000008384
677.3644000058994
740.9429999970598
688.1925999914529
679.7271999967052
705.2026000019396
684.0766000095755
676.8823000020348
675.1935000065714
744.3260000000009
684.2188000009628
745.2245000022231
790.0203000026522
737.6553000067361
678.6015999969095
674.8034999909578
693.7789000076009
714.9312999972608
693.604600004619
747.6814000110608
783.626299991738
677.0352000021376
683.4185000043362
700.4676000069594
704.1955000022426
740.9326999913901
684.9454000039259
714.5454999990761
770.5352000048151
715.8433999866247
677.7328999887686
681.3930000062101
676.9686000043293
764.7819999983767
705.3424000041559
696.3509000052
680.5864000052679
730.0485000014305
720.5686999950558
779.78979999898
747.8835999936564
678.367899992736
696.7991999990772
760.0011000031373
776.6171999974176
765.4264000011608
757.9266999964602
689.1975000035018
699.0815000026487
736.6025999945123
742.2704999917187
731.9080000015674
681.598800001666
718.1817999953637
750.9638000046834
745.2998000080697
681.658100002096
767.9593000066234
769.6738000086043
738.9706000103615
717.6636999938637
675.9340999997221
760.8191999897826
769.9664999963716
727.1493000007467
727.600899990648
732.8807000012603
773.6473999975715
768.2961000100477
721.8838999979198
777.6167999982135
695.2577000047313
732.1155999961775
693.7341000011656
678.1788999942364
695.1369000016712
680.9330999967642
699.5182999962708
738.4981000068365
788.1789000093704
712.7283000008902
680.5505999946035
717.9834999988088
718.6766999948304
674.0896999981487
682.9168999975082
677.526500003296
676.5950999979395
735.2278999896953
692.3390000010841
784.2653999978211
780.706999998074
697.7978000068106
675.8762999961618
675.7274999981746
684.324599991669
679.625799995847
679.4976999954088
760.6177999987267
722.1243000094546
700.3693000006024
684.2135000042617
716.9785000005504
703.3395999897039
787.215100004687
789.0811999968719
703.419199999189
684.3273999984376
683.8275999907637
725.0080999947386
724.2409000027692
717.1745000086958
739.5282000070438
718.2104999956209
721.6039999912027
754.8395000048913
734.1960000048857
681.6049000044586
674.1900000051828
694.4842999946559
700.8566000004066
714.8689000023296
737.5871999975061
679.7534999932395
721.1613999970723
705.0282999989577
696.3008999882732
683.5091999964789
691.7025000002468
699.0418000059435
706.1895999941044
719.7616999910679
723.0820999975549
680.5995000031544
722.1845000021858
736.6783000034047
732.4008999858052
743.1120999972336
674.8113999929046
700.3285999962827
711.02719999908
741.5564999973867
741.7762999975821
716.4087999990443
673.4028999926522
755.4929000034463
715.4848000063794
724.1104999993695
700.2087000000756
719.8560999968322
729.0313999983482
751.9092000002274
726.0631999961333
696.8255000101635
727.180199988652
681.9337000051746
678.7257999967551
672.7497999963816
674.1503999946872
737.4930000078166
700.1890000101412
684.3907000002218
676.9419000047492
675.657499989029
720.3233999898657
700.2011000004131
753.1069999968167
714.3514000053983
707.323800001177
724.3145999964327
677.3989000066649
717.128699994646
752.9694000113523
732.1788999979617
711.4397999976063
726.0287000099197
710.5255000060424
736.9845999928657
695.8874999982072
684.0644000039902
680.2711999916937
710.2693000051659
750.4915000026813
747.5731999875279
748.5908999951789
716.0184999956982
688.5018000029959
741.194699992775
719.1951999993762
703.3756000018911
728.5812000045553
684.6721999900183
722.4791000044206
687.9806999932043
675.1684999908321
737.4827000021469
722.318300002371
723.0859999981476
712.4098000058439
731.4815999998245
744.5837999985088
681.1697999946773
676.4744000101928
712.0849000057206
744.7902999992948
699.8730000050273
723.2165000023087
717.5358999957098
737.9610999923898
686.3658999936888
701.2269999977434
694.8640999908093
776.5604000014719
681.2576000083936
685.8842000074219
741.1620999919251
684.2385000054492
697.3555000004126
758.3815999969374
742.9259999917122
787.9063000000315
730.4594000015641
753.3805000130087
728.9641000097618
712.7223999996204
677.1862000023248
711.9848000002094
781.9023000047309
771.825700008776
715.6033000064781
785.1556000096025
704.2267999931937
794.483499994385
726.2258999980986
696.268699990469
698.7921000109054
704.297599993879
794.6510000037961
679.6027000091271
690.7994999928633
683.8261000084458
675.4951000039
682.963600003859
679.7924000129569
678.0741999973543
752.1075999975437
694.3902999919374
720.0058000016725
771.5832000103546
746.0659000062151
785.2224000089336
753.3722000080161
685.0624000071548
679.0847999945981
679.8001999995904
688.3497999951942
787.4400000000605
724.4798999890918
678.9873999950942
699.9599999981001
732.4559000117006
675.7686999917496
732.820700010052
767.1840999973938
708.3668999985093
791.5853000013158
732.4224000039976
694.6976000035647
688.8494000013452
712.5909000023967
678.3576000016183
712.562100001378
678.4416000009514
768.8269999925978
681.1051999975462
791.8344000063371
814.9163000052795
774.1257000016049
684.7543000039877
699.4976999994833
677.7464000042528
723.6745999980485
733.3075000060489
696.8828999961261
768.088999990141
768.264199999976
694.2961000022478
724.061899993103
738.5563999996521
702.4271999980556
803.3481000020402
777.8357999923173
741.2518999917665
711.2911000003805
689.2675999988569
739.4205000018701
732.6554000028409
786.6285000054631
682.455400004983
684.6953999920515
680.567899995367
699.3128000030993
737.0901999966009
705.4359000030672
687.8086000069743
741.0721000051126
784.0701999957673
765.1696000102675
712.5489000027301
702.9125999979442
694.7699000011198
695.3133000060916
712.2395999904256
694.3540000065695
695.2049999963492
694.8191999981645
691.0256000119261
727.350800007116
693.3856000105152
708.7843000044813
699.1692000010516
723.9096999983303
696.3959999993676
712.7831999969203
714.7557999996934
714.0826999966521
700.0602000043727
748.0974000063725
727.5282999908086
693.646700005047
696.7815000098199
694.1504999995232
694.6094000013545
717.5089999946067
692.162899998948
695.6934000045294
710.6343000050401
707.2349000081886
715.2908999996725
692.1081000036793
695.9072000026936
695.5629000003682
693.0749999883119
722.4920000007842
697.4213999928907
695.4152999969665
690.5646000086563
694.8262999940198
691.5167999977712
696.9417999935104
691.997400004766
689.5450000010896
692.6677000010386
695.9301000024425
710.5413999961456
770.9977000049548
693.5610000073211
709.7096999932546
707.8719000128331
693.0875000107335
742.3582000046736
709.6220000094036
690.1410999998916
697.4387999944156
698.6685000010766
693.2524000003468
697.0981000049505
693.7393999978667
691.7860999965342
728.1505999999354
710.0835000019288
692.8774999978486
712.4451999989105
734.0859000105411
731.9540000025881
728.1984000001103
691.610199995921
690.6719999969937
694.8006999882637
693.5821000079159
692.4793000071077
694.2009000049438
692.8249000047799
692.8538999927696
694.3599000078393
701.6349999903468
711.3596999988658
695.9273000102257
692.8999000083422
689.6869999909541
692.4666999984765
701.2447000015527
697.6386000023922
701.8502999999328
721.4499999972759
694.2321999958949
690.698299993528
699.1147999942768
692.935099999886
692.7849999919999
691.6080999944825
695.7564000040293
715.5206999887014
757.593000002089
736.6466000094078
740.7171000086237
712.6049000071362
718.275299994275
695.347100001527
713.285799996811
692.0379999937722
697.1074999892153
716.3520000030985
690.5000999977347
695.3453999885824
692.8209000034258
692.720899998676
692.188899993198
708.8428999995813
697.5706999946851
691.9193999929121
701.2402999971528
690.575100001297
718.1555999995908
726.7591999989236
688.3807000122033
689.9002999998629
694.4940999965183
691.5628999995533
713.9946000097552
715.1544999942416
692.7637999906437
693.0110999965109
694.5673000009265
691.7527000041446
693.7443999922834
691.9112000032328
723.142300004838
694.2282000090927
696.7853000096511
716.4383999916026
693.4578000073088
696.8620999978157
701.4645999879576
694.0119999926537
714.2321999999695
714.254799997434
712.5550999917323
722.9157999972813
692.8495000029216
697.5533999939216
691.8261999962851
696.3906000019051
695.6863999948837
695.2041999902576
694.5114999980433
695.28650000575
696.508699998958
707.1424000023399
694.7809999983292
692.5865999946836
693.3841999998549
693.4799999871757
692.0648999948753
751.0273999942001
716.1806999938563
697.0672000024933
704.4144999963464
692.3804000107339
692.5274000095669
698.0421000043862
692.3052999918582
697.8888000012375
691.0990000033053
707.3611999949208
703.3060000103433
693.4136000054423
694.0489000116941
693.3194000012008
707.7431000070646
693.4123999963049
703.7981000030413
716.4653000072576
691.32479999098
693.5994999948889
690.7648000051267
693.0796999949962
699.9704000045313
697.2314000013284
753.9352000021609
702.6806000067154
724.4749999954365
707.7831999922637
691.8079000024591
695.7967000053031
694.0846000070451
692.1276000066428
690.62799999665
690.8820999960881
689.279300000635
692.5849000108428
711.232799993013
715.4635000042617
759.7076000092784
744.164700008696
786.0280000022613
688.8036000018474
749.8635000083596
692.7625999960583
735.1821000047494
742.3381999979028
697.5457999942591
695.6894000031753
700.6662000057986
730.8720000000903
712.0683999964967
689.8933999909787
693.7589000008302
699.5978000049945
693.867499998305
691.3281000015559
694.7834999882616
692.2542000102112
693.4653999924194
694.0487999963807
726.6437000071164
734.2161999986274
682.3159000050509
724.8454999935348
691.9114000047557
741.8592000030912
734.9765999970259
695.8355999959167
683.6174000054598
693.4037000028184
693.0610000126762
691.2407999916468
734.9428000015905
736.7419000074733
714.6931000024779
737.1391000051517
716.873299999861
695.5001000023913
695.2133000013418
729.765000010957
693.305099994177
703.7139000021853
694.5000999985496
700.9377999929711
694.6475000004284
692.7244000107748
690.0470999971731
712.4367000069469
693.0081000027712
696.1448000074597
693.7669000035385
691.0880999930669
692.2741000016686
694.4249000080163
741.4496999990661
726.2752000096953
716.9595999876037
695.6831000134116
704.542899999069
693.681300006574
695.0450000003912
717.3779000004288
697.6474999974016
690.5138000001898
699.0151999925729
695.461700001033
692.2410999977728
740.8404000016162
709.1279000014765
693.7421000038739
693.2124000013573
693.6702999955742
692.896100008511
709.3298000108916
696.7289000021992
702.8105000063078
721.9048999977531
710.9616999950958
692.4864000029629
690.9014999982901
720.2592000103323
709.9617999920156
687.3931000009179
691.5267000003951
694.7739999886835
702.7243000047747
720.2003999991575
731.1855000007199
691.1891999916406
691.274800003157
715.7743999996455
705.8524999883957
692.6913000061177
692.2371999971801
692.3903000133578
694.8070000071311
711.3486000016565
731.8314000003738
687.874199997168
722.9827000119258
718.2718999974895
710.5446000059601
695.3789000108372
693.1668000033824
702.7119999984279
692.2907999978634
691.6594000067562
696.1695000063628
695.3528000012739
694.4433000026038
713.174300006358
729.48069999984
704.9859999970067
689.3725999980234
721.7227999935858
709.1758999886224
730.9353000018746
694.5436999958474
705.5112999951234
702.0409000106156
714.5152000011876
691.3993999914965
704.5859999925597
727.0944000047166
706.053800007794
706.3105999986874
714.4931999937398
707.5493000011193
695.6551000039326
675.5575999995926
728.6422999895876
691.0576999944169
700.2455000038026
708.379400006379
701.7656000098214
712.7528999990318
690.7800000044517
689.4517000037013
696.6958999983035
691.1765999975614
702.8790999902412
690.8724999957485
703.7724999972852
703.2572000025539
693.5011000023223
691.1645000072895
719.0622999914922
703.82910000626
696.4663999970071
711.0342000087257
735.9580000047572
677.6557999983197
676.9772000116063
692.9206999921007
694.8256000032416
734.711299999617
695.1153999980306
694.3841999891447
712.647599997581
719.1212000034284
718.5615000053076
697.8587999910815
694.5963999896776
693.9705999975558
698.4831000008853
700.1080999907572
715.6785999977728
695.7568000070751
690.1710000092862
685.4234999918845
698.9322999870637
693.9606000087224
691.268200011109
690.9623999963515
692.5077000050806
699.4559000013396
708.9129000087269
697.4660999985645
695.0044000113849
722.524800003157
701.5392999892356
693.6924000037834
696.7270999884931
694.9315999954706
697.0321999979205
694.0022000053432
702.0882999931928
695.7610999961616
693.7200999964261
697.6689000002807
696.4101000048686
693.6483000026783
708.1629000022076
697.1857000025921
698.9773999957833
709.6106999961194
698.8209999981336
720.3290999896126
682.1702000015648
691.851299998234
696.8128999869805
708.8393000012729
694.617000001017
694.645199997467
764.6094000083394
713.7035000050673
705.7418000040343
735.075999997207
780.5711000110023
698.2224999956088
688.2212999917101
724.2890000052284
733.0124000000069
715.0564000039594
703.4492999955546
731.1588000011398
689.6118000004208
690.5319000070449
698.5860999993747
702.4617999995826
703.537099994719
676.5395999973407
698.2529999950202
705.2051000064239
707.950099997106
691.0149000032106
695.0157999963267
697.3935999994865
700.6246000091778
718.3685000054538
693.8871000020299
699.1230999992695
705.8380999951623
689.3304999975953
701.2141000013798
729.8194000031799
698.1894000055036
699.926500004949
761.0165999940364
682.2028000024147
713.7470000016037
702.0112999889534
703.0181999871274
709.6929000108503
691.9720000005327
693.127699996694
697.436700007529
692.3988000053214
691.6397000022698
692.8678000112996
700.834000002942
676.4734999887878
699.4255000026897
701.6078000015114
701.2525999889476
714.6761999902083
688.2288000051631
693.426299985731
692.6097999967169
690.8323999959975
689.7880000033183
693.7585999985458
696.3437999947928
690.9244999988005
698.2925000047544
697.3253000032855
709.4805000087945
713.9164999971399
733.4419999970123
686.4859999914188
704.7765999886906
700.0913999945624
682.9392999934498
692.6054000068689
696.9148999924073
696.450300005381
697.2961999999825
698.1556999962777
702.6979000074789
716.7488999984926
693.4061999927508
701.0010999947554
712.2094000078505
727.2798000049079
744.652599998517
692.6454000058584
691.7070000054082
712.1721000003163
702.7152000082424
709.4314999994822
694.6107000112534
701.3237000064692
708.4864999924321
686.7019000055734
716.3435999973444
710.7889000035357
715.0297000043793
715.1311999914469
694.8664999945322
713.4869000001345
710.5351999925915
772.2573999926681
708.4608000004664
705.024399998365
714.7035999951186
696.0178000008455
702.8920000011567
734.5577999949455
723.2330999977421
742.597599994042
692.023200012045
701.0026000061771
727.186599993729
694.5713000022806
740.1458999956958
705.1841999928001
708.3660000062082
707.1965999930399
