7107.092800011742
8355.36349999893
7188.409099995624
6850.022500002524
6416.492600008496
6289.7633999964455
6066.452500002924
6043.413699997473
5825.925800003461
5650.878999993438
5435.528600006364
5510.083000001032
5382.303100006538
5080.487999992329
4961.781399993924
5045.417200002703
4780.0018999987515
4647.426900002756
4572.414300011587
4480.009000006248
4576.136799994856
4315.619000000879
4315.006899996661
4192.464199993992
4105.873200009228
4318.36679999833
3960.7277999893995
3894.5160000002943
3819.4233999965945
3739.9571999994805
3869.347999992897
3713.5621000052197
3686.8823999975575
3610.525799987954
3519.3296000070404
3622.2620000044117
3544.71580000245
3527.4623000004794
3436.36749999132
3416.0222000064095
3487.04639999778
3341.947599998093
3289.3110000004526
3295.4009999957634
3297.836299985647
3305.7401000114623
3187.8479000006337
3159.740699993563
3125.3996000014013
3129.222200004733
3134.8459999862825
3023.586700001033
3016.064000010374
2995.098899991717
2950.524599989876
3051.1996999994153
2961.5102000097977
2916.9277000037255
2895.4479999956675
2875.540599998203
2932.8743999940343
2865.42709999776
2807.7226000023074
2795.7450000103563
2789.5508999936283
2847.7663999947254
2779.1417999978876
2797.8989999974146
2759.75239998661
2717.817400000058
2831.2839999998687
2642.2119999915594
2699.9652000085916
2687.173600003007
2678.7667000025976
2760.8369999943534
2572.86159999785
2589.711900000111
2663.220500005991
2589.678099990124
2711.3825999986148
2538.3297000080347
2526.561999999103
2517.3993000062183
2497.3912999994354
2643.478900004993
2461.36440000555
2445.4170999961207
2428.5756000026595
2426.264200010337
2491.076999998768
2430.8501000050455
2393.2272999954876
2423.366100003477
2432.1497999917483
2464.2520000052173
2328.393000003416
2323.202300001867
2301.919600009569
2294.8034000000916
2369.5682999968994
2283.8918000052217
2315.4424999956973
2326.447700004792
2352.8869000001578
2351.269199993112
2234.665500000119
2238.597400006256
2233.5740999988047
2357.15720000735
2337.996000002022
2204.322999998112
2184.910800002399
2183.7878999940585
2176.5084999933606
2260.886899995967
2174.390800006222
2158.0975000106264
2161.617199992179
2193.3927000063704
2227.412499996717
2144.3538000021363
2135.422200008179
2143.741099993349
2096.1519999982556
2302.7523000055226
2150.6986000022152
2084.5230000122683
2110.0739000103204
2066.728999998304
2129.5969000057084
2054.7571000061
2064.360000003944
2049.0236999903573
2022.3087000049418
2121.176499989815
2007.1959999913815
2000.1725000038277
1994.9715999973705
1998.886000001221
2077.618600000278
1969.5204999879934
1977.6454999955604
1970.7796000002418
1971.5636999899289
2032.1038999973098
1945.7994000113104
2013.8096000009682
2011.245300003793
1946.1196000047494
2005.5380999983754
1934.4977000000654
1915.2161999954842
1929.4759999902453
1912.3565000045346
1995.7840999995824
1930.603400003747
1908.3741000067675
1897.88679999765
1924.5269000093685
1941.743300005328
1898.333700009971
1884.6208000031766
1859.8715999978594
1856.5549000049941
1923.813599991263
1887.8962000017054
1841.1136000067927
1847.5287999899592
1829.1439000022365
1885.036499996204
1837.2204000042984
1813.8293999945745
1841.0210000001825
1821.0702000069432
1950.5740000022342
1936.7294999974547
1791.0120000015013
1799.0791000047466
1794.7366000007605
1851.1963999917498
1780.9455999959027
1775.4824000003282
1769.604499990237
1758.5833000048297
1827.6646000012988
1749.9462999985553
1748.4833000053186
1738.269699999364
1730.8081999944989
1787.5521999958437
1740.4302000068128
1721.6256999963662
1759.895900002448
1709.4064999982947
1780.7909999974072
1715.6963000015821
1817.4776999949245
1745.120699997642
1706.9159999955446
1760.4671000008238
1684.6965000004275
1683.5060000012163
1676.8321999988984
1679.4125000014901
1735.812699989765
1674.7961000073701
1639.613899998949
1659.3175000016345
1644.8808999994071
1716.5569999924628
1638.690099993255
1635.6913000054192
1608.9756000001216
1604.5869999943534
1669.7603999928106
1611.9662999990396
1614.9549999972805
1588.241300007212
1577.1747999970103
1648.4983999980614
1582.723100000294
1585.8203999960097
1591.5122000005795
1630.954100008239
1708.9191999984905
1566.5415999974357
1566.2278999952832
1566.3845999952173
1585.4263999935938
1628.3968000061577
1579.3826000008266
1600.2917000005255
1638.6377000017092
1574.4757000065874
1643.5096000059275
1553.9048000064213
1530.9756999922683
1549.385499994969
1553.9449000061722
1603.8001000124495
1530.0857999973232
1529.9402000091504
1527.9771000059554
1534.2554999951972
1584.6473999990849
1513.9554999914253
1518.9618000003975
1509.9600999965332
1530.5809999990743
1605.0319999922067
1578.6804999952437
1495.7367000024533
1502.1012999932282
1463.1517000088934
1538.2993999955943
1477.8671000094619
1492.4727000034181
1478.0286000022897
1492.0558000012534
1561.0099999903468
1487.4474000098417
1491.950399999041
1501.2009000056423
1477.4164999980712
1544.8628000012832
1483.8981999928365
1496.759799993015
1473.2999000116251
1455.3839000000153
1533.9092000067467
1464.4654000003356
1460.2903999912087
1465.73329999228
1454.018399992492
1509.8612000001594
1442.8101000085007
1439.4723000004888
1440.4837999900337
1439.5112000056542
1488.3270999998786
1433.8316000066698
1433.4910000034142
1429.0064999950118
1433.7042999977712
1496.1620999965817
1453.6891000025207
1414.9964999960503
1430.8211999887135
1430.9078000078443
1517.1632999990834
1408.065900002839
1404.4770999898901
1422.9876999888802
1418.7769999989541
1540.859000000637
1417.1123999985866
1449.3193999951473
1415.8018000016455
1448.32480000332
1492.3512000095798
1406.7083000118146
1404.3397000059485
1399.2509999952745
1463.0206000001635
1463.8486000039848
1392.9902999952901
1457.026499992935
1429.96980001044
1432.2691000124905
1462.851199990837
1405.0826000020606
1439.2931000038516
1385.0202999892645
1377.1027000038885
1459.5004000002518
1367.944500001613
1355.415099998936
1381.3064999994822
1376.7476999928476
1433.8308000005782
1372.0217999943998
1365.3403999924194
1370.9758000040893
1378.0701000068802
1422.2842000017408
1351.5488999983063
1355.133199991542
1343.4586000075797
1341.126200000872
1406.7534999921918
1338.441400002921
1335.7199000020046
1336.4547000091989
1386.0858999978518
1392.6110999891534
1355.6881999975303
1352.1134000038728
1350.5595999886282
1337.0866000041133
1399.7234999987995
1355.0477999961004
1364.3753999931505
1338.322600000538
1354.1001999983564
1399.9083999951836
1319.9519000045257
1318.2407999993302
1315.3488999960246
1311.554400002933
1375.2108000044245
1311.0640000086278
1311.636800004635
1312.1901000122307
1286.4085000037448
1350.7124000025215
1307.4503999960143
1304.0779000002658
1285.8354999916628
1309.140600002138
1368.318699998781
1375.4171999898972
1318.9319000084652
1293.4218000009423
1297.6880000060191
1350.9813999990001
1285.799400007818
1298.4027000056813
1337.5288999959594
1317.6584000029834
1365.0672999938251
1294.5482000068296
1295.2864000108093
1312.2674000042025
1285.3976999904262
1346.466100003454
1283.614200001466
1281.115099991439
1261.0749000014039
1273.9022000023397
1345.295300008729
1293.0085999978473
1325.3164000052493
1255.65920000372
1259.2188999988139
1344.7557000035886
1291.9858999957796
1263.9339000015752
1329.638099996373
1302.4232000025222
1340.5315999989398
1279.4569999969099
1255.239200007054
1268.7245999986771
1268.798200006131
1365.3088999999454
1284.5231000101194
1247.6175999909174
1246.2993999943137
1248.1426999875112
1322.7880000049481
1265.2394000033382
1300.0155000045197
1268.3879999967758
1259.0708999923663
1347.2880000044825
1244.10429999989
1270.491499992204
1244.3192999926396
1239.784100005636
1300.2949000074295
1273.483099997975
1276.8562999990536
1237.577899999451
1241.181499994127
1362.165400001686
1237.808199992287
1257.9245999950217
1226.8662999995286
1225.5732000048738
1272.5878000055673
1234.004800004186
1240.1209000090603
1226.3111000065692
1226.6730999981519
1296.4667000051122
1223.6795999924652
1230.0014999927953
1222.319599997718
1224.507499995525
1282.9582000122173
1217.3725000029663
1219.8918000067351
1221.3176999939606
1235.5033000058029
1287.2199999983422
1222.927199996775
1217.4586999899475
1261.0499000002164
1204.6465999883367
1287.6103000016883
1256.640100007644
1208.8005999976303
1199.4034000090323
1201.5173999971012
1311.2409000023035
1196.6269999975339
1172.4233999993885
1177.5636000093073
1204.7644999984186
1243.2618000020739
1180.8110999991186
1177.9345999966608
1174.7170000016922
1177.3021999979392
1211.6926000016974
1168.8525000063237
1171.178399992641
1204.5970000035595
1174.2726999946171
1204.3665000092005
1153.2716000074288
1149.0739000000758
1145.5092999967746
1140.1624999998603
1214.471200000844
1162.098100001458
1139.671199998702
1177.8387000085786
1178.238299995428
1215.728900002432
1117.5436000048649
1140.5025999993086
1144.2013000050792
1138.6021999933291
1197.0924000052037
1128.452200005995
1134.415699998499
1136.183099995833
1166.9402999978047
1195.4473999940092
1151.3746999989962
1136.283200001344
1133.9446000056341
1134.1946000029566
1198.2985000067856
1127.6599999982864
1128.0697000038344
1139.789799999562
1126.0179999953834
1193.181900001946
1136.7364000034286
1143.5756999999285
1125.720199997886
1120.6373000022722
1186.6404999891529
1123.691200002213
1120.2252999937627
1118.777299998328
1127.1938999998383
1187.1965000027558
1126.063300005626
1126.5603000065312
1120.309100006125
1116.0097000101814
1223.1773000094108
1117.504200010444
1100.0897000049008
1100.2559999906225
1101.7827000032412
1168.6384000058752
1102.3017000115942
1103.1943999987561
1133.438799995929
1101.2655000085942
1161.4031000062823
1102.0516999997199
1109.5069000002695
1112.3197999986587
1091.6081000032136
1148.85929999582
1089.9776000005659
1094.8404999944614
1098.091599997133
1096.6822000045795
1143.771499991999
1076.908099988941
1113.5935000056634
1079.037600007723
1099.0037000010489
1163.1827999954112
1096.7673999984981
1131.9089000025997
1094.6976999985054
1134.14749999356
1154.1112999984762
1079.5601999998325
1084.617899992736
1076.924399996642
1082.9185000038706
1139.5523999963189
1087.4581999960355
1089.0075999923283
1111.796899989713
1076.4189000037732
1142.993800007389
1077.029300009599
1082.8764000034425
1070.0945999997202
1065.0043999921763
1161.0607000038726
1129.4808000093326
1138.5031999961939
1111.2867000047117
1093.4344999986934
1144.6521000034409
1111.711400008062
1091.831400000956
1084.24370001012
1082.0897000085097
1156.6409000079148
1092.293099995004
1075.7991999998922
1077.1787999983644
1075.0546999915969
1136.31030000397
1070.2987999975448
1069.7620999999344
1069.4585000019288
1070.0826999964193
1131.5025000076275
1070.0172999931965
1070.4885000013746
1068.5165000031702
1062.7502999996068
1108.8725000008708
1064.8250000085682
1066.5126999956556
1070.5638000072213
1066.0881999938283
1129.7746000054758
1049.3143000057898
1062.1678000024986
1066.6350000101374
1169.6278000017628
1141.055599990068
1041.7146000108914
1066.9696999975713
1060.4357999982312
1040.4420999984723
1115.9262000001036
1050.0767000048654
1054.2236999899615
1044.6417000057409
1065.3089999977965
1122.4411000002874
1049.6435000095516
1042.585200004396
1048.2191000046441
1043.2555000006687
1102.6313999900594
1040.6625000032363
1043.2982000056654
1023.9845000032801
1037.642199997208
1107.430199990631
1044.7680999932345
1044.7652000002563
1023.6199000064516
1041.6827000008198
1087.7676000091014
1043.0252000078326
1044.5639000099618
1051.098700001603
1049.1120999940904
1113.041600008728
1046.9994000013685
1045.8899999939604
1041.8105999997351
1031.0544000094524
1101.4216000039596
1088.0696999956854
1040.1077999995323
1041.7776999966009
1040.1385000004666
1097.5933000008808
1018.9154000108829
1037.5884000095539
1017.1403999993345
1039.5617000031052
1100.4384999978356
1038.9468999928795
1035.6949999986682
1032.3940999951446
1034.0778000099817
1093.9240000006976
1030.7233999919845
1016.4745999936713
1005.5562000052305
998.0845999962185
1058.7118999974336
993.2106000051135
997.0843999908539
987.560300010955
987.9883000103291
1031.9253000052413
980.2545999991708
978.6636000062572
981.9767000008142
1009.8559000034584
1044.8281999997562
990.461299996241
981.7955000034999
985.018699997454
985.2225000067847
1042.2481999994488
983.945500003756
981.9096999999601
973.7267000018619
967.6456000015605
1029.9362999940058
966.2098999979207
962.6473000098485
965.7513999991352
957.738099998096
1016.3553000020329
959.4987000018591
977.390900006867
967.1030000026803
968.2753999950364
1006.3273000123445
993.653199999244
961.260999989463
972.5793999969028
973.3259000058752
1029.1729000018677
966.6470999945886
991.6269999957876
971.5219999925466
972.4267999990843
1027.414800002589
1003.5873999877367
973.1248000025516
970.3720999968937
973.0683000088902
1028.268100009882
970.2781999949366
1011.4936000027228
986.9560999941314
967.615499990643
1048.0945000017527
969.513600008213
1023.2904000004055
993.0979000055231
972.7493999962462
1034.3646999972407
975.2015999983996
981.5874999912921
961.3715999876149
971.5645999967819
1025.89689999877
972.7310999878682
973.8072000036482
968.4852000063984
963.7681000021985
1024.088699996355
1000.3819999983534
965.0366000132635
959.3358999991324
956.1830000020564
1016.7751999979373
947.9336000076728
948.4929000027478
964.6668000059435
987.2257000097306
1032.4141000019154
956.6005000087898
952.9603999981191
959.1003999958048
956.724799994845
1016.269799991278
957.160499994643
959.7828999976628
956.6147000005003
959.3944000080228
1013.5097000020323
955.8198000013363
952.2675000043819
959.5047000038903
957.2983999969438
1013.1442999991123
957.1467000059783
956.154500003322
950.7683999981964
950.5166000017198
1024.6587000001455
951.868200005265
953.6514999927022
946.690500000841
929.3638000090141
1008.7292999960482
942.7032999956282
943.9467000047443
951.8105000024661
948.7684000050649
1015.3885000036098
941.2244999984978
947.3003000020981
943.2703999918886
951.3163999945391
1016.192900002352
939.7902000055183
964.5331000065198
952.6699999987613
947.4441000056686
1008.2496000104584
952.2578000032809
953.9044999983162
952.7168999920832
957.7351999905659
1007.2409999993397
948.132200006512
949.8939000040991
943.6006000032648
947.7294999960577
1001.1536000092747
947.7654000074835
941.1409000022104
970.6784000009065
962.2779000055743
1010.4202999937115
949.459499999648
948.9351999945939
928.6041999876034
948.935899999924
1003.144300004351
965.3242999920622
945.7313999882899
942.8766000055475
938.3193999965442
999.0394999913406
938.3062999986578
936.5160000015749
936.6654000041308
974.9158999911742
1006.240800008527
935.4910000110976
931.6651999979513
933.2566999946721
933.1138999987161
985.7188999885693
928.5694999998668
922.9538000072353
928.6342999985209
911.7807000002358
973.4920000046259
946.7187999980524
906.1221000010846
918.122899995069
923.5843000060413
992.9927000048338
929.1604000027291
911.8562999938149
910.6689000036567
914.9521000072127
971.190199998091
907.5104999938048
909.281700005522
931.9430000032298
910.3440000035334
973.5836000036215
890.7462000061059
916.8912000022829
912.9381999955513
919.4919000001391
954.2702999897301
917.3424000036903
915.1803999993717
915.1717000058852
905.6241000071168
964.6804999938468
914.9497000034899
902.6024000049802
912.2900999936974
905.3038999991259
958.7350999936461
897.3575999989407
876.6881000046851
897.1721000125399
890.2589999925112
952.0067999983439
902.0026000071084
931.3981000013882
893.3493999938946
900.9028000000399
964.7973999963142
910.9394999977667
905.1368000073126
905.3419999981998
906.2123000039719
976.5115999907721
906.9492999988142
910.9236000076635
952.716200001305
921.6466999932891
963.7591999926371
974.6213999897009
902.2868000029121
882.3010000050999
899.3747000058647
948.6189999879571
887.8579000011086
881.929900002433
900.2438000024995
899.8439999995753
941.3777000008849
886.199000000488
884.2588000115938
910.0994000036735
867.4759000132326
943.6989999958314
884.8279000085313
879.3834000098286
895.2883000019938
881.1346999864327
940.0340999854961
889.9635999987368
929.4312999991234
906.3663999986602
886.5759999898728
943.8793000008445
884.2102000053274
891.5394999930868
886.956399990595
890.5870000016876
934.052900003735
911.6489000007277
876.831100002164
876.3608000008389
875.3246999986004
910.8429999905638
901.9721999939065
927.9001999966567
875.1144999987446
878.1595000036759
965.0948999915272
853.8294000027236
873.739899994689
877.0622999873012
878.3445000008214
935.0974000117276
882.9257000033977
888.159900001483
938.0792000010842
891.8387000012444
948.8200999912806
878.4649000008358
879.7151000035228
899.4010000023991
900.6882999965455
950.0637000019196
929.5971999963513
901.4426999929128
888.9654000086011
871.1793999973452
944.3000000028405
880.5580999905942
869.6542999969097
891.0652000049595
897.2439999924973
949.9899999937043
876.965300005395
881.6990000050282
876.7292999982601
879.8506000021007
933.6418000020785
866.9941999978619
885.0525000016205
878.828999993857
875.9045000042534
924.4494000013219
881.2111000006553
879.153599991696
891.6439000022365
881.3668000075268
904.6643000037875
892.0357000024524
909.4271999929333
874.2459999921266
916.4429999946151
933.5102000040933
896.7151999968337
901.5704000048572
874.1525000077672
872.6526999962516
929.9596000055317
878.3184999920195
876.2809000036214
879.9572999996599
879.4372999982443
938.8387999933911
857.8424000006635
870.6882999977097
926.3284000044223
842.5233000016306
919.1347999876598
865.2253999898676
897.4993000010727
867.1372999961022
858.2640999957221
915.2820000017527
857.2140999895055
859.6420000103535
857.1503999992274
857.5178000028245
923.2606000005035
848.8823000079719
865.3254999953788
863.7713000061922
860.471799998777
918.7390000006417
881.3031000026967
873.6441000073683
850.1713000005111
859.0011000051163
914.1794000024674
863.3457999967504
843.5904999932973
861.3387999939732
865.1626000064425
915.0429000001168
866.7397999961395
893.6571000085678
865.5150000122376
865.1294000010239
921.3144000095781
857.5750000018161
874.4063000049209
857.9167999996571
896.4685999962967
922.7105000027223
859.5447999978205
901.297299991711
863.7250000028871
848.4787000052165
905.3931999951601
837.8591000073357
834.0491999988444
834.7613000078127
835.6357000011485
870.2958999929251
834.0993000019807
832.9491000040434
836.3004999991972
821.7020000010962
897.9619000019738
836.7718999943463
841.5118999982951
839.1262999939499
839.9668000056408
894.0031999954954
842.1480000106385
839.538399988669
839.8841999878641
847.9039000085322
879.9609999987297
826.380300000892
851.708400005009
825.5365999939386
857.8081000014208
908.6338999914005
869.3562999978894
848.1893999996828
833.1471999990754
833.331800007727
868.2050999923376
812.9154999915045
827.6984999974957
823.4496999939438
825.9149999939837
882.2913000039989
803.1158999947365
818.1239999976242
820.4356000060216
821.7137000028742
884.125300013693
822.6645999966422
837.1512000012444
807.4025999958394
822.5678999879165
873.7836999935098
813.575199994375
805.6777000019792
820.035500000813
820.4599000018789
867.9877999966266
806.1761999997543
808.0235999950673
815.5073999951128
823.968300013803
866.0288999963086
799.0884000028018
835.426899997401
816.150699989521
813.4966000070563
868.6013999977149
821.875399997225
811.5936999965925
792.6866000052541
811.0490000108257
863.508800001
814.0751000028104
844.0664999943692
843.1773999909637
833.4469999972498
887.2244999947725
803.5520000121323
814.8514999920735
815.6618000066373
810.0174999999581
912.1386000042548
809.9466999992728
804.4789999985369
835.6061000085901
804.7742999915499
865.6738000136102
807.3806000029435
809.115700001712
809.0264000056777
809.6434000035515
863.7092999997549
800.8588999946369
804.4525000004796
806.3244999939343
807.3920999886468
866.9496000075014
809.3697000003885
800.950599994394
804.3392000108724
808.4947999886936
860.5220000026748
802.9653999983566
803.5909000027459
809.2201999970712
799.3551999970805
862.3139999981504
780.5763999931514
810.6163000047673
788.6675000045216
787.4460999883013
832.6003000111086
791.4022000040859
792.539999994915
794.7115999995731
821.6237999877194
862.535400010529
789.183500004583
783.1964000070002
789.4656999997096
788.03580001113
861.2097000004724
792.8198000008706
787.5684000027832
831.9151000032434
789.7506999870529
842.5010000064503
779.5263000007253
786.8450999958441
787.0002000126988
791.3910999923246
853.4714999987045
810.4794999962905
793.5178000043379
792.921899992507
815.3693000058411
857.4212999956217
800.5616000009468
799.5929000026081
800.9865999920294
799.4061000063084
862.0202000020072
823.3306000038283
783.0584999901475
799.7637999942526
801.1100000003353
852.7428999950644
816.187299991725
816.3165000005392
843.2155999907991
823.6778999998933
865.9531000012066
796.9295999937458
816.517200000817
799.2455000057817
784.725100005744
854.3136999942362
803.5418000072241
801.6229999921052
795.6758000073023
798.2942000089679
853.9569999993546
794.8888999962946
796.3479999889387
796.2444000004325
783.983100001933
850.4773000022396
792.3340999986976
783.7170000129845
827.852599992184
784.3966000073124
835.4249999974854
782.2293999925023
780.7318000122905
781.8464000010863
760.4473999963375
835.2066000079503
774.9488999979803
780.3936999989673
773.6445999908028
776.6316000052029
818.6336000071606
775.5438000021968
778.0472000013106
773.2367999997223
775.0151000072947
806.4264999993611
768.2052000018302
749.2545999994036
768.6085000023013
801.8130999989808
832.216700000572
772.3287000117125
770.908699996653
772.9115999973146
770.8677000046009
826.0038000007626
769.9862000008579
773.5054000077071
755.854700008058
773.3187999983784
813.2234999939101
783.1673000036972
780.6301999953575
770.2568999957293
765.153599990299
822.2780000069179
764.6878999948967
764.3836999923224
753.5743000044022
765.1344999903813
820.5338999978267
771.2431999971159
766.4096999942558
768.4485000063432
763.2174999889685
823.4483000123873
767.5744000007398
755.7978999975603
811.1560999968788
788.136699993629
804.4239000009838
772.3654000001261
754.0141000063159
770.2584999933606
767.6640999998199
828.3966000017244
768.0967999913264
764.0087000036146
767.5398999999743
768.8370999967447
816.3351000112016
742.8911000024527
738.7786000035703
737.9845999967074
755.4444999987027
811.7309999943245
762.5406000006478
757.0204999938142
750.2824000112014
748.1810000026599
805.9456000046339
760.9793999872636
760.7327000005171
759.8182999936398
757.3903000011342
811.8113999953493
794.2544999968959
763.1374999909895
757.4574000027496
757.9884000006132
811.4704999898095
797.4355000042124
769.5231000107015
768.8669000053778
760.4378999967594
812.1124000026612
766.1693999980344
788.9392000070075
751.4100999978837
772.9084000020521
813.7294999905862
771.4208999968832
801.3260000006994
771.4975999988383
760.3282000054605
813.902900001267
760.6522999994922
767.868199996883
776.311399997212
824.1936999984318
827.7825999975903
797.4256000015885
746.1025999946287
743.0253000056837
802.0389000012074
874.2170000041369
784.8832000017865
758.0902999907266
750.8374999888474
769.002899993211
813.0534999945667
785.8195000007981
751.9421000033617
754.6759000106249
752.6655999972718
816.9617999956245
753.280499993707
759.2069999955129
752.3878999927547
748.3655999967596
803.5588000057032
745.2856000018073
745.4580000048736
745.6817000056617
742.85900000541
835.7878999959212
769.9757000082172
752.8811999945901
738.4909000102198
736.7689999955473
792.0821000006981
736.9726000033552
733.7268999981461
736.4956999954302
726.0865999996895
828.993500006618
734.714599995641
770.818999997573
747.3056000017095
742.0531999960076
793.5321999975713
737.544000003254
712.5144000019645
725.8377999969525
743.4830999991391
779.3925999867497
732.9431999969529
723.0488999921363
726.408900009119
728.32660000131
782.6717999996617
720.6494999991264
740.078300004825
766.1622999876272
731.5775000024587
798.5087999986717
767.337099998258
711.8779000011273
730.1592999865534
733.3901999954833
804.3744000024162
728.01829999662
726.5932000009343
729.1781000094488
727.1590000018477
779.3564000021433
725.0779999885708
724.3191999878036
719.4029000092996
722.0776000031037
767.1994000120321
719.4156000041403
714.0347000095062
719.8904999968363
715.0506000034511
768.8197999959812
694.0800999873318
720.3242999967188
707.3612999956822
699.1247999976622
764.6647999936249
709.3209000013303
708.5922999976901
690.5499999993481
707.4469999934081
765.1273999945261
710.1253000000725
709.9788000050467
716.7249000049196
713.9824000041699
764.0104000020074
705.3474999993341
696.9716000021435
713.1698000011966
706.2253000040073
762.43109999632
704.4376000121702
702.0099999936065
700.2008999988902
702.4616999988211
753.464300010819
702.6776000129757
704.4203000114067
682.3750999901677
701.6482999897562
757.4114999879384
707.1731999894837
703.5821000026772
767.1029000048293
702.536600001622
758.3773999940604
706.598100005067
701.2179000012111
707.5678000110202
727.3789000028046
758.2230999978492
757.0288999995682
743.8858000095934
701.4263000019128
703.8765000033891
755.8085999917239
702.4212000105763
703.6974999937229
705.5219000030775
703.8750000065193
736.5312000038102
701.0344000009354
699.9800000048708
732.3643999989145
686.3297000090824
756.7161999904783
710.0190000055591
700.671800004784
707.1301999967545
701.9830000062939
756.6149000049336
700.7752999925287
696.9131999940146
700.2841000066837
700.9393000043929
788.7898000044515
698.6732000077609
694.7463999968022
694.9474000139162
708.9845000009518
749.7256999922683
690.8829000021797
668.5837999975774
688.0780000064988
688.6908000014955
744.3525999988196
684.6389999991516
683.4314000006998
688.8648000021931
715.7472999970196
761.5226999914739
696.863699995447
696.1356999963755
693.1008999963524
693.116900001769
750.7316000119317
693.0878999992274
689.820100000361
692.2486999974353
690.7542999979341
745.4771999910008
692.4253999895882
697.1870999987004
695.1387000008253
695.7196000003023
722.1941000025254
718.7608999956865
692.9584000026807
685.3516000119271
662.1476000000257
743.8009000034072
668.8835000095423
699.829300006968
689.9852999922587
682.758000009926
738.1307000032393
684.3210000079125
683.2759999961127
659.7265000018524
683.2881000009365
748.745200005942
701.4683000015793
688.3487000013702
663.0149999982677
686.5634999994654
736.1289999971632
679.1786999965552
682.3869000072591
695.5282000126317
715.4149999987567
758.527400001185
696.0819999949308
691.7168999934802
681.2897999916459
677.4206999980379
729.2914999998175
686.9371999928262
683.4949000040069
675.6587999989279
678.4259999985807
711.6663000051631
675.2338000078453
673.8203999993857
672.3993000050541
675.3293999936432
743.5944000026211
679.7224000038113
653.6020000057761
674.709900005837
681.231900001876
792.0464000053471
703.1380999978865
673.539499999606
643.3113000093726
666.4567999978317
722.084699998959
665.4312000027858
662.143699999433
659.2122000001837
666.5627000038512
777.5621000037063
675.8533999964129
658.5276999976486
654.4939000013983
654.4445000035921
711.7144999938319
672.8197000047658
657.4732000008225
661.4251999999397
656.6896000003908
693.2410999870626
655.4313999949954
694.0421000035712
655.7044999935897
672.21660001087
782.5695000065025
649.0632000059122
656.8541999877198
663.99879999517
655.9131999965757
732.3299999989104
656.4423000090756
656.2274000025354
656.5633999998681
654.1933999978937
706.515899990336
657.401700009359
637.7859999920474
650.8945999958087
664.181500003906
710.2082000055816
679.9309000052745
658.2193999929586
663.3839999994962
648.732600006042
698.3862000051886
652.9767000029096
640.6061999878148
652.5744000100531
660.573100001784
709.2009000043618
653.0326999927638
663.5967999900458
647.5174999941373
654.3602000019746
707.4511999962851
636.2799000053201
632.7180999942357
640.5914000060875
639.6512000064831
677.7674000040861
642.1578000008594
640.6625999952666
644.4240000128048
640.9730999876047
692.1105999936117
640.3256999910809
648.2324999960838
639.5626000012271
643.3952000079444
691.4107000047807
641.1307999951532
639.3729999981588
639.3664999923203
642.0862000086345
694.8868999897968
644.1618999961065
645.1258000015514
640.3737999935402
647.3052999936044
701.3462000031723
645.4266999935498
646.4109000080498
648.3239000081085
642.2329999913927
695.2798999991501
638.2354999950621
639.0901999984635
640.0922000029823
643.6538999987533
702.6526999979978
696.2441000068793
668.17250000895
648.9157000032719
644.1071000008378
710.7020999974338
644.413900008658
649.0631000051508
683.4610000078101
668.4445999999298
707.9140999994706
635.9460999956354
636.6485000035027
636.0603000066476
632.6690999994753
722.1844000014244
651.8732999975327
665.9089000022504
685.0373000052059
645.1468000013847
700.9966000041459
647.2329000098398
637.0028000092134
630.2979000029154
643.7889999942854
729.0021999942837
686.9996000023093
665.2992000017548
641.5600999898743
636.3081000017701
703.2361000019591
668.3550000016112
644.6665000112262
639.6128999913344
638.7965999892913
691.273699994781
638.5580000060145
640.5241000029491
645.2216000034241
638.6044999962905
692.9085000010673
638.9748000074178
651.3095999980578
649.8148999962723
627.52019999607
695.4277999902843
647.6038999971934
636.5427000127966
662.3172999970848
678.7686000025133
731.9658999913372
613.4432000108063
632.8575000079582
630.8123999915551
628.9847000007285
677.2559999953955
628.9632999978494
609.4755999947665
630.1920000114478
633.7440000061179
684.0961999987485
633.0949000112014
638.1126000051154
632.3956999985967
641.8811000039568
692.2418999893125
643.5906999977306
642.3757000011392
641.9687000015983
664.5438999985345
694.5102000026964
651.765600006911
641.5450000058627
638.0965999996988
644.5252999983495
695.4219000035664
643.3600000018487
627.229100005934
642.0016000047326
646.4062000013655
714.2688000021735
640.3054999973392
645.3657999954885
650.6193999957759
640.3620000055525
674.7880000039004
665.7231999997748
638.803599998937
636.3471999939065
640.3684999968391
691.286899993429
628.3353999897372
612.5962999940384
646.5484000073047
629.5664999925066
706.2791000062134
633.4952000033809
639.2912000010256
632.783399996697
628.7133999867365
685.4305999877397
624.1836999979569
634.412200000952
629.8007000004873
647.1777999977348
739.3978999898536
638.9023000083398
637.1117999951821
636.8331999983639
643.926199991256
687.6416000013705
625.5822999955853
616.9727999949828
646.9872999878135
619.9093999894103
680.9764999925392
624.5881999930134
622.8887000033865
626.7637999990257
623.2501000049524
698.5381999984384
638.8703999982681
613.6435000080382
651.7712999921059
629.6659999934491
681.5917999920202
605.9946000023047
642.3734999989392
621.5240000019548
624.0757999912603
678.5869000013918
617.3688999988372
617.0770000026096
617.7967999974499
671.9214999902761
671.784000005573
628.1229000014719
597.8871999977855
618.3125999959884
622.2890000062762
674.601699996856
628.8013000012143
625.9598000033293
624.0174000122352
609.5891000004485
677.3045000009006
629.6383000008063
628.2808000105433
630.3957000054652
616.9573999941349
715.2059999934863
647.5286000058986
642.4017999961507
629.7420999908354
628.2235999969998
727.5325999944471
630.9378000005381
627.1120000019437
642.9834000009578
629.6053999976721
687.096499998006
628.3684000081848
632.9655000008643
651.948500002618
631.6775000013877
663.4066999977222
629.7419000038644
629.8137999983737
626.7393000016455
625.3045999910682
677.072100006626
627.2839000012027
625.5144000024302
642.9635000095004
615.1859000092372
680.5042000050889
650.546699995175
642.4593000119785
607.7138000109699
650.1969999953872
698.4993999940343
645.3380000020843
629.7500999935437
609.422599998652
626.0367999930168
675.7673999964027
607.8766999999061
619.8314999928698
617.6945000042906
623.2415999984369
675.6071999989217
625.5461999971885
626.6986999980872
624.3781000084709
636.2139999982901
672.7922999998555
621.971599990502
620.5151000031037
619.5529000106035
624.5490000001155
675.5952999956207
601.6453999909572
623.97330001113
612.2568999999203
632.6284000097075
673.1370000052266
623.8910000101896
619.8906000063289
616.8714000086766
616.4507000066806
675.5894999951124
615.2793999935966
600.5115000007208
618.473599999561
614.3143999943277
651.8216999975266
617.3903000017162
592.2567999950843
621.5378000051714
593.8915000006091
662.3547000053804
610.0086999940686
610.4536000057124
608.1078999995952
593.7171999976272
666.681199989398
609.7829999926034
610.13329999696
599.7197000106098
636.6405000007944
653.3773999981349
607.3811999958707
606.7508999985876
608.0596999963745
608.9382999925874
659.367200001725
605.5249000055483
606.5518999967026
604.7707999969134
603.1229999935022
640.352400005213
623.7461999990046
620.3709999972489
604.2620000080206
605.0227999949129
653.7134999962291
598.7635000055889
599.7100999957183
599.5713000011165
598.9550999947824
659.6545000065817
615.5127999954857
608.5278999962611
600.3674999956274
627.3062999971444
634.4390999875031
597.2765000042273
595.6386000034399
595.8488000032958
599.4560999970417
655.7652999908896
597.561799993855
594.097100009094
592.304099991452
589.0165000018897
649.737500003539
594.8237000120571
596.933299995726
595.2865999861388
596.7091000056826
651.7878999875393
592.7578999981051
568.820800006506
562.7957999968203
596.7958999972325
655.2620000002207
604.8423999891384
591.9398999976693
590.025900004548
592.6786000054562
650.3100999980234
594.1445000062231
577.3455000016838
594.3842999986373
593.3225999906426
644.0396000107285
591.6909000079613
602.7110000140965
593.4724999970058
595.2957999979844
650.3797999903327
594.9587000068277
596.7208999936702
574.2945999954827
604.6485999977449
645.8522999892011
594.0627000090899
601.298699999461
597.4285999982385
594.2100999964168
649.74209999491
595.3185999969719
596.3497999910032
599.0896000002977
598.0639000044903
649.0263000014238
603.2429999904707
602.2553000075277
597.3261000035563
598.7195999914547
654.2982000100892
600.9727000055136
597.9709999955958
602.8502999979537
603.6903999920469
678.3517000003485
604.301100000157
602.7705000014976
603.1197999982396
603.4074000053806
657.9839999903925
601.0460999968927
599.1977000085171
600.6239000125788
600.9651999920607
652.9528000100981
604.9249000061536
590.4600999929244
620.2577000076417
609.2123999987962
665.0882000103593
602.1840000030352
575.4089999973075
587.0750000030966
636.1076000030152
661.8625999981305
599.3132000003243
597.6389999996172
595.3493999986676
598.186600007466
649.3153000046732
596.9272999936948
595.5299999914132
578.0689000093844
612.5986999977613
664.1244000056759
597.3975000088103
597.3167000047397
600.0817000021925
600.3821000049356
652.6753999933135
599.0060999902198
599.0194999903906
578.2599999947706
595.6251999887172
675.9734999941429
602.776100000483
588.2354000059422
597.60589999496
601.1318000091705
652.1266999916406
598.1221999973059
602.6419999980135
593.8748000044143
632.2282999899471
685.6663999933517
601.6211999958614
597.8258999966783
597.5804999907268
600.4358999925898
659.8526000016136
618.5439999972004
591.6687999997521
589.8081999912392
592.4807999981567
647.7056000003358
592.2968999948353
590.9398999938276
592.8413000074215
578.5466999950586
644.0436999982921
592.6657000090927
597.100800005137
594.2245000042021
591.0297999944305
648.282800000743
590.061599999899
589.3892000021879
594.6911000064574
597.5710999919102
646.4857999962987
602.3546000069473
597.2643999994034
599.6108000108507
599.2288999987068
653.020199999446
585.5884999909904
587.8252999973483
618.9595999894664
599.31069999584
646.0316000011517
591.8758999905549
598.9681000064593
601.4278000075137
600.4834999912418
698.3244000002742
604.271999996854
596.6220999980578
639.3240000033984
610.9177000034833
658.754099989892
608.7830000033136
596.539300007862
613.6239000043133
608.896999998251
639.674100006232
590.761699990253
596.106900004088
603.2769000012195
602.5995000090916
655.0903000024846
602.955700000166
603.1827999977395
603.3478000026662
586.4000000001397
659.6584000071744
604.7384999983478
607.6465000078315
597.2539000067627
648.340100000496
702.5460000004387
622.7207000047201
577.7840000082506
601.1303999985103
602.3721999954432
650.7523999898694
579.3412999919383
612.1344999992289
604.4868000026327
594.8124999995343
645.4350999993039
595.4556000069715
592.5261999946088
595.679400008521
577.2241000086069
646.4575999998488
594.1208000003826
594.6709999989253
595.6044000049587
595.335799996974
648.7890999997035
577.7948000031756
593.9340000040829
591.9083999906434
594.0422999992734
636.3176000013482
601.3546000031056
597.9403999954229
598.7839000008535
593.3896000060486
648.3166999969399
579.7055000002729
597.3475000064354
598.9962000021478
605.1677000068594
649.944199991296
601.0415000055218
600.4677000019001
611.273100003018
607.9270999907749
659.1981000092346
612.2504000086337
610.9472999960417
607.5833999930182
613.9401999971597
657.501499998034
627.1247999975458
603.7493000039831
580.2487000037218
601.8829000095138
657.4416999937966
602.6455999963218
597.8835000132676
600.099000002956
601.2994999910006
638.1875000079162
605.352500002482
607.6080000057118
592.6436000008835
602.6967999932822
632.7011000103084
597.8388999938034
602.6535999990301
607.5639999908162
609.7792000073241
642.247399999178
608.8910999969812
607.2492999956012
604.0478999930201
603.720399987651
657.6505999983056
584.1772999992827
601.9612999953097
605.0455999939004
602.8036000061547
658.8727000053041
601.2871999992058
603.7592999928165
584.639699998661
601.4640999928815
684.7932999953628
590.7077000010759
618.8839999958873
607.6493000000482
581.4837000070838
647.9332000017166
595.195000001695
588.9407999929972
595.1889999996638
588.2339999952819
677.1913000120549
592.390300007537
593.4964000043692
596.8983999919146
594.2035000043688
640.6429999915417
588.5931000084383
584.1357000026619
590.1152000005823
588.9797999989241
648.519700000179
592.2755000065081
589.3167000031099
576.1273999960395
592.5769000023138
642.1339999942575
594.1925000079209
596.4327999972738
597.829800011823
587.6828999898862
653.0370999971638
575.5048999999417
593.5254999931203
598.0083999893395
594.736599989119
649.9848000094062
580.7510000013281
592.9994999896735
592.9783000028692
591.2815000046976
676.4162000035867
590.7730000035372
595.6085000070743
583.7139999930514
621.9812000053935
668.2223999960115
598.3226999960607
610.287800009246
593.2132000016281
593.5290000052191
644.8548999906052
590.6300000060583
605.5243000009796
591.0724999994272
591.8164999893634
645.1381000078982
598.1881999905454
589.9053000030108
570.7313000020804
588.4619999997085
642.2243999986676
572.5256000005174
594.4861999887507
594.1830999945523
592.8223000082653
623.4276000031969
591.5144000027794
588.7357000028715
588.2133000122849
585.4123999888543
660.268299994641
585.316700002295
583.4705000015674
586.5338000003248
586.5316999988863
638.479000001098
586.9939999975031
619.1965000034543
602.0757000078447
608.4387000009883
629.1146000003209
576.3966000085929
573.8113999977941
584.1922999970848
563.5882999922615
633.1192999932682
581.5077000006568
564.7062999923946
578.597700005048
580.9585000097286
635.9185000037542
581.1630999960471
579.1339999996126
583.7987999984762
566.5242000104627
618.0128000123659
592.3811999964528
584.892699989723
590.0246999954106
577.7363999950467
633.3291000046302
578.5366999916732
581.0067999991588
578.8358999998309
580.480600008741
659.5670000097016
583.0363999994006
583.7833999976283
580.3530999983195
576.9053999974858
629.5333999878494
578.4668000123929
614.5486000023084
622.6274000073317
584.8654000001261
618.8428000023123
584.1035999910673
581.2699999951292
558.8459999999031
576.5497999964282
640.1850999973249
574.6533000055933
554.879900009837
576.8991999939317
568.1655000080355
635.7145000074524
577.8143000061391
577.6305999897886
576.7574000055902
577.6495000027353
628.8358000019798
579.4556000037119
580.1836000027834
578.947199988761
580.1575999939814
640.7387999934144
581.7031000042334
594.7604999964824
575.0814999919385
581.0756999999285
649.0593000053195
576.4934000035282
589.5033999986481
603.4403999947244
588.6342000012519
634.9182999983896
587.4953000020469
563.6781999928644
580.4857999901287
583.7497999891639
638.2061000040267
584.2492999945534
582.0578999991994
576.4259999996284
581.2484999914886
630.3757999994559
574.154300004011
582.417900004657
575.2752999978838
606.7019000038272
617.6236000028439
585.4277000034926
591.9725999992806
601.1795999947935
636.9759000081103
659.2127999902004
580.6523000064772
585.711399995489
579.1290000051958
589.3865999969421
650.2007999952184
581.4376000053016
563.914799990016
580.8805000124266
581.5271000028588
630.660099996021
579.8254999972414
582.7785000001313
584.0163999964716
589.3896000052337
629.2281000060029
584.3481000047177
606.8794000020716
592.3195999930613
582.2867000097176
636.8396999896504
586.6506000020308
591.1151000036625
586.5600999968592
590.0977999990573
648.1472000014037
579.3074999965029
586.1282999976538
580.0094000005629
562.2124999936204
628.5911000013584
577.4729999975534
576.7517000058433
580.3372999944258
579.930299994885
627.320100000361
578.5437000013189
575.335699992138
574.2667000013171
574.9876999907428
661.8694000062533
582.1126000082586
573.0714999954216
574.4178000022657
573.2094999984838
627.9968000017107
565.8218000025954
579.0753000037512
593.9380000054371
585.99900000263
627.6108000020031
557.3388000047999
567.9402999958256
579.0923999884399
560.6712000007974
619.4097999978112
572.3646999977063
565.863800002262
566.1742999946
564.3331000028411
624.3167999928119
563.6210000084247
562.8086000069743
562.9105999978492
553.7119999935385
614.5323999953689
561.2914000084857
563.7799999967683
561.3619999930961
564.7585999977309
593.862400011858
560.917700000573
568.3545999927446
565.7522999972571
565.0120000063907
678.5022999974899
556.7459000012605
567.0627000072272
591.0539999895263
596.8253000028199
616.6255999996793
564.8596999963047
565.1156999956584
570.4002999991644
597.825599994394
610.395099996822
561.2012999918079
542.3868000070797
559.6461999957683
540.9279000014067
610.2458999957889
558.934800006682
559.0435999911278
572.4061000073561
555.1531999954022
609.8802000051364
575.5506999994395
556.3085999892792
564.8798999900464
559.1984000056982
613.9983000030043
560.0073000096017
561.3941000046907
542.3047000076622
559.5479000039632
616.6875000053551
561.8019999965327
561.7236999969464
558.1701000046451
557.936700002756
609.1434999980265
556.3342999957968
560.1304999872809
572.6909000077285
584.8087000049418
610.566999996081
558.9755999972112
555.6809999980032
556.3620000029914
554.6499000047334
607.1192000090377
556.5383999928599
555.53990000044
553.809299992281
566.1026000016136
598.8350000116043
555.8942000061506
551.3659999996889
553.558499988867
554.4523999997182
608.4128000074998
580.7518000074197
551.2926000083098
550.5143000045791
553.248900003382
609.6837999939453
537.8247999906307
555.0849999999627
540.91850000259
556.193099997472
608.8591000007
554.9831999960588
557.0287999871653
555.6614999950398
556.8904999963706
617.9172999982256
589.1231999994488
556.8313999974634
552.6109000056749
550.0770999933593
602.0299999945564
550.1374999876134
533.9751999999862
553.2332000002498
549.5376000035321
608.8129999989178
568.4296000108588
550.6840999878477
550.8546000055503
550.0810999947134
601.4966999937315
553.3702000102494
553.7697999970987
552.100499990047
548.8936000037938
603.1634999962989
547.1450999903027
527.6364000019385
551.2096000020392
548.1371999921976
600.5571999994572
570.2699999965262
550.726500005112
546.8627000082051
547.3322000034386
580.6605999969179
551.4687999966554
550.3422000037972
568.674900001497
559.3342000065604
601.2116999918362
525.9140999987721
527.6941999909468
526.5138999966439
527.4493000033544
575.8054000034463
525.6224000040675
548.9640000014333
551.5239000087604
548.5386999935145
601.0202999896137
550.6278000102611
549.1476000024704
531.0526999965077
551.5155999892158
606.8015999917407
548.6736000020755
541.6950000071665
547.5462000031257
547.7293000003556
601.8280999996932
545.0654000014765
526.940999989165
548.2642999995733
547.2299999964889
602.9672000004211
548.0816000053892
543.7914000067394
547.6890999998432
546.0212999896612
594.4134000019403
547.757400010596
543.0590999894775
545.545899993158
545.890800000052
601.9833000027575
531.9915000000037
552.2531000024173
551.4905000018189
554.4698000012431
603.5727999988012
553.0131999985315
549.8806000105105
551.7525000032037
550.7331999979215
600.6594000064069
553.0865999899106
554.8075000115205
554.557700001169
554.8668999981601
590.7775999949081
560.8157999959076
564.4413999980316
566.9058000057703
551.237100007711
605.4219999932684
549.4644999998854
546.5298000053735
543.4272999991663
545.874500006903
594.3217000021832
550.3087999968557
552.5047999981325
541.1037000012584
543.9543999964371
596.6937000048347
546.5087999909883
544.4112000113819
541.1152000015136
522.6975999976275
595.7305000047199
542.9621000075713
541.6911000065738
540.7411999913165
538.9894000109052
593.9786999952048
545.133599996916
543.4368999995058
541.30919999443
545.2744000067469
595.4363999917405
539.8113999981433
542.0059999887599
543.4356000041589
540.7078999996884
592.819999990752
541.4261000114493
541.2376999884145
520.2455000107875
537.2837999893818
591.9377999962308
539.4628000067314
540.3528999886476
541.5764000063064
540.2207000006456
604.5148999983212
536.4451999921585
543.0218000110472
539.5882000011625
538.7843999924371
570.250799995847
540.8662000118056
540.4830999905244
541.599899996072
539.1742000065278
592.1766000101343
542.46329999296
553.9431999932276
542.5560000003316
540.6813000008697
576.5649999957532
538.2310999993933
538.576799997827
540.3493999911007
537.0937999978196
586.0484000004362
536.6686000052141
534.6831000060774
527.5993999966886
541.6932999942219
589.6655999968061
537.5045999971917
536.5661999967415
543.7526000023354
540.2733999944758
613.0282999947667
553.6012999946252
558.3207000017865
554.281800010358
566.7824999982258
614.3933999992441
543.8525000063237
538.8420000090264
541.9170999957714
547.4199000018416
594.0188999957172
539.1009000013582
542.1237999980804
541.9836000073701
542.5325000105659
592.7067000011448
540.5011000111699
541.5204000019003
541.8933000037214
537.9814999905648
594.9304999958258
551.7103000020143
538.973899994744
543.3455999882426
542.6189999998314
596.0045000101672
544.349300005706
543.1425999995554
537.8690999932587
586.0873000056017
623.6353999993298
562.4461999977939
556.0820999962743
539.2596000019694
541.4560999925015
590.4163999948651
533.3268999966094
540.1842999999644
536.3257999997586
537.8716999985045
593.6650999938138
517.1762000099989
536.4234000007855
535.9367000055499
536.9605000014417
592.9357999993954
536.1948999925517
537.3672999994596
538.5030999896117
534.6059999865247
599.886099997093
547.8885999909835
560.2658999996493
571.0225000075297
555.6237999990117
610.294400001294
536.1968000070192
538.9908000070136
536.2965000094846
533.6632999969879
585.0053999893134
536.4253000007011
514.8221999988891
534.6680999937234
530.7882000051904
587.2819000069285
535.5184999934863
531.5244000084931
530.9620999905746
529.884099989431
583.634800001164
527.9862000024877
523.6481000029016
525.3558000113117
528.1375999911688
582.1908000070835
527.1947000001092
525.5389000085415
526.896499999566
529.1918000002624
577.5969000096666
532.7625999925658
526.87159999914
531.4683000033256
530.0340999965556
585.1298000052338
532.4610999959987
531.2394000065979
533.2492000015918
534.9138000019593
565.6377999985125
548.5481999930926
535.8935000112979
531.547499995213
531.5025999880163
586.7145999945933
561.2038000108441
565.8448000031058
533.0138999997871
533.5901000071317
585.3677999984939
533.4905000054277
533.4476999996696
538.1941999949049
516.4717000006931
587.7767000056338
536.4619000029052
534.7117000055732
534.8140999994939
535.0402000040049
586.0212000116007
529.2518999922322
513.1256000022404
531.5503000019817
533.3814000041457
582.1022000018274
514.0092000074219
530.1489000121364
530.3745999990497
528.3994000055827
582.5831999973161
527.5316000042949
526.5670999942813
524.759299994912
526.5985000005458
578.6462999967625
526.7992000008235
529.8727000044892
526.7896000004839
525.0976999959676
578.3513999922434
527.3836999986088
519.3557000020519
525.3501999977743
521.8779999995604
561.8685999943409
519.5019000093453
522.2185000020545
516.9113000010839
518.7244999979157
575.5121999973198
522.0906000031391
500.70820000837557
518.9741999929538
519.5830000011483
569.0183999977307
528.9935000037076
551.4208000095095
530.2939000102924
523.8497999962419
586.7288000008557
518.0217000015546
520.3892999998061
517.6593000069261
517.9386000090744
554.8683999950299
522.2112999908859
521.1228000116535
523.7787999940338
540.1536999997916
580.650699994294
530.0648999982513
520.8337999938522
522.3246999958064
517.8277999948477
576.24300000316
522.5690000079339
521.7935999971814
540.917599995737
521.7862999998033
576.1956000060309
517.4248999974225
526.7053999996278
539.2807000025641
543.3025999955134
608.6127999878954
533.8348000077531
518.0989999935264
504.30580000102054
518.5894000023836
577.207800000906
522.9333000024781
519.0413999953307
547.0916000049328
535.918199995649
566.9062999950256
515.6597000022884
517.5441000028513
520.3469999978552
516.5133999980753
561.0239000088768
513.8239999942016
516.1331999988761
516.8988999939756
518.3633999986341
568.0936999997357
517.7758000063477
518.7637999915751
499.7882000025129
518.8076000049477
570.8299000107218
518.8118000078248
519.6796999953222
516.1322000058135
517.4056999967434
568.4640999970725
515.201199988951
514.8543999966932
517.0262000028742
494.4197000004351
563.220399999409
515.2300999907311
525.3731000120752
529.3372000014642
515.4679999977816
563.9837999915471
515.2178999996977
513.1604999914998
512.4611999926856
515.3778999956558
561.884500013548
512.3774999956368
512.837500005844
512.7611999923829
510.0133999949321
569.2416000092635
507.8558000095654
535.5063000024529
514.0914000076009
513.4046000021044
563.7187000102131
516.0728999908315
513.2446000061464
514.2875000019558
493.1290000095032
568.1734999961918
510.32699999632314
519.2402999964543
491.5093000017805
509.8541000043042
562.3210000048857
487.30090000026394
504.9530000105733
506.718999997247
499.2853000003379
559.3846999981906
506.47740000567865
502.313500008313
505.6793999974616
490.40890000469517
555.1502000016626
504.2828000005102
505.02209999831393
508.9480999886291
510.02850000804756
545.1038999890443
509.0158999955747
507.02479999745265
491.0133999946993
506.61650000256486
555.7905999885406
504.0271999896504
520.1575000101002
502.81800000811927
504.36140000238083
556.1251000035554
502.58149999717716
503.30560001020785
502.31039999925997
519.1742000024533
578.7042000010842
496.3061000016751
506.98789999296423
507.77490000473335
507.70629999169614
558.4578999987571
500.9758999949554
504.2147000058321
504.9754999927245
502.96610000077635
534.0820999990683
504.13750000006985
506.6260999883525
513.9667000039481
514.6550999925239
560.4659000091488
498.5434000118403
501.9222999981139
499.04809999861754
501.74549999064766
545.9611999976914
465.2462999947602
513.3506999991369
516.9087999965996
521.4590999967186
559.3289999960689
487.1293999894988
502.25779999163933
490.14390000957064
502.86180000694003
556.0672999999952
504.25290000566747
505.5004000023473
504.73950000014156
482.8554000123404
558.7964000005741
504.6530999970855
505.19640000129584
506.53060000331607
517.5451999966754
576.5650999965146
503.7293000059435
503.28049999370705
498.42389998957515
498.79450000298675
548.3574999962002
497.5775000057183
498.472799998126
508.24129999091383
477.4969999998575
550.5260000063572
499.4481000030646
526.6069000062998
541.4005999919027
516.5504999895347
549.1384999913862
498.7624999921536
499.24980000650976
499.40059999062214
503.7953999999445
560.250200011069
505.42530001257546
506.0717000014847
505.0572000036482
504.5701999915764
558.5903000028338
505.96110000333283
505.83489998825826
502.75970000075176
540.8141999942018
577.4031000037212
505.83320000441745
503.7015000125393
504.8084000009112
488.414899999043
558.57159999141
509.6929999999702
510.9973000071477
507.91169999865815
508.801100004348
562.1800000080839
493.0566999973962
511.06820000859443
510.3748999972595
513.9028999983566
568.6636999889743
513.8958000025013
493.7546000001021
508.63009999739006
510.3203000035137
559.6052999899257
517.5844000041252
504.40900000103284
502.9200000135461
505.28070000291336
555.9012000012444
505.88080000306945
522.032599998056
511.0939000005601
513.195799998357
559.7373000055086
506.3419999933103
504.64389999979176
505.8575999864843
506.40159999602474
552.2801000042818
501.89439998939633
502.79630000295583
506.4276999910362
501.3652000052389
549.4929999986198
495.937400002731
495.35510000714567
496.4336000120966
494.3370999972103
550.9290999907535
495.83200000051875
503.4003000037046
495.72429999534506
499.3362000095658
551.4304999960586
482.03600000124425
504.5183000038378
507.2887999995146
510.9710999968229
541.8986000004224
461.7374999943422
484.89200000767596
489.8008000018308
489.0954000002239
541.4088999968953
489.2236000014236
490.9052999864798
490.64780000480823
489.5701000059489
537.9529000056209
487.5642999977572
487.88209998747334
488.2938000082504
484.4893999979831
536.4438999968115
486.42800000379793
481.596499987063
481.6057999996701
484.78070000419393
534.203899995191
480.36640000646
483.3700000017416
487.07489999651443
486.15670000435784
534.5565999887185
484.8414999869419
482.44059999706224
481.92370000469964
462.33619999838993
532.7931999927387
482.0259999978589
482.054899999639
480.45300001103897
482.1899999951711
534.6930999949109
484.75109999708366
487.2410999960266
484.7765000013169
483.1719000067096
536.3969000027282
480.9055000077933
483.70949999662116
482.9721999994945
474.37640000134706
535.68259999156
483.4890999918571
486.8429000052856
485.757399990689
487.8510999988066
537.4289000028512
481.4339000004111
485.0245999987237
485.26590000255965
483.79120000754483
532.5267000007443
467.2643999947468
480.3267999959644
484.9490000051446
480.287500002305
532.0233999955235
477.5462000106927
474.89739999582525
475.1011999906041
479.4313000020338
568.0470999941463
470.1353999989806
475.66229999938514
482.09760000463575
479.1950000071665
528.1358000065666
481.14810000697616
480.66370000015013
476.0783999954583
479.27480000362266
527.0027000078699
483.5088999971049
475.06530000828207
477.65280000749044
498.2237999938661
542.2697000030894
487.00679998728447
477.5465999991866
477.6170999975875
475.9669000050053
527.4532000039471
480.0686999951722
480.6630000093719
479.3829999980517
479.4133000104921
527.3099000041839
479.51229999307543
480.6449000025168
479.17160000361037
477.2733999998309
527.3501999909058
489.8573000100441
475.0826999952551
476.0028000018792
476.177499993355
523.8437999942107
476.5446000092197
472.14729999541305
473.5841000074288
473.2320999901276
522.2762999910628
453.71099999465514
470.8862000115914
454.3499999999767
473.00160001032054
520.176400008495
470.9368000039831
474.3531999993138
454.5920000091428
472.6647000061348
502.2222999978112
470.2255000011064
473.3818000095198
471.26639999623876
472.8700999985449
519.6142000058899
469.97160000319127
468.7511999945855
467.4328999972204
465.6620000023395
515.6669999996666
468.90870000061113
467.77750000183005
465.0037999963388
465.29629999713507
518.8797000009799
465.93120000034105
469.6048000041628
467.8018999984488
469.94700000504963
516.2758999940706
472.0235999993747
451.77690000855364
471.3715000107186
469.9714999878779
518.479300008039
467.78880000056233
449.79630000307225
471.7891000036616
466.89599999808706
522.164399997564
454.0906000038376
465.1612999878125
463.6073000001488
471.6036999889184
517.1311000012793
486.40769999474287
467.4566000030609
469.86960001231637
467.09109999937937
515.4326999909244
463.65720000176225
464.7277000040049
459.3929999973625
466.03419999883045
513.0443000089144
466.504600000917
465.8488999994006
475.8122000057483
451.1837000027299
516.7835000029299
470.522700008587
464.6589000039967
480.85900000296533
480.25069999857806
542.3561000061454
468.617999998969
456.10799999849405
468.7504000030458
469.281099998625
545.2255999989575
485.89470000297297
466.79479999875184
469.9877999955788
451.0078000021167
517.2291999915615
464.73300000070594
464.9522999970941
465.93920000304934
460.49219999986235
515.6538000010187
447.8716000012355
467.3307999910321
467.33460000541527
466.129100008402
514.3470000039088
467.4096999951871
462.9739000083646
463.4297000011429
463.8483000017004
512.4408999981824
461.9195999985095
466.5829000005033
462.38899999298155
465.7407000049716
517.7081000001635
464.4351999886567
465.129700009129
466.2471000046935
446.42340000427794
515.3479000000516
466.4189000031911
467.5052999955369
467.90770000370685
466.28819999750704
517.5178999925265
465.43159999419004
466.58429999661166
464.9774999998044
470.20519999205135
517.1331000019563
470.7114000048023
467.83519999007694
479.92969999904744
449.8025999928359
519.6151999989524
467.9107000119984
484.6345000114525
497.20879999222234
487.14850000396837
515.2880000096047
468.97200000239536
467.51199998834636
449.7775000054389
465.91820000321604
518.6506999889389
469.0948000061326
471.1511000059545
471.08440000738483
450.0828000018373
517.8525999945123
467.959300003713
449.96420000097714
470.2009000029648
470.93199999653734
514.7168999974383
460.7185000058962
467.27340000506956
466.7833999992581
466.9294999912381
514.9625000049127
463.15309999044985
466.9051999953808
475.4300999920815
475.01910000573844
525.1856000104453
461.7600999918068
464.68689999892376
461.6723999934038
462.03830000013113
512.2004000004381
464.73389999300707
463.7764000071911
463.7319000030402
460.0637999974424
495.9251999971457
441.7867000011029
470.33890000602696
460.81399999093264
464.0116000082344
514.769300003536
459.9830000079237
484.1087999957381
487.34460001287516
496.93190000834875
553.235900006257
463.36959999462124
443.38739999511745
461.42029999464285
461.35599999979604
506.82270000106655
443.1361000024481
470.2878999960376
473.39020000072196
436.6248000005726
521.199599999818
461.17329999106005
458.5664999904111
454.12759999453556
459.8117999994429
507.72959999449085
458.44539999961853
460.20539999881294
458.5421000083443
457.0084000006318
507.3716999904718
459.7790999978315
460.5241999961436
457.6702999911504
443.74750000133645
506.7085000046063
459.0544999955455
455.4770999966422
458.5709999955725
459.7543000127189
509.3042999942554
467.6896000019042
458.22749999933876
458.21369999612216
462.0522000041092
515.3163999930257
455.4762000043411
456.1264000076335
445.9579999966081
454.22869999310933
502.5279999972554
456.03940000000875
450.96109999576584
455.31309999933
453.9226999913808
526.5880000079051
490.2550999977393
466.8225000059465
488.93199999292847
471.8341999978293
500.54580000869464
452.7910000033444
452.0371999969939
451.6041999886511
455.2659000037238
492.5867999991169
442.74810000206344
442.4746000004234
475.6915000034496
451.07789999747183
501.57899998885114
456.99349998903926
460.90609999373555
455.32599999569356
444.73040000593755
493.36350000521634
462.0437999983551
468.3318000024883
449.84020000265446
461.34289998735767
491.0144999885233
448.753199991188
447.3115000000689
446.3943000009749
445.83940001029987
494.3316999997478
426.86949999188073
447.9995999863604
430.3107000014279
440.54330000653863
492.6040999998804
442.6843999972334
442.7265999984229
440.6511999986833
448.3909999980824
493.47560000023805
427.5015000021085
446.35670000570826
427.6741000066977
452.24669999151956
499.3186999927275
447.3770000040531
444.3436000001384
448.07030000083614
447.51260000339244
495.77129998942837
445.9899000066798
446.85459999891464
449.26579999446403
447.20319999032654
489.54299998877104
444.55730001209304
445.3813000000082
444.41419999930076
444.7329000104219
493.67460000212304
445.99490000109654
445.40900000720285
439.31780000275467
439.74070000695065
488.40519999794196
439.3614000000525
441.4227999950526
458.4652999910759
449.93109999632
495.4652000014903
434.41070000699256
464.53379999729805
475.0104000122519
433.82890000066254
504.98620000144
474.86940000089817
476.90729999158066
469.933399988804
446.1282999982359
530.8332999993581
443.4642999985954
457.43429999856744
450.1957000029506
446.38080000004265
495.48339999455493
445.9956999926362
444.80709999334067
446.6854000056628
445.45640000433195
490.8623999945121
437.1201000030851
456.8077000003541
441.8024000042351
444.5707999984734
495.44630000309553
447.41930000600405
447.73800000257324
441.5221999952337
439.76259999908507
491.017299995292
441.07469999289606
440.02770000952296
439.48549999913666
441.51020000572316
498.6743000044953
426.15940001269337
440.13089999498334
435.1433999981964
442.5416000012774
492.3353999911342
438.7213000009069
438.5313000093447
441.7613999976311
441.7639000021154
487.6016000052914
435.4639000084717
443.23889999941457
440.5816000071354
440.5898000113666
490.88370001118165
441.44450000021607
440.9983000077773
442.7940000023227
440.27490000007674
487.49249998945743
438.66509999497794
438.2813999982318
442.5999000086449
421.71130000497214
488.58520000067074
440.84850000217557
441.56910000310745
424.23710000002757
446.3662999914959
495.16859999857843
447.4288999917917
442.6760999922408
443.01309999718796
445.2485999936471
492.7866000070935
444.4919999950798
444.62080000084825
445.8687999867834
444.6148999995785
494.4000999967102
438.3148000051733
442.1896999992896
441.59819999185856
440.51970000145957
495.0955999956932
440.2069999923697
423.8822000043001
442.38880000193603
443.8054999918677
496.0447000048589
452.8164000075776
452.3736999981338
445.38699999975506
445.078700009617
490.28769999858923
472.12109999964014
462.8021999960765
472.34979999484494
490.21910000010394
514.5767999929376
461.024099990027
453.4542000037618
459.08840000629425
436.1196999961976
524.5930999953998
460.24790000228677
449.1600000037579
449.4527999922866
448.9983000094071
480.46760000579525
450.428500000271
447.69929999893066
445.65229999716394
449.55549998849165
482.1330999984639
450.01470000715926
448.0671000055736
447.3689000005834
448.9566999982344
501.1568000045372
450.1276999944821
451.80039999831934
431.5904000104638
452.54250000289176
498.53659998916555
446.1520000040764
448.5026000038488
450.7731000048807
449.7443000000203
496.6277000057744
441.3215999957174
443.95809998968616
444.06479998724535
445.6567000015639
495.2370999963023
454.9979000003077
460.2212000027066
447.77820000308566
446.8139999953564
494.91569999372587
453.5909999976866
472.2905999951763
463.9872999978252
428.37999999755993
491.3837999920361
448.77919999998994
460.1738000055775
444.60950000211596
444.45000000996515
495.98139998852275
441.84330001007766
442.0198000007076
443.8806999969529
426.2604999967152
491.11200000334065
441.7770999862114
442.57119999383576
446.6194000124233
447.34779999998864
493.2598000013968
444.08000000112224
427.6186999923084
446.96339999791235
446.666699994239
494.26339998899493
447.80150000588037
447.5896000076318
448.87169999128673
448.50149999547284
498.5856999992393
449.1353000048548
446.75059999281075
448.89359999797307
446.6357000055723
502.649999994901
448.51370000105817
445.3527000005124
425.3050999977859
442.76950000494253
488.93919998954516
443.5366999969119
445.1353000040399
443.949699998484
443.09380000049714
492.07819999719504
443.3724999980768
455.4149000032339
443.9134999993257
445.88099999236874
508.355500001926
446.3596000132384
429.0952000010293
441.43679999979213
445.7936999970116
496.51799999992363
443.42920000781305
442.99450000107754
444.6839000011096
442.76279999758117
490.19029999908525
438.2304999890039
441.7127999913646
447.99570000031963
437.0146000001114
486.5646999969613
435.5832000001101
440.44180000491906
438.782800003537
436.7840999912005
465.20910000253934
437.0554000051925
438.27429998782463
450.609199993778
446.65090000489727
487.1577000012621
439.23930000164546
440.0815000117291
437.67539999680594
423.1243000103859
508.21040000300854
438.6469000019133
437.32460000319406
439.8038999934215
435.44180000026245
466.65020000364166
415.46540000126697
432.67569999443367
435.88409999210853
435.9775000048103
486.36330000590533
431.4931999979308
434.42489999870304
434.8125999968033
434.6771999989869
485.00699999567587
434.7436999960337
432.2436999937054
431.61379999946803
468.749800013029
508.64390000060666
431.8301000021165
432.15199999394827
433.78549999033567
433.65850001282524
479.6767999941949
433.45540000882465
433.5119999886956
433.50400000053924
415.1648999977624
462.830300006317
434.63590000465047
418.25560000143014
432.4886999966111
435.08930000825785
484.4835000112653
435.4845999914687
438.39769999613054
434.511500003282
435.92489999718964
482.0311999937985
438.33449999510776
433.4349000127986
435.226400004467
433.02260000200476
481.9217999902321
435.1016000000527
433.48380000679754
431.00359999516513
432.7661999996053
482.7324999932898
434.53469999076333
434.40900000859983
435.86719999439083
432.63110000407323
491.4896999980556
433.13900000066496
430.57120000594296
428.3568999962881
432.5345999968704
477.89160000684205
427.4658000067575
426.2474999995902
428.1524999969406
445.7774999900721
498.8987999968231
448.2091000099899
428.67500000284053
432.92900000233203
410.8133999980055
479.028699992341
427.19549998582806
427.2338999871863
432.94879999302793
429.352100007236
480.25439999764785
434.56000000878703
431.5948000003118
433.74999999650754
432.98549999599345
485.34559999825433
433.81159999989904
434.1319000086514
432.43480000819545
431.3624000060372
481.2876999931177
436.0688000015216
432.8830000013113
432.956100004958
435.4944000078831
481.7452000133926
433.4646000061184
412.0418999955291
430.84190000081435
431.2231000076281
483.07950000162236
434.0163000015309
444.8522000020603
458.1203999987338
433.64000000292435
513.8541000051191
430.2393999969354
433.69890000030864
424.5969000039622
469.53149999899324
499.34579999535345
437.93310000910424
433.95069999678526
435.42510000406764
434.9246000056155
485.6273000041256
433.81489999592304
430.17849999887403
433.956599998055
428.6494000116363
480.7195000030333
437.73700000019744
413.66270001162775
422.62440000195056
435.18939999921713
501.27860000065994
439.07610001042485
425.75829999987036
428.055399999721
428.18309999711346
476.53210000135005
428.76030001207255
430.2906999946572
429.5420999987982
431.8439000053331
479.1302000085125
435.3430999908596
430.60890000197105
438.9033999905223
445.43780000822153
490.3046999970684
443.2524000003468
431.6711999999825
430.6418000051053
428.67239999759477
482.25149999780115
427.9759000055492
407.9572000046028
426.68990000674967
426.76010000286624
493.77889999595936
446.9193999975687
425.846799989813
424.1436000011163
428.3449000067776
475.77889999956824
426.4380000095116
429.1176999977324
425.086300005205
423.91549999592826
474.85210000013467
403.74619999784045
423.1199999921955
422.70880000432953
425.9751000063261
450.765900008264
420.11570000613574
421.60909999802243
423.6400999943726
420.36280001048
468.6530000035418
419.18430000077933
420.03740000654943
414.752500000759
413.0710000026738
472.77710000344086
425.874799999292
423.24180000287015
425.43480001040734
413.1838999892352
479.3074000044726
442.5006000092253
414.29970000172034
421.11989999830257
418.73829999531154
467.5444000022253
420.1197000074899
419.0034000057494
418.5875999974087
419.6842999954242
470.52599999005906
419.7666999971261
421.2620999896899
400.89829999487847
421.567999990657
468.4611999982735
424.4204999995418
417.7724000037415
421.49249999783933
420.5363000073703
468.02020000177436
419.3418999930145
416.958000001614
418.00350000266917
417.5240000040503
464.936200005468
417.868799995631
417.69750000094064
418.3838999888394
417.6054999988992
469.8313999979291
420.4445999930613
440.63729999470524
450.1464000059059
415.02879999461584
466.6284000122687
395.7141999999294
417.79640001186635
435.49740000162274
416.6021999990335
466.98109999124426
418.3117000065977
416.38009999587666
415.6484000122873
419.6423999965191
482.11140000785235
418.5362999996869
397.359199996572
420.32170000311453
402.11850000196137
470.18709999974817
403.5606999968877
421.20310000609607
446.1194000032265
465.7108999963384
487.04690000158735
439.89979999605566
433.72589998762123
430.78609999793116
434.5595000049798
472.3445999989053
406.40870000061113
420.57329999806825
423.87719999533147
423.36129999603145
495.3155999974115
457.3565000027884
431.5437000041129
423.752600006992
423.2401000044774
451.14489999832585
418.57479998725466
451.6924000054132
441.16760000179056
430.737799993949
468.59910000057425
424.75479999848176
423.23109999415465
430.55260000983253
422.63610000372864
471.7823000100907
425.1208000059705
423.87119999330025
419.0322000067681
428.5328000114532
469.27319999667816
406.50579999783076
421.14310000033583
421.6872999968473
418.73379999015015
470.3622999950312
428.3069999946747
459.38899999600835
423.03000000538304
424.65359999914654
473.2173999946099
399.80410000134725
423.76200000580866
422.2544999938691
419.90290000103414
469.463800007361
419.0946000016993
419.0699000027962
401.9838000094751
422.26839999784715
472.301099987817
426.5168999991147
443.5509000031743
451.8868000013754
422.5408000056632
504.51410000096075
431.77120000473224
418.3123999973759
438.6870000016643
404.5653999928618
489.26219998975284
432.53330000152346
420.920999997179
422.8900000016438
422.4325000104727
469.7039000020595
420.1281999994535
422.37349999777507
397.93570000620093
424.43050000292715
470.25610000127926
419.22820000036154
419.25379999156576
418.44290000153705
436.00050000532065
472.406900007627
418.11220000090543
419.99710000527557
419.25439999613445
400.00059999874793
467.3927999974694
417.88419999647886
418.3971000020392
419.02800000389107
421.6288000025088
469.32119999837596
421.13449999305885
420.8359000040218
417.8003999986686
420.1030999975046
467.0895000017481
420.00799998641014
418.94930000125896
419.1597000026377
403.3781999896746
473.9236999885179
422.2628999996232
422.5565000087954
421.9444000045769
426.2061000044923
471.1950000055367
427.57680000795517
456.94420000654645
438.95989999873564
431.60700000589713
475.00639999634586
422.65259999840055
423.8517000048887
422.7933999936795
422.7928000036627
470.5593999970006
401.51919999334496
422.3786999937147
420.0960000016494
420.2463999972679
476.7913999967277
417.4464999960037
419.1774999926565
420.6546000059461
416.8943999975454
464.91059999971185
415.7254000019748
424.50819999794476
424.71939999086317
416.54489999928046
458.61519999743905
430.7915999961551
419.9372000002768
419.2226000013761
415.024000001722
462.97039999626577
430.0165000022389
419.0647999930661
417.11349999241065
420.32109999854583
473.4829999943031
417.5346999982139
442.55690000136383
416.44889999588486
461.1113999999361
514.8161999968579
411.5462000045227
418.7400999944657
416.987100004917
415.56490000220947
464.50190000177827
418.62270000274293
423.0048000026727
414.7891000029631
414.55600000335835
462.87659999507014
408.33970000676345
425.2184000069974
399.1701000049943
415.47500000160653
463.76060000329744
415.20600000512786
404.6709000103874
386.58720000239555
413.5930000047665
450.25140000507236
401.6791000030935
414.1645000054268
425.3180999949109
393.00950001052115
463.2042999874102
413.0199000064749
411.3768999959575
413.08980000030715
411.5775000100257
462.68169999530073
411.65490000275895
402.70790000795387
414.26059999503195
414.9436000006972
463.2865000021411
411.397499992745
412.42949999286793
392.2413999971468
412.0567999925697
483.2297999964794
428.0185000097845
447.1093000029214
413.18909999972675
414.3737999984296
463.0661999981385
410.6239000102505
412.3659999895608
414.24929999629967
414.89200000069104
460.1498999982141
411.619199992856
414.53600001113955
415.527099990868
410.72759999951813
467.1264000062365
417.2508000046946
400.6929000024684
410.1033000042662
408.8499000063166
462.84799999557436
403.6340000020573
413.929599992116
412.27240000444
411.75870000733994
461.4337999955751
416.7465000064112
410.48120000050403
414.11759999755304
412.216199998511
462.9949000081979
408.88649999396876
393.2366999943042
409.46869998879265
429.86540000129025
447.3907999927178
410.5971000099089
413.07970001071226
411.1849000037182
409.03380000963807
456.6647000028752
411.6386999958195
411.6686000052141
414.40500000317115
409.4894000008935
461.2368999951286
392.3329000099329
411.4349999872502
412.0115999976406
449.6902999962913
442.36990000354126
413.1875000020955
413.0665999982739
411.4077999984147
409.1279999993276
482.8795000066748
442.06020000274293
412.8663999872515
412.1932999987621
421.58009999548085
463.95879999909084
395.9008000092581
408.39039999991655
408.6900999973295
413.57560000324156
459.2369000019971
412.4355999956606
410.02019999723416
421.1180999991484
424.6004000015091
462.85149999312125
413.14499999862164
413.7375999998767
416.30470000382047
413.4477000043262
462.35329999763053
411.51480001281016
412.3699000047054
415.0325999944471
409.25789999892004
453.49390000046697
414.9425999930827
438.72440000995994
448.76909999584313
418.88519999338314
463.04269999382086
393.67270001093857
418.6877000029199
420.60319999291096
414.3657000095118
468.47980000893585
415.50740000093356
426.7738000053214
420.62009999062866
417.2566000052029
468.47009999328293
418.07290000724606
415.2203000121517
416.34030001296196
415.40339999482967
463.02369999466464
414.6819999878062
417.1042999951169
417.9148000112036
415.08689998590853
462.3394999944139
413.7886999960756
413.1418999895686
413.7928000127431
412.2656000108691
459.42340001056436
413.82729999895673
432.51410000084434
429.7494999918854
410.7842000084929
461.7446000047494
413.3176000032108
394.13069999136496
413.00390000105835
413.1028999981936
459.620099994936
410.93800000089686
410.95299999869894
410.90939998684917
409.52349999861326
459.1428999992786
408.5114000044996
410.99299999768846
408.2780000026105
390.99549999809824
459.81939999910537
410.03050000290386
411.37929999968037
408.0973000091035
408.02659999462776
458.6176000011619
408.81890000309795
406.29519999492913
406.8334000039613
404.782100013108
452.2199999919394
406.3677999947686
404.45770000224
402.77669999341015
406.1190000065835
455.6335999950534
408.1733000057284
404.75359999982174
386.5740999899572
406.5091999946162
456.13520000188146
408.579999988433
405.0970999960555
406.2368000013521
408.73170000850223
456.2191000004532
408.71799999149516
408.51259999908507
405.8112000057008
409.6722999966005
456.0055000038119
407.7560000005178
405.95719999691937
388.4647000086261
407.2521000052802
456.8223999958718
405.86939999775495
405.79340000113007
405.9008000040194
407.6894000027096
456.0319000011077
404.6139999991283
406.17180000117514
406.00540000014007
405.9456999966642
457.10240000335034
391.971500008367
411.72989999176934
406.80759999668226
406.52880001289304
456.87870000256225
406.14030000870116
389.2980999953579
408.56039999925997
409.2854999908013
461.97940000274684
409.4215999939479
408.0563000024995
408.8398000021698
409.84190000745
458.4954000019934
410.58730000804644
409.67529999034014
409.17899999476504
415.59249999409076
462.2402999957558
393.29279999947175
419.5112000015797
414.15939999569673
411.10629998729564
456.7735000018729
408.46560000500176
393.2904000103008
407.9265000036685
406.33539999544155
455.2933000086341
403.6550000018906
406.919500004733
409.1788999940036
409.03129999060184
454.5263000036357
407.537000006414
405.9343999979319
411.526199997752
409.89609999815
461.1919000017224
410.66829999908805
410.2377999952296
412.28509999928065
390.941899997415
457.0023999986006
410.2117000002181
413.03909999260213
413.098799996078
407.0894999895245
468.4345999994548
438.1791999912821
429.2499000002863
415.10300000663847
393.60569999553263
461.21100000164006
410.2597000019159
414.52160000335425
409.7005000076024
411.5218999941135
463.58360000886023
432.77900000975933
412.8501000086544
411.21900000143796
411.15529999660794
461.06619999045506
409.9407999892719
412.53069999220315
412.8515000047628
413.891699994565
462.2535000089556
413.5087999893585
412.7967999957036
417.2460999980103
418.1355999899097
466.7899999913061
416.4156000042567
418.4086000022944
417.2972999949707
399.3058000050951
468.0080999969505
439.1877000016393
428.56400000164285
417.69550000026356
417.6698000082979
473.3103000035044
419.22989999875426
421.0272999916924
419.74349999509286
420.3223000076832
468.32940001331735
417.15690000273753
415.938099991763
415.9133999928599
417.83289999875706
467.4949000036577
416.8107000004966
417.11019999638665
416.3432999921497
436.91440000839066
459.55710000998806
419.12869999941904
426.2109999981476
421.55800000182353
446.6546999901766
469.3349000008311
420.89340000529774
419.47609999624547
418.9518999919528
420.75230000773445
468.1161000044085
417.2132999956375
417.31749998871237
421.7911000014283
417.4441999930423
470.78489999694284
422.1279999910621
418.2319999963511
420.90989999996964
420.48120000981726
465.7984000077704
419.2160000093281
429.37240000173915
430.9034000034444
437.7766000106931
484.08670000208076
419.65429999982007
420.82749999826774
445.8585999964271
426.27519999223296
459.2392999911681
412.1957999886945
409.70190000371076
399.9779000005219
441.87130000500474
485.1027999975486
416.98599999654107
414.650899998378
411.22470000118483
414.91010000754613
463.5123000043677
413.926299996092
414.7616999980528
417.2608999942895
410.87949999200646
459.03179999731947
420.0280999939423
421.85199999948964
414.1782999940915
394.8428000003332
463.716199999908
415.0850000005448
396.2574000033783
416.90969999763183
414.1732999996748
487.19790000177454
415.7107999926666
415.27209999912884
414.49789999751374
412.680299996282
471.61310000228696
415.88359999877866
417.0440000016242
414.7462999972049
414.32669998903293
465.08859998721164
415.1106999925105
416.93959999247454
415.88190000038594
398.08679999259766
467.0079000061378
416.4686000003712
420.3893999947468
417.76880000543315
420.4890999972122
465.67599999252707
415.56490000220947
413.24310000345577
413.2218000013381
414.55659999337513
461.1871999950381
413.98599999956787
413.83350000251085
417.91630000807345
416.6127000062261
457.9737999883946
414.479900005972
438.9775000017835
424.21169999579433
417.2839999955613
464.57419999933336
392.81549998850096
413.76219999801833
417.0309999899473
415.586599992821
468.76410000550095
395.50620000227354
413.19669999938924
417.25149999547284
415.6358999898657
463.28610001364723
415.0057999941055
416.69589999946766
411.96659998968244
417.98880000715144
463.16300000762567
416.45380000409205
414.76939999847673
413.55269998894073
415.45610000321176
462.74740000080783
420.0911000079941
420.33189999347087
411.1611999978777
414.46620000351686
459.9935000005644
416.47630000079516
416.0120999877108
414.979699999094
415.3617999982089
465.6031000049552
413.14639999473
415.36749999795575
414.72020000219345
415.69589999562595
465.4194000031566
414.8496999987401
414.438700012397
414.1693999990821
413.265200011665
462.0405000023311
416.7440000019269
412.0012999919709
420.1608000003034
416.44419998920057
460.8186000114074
391.7442999954801
413.4288000059314
410.4221999878064
410.9686000010697
445.19240000227
411.5753000078257
410.7304000062868
409.96869999798946
411.98040000745095
491.0008000006201
420.3150000103051
411.13839999889024
409.24120000272524
411.4765999984229
459.38119999482296
404.06939999957103
403.6544000118738
409.0116000006674
420.3676000033738
460.88919999601785
410.6990999862319
436.2117999990005
425.3314999950817
418.8106999936281
500.3768000024138
424.612500006333
413.0295000068145
419.2556999914814
420.10609999124426
465.18689999356866
416.11160000320524
415.5791999946814
444.73390000348445
452.5724000122864
495.54049999278504
412.96210000291467
436.9928000087384
415.02489999402314
414.466900008847
461.4198000053875
413.01150000072084
412.1238999941852
412.47670000302605
414.92129999096505
462.363099999493
411.2653999909526
414.38580000249203
414.6885999944061
426.48570000892505
463.27999999630265
412.45320001326036
411.95470000093337
412.855300004594
417.47689999465365
461.61640000354964
418.11309999320656
435.5745999928331
416.80360000464134
408.0658000020776
452.87559999269433
405.8252000104403
411.3175999955274
435.1614999904996
425.1254999981029
478.34570000122767
431.26029999984894
414.74559999187477
414.2604999942705
414.20230000221636
466.7404999927385
415.3414000029443
416.8593999929726
422.72079999384005
414.80320000846405
464.7216000012122
414.2881000007037
416.43240000121295
414.97959999833256
395.4560000129277
469.4376999977976
416.2122999987332
414.7664999909466
415.0460000091698
415.6976999947801
467.80410000064876
416.96909999882337
414.6191000036197
415.3294999996433
429.02959999628365
487.4009000050137
414.7140999994008
415.52340000635013
413.49959999206476
397.2162999998545
459.98810000310186
411.139900010312
412.05729999637697
411.90069999720436
412.08179999375716
460.38279999629594
411.1510999937309
410.3296999965096
411.2372000090545
410.1453000039328
460.8587999973679
410.6242999987444
410.2043000020785
413.5390000010375
411.45339999638963
460.3893000021344
411.5220999956364
410.9454999997979
412.1517000021413
391.2947000062559
462.52060000551865
412.2695000114618
414.10259999975096
414.22310000052676
412.83289999410044
463.58779999718536
411.23939999670256
417.15550000662915
410.9147999988636
412.4593000015011
462.27550000185147
409.50819999852683
408.608900004765
409.958899996127
412.3173999978462
461.111600001459
411.72350000124425
413.6244999972405
409.8682999901939
410.46720001031645
458.94149999367073
409.67509998881724
414.4845999981044
414.45630000089295
413.9897999993991
463.2311000023037
412.4879000009969
408.5996000067098
407.6498000067659
406.48059999512043
458.25670000340324
408.9347999979509
407.5195000041276
407.90479999850504
406.98080000584014
455.6047999940347
406.08799998881295
409.4768000068143
407.287299996824
406.8260000058217
439.56830000388436
407.6104999985546
405.4500000056578
405.88960000604857
406.8412000051467
458.4630999888759
409.936199997901
404.50230000715237
405.14649999386165
407.4204000062309
448.95449999603443
405.3641999926185
404.1197999904398
403.638999996474
403.6181999981636
455.08719999634195
404.25419999519363
403.9406000083545
405.2636000124039
403.50470000703353
456.88920000975486
406.81520001089666
405.39159999752883
385.50540000142064
405.7409999950323
456.7341999936616
406.34549999958836
394.9162999924738
425.2222999930382
413.0573000002187
457.762999998522
407.9472000012174
406.53569999267347
407.34900000097696
408.83679999387823
457.1301999967545
403.6841000051936
388.22609999624547
407.09599999536294
509.1718000039691
457.38690000143833
414.0843000059249
418.0402000056347
405.58710000186693
414.36860000249
451.6755000076955
403.4696000016993
406.0219999955734
406.7505999992136
408.26599999854807
455.8388000004925
408.1251000025077
425.4523999989033
436.19980000949
442.39440000092145
444.531699991785
407.79500000644475
408.48660000483505
407.59149999939837
406.6663999983575
455.717500008177
384.57730000664014
386.03680000233
390.0163999933284
389.8704000021098
451.3468999939505
404.6874000050593
402.541100003873
403.0859999911627
404.4455000112066
469.4862999895122
403.4795000043232
400.60380000795703
413.8690999971004
403.81789999082685
451.0219999938272
407.62939999694936
379.76170000911225
402.3674999916693
397.63229999516625
456.2149999983376
425.8285999967484
401.6011000057915
394.59830000123475
398.22419999109115
459.1580999986036
386.4463999925647
399.29380000103265
401.2281999894185
403.15369999734685
429.9122999946121
400.3567000036128
400.88359999936074
399.4576999975834
398.8437000080012
448.31940000585746
406.4329999964684
420.3906000038842
398.52309999696445
395.9321000002092
448.8329000014346
379.50730000738986
400.53300000727177
402.822300005937
428.3302999974694
455.463400008739
419.7143000055803
402.7269999933196
395.3888999967603
425.5326000129571
500.3687999997055
408.80099999776576
403.8953999988735
388.75919999554753
403.25689999735914
451.3482999900589
410.2798999956576
404.9912000045879
402.8256999881705
401.59769999445416
450.1114000013331
386.1441999906674
405.54700000211596
399.8340999969514
403.0913999886252
451.0303999995813
427.22650000359863
394.9813999934122
395.3489000123227
399.708400000236
447.76070000079926
396.61359999445267
397.04290000372566
396.6863000096055
393.2506999990437
449.1707999986829
405.48230000422336
426.0627000039676
396.96500000718515
395.21679999597836
441.75600000016857
395.3672000061488
400.2747999911662
394.13770000101067
397.2295999992639
445.9114000055706
396.21039999474306
391.997699989588
390.7150000013644
404.13390001049265
448.03730001149233
408.51809999730904
427.83430000417866
399.0294000104768
399.1390000010142
433.348600010504
399.1808000137098
399.08920000016224
400.2312999946298
399.3632999918191
449.2201999964891
400.9541999985231
397.58550000260584
404.19859999383334
382.6602999906754
450.339899995015
397.6740000071004
396.9089000020176
400.03979999164585
380.0634999934118
448.57880000199657
398.9688000001479
400.1169000111986
399.7638000000734
399.0827000088757
450.5092000035802
403.0893000017386
400.6366999965394
407.79909999400843
411.5680999966571
451.58409999567084
382.9356999922311
403.4776000044076
402.97860000282526
411.13290000066627
452.90530000056606
397.7784000016982
399.6002999920165
401.22850000625476
399.9208000022918
451.7764000047464
398.89740000944585
398.6960999900475
396.0291999974288
402.57869999913964
448.79670000227634
413.8585999899078
416.3357000070391
424.03850000118837
431.8811999983154
483.4345999988727
431.1503999924753
398.7087999994401
399.47879999817815
403.26080001250375
452.2906999918632
384.2819999990752
398.50640000076964
396.9390999991447
401.8874000030337
443.28950000635814
395.81830000679474
394.267800002126
397.14339999773074
402.0625000121072
433.2265999983065
399.5503999904031
397.71799999289215
401.14609999000095
401.96109999669716
447.4457999895094
399.22020000813063
398.41039999737404
399.5833999942988
397.63840001251083
443.52339999750257
395.58719999331515
398.0011000094237
409.9197000032291
404.950900003314
443.40099999681115
397.1724000002723
398.99489999515936
377.58929999836255
395.7469999877503
441.78150000516325
395.382900009281
395.46909999626223
395.6414999993285
393.8278999994509
438.5543999960646
399.7708000097191
395.8746999996947
400.3372000006493
403.9228000037838
443.83980000566225
394.1927999985637
392.8375999967102
419.6349999983795
395.1387999986764
440.85939999786206
397.3199000029126
400.0184000033187
397.9757999914
395.05320000171196
441.79939999594353
394.2618000000948
377.2233000054257
397.0218000031309
397.06040000601206
424.2158999986714
394.7184999997262
393.3290999993915
397.55190000869334
397.5739000015892
442.1479000011459
395.22690000012517
395.4571000067517
395.7934999925783
393.6374000040814
441.71679999271873
393.4972000133712
394.1346999927191
395.00619999307673
395.6088999984786
442.07629999436904
394.2228000087198
392.5764000014169
396.41760000085924
393.46999999543186
437.79389999690466
389.15749998704996
392.0148000033805
392.3569999897154
395.3719999990426
442.64140000450425
389.3446000001859
391.3348999922164
389.3078999972204
392.31339999241754
438.1913999968674
392.57749999524094
390.70519999950193
388.9935999904992
383.20090000343043
444.39010000496637
407.50390000175685
391.4465999987442
390.44400000420865
389.49410000350326
436.81430000287946
389.06889999634586
390.72870000381954
407.7367999998387
390.0307000003522
462.2259000025224
394.8677000007592
393.64590001059696
392.17579999240115
390.76150000619236
441.02519999432843
393.817800009856
408.75069999310654
394.78869999584276
391.8457999970997
442.40249998983927
391.69229999242816
395.7423999963794
404.67570000328124
391.497700009495
441.71579999965616
374.4828999915626
398.7185000005411
373.4000999975251
392.77440001023933
419.38789999403525
391.91780000692233
390.1715999963926
391.3320999999996
391.8610999971861
421.76779999863356
390.2391000010539
390.79009999113623
393.54040000762325
389.6239999885438
437.5683999969624
388.73969999258406
392.01120000507217
392.7570000087144
389.291300001787
467.53109998826403
390.51670000480954
371.8088000023272
385.97489999665413
391.1565000016708
434.95910000638105
390.08969999849796
387.269800005015
388.1056999962311
388.4269999980461
436.259300011443
385.67519999924116
387.0184999977937
392.36450000316836
384.9894000013592
435.97600000794046
385.19680000899825
385.69910000660457
385.3277000016533
390.9585999936098
433.30460001016036
368.64539999805856
387.22439999401104
387.5843999994686
385.3623000031803
434.8329000058584
386.30830000329297
386.2648999929661
387.0731000060914
383.7097000068752
434.9454000039259
387.57029999396764
385.2792999969097
384.7591999947326
368.8137999997707
435.77059998642653
387.28520000586286
385.3007000143407
387.2620000038296
385.8178999944357
420.61570000078063
409.22820000560023
399.0793999982998
393.7972000130685
387.60659999388736
430.926900007762
386.7748000047868
388.63210000272375
390.6669999996666
370.316600005026
440.5050999921514
389.7278000076767
391.7603000008967
392.92670000577345
368.7130999896908
441.2092999991728
389.51449999876786
388.0935000051977
408.43429999949876
388.65109998732805
443.3952999970643
388.75670000561513
387.8530999936629
390.078899989021
388.2591000001412
438.65230001392774
392.5182999955723
388.8450999947963
407.48660000099335
389.03429999481887
445.9010999999009
383.9356999960728
372.0748000050662
390.9085000050254
387.3139999923296
435.1930999982869
386.66759998886846
386.42920000711456
389.1483000043081
386.8374000012409
435.242699997616
369.36850000347476
406.84710000641644
411.94789999281056
384.1264000075171
431.56949999684
385.2220000117086
396.01860000402667
388.6641999997664
366.23660000623204
434.8145999974804
384.1841999965254
384.826499997871
385.45499999599997
385.3318000037689
431.3338000065414
383.2934999954887
383.3267000009073
398.52450000762474
383.3757999964291
432.50399999669753
385.6975999951828
382.47470000351314
382.54439999582246
384.49080000282265
431.1895999999251
385.81979999435134
385.45290000911336
367.4929999979213
384.90859999728855
434.2756000114605
382.9257999896072
386.93370000692084
366.602200010675
384.6909999992931
423.6257000011392
387.4731000105385
383.93969999742694
384.39049999578856
387.2484000021359
432.19540000427514
386.45269999688026
390.19659999758005
385.4681999946479
387.6568999985466
435.1446999935433
386.8594999948982
388.00170000467915
388.69020000856835
387.33219999994617
434.8642000113614
386.6842999996152
386.9660000054864
367.70180000166874
385.8841999899596
434.2917000030866
383.41809999838006
383.59500000660773
366.90310000267345
384.0912000014214
430.02649999107234
383.17149999784306
383.22730000072625
379.9828999908641
386.15229999413714
432.79469999833964
388.0425999959698
399.18279999983497
382.70819999161176
386.43330000923015
433.2559000031324
384.66880000487436
383.87849999708124
386.8657999992138
385.3960999986157
432.346299989149
387.55509999464266
381.9381000066642
382.9316000046674
386.46190000872593
432.31960000412073
385.0326999963727
384.2258000076981
384.43210000696126
385.1305999996839
411.4278000051854
382.53899999835994
382.5502000108827
382.81009999627713
384.6114000043599
432.4291000084486
381.28909999795724
364.20060000091325
382.8466999984812
382.64369999524206
434.79260000458453
417.892599987681
393.01050000358373
381.8591000017477
380.20980000146665
413.2041999982903
362.600399996154
378.9441999979317
379.42690000636503
381.7856999958167
432.97069999971427
383.4655999962706
382.82169999729376
383.63089998892974
382.48129999556113
431.2629000050947
364.6278000087477
381.76950000342913
383.48170000244863
382.4534000013955
431.85670000093523
383.6881000024732
384.7233000124106
383.7435000023106
386.65580000088084
448.6267000029329
377.96399999933783
414.6360000013374
385.4686999984551
390.8034000050975
437.24299999303184
367.7649000019301
390.6432999938261
374.77570000919513
393.75519999885
423.8485999958357
383.0694000062067
383.9886999921873
384.2633000022033
385.9463999979198
430.3522999980487
375.066099994001
379.1849999979604
382.7969999983907
386.6676999896299
434.069000009913
384.997300003306
383.08270000561606
365.874300012365
386.51329999265727
431.95620000187773
382.6009000040358
386.23289999668486
383.9556999882916
385.410500006401
444.55200000084005
392.31939999444876
384.55779998912476
387.0005999924615
382.0447000034619
413.9006000041263
381.57279998995364
380.7378999918001
382.5294000125723
381.1446000036085
430.6549999892013
384.22480000008363
363.4899999888148
383.42779999948107
380.8078000001842
418.91999999643303
382.1157000056701
378.53899999754503
379.9927000072785
383.80480000341777
451.5255000005709
399.6589999878779
381.8029999965802
370.1364000007743
379.6221999946283
426.4654999860795
382.4492999992799
380.26340000214987
381.13090000115335
382.98009999562055
444.05059999553487
398.01070000976324
380.97060000291094
366.93109999760054
397.2016000043368
435.4907999950228
385.7560000033118
385.65149999340065
384.28760001261253
380.96159999258816
432.48299999686424
383.2768000138458
381.68819999555126
364.4957000069553
382.5905999983661
433.2365000009304
384.8654000030365
382.1079999906942
380.6573999900138
381.4859999984037
431.8359999888344
385.0854000047548
379.13750000006985
373.74879998969845
375.9088999941014
448.09499999973923
376.55469999299385
401.73470000445377
387.0883000054164
394.98009999806527
431.56150000868365
381.22119999025017
385.10369999858085
387.7597999962745
386.49080001050606
434.81530000281055
387.7442999946652
385.08189999265596
365.2577000029851
384.9132000032114
433.2029999932274
398.3922000043094
397.18610000272747
386.4758999989135
384.564699998009
437.4156999983825
385.3693999990355
386.1931999999797
385.45639999210835
383.8728999980958
433.36950000957586
365.8949000091525
384.81609999143984
384.2715000064345
385.8256999956211
418.6392999981763
388.66569999663625
402.84340000653174
387.0704000000842
364.67670000274666
431.63569999160245
387.3745000018971
386.63730000553187
387.68879999406636
386.39499999408145
435.87790000310633
389.69019999785814
389.24459999543615
385.7716999918921
388.00770000671037
436.0785000026226
384.5815999957267
368.898500004434
387.1221000008518
385.8937000040896
431.01190000015777
393.03669999935664
389.26579999679234
371.95229998906143
388.0968000012217
434.6471000026213
387.74419999390375
387.672199998633
387.3163999960525
386.34450000245124
437.1845999994548
422.4533000087831
391.93659999000374
383.92340000427794
378.3819999953266
458.31499999621883
394.68210001359694
389.1301000112435
370.0729000120191
383.18260000960436
431.70919999829493
413.64089999115095
415.065199995297
370.9162000013748
397.15159998741
459.6518000034848
388.4148000070127
391.7743000056362
391.2015999958385
392.9889999999432
450.78189999912865
426.0980999970343
415.5156999913743
390.7250999909593
393.98730000539217
437.80970000079833
391.7643000022508
392.13209999434184
391.4022999961162
391.70399999420624
440.66410000959877
391.4353000000119
392.1951999946032
391.15519999177195
390.6050000077812
439.3305999983568
390.5257000005804
393.4628999995766
394.08860000548884
388.16180000139866
439.7412999969674
372.76939999719616
393.86140000715386
370.2447999967262
387.74049999483395
419.15050000534393
389.1797999967821
391.58779999706894
390.32229999429546
400.5114000028698
440.35980000626296
391.7842999944696
392.1048000047449
393.8071000011405
390.532900011749
439.2051999893738
388.6956999922404
389.94549999188166
389.3289999978151
386.9089000072563
428.829800002859
399.4764999952167
389.0016000077594
394.10239999415353
378.31590000132564
438.35939999553375
386.30040000134613
389.6217000001343
383.6808999913046
385.6127000035485
441.2582999939332
388.19720000901725
394.080700003542
388.29689999693073
392.195400010678
437.3145999998087
373.2653000042774
388.1740999931935
387.70900000235997
388.33400000294205
437.3879000049783
362.45539999799803
397.6109000068391
396.41889999620616
386.214199999813
435.9512000082759
366.14019999979064
390.1298999990104
385.97719999961555
386.2862999958452
435.1162000093609
367.3300999944331
390.0613000005251
386.31960000202525
385.79859999299515
438.79919999744743
370.722299994668
387.75139999052044
391.18219999363646
387.68980000168085
441.0929000005126
391.12590000149794
390.47369999752846
392.6167999889003
388.8169999991078
438.12469999829773
371.0625999956392
393.3001000114018
387.63749999634456
388.0939000082435
440.051500001573
371.1355999985244
388.5959000035655
386.48539999849163
389.33479999832343
436.53470001299866
371.87609999091364
388.4219000028679
389.91969999915455
387.3911999980919
437.39459999778774
373.2754999946337
387.00299999618437
391.25239998975303
391.5449000051012
479.0184000012232
393.08350000646897
388.7341999943601
391.9138999917777
387.86329999857116
440.70200000714976
391.0195000062231
388.43700000143144
392.03859999543056
389.08539999101777
420.8801000058884
390.48319999710657
390.18940000096336
398.1379000033485
387.94240000424907
438.2952000014484
393.29030000953935
372.7690999949118
392.7269999985583
391.3637999939965
439.1994000034174
388.09609999589156
388.3458000054816
390.86739999765996
370.66720001166686
449.0644000034081
389.15040000574663
388.9132000040263
389.0458999958355
373.53700000676326
439.87689999630675
403.7411000026623
388.29779998923186
395.71569999679923
413.47110000788234
439.50830001267605
445.13010000810027
421.2699000054272
401.0081000014907
397.05919999687467
439.393900000141
378.10120001086034
399.53009999589995
372.492800001055
390.04519999434706
421.4536999934353
392.0275999989826
395.04699999815784
391.6973000013968
392.9418999905465
442.48090000473894
390.5858999933116
391.7386999964947
391.6787000052864
395.2270000008866
442.2976999921957
389.8668000038015
390.6552999978885
390.7813999976497
389.9490000039805
437.4478999961866
390.2288000099361
388.99859999946784
421.34210000222083
390.7920999918133
439.31509999674745
383.97759999497794
383.5247000097297
389.40319999528583
386.05319999624044
433.554200004437
387.1646000043256
386.7478000029223
388.2142000074964
387.66920000489336
437.52730000414886
367.91050000465475
386.98870000371244
386.7249000031734
366.9320999906631
443.8955999939935
406.7471000016667
399.41800000087824
391.02209999691695
383.12220000079833
421.48390000511426
388.6394000001019
387.4460000079125
385.9475999925053
388.15990000148304
436.79719998908695
389.2568000010215
388.063600010355
394.1294999967795
388.44070000050124
437.4041999981273
395.4768999974476
385.6260000029579
395.80719999503344
391.9663999986369
442.1779999975115
392.77010000660084
388.9688999915961
410.2629999979399
389.6820999943884
437.06660000316333
390.0004000024637
391.0212000046158
390.17189999867696
391.0825999919325
436.7554999917047
370.615000007092
391.7459000076633
388.4579000005033
388.72499999706633
439.04009999823757
391.26250000845175
390.22010000189766
373.7827000004472
392.2004000050947
438.8879000034649
389.1678999934811
392.3693000106141
371.9379999965895
389.8944000102347
442.0529999915743
409.2428000003565
395.1797999907285
390.4255999950692
390.2684000058798
419.8088999983156
392.06719999492634
392.6305999921169
391.794299997855
387.711199990008
458.4764000028372
394.99780000187457
389.28989999112673
390.24150000477675
397.3839999962365
435.25550000777
448.2549999956973
389.34929999231827
390.00769999984186
387.98270000552293
440.59110000671353
388.38760000362527
384.10880000446923
395.45039999939036
397.39969999936875
469.44889999576844
379.351299998234
388.2182999950601
392.40159999462776
394.004000001587
441.6017000039574
374.1738999960944
393.71610000671353
369.9622999993153
391.84080000268295
422.1574999974109
390.6688999995822
390.68320000660606
389.16589999280404
390.30479999200907
441.5993000002345
391.6998000058811
392.6328000088688
390.05729999917094
390.36410000699107
440.54789999790955
387.57920000352897
390.43559999845456
387.4426999973366
389.76580000598915
441.36310000612866
386.9212999998126
371.8225999909919
390.9663999947952
391.29090000642464
437.10419999843
415.7709999999497
404.5363999903202
391.5663000079803
390.5125000019325
436.0084000072675
387.21689999511
371.1632000049576
387.83029999467544
390.7577000063611
434.53430000226945
387.83049999619834
387.6464999921154
388.24290000775363
387.51080000656657
442.4907000066014
406.89099999144673
388.17769999150187
387.07569999678526
387.74089999787975
437.41520000912715
370.238600007724
387.7697999996599
385.8677000098396
369.85800000547897
440.3343000012683
392.142500000773
391.71469998836983
391.32679998874664
389.9138000124367
439.3956999992952
388.74890000442974
368.95069999445695
390.2300999907311
387.86819999222644
436.4417000033427
388.78789999580476
364.02530000486877
388.74009999562986
383.8070999918273
443.1673000071896
406.22249999432825
406.5582000039285
396.00249999784864
405.98390001105145
416.4087999961339
386.08370001020376
382.86909999442287
384.8835999961011
382.73990000016056
431.1738999967929
384.5297999941977
384.38940000196453
385.80950000323355
384.88510000752285
430.30670000007376
397.0999000011943
401.41200000653043
389.2610000038985
384.82659999863245
432.2945999883814
385.9295000002021
386.10530000005383
386.25840000167955
385.5991000018548
435.15459999616724
385.3681000036886
362.35569999553263
388.01880000391975
385.85069999680854
436.2358999933349
397.9018000100041
387.8740999934962
394.40360000298824
385.2115999907255
433.5408000042662
385.4408000042895
382.9719999921508
386.2225000048056
386.1172000033548
440.8269000123255
370.8958000061102
392.6884999964386
387.69760000286624
386.38060000084806
434.53369999770075
384.66920000792015
385.7294000044931
390.09210000222083
385.9855999908177
437.49060000118334
387.32180000806693
385.47389999439474
396.3242000027094
407.19779999926686
448.51390000258107
388.1753000023309
379.61340000038035
392.00970000820234
395.183900007396
440.40739999036305
391.5322999964701
391.46230000187643
393.4997000033036
390.73040000221226
442.43229999847244
390.1546999986749
388.5273999912897
392.23349999519996
387.05570000456646
441.6254999960074
398.47410000220407
389.3108000047505
391.2147999944864
390.07690000289585
444.29139999556355
393.8708000059705
403.38420000625774
399.2067999934079
385.47720000497065
440.4273000109242
391.3265000010142
372.9996000038227
392.20770000247285
390.81810000061523
438.65670000377577
391.6895000002114
391.50850000442006
393.09320000757
390.396899994812
441.8380999995861
390.4880000045523
386.67809999606106
431.5704999899026
383.71989999723155
447.7029000117909
392.16199998918455
389.053499995498
405.4994999896735
394.00970000133384
440.42879999324214
391.10349999100436
390.21470000443514
417.76490000484046
418.80010000022594
439.25579999631736
387.3058999888599
409.7098000056576
406.1383000080241
410.4540999978781
473.33890000300016
389.4964999926742
426.1641999910353
420.350900007179
388.34819999465253
443.28789999417495
420.0952999963192
403.7797000055434
410.14480000012554
382.49489999725483
436.79039999551605
385.1418999984162
371.2472000042908
388.1863999995403
385.7635000022128
417.15100000146776
388.3289000077639
393.73309999064077
389.20440000947565
386.54390000738204
434.5926999958465
387.448299996322
389.4416999974055
385.8791999955429
386.0555999999633
414.0897000033874
384.34160000178963
383.84019999648444
387.00460000836756
383.9505999931134
434.54110001039226
387.91000000492204
388.49800000025425
394.1762999893399
388.2233000040287
443.47410000045784
424.4942999939667
424.74180000135675
393.1878000003053
380.14079999993555
439.1055000014603
422.95609999564476
391.23220001056325
389.0966000035405
390.47470000514295
436.99580000247806
389.9883999984013
390.77199999883305
387.7711000095587
454.8539000097662
473.0965000053402
456.4702000061516
398.59209999849554
387.14960000652354
387.3323000007076
435.9484999877168
388.8676999922609
389.3881000112742
387.1588000038173
387.8136999992421
436.94900000991765
389.16750000498723
367.6873000076739
386.0802999988664
388.5425999906147
444.80789999943227
415.6368000112707
426.4149000082398
390.6111999967834
406.56220000528265
438.1762999983039
388.6334000126226
388.9201999991201
390.6975000136299
361.36209999676794
445.4124000039883
398.08759999868926
372.24419999984093
387.50790001358837
385.3428000002168
412.5911000010092
386.64710000739433
388.9383999921847
367.94660000305157
380.8656000037445
430.0152999931015
383.8312000007136
389.59380000596866
386.49220000661444
386.40099999611266
437.0920999936061
387.4794000003021
386.0897999984445
387.1095999929821
385.7270000007702
434.879299995373
381.9437999918591
382.6497999980347
387.68099999288097
387.94469999265857
432.75149998953566
389.06329999736045
369.81350000132807
385.6575999961933
388.1634999997914
416.5342999913264
384.73289999819826
389.38079999934416
385.74789999984205
385.65789999847766
434.5982999948319
386.9678000046406
387.58019999659155
386.041000005207
389.8517999914475
434.25829999614507
385.4247999988729
388.52310000220314
385.4762999981176
385.85729998885654
431.93730000348296
364.86419998982456
383.3980000053998
388.15769999928307
389.83790000202134
471.73410000687
425.0915000011446
464.9951999890618
427.34009999549016
391.3256000087131
445.22569999389816
406.05649999633897
391.29710000997875
388.03159999952186
385.6726000085473
433.26400000660215
385.3557999973418
405.91760000097565
383.83199999225326
385.4817999963416
435.6011999916518
366.07280001044273
391.3623000116786
385.1202999940142
388.61670000187587
417.8414000052726
388.36369999626186
387.70900000235997
385.06020000204444
385.1067000068724
434.91959999664687
386.73949999792967
389.86740000837017
386.17640000302345
386.35029998840764
437.22179999167565
387.080500004231
386.81440000073053
383.54830000025686
366.1073999974178
431.1755999951856
385.1862000010442
384.10869998915587
384.75060000200756
385.10059998952784
433.9479000045685
393.0827000003774
384.11670000641607
388.1466000020737
389.0938999975333
432.65770000289194
382.3631999985082
385.9595999965677
417.4007999972673
417.132100003073
418.89960000116844
384.7775000031106
390.90669999131933
388.13809999555815
386.80430001113564
435.4187999997521
386.2874000042211
385.52559999516234
388.8815000100294
386.52850000653416
414.6143999969354
382.9461999994237
405.6241000071168
394.90980000118725
386.6199000040069
435.98570000904147
387.3764000018127
386.62160000239965
397.7977999893483
397.3759000073187
445.5813999957172
386.35050000448246
420.2642000018386
385.95660000282805
396.5745000023162
455.3320999984862
398.2499999983702
414.8653000011109
409.21009999874514
398.282999987714
439.66180000279564
392.4235000013141
391.8171999976039
395.16610000282526
394.9663000094006
444.34349999937695
397.05279999179766
401.510399999097
398.66219999385066
400.3406999981962
451.9864000030793
392.57589999760967
373.57719999272376
395.30599999125116
386.70810000621714
415.1242999942042
386.7873000126565
389.4655000040075
388.1893000070704
388.0434999882709
437.3584999993909
386.9486000039615
390.5115000088699
390.9241999936057
386.1574000038672
436.2576999992598
386.64159999461845
390.1052000001073
386.9909000059124
385.3497999953106
432.34870000742376
366.2119999935385
383.81079999089707
384.65419999556616
395.34989999083336
451.04080000601243
399.579699995229
402.08430000348017
403.0829000112135
406.03649998956826
451.2449000030756
379.7835000004852
399.2708999867318
396.06450000428595
391.6770999931032
448.1030000024475
393.3951000071829
397.1607999992557
392.8721999982372
392.7982000022894
445.91170000785496
391.24149999406654
391.3507999968715
398.0440000013914
396.76869999675546
445.3497999929823
392.2612000023946
396.31339999323245
392.2091999993427
385.66650000575464
446.95660000434145
396.4947999920696
391.71310000529047
400.75770000112243
394.96379999036435
447.32870000007097
387.0757999975467
396.50909999909345
399.7001999960048
391.66630001273006
426.8426000053296
384.12469999457244
384.60489999852143
394.6358999965014
383.779499999946
434.9898999935249
394.452700013062
374.6476999949664
388.10039999953005
392.15189999958966
446.103199996287
391.77630000631325
388.55489999696147
391.83069999853615
388.66860000416636
448.80079998984
387.60530001309235
385.8745000034105
398.4119999950053
390.2457000076538
435.0759999942966
393.6457999952836
386.06309999886435
383.59090000449214
388.4681999916211
441.47619999421295
390.43740001216065
374.45350000052713
390.9099000011338
387.61829999566544
446.8557999935001
394.5590999937849
393.36780000303406
389.69169999472797
398.5669000103371
447.78729999961797
387.7838999906089
385.8500000060303
394.46299998962786
394.82410000346135
420.8451999875251
388.32680000632536
393.2403000071645
390.84579999325797
394.0446000051452
444.26030000613537
390.7967999984976
409.93100000196137
394.99760000035167
383.8897999958135
428.9483000029577
384.98709999839775
409.6043000026839
400.6733999995049
381.6694999986794
435.34969999745954
408.9477999950759
400.2158000075724
366.3749999977881
388.7708999973256
462.59189999545924
381.58269999257755
410.59349999704864
402.3804000025848
384.3672999937553
446.26359999529086
396.4916999975685
370.91069998859894
396.9753999990644
388.52269999915734
448.49989999784157
395.34879999700934
388.19990000047255
387.10819999687374
374.39850000373553
456.2982999923406
389.6595999976853
433.83589999575634
391.586500001722
387.5786999997217
431.67340000218246
378.6456999951042
399.00100001250394
392.44939999480266
377.9013000021223
428.5881999967387
380.1564000023063
381.6408999991836
378.310700005386
377.58349999785423
426.24099999375176
379.515699998592
378.9391999889631
379.37619999866
377.19740001193713
425.3995000035502
375.70469999627676
390.1524000102654
387.8234000003431
387.6847000065027
437.0913000020664
383.644200002891
390.88939999055583
388.2698999950662
391.47119999688584
434.856599997147
383.57259999611415
382.1549000131199
381.2372999964282
380.9546999982558
427.6784999965457
379.4976999924984
382.47929999488406
372.3865000065416
383.1254999968223
449.115499999607
400.485900012427
392.5909999961732
380.29139999707695
362.26610001176596
429.9208999873372
383.71429999824613
383.5007999878144
410.1742000057129
390.2613999962341
447.48789998993743
383.4445000102278
382.46399999479763
379.991699999664
372.20489999162965
430.9802000061609
382.4605999980122
383.32079999963753
383.81959999969695
362.4217000033241
428.8798999914434
384.66959999641404
382.54500000039116
384.2112999991514
378.35400000039954
429.9895000003744
379.70689999929164
381.63400000485126
385.21490000130143
381.40159999602474
432.30069999117404
382.8734999988228
380.82700000086334
383.08970000070985
364.90020000201184
428.4802000038326
383.0624000111129
379.23099999898113
389.1966999944998
381.727600004524
435.7489000103669
382.8246000048239
378.47989999863785
381.12759999057744
379.9690999876475
428.2565000030445
384.48320000316016
378.0179000023054
385.2962000091793
382.68799999787007
425.3376999986358
363.43610000039916
363.31950000021607
361.19750000943895
380.7309000112582
426.2273000058485
382.382099996903
385.2820000029169
384.07339999685064
386.259599996265
432.53289999847766
382.34950001060497
378.8254999963101
381.3083999993978
397.5356000009924
442.78090000443626
381.18120000581257
380.3662999998778
379.69309999607503
382.989700010512
467.4652999965474
381.3391000003321
376.4725999935763
382.4542999936966
382.98690000374336
414.1368999989936
366.4462000015192
384.20220000261907
380.8773999917321
382.922700009658
427.781699996558
382.799500002875
379.3359999981476
387.30990000476595
381.53549999697134
428.80879998847377
381.5771999943536
376.9836999999825
380.04910000017844
383.37189999583643
429.5980999886524
383.50870000431314
362.9370000126073
382.3110000084853
381.3788999977987
427.50750000413973
379.6510000101989
382.7830000082031
373.8658999936888
400.68279999832157
441.274999990128
381.9831000000704
375.57780000497587
357.7452000026824
383.7154999928316
449.4620999903418
388.1829000019934
378.3652999991318
381.93399998999666
380.3770000085933
432.1516999916639
381.5713000076357
374.2944000114221
398.44830000947695
386.3044999889098
431.2814000004437
383.3736999949906
392.4775000050431
401.05519999633543
386.3726999989012
432.5838999939151
385.34429999708664
382.609100008267
366.4613000000827
384.50299999385606
434.69009999535047
405.8562999998685
401.0597000014968
373.6656999972183
387.4548000021605
452.94380000268575
385.20550000248477
384.84099999186583
386.5832000010414
381.9078999949852
455.29279999027494
383.7009999988368
384.03980000293814
383.0054999998538
382.6536999986274
435.1419000013266
381.96179999795277
384.6447999967495
384.6085999975912
382.72879998839926
433.8048999925377
383.30169999971986
382.62760000361595
366.63160000171047
382.4639000085881
434.3261000030907
385.52090000302996
384.30930000322405
382.8605000016978
382.59280000056606
433.68240000563674
382.6664999942295
385.05280000390485
385.99409999733325
384.260600010748
432.7380000031553
381.96590000006836
383.6582000076305
384.9272999941604
384.0721000015037
466.5794000029564
386.3396999950055
383.87130000046454
364.84070000005886
383.99390000267886
458.2341999921482
401.773100005812
381.02870000875555
382.73739999567624
380.34930000139866
433.99950000457466
382.15849999687634
379.52790000417735
381.219399991096
382.7078000031179
434.4044999888865
380.22400000772905
379.03659998846706
380.10140000551473
362.4734999903012
429.37490000622347
380.6668000033824
380.2993000135757
373.9192999928491
395.21349999995437
460.9894000022905
378.2998999959091
390.22219998878427
384.8035999981221
379.6168000117177
429.84169999544974
380.21439999283757
379.5234999997774
381.1125000065658
378.03759999223985
437.37030000193045
382.3487000045134
377.2923999931663
377.0231000089552
378.7034999986645
428.3049000077881
362.62149999674875
359.90480000327807
359.21770001004916
368.205200007651
406.00849999464117
390.3701999952318
377.8009999950882
383.1910000008065
371.39359999855515
459.7226999903796
399.94420000584796
390.6507000065176
393.05070000409614
379.9665999977151
425.8515000110492
379.82990000455175
379.88720000430476
376.86059999396093
379.07239999913145
428.32340000313707
379.98540000990033
379.8494000075152
390.15330000256654
393.27900001080707
424.8185999895213
380.94160000036936
379.9373000074411
380.7284000067739
392.06860000558663
421.64749999938067
381.59360000281595
381.6573999938555
378.5096999927191
399.94870001100935
457.17470000090543
368.0487999954494
375.2285000082338
380.1335000025574
380.03159999789204
438.9372000005096
388.94380000419915
381.9879999937257
380.3162000112934
379.8794000031194
430.6732999975793
379.713600006653
381.36990000202786
392.43079999869224
381.00009999470785
443.8990999915404
385.6311999988975
382.64469998830464
380.23659998725634
380.16329999663867
410.3368999931263
364.30669999390375
394.4664000009652
379.89419999939855
378.97169998905156
428.3646999974735
378.505500004394
373.35979999625124
378.2096999930218
382.78330001048744
428.61780000384897
376.35320000117645
380.940200004261
377.9886999982409
379.40469999739435
426.16540000017267
378.9766999980202
378.52520000888035
381.0507000016514
381.00959999428596
408.7511999969138
361.18449999776203
380.6388000084553
383.0963999935193
381.193399996846
432.12329999369103
384.4329999992624
379.94099999195896
382.41000000562053
380.2094999991823
431.3345999980811
381.72179998946376
382.55509998998605
381.47430001117755
381.49949999933597
437.54889999399893
380.9303000016371
364.40249999577645
385.2842000051169
385.2811000106158
429.65380000532605
383.56349999958184
383.9548999967519
384.42319999739993
382.28579999122303
432.7599999960512
382.3169999959646
384.10720000683796
383.97720000648405
385.13130000501405
442.14120000833645
403.51379998901393
384.1561000008369
385.231099993689
416.14580000168644
463.69469999626745
386.55009999638423
385.13579999562353
387.7509000012651
386.3771999895107
434.3508000019938
386.00189999851864
365.3746000054525
388.7850999890361
382.3197000019718
436.2820999958785
384.51550000172574
386.04680000571534
388.095100002829
384.2869000072824
435.9303000092041
385.0724999938393
384.25450000795536
384.06039999972563
384.747599993716
431.5725999913411
385.93410000612494
384.5997000025818
410.46410000126343
372.91600000753533
424.7929999983171
387.4188000045251
394.324000008055
382.50910000351723
384.6932000014931
413.1964000116568
385.61129999288823
382.8436000039801
385.886499992921
386.4595999912126
434.4522000028519
367.304300001706
384.2683999973815
382.9014999937499
381.48260000161827
431.091499995091
382.90349999442697
384.93040000321344
384.36430000001565
387.3980000062147
433.4285000077216
383.5158000001684
382.56500000716187
383.276599997771
384.88369999686256
432.0694999914849
382.6210999977775
362.4850000051083
384.2275999923004
389.0358000062406
429.31859999953303
383.5170999955153
380.31120000232477
383.92079999903217
383.64320000982843
430.5575000034878
381.5087999973912
382.2323999920627
380.00170000304934
384.1587999922922
428.4066999971401
403.695200002403
367.7816999988863
381.2876000010874
373.6705999908736
432.3626000114018
371.5685999923153
386.5488000010373
379.3983999930788
377.72180000320077
428.4202999988338
379.7179000102915
376.02630000037607
380.56130000040866
381.60639999841806
429.0391999966232
358.51190000539646
358.55020000599325
360.18269999476615
361.46200000075623
429.0922999934992
380.3858000028413
382.41439999546856
383.1567000015639
400.67719999933615
430.2951999998186
378.54249999509193
379.9287000001641
368.9499000029173
402.62199999415316
436.614100006409
381.7372999910731
378.4235000057379
379.3732999911299
377.8189000004204
428.73829999007285
375.3868999920087
386.42770001024473
377.00899998890236
376.51159999950323
425.261500000488
375.40840001020115
376.07259998912923
375.6085999921197
374.9697000021115
424.3944000045303
378.2828999974299
378.98690000292845
378.29079999937676
376.7022999963956
425.79719999048393
384.05159999092575
380.7438999938313
384.34580000466667
378.48919999669306
406.2359999952605
375.13790000230074
374.41629999375436
375.81159999535885
377.87219999881927
423.6716000013985
380.09669999883045
381.79430000309367
376.58189999638125
388.6893000017153
439.20670000079554
376.23660000099335
382.4648000008892
377.20649999391753
375.4606000002241
424.5655000122497
377.0425999973668
376.9330999930389
376.3572000025306
374.7605999960797
404.4528999947943
373.8311000051908
376.1467000003904
376.41110000549816
375.83429999358486
425.85040000267327
376.04850000934675
375.2793000021484
375.8726999949431
375.15029999485705
424.5859000075143
356.8398000061279
361.6784000041662
360.360300008324
360.79289999906905
412.0312000013655
381.08310000097845
379.44429999333806
379.486400008318
380.6953000021167
428.5740000050282
378.7946000084048
378.41070001013577
379.3369999912102
377.0498000085354
427.36560000048485
380.94669999554753
381.44029999966733
379.6884999901522
377.21190000593197
422.49620000075083
378.6943000013707
376.45729999348987
360.9102999907918
377.00809999660123
426.6933000035351
377.5632000033511
378.5818000033032
378.96279999404214
378.7419000000227
427.1598999912385
378.42050001199823
377.0902000105707
377.8223999979673
377.6060999953188
427.91240000224207
389.6608999930322
370.3358000057051
401.71320000081323
391.53320000332315
431.2919000076363
379.0463999903295
379.43519999680575
381.08500000089407
381.45479999366216
429.18429999554064
380.87110000196844
376.9395999988774
369.88829998881556
370.80439999408554
424.98609999893233
378.68550000712276
382.1142999950098
370.61610000091605
380.1550999924075
445.4891000059433
450.9309999994002
447.50419999763835
430.0777000025846
438.06729999778327
455.36220000940375
393.93330000166316
362.1372000052361
363.52359999727923
359.907199992449
407.6913000026252
399.14979999593925
379.4942000095034
379.50690000434406
431.2376000016229
459.4589000043925
439.934699999867
413.0306000006385
413.6419999995269
375.2263999922434
428.4899999911431
378.7836999981664
395.2125999931013
415.63760000281036
386.53059999342076
430.52359999273904
379.7723000025144
379.82909999846015
381.1152999987826
377.3323000059463
429.8990999959642
382.1989999996731
378.2798000029288
380.78710000263527
378.2195999956457
427.67380000441335
376.8201000057161
383.9349000045331
377.5558000052115
382.280300007551
431.3821999967331
378.1943000067258
376.80749999708496
380.07630000356585
382.5645000033546
429.544700004044
382.59670000115875
378.7125999951968
380.52109999989625
378.29039999633096
427.0585999911418
379.172999993898
378.75350000103936
378.74870000814553
380.9134000039194
425.73190000257455
380.2008999919053
404.04680000210647
383.447400003206
382.281400001375
427.5021000066772
387.27959999232553
379.2190000094706
377.8301999991527
380.7636999990791
424.12850000255276
377.4903000012273
389.8903999943286
379.0642999956617
359.96970000269357
426.0924999980489
376.9816999993054
376.80850000469945
377.5877000007313
377.5713000068208
427.66079999273643
379.58849999995437
378.1211000023177
376.79159999242984
376.1798999912571
426.1735000036424
376.8510999943828
379.1971000027843
376.20059998880606
373.693400004413
461.1433000100078
375.8030000026338
375.18600000476
374.5137999940198
378.93640001129825
444.50130000768695
405.1432999985991
376.3591000024462
379.66239999514073
375.5897999944864
427.4710000026971
375.3624000091804
378.98979999590665
376.91750000522006
377.0585000020219
428.689199994551
376.6996000049403
371.8141999997897
384.7191999957431
375.1412999990862
428.59120000503026
377.56909999006893
407.60260001115967
392.4391999898944
376.12639999133535
429.3737999978475
375.432799992268
377.76979999034666
378.9783999964129
381.63089999579825
427.14990000240505
376.9670000037877
375.89569999545347
376.3448999961838
401.09460000530817
452.2069999948144
360.55909999413416
399.3603999988409
396.71000000089407
376.3710999919567
425.84559999522753
377.57589999819174
377.0070000027772
377.6512000040384
378.5478000063449
425.28130000573583
360.62330000277143
374.3716000026325
380.01389999408275
375.5380999937188
429.1490000032354
371.87030000495724
372.6625999988755
376.75060000037774
374.9846999999136
422.19979999936186
358.8076000014553
373.58700000913814
374.00899999192916
373.78850000095554
424.0399999980582
374.3625999923097
375.3071000101045
377.6806000096258
377.76420000591315
424.19340000196826
357.55849999259226
375.60539999685716
382.278299992322
370.6783999950858
422.8071999968961
373.79549999604933
376.022099997499
376.4716000005137
375.6892999954289
423.1519000022672
357.0703000004869
376.69170000299346
373.78319998970255
373.87920000765007
426.05160000675824
373.79800000053365
378.55419999687
378.33200000750367
375.6281999958446
430.04750000545755
377.0779000042239
378.3360000088578
379.1957000066759
377.82110000262037
426.82540000532754
359.7700999962399
357.9084000084549
360.3977000020677
358.3943999983603
409.3420999997761
376.3649000029545
376.3924000086263
382.60430000082124
378.21620001341216
425.3463000059128
376.31190000684
375.3506000066409
375.36619999445975
376.86370000301395
423.7113999988651
374.09009999828413
372.50319999293424
374.93620000896044
375.95270000747405
408.4603000083007
373.67999998969026
376.73869999707676
376.01249999715947
380.1162000017939
425.059200002579
375.5161000008229
376.44239999644924
375.7274999952642
376.8086000054609
406.79890000319574
376.27330000395887
374.2065999977058
375.36350000300445
377.37420000485145
425.74900000181515
376.7173999949591
407.39550000580493
376.1147000041092
376.9629000016721
421.0101999924518
375.3086000069743
373.0144000001019
386.334299997543
362.15590000210796
416.68270000081975
375.3887000057148
377.5023000052897
375.8471000037389
378.79450000764336
427.3408000008203
356.8885999993654
376.50870000652503
375.7024999940768
376.3882999919588
427.2966999997152
377.3691999958828
376.17109999700915
375.9707999997772
377.28319999587256
423.3486000011908
348.39700000884477
377.94920000305865
372.2029000055045
377.2490999981528
435.41999999433756
385.44689999253023
377.09529999119695
377.7813999913633
378.82270000409335
456.69530000304803
358.9121000113664
378.0397000082303
377.7487000043038
375.8159999997588
427.932000005967
407.9928999999538
389.8654000076931
378.1635000050301
378.6006999871461
425.1891000021715
361.9288000045344
376.0160999954678
375.41169999167323
384.0518999932101
442.5976000056835
380.755299993325
374.3681000050856
376.336999994237
375.9557000012137
423.20350000227336
360.8344000094803
381.54129999747965
389.13989999855403
377.7585000061663
425.46800000127405
381.37299999652896
383.1103999982588
377.956099997391
376.40330000431277
440.8538999996381
363.7261999974726
370.76650001108646
374.4700999959605
381.1013999948045
429.12620000424795
378.6882999993395
374.9849000014365
373.8914000132354
376.9081000064034
423.69260000123177
382.6554999977816
377.3931000032462
358.97699999623
377.1666999964509
421.86500001116656
375.0727000006009
375.23230000806507
380.7046000001719
376.0348000068916
422.44700000446755
376.0651000047801
376.24260000302456
355.23250000551343
378.26850000419654
424.20570000831503
379.5637000002898
394.75550000497606
380.96709999081213
389.2513000027975
420.31230000429787
397.3175999999512
394.2259999894304
349.11860000283923
373.4751000010874
450.0442000135081
376.84479999006726
382.8895000042394
381.89750000310596
375.0255000049947
422.8713000047719
373.94160000258125
378.99949999700766
361.2029000069015
376.79570000909735
460.2817000122741
412.5493000028655
391.0671000048751
378.9191999967443
377.0282000041334
430.3855000034673
376.4426999987336
375.3085999924224
378.94409999717027
381.6847999987658
428.8269999960903
377.4600000033388
379.8587000055704
380.88060000154655
376.91459999768995
425.5756000056863
381.60120000247844
379.6600999921793
380.10329999087844
378.6229000106687
429.61469999863766
378.3619000023464
379.1484999965178
397.5972000043839
387.80209999822546
426.2839999864809
377.94449999637436
378.0454999941867
379.78990000556223
378.43749999592546
432.19890000182204
385.1663999957964
380.4105999879539
379.094999996596
380.4200000013225
426.89589998917654
379.5088999904692
387.4869999999646
375.1376000000164
389.4254000042565
430.4727999988245
379.4130999885965
381.0849000001326
378.0423999996856
380.244700005278
431.14780000178143
379.45150000450667
377.7999000012642
378.8532999897143
380.6512000010116
429.24509999284055
363.97150000266265
383.3066999941366
373.53969999821857
379.37500000407454
425.5449999909615
379.7116000059759
376.91459999768995
378.2379999902332
379.189100000076
427.9249999963213
358.4059000131674
376.2373000063235
373.2192000024952
382.27690001076553
463.59480000683106
391.7568000033498
379.6868999925209
404.2418000026373
379.5764000096824
447.3889000073541
377.456300004269
380.68099999509286
380.0508999993326
382.75929998781066
433.2446000044001
379.38800000119954
380.6736999977147
379.82719999854453
398.53609999408945
432.97410001105163
406.35659999679774
382.6598999876296
383.0508999963058
380.83999999798834
429.6831999963615
406.6549999988638
381.28859999415
381.89730000158306
400.8328999916557
432.16229999961797
379.1885000100592
380.7570999924792
377.8275999939069
377.58250000479165
427.96939999971073
409.5977000106359
405.59740000753663
379.3906000064453
377.00439999753144
428.7705999886384
378.2573000062257
381.83669999125414
376.399600005243
379.65519999852404
430.7603999914136
362.888000003295
358.6500999954296
357.9881000041496
356.16350000782404
407.63990000414196
379.1692999948282
376.40079999982845
377.997100003995
376.21950000175275
427.01990000205114
377.56419999641366
379.45680000120774
377.97020000289194
377.08370000473224
426.5721999981906
378.5482000093907
388.7266000092495
382.9661999916425
379.7255999961635
426.97270000644494
380.2249000000302
375.33180000900757
377.276899991557
361.1615999980131
425.138100006734
380.05409999459516
375.96219999250025
373.0269999941811
383.3306000015
429.6133000025293
381.0774000012316
378.41770000522956
380.5215999891516
382.3837999952957
428.72589999751654
381.7676000035135
377.04049999592826
375.2129999920726
379.0823999879649
455.59030000003986
391.9857000000775
377.1131000103196
376.69929998810403
377.63730000006035
428.58910000359174
376.80150000960566
376.9646000000648
375.6330999894999
376.3226999872131
425.4737000010209
361.65530000289436
358.97790000308305
375.23520000104327
374.9664000060875
425.30399998940993
376.58539999392815
381.86470000073314
371.7763000022387
373.34540000301786
424.7566999983974
378.14469999284483
359.8502000095323
377.5199999945471
378.3067000040319
424.19710000103805
378.68860000162385
376.9595999910962
384.97139999526553
371.754099993268
443.266100002802
379.1556999931345
359.48320000898093
376.64429999131244
379.0568999975221
424.9756999925012
374.9818999931449
375.76090000220574
377.9825000092387
376.5782999980729
424.7907000099076
378.5143999994034
362.5433000124758
371.55489998986013
381.240999995498
428.69419998896774
378.8092000031611
378.1390000076499
379.51140000950545
376.6535000031581
428.91089999466203
379.80209999659564
377.8399000002537
384.43390000611544
378.4318000107305
421.68290000699926
377.8438000008464
376.78029999369755
381.9103999994695
377.26690000272356
426.21010000584647
357.84480000438634
376.7482999974163
378.1315999949584
377.683500002604
429.91379999148194
391.17060000717174
381.905000002007
380.27490000240505
373.8565999956336
427.78939999698196
379.98879999213386
377.3406999971485
377.39829999918584
377.5290999910794
424.6583000058308
378.71129999984987
377.41190000087954
380.1776000036625
378.80350000341423
424.78180000034627
378.0815999925835
377.5762000004761
377.4669999984326
383.6730000039097
428.52220000349917
385.9662000031676
380.01619999704417
377.31490000442136
380.92349999351427
433.4926000010455
393.6676000012085
380.6456000020262
379.9697000067681
381.3038999942364
427.4501999898348
382.7080000046408
379.543899995042
360.10730000270996
383.47669999348
427.0175999990897
376.96920000598766
380.1383999962127
380.09979999333154
379.3647999991663
427.89569999149535
377.7895999955945
382.0202000060817
378.0737000051886
379.11999999778345
442.1569999976782
389.9948000034783
380.0598999951035
360.39610000443645
381.9507999869529
431.9454000069527
388.90999999421183
387.87910000246484
378.89029999496415
380.6559999939054
429.70429999695625
379.2821999959415
400.2263000002131
397.0169999956852
410.10649999952875
481.07739999250043
408.27250000438653
424.94350000924896
388.05489998776466
388.5708000016166
430.56959999375977
478.13160000077914
452.67120000789873
404.51159999065567
401.4857000001939
450.5968000012217
412.49029999016784
427.3774000030244
414.01439999754075
407.10339999350253
481.7991999880178
407.92660000442993
433.3429999969667
440.8562000025995
438.21330000355374
457.79629999015015
407.7304000093136
412.03999999561347
417.6830000069458
415.40440000244416
479.06159999547526
442.2028999979375
428.4216999949422
411.6672000091057
432.97639999946114
472.00949999387376
437.58830000297166
437.01020001026336
412.67799999332055
462.13519999582786
431.5309000085108
385.36369999928866
383.01969999156427
378.5125000140397
377.46409999090247
428.2500999979675
380.16450000577606
383.2946000038646
377.9211000073701
377.70180001098197
429.9098000046797
378.6596999998437
360.67110000294633
375.9286999993492
377.89000000339
430.26259999896865
379.2327999981353
381.33920000109356
380.7515000080457
383.3530000119936
428.78009998821653
380.9728000051109
381.9614999956684
381.15970000217203
379.18139999965206
427.27970000123605
379.422700003488
386.5672999963863
367.4738999980036
379.98709999374114
426.5386000042781
377.94649999705143
391.90959998813923
388.1877999956487
377.57120000605937
429.72179999924265
380.1361999940127
382.341999997152
381.81839999742806
376.1322999926051
427.3781000083545
379.51799998700153
378.0276000034064
379.8860999959288
376.8653000006452
424.5939999964321
376.24810000124853
379.49510000180453
379.20690000464674
374.27530001150444
425.86400000436697
376.3383000041358
378.3459000114817
379.20239999948535
378.089000005275
426.96139999316074
379.4396000012057
375.56359999871347
377.3190999927465
379.15970000904053
427.5519999937387
378.9624999917578
380.0307000055909
382.1666000003461
382.50030000926927
435.9868000028655
378.77019999723416
379.43580000137445
374.6574000106193
385.3808999992907
437.96429999929387
380.1655999996001
381.8235999933677
381.5035000006901
380.18349999038037
430.3057999932207
381.38559999060817
380.20030000188854
380.67290000617504
379.6858000132488
429.3710000056308
380.05239999620244
379.9609999987297
379.334099998232
383.09770000341814
422.05870000179857
405.72040001279674
388.37129999592435
408.64379999402445
401.56769999885
454.4464000064181
376.61340000340715
382.51509999099653
381.38859999889974
383.48629999381956
428.1549000006635
381.26190000912175
379.02480000047944
380.7562999863876
383.04770000104327
435.4779999994207
395.63870000711177
390.3743000118993
393.7711000035051
385.553300002357
430.9839000052307
380.57690000277944
360.6260999949882
379.16719999338966
380.7080999977188
430.73539999022614
382.5284000049578
379.32520000322256
382.85520000499673
383.8652000122238
429.0499000053387
379.2629000090528
380.0533000030555
380.60840000980534
384.3695000105072
415.76940000231843
380.3526999981841
401.62220000638627
398.34699999482837
388.7456999946153
447.530800011009
379.7313999966718
380.09320000128355
381.0158999986015
380.99330000113696
429.2379000107758
380.25780000316445
381.1184000078356
381.2374999979511
381.92799998796545
427.6402999967104
378.4619000070961
378.8870999997016
377.99140000424813
381.1195000016596
427.33590000716504
377.39340000553057
379.7476000036113
378.4956000017701
378.3813000045484
427.5592000049073
376.78730000334326
378.62470000982285
380.49450000107754
378.3016000088537
433.58660000376403
378.4585000103107
381.20030000573024
380.3573999903165
390.8798000047682
439.04849998943973
374.1528999962611
361.53950000880286
390.93929999216925
411.63760000199545
430.5751999927452
379.07710000581574
381.17659999988973
376.57939999189693
380.64799999119714
433.1421999959275
384.1647999943234
379.9559000035515
381.07360000140034
387.935099992319
433.4085000009509
380.0907999975607
362.7097999997204
380.24999998742715
379.85399999888614
429.35019999276847
383.019199987757
380.84250000247266
381.29180000396445
378.5451000003377
426.15240000304766
377.8411999956006
380.78560000576545
377.64800000877585
392.171799991047
427.32669999531936
379.9619000055827
379.05430000682827
383.599900000263
379.0088999958243
431.1586000112584
379.5012000045972
379.3151999998372
379.35030000517145
378.9927999896463
425.8934999961639
380.9656000084942
379.98460000380874
379.39790000382345
379.4341000029817
429.80939999688417
380.33059998997487
379.02440001198556
378.66139999823645
381.7512999958126
430.9410999994725
378.9147000061348
378.5961999965366
379.06720000319183
379.7115000052145
427.1517000015592
383.10779999301303
377.7960000006715
376.4818999916315
379.72420000005513
427.9192999965744
377.2960000060266
380.4314000008162
360.1705999899423
378.2753999985289
426.7226999945706
360.67239999829326
380.46260000555776
378.08039999799803
381.04839999869
428.21090000506956
379.8369999858551
382.6612999982899
378.63850001303945
379.4759000011254
429.48429999523796
379.3653000029735
381.9900999951642
381.00459999986924
378.90470000274945
407.6394000003347
363.9943000016501
384.17809999373276
376.98220000311267
382.2007999988273
428.7233000068227
380.4564999882132
382.57319999684114
378.4868000075221
379.84700000379235
427.71750000247266
378.88599999132566
382.2204000025522
384.41169999714475
379.4665999885183
409.6280000085244
360.90290000720415
378.0010000045877
382.4851999961538
379.27060000947677
438.6917999945581
397.6202999911038
395.67189999797847
379.11300000268966
378.8646000029985
428.97829999856185
395.3221999981906
379.34100000711624
380.1151999941794
390.3269000002183
439.868600005866
378.49370000185445
361.1940999981016
381.265899995924
380.9666000015568
428.8169000064954
378.01739999849815
377.1619999897666
379.85299999127164
378.52790000033565
432.64619998808485
378.299900010461
379.4478000054369
380.7989000051748
378.3830000029411
427.97520000021905
378.29140000394545
359.9800000083633
379.6437000128208
381.3903999980539
427.8388999955496
380.2659999928437
379.71889998880215
382.7078000031179
382.4991000001319
432.08629998844117
380.3065999964019
379.4553000043379
379.5611999958055
379.93209999694955
429.62680000346154
382.72789999609813
378.9217000012286
394.4537999923341
382.45950000418816
426.2961000058567
379.77200000023004
395.74250001169275
376.6174999909708
379.0544000075897
427.2315999987768
381.5052999998443
380.7237000000896
378.41420000768267
381.52029999764636
426.6111000033561
380.33859999268316
379.8803000099724
381.91909999295603
382.19540000136476
428.2495000079507
380.3786000062246
379.4101000094088
379.3489000090631
378.93150000309106
428.3304000127828
395.1999999990221
412.393599995994
390.3266999986954
378.5024999961024
416.21239999949466
377.8694000066025
380.2129999967292
377.86779999441933
379.1399000037927
428.147300001001
381.01920000917744
378.1027999939397
380.1662000041688
379.74649999523535
429.36910000571515
378.28190000436734
360.36270001204684
374.3289999983972
380.63810000312515
449.78580001043156
381.99350000650156
381.2120000075083
383.5854000062682
396.57209999859333
427.38789999566507
380.93579999986105
380.64039999153465
375.34060000325553
375.32069999724627
429.66720000549685
374.83630000497214
358.46240000682883
376.87380000716075
376.08659999386873
427.94290000165347
379.0655000047991
378.753199998755
378.9517999975942
375.2987000043504
427.28480001096614
376.8631999992067
356.1158999946201
376.27039999642875
375.458599999547
427.6752000005217
378.50649999745656
397.2635999962222
375.90080000518356
378.2560000108788
424.5616999978665
379.85830000252463
357.36129998986144
375.1322000025539
376.5653000009479
424.10849999578204
380.3078000055393
376.77780000376515
378.68340000568423
382.6584000053117
445.2146000112407
411.5550999995321
385.47140000446234
375.89460000162944
379.15979999525007
429.8834000073839
380.14740000653546
378.22210000013
379.3344000005163
377.79719999525696
423.7162000063108
376.8034999957308
358.3696999994572
376.82520000089426
378.01760000002105
423.800399992615
377.0871000015177
375.3622000076575
377.60639999760315
376.0215999936918
425.23310000251513
376.09859999793116
359.1344000014942
373.6005999962799
376.6079999913927
425.3288999898359
375.8769999985816
382.5446000118973
376.065499993274
375.57079999533016
426.44949999521486
375.7330000080401
377.7925000031246
358.760600007372
374.57919999724254
424.8260000022128
375.771100007114
375.63319999026135
383.3835999976145
385.19929999893066
423.7254999898141
375.154699999257
377.4373999913223
375.78129999747034
379.6235999907367
424.0331999899354
377.80209998891223
378.2633000082569
379.51940001221374
376.65640001068823
426.87900000601076
360.0082999910228
357.9756999970414
362.2756999975536
362.3933000053512
418.9050999993924
374.7245999984443
376.0603000118863
379.7451999998884
371.21930001012515
418.97070000413805
391.0667000018293
377.23269998969045
383.2109000068158
378.32990000606515
425.27599999448285
378.43970001267735
378.42340000497643
376.331499996013
377.8372000087984
426.243500012788
379.57629999436904
376.3431999977911
378.57299999450333
377.13259999873117
424.7465999942506
378.3891999919433
401.65699999488425
384.33570000051986
379.643300009775
427.4069000093732
379.2258000030415
377.17829999746755
380.0007999961963
378.2525999995414
424.91590000281576
378.667700002552
377.8318999975454
375.5520999984583
380.08909999916796
425.9724000003189
376.35959999170154
380.4219000012381
378.0380999960471
379.8093999939738
430.64059999596793
378.7406000046758
379.6971999981906
381.82080000115093
380.5894000106491
428.75969999295194
381.07279999530874
379.42179999663495
380.5701999954181
370.83509999501985
430.9635000099661
376.9124999962514
378.2294999982696
378.10120001086034
376.65340000239667
428.32690000068396
378.38059999921825
376.43809999281075
376.132300007157
379.59300000511575
427.37220000708476
362.103700012085
358.0177000112599
359.6186999930069
359.4697000080487
426.87959999602754
377.79900000896305
377.11940000008326
377.06850000540726
376.2859999987995
427.40559999947436
378.457900005742
376.6955000028247
378.55699998908676
378.04480000340845
427.98670000047423
376.4702999906149
376.3397000002442
376.1755000014091
377.91809999907855
428.0521999899065
378.39710000844207
377.56480000098236
377.5463000056334
377.99680000171065
424.55840000184253
379.3571999995038
375.37439999869093
378.885199999786
378.0925000028219
425.92680000234395
380.2233000023989
398.1177000096068
380.18670000019483
375.8127999899443
424.04549999628216
376.74360000528395
375.9178000036627
377.06669999170117
384.6921999938786
424.09529999713413
379.59359999513254
377.7040999993915
375.527800002601
375.07679998816457
402.96910000324715
377.97780000255443
376.02150000748225
375.8347999973921
377.3895999911474
428.11280000023544
379.2388000001665
378.923099997337
375.0276000064332
377.08170000405516
409.1041000065161
375.0127999956021
378.0862999992678
375.0212999875657
376.21769998804666
426.8004000041401
435.3412000054959
388.9367000083439
370.9765000094194
372.3831999959657
421.0698999959277
378.89789999462664
377.6291000103811
373.96900000749156
379.8504000005778
422.28009999962524
375.7021000055829
378.35650000488386
375.19579999207053
377.6161999994656
425.5451000062749
372.49909999081865
381.82040001265705
392.3207000043476
375.1699999993434
426.56789999455214
372.157599995262
390.0296000065282
391.69390000461135
383.66159998986404
416.0740999941481
366.40639998950064
374.8758000001544
384.64430000749417
391.59319999453146
425.33470000489615
378.29449999844655
374.03390000690706
374.3752000009408
373.2968999975128
423.54160000104457
356.9368000025861
375.553799996851
379.2308999982197
373.6812999995891
424.8978999967221
374.2593999922974
375.0861000007717
378.6184999917168
379.4506999984151
423.6120999994455
358.99210000934545
377.7774999907706
378.36270000843797
378.6432000051718
425.89820000284817
374.4749000034062
377.7680000057444
378.9580000011483
356.5727999957744
426.15300000761636
375.24979999579955
379.5021999976598
376.9291000062367
379.7195999941323
440.49100000120234
376.98610000370536
374.23580000177026
377.7076999976998
378.7732000055257
422.2944000066491
376.1434000043664
359.336000008625
374.4838999991771
385.0799000065308
465.1983000076143
395.7334000006085
379.7944000107236
375.7506999972975
376.2226999970153
423.51229999621864
377.05409999762196
358.32769999979064
376.4170000067679
378.18630000401754
425.78259999572765
375.28569999267347
379.77819998923223
376.18240001029335
377.3868999996921
420.21379999641795
372.14409999432974
348.18970000196714
372.0086999965133
369.4885000004433
428.51829998835456
374.3914999940898
377.17210000846535
376.83719999040477
376.95540000277106
427.7032000100007
376.72610000299755
355.4844000027515
376.4279000024544
373.9809999970021
424.20860000129323
402.61930000269786
404.719500002102
377.97140001202933
402.1649000060279
423.74199999903794
369.83389999659266
359.67489999893587
377.23659999028314
375.15009999333415
425.3160999942338
375.37029999657534
375.7426999945892
375.2481999981683
374.74359999760054
406.03169999667443
376.3565999979619
375.009700001101
376.9287000031909
375.8918000094127
422.6647000032244
384.72960000217427
376.39030000718776
395.31890000216663
367.728499986697
414.855399998487
376.9148999999743
376.37769999855664
378.3927000040421
377.5166999985231
423.99889999069273
380.02110000525136
376.6289000050165
374.3137999990722
374.7580999915954
424.28400000790134
377.5397999997949
375.9219000057783
374.6719999908237
375.6794999935664
425.7132999919122
375.85860000399407
357.7820999926189
375.91030000476167
375.8190999942599
424.10340000060387
376.56499999866355
378.58430000778753
375.752799998736
378.779199993005
426.7322000087006
378.1629000004614
381.0065999859944
378.699000008055
382.02889999956824
432.61059999349527
394.38199999858625
364.1868999984581
381.21619999583345
381.08890000148676
430.31840000185184
384.4690999976592
394.9560000037309
414.4756000023335
372.48710000130814
429.7500999964541
378.91769999987446
380.9536000044318
378.1337000109488
378.1357000116259
429.0405999927316
379.6371999924304
380.60350000159815
378.14679999428336
380.4107999894768
429.2188000108581
380.9635000070557
383.96749999083113
382.1362000016961
380.5121000041254
430.41980000270996
379.2037999955937
381.9791999994777
403.81130001333077
396.5415999991819
411.8179999932181
362.233699997887
380.7524000003468
382.54040000902023
375.5234999989625
431.498100006138
381.9943999988027
379.42939999629743
383.51510000939015
380.15090000408236
446.5788000088651
405.3069000074174
382.240399994771
387.684100001934
382.79980000515934
424.98140000679996
396.06820000335574
374.2841000057524
385.39149999269284
379.4200999982422
439.94340000790544
380.8126999938395
409.6231000003172
427.98389999370556
417.3806000035256
563.4913999965647
417.12769999867305
413.9341999980388
418.58489999140147
377.1577999868896
435.0698000052944
419.85909998766147
425.52790000627283
418.0569000018295
415.1367000013124
476.0913000063738
390.4208000021754
403.364199999487
394.1807999945013
403.0042000085814
459.75199999520555
424.8508999880869
433.60419999225996
401.8292999971891
411.55949998938013
492.6005000015721
427.6977999979863
391.56990000628866
417.2508000046946
405.70149999985006
454.5469000004232
391.27180000650696
377.45909999648575
403.56759999122005
362.8045999939786
418.0274000100326
374.3042999994941
397.2026999981608
391.16009999997914
382.9327999992529
428.0551999981981
386.75590000639204
380.5168999970192
392.14880000508856
393.81589999538846
437.3634000075981
386.6183999925852
379.6243999968283
376.85090000741184
383.71989999723155
414.87079999933485
386.4657000085572
379.4336999999359
385.0215999991633
388.1830999889644
428.85159999423195
399.34449999418575
378.4690999891609
387.60080000793096
389.3421000102535
414.2823000001954
381.09670000267215
382.16589999501593
377.4709999997867
496.1768000066513
450.52790000045206
379.5380999945337
379.1337000002386
375.6883000023663
369.4952999940142
431.1922000051709
381.080799998017
385.78460000280757
386.61889999639243
383.64960000035353
446.64820001344196
375.56459999177605
391.8146999931196
386.4876000006916
370.1029999938328
424.1360000014538
377.9338999884203
391.2716999911936
375.5992999940645
385.57879999279976
429.6128999994835
380.8826000022236
382.9215000005206
380.519500002265
366.24300001130905
423.7416999967536
383.5815000056755
379.6272999898065
384.83339999220334
379.92699998721946
435.06970000453293
390.61439999204595
389.6016999933636
391.19449999998324
365.6996000063373
429.21950000163633
382.821100007277
378.550900000846
385.3473000053782
384.6689000056358
430.0513000052888
361.5053999965312
378.6583999899449
414.1502000129549
388.42610000574496
432.3260999954073
377.4690999998711
359.7504000063054
377.80600000405684
378.47450000117533
426.40149999351706
383.80290000350215
376.6345000040019
375.70260000939015
377.5015999999596
434.32380000012927
382.8745000064373
380.77269999485
384.68920000013895
386.50439999764785
429.2669999995269
389.65619998634793
376.3050999987172
383.2729999994626
386.85870000335854
414.94820000662
401.57909999834374
382.3795000062091
378.0951000080677
376.61609999486245
430.84889999590814
383.0671000032453
384.61930000630673
406.1560999980429
361.76609998801723
455.211499996949
390.8538999967277
417.8944000013871
394.49120000062976
390.38879999134224
432.36890000116546
383.65249999333173
391.0232000052929
386.34969999839086
389.0432000043802
434.0253999980632
384.73819999489933
385.6437999929767
400.09229999850504
363.469999996596
439.2309000104433
382.989899997483
404.017599998042
392.367499996908
381.96859999152366
432.52360000042245
383.96279999869876
380.04689999797847
386.8800000054762
379.32370000635274
402.79440001177136
373.6226000037277
371.7910999985179
385.0955999951111
380.1401000091573
446.4717999944696
406.85620000294875
406.26289999636356
401.34979999857023
409.6214000019245
451.39149999886286
385.117400001036
380.56130000040866
385.70199999958277
384.75369999650866
452.51799999095965
385.85569999122526
398.1423000077484
393.2342000043718
402.7069000003394
446.3019999966491
399.0454000013415
376.80189999809954
376.1741000053007
374.88780000421684
424.6405000012601
386.9564999913564
410.6988999992609
375.2307999966433
374.72999999590684
423.6059999966528
374.1773999936413
374.0972999949008
374.93790000735316
373.73500000103377
424.3205999955535
373.90370000503026
374.9878999951761
355.52219999954104
375.09280000813305
422.32549999607727
373.4353000036208
375.70099999720696
373.7309999996796
376.303299999563
424.8374999879161
378.49309999728575
373.20940000063274
372.49059999885503
374.0840999962529
419.4310000020778
372.2237000038149
378.4947999956785
357.51519999757875
374.1316999949049
420.62730000179727
385.3004999982659
374.045099990326
371.121399992262
373.4139000007417
422.93200000131037
373.5806000040611
371.32809999457095
370.6762000074377
374.42860000010114
421.195600007195
374.56379999639466
371.63979999604635
372.0764000026975
374.59590000798926
425.7069000013871
373.9869999990333
353.49959999439307
372.42839999089483
372.54299999040086
424.5441000093706
371.9474999961676
370.5861999915214
371.74319999758154
374.1180000070017
444.1470999881858
367.7579999930458
365.13200000626966
378.1989999988582
371.47559999721125
461.9856999925105
374.97599999187514
373.63380000169855
370.3786999976728
371.36269999609794
419.8873999994248
373.0565000005299
372.16199999966193
372.9228000011062
372.7311000111513
417.63860000355635
372.85879999399185
374.5017000037478
373.9144999999553
356.33720000623725
429.6235999936471
373.58929999754764
373.16780000401195
371.61919999925885
371.698999995715
421.85509999399073
371.797300002072
372.05960000574123
370.58419999084435
371.2572999938857
421.1295999994036
373.09259999892674
369.4732000003569
372.45850000181235
373.017499994603
422.2065000067232
371.8838000058895
375.2133999951184
359.0349000005517
374.6888999885414
421.3990999996895
352.2988000040641
372.98709999595303
375.12889999197796
352.4486000096658
423.1687999999849
372.17580000287853
369.4148999929894
370.43460000131745
402.291200007312
420.44950000126846
372.3118999914732
370.34319998929277
364.1438000049675
386.09879999421537
418.9239999977872
371.3312999898335
370.59630001022015
371.9810000038706
368.2771000021603
418.1830000015907
367.0856999960961
369.1400999960024
370.1177000039024
369.1785999981221
415.9925999992993
366.46759998984635
368.1974000064656
386.0772000043653
374.3070000055013
423.49709999689367
371.91440000606235
372.5474000093527
385.41970000369474
373.6981999973068
438.73209999583196
370.7465999905253
370.9043999988353
371.67069999850355
374.1578000044683
420.1250999904005
383.8316999899689
350.6589000025997
378.3733000018401
372.9262999986531
416.02989999228157
369.3293999967864
370.71809999179095
368.89090000477154
372.0205999998143
419.31019999901764
368.85739999706857
367.80359999102075
368.3002000034321
370.6341000070097
419.412299990654
370.53739999828395
370.8939000061946
367.08560000988655
372.67169999540783
431.2645999889355
368.6137000040617
370.05779999890365
369.074999995064
369.22329998924397
424.20249999850057
366.9394000025932
379.537300002994
366.92800000309944
368.9161999936914
422.7777999913087
369.47210000653286
369.3401000055019
369.5296999940183
351.33370000403374
418.7398999929428
368.01350000314415
368.0056000011973
368.1842000078177
374.4833000091603
417.54779999610037
369.2062000045553
372.6782000012463
379.93680000363383
369.57920000713784
418.40850000153296
368.445599990082
366.48100000456907
367.34969999815803
368.5721000074409
417.37179999472573
368.5352000029525
370.11369998799637
370.6211999960942
368.63159999484196
415.63529999984894
369.5625999971526
345.2176000137115
403.5942000045907
389.3376000050921
439.51039999956265
382.7945000084583
372.0632000040496
369.37960000068415
369.5082000049297
422.4960999999894
370.2033000008669
370.2101000089897
371.9056999980239
353.2063000020571
420.0390000041807
370.59039999439847
368.67630000051577
369.98879999737255
369.08249999396503
418.5750000033295
368.3139999920968
368.11260000104085
369.75019999954384
371.0595000011381
414.33230000257026
364.05080000986345
351.18789999978617
371.1459000041941
370.4809000046225
399.4822000095155
368.6894999991637
369.1467000026023
368.8393999909749
370.6663000048138
417.69009998824913
369.81819999346044
368.4812000137754
368.359900006908
376.96710000454914
416.93300000042655
371.23720000090543
370.5266000033589
345.44520000054035
370.93459999596234
421.0871999966912
365.93749999883585
367.65220000233967
358.57880000548903
368.0383000028087
396.1869999911869
366.88519999734126
367.98739999358077
371.0365000006277
367.96239999239333
416.88950000389013
369.9006999959238
367.15440000989474
367.75769999076147
368.32950000825804
419.83990000153426
367.78110000886954
368.6833000101615
367.9796999931568
370.3481999982614
431.331699990551
352.3879999993369
367.3664999951143
367.28109999967273
368.86269999376964
415.8175999909872
366.9542999996338
370.5439000041224
348.54240001004655
368.08330001076683
415.0307999952929
369.1771999874618
391.61190000595525
368.83240001043305
370.5820000031963
405.9707999986131
373.53159999474883
364.96639999677427
370.9976999962237
367.57590000343043
415.0826999975834
369.15959999896586
367.12189999525435
366.0865999991074
370.0003999983892
419.0588000055868
369.473900005687
373.14020001213066
371.9024000019999
368.22220000613015
411.94229999382515
351.70410000137053
371.14640000800136
367.5063999980921
365.7380000076955
418.6860999907367
367.42309998953715
370.28069999360014
350.7188000075985
368.15670000214595
417.9989999975078
371.63650000002235
369.88479999126866
369.6745000052033
369.92929999541957
399.9970000004396
368.41279998770915
369.6414000005461
369.25060000794474
367.8846999973757
416.57149999809917
374.27019998722244
366.03720000130124
390.29159999336116
383.6032000108389
433.33359999815
378.0408000020543
366.32030000328086
389.3644000054337
404.96910001093056
404.8841999901924
369.7466000012355
369.92470000404865
371.02999999478925
371.9541000027675
417.5883999996586
371.2396000046283
367.95310000889003
369.3931000016164
396.0004999971716
397.16139998927247
370.65549999533687
369.70989999827
367.7465999935521
369.8625999968499
398.83520000148565
371.8230999947991
369.590899994364
369.1301999933785
369.70280000241473
418.41270000441
369.3630000052508
367.26649999036454
368.6479000025429
371.67829999816604
418.2833999948343
371.46039999788627
366.5685999876587
368.7200999993365
369.5894000120461
416.2032000022009
366.96180001308676
349.84049999911804
367.7900999900885
380.7948000030592
417.50759999558795
366.8437000014819
369.3499999935739
369.04710000089835
348.4782000014093
419.071599986637
368.231200001901
367.01909999828786
372.10520000371616
367.61549999937415
419.16760000458453
365.79760001040995
363.0131999962032
373.630600006436
369.898099990678
418.99829999601934
369.4773000024725
369.55229999148287
367.4715999950422
368.33309999201447
416.6475999954855
370.1031999953557
370.0702000060119
369.517300001462
369.80190000031143
417.7424999943469
369.2477000004146
365.5356999952346
409.8445999989053
368.0977000040002
415.1869000052102
369.57409999740776
371.7847000079928
365.2901000023121
348.7299999978859
419.2023999930825
370.5539999937173
369.94409999169875
369.85099999583326
367.40849999478087
415.83349999564234
367.44449999241624
367.03160000615753
366.12109999987297
366.7305999988457
418.3152999903541
367.2201000008499
367.09449999034405
368.2457999966573
367.8974999929778
415.28739999921527
363.8868999987608
368.0800000001909
368.44679999921937
368.59280000498984
414.6125999977812
366.1527000076603
347.4687999987509
368.21109999436885
367.7190000016708
414.4557999970857
369.9300000007497
365.4131000075722
371.5964000002714
365.6755999982124
415.06859999208245
375.8992000075523
349.0635999914957
365.8614000014495
348.31129999656696
412.39529999438673
365.92929999460466
365.89420000382233
364.8290999990422
366.3646999921184
414.0415000001667
365.23989999841433
364.3866999918828
365.597500000149
363.6404999997467
414.2660999932559
364.9061000032816
363.68550000770483
360.15549999137875
365.91139998927247
417.0259999955306
366.25000000640284
364.9474999983795
365.28810000163503
364.6701999969082
414.28300000552554
364.152499998454
364.9682999966899
365.87799999688286
363.2272999966517
414.17610000644345
346.199899999192
366.5569000004325
345.16299999086186
367.8061999962665
393.27139999659266
369.49519999325275
346.0881000064546
364.4666999898618
366.11919999995735
413.8807999988785
369.3794999999227
368.08129999553785
366.9990000053076
348.15760000492446
417.4479999928735
365.6778000004124
367.45150000206195
370.3877000079956
371.9161000044551
425.2089000074193
367.44739999994636
368.46569999761414
365.61340000480413
368.91979999199975
415.6254999979865
369.9140999960946
347.80180000234395
368.11239999951795
347.72829999565147
416.5066999994451
366.90309998812154
367.64680000487715
377.4278999917442
389.5487999980105
415.3827999980422
367.60579999827314
366.9222000025911
369.82600000919774
376.0376999998698
453.19249999010935
375.1254999951925
370.7488999934867
367.5451000017347
367.7919000037946
414.54939999675844
368.92639999859966
370.01230000169016
368.4841000067536
366.62060000526253
413.6843000014778
387.8294000023743
391.3287999894237
363.2154999941122
362.7682000078494
408.3580000005895
366.9731999980286
369.1114999965066
368.47539999871515
369.07169999904
416.80810000980273
350.9381000039866
368.5556999989785
368.53269999846816
369.4850000028964
417.1637999970699
368.8308999990113
368.4186000027694
350.288499990711
369.38020000525285
417.91119999834336
367.3471000074642
367.6321000093594
366.20240000775084
370.2771000098437
398.5859999957029
368.62410001049284
380.2769000030821
370.03349998849444
370.01329999475274
419.5864000066649
362.0063999987906
368.0431000102544
367.06789999152534
368.0315000092378
436.99329999799374
361.2903000030201
385.2664000005461
369.5861000014702
367.5756000011461
426.5966999955708
375.698600008036
372.93889999273233
369.1850000031991
366.261699993629
416.30959999747574
361.32569999608677
368.3540000056382
406.66480000072625
397.02390000456944
423.9335000020219
380.5581000051461
369.07630000496283
367.6250999997137
365.7779000059236
418.74550000648014
369.19460000353865
367.2030000016093
366.0530000051949
365.6399000028614
421.8043000000762
366.75560000003316
370.7202000077814
370.71290001040325
392.5193000031868
413.27209999144543
364.62439999741036
369.9808999954257
377.00589999440126
383.5969999927329
406.83089999947697
341.9144000072265
396.28290000837296
367.9980000015348
395.4267999943113
434.7091000090586
378.2781000045361
367.0907000050647
365.439699991839
364.9442000023555
413.5931999917375
366.3289999967674
367.4238000094192
365.34459999529645
365.668900005403
414.01110000151675
365.17569998977706
366.0554000089178
364.9321999982931
363.61200000101235
413.62919998937286
363.7592000013683
365.8967999945162
366.991600007168
365.0816999870585
413.2108000048902
368.0049999966286
372.12229998840485
370.46510000072885
368.0456000001868
430.3966000006767
358.1061000004411
347.92210000159685
372.03139999473933
352.5439000077313
418.93709999567363
367.82810000295285
384.4113999948604
367.17910000879783
366.71129999740515
414.6963999955915
367.68120000488125
370.28960000316147
368.50219999905676
368.1810999987647
414.5667999982834
364.436999996542
365.9132999891881
365.24199999985285
367.3964000045089
416.17179999593645
371.1570000014035
362.22880000423174
367.4685000005411
381.45620000432245
421.07389999728184
365.1034000067739
364.62310000206344
364.4652000075439
365.3083999961382
413.7189000030048
345.38630000315607
364.7129000019049
345.85160001006443
366.96100000699516
394.1732000093907
368.0556000035722
362.42599999241065
368.8031000056071
371.3059000001522
414.5042000018293
364.35280001023784
364.11239999870304
363.8213999947766
362.80650000844616
413.20820001419634
366.80850000993814
365.75890000676736
364.670599999954
364.5388000004459
412.06360000069253
365.72610000439454
370.2621000120416
369.0019000059692
364.16970001300797
414.9420000030659
366.6376000037417
366.04899998928886
384.57840000046417
383.82060000731144
425.47589998866897
366.2465999950655
347.9250999953365
363.6316999909468
347.97750000143424
413.8449000020046
367.00919999566395
365.3702000010526
368.777499999851
366.45210000278894
416.21710000617895
364.2571999953361
366.0359000059543
368.3230999886291
366.83429998811334
419.53949999879114
366.7944999906467
372.5727000128245
385.70220000110567
366.7031000077259
416.3301000080537
368.78999999316875
368.98609998752363
368.39260000851937
366.6047000006074
416.2085999996634
367.8228000062518
367.0083000033628
365.88000001211185
367.54789999395143
417.49419999541715
367.07220000971574
365.60540000209585
367.09040000278037
365.7704999932321
413.835300001665
366.656400001375
347.39900000568014
368.2295000035083
350.044999999227
415.5304000014439
370.7614000013564
363.6053000082029
364.72919999505393
367.2230999945896
419.66639999009203
366.51930000516586
348.99629998835735
367.3484000028111
384.7278000030201
428.5768999980064
384.0230000059819
367.8393000009237
365.66969999694265
355.2380000037374
424.3620000052033
368.4823000075994
380.7656999997562
368.77190000086557
369.53799999901094
416.14210000261664
366.9198999996297
366.5703000006033
367.421100003412
369.7297000035178
442.7570999978343
405.9382999985246
386.0735000052955
368.17499999597203
369.0972000040347
412.4478000012459
402.0645999989938
368.18099999800324
366.7494999972405
373.0533000052674
416.8302999896696
369.52070001279935
348.63680000125896
368.77849999291357
369.82730000454467
416.8816000019433
368.9553999865893
368.54070000117645
369.63400000240654
348.95159999723546
416.9848999881651
370.6016000069212
369.80849999235943
369.5871000090847
368.7095000059344
417.5739999918733
371.2102999998024
370.28109999664593
369.037099997513
367.95869999332353
423.6617000133265
381.9876000052318
370.6564000021899
366.6290000110166
371.2017000070773
458.48729999852367
402.1694999973988
375.81899999349844
379.4644000008702
370.2114000043366
410.6807999924058
365.2696999924956
376.2177000025986
352.10790000564884
368.4979000099702
421.1068000004161
368.8382999971509
371.1900000052992
369.5183000090765
367.9100000008475
417.76609999942593
368.0437000002712
371.3854999950854
371.13359999784734
368.25849999149796
415.91699999116827
368.0146999977296
369.8463999899104
368.7416999891866
366.61630000162404
418.0610999901546
370.4130999976769
380.1501999987522
351.381800006493
370.6138999987161
415.3282000042964
367.9697000043234
369.1006000008201
370.4656000045361
373.47089999821037
423.8337999995565
373.3033000025898
374.58370000240393
363.1898000021465
369.37860000762157
415.89980000571813
365.55880001105834
368.190199995297
368.75700000382494
366.97170000115875
416.99250000237953
368.7781000044197
367.1239999966929
350.1426000002539
385.2531000011368
428.4356999996817
364.0657999931136
372.457100005704
376.7184000025736
359.55619999731425
417.18699999910314
361.056900001131
376.19419999828096
386.0435999959009
368.75310000323225
419.20720000052825
367.72470000141766
372.8835999936564
384.7862999973586
352.5699000019813
408.77340000588447
372.17649999365676
367.55369999445975
379.6567000099458
364.26690001098905
420.56729999603704
373.57609999889974
372.5152999977581
368.9196999912383
350.5352999927709
425.1332999992883
372.7408999984618
375.8374000026379
372.0130000001518
370.3195999987656
426.3340000034077
379.52270000823773
400.4015999962576
405.6695000035688
403.67449999030214
424.970599997323
374.128199997358
372.6941000059014
372.9487000091467
369.1785999981221
421.8783000105759
368.5010000044713
392.4533999961568
359.33519998798147
378.0723000090802
449.1927999915788
402.5223000062397
405.8041999960551
374.58600000536535
373.5290999902645
421.6965999949025
368.7030000000959
372.4262000032468
369.7643000050448
353.11640000145417
412.45319999870844
377.14409999898635
381.3356000027852
368.84310000459664
368.5738000058336
417.5472000060836
352.48289999435656
370.73020001116674
359.4085999939125
404.82470000279136
429.9105999962194
374.8143000120763
360.3817999974126
343.7859999976354
366.6679000016302
461.1568999971496
376.833300004364
374.6822999964934
369.5305000001099
369.16580000252
422.4572000093758
380.1096000097459
367.7642999973614
353.3404000045266
367.63320000318345
419.39589999674354
371.8245000054594
369.50770000112243
373.02130000898615
370.57309999363497
417.89590001280885
373.73430001025554
371.9188000104623
371.5142000000924
379.01019999117125
418.7388000136707
370.53120000928175
371.281400002772
378.40119999600574
370.0119999994058
420.9013999934541
381.37999999162275
365.6277999980375
352.88829999626614
388.4284999949159
419.83740001160186
369.3427999969572
370.7510999956867
369.9352999974508
372.57779999345075
416.60589999810327
364.45600001025014
370.00860000262037
369.918600001256
369.9940999940736
434.3438999931095
369.4976999977371
369.1555999976117
368.78150000120513
371.0136000008788
424.60420000134036
373.22839999978896
373.6244000028819
355.58339999988675
383.109800008242
428.5315000015544
378.1922000052873
366.3667000073474
367.90250000194646
383.6427000060212
430.1553999976022
372.25840000610333
395.42790000268724
380.21499999740627
369.72899999818765
419.3909000023268
372.75470000167843
370.6213999976171
365.1869000022998
369.5883999898797
420.3084999899147
373.01989999832585
369.57239999901503
351.859999995213
369.09199999354314
417.047700000694
369.56910000299104
370.49539999861736
371.09409998811316
367.5820000062231
417.41779999574646
373.24050000461284
368.4544999996433
370.1281999965431
371.3056999986293
418.24920001090504
372.261399999843
372.0686000015121
367.2369000123581
369.48219999612775
417.609199997969
375.7532000017818
364.645699999528
373.1473000079859
371.3640999922063
419.9793000007048
369.5380999997724
373.5632000025362
370.71909999940544
369.89859999448527
420.0855999952182
371.8916000070749
371.4006999944104
372.49519999022596
370.3568000055384
421.6430000087712
370.89649999688845
373.70039999950677
376.4272000116762
367.65960000047926
421.22720000043046
371.039199992083
370.6906000006711
373.08869999833405
381.66820000333246
397.6955999969505
363.5090999887325
371.470700003556
373.5893999983091
403.3820000040578
420.3086000052281
373.5999000055017
380.91049999638926
373.39689998771064
377.7508999919519
413.72699999192264
364.28770000929944
380.3470999991987
371.0018999991007
370.5310999939684
400.6835000036517
370.07699999958277
370.9808999992674
373.53430000075605
367.74239999067504
436.1477000056766
355.8181999978842
373.6435999890091
367.6825000002282
372.48609999369364
418.0996000068262
368.95689999801107
372.66860000090674
369.2601999937324
373.6044999968726
419.187299994519
368.35469999641646
371.37799999618437
371.64889999257866
370.1867000054335
422.4094000092009
375.6959000020288
370.11389998951927
376.55430000449996
357.49379999469966
424.07699998875614
370.773000002373
371.89629999920726
372.3275999946054
369.0941000095336
423.2429000112461
375.15150000399444
373.06520000856835
370.72570000600535
369.2917000007583
419.5197999943048
371.53760000364855
369.4604999909643
352.1528999990551
370.6800999934785
421.5674000006402
369.6866999962367
369.4455999939237
370.8727000048384
370.43110000377055
420.2768999966793
375.17579999985173
369.93400000210386
372.3131000006106
371.8617999984417
418.8248999998905
376.0615999926813
370.5044999951497
352.63860000122804
371.84190000698436
417.76340000797063
369.8588999977801
371.491199999582
372.03990000125486
369.5993000001181
415.06569999910425
370.65710000752006
351.5802000038093
366.9871000020066
368.25719999615103
398.3472000109032
371.1145999986911
372.31759999122005
384.3669000052614
404.42830001120456
449.45370001369156
371.1890999984462
373.9610999909928
370.2078999922378
370.45600000419654
422.39710000285413
371.7041999916546
380.7660000020405
370.03059999551624
370.6110999919474
416.99460000381805
370.2429000113625
355.58379998838063
370.88840000797063
369.09100000048056
401.4186999993399
371.12060000072233
370.68220000946894
375.4070999857504
371.25599999853875
423.84930000116583
371.3051000086125
372.2672000003513
372.0047999959206
369.5596000034129
422.84070000459906
381.5704000007827
384.3644000007771
372.19809999805875
374.0122000017436
418.802100000903
371.39590000151657
351.7565999936778
373.8964000076521
373.52629999804776
399.69200000632554
369.6553000045242
367.42640000011306
369.31059999915306
374.939400004223
418.1018999952357
369.63050000485964
371.20100000174716
369.8199000064051
372.46220000088215
421.0943999933079
372.6325000025099
370.37839999538846
370.99870000383817
373.0265999911353
421.03559999668505
372.27120000170544
353.9909999963129
372.3214000056032
371.9366000004811
402.9311000049347
369.91959999431856
371.06499999936204
351.7137000017101
369.1206999938004
422.30279999785125
371.99700000928715
370.15999999130145
372.02650000108406
370.1538999885088
420.9149000089383
373.4041999996407
370.7241999945836
351.3550000061514
370.9808999992674
421.5989999938756
371.62499999976717
371.74799999047536
371.4017000020249
370.41709999903105
419.349499992677
371.26339999667834
370.3415999916615
371.1102000088431
351.5302000014344
417.16749999613967
368.88910000561737
369.4063000002643
369.22509998839814
370.09140000736807
403.3305000048131
378.30090000352357
372.25250000483356
395.11230000061914
370.2230999915628
419.2010999977356
372.49760000850074
351.23590000148397
370.2730000077281
379.2337999911979
465.43289998953696
369.94659999618307
373.41480000759475
370.6802999950014
372.1736999868881
420.18060000555124
371.8609000061406
372.38450000586454
374.73599999793805
370.029900004738
419.97230000561103
370.84479999612086
353.03729999577627
369.9155999929644
369.03040000470355
420.00939999707043
368.23150000418536
371.2894999916898
371.2764999945648
370.55989999498706
418.3010000124341
369.21710000024177
369.3517000065185
369.6658000117168
370.8852999989176
418.77029999159276
369.0952000033576
352.37330000381917
369.26360000506975
369.957599992631
417.83700000087265
369.49849998927675
371.0053000104381
368.8019999972312
371.6359999962151
417.78239999257494
369.7426999860909
369.178799999645
370.76010000600945
369.9641999992309
414.6011999982875
364.3389000062598
381.72440000926144
354.3964000127744
372.7013000025181
421.0250000032829
370.8810999960406
367.1401000028709
373.96490000537597
373.9646000030916
421.8927000038093
372.5200000044424
381.67149999935646
372.1259000012651
372.9443999909563
421.87740000372287
375.5667000077665
380.0573000044096
405.7250999903772
408.579999988433
429.0673999930732
402.1267999924021
370.98690000129864
375.80110000271816
373.53040000016335
422.12519999884535
375.7021000055829
384.971499996027
372.4874000035925
373.88579999969807
421.8331999873044
356.2186000053771
374.1149999987101
373.6224000022048
374.5820000040112
406.38890000991523
374.30499999027234
372.4562999996124
371.5845000115223
372.4826999969082
421.13279999466613
371.88849999802187
371.11880000156816
371.449099999154
374.3534999957774
432.00489999435376
355.12400000880007
374.5217999967281
373.4707999974489
375.57220000599045
410.248700005468
374.1993999865372
373.0749999958789
373.9549000019906
371.5837000054307
422.85960000299383
376.4471000031335
375.41670000064187
373.8995000021532
374.78790000022855
419.9663000035798
356.71609999553766
370.716799996444
370.2028999978211
373.858899998595
402.1956000069622
373.1069999921601
371.84459999843966
370.9067000017967
370.68630001158454
418.49890000594314
373.01160000788514
371.9559999881312
370.7327999873087
369.4143000029726
420.0680999929318
372.2154999995837
353.41900000639725
371.3177000026917
370.96240000391845
399.3008999968879
370.4278999939561
371.0995000001276
367.569399997592
368.6698000092292
415.5568999995012
369.32830000296235
367.43690000730567
372.26609999197535
369.47830001008697
431.94739999307785
367.70820000674576
372.15049999940675
370.24790000577923
368.4394000010798
419.06589998689014
371.7359000002034
352.26590000092983
369.3206000025384
369.6866000100272
401.6101999877719
368.644400004996
370.038699998986
370.8230000047479
368.1106000003638
418.43839999637567
367.9113999969559
367.90369999653194
372.5838999962434
370.5617999949027
415.7798999949591
368.1992000056198
367.4018000019714
367.12680000346154
369.67359999835026
416.5997999953106
370.18269998952746
370.45809999108315
368.83389999275096
373.056299999007
418.54630000307225
367.65239998931065
368.892099999357
351.75669999443926
368.6442000034731
420.41530000278726
369.2787000036333
368.30420000478625
369.41070000466425
370.4642000084277
418.79899999185
369.50859999342356
369.4422999978997
361.8591000122251
370.12829999730457
413.3216999907745
372.5159000023268
369.97479999263305
369.70769999607
370.9699000028195
420.07310000190046
374.3434000061825
389.8096000048099
343.39160000672564
371.85280000267085
446.0680000047432
373.08270001085475
370.7830999919679
372.6368000061484
371.189500001492
420.52880000846926
373.4799999947427
370.53430000378285
368.74010000610724
370.2594000060344
419.0484999999171
373.38389999058563
370.57799998729024
370.7345000002533
369.2339999979595
419.5599999948172
372.01619999541435
371.79140000080224
356.0408000048483
370.3365999972448
422.6866999961203
369.78199999430217
372.5577000004705
371.4738999988185
372.2637000028044
425.15239999920595
381.11149999895133
372.43629999284167
373.8407000055304
373.081399986404
420.38209999736864
372.2142000042368
373.5080999904312
371.60210000001825
372.84110000473447
423.44949999824166
372.36599999596365
376.03719999606255
371.3924999901792
376.9507999968482
420.9009000041988
373.5667000000831
372.3236000078032
372.4371999996947
355.44499999377877
429.4901000102982
373.5644999978831
372.1828999987338
376.2902999878861
374.3430000031367
422.99620000994764
375.0980000040727
374.1307999880519
374.33160000364296
373.1646000087494
423.02879999624565
373.6897000053432
373.28980000165757
377.0900000090478
353.64810000464786
420.4880999895977
372.09549998806324
372.70509998779744
382.3536999989301
396.3772999995854
440.32000000879634
375.12700000661425
372.3718999972334
372.4032000027364
380.8125000068685
428.4040000056848
373.8844000035897
374.02360000123736
372.35510000027716
354.2944999935571
423.6993000085931
363.17489999055397
373.07260000670794
370.8118999929866
373.97459999192506
419.5326000044588
372.8178999881493
383.22790000529494
375.16200001118705
372.91400000685826
429.2161000048509
389.19849999365397
380.02259998756927
375.14989999181125
355.5482999945525
421.6279999964172
399.0486999973655
398.29319999262225
381.8284000008134
364.2842999979621
424.2947000020649
371.88040000910405
373.5493999993196
365.07549999805633
364.64660000638105
422.175600004266
369.8569999978645
370.11940000229515
371.54999999620486
352.47130000789184
419.817799993325
374.1814999957569
373.30750000546686
373.88929999724496
402.78619999298826
436.0467999940738
371.1561999953119
373.0292999971425
372.3549000133062
371.8929000024218
424.02159998891875
375.44740000157617
372.9670999891823
371.4110000000801
354.40480000397656
422.29210000368766
373.5729000036372
371.39649999153335
371.2837000057334
370.9978999977466
424.68909999297466
374.6635999996215
374.34639999992214
371.29329999152105
372.1822999941651
420.99259998940397
372.3117000045022
371.9711999874562
373.19749999733176
355.2990000025602
414.7695999999996
373.5660999955144
397.09070000390057
367.1857000008458
374.8149999883026
420.7864000054542
362.3589000053471
370.72840001201257
368.9022000035038
369.6196999953827
442.8159999952186
387.96459999866784
377.1871000062674
371.288900001673
349.93710000708234
418.28549999627285
369.27680000371765
371.1665000009816
370.54769998940174
377.413099995465
424.60889999347273
369.3442000076175
372.327300006873
370.6229999952484
372.7721000032034
415.3480999957537
374.6054999937769
371.5992999932496
376.2047999916831
354.38869999779854
416.9950999930734
371.02170000434853
370.8859000034863
371.31100000988226
371.68599999859
420.83099999581464
396.4661000063643
407.16610000527
373.9920000080019
373.2296999951359
435.844099993119
368.1345999939367
374.53719999757595
387.16650000424124
365.41259998921305
421.2398999952711
373.2017000002088
372.77640000684187
370.93049999384675
376.42390000110026
421.90089999348857
352.65239998989273
374.7181000071578
372.6487999956589
373.81859999732114
422.3640999989584
373.7397999939276
371.76650000037625
372.40209999436047
375.8592999947723
423.40060000424273
375.92159998894203
376.4838999923086
356.40540000167675
394.9394000082975
448.4105000010459
372.285199991893
373.74199999612756
374.85879998712335
374.5206000021426
421.31660001177806
372.8289999999106
372.70180000632536
373.1590999959735
374.8273999954108
424.1156000061892
371.3578999886522
371.022899998934
353.83600000932347
372.62229999760166
422.9759000008926
373.53550000989344
371.7783000029158
376.08619999082293
371.34729999525007
423.4804999869084
371.7081000067992
370.35219999961555
372.55369999911636
370.1009000069462
421.4842000073986
351.77009999461006
369.5341999991797
371.9247999979416
353.12500000873115
420.63629999756813
373.5523000068497
373.1511999940267
371.7132000019774
372.3442000045907
421.1161999992328
381.9879999937257
411.1720999935642
396.29859999695327
370.08599999535363
420.61269999248907
374.67419999302365
371.54130000271834
372.7344000071753
370.9614999970654
420.71560000476893
376.6926000098465
403.38669999619015
407.520700013265
372.59690000792034
438.1275000050664
406.96370000659954
385.4466000047978
394.5787999982713
373.18819999927655
435.1535000023432
391.3003000052413
370.9325999952853
369.8714000056498
370.3076000092551
420.8890000008978
371.50610001117457
369.90140000125393
369.42000000271946
376.469900002121
413.2818999933079
363.7517999886768
373.0306999932509
371.07320000359323
369.4365000119433
419.69549999339506
377.4063000018941
376.75539999327157
361.123900001985
368.31969999184366
401.55520000553224
370.0390000012703
375.0837999978103
371.5901999967173
370.6380999938119
421.3165000110166
372.5593999988632
371.5451000025496
375.9764999995241
362.5451999978395
419.3214999977499
370.29559999064077
373.38889999955427
371.07059999834746
368.6942999920575
429.31819999648724
357.65920000267215
369.43600000813603
373.1097999989288
371.7820000019856
403.5167999973055
372.1274999988964
370.1590999990003
376.18859999929555
367.1100999927148
435.46590000914875
370.24160000146367
371.8590999924345
374.36170000000857
372.71189999592025
422.6733000105014
371.95519999659155
372.16080000507645
371.04189999809023
377.1061000006739
422.5452000100631
353.62210001039784
371.3123000052292
371.93620001198724
375.9685000113677
420.54510000161827
368.4666000044672
371.8652999959886
372.68100000801496
376.44980000914074
421.4427999977488
374.0305000101216
373.6104000126943
353.6759999988135
373.245599999791
421.87960000592284
372.75290000252426
373.15899999521207
371.17250000301283
373.95809999725316
421.9169999996666
373.5097000026144
371.8055000063032
353.4729000093648
372.98280000686646
423.1456999987131
373.3597000100417
372.50380001205485
373.9986000000499
373.8850999943679
421.54630000004545
372.91400000685826
373.07159999909345
353.8059999991674
373.6200999992434
422.1570999943651
371.7635000066366
371.08700000680983
361.78900000231806
370.15899999823887
423.2555000053253
376.2782999983756
373.20279999403283
375.4430999979377
374.39420000009704
404.347499992582
376.577900009579
374.620300004608
374.741499996162
376.95439999515656
426.15179999847896
375.320199993439
375.26319999597035
374.43050000001676
375.8001000096556
423.6692000122275
376.42659999255557
397.3367999860784
371.812500001397
376.3286000030348
425.60729999968316
373.8937000016449
365.7551000069361
377.67620000522584
373.9727999927709
421.92330000398215
375.253199992585
374.8801000037929
379.4339000014588
402.0833999966271
438.56599999708124
375.97950000781566
395.56370000354946
371.51080000330694
352.31599998951424
424.2679000017233
372.7978999959305
376.49039999814704
375.6074999982957
355.38459999952465
419.7813000064343
400.2376999997068
372.8782999969553
373.0543999990914
400.50150000024587
422.44700000446755
374.41420000686776
379.5151999947848
370.56440000014845
392.0071000029566
439.81639998673927
354.73010000714567
375.23890000011306
373.93909999809694
373.0772999988403
420.14129999733996
371.9146999937948
372.76709999423474
390.8064999995986
389.78850000421517
421.1832000000868
371.91809999058023
374.8145999998087
374.90470000193454
373.02749999798834
423.7874999962514
354.0525999997044
371.7589999869233
375.32969999301713
372.40309998742305
404.09500000532717
373.6444000096526
375.51119999261573
375.2423000114504
398.6038000002736
424.49150000174996
395.9103000088362
367.17830000270624
375.71310000203084
372.0999000070151
422.92969999834895
356.16539999318775
371.6534999985015
371.2027999863494
372.9310000053374
404.4588999968255
375.62169999000616
373.3506999997189
373.62230000144336
375.8854999905452
420.6220000050962
375.72669998917263
372.23729999095667
372.9786000039894
374.4371000066167
424.7338999994099
357.6292999932775
378.059900001972
373.2826000050409
374.1442000027746
404.0193000109866
365.2005000039935
369.2862000025343
373.6323000048287
373.54629999026656
432.678199998918
373.6417000036454
371.43629998899996
368.13610000535846
370.21829999866895
420.9928000054788
369.2518000025302
365.25809999147896
355.401199994958
366.01369999698363
437.66039999900386
397.33459999843035
395.27159999124706
371.94589999853633
372.83059999754187
421.44970000663307
370.6110000057379
374.55389999377076
384.91090000024997
371.56539999705274
459.77110000967514
371.5188000060152
370.81180000677705
377.32749999850057
392.95880000281613
424.4570000009844
355.45179998734966
370.2809999958845
377.9672999953618
372.9940000048373
400.9834000025876
402.87619999435265
372.19500000355765
365.58230000082403
373.9962999970885
417.0799999992596
378.6936000105925
374.044900003355
376.1729999969248
371.98959999659564
419.56029999710154
353.65869999805
371.0494999977527
373.54480000794865
371.8023999972502
402.53479999955744
374.378099993919
372.9834999976447
363.1850999954622
365.0942000094801
441.3914000033401
373.6583999998402
386.51409999874886
389.844000004814
372.63569999777246
426.0412000003271
358.9062999963062
373.2187999994494
373.75389999942854
375.85609999950975
400.1163000066299
366.5156999923056
377.8405999910319
376.4898999943398
376.1310000118101
