1598.0875000022934
2059.142600002815
1694.4674999976996
1551.31380000239
1533.2248999984586
1465.0755999973626
1423.3373000024585
1361.2159000040265
1376.1266999936197
1366.2631999977748
1275.5213000054937
1253.9512000003015
1202.0350999955554
1180.6711999961408
1158.4207999985665
1159.9063999965438
1107.6721999997972
1120.8437999957823
1077.4254000061774
1067.2360999960802
1023.8144000031753
1008.2177000003867
993.9020999954664
966.1339000012958
936.1074999978882
920.3714999966905
922.6018999979715
902.5257999965106
872.3022999984096
872.7810999989742
868.6137000040617
875.774400003138
849.4095999994897
837.8698000014992
822.6658999992651
844.1479000030085
799.6082000026945
799.2071999979089
773.0627999990247
782.3245999970823
775.6940999970539
772.882799996296
765.5910999965272
758.3035999996355
767.9704999973183
741.1495999986073
732.7647999991314
724.7099000014714
739.2763000025298
714.5665999996709
707.9539999976987
701.4649000047939
699.2570000002161
717.061700001068
683.9352000024519
678.5466999936034
673.5559000007925
654.089900002873
658.601399998588
660.7756000012159
660.906299999624
645.6120000002556
666.5108000015607
641.5173999994295
627.2024999998393
623.6449999996694
622.4299000023166
618.4711000023526
614.3720999971265
611.1204999979236
612.0756000018446
629.1435999955866
596.9774999975925
581.0458000050858
594.0417000019806
582.3546000028728
595.5015999934403
582.7171999990242
576.8936000022222
574.1978000005474
601.2861999988672
563.1634000019403
556.1716000011074
555.3642999948352
557.0615000033285
565.6181000013021
544.0662000037264
549.5611000005738
544.8331000006874
573.0392999976175
540.5013999989023
537.8258999990067
528.2843000022694
537.058399997477
537.8519000005326
536.2257000015234
530.057099997066
525.478399998974
524.5089000018197
541.4142000008724
532.8217999995104
514.9171000011847
525.7589000029839
533.854599998449
514.6192000029259
511.04599999962375
511.16620000539115
522.3679999980959
543.6941000007209
542.3923999987892
494.4259999974747
484.55610000382876
481.4353999972809
477.44780000357423
485.7101000015973
499.83939999947324
478.42949999903794
490.9287000045879
477.34939999645576
501.2585000004037
470.7554999986314
470.7592000049772
472.3331999994116
469.38020000379765
478.8087999986601
477.62320000038017
472.3723000061
459.7037000057753
476.9728999963263
506.48009999713395
457.6485999932629
474.088800001482
463.8900999998441
453.5928999976022
464.75790000113193
492.19179999636253
465.4368000046816
462.78970000275876
454.13769999868236
478.43570000259206
452.6906999963103
451.63160000083735
463.14439999696333
441.80239999695914
474.17150000546826
448.8329999949201
451.0392000011052
451.2929000047734
451.0956999947666
470.3436999989208
450.53339999867603
460.8464999982971
451.5409000014188
437.48000000050524
441.066100000171
436.7474000027869
433.94180000177585
432.1348000012222
428.19990000134567
455.50989999901503
427.5755999988178
431.8104999983916
439.5669000005
429.23829999926966
445.3951999967103
419.8584000041592
450.3943000017898
406.48210000654217
420.16229999717325
439.78149999747984
418.04250000132015
420.47269999602577
414.2394000009517
414.684400006081
412.20379999867873
416.5376999953878
410.38380000100005
413.4825999935856
410.82449999521486
433.65270000504097
418.3562999969581
413.1573000049684
407.5325999947381
408.9698000025237
405.8130999983405
413.38269999687327
408.7695000052918
426.96589999832213
404.9788000047556
429.78880000009667
404.8121000014362
402.43169999303063
401.3037999975495
398.52199999586446
398.3966000014334
398.20999999938067
394.32359999773325
396.0721999974339
390.8579999988433
411.72199999709846
395.25290000165114
401.7861999964225
390.6652000005124
387.21690000238596
386.72379999479745
396.2753000014345
389.9008000007598
399.02640000218526
384.15209999948274
407.39079999912065
391.942399997788
394.57150000089314
383.26580000284594
381.17890000285115
377.5270000041928
376.75170000147773
376.9252999991295
373.23559999640565
371.67040000349516
388.36080000328366
368.3039000025019
370.76320000051055
352.4500000057742
365.18140000407584
364.53370000526775
362.59599999903
362.2103000016068
364.47469999984605
362.6233000031789
385.76770000508986
352.06579999794485
358.35129999759374
352.7395000055549
356.16850000224076
354.6360999971512
355.1577999969595
356.6562999985763
362.10070000379346
355.2646000025561
374.37209999916377
352.4548999994295
347.9933999988134
351.0189000007813
370.97820000053616
353.46759999811184
362.2391000026255
343.1401999987429
341.761999996379
341.86269999918295
360.29060000146274
342.3054000013508
342.66899999784073
338.494499999797
336.5482000008342
330.4935000051046
334.99440000014147
332.5036000023829
333.34300000569783
331.9320000009611
342.5788000022294
339.62420000170823
329.5222999950056
323.428600000625
335.07709999685176
336.84419999917736
326.3967999955639
342.05549999751383
361.604100005934
334.72379999875557
353.6189000005834
332.49459999933606
327.4075000008452
324.78809999884106
330.3442000033101
329.3416999949841
329.6879999979865
327.88129999971716
326.8997999985004
328.8170000014361
347.5124999968102
326.4348000011523
326.7818000022089
324.75829999748385
334.5231999992393
327.86920000216924
323.5710000008112
316.78570000076434
324.0430999940145
323.3909999980824
346.2251999953878
323.76810000278056
320.1640000042971
313.94140000338666
312.3235000020941
321.9563999955426
322.5635999988299
326.56390000192914
322.60159999714233
325.6944000022486
345.6741999980295
320.04500000039116
330.3431999956956
331.85560000129044
323.86440000118455
339.48249999957625
323.1071999980486
323.0331999948248
323.3133999965503
323.97660000424366
340.6621999965864
326.69399999576854
325.59399999445304
331.5316000007442
327.6024000006146
325.2907000060077
329.2966000008164
325.7121999995434
322.1181000044453
322.53480000508716
344.1693999993731
325.5892999950447
329.72650000010617
332.5429000033182
326.78370000212453
342.1108999973512
322.74340000003576
314.7402999966289
328.32990000315476
343.4479999996256
351.1718000008841
343.65779999643564
326.1706999983289
323.13669999712147
339.01540000078967
325.7203000030131
328.5422999979346
318.5092999992776
320.6886999978451
320.8077000017511
337.9013999947347
321.1611999940942
315.1032999958261
312.5497000000905
303.840599997784
309.40040000132285
313.9803999947617
313.2350999949267
317.0006000000285
310.0023000006331
353.2699999996112
364.4696000046679
308.037200004037
309.31569999665953
309.5014999998966
298.6788999987766
309.45539999811444
302.3936999961734
306.8074000038905
301.1292999944999
314.0133999986574
310.0629000036861
316.92439999460476
308.161699998891
307.4685000028694
307.1280999938608
302.5093999967794
304.65430000185734
298.0094000013196
310.38949999492615
325.9408000012627
299.34050000156276
303.8531999991392
297.61950000101933
300.1471000025049
301.41350000485545
295.81610000604996
296.72849999769824
294.1724999982398
297.2183999954723
310.1840999952401
293.6011000056169
292.20340000028955
290.96109999954933
292.1028999990085
295.45669999788515
293.68589999648975
297.4220999967656
295.5952999982401
295.8747000011499
314.99739999708254
294.1943999976502
300.0434000059613
294.84470000170404
297.1551999944495
288.94969999964815
291.2868999992497
290.99450000649085
283.77719999843976
283.6523999940255
308.0971999952453
299.7557999988203
288.52550000010524
287.3723999946378
283.3891999980551
288.13590000208933
287.2175000011339
285.91559999767924
277.2047000034945
296.540899995307
320.7027000025846
291.02749999583466
284.23430000111694
285.7951999976649
285.0428000019747
286.32459999789717
287.2968000010587
288.1545999989612
289.45670000393875
282.094700000016
305.8037999944645
283.1424000032712
286.0240000009071
287.99289999733446
283.05830000317656
277.6245999993989
276.72290000191424
294.2360000015469
286.5243999985978
283.7314999997034
300.25979999481933
282.20839999994496
279.1066999998293
307.91250000038417
290.4137000004994
283.78589999920223
282.7515999961179
274.5701000021654
277.00600000389386
285.5695999969612
304.3284000013955
284.12070000194944
282.23679999791784
282.8063999986625
276.41330000187736
281.2307999993209
280.59579999535345
283.50749999663094
282.6597000021138
283.625199997914
304.39640000258805
275.4858000043896
283.58270000171615
283.42220000195084
281.52029999910155
286.2385999978869
281.3025999930687
283.63610000087647
280.0974000056158
277.22519999952056
295.9264000019175
276.5586000023177
275.68780000001425
272.42820000537904
272.5049000000581
269.0206999977818
268.5383999996702
265.09230000374373
264.7570999979507
258.8845999998739
281.3869999954477
262.32249999884516
261.49399999849265
255.55480000184616
255.22710000223015
261.31680000253255
253.247000000556
260.47819999803323
260.88180000078864
255.7539000044926
294.0519000039785
263.4140000009211
251.28979999863077
248.509599994577
267.8899000020465
269.5961999997962
258.9730999970925
255.19050000002608
257.7982000002521
255.55849999364
272.4071999982698
251.6892999992706
263.3706999986316
280.28489999996964
275.6541999988258
256.9992999997339
271.14650000294205
274.88720000110334
256.9766000015079
257.68490000336897
277.6034999988042
254.58960000105435
260.4042000020854
261.8702999970992
262.96780000120634
256.7347999938647
256.99019999592565
256.08240000292426
255.19340000028023
253.03059999714606
271.25250000244705
252.54970000241883
252.06289999914588
249.4520999971428
250.38550000317628
247.7435999971931
249.79739999980666
250.09109999518842
249.1682000036235
245.59429999499116
265.1298999990104
249.1269000020111
252.3226999983308
251.53249999857508
250.10549999569776
249.68600000283914
247.6431999966735
252.72610000683926
256.52820000686916
257.7871999965282
278.6846000017249
264.87149999593385
267.4786999996286
248.31190000259085
251.95280000480125
250.50959999498446
251.70989999605808
248.05539999942994
254.57769999775337
245.71760000253562
264.19500000338303
247.4796999958926
245.20920000213664
242.32499999925494
238.40750000090338
247.2494000030565
243.5812999974587
248.36779999895953
238.23080000147456
242.34360000264132
261.27899999846704
242.33989999629557
239.10910000267904
242.43399999977555
242.90430000110064
236.85049999767216
239.64859999978216
239.46300000534393
239.60349999833852
241.2255999952322
254.8864999989746
236.75730000104522
234.32229999889387
234.9885000003269
231.282699998701
234.3856000006781
239.81110000022454
230.30629999993835
237.35300000407733
233.37300000275718
254.4726999985869
242.78210000193212
239.6320999978343
233.95760000130394
234.2149000032805
234.43560000305297
227.86869999981718
230.40129999571946
230.03450000396697
228.3238000018173
248.9419999983511
227.56359999766573
227.77999999379972
229.8238000003039
226.72940000484232
223.83389999595238
226.3426999998046
226.74869999900693
222.28320000431268
228.73750000144355
245.0410000019474
229.96119999879738
230.9832999962964
229.65690000273753
229.82100000081118
228.41039999912027
232.09859999769833
230.1962000055937
229.3652000007569
229.6012000006158
255.99090000469005
233.08100000576815
232.27709999628132
224.37250000075437
230.53970000182744
227.46460000053048
230.01710000244202
226.07889999926556
225.3405000010389
220.0243000042974
247.75470000167843
223.3316999991075
223.2990999982576
225.0140999967698
224.99429999879794
225.599899997178
224.25149999617133
223.11359999730485
222.4971000032383
223.71579999889946
241.84970000351314
221.82790000078967
222.4430999995093
221.70439999899827
224.09999999945285
221.96809999877587
221.21769999648677
220.1266999982181
218.73519999644486
212.92130000074394
236.5559999961988
217.81470000132686
220.7202999998117
220.56979999615578
220.97100000246428
222.57819999504136
223.06489999755286
216.663500003051
218.11850000085542
215.63849999802187
233.62020000058692
218.66210000007413
217.40419999696314
216.5339999992284
217.04929999395972
221.00539999519242
214.7326999984216
216.33500000461936
219.02469999622554
219.5983999990858
237.75759999989532
220.99200000229757
222.76289999717847
217.28129999974044
215.30970000458183
217.22720000252593
214.4135999988066
212.77759999793489
215.64560000115307
215.05030000116676
238.8649999993504
212.445299999672
214.92880000005243
216.23570000519976
218.48039999895263
211.37330000055954
216.54080000007525
218.2057000027271
220.76229999947827
220.020900000236
237.28779999510152
218.8654999990831
217.02519999962533
214.59950000280514
215.94399999594316
216.6164000009303
220.24200000305427
216.24809999775607
212.08929999556858
211.12050000374438
234.33569999906467
209.19470000080764
216.95590000308584
209.5980000012787
207.81329999590525
209.9199000003864
212.46350000001257
210.15159999660682
211.14700000180164
210.1189000022714
232.55760000029113
204.89749999978812
210.53889999893727
210.85880000464385
210.9294999972917
212.14830000099028
216.14100000442704
210.78549999947427
212.18229999794858
211.3974000021699
230.71920000074897
212.39760000025854
213.87959999992745
211.92210000299383
215.37589999934426
212.8353999942192
214.489500001946
210.78010000201175
219.2049000004772
214.0614999952959
234.13720000098692
213.52950000436977
212.0574000000488
213.96220000315225
213.00190000329167
212.5337999968906
213.91610000137007
213.02250000007916
209.1329000031692
213.476000004448
235.49899999488844
212.72619999945164
213.99860000383342
208.77469999686582
214.20620000571944
209.7691000017221
207.24090000294382
211.83949999976903
206.2934999994468
202.03810000384692
226.6961999994237
205.44170000357553
209.5439000040642
208.50269999937154
207.19980000285432
206.81689999764785
203.58180000039283
205.45560000027763
205.85589999973308
207.0670000030077
228.56719999981578
201.61569999618223
208.08690000558272
206.25570000265725
207.38109999365406
205.70959999895422
206.74719999806257
204.73930000298424
206.1625999995158
202.70919999893522
225.79449999466306
205.64429999649292
199.0194000027259
195.85899999947287
202.8277999997954
200.73750000301516
200.36439999967115
204.3820999970194
201.55540000268957
193.83019999804674
222.0870000019204
195.78110000293236
198.90789999772096
196.76439999602735
195.39020000229357
194.8566999999457
196.01710000279127
195.44760000280803
196.33530000282917
197.45940000575501
265.47719999507535
192.7672000019811
190.91580000531394
190.24670000362676
189.67949999932898
197.84619999700226
195.32600000093225
189.8014999969746
190.36790000245674
197.7640999975847
209.0752000003704
191.215300001204
190.53960000019288
193.05480000184616
187.26239999523386
188.12790000083623
187.60060000204248
185.85300000268035
189.87819999892963
190.07979999878444
208.34439999453025
188.4141000045929
188.6610000001383
189.9349000013899
190.7290999952238
191.9532000028994
194.18640000367304
189.2526999945403
187.79879999783589
193.91059999907156
211.29939999809721
191.9318000000203
194.45969999651425
188.12530000286642
187.8627999976743
186.31189999723574
186.4967000001343
186.9578999976511
186.45670000114478
185.1710000046296
202.47279999603052
183.37739999697078
183.7971999993897
184.38150000292808
183.8726999994833
182.94720000267262
181.8215000021155
182.47680000058608
183.15489999804413
181.65439999575028
200.959599998896
179.84810000052676
184.10510000103386
182.87399999826448
182.1681000001263
184.93389999639476
182.6096000004327
182.05049999960465
181.923199997982
183.1573999952525
205.11029999761377
187.1201999965706
185.27200000244193
185.9723000015947
188.26249999983702
184.5023999994737
188.53189999936149
183.70929999946384
185.46000000060303
194.81820000510197
206.40999999886844
185.6294000026537
186.73629999830155
185.5225999970571
187.18969999463297
186.82389999594307
189.23720000020694
191.20439999824157
188.3162000012817
186.18440000136616
209.92000000114786
189.05529999756254
194.34909999836236
192.28010000369977
190.17660000099568
190.36120000237133
190.21100000099977
191.02600000042003
183.81439999939175
191.82720000389963
215.61449999717297
193.2329999981448
187.85819999902742
189.68540000059875
188.3534000007785
187.84040000173263
187.9966999986209
188.04390000150306
188.2530000002589
187.17239999386948
206.10039999883156
186.0201999952551
202.41130000067642
220.38510000129463
220.11319999728585
192.72329999512294
189.31660000089323
194.52929999533808
191.48789999599103
192.40500000159955
211.44859999913024
187.56779999966966
200.25869999517454
191.56420000217622
191.4076000030036
192.32120000378927
193.79469999694265
190.33689999923809
190.89159999566618
189.09720000374364
207.1092000041972
191.08160000178032
192.6902000050177
187.278299999889
195.7844999997178
191.89750000077765
198.53670000156853
196.1931999976514
193.79359999584267
190.21359999896958
205.59900000080233
189.62540000211447
190.05420000030426
189.6414000002551
193.78289999440312
182.48029999813298
189.38569999590982
188.07180000294466
197.3874999966938
188.73519999760902
208.13749999797437
190.2059999993071
189.22350000502774
199.14300000527874
192.5453000003472
188.4697999994387
188.67909999971744
188.7044999966747
185.99590000667376
186.7634000009275
206.10900000610854
188.37160000111908
189.65140000364045
188.76409999938915
191.64399999863235
190.34040000406094
190.1983999996446
186.22229999891715
188.5748999993666
186.28439999883994
203.6487000004854
185.4700000039884
185.8628999980283
186.28270000044722
187.45530000160215
186.01979999948526
187.04929999512387
188.7161000049673
183.11959999846295
188.2772000026307
211.59369999804767
184.65909999940777
188.7191999994684
187.0353000049363
188.27809999493184
186.94949999917299
185.44390000170097
186.34920000476995
183.9454000000842
184.78970000433037
202.3159000018495
181.4507000017329
179.35060000309022
179.40499999531312
179.68939999991562
187.09839999792166
177.7728000015486
182.45829999796115
177.44619999575661
177.7379999984987
191.98019999748794
177.4297000010847
176.77370000455994
178.71540000487585
179.3439999964903
177.85000000003492
179.40139999700477
181.40230000426527
180.16720000014175
179.854099995282
197.70520000020042
178.73410000174772
178.74049999954877
177.61479999899166
177.90689999674214
175.9509999974398
177.56579999695532
180.04719999589724
177.15190000308212
178.09739999938756
193.2922999985749
175.81909999717027
176.98620000010123
174.08579999755602
174.27630000020145
172.9438000038499
172.55480000312673
173.73850000149105
175.22669999743812
171.0899000026984
193.3539000019664
179.16469999909168
178.40549999527866
177.1828999990248
173.86959999566898
174.7583000033046
173.4922999967239
173.64719999750378
171.22589999780757
172.15399999986403
187.6018999973894
172.18879999563796
171.16489999898477
170.19450000225333
170.9289999998873
172.9267999980948
168.7861000027624
169.86419999739155
167.886000002909
169.6518999960972
187.76969999453286
173.08000000048196
171.1488000000827
177.1493999985978
171.6426999992109
169.63740000210237
171.18899999331916
171.35850000340724
174.9961000023177
175.79939999995986
192.8466000026674
174.23599999892758
175.8881999994628
175.0227999946219
174.51250000158325
175.23910000454634
170.07879999437137
174.51099999743747
173.7453000023379
172.10049999994226
191.08830000186572
174.98670000350103
171.34980000264477
171.00280000158818
174.42039999878034
172.51039999973727
174.20940000010887
169.9473999979091
169.25340000307187
168.79920000064885
189.88849999732338
170.39159999694675
170.65430000366177
174.98329999943962
168.087199999718
172.28130000148667
170.65040000306908
171.0434999986319
174.09620000398718
172.38740000175312
191.16940000094473
174.13899999519344
171.0700999974506
171.34160000568954
168.6857999957283
169.24139999900945
168.30459999619052
168.84790000040084
168.70220000419067
168.73519999353448
188.8457000022754
161.94080000423128
166.21370000211755
167.15019999537617
164.82800000085263
165.543200004322
170.16429999785032
166.73979999904986
164.27310000290163
168.55519999808166
183.70020000293152
162.70259999873815
167.52940000151284
160.1756000018213
168.84929999650922
160.37929999583866
158.42310000152793
178.26839999906952
169.3751999991946
174.981399999524
178.62400000012713
172.96280000300612
162.73170000204118
162.87590000138152
162.27810000418685
162.40619999734918
167.22229999868432
167.46389999752864
166.7719000033685
160.20879999996396
179.26209999859566
158.51469999324763
155.18310000334168
154.15270000085002
155.8669000005466
160.16729999682866
163.66990000096848
161.16370000236202
160.85519999614917
162.2681000008015
185.63419999554753
174.91229999723146
176.29269999451935
156.16230000159703
169.27460000442807
162.80209999968065
161.01609999896027
161.00290000031237
166.22609999467386
162.4364000017522
184.06310000136727
163.48489999654703
168.93510000227252
174.97849999926984
162.87320000265026
173.62589999538613
164.13950000423938
174.74119999678805
171.75619999761693
160.7953000057023
183.70580000191694
169.87560000416124
160.61269999772776
162.41609999997308
162.78659999807132
157.93279999343213
164.04040000634268
164.75290000380483
165.4242999939015
161.15919999720063
184.00100000144448
172.06260000239126
163.88670000014827
163.9389999982086
171.7255000039586
168.90309999871533
163.71479999361327
163.59270000248216
161.0953999988851
163.11870000208728
182.150399996317
164.00330000033136
162.1618999997736
161.38969999883557
164.59570000006352
164.21980000450276
163.9869999999064
164.13589999865508
161.20750000118278
161.94569999788655
181.0565999985556
176.06160000286764
175.72479999944335
159.7062000000733
153.85260000039125
154.46080000401707
154.42700000130571
155.64789999916684
157.68269999534823
170.84150000300724
188.39679999655345
160.54970000550384
160.12829999817768
172.38120000547497
162.92409999732627
160.42960000049789
161.09190000133822
158.44499999366235
159.9653999946895
159.6817000026931
178.0778999964241
159.6224999957485
157.1481999999378
155.3462000010768
176.573599994299
173.3553000012762
166.07569999905536
159.46460000122897
162.7747000020463
160.87420000258135
181.86710000009043
162.7532999991672
160.70179999951506
159.5768000042881
161.64330000174232
161.0891000018455
159.50589999556541
159.1441000055056
172.7011000039056
157.47769999870798
188.70400000014342
159.9054000034812
171.61570000462234
162.4796999967657
161.35619999840856
159.87539999332512
160.11159999470692
161.41069999866886
163.5413999974844
161.57409999868833
181.26229999325005
163.78960000292864
158.11260000191396
160.3837999937241
160.5303999967873
159.17249999620253
160.77149999910034
159.79109999898355
159.07349999906728
159.4492000003811
196.80710000102408
164.13930000271648
159.5448000007309
160.3772000016761
159.8359999989043
158.83839999878546
174.7754999960307
178.4823999987566
170.5119999969611
158.29720000328962
177.08879999554483
157.58050000295043
156.52830000180984
157.9381999981706
159.03180000168504
157.77600000001257
158.99410000565695
155.2886000063154
170.8299000019906
161.063200001081
176.24780000187457
152.49739999853773
158.29209999355953
157.67950000008568
157.1544000034919
166.16369999974268
162.96409999631578
161.70509999938076
165.45680000126595
173.00700000487268
173.3243000053335
157.0584000000963
163.79020000022138
156.1811999999918
156.96720000414643
163.51929999655113
152.35840000241296
148.70240000163903
149.13540000270586
147.53590000327677
172.45909999473952
157.557699996687
153.57740000035847
163.1349000017508
163.04689999378752
166.41850000451086
155.47009999863803
159.7029000040493
162.51569999440107
152.18419999291655
194.11290000425652
164.19749999477062
158.65579999808688
163.68140000122366
156.79219999583438
157.14130000560544
157.3117000007187
156.78420000040205
157.11390000069514
156.13440000015544
183.80799999431474
168.39410000102362
170.50580000068294
158.3533000011812
153.897500000312
152.50809999997728
157.49169999617152
157.25400000519585
155.69110000069486
155.4921999995713
162.31979999429313
152.6665999990655
158.10010000132024
153.20739999879152
154.08839999872725
156.3215999995009
152.90409999579424
145.49059999990277
145.0081000002683
150.80309999757446
167.18979999859584
148.63160000095377
150.28249999886611
150.32760000030976
150.43770000193035
140.60330000211252
144.711399996595
145.41730000200914
154.16419999382924
147.2074999983306
165.82329999801004
146.72219999920344
148.41270000033546
147.61970000108704
146.9345000004978
150.84879999631085
149.1736000025412
153.70419999817386
150.64029999484774
150.36790000158362
173.38690000178758
154.41939999436727
150.47600000252714
154.91820000170264
147.49370000208728
150.80859999579843
150.12270000443095
150.76810000027763
152.90829999867128
148.2382000031066
166.34460000204854
154.0138000054867
148.77310000156285
149.93990000220947
145.9850999963237
152.4890000000596
150.2567999996245
150.999800003774
149.95630000339588
149.23909999924945
163.34590000042226
155.30009999929462
154.82129999872996
149.3689999988419
147.68829999957234
145.9095999962301
148.26729999913368
151.54610000172397
144.6187999972608
142.9943999974057
165.99229999701492
153.51100000407314
148.89340000081575
153.1013999992865
148.53210000001127
148.51069999713218
146.98740000312682
154.77950000058627
146.67339999869
144.03979999769945
171.70599999371916
142.71730000473326
145.57849999982864
138.13010000012582
153.19630000158213
146.9952000043122
146.97010000236332
146.72450000216486
149.72560000023805
146.3097000014386
161.2165999977151
144.28380000026664
144.53060000232654
143.0292000004556
140.77339999494143
150.44930000294698
143.45760000287555
142.16170000145212
143.43779999762774
143.78929999656975
163.6863000021549
141.96649999939837
147.43530000123428
138.99169999785954
137.43850000173552
137.69670000328915
138.77379999757977
131.42420000076527
137.74479999847244
139.79760000074748
152.6610000000801
140.48010000260547
140.2114000011352
141.12780000141356
144.37090000137687
144.18469999509398
145.2988999953959
136.50969999434892
147.72299999458482
142.71419999568025
156.79609999642707
137.6548999978695
131.48959999671206
135.7607999962056
141.03810000233352
140.56020000134595
135.55949999863515
134.1413999980432
137.3715000008815
138.55130000592908
156.52260000206297
138.85979999759002
136.497599996801
137.8270999994129
131.8293000003905
136.10899999912363
138.24909999675583
142.83949999662582
142.69519999652402
142.68240000092192
153.51010000449605
131.7847999962396
139.29810000263387
137.99049999943236
141.45149999967543
137.83529999636812
133.5465000011027
137.7996000010171
137.40490000054706
138.48519999737618
158.39229999983218
138.34359999600565
145.46050000353716
146.0053000046173
142.03120000456693
150.0194000036572
145.50510000117356
145.9893999999622
140.40489999752026
138.19949999742676
155.1577999998699
136.18529999803286
137.73290000244742
142.03940000152215
143.50150000245776
137.80169999517966
135.1628999982495
134.1245000003255
136.52319999528117
136.06910000089556
155.30030000081751
133.8236000010511
133.82000000274274
135.96880000113742
136.1962000009953
135.90739999926882
133.80109999707201
133.7532999968971
132.5001000004704
132.352799999353
157.76550000009593
136.14349999988917
135.2106999984244
135.86960000247927
135.63190000422765
140.71829999738839
135.8817000000272
136.91790000302717
132.15620000119088
133.17739999911282
152.06149999721674
127.96069999603787
147.2291000027326
141.05579999886686
144.0020000009099
135.0172999955248
134.5110000038403
135.02049999806331
142.08959999814397
134.99900000169873
153.87149999878602
135.3443999978481
136.49789999908535
135.45049999811454
135.6143000011798
136.3543999977992
148.43290000135312
148.59689999866532
145.3149000008125
145.11320000019623
158.81480000098236
136.43649999721674
130.11740000365535
131.38429999526124
131.83160000335192
127.589399999124
142.00890000211075
131.23150000319583
129.9801999994088
134.72529999853577
151.67179999843938
133.18859999708366
134.8601999998209
135.27840000460856
137.92449999891687
134.3646000023
141.8176000006497
132.81039999856148
137.49580000148853
134.64319999911822
151.78520000335993
134.87520000489894
142.6355000003241
137.7448999992339
137.0561000003363
134.8255999982939
135.60380000126315
134.12549999338808
135.84639999317005
135.33879999886267
152.30599999631522
133.16010000562528
135.8507000040845
148.08980000088923
147.19540000078268
133.10829999682028
139.23240000440273
140.5360999997356
134.4426000068779
141.96979999542236
160.00889999850187
136.24250000430038
136.50650000636233
133.95119999768212
135.85669999883976
133.52689999737777
133.44830000278307
135.86019999638665
128.99830000242218
132.95219999417895
160.46970000024885
134.67099999979837
134.45499999943422
142.4916000032681
146.7222999999649
138.0298000003677
138.0351000043447
140.00940000551054
136.57419999799458
137.34090000070864
161.44530000019586
131.13999999768566
135.76939999620663
133.6206999985734
135.79420000314713
132.85950000135927
135.59849999728613
133.25569999869913
165.1179999971646
141.57780000095954
152.48070000234293
135.16619999427348
134.88840000354685
128.37630000285571
133.47049999720184
133.13209999614628
132.6197999951546
132.5797000026796
133.623699999589
132.69969999964815
153.36830000160262
131.72789999953238
134.89960000151768
135.41030000487808
134.9225000012666
132.75189999694703
131.33440000092378
139.86490000388585
135.48269999591867
135.81490000069607
155.0271999949473
151.83260000048904
146.53330000146525
139.28149999992456
140.48980000370648
137.4597999965772
137.66239999677055
137.10580000042683
143.46600000135368
140.85229999909643
147.1945000012056
143.02470000257017
132.7545000021928
138.388200000918
128.8159000032465
134.0411999990465
132.44049999775598
138.084300000628
144.69239999743877
136.30160000320757
152.78959999704966
132.94390000373824
134.88610000058543
135.4466000047978
135.54289999592584
139.51599999563769
137.91360000323039
137.9319999978179
136.50780000170926
138.41559999855235
158.12169999844627
150.75770000112243
136.8886999989627
141.8333999972674
139.15589999669464
133.4114999990561
135.59879999957047
136.06430000072578
137.0669000025373
134.08549999439856
147.59590000176104
135.177999996813
144.08240000193473
147.8082000030554
144.32640000450192
136.7991000006441
137.79410000279313
134.72509999701288
135.92619999690214
136.2827999982983
155.64460000314284
136.38029999856371
136.99940000515198
141.272900000331
133.97830000030808
138.01569999486674
138.95880000200123
138.63999999739463
139.65640000242274
137.1718000009423
157.64630000194302
143.8034999955562
144.4913000013912
136.88479999837
136.7681999981869
135.71550000051502
136.53429999976652
134.56769999902463
136.2643000029493
134.3782999974792
155.65179999975953
134.16789999610046
134.80690000142204
134.59860000148183
136.21930000226712
134.72970000293572
135.2132000029087
134.63570000021718
135.0836999990861
134.12309999694116
146.5234999996028
133.2942999943043
144.89070000126958
128.98580000182847
133.45119999576127
143.57580000068992
135.1926000061212
131.44720000127563
132.2827000039979
135.80959999671904
154.2256000029738
128.89150000410154
134.3401999984053
130.9456000017235
141.1911000031978
132.80480000685202
143.4746000013547
130.7777999973041
131.88199999422068
129.52570000197738
148.8177999999607
138.64740000281017
137.5871999989613
136.1151000019163
139.40710000315448
129.04680000065127
130.21569999546045
134.3224000011105
125.93809999816585
130.79599999764469
149.60010000504553
133.15200000215555
128.85430000460474
135.95460000215098
129.23079999745823
130.64680000388762
127.10250000236556
145.03549999790266
133.0452000038349
134.5662000021548
150.60439999797381
132.71809999423567
134.36430000001565
133.53310000093188
133.49290000041947
132.260899998073
142.26090000011027
131.82769999548327
133.77259999833768
145.4303999998956
165.60829999798443
145.4128000041237
133.8651000041864
136.3924000033876
130.42330000462243
131.79820000368636
132.85780000296654
134.4052999993437
133.740500001295
142.6281000021845
162.5006000031135
136.1317999981111
140.9473000021535
140.83869999740273
129.8841000025277
123.76930000027642
135.55519999499666
143.7761999986833
131.01409999944735
131.1656999969273
147.36360000097193
125.5239000020083
126.05919999623438
138.10610000655288
139.51019999512937
141.8548000001465
130.05770000017947
133.2992000025115
136.3402000060887
129.202099997201
145.4169999997248
126.18800000200281
130.87739999900805
129.34140000288608
129.55680000595748
128.3638999957475
130.11359999654815
128.52869999915129
128.90879999758909
129.5546000037575
147.7535000012722
141.35849999729544
131.64949999918463
133.7980999960564
129.64340000326047
125.08329999400303
141.63990000088234
141.55510000273352
134.05649999913294
132.00199999846518
150.45590000227094
131.1247000048752
131.2649000028614
143.01379999960773
132.49489999725483
132.37730000400916
132.85919999907492
132.41299999936018
129.14340000133961
132.4400000012247
157.06779999891296
133.0043999987538
131.71449999936158
128.6995999980718
123.80340000527212
130.0411999982316
145.2860999997938
145.92329999868525
145.8485999974073
134.13240000227233
148.30410000286065
126.7195999971591
149.66379999532364
141.67250000173226
135.5385000060778
134.52040000265697
125.63850000151433
141.72059999691555
136.93150000472087
130.52659999812022
144.24919999873964
130.104100004246
131.59570000425447
130.95479999901727
132.0696999973734
130.4967000032775
130.96769999538083
130.35930000478402
130.26330000138842
133.73629999841796
152.09959999629064
138.65739999891957
133.80759999563452
131.70390000595944
132.0957999996608
134.07269999879645
142.74730000033742
142.9495999982464
139.85829999728594
131.75459999911254
156.96040000329958
124.59390000003623
136.27770000312012
129.90720000379952
132.43379999767058
134.0621999988798
135.1150000045891
131.20100000378443
126.93289999879198
145.37879999988945
146.39739999984158
127.16959999670507
127.32170000526821
129.8744000014267
130.7089999972959
125.98019999859389
139.63479999802075
132.94709999900078
133.83099999919068
123.16920000012033
155.7646000001114
136.0257999986061
137.9637000063667
133.9899000013247
132.10570000228472
143.36989999719663
142.04859999881592
133.36890000209678
134.79979999829084
127.788400001009
146.14799999981187
128.1340999994427
129.35100000322564
129.95280000177445
129.48119999782648
127.05989999813028
131.97590000345372
128.6054999945918
129.15199999406468
125.25080000341404
149.19260000169743
130.59310000244295
131.23710000218125
137.5765999982832
127.5078000035137
138.28600000124425
141.38290000119014
139.04049999837298
132.696799999394
120.11680000432534
145.96480000182055
129.5181000023149
127.0068000012543
126.3156000059098
124.32460000127321
125.39479999395553
136.85190000251168
121.797300002072
125.83200000517536
124.67350000224542
141.36470000084955
122.72099999972852
122.280800002045
122.50980000681011
117.42360000062035
120.5407000015839
122.63260000327136
131.58670000120765
124.161700005061
128.87529999716207
137.70520000252873
117.66260000149487
117.91530000482453
123.45590000040829
122.15560000186088
120.59229999431409
128.5098000007565
127.8491999983089
122.92819999856874
121.33330000506248
141.77400000335183
121.46459999348735
123.09820000518812
125.09070000669453
122.24029999924824
122.38570000045002
122.59789999370696
113.6943000019528
120.13819999992847
121.79299999843352
139.59759999852395
129.46129999909317
127.56390000140527
121.94559999625199
122.43030000536237
121.83799999911571
127.20919999992475
123.97230000351556
126.92790000437526
121.68869999732124
149.10750000126427
129.6710999959032
122.55860000004759
123.10170000273502
123.45030000142287
125.12320000678301
124.64529999851948
123.41240000387188
124.62850000156322
123.7397000004421
147.26629999495344
124.26530000084313
125.14660000306321
125.43259999802103
122.52489999809768
125.51490000623744
125.59139999939362
126.01119999453658
125.29129999893485
125.47489999997197
141.628799996397
124.89779999305028
123.5000000015134
129.81359999685083
129.10830000328133
125.87509999866597
119.6364999996149
124.19399999635061
121.87469999480527
122.10080000659218
162.10129999672063
134.22859999991488
127.89179999526823
125.66259999584872
126.0822999975062
127.40920000214828
126.62369999452494
124.51080000028014
128.71240000094986
126.7530999975861
145.03210000111721
128.09289999859175
127.44989999919198
127.07609999779379
126.19950000225799
126.58089999604272
128.53739999991376
128.05990000197198
126.8532000030973
127.8904999999213
146.7052000007243
128.6952999944333
134.48439999774564
129.52309999673162
128.00950000382727
129.07100000302307
131.73980000283336
128.78679999994347
127.55950000428129
134.03649999963818
142.6398000039626
133.04400000197347
130.73240000085207
123.92930000351043
131.60160000552423
126.96180000057211
126.03139999555424
126.57760000001872
124.76269999751821
123.62089999805903
141.9000000023516
127.14540000160923
122.6295000014943
128.52969999948982
125.19690000044648
124.01170000521233
122.48750000435393
125.01459999475628
121.55340000026627
122.79899999703048
139.2548000003444
122.50520000088727
126.3632999980473
121.54590000136523
122.70539999735774
123.94789999962086
121.19350000284612
123.02539999654982
122.1882000027108
121.32729999575531
139.5455000019865
123.2400000008056
121.9450999997207
126.8869999985327
125.75379999907454
120.28709999867715
127.61599999794271
122.14120000135154
125.40919999446487
122.1021999954246
138.31799999752548
120.05839999619639
119.77650000335416
117.42100000265054
118.90180000045802
120.0812999959453
122.55509999522474
113.0639999973937
119.66180000308668
120.01739999686833
139.06110000243643
119.14210000395542
113.15520000061952
117.83849999483209
120.90080000052694
119.5261999964714
120.01510000118287
119.16650000057416
119.93729999812786
119.4515999959549
139.86540000041714
120.13590000424301
120.77620000491152
123.2425999987754
123.62520000169752
126.13750000309665
125.62699999398319
122.54609999945387
122.93890000000829
120.76079999678768
141.51850000052946
121.35720000514993
124.05880000005709
122.68700000277022
124.6817999999621
121.87899999844376
122.63939999684226
123.72389999654843
124.05849999777274
122.95349999476457
141.22620000125607
122.7595999953337
121.83999999979278
121.57970000407659
122.54740000207676
117.81730000075186
120.62049999804003
121.20130000403151
122.07459999626735
145.84409999952186
170.8682000025874
123.57309999788413
121.71830000443151
114.56900000484893
121.54960000043502
121.60109999967972
132.36110000434564
130.04159999400144
128.6199999958626
126.54240000119898
155.14910000638338
132.5515999997151
127.37949999427656
126.88169999455567
120.79760000051465
135.5351999955019
139.2684000020381
132.18220000271685
136.05129999632481
137.7578999963589
149.95729999645846
125.47640000411775
126.50450000364799
126.1612000016612
125.55930000235094
133.46749999618623
131.30939999973634
119.8939000023529
128.93700000131503
125.57370000286028
146.46309999807272
126.01870000071358
126.98230000387412
127.15829999797279
125.72039999940898
126.10900000436231
122.13279999559745
127.57749999582302
129.76260000141338
126.4831000007689
143.591899999592
126.10250000579981
126.93009999929927
123.18709999817656
129.1001999998116
126.53870000212919
125.65539999923203
126.26279999676626
126.1067000014009
126.27650000649737
142.08950000465848
126.21829999989131
132.68070000049192
127.63519999862183
125.92279999807943
125.79900000127964
126.25500000285683
126.58309999824269
126.7154999950435
126.04289999580942
143.56590000534197
125.06300000677584
125.73339999653399
120.96790000214241
127.10540000261972
127.04379999922821
127.68269999651238
125.48090000200318
128.25039999734145
126.9486000019242
143.58179999544518
126.64320000476437
129.40969999908702
127.38700000045355
126.63679999968736
126.78150000283495
126.22659999760799
126.31839999812655
127.35470000188798
128.62189999577822
143.5526999994181
122.76569999812637
127.00200000108453
129.23519999458222
129.68120000005
127.65890000446234
127.9385000016191
126.30559999524849
127.50979999691481
128.22479999886127
145.95869999902789
128.9351000013994
127.50970000342932
126.9417999938014
121.67649999901187
123.08909999410389
123.10029999935068
124.3555999972159
122.74220000108471
122.05910000193398
144.52470000105677
125.35360000038054
125.13480000052368
127.55720000131987
121.51129999983823
122.89079999754904
127.01489999744808
121.890300004452
133.71660000120755
128.7774000011268
144.5235999999568
124.33410000085132
125.26909999724012
124.69599999894854
125.63260000024457
125.74689999746624
127.24189999426017
125.8190000007744
126.93729999591596
127.34189999900991
145.47660000243923
129.69100000191247
127.0795000018552
126.97759999718983
125.72070000169333
121.52149999747053
126.97810000099707
126.84270000318065
127.81790000008186
125.82110000221292
144.59740000165766
130.2120999971521
126.11280000419356
126.71470000350382
126.98009999439819
126.60469999536872
137.66740000573918
130.24830000358634
128.26959999802057
138.3053999961703
152.19799999613315
129.2297999971197
132.12630000634817
130.97769999876618
130.54149999516085
125.8564000017941
126.81719999818597
125.02759999915725
125.13989999570185
124.09080000361428
147.8034999963711
133.88960000156658
123.32570000580745
118.35989999963203
136.4707999964594
128.07070000417298
119.6974999984377
120.6504000001587
125.26990000333171
123.64859999797773
141.5294999969774
122.82120000600116
124.50260000332491
124.78630000259727
123.68599999899743
123.04589999985183
123.43230000260519
124.10549999913201
118.9234999983455
122.23700000322424
138.70859999587992
121.37760000041453
121.86730000394164
122.49400000291644
121.307399997022
125.26610000350047
122.18340000254102
122.90919999941252
124.76059999607969
116.69980000442592
141.00390000385232
121.23080000310438
121.55639999400591
122.56450000131736
122.7357999960077
120.007200006512
116.0438000006252
121.94490000547376
120.04929999966407
120.71109999669716
138.20750000013504
136.7545999964932
121.63849999342347
117.63420000352198
115.89139999705367
121.63950000103796
122.36409999604803
121.54310000187252
123.70389999705367
119.11140000302112
150.18449999479344
120.36380000063218
127.59069999447092
121.0674999965704
121.66679999791086
125.05629999941448
131.21129999490222
142.7077000043937
161.049100002856
156.3347999981488
141.42229999561096
121.02210000011837
116.06790000223555
127.40650000341702
122.16550000448478
119.09909999667434
118.13290000281995
118.50440000125673
119.8383000009926
119.54279999918072
138.82810000359314
124.544699996477
123.30220000148984
133.41390000277897
129.2611999961082
118.21670000063023
122.47589999606134
124.79329999769107
116.05229999986477
123.99040000309469
146.00700000301003
121.63609999697655
120.03279999771621
123.60120000084862
122.60780000360683
124.71519999962766
128.53960000211373
128.6846000002697
137.23059999756515
133.16219999978784
142.60009999998147
124.38739999925019
123.49800000083633
125.17859999934444
131.52090000221506
124.2128000012599
124.51899999723537
139.1003999960958
136.29629999923054
135.76559999637539
141.4708999946015
119.30199999915203
119.29719999898225
120.11050000000978
121.46390000270912
118.62169999949401
117.81850000261329
123.97920000512386
122.77219999668887
134.23820000025444
145.88869999715826
122.2157000011066
123.23389999801293
121.2186999982805
119.96399999770802
120.97589999757474
130.21369999478338
130.14680000196677
127.24509999679867
122.7320999969379
137.48879999911878
114.84989999735262
118.31340000208002
124.33730000338983
124.2813000062597
122.64960000175051
121.02020000020275
121.69780000112951
123.7768999999389
122.47480000223732
140.8071000041673
129.00600000284612
132.25950000196462
131.8539999992936
120.2186000009533
123.23999999352964
129.83099999837577
120.7291000027908
118.36899999616435
119.96070000168402
137.8301000004285
118.15919999935431
117.9746999987401
118.52899999939837
117.2009000001708
113.7862000032328
114.85990000073798
121.42589999712072
111.3067000042065
115.78909999661846
133.27679999929387
113.96480000257725
114.35239999991609
116.9713999988744
117.51240000012331
117.0466999974451
118.91300000570482
117.0237000042107
113.70500000339234
119.60450000333367
137.2103999965475
116.78810000012163
116.93940000259317
116.3273999991361
116.86009999539237
115.3690999999526
117.4163999967277
122.56540000089444
111.69220000010682
115.52070000470849
130.96730000688694
112.83430000185035
108.08099999849219
115.71240000193939
114.8250000042026
116.62390000128653
116.90760000055889
117.33539999841014
126.65859999833629
123.55599999864353
133.61560000339523
114.42059999535559
126.85200000123587
126.10370000038529
126.68039999698522
126.66629999876022
114.20129999896744
112.59269999573007
112.37380000238772
114.348200004315
129.26259999949252
115.53409999760333
114.62309999478748
115.77740000211634
114.91789999854518
116.82599999767262
119.87240000598831
125.86369999917224
113.66510000516428
116.08070000511361
134.34569999662926
119.48320000374224
117.87479999475181
119.17350000294391
111.92760000267299
116.62869999418035
117.6627999957418
110.62810000294121
115.3104000040912
116.28899999777786
135.65160000143806
118.14159999630647
115.74139999720501
114.55900000146357
123.87550000130432
125.85409999883268
115.30869999842253
113.46290000074077
118.41410000488395
120.47549999988405
134.14299999567447
115.23080000188202
114.48290000407724
118.79019999469165
114.60410000290722
115.759700005583
117.64150000090012
115.71980000007898
110.48229999869363
113.14839999977266
132.49480000376934
112.98790000000736
113.41960000572726
112.51410000113538
113.31220000283793
115.00049999449402
116.0403000030783
111.33910000353353
111.69109999900684
112.38939999748254
131.95899999846006
112.31109999789624
114.38679999992019
114.16029999963939
112.93930000101682
114.62369999935618
112.65089999506017
112.54740000003949
112.98309999983758
123.47500000032596
130.26490000629565
113.49270000209799
113.87760000070557
114.26429999846732
112.49430000316352
110.82910000550328
106.95529999793507
114.27399999956833
122.49700000393204
125.39339999784715
134.5976000011433
114.29230000067037
115.81509999814443
110.11980000330368
125.52449999930104
126.1912999980268
125.33139999868581
122.8040999994846
113.61350000515813
114.50740000145743
131.8879000027664
113.74049999722047
113.95020000054501
109.6449999968172
116.80789999809349
113.32899999979418
113.09509999409784
114.01769999793032
116.96330000268063
118.12449999706587
143.73840000189375
123.6882999946829
116.91190000419738
113.44919999828562
114.52669999562204
114.26009999559028
116.56970000331057
114.08590000064578
113.30190000444418
114.24640000041109
125.55989999964368
115.54959999921266
113.03719999705208
113.13720000180183
116.19140000402695
111.06779999681748
117.21879999822704
110.26760000095237
114.97080000117421
115.55410000437405
129.37160000001313
124.04900000547059
126.3360000011744
116.33369999617571
117.86000000574859
116.38069999753498
115.47989999962738
115.44370000046911
115.95890000171494
116.324300004635
132.12619999831077
114.53389999951469
113.74010000145063
110.91779999696882
115.20339999697171
115.07300000084797
113.26220000046305
113.26759999792557
113.74709999654442
111.68049999832874
131.634600002144
113.05250000441447
111.48790000152076
113.31849999987753
111.93169999751262
113.25680000300054
111.1626999991131
112.36310000094818
113.03269999916665
116.01199999859091
134.30499999958556
109.01999999623513
112.94490000000224
112.43749999994179
113.14220000349451
114.37149999983376
114.12150000251131
115.31560000003083
113.96040000545327
111.71359999570996
125.8142999940901
112.44049999368144
113.61369999940507
113.73470000398811
117.2999999980675
117.04719999397639
117.4038000026485
118.79220000264468
115.20720000407891
115.85290000220994
130.9659000035026
116.25420000200393
114.33319999923697
116.44320000050357
115.67059999651974
118.45410000387346
112.57290000503417
116.23350000445498
120.93939999613212
114.31420000008075
133.36559999879682
116.35540000133915
118.44680000649532
118.25710000266554
119.48480000137351
116.22270000225399
116.01840000366792
117.79579999711132
118.54190000303788
116.82179999479558
133.75530000485014
119.51709999993909
118.4616000027745
114.18740000226535
119.73890000081155
116.0782000006293
120.52270000276621
118.30919999920297
112.40440000256058
118.2656999953906
137.0636999999988
118.27769999945303
118.38770000031218
119.01060000673169
117.9374999992433
118.39770000369754
116.72460000409046
120.66939999931492
120.90109999553533
118.53929999779211
136.52269999874989
115.07169999822509
114.51769999985117
117.95429999619955
114.5881999982521
112.90439999720547
115.2695999990101
113.9032999999472
112.31950000365032
116.99949999456294
135.99529999919469
120.34159999893745
120.37829999462701
113.5087000002386
117.95230000279844
118.73490000289166
119.18730000616051
112.87140000058571
120.32729999918956
120.67250000109198
137.3636999996961
117.33240000467049
116.96079999819631
118.93630000122357
119.93600000278093
121.95410000276752
120.40320000232896
119.28429999534274
118.15840000053868
118.42940000497038
135.75850000052014
116.26400000386639
117.44279999402352
113.44349999853875
114.12649999692803
116.47449999873061
115.9477000037441
118.34360000648303
118.94310000207042
112.83550000371179
133.16990000021178
116.30660000082571
116.34369999956107
127.34739999723388
128.8090999951237
129.5414000051096
121.54879999434343
116.42990000109421
115.2524999997695
115.86600000009639
129.87910000083502
115.7937000025413
122.26450000162004
116.89140000089537
115.51060000056168
115.6427000023541
114.23379999905592
116.83220000122674
117.89690000296105
123.2058000023244
130.26309999986552
122.3043999998481
117.43769999884535
116.87820000224747
119.96270000236109
117.56279999826802
116.55600000085542
114.66790000122273
115.50179999903776
113.73769999772776
133.82389999605948
114.50470000272617
116.99129999760771
113.9060999994399
115.61630000505829
115.27219999697991
117.66160000115633
118.69329999899492
120.49860000115586
110.54509999667061
133.48560000304133
115.32340000121621
114.40800000127638
114.88349999854108
115.92509999900358
124.12900000344962
116.19280000013532
115.55629999929806
113.97270000452409
114.85579999862239
130.8153999998467
114.49439999705646
110.68869999871822
111.07269999774871
124.83589999465039
120.2393999992637
113.01359999924898
112.59810000046855
114.24080000142567
116.67779999697814
129.48960000358056
119.3386000013561
110.07860000245273
115.49309999827528
117.5398999985191
110.39209999580635
112.70900000090478
114.9989000041387
115.4540999996243
115.69560000498313
132.75390000490006
114.97239999880549
112.56580000190297
122.42029999470105
120.11060000077123
115.46350000571692
113.66899999848101
118.9474999991944
117.81290000362787
112.31389999738894
130.2367000025697
114.93719999998575
112.5670999972499
112.81679999956395
114.53199999959907
112.1603000065079
111.40290000184905
110.1557000001776
108.86290000053123
120.8935999966343
138.06180000392487
115.23250000027474
111.5946999998414
106.3263999967603
110.88410000229487
110.83540000254288
109.54449999553617
110.63290000311099
109.98370000015711
112.3955000002752
128.09759999800008
111.04060000070604
110.07450000033714
109.70690000249306
109.35730000346666
114.26149999897461
117.82849999872269
108.77790000085952
109.91500000091037
109.64819999935571
121.349500004726
108.32210000080522
108.35300000326242
118.09740000171587
109.30450000159908
105.71440000057919
112.19120000168914
110.48780000419356
114.93390000396175
112.7353000047151
128.12339999800315
110.28400000213878
113.41189999802737
110.79849999805447
109.90039999887813
110.49450000427896
119.16900000505848
114.62329999631038
116.80940000223927
110.37419999775011
127.83650000346825
113.15179999655811
111.14999999699648
112.52120000426657
112.85730000236072
111.9267000030959
123.00340000365395
116.74930000299355
110.72739999508485
114.1970999960904
129.8045000003185
113.6804999987362
112.34159999730764
111.92879999725847
110.306299997319
112.34179999883054
110.66370000480674
111.13450000266312
116.82090000249445
110.12990000017453
127.80090000160271
111.12370000046212
119.21299999812618
117.3826999947778
107.05389999930048
106.46260000066832
106.78379999444587
107.03669999929843
108.76789999747416
113.8961000033305
135.78450000204612
112.19990000245161
110.18289999628905
108.21949999808567
118.08369999926072
108.23879999952624
107.36639999959152
108.02280000643805
115.66049999964889
112.57589999877382
130.65639999695122
106.42309999821009
107.14549999829615
105.7820999994874
105.29730000416748
101.51780000160215
106.46919999999227
107.0873999997275
103.60289999516681
107.4265999995987
125.30250000418164
107.13589999795659
106.90830000385176
108.48290000285488
106.8777999971644
113.9309000063804
116.63370000314899
119.13789999380242
108.57430000032764
107.52300000604009
129.06619999557734
111.98689999582712
107.19119999703253
108.89009999664268
107.4503999989247
104.5178999993368
110.50039999827277
108.5869999951683
104.21399999904679
106.21610000089277
125.95150000561262
109.55879999528406
116.57230000128038
115.28250000264961
115.52410000149393
112.54840000037802
108.39030000352068
108.33969999657711
112.16080000303918
105.0969999996596
123.58669999957783
106.4810000025318
107.02730000048177
106.82059999817284
107.1421000015107
108.49700000107987
109.33929999737302
111.01469999994151
109.3518000052427
107.48600000079023
122.52129999978933
105.37359999580076
109.1627999994671
107.0873999997275
106.67219999595545
106.72150000027614
106.71900000306778
106.77649999706773
105.38380000070902
105.9259999965434
121.79839999589603
104.75510000105714
106.470899998385
107.46560000552563
116.83139999513514
112.70589999912772
106.95829999895068
114.57560000417288
113.86489999858895
106.81750000367174
115.2767000021413
105.11550000228453
104.81570000411011
103.04609999730019
102.73550000420073
100.93790000246372
103.63620000134688
103.99619999952847
103.11129999900004
103.80849999637576
120.90919999900507
103.6242999980459
102.55550000147196
98.25500000442844
102.35100000136299
104.47320000093896
102.95880000194302
103.79739999916637
102.4810000017169
98.71910000219941
121.58040000213077
104.90320000099018
104.02089999843156
102.11460000573425
102.13150000345195
101.27569999895059
101.82939999504015
101.06509999604896
95.9599000052549
99.9392000012449
116.59099999815226
104.25649999524467
104.59800000535324
101.81759999977658
102.27710000617662
101.03969999909168
102.6382999989437
101.24250000080792
103.91230000095675
103.65950000414159
123.02210000052582
102.4701999995159
102.51710000011371
103.2139000017196
104.4975999975577
106.45129999466008
109.84000000462402
101.96589999395655
99.56760000204667
102.8398999987985
119.83730000065407
101.34290000132751
97.85589999955846
101.973500000895
101.69589999713935
104.11680000106571
102.34009999840055
103.25939999893308
103.94820000510663
107.51259999960894
123.57569999585394
112.69309999624966
105.96699999587145
104.36970000591828
106.03799999807961
104.72209999716142
103.83100000035483
103.40680000081193
103.27020000113407
104.76080000080401
128.72800000332063
105.3440000032424
102.22950000024866
115.43119999987539
115.717599997879
98.63059999770485
104.97360000590561
106.10389999783365
111.75150000053691
105.04219999711495
122.76969999948051
104.59470000205329
104.36209999897983
105.47570000198903
104.34000000532251
100.18809999746736
106.31950000242796
105.63020000699908
106.17060000367928
100.77250000176718
123.51650000346126
112.0091999982833
109.21490000328049
112.2107999981381
104.87179999472573
102.77750000386732
107.29890000220621
104.62589999951888
105.9670999966329
105.26659999595722
123.63369999366114
107.52760000468697
110.31419999926584
106.39260000607464
105.57910000352422
110.11190000135684
105.65410000708653
105.8402999988175
105.82119999889983
108.1558000005316
124.4144000011147
109.74220000207424
104.53299999790033
105.03269999753684
107.42039999604458
111.51360000076238
105.68390000116779
103.32329999801004
104.30350000387989
108.8887000005343
115.45639999530977
103.70540000440087
104.10560000309488
104.19959999853745
102.66340000089258
102.00110000005225
102.32019999966724
102.53799999918556
100.96880000492092
97.86840000015218
120.70239999593468
111.59670000051847
112.84320000413572
115.05399999441579
112.63999999937369
112.51149999588961
107.98890000296524
106.12299999775132
102.48000000137836
101.66759999992792
130.70800000423333
113.62630000076024
102.92509999999311
103.4423999954015
101.54970000439789
103.40040000301087
101.79060000518803
103.34050000528805
114.00629999843659
112.60570000013104
133.25450000411365
103.97679999732645
101.9319999977597
103.15030000492698
101.3909999965108
103.16079999756766
97.34259999822825
101.93360000266694
100.89099999458995
101.28209999675164
119.62399999902118
100.5042000033427
99.86449999996694
101.61710000102175
101.19520000444027
102.30320000118809
102.19659999711439
98.62160000193398
98.2302999982494
102.65380000055302
130.35170000512153
99.93730000132928
101.52450000168756
98.54609999456443
101.5590999959386
112.60339999716962
98.93639999791048
99.1243000025861
98.01319999678526
98.68920000008075
116.00389999512117
100.83100000338163
96.55729999940377
106.78449999977602
97.25020000041695
96.67050000280142
96.84689999994589
96.91060000477592
96.68569999485044
100.11790000135079
118.30039999767905
99.75439999834634
98.28000000561588
97.96449999703327
98.8835999960429
97.41579999536043
102.68879999784986
101.56100000313018
99.4429000056698
100.70880000421312
116.23430000327062
94.85139999742387
96.07580000010785
97.62639999826206
95.67110000352841
98.71189999830676
99.12479999911739
98.22539999731816
98.59850000066217
102.70409999793628
121.67980000231182
97.72070000326494
99.6041000034893
97.43209999578539
98.82939999806695
98.12909999891417
98.28070000367006
96.99610000097891
98.01499999593943
99.28510000463575
122.17830000008689
108.3306000000448
100.88330000144197
102.39379999984521
99.00779999588849
96.7711999983294
97.89150000142399
97.33360000245739
97.8123000022606
98.12680000322871
117.00779999955557
96.58029999991413
96.82600000087405
94.75079999538139
98.84800000145333
97.24020000430755
98.43140000157291
97.30739999940852
98.25459999410668
99.10849999869242
115.15469999721972
93.00430000439519
96.88859999732813
97.2574000043096
105.23480000119889
98.60210000624647
98.97460000502178
98.79340000043157
97.5445000003674
101.13920000003418
129.93140000617132
110.00320000312058
101.79330000391928
104.85280000284547
99.44489999907091
99.40069999720436
100.0927999994019
97.880699999223
99.1957000005641
101.64309999527177
117.67150000378024
98.14410000399221
100.18670000135899
99.31369999685558
99.76879999885568
102.67279999970924
99.50199999730103
99.67719999986002
102.3981999969692
100.18489999492886
116.46749999636086
103.6958999975468
99.14750000461936
100.30019999976503
98.5900000014226
100.40229999867734
96.00109999882989
98.86199999891687
99.59389999858104
99.33119999914197
116.99719999887748
99.58869999536546
94.58539999468485
94.51550000085263
93.86850000009872
102.42939999443479
104.93110000243178
99.43729999940842
96.57609999703709
99.16369999700692
127.2571000008611
108.66029999306193
107.08259999955771
101.38860000006389
99.52950000297278
94.07289999944624
97.44510000018636
98.06920000119135
96.72470000077737
94.71979999943869
124.72789999446832
108.94379999808734
108.89859999588225
99.43899999780115
97.15380000125151
97.69580000283895
91.99819999776082
95.97289999510394
98.09139999561012
96.24169999733567
114.16530000133207
98.22239999630256
91.93109999614535
96.34879999794066
97.0104999942123
97.28789999644505
96.94160000071861
99.16640000301413
97.56980000383919
96.88649999588961
115.45589999877848
97.90090000024065
99.60500000306638
94.81529999902705
94.46139999636216
93.3463000037591
94.10600000410341
102.58230000181356
111.44599999533966
110.37270000088029
129.50830000045244
111.18580000038492
107.04729999997653
99.82920000038575
99.97399999701884
98.62420000717975
98.82550000475021
99.02280000096653
97.6851000013994
103.33399999944959
116.73490000248421
103.6489000034635
98.57589999592165
98.34119999868562
99.34169999905862
97.70759999810252
96.99489999911748
93.51509999396512
99.39210000447929
97.72130000055768
116.31610000040382
99.59189999790397
96.87929999927292
97.34150000440422
100.3634000007878
100.90409999975236
101.8160000021453
101.98799999488983
101.14669999893522
101.8739999999525
115.3111000021454
99.78509999928065
105.62680000293767
106.265300004452
106.33090000192169
94.88559999590507
100.18570000102045
102.28460000507766
97.97919999982696
101.28650000115158
125.35940000088885
104.33870000269962
104.68480000417912
104.5421999951941
98.20359999866923
103.8129000007757
104.03339999902528
102.37530000449624
103.0181000023731
100.85460000118474
113.62759999610716
98.28179999749409
102.6717999993707
107.10200000175973
104.59450000053039
102.18399999575922
109.4331999993301
101.08320000290405
101.87890000088373
103.57020000083139
115.78960000042571
100.03490000235615
109.05179999826942
106.8513000063831
106.55330000008689
98.81780000432627
103.9560999997775
101.59060000296449
103.70369999873219
101.90429999784101
118.89250000240281
102.11120000167284
102.89569999440573
100.8533999993233
103.37689999869326
105.65579999820329
101.58279999450315
96.91709999606246
105.94889999629231
107.07669999828795
123.75320000137435
104.5148999983212
98.91349999816157
101.05140000086976
100.06509999948321
100.42669999529608
101.42479999922216
100.83790000498993
100.52999999606982
101.04780000256142
120.6878999946639
104.8545000012382
97.85469999769703
96.82640000391984
95.32949999993434
100.05249999812804
97.34029999526683
97.29869999864604
96.92029999860097
98.45149999455316
115.70220000430709
97.9256000064197
97.95760000270093
98.46739999920828
98.08709999924758
97.43299999536248
97.96500000084052
97.63760000350885
97.74800000013784
97.53420000197366
114.96369999804301
92.513700001291
103.99340000003576
97.33870000491152
96.18239999690559
98.4930999984499
95.63830000115559
98.68809999898076
96.61510000296403
95.08500000083586
112.30259999865666
97.89689999888651
97.33609999966575
97.95370000210823
97.8979999999865
96.49229999922682
96.18689999479102
96.21730000071693
95.56239999801619
95.86209999542916
112.64529999607475
95.34310000162804
94.51619999890681
96.69209999992745
96.73160000238568
98.49530000064988
91.83739999571117
94.92199999658624
96.71420000086073
104.01970000384608
114.01130000012927
97.68619999522343
98.32239999377634
99.52550000161864
97.30940000008559
100.94580000441056
93.31289999681758
98.48020000208635
97.93069999432191
106.98790000606095
118.86049999884563
98.48829999828013
97.78260000166483
99.79329999623587
98.0442999934894
101.90599999623373
98.4632000036072
99.56229999806965
94.68280000146478
94.85529999801656
107.85650000616442
98.07829999772366
94.98490000260063
92.8118000010727
96.66160000051605
95.03330000006827
98.43340000224998
97.8121000007377
98.4762000007322
96.00800000043819
119.33539999881759
106.91750000114553
106.9978000014089
102.59249999944586
96.45180000370601
96.79650000180118
104.76780000317376
95.68080000462942
97.01290000521112
96.29920000588754
113.14950000087265
97.71100000216393
96.41940000437899
96.95800000190502
98.1443000055151
96.3361000031
95.62790000200039
95.45729999808827
97.21359999821289
96.69579999899724
111.14660000021104
103.97740000189515
104.18920000665821
96.11250000307336
93.5682999988785
105.47609999775887
97.50850000273203
94.38579999550711
95.60349999810569
100.58289999869885
112.33170000195969
97.76920000149403
96.03300000162562
96.46030000294559
97.8088000047137
97.26629999931902
97.23010000016075
99.34059999795863
101.46430000168039
90.170900002704
114.60770000121556
98.41279999818653
94.52759999840055
96.02670000458602
96.83780000341358
98.2575000016368
91.08620000188239
96.17300000536488
95.90219999518013
96.54350000346312
114.07560000225203
106.21440000250004
107.60299999674316
95.39229999791132
95.84210000321036
95.17739999864716
95.05849999550264
95.57860000495566
93.85140000085812
95.68440000293776
114.53489999985322
97.44979999959469
99.42759999830741
97.64829999767244
92.38460000051418
97.10720000293804
95.44309999910183
96.15630000189412
105.19880000356352
95.54349999962142
111.60050000034971
90.10660000058124
93.40469999733614
94.67880000011064
96.09420000197133
95.00290000141831
94.17430000030436
89.32520000234945
95.57140000106301
104.20270000031451
116.13770000258228
95.42480000527576
98.05079999932786
96.59479999390896
95.73749999981374
94.06370000215247
94.10760000173468
92.79840000090189
101.1177000036696
97.92939999897499
113.36729999311501
105.52889999962645
100.07480000058422
95.21039999526693
94.31059999769786
95.27540000271983
95.62290000030771
96.82719999545952
102.19230000075186
97.91620000032708
115.0426999956835
97.96040000219364
98.8668999998481
98.46020000259159
101.91599999961909
97.74019999895245
98.4965999959968
99.15750000072876
92.58460000273772
97.54360000079032
115.34029999893392
96.78639999765437
98.17070000281092
98.05490000144346
96.35090000665514
97.72019999945769
97.97110000363318
98.18939999968279
95.1165000005858
96.86079999664798
115.13120000017807
96.54810000211
96.57110000262037
98.17090000433382
98.07999999611638
97.4941000022227
98.94060000078753
97.06020000157878
102.53129999910016
98.33010000147624
123.17909999546828
95.75449999829289
97.15180000057444
96.99559999717167
96.78210000129184
103.34989999682875
106.28369999903953
105.31329999503214
106.95080000004964
104.68079999554902
113.0325999984052
95.46659999614349
97.64600000198698
96.60459999577142
97.03659999649972
96.0759000008693
97.51369999867165
94.62540000095032
97.96689999348018
98.57819999888306
113.45340000116266
97.39059999992605
93.32970000104979
96.52200000709854
99.03070000291336
97.90420000354061
96.59339999780059
95.85820000211243
95.84079999331152
101.83309999410994
113.72679999476532
96.43629999482073
95.12289999838686
96.44420000404352
93.92929999739863
103.4561999986181
106.03289999562548
92.80520000174874
89.16280000266852
91.71760000026552
110.71139999694424
93.14520000043558
98.61889999592677
109.75789999793051
94.47090000321623
94.80730000359472
93.88030000263825
94.58379999705357
93.64089999871794
95.01630000158912
111.38059999939287
94.54039999400266
96.4629000009154
93.78119999746559
96.06090000306722
96.32679999776883
98.11429999535903
104.82200000114972
105.94719999789959
102.12260000116657
128.27739999920595
95.90999999636551
97.16619999380782
97.87710000091465
97.98619999492075
100.31629999866709
97.12079999735579
97.87660000438336
99.95879999769386
92.58549999503884
115.10339999949792
96.32140000030631
96.64119999797549
96.79429999960121
97.9771000056644
96.64019999763696
98.13589999976102
98.18050000467338
97.32349999831058
92.26679999846965
112.39660000137519
96.07339999638498
98.90849999646889
105.29510000196751
105.00499999761814
97.75200000149198
96.43380000488833
96.72470000077737
98.43180000461871
91.3457999995444
113.72779999510385
96.23139999894192
96.90589999809163
97.79960000014398
97.18020000582328
98.40369999437826
104.78680000232998
107.40520000399556
98.11140000238083
94.22600000107195
110.29399999824818
98.55940000124974
99.07160000147996
109.94119999668328
105.16530000313651
98.65939999872353
98.7950999988243
100.23740000178805
99.44440000253962
99.02010000223527
118.02280000119936
98.14170000026934
101.37319999921601
98.72610000456916
98.79319999890868
98.46410000318429
104.19910000200616
100.12540000025183
98.20210000179941
99.07120000571012
116.55190000601579
99.58080000069458
100.78730000532232
99.9694999991334
99.91739999532001
100.10170000168728
100.24300000077346
101.5627000015229
99.42080000473652
99.77989999606507
115.3751999954693
98.58710000116844
100.60910000174772
98.20040000340668
107.92770000261953
109.59569999977248
96.13800000079209
97.01259999565082
98.54550000454765
100.77560000354424
116.46810000092955
98.69020000041928
101.88270000071498
99.47029999602819
99.08820000418928
97.63419999944745
98.38979999767616
92.36189999501221
95.93429999949876
98.19920000154525
115.20190000010189
96.24210000038147
97.49880000163103
103.51269999955548
106.57199999695877
104.18170000048121
95.8732999934
96.21090000291588
92.26070000295294
95.02819999761414
115.72580000211019
102.50590000214288
98.33980000257725
99.38269999838667
98.82359999755863
97.12060000310885
99.18240000115475
98.38419999869075
98.62690000591101
102.59919999953127
115.54559999785852
99.34169999905862
99.84270000131801
102.24819999712054
107.45399999723304
108.39709999709157
98.91929999866989
97.95150000718422
97.7539000014076
96.76190000027418
115.83589999645483
97.58700000384124
96.17189999698894
96.09940000518691
95.24900000542402
96.15029999986291
96.59760000067763
94.59810000407742
97.0547999968403
96.1001000032411
114.32469999999739
96.53910000633914
91.86810000392143
96.97759999835398
95.93390000372892
98.13299999950686
97.34390000085114
95.74630000133766
96.47910000057891
95.27009999874281
113.10810000577476
96.70980000373675
95.45390000130283
95.9699000013643
90.90429999923799
94.73199999774806
95.91920000093523
95.71970000251895
98.43419999378966
98.50949999963632
108.04110000026412
97.7774999992107
96.61269999924116
94.84829999564681
92.74880000157282
95.30040000390727
99.20250000141095
93.31329999986337
97.17250000539934
101.14639999665087
115.94099999638274
99.48249999433756
99.24650000175461
99.63530000095489
106.13319999538362
104.18570000183536
101.64000000077067
96.80369999841787
96.34430000005523
96.33250000479165
114.56339999858756
98.4963999944739
101.3122000003932
97.46219999942696
97.96059999644058
100.2029000010225
98.14400000323076
96.55879999627359
96.87480000138748
94.52279999823077
115.53779999667313
90.65920000284677
95.79210000083549
95.47759999986738
96.23709999868879
96.81849999469705
97.68949999852339
96.24220000114292
97.81919999659294
97.37889999814797
115.2758999960497
96.6642999992473
93.19979999418138
97.80760000285227
96.13230000104522
96.72340000543045
98.57029999693623
97.9079999960959
96.30760000436567
100.77599999931408
113.51809999905527
95.9456999989925
98.10599999764236
96.16719999758061
98.44760000123642
96.34679999726359
97.30950000084704
95.13909999805037
95.75439999753144
96.55879999627359
113.80459999782033
96.38289999566041
99.15860000182875
96.76580000086688
96.19640000164509
95.29219999967609
98.47799999988638
91.92899999470683
97.9386999970302
96.90670000418322
113.81919999985257
98.29239999817219
103.62139999779174
97.2680000049877
97.21110000100452
95.80650000134483
96.22179999860236
96.53579999576323
94.71420000045327
98.32820000156062
115.10370000178227
96.9143999973312
98.38219999801368
96.9081000002916
98.11579999950482
96.80289999960223
99.5377999934135
91.92690000054426
97.41699999722186
96.69579999899724
114.68980000063311
97.90029999567196
100.60280000470812
98.27229999791598
97.83090000564698
97.77029999531806
99.05649999564048
92.06049999920651
98.1919999976526
99.2238000035286
114.89699999947334
96.52729999652365
99.90989999641897
98.32050000113668
97.51590000087162
97.36739999789279
99.42739999678452
99.26029999769526
91.90959999978077
97.85199999896577
115.86710000119638
97.09740000107558
96.88699999969685
100.63220000301953
104.28820000379346
94.8181999992812
94.11750000435859
98.07500000169966
96.03849999984959
96.07659999892348
112.94600000110222
97.47560000687372
98.40549999353243
97.15399999549845
96.61269999924116
97.83639999659499
98.84979999333154
93.34480000688927
96.07780000078492
98.02900000067893
116.0751000061282
98.57760000159033
98.47060000174679
98.94270000222605
97.70540000317851
98.01790000346955
97.73490000225138
98.00790000008419
92.66720000596251
102.65739999886137
113.63020000135293
96.99990000081016
97.3902999976417
95.96459999738727
94.36029999778839
94.71190000476781
93.39259999978822
95.8907000022009
94.81650000088848
91.2670000034268
111.21750000165775
95.58119999564951
95.71660000074189
96.5647999983048
94.7258999949554
94.86189999734052
93.89029999874765
94.00109999842243
93.89050000027055
93.63849999499507
109.7483999983524
91.91439999995055
93.85459999612067
91.78430000611115
93.45770000072662
92.57050000451272
92.6203000053647
92.30250000109663
94.62580000399612
92.9340999937267
106.52529999788385
94.99840000353288
94.66479999537114
95.60329999658279
94.20269999827724
92.28619999339571
92.46990000247024
93.32560000621015
91.73550000559771
93.47710000292864
110.90030000195839
92.9416999933892
92.9482999999891
94.1543000008096
92.64260000054492
92.54909999435768
91.5101999999024
93.25060000264784
94.17199999734294
94.24339999532094
111.78050000307849
94.8766000001342
94.36890000506537
100.57029999734368
94.33369999896968
95.94600000127684
93.87780000542989
94.24040000158129
93.23610000137705
95.73349999845959
121.71229999512434
102.47299999900861
99.62249999807682
96.18390000105137
93.77889999450417
96.54679999948712
97.43219999654684
92.88870000455063
92.15899999981048
98.10129999823403
110.27119999926072
93.01989999949001
93.11140000500018
92.37530000245897
93.25629999511875
87.83760000369512
92.41470000415575
91.8999999994412
87.21789999981411
91.54969999508467
109.02150000038091
91.18250000028638
91.89859999605687
92.12419999676058
93.28139999706764
92.26520000083838
93.55930000310764
94.19469999556895
92.57960000104504
92.75540000089677
113.50309999397723
86.99039999919478
93.96539999579545
91.8078999966383
93.37370000139344
94.58390000509098
90.29520000331104
86.84709999943152
90.96080000017537
91.16570000333013
109.583700002986
99.89990000030957
101.00140000577085
98.46789999573957
96.44569999363739
93.82619999814779
92.94799999770476
92.75699999852804
92.12659999320749
94.57729999849107
112.43560000002617
94.91870000056224
99.68620000290684
89.47690000059083
92.86499999871012
100.41070000443142
95.86500000295928
99.73850000096718
98.47289999743225
95.11459999339422
107.65830000309506
92.2768999953405
93.85789999942062
93.37059999961639
95.01789999922039
93.13560000009602
92.8563999987091
91.28200000122888
92.79400000377791
100.76290000142762
117.26820000330918
98.34180000325432
92.90589999727672
88.44970000063768
90.49479999521282
86.3762000008137
97.21829999762122
90.51789999648463
93.23189999850001
88.96890000323765
106.89510000520386
91.45659999921918
85.37900000374066
91.14969999791356
89.57430000009481
91.28659999987576
90.43620000011288
93.62479999981588
89.91570000216598
91.11439999833237
109.03320000215899
99.29669999837643
91.16840000206139
92.0814999990398
88.67800000007264
93.62189999956172
100.69469999871217
101.3606000051368
95.89360000245506
101.05489999841666
110.30580000078771
93.0817999978899
94.98460000031628
92.8866999965976
95.83269999711774
95.58380000089528
93.06440000364091
90.84460000303807
91.61409999796888
90.39570000459207
110.2173999970546
92.66310000384692
91.4697000043816
92.36719999898924
92.60270000231685
91.58639999805018
90.70290000090608
91.15290000045206
91.45719999651192
92.61289999994915
115.83570000220789
91.47739999752957
90.48739999707323
92.46019999409327
91.05000000272412
91.64279999822611
91.04500000103144
92.72010000131559
92.19039999879897
90.60799999861047
110.96610000095097
92.07960000640014
91.25860000494868
91.50090000184719
93.51249999599531
92.70789999573026
85.79739999549929
90.37740000349004
90.70010000141338
85.57239999936428
107.84889999922598
91.31740000157151
91.2398000000394
90.37779999925988
91.07020000374177
89.93039999768371
91.04459999798564
91.8759999985923
91.35009999590693
91.08620000188239
107.51510000409326
92.30039999965811
92.61220000189496
91.75710000272375
91.65229999780422
91.0379000051762
91.18560000206344
91.61360000143759
91.71329999662703
90.0640999971074
107.14990000269609
90.81310000328813
87.15289999963716
90.79630000633188
91.97169999970356
85.70090000284836
91.12540000205627
91.9201999931829
88.76099999906728
91.06959999917308
107.95859999780077
90.6369000003906
91.68680000584573
92.137300001923
92.21470000193221
91.89939999487251
90.21490000304766
91.37360000022454
94.72860000096262
90.96649999992223
109.07099999894854
90.86970000498695
86.94009999453556
92.70300000207499
90.12059999804478
88.49380000174278
88.49110000301152
88.88409999781288
90.5438999980106
95.51230000215583
108.02460000559222
100.1925000018673
95.34460000577383
92.7131000062218
91.86149999732152
95.55700000055367
92.86749999591848
92.64899999834597
91.47819999634521
92.68779999547405
109.59060000459431
92.34009999636328
92.46780000103172
88.57330000319052
92.20039999490837
92.85369999997783
95.66840000479715
88.40499999496387
92.9108999989694
93.34949999902165
110.68410000007134
92.34409999771742
93.00430000439519
92.47400000458583
93.78450000076555
93.25420000095619
92.9937000037171
92.25950000109151
92.42750000703381
92.259599994577
110.9305000063614
95.6196999977692
91.93109999614535
87.24459999939427
92.01480000047013
88.10900000389665
87.65909999783617
95.98470000491943
96.41700000065612
88.28770000400255
112.69999999785796
90.90569999534637
91.53800000058254
90.63590000005206
92.34960000321735
93.89720000035595
90.91699999407865
92.22989999398123
91.19430000282591
91.317499995057
106.39740000624442
99.36690000176895
98.21839999494841
95.68420000141487
92.79419999802485
91.42939999583177
94.19940000225324
91.65900000516558
93.0757000023732
98.68429999914952
116.83919999632053
94.40889999677893
92.53360000002431
90.86770000430988
91.04269999807002
90.7974000001559
90.94809999805875
96.97250000317581
92.15919999405742
90.87759999965783
107.95450000296114
86.54440000100294
92.05199999996694
94.81229999801144
88.82969999831403
95.79249999660533
91.3003999958164
87.54480000061449
92.40140000474639
91.96499999961816
111.14319999614963
97.20930000185035
93.5994000028586
94.10870000283467
88.37399999902118
89.9862000005669
99.36849999940023
95.49040000274545
90.44529999664519
92.82289999828208
117.7010999963386
98.5179999988759
99.36020000168355
94.20969999337103
95.34060000441968
93.50329999870155
98.32640000240644
95.8284999942407
96.3010999985272
94.89339999709046
110.38630000257399
93.76049999991665
93.94280000560684
95.20060000068042
93.93160000036005
93.89969999756431
97.34780000144383
93.92890000162879
94.2639999993844
93.57670000463258
111.91740000504069
93.8317999971332
93.78629999991972
93.97719999833498
95.04649999871617
95.914300000004
95.22429999924498
90.15339999314165
94.94870000344235
93.81759999814676
111.30140000022948
94.10419999767328
95.03620000032242
95.09480000269832
95.58690000267234
96.96170000097482
95.77219999482622
96.7635999986669
96.87590000248747
96.66030000516912
113.04280000331346
96.64510000584414
95.86149999813642
96.32179999607615
91.01509999891277
97.34929999831365
97.80750000209082
96.35129999514902
95.26480000204174
95.74530000099912
106.97730000538286
95.53699999378296
94.72549999918556
94.36719999939669
94.79899999860208
94.98170000006212
94.7530999983428
93.83160000288626
95.67849999439204
94.38539999973727
110.91940000187606
96.66709999874001
93.62490000057733
88.89420000195969
93.8525999954436
92.33880000101635
94.4757999968715
88.69689999846742
92.69599999970524
94.32620000006864
111.28060000191908
93.84739999950398
94.4625999982236
93.47060000436613
95.71339999820339
92.56409999943571
93.70389999821782
94.64979999756906
93.59330000006594
93.5962000003201
110.08160000346834
93.44649999547983
93.35339999961434
93.35479999572271
92.77879999717698
92.42810000432655
91.97680000215769
94.46200000093086
93.11400000296999
91.17899999546353
109.79689999658149
90.19600000465289
93.89950000331737
96.23270000156481
88.93380000517936
94.15150000131689
94.52210000017658
94.35339999618009
93.66449999652104
93.05339999991702
109.88549999456154
92.97910000168486
91.98420000029728
92.87530000437982
93.89370000280906
92.08619999844814
92.37189999839757
92.26559999660822
94.65720000298461
92.44400000170572
110.0538000027882
93.82719999848632
92.45460000238381
91.74650000204565
87.05769999505719
90.11760000430513
93.32780000113416
92.87599999515805
88.5058999992907
93.89250000094762
112.25790000025881
95.42440000222996
98.56779999972787
102.82069999811938
100.37049999664305
100.8674000040628
100.53489999700105
97.81650000513764
99.75950000080047
95.32469999976456
117.10659999516793
93.02040000329725
92.37990000110585
93.80180000152905
88.50299999903655
93.3253999974113
93.48759999556933
94.7608000060427
89.03869999630842
98.88069999578875
116.80599999817787
100.3742000029888
99.40669999923557
100.38299999723677
101.05309999926249
101.51740000583231
99.58030000416329
98.66920000058599
98.55419999803416
100.37149999698158
116.55949999840232
99.5556000052602
99.54999999899883
100.97780000069179
97.6684999986901
94.57659999316093
90.04809999896679
90.65990000090096
90.73749999515712
90.33929999714019
109.3639999962761
88.30550000129733
93.26069999951869
95.59740000258898
93.60559999913676
88.33880000020145
92.13840000302298
91.46809999947436
89.74360000138404
91.59080000245012
107.52650000358699
91.77280000585597
90.99509999941802
89.23769999819342
90.74189999955706
90.79080000083195
89.48090000194497
89.023399996222
90.90350000042235
89.54510000330629
106.35310000361642
89.28759999980684
90.35089999815682
91.71149999747286
99.52600000542589
97.19800000311807
98.96140000637388
98.35880000173347
97.52979999757372
90.80469999753404
110.83220000000438
93.10249999543885
92.30319999915082
94.35790000134148
91.65499999653548
91.73230000305921
92.00810000038473
92.29679999407381
93.50130000530044
89.1057999979239
107.19560000143247
90.16360000532586
89.93909999844618
88.71579999686219
91.12219999951776
90.46980000130134
90.85810000397032
89.16160000080708
88.34970000316389
89.48710000549909
106.4291000002413
89.75370000553085
95.26599999662722
99.61919999477686
99.11889999784762
97.56270000070799
95.38509999401867
89.57029999874067
91.95100000215461
98.54590000031749
105.4158999977517
89.16610000596847
85.0642000004882
88.6940999989747
89.15239999623736
88.28240000002552
90.23319999687374
90.3141999951913
87.75949999835575
90.78969999973197
106.19990000122925
90.89569999923697
88.06270000059158
88.70480000041425
89.09509999648435
88.74120000109542
88.88679999654414
87.46940000128234
87.56139999604784
89.42089999618474
108.14630000095349
88.89389999967534
93.17739999823971
98.4909000035259
96.58670000499114
96.5409999989788
92.06610000546789
90.41219999926398
84.31969999946887
88.07710000110092
106.62090000550961
88.39599999919301
88.52800000022398
90.66339999844786
89.3106999938027
84.40279999922495
96.6887999966275
89.63460000086343
90.63720000267494
90.03040000243345
107.35859999840613
89.83099999750266
84.25639999768464
88.12719999696128
88.22449999570381
89.12489999784157
91.6263999970397
88.4416000044439
90.08539999922505
88.6021999976947
115.15230000077281
99.29619999456918
98.2713999983389
99.2402999982005
93.73069999855943
95.79840000515105
98.15079999680165
100.43830000358867
97.67100000317441
89.83399999851827
107.66810000495752
90.50679999927524
94.37220000108937
92.82160000293516
97.17439999803901
99.83079999801703
90.45269999478478
88.67939999618102
85.44460000121035
90.69309999904362
104.39100000075996
88.87830000458052
88.07179999712389
86.8177999946056
101.40889999456704
90.31939999840688
88.4141999995336
87.2458999947412
89.63829999993322
87.67549999902258
104.93729999870993
87.02389999962179
84.97679999709362
89.0192999941064
89.41369999956805
88.53120000276249
88.13530000043102
89.51179999712622
89.47900000202935
90.21950000169454
108.23499999969499
89.31519999896409
89.10870000545401
90.59089999936987
88.53639999870211
88.99350000137929
89.21620000182884
93.76299999712501
99.60680000222055
99.54730000026757
118.04549999942537
87.92830000311369
90.05720000277506
90.59330000309274
89.7661999988486
90.50189999834402
88.7395000027027
88.79289999458706
84.57959999941522
91.12199999799486
107.42710000340594
88.40439999767113
94.39910000219243
96.98740000021644
99.91539999464294
91.93509999749949
96.64560000237543
96.8702000027406
97.33260000211885
95.12050000193994
106.46969999652356
91.19099999952596
89.6366000015405
97.59800000028918
98.83450000052107
97.37270000186982
97.79229999548988
98.87379999418044
100.78060000523692
98.77460000279825
118.70160000398755
98.33920000528451
88.73629999288823
88.68490000168094
97.06829999777256
97.1949999948265
97.97180000168737
97.24819999973988
100.06849999626866
96.67089999857126
117.20710000372492
96.9998999935342
97.85389999888139
91.89489999698708
89.58260000508744
89.76590000384022
86.29669999936596
85.6294999975944
91.90870000020368
88.96120000281371
114.81569999887142
98.32389999792213
97.32669999357313
93.22500000416767
97.78740000183461
92.06149999954505
97.76540000166278
101.06260000611655
94.68339999875752
90.15329999965616
105.94960000162246
88.32329999859212
94.31320000294363
99.71919999952661
98.38479999598349
98.69299999991199
96.62690000550356
93.16519999993034
88.5474999959115
88.87249999679625
105.8474000019487
90.02390000387095
89.63899999798741
89.67280000069877
90.8837000024505
94.86050000123214
90.05569999862928
88.06360000016866
89.80659999360796
90.93220000067959
108.46460000175284
91.94060000299942
89.97470000031171
89.81259999563918
99.41699999762932
100.96850000263657
100.58209999988321
100.25979999772971
98.98889999749372
90.56249999412103
109.2212000003201
90.69579999777488
90.10490000218851
88.28850000281818
88.67140000074869
88.87859999958891
91.89239999977872
96.12439999909839
92.69169999606675
89.71680000104243
104.39169999881415
89.07240000553429
88.48089999810327
87.53040000010515
87.75579999928595
103.0181999958586
97.90760000032606
87.03479999530828
92.8520999950706
92.18719999626046
106.76999999850523
89.10309999919264
82.59969999926398
89.42550000210758
89.7287999978289
89.58529999654274
90.07719999499386
90.50330000172835
90.43229999952018
90.3496000028099
107.04740000073798
101.79690000222763
93.87640000204556
94.37549999711337
101.08050000417279
92.86849999625701
95.00560000014957
91.59050000016578
91.8113999941852
94.52590000000782
119.86249999608845
101.44499999296386
103.91619999427348
102.02589999971678
97.90709999651881
102.92969999863999
103.2234000012977
102.13399999338435
87.49740000348538
91.3557999956538
107.73930000141263
91.24840000004042
90.66519999760203
91.87029999884544
92.48540000407957
92.16770000057295
89.64510000078008
102.12280000268947
103.06010000203969
102.26599999441532
121.05270000029122
98.14139999798499
92.74220000224886
94.97999999439344
92.6882999992813
93.49630000360776
92.74599999480415
93.41219999623718
92.96959999483079
92.20400000049267
109.59349999757251
87.64679999876535
92.25660000083735
92.82049999455921
87.10319999954663
92.42980000271928
92.64080000139074
93.83110000635497
91.03780000441475
89.91200000309618
105.51330000453163
90.181700004905
89.8594000027515
91.64140000211773
92.4146000033943
91.22980000393
95.90960000059567
102.21129999990808
100.34479999740142
98.7332000004244
118.7186000024667
97.06529999675695
90.62090000224998
92.07130000140751
91.27420000004349
89.65120000357274
89.24219999607885
87.94119999947725
89.60800000204472
103.52340000099503
118.632500001695
98.70149999915157
98.38200000376673
99.33219999948051
91.2432000041008
92.49450000061188
100.39920000417624
99.398199999996
90.72089999972377
91.74199999688426
107.90650000126334
90.84789999906207
90.87319999525789
89.65280000120401
89.34099999896716
88.49010000267299
88.54180000344058
89.82710000418592
87.86699999473058
90.64020000369055
109.32319999847095
89.80880000308389
90.4136999961338
88.51539999886882
89.32289999938803
89.1366000068956
89.51179999712622
89.49619999475544
91.43820000463165
89.42309999838471
106.07699999673059
88.23649999976624
91.09039999748347
91.51489999931073
90.45260000129929
90.19540000008419
84.85099999961676
90.11449999525212
90.23680000245804
89.0953999987687
109.3918999977177
92.34689999721013
88.98739999858662
88.59609999490203
87.07660000072792
88.88370000204304
84.43299999635201
89.12489999784157
88.04860000236658
89.20799999759765
105.62190000200644
90.44770000036806
89.2801000009058
88.02149999974063
90.03469999879599
88.40369999961695
89.3281000026036
88.79519999754848
88.63279999786755
90.9304999950109
109.50639999646228
90.27209999476327
91.78539999993518
90.86999999999534
96.49290000379551
98.33570000046166
91.11080000002403
87.89740000065649
92.86849999625701
95.26539999933448
117.12439999973867
101.49330000422196
95.53510000114329
99.8942000005627
104.36620000109542
93.65059999981895
101.00529999908758
98.63629999745172
95.91299999738112
101.48990000016056
119.43199999950593
95.75640000548447
99.41819999949075
95.8935999951791
102.16510000464041
100.3192999996827
101.14669999893522
100.46729999885429
94.77229999902193
101.09369999554474
119.57280000206083
101.49439999804599
101.1960000032559
92.17060000082711
94.06939999462338
93.22809999866877
92.03859999979613
91.6847999978927
93.02329999627545
97.2978999998304
119.89150000590598
93.14509999967413
91.56840000650845
92.09130000090227
90.03149999625748
89.82510000350885
91.08269999705954
89.58050000364892
90.58139999979176
94.73520000028657
109.3953000017791
93.15539999806788
94.39100000599865
94.65259999706177
93.71020000253338
92.04959999624407
90.78830000362359
95.48729999369243
91.91549999377457
91.76389999629464
109.77730000013253
91.1573999983375
90.48649999749614
91.98460000334308
90.41509999951813
91.63750000152504
90.99939999578055
89.61439999984577
90.8214000010048
89.35760000167647
104.88489999988815
89.51829999568872
84.43220000481233
95.36890000163112
101.38150000420865
93.70510000007926
97.98099999898113
98.35020000173245
97.74190000462113
97.56419999757782
108.2144000029075
91.54839999973774
95.20530000008876
91.69649999967078
90.30319999874337
91.69419999670936
92.95319999364438
92.18979999423027
91.32899999531219
91.35780000360683
108.82489999494283
94.2029000070761
92.60869999707211
92.58219999901485
97.67209999699844
99.20899999997346
99.67450000112876
98.56370000488823
99.34389999398263
98.065600002883
117.96060000051511
89.4209999969462
92.28150000126334
92.09310000005644
86.88009999605129
100.24800000246614
102.44039999815868
96.2502999973367
100.6411000053049
94.02620000037132
101.11860000324668
91.47240000311285
91.33120000478812
93.2775000037509
92.3726999972132
97.90119999524904
97.75700000318466
92.2497999999905
90.20330000203103
85.70020000479417
107.68470000039088
89.54149999772198
94.6193999989191
103.68849999940721
103.24759999639355
98.24159999698168
95.35440000036033
100.36799999943469
101.53970000101253
99.88620000513038
121.09729999792762
99.35770000447519
102.20709999703104
99.53780000068946
100.31009999511298
101.49120000278344
100.73779999947874
101.59120000025723
99.94259999803035
114.207600003283
136.10499999776948
107.87300000083633
89.55880000576144
89.18789999734145
88.0271999994875
89.6089000016218
91.91049999935785
91.29560000292258
89.09249999851454
88.78619999450166
105.62000000209082
87.499300003401
88.96420000382932
88.44350000435952
87.67190000071423
88.35379999800352
88.37320000020554
87.72830000089016
84.21760000055656
90.60259999387199
105.52260000258684
91.84979999554344
88.88699999806704
88.62029999727383
88.6536000034539
86.24140000029001
88.37780000612838
89.46079999441281
88.86089999577962
93.61950000311481
110.49569999886444
92.50120000069728
89.26880000217352
93.61129999888362
112.48929999419488
113.37120000098366
87.24749999964843
93.38550000393298
93.6020999943139
105.47200000291923
111.42099999415223
93.41320000385167
92.68739999970421
91.2769999995362
97.86229999735951
100.81099999661092
92.58799999952316
92.79139999853214
92.31139999610605
90.02519999921788
117.58459999691695
103.43920000013895
103.86230000585783
102.2545000014361
103.21809999732068
95.55009999894537
84.94339999742806
97.10089999862248
100.06799999973737
90.95350000279723
108.2241000040085
92.91810000286205
96.70069999992847
89.1226999956416
95.85860000515822
95.3019000007771
90.5681000003824
99.53569999925094
98.294999996142
98.0582999982289
113.28070000308799
92.26679999846965
94.24200000648852
95.59479999734322
90.88180000253487
93.20780000416562
92.80739999667276
85.92810000118334
88.46089999860851
91.16699999867706
111.91440000402508
98.00890000042273
95.12830000312533
91.75830000458518
86.95240000088234
87.96630000142613
91.34849999827566
89.02200000011362
88.45879999716999
95.07989999838173
110.987699998077
100.08389999711653
98.95400000095833
93.58440000505652
86.47399999608751
85.11490000091726
88.93349999561906
86.78290000534616
88.2523999971454
87.21569999761414
105.63600000023143
88.3453999995254
87.57010000408627
87.11419999599457
86.88139999867417
86.8867000026512
86.63800000067567
87.41290000034496
91.69649999967078
89.70009999757167
109.22220000065863
91.0781999991741
92.69949999725213
91.2973000013153
91.19039999495726
90.28250000119442
91.98290000495035
89.20889999717474
89.46400000422727
90.7225999981165
110.1079000000027
100.36810000019614
89.63629999925615
91.67410000372911
85.29060000000754
86.16990000155056
82.18879999913042
85.87399999669287
80.82799999829149
89.20999999827472
100.55069999361876
84.43660000193631
88.64170000015292
88.39240000088466
86.5775999991456
90.18529999593738
91.1437000031583
86.4103999992949
86.28809999936493
89.61730000009993
107.45260000112467
89.28370000649011
91.87959999690065
90.13860000413842
87.99010000075214
89.82120000291616
91.54549999948358
99.3120999992243
114.50289999629604
100.25339999992866
131.4336000068579
97.3837999990792
99.3806000042241
102.2886999999173
88.89910000289092
87.93819999846164
94.66909999900963
93.79930000432068
91.25309999944875
88.27780000137864
104.71759999927599
88.4920999960741
88.40810000401689
89.24040000420064
88.12790000229143
86.29949999885866
87.40789999865228
88.72939999855589
88.02210000430932
86.33260000351584
102.91040000447538
87.11379999294877
87.00200000021141
87.46239999891259
85.929999993823
85.42529999976978
85.29489999637008
83.77339999424294
87.00020000105724
86.64100000169128
103.209799999604
81.93089999986114
87.41899999586167
81.77080000314163
92.05250000377418
86.79019999544835
91.9581999987713
87.10460000293097
91.76799999841023
86.63070000329753
111.42120000295108
91.9346000009682
93.89459999511018
91.85250000155065
92.66249999927823
93.00490000168793
91.45610000268789
86.13519999926211
89.1572000036831
90.33240000280784
113.58869999821763
91.5545000025304
91.52329999778885
91.77800000179559
92.41579999797978
92.03870000055758
88.1909000017913
91.24290000181645
87.54600000247592
87.6360999973258
103.92220000358066
87.30159999686293
89.06450000358745
91.24819999851752
92.99889999965671
94.05700000206707
92.21729999990202
91.87589999783086
91.72229999967385
88.43609999894397
104.15220000140835
89.85350000148173
88.20579999883194
86.00689999730093
88.03959999931976
87.35420000448357
86.31669999886071
86.87490000011167
89.77279999817256
87.94159999524709
111.2684999970952
91.08779999951366
85.66630000132136
90.24390000558924
84.47150000574766
84.68150000408059
86.3865999999689
86.16949999850476
85.94199999788543
86.40160000504693
101.98769999988144
85.5645000046934
85.90129999356577
85.43590000044787
86.48099999845726
88.24509999976726
85.54330000333721
85.5465999993612
84.20520000072429
78.79680000041844
101.49030000320636
84.32030000403756
83.58640000369633
83.89560000068741
79.28779999929247
83.50610000343295
82.88739999989048
83.20329999696696
82.03280000452651
84.77390000189189
105.2309000006062
86.09269999578828
86.56899999914458
88.73980000498705
91.59150000050431
91.59020000515739
91.26409999589669
91.29749999556225
90.83719999762252
85.1838999951724
104.49149999476504
87.61690000392264
86.30830000038259
85.78269999998156
86.30360000097426
87.9620000050636
85.73679999972228
86.06430000509135
86.70210000127554
86.28580000367947
106.11429999698885
80.56049999868264
87.18039999803295
83.50870000140276
85.87350000016158
82.18910000141477
86.28200000384822
81.43030000064755
85.97390000068117
84.31759999803035
102.84749999846099
85.63760000106413
90.6025000003865
91.06169999722624
87.31729999999516
85.03280000149971
83.60070000344422
83.6057000051369
84.70179999858374
83.6286999983713
102.85039999871515
84.02429999841843
83.95539999764878
85.13759999914328
85.00780000031227
91.81370000442257
91.72029999899678
87.12959999684244
87.25609999964945
84.85739999741782
108.28179999953136
91.13559999968857
87.11760000005597
89.95329999743262
89.60579999984475
85.44139999867184
85.958000003302
90.12959999381565
89.99100000073668
88.115899998229
103.5113000034471
86.60070000041742
84.43170000100508
84.50599999923725
86.34759999404196
86.95409999927506
85.06920000218088
84.22679999785032
83.91600000322796
85.132700005488
103.20759999740403
85.8829999997397
88.50600000005215
91.68689999933122
88.41289999691071
86.06220000365283
86.31769999919925
84.91650000360096
86.00189999560826
87.14820000022883
102.97439999703784
84.96569999988424
85.9132999976282
86.09419999993406
85.52330000384245
85.86009999999078
80.89040000049863
85.55680000426946
85.8347000030335
86.76199999899836
104.55699999874923
85.22069999889936
88.13379999628523
88.0646000005072
89.35529999871505
90.83499999542255
87.50960000179475
89.29940000234637
86.93380000477191
86.95270000316668
103.94970000197645
86.42269999836572
92.1747000029427
91.54249999846797
93.39480000198819
92.4481999973068
90.07869999913964
87.08249999472173
86.32399999623885
87.5746000019717
104.08269999607
83.15339999535354
87.14180000242777
87.75430000241613
85.4343000028166
88.28670000366401
86.14330000273185
85.86719999584602
78.75800000329036
87.32869999948889
99.61429999384563
83.13029999408172
82.60780000273371
78.26980000390904
84.25379999971483
83.83799999865005
83.03210000303807
82.26120000472292
85.25160000135656
85.09810000396101
103.85239999595797
85.5846999984351
84.36050000454998
85.43400000053225
84.23020000191173
84.73659999435768
85.44290000281762
85.57570000266423
86.05379999789875
86.06050000526011
97.62609999597771
85.2662000033888
88.92049999849405
86.59359999728622
86.34270000038669
80.45200000196928
84.40910000354052
83.35349999833852
84.27870000014082
84.40329999575624
102.63560000021243
85.47329999419162
84.62560000043595
84.57869999983814
84.89030000055209
84.01069999672472
84.89499999996042
85.01499999692896
84.75329999782844
84.8794999983511
103.53449999820441
85.33489999535959
85.08080000319751
85.82649999880232
86.8412999989232
88.4920999960741
85.19189999788068
85.76750000065658
92.55229999689618
86.64029999636114
110.75220000202535
91.45690000150353
87.0846999969217
83.43179999792483
84.54919999348931
84.1703000041889
87.0303999981843
86.43309999752091
85.77019999938784
85.19619999424322
100.43740000401158
85.10740000201622
88.68030000303406
88.20720000221627
88.12400000169873
88.2872000001953
86.433999997098
87.35559999331599
89.70750000298722
86.55040000303416
104.28320000210078
86.42450000479585
90.83559999999125
90.11950000422075
86.26060000096913
91.36910000233911
90.67240000149468
87.4922000002698
87.11229999607895
85.35999999730848
104.22189999371767
82.14359999692533
86.25279999978375
80.67449999361997
86.21839999977965
81.40889999776846
87.467999997898
80.81620000302792
85.9303999968688
83.11870000034105
105.9017000006861
85.0410000057309
85.51840000291122
85.20839999982854
80.3133000008529
84.65370000340044
85.32340000238037
85.53839999513002
84.51659999991534
85.46230000501964
102.54140000324696
85.03760000166949
84.59999999467982
89.09289999428438
88.92909999849508
82.43599999696016
82.81830000487389
83.3857000034186
83.94140000018524
83.00310000049649
99.47180000017397
81.83709999866551
83.83630000025732
86.6939999978058
83.01200000278186
83.21060000162106
81.37239999632584
85.40979999816045
82.54860000306508
84.70210000086809
102.12630000023637
80.1590999981272
86.01199999975506
84.61109999916516
84.22939999582013
84.7420999998576
83.12989999831188
82.85610000166344
83.86279999831459
84.51920000516111
103.36269999970682
87.48850000120001
94.900800002506
85.2974000008544
88.1362000000081
92.54350000264822
95.13860000151908
87.96099999744911
88.35179999732645
87.02310000080615
103.38039999624016
86.0813000035705
84.90840000013122
84.34330000454793
88.58109999709995
91.5404999977909
84.36909999727504
94.61000000010245
91.43729999777861
87.07910000521224
101.62860000127694
85.75500000006286
86.6840999951819
85.26919999712845
85.43769999960205
88.61610000167275
87.61640000011539
87.62339999520918
93.8458000018727
96.25850000156788
110.64459999761311
86.51610000379151
83.73729999584612
83.85850000195205
94.58360000280663
93.68759999779286
83.86309999332298
83.77840000321157
86.21290000155568
85.30549999704817
107.12070000590757
88.63830000336748
86.08069999900181
85.35399999527726
83.99039999494562
89.48750000126893
85.58470000571106
93.55389999836916
86.90789999673143
87.7970000001369
103.50649999600137
87.18919999955688
86.040200003481
89.41710000362946
95.77290000015637
93.15570000035223
86.94529999775114
93.50439999980154
92.31229999568313
85.810999997193
100.84159999678377
84.89120000012917
85.20690000295872
85.96580000448739
86.18720000231406
88.77709999796934
85.51339999394258
84.9582000009832
87.11690000200178
86.54849999584258
98.73789999983273
86.22369999648072
87.02819999598432
87.25289999711094
86.171100003412
86.48550000361865
91.26349999860395
86.52859999710927
96.64120000525145
90.52200000587618
104.83419999945909
87.69619999657152
94.55719999823486
93.06669999932637
94.12300000258256
88.43840000190539
86.68390000093495
93.48909999971511
88.60070000082487
81.23630000045523
103.83529999671737
88.26419999968493
92.02430000004824
95.16199999779928
95.26559999358142
93.20309999748133
95.66630000335863
87.64479999808827
89.25109999836423
87.4374999984866
104.89789999701316
87.749199999962
83.46950000122888
86.33669999835547
82.87759999802802
86.22319999994943
81.70119999704184
85.66350000182865
82.39440000033937
86.48979999998119
98.85800000483869
86.88529999926686
87.24879999499535
88.37119999952847
86.89679999952205
87.98319999914384
86.93669999775011
88.77789999678498
98.05780000169761
92.00740000233054
106.33970000344561
87.00349999708124
87.76780000334838
88.37029999995138
88.78299999923911
89.02200000011362
88.21220000390895
91.9248999998672
88.72320000227774
89.16979999776231
99.98590000031982
89.00539999740431
90.54449999530334
87.75449999666307
87.385799997719
89.99940000649076
87.72589999716729
87.23810000083176
88.67509999981849
90.60079999471782
103.48840000369819
88.38939999986906
86.56119999795919
88.03769999940414
86.3113000013982
86.13840000180062
86.8793000045116
87.0814000008977
85.4916999960551
87.35499999602325
104.40139999991516
86.3963000010699
85.85149999998976
86.80399999866495
86.54970000497997
85.97290000034263
86.07479999773204
91.76060000027064
87.45639999688137
87.03789999708533
105.64470000099391
88.08290000160923
95.00190000107978
87.77589999954216
87.5716000009561
83.14339999924414
91.74260000145296
86.72740000474732
88.98449999833247
82.94580000074347
105.4712000041036
87.25350000167964
86.31050000258256
84.6973000006983
91.02980000170646
94.6613000051002
93.7365999998292
95.75469999981578
91.72419999958947
87.69649999885587
107.22119999991264
87.26080000633374
88.61130000150297
83.42470000206959
90.01969999371795
87.45910000288859
89.13539999775821
87.37680000194814
87.10630000132369
88.61530000285711
105.06109999550972
87.95040000404697
87.50879999570316
88.0777999991551
86.73299999645678
86.82570000382839
96.21409999817843
90.92949999467237
88.35980000003474
87.99400000134483
103.26000000350177
87.64530000189552
87.27439999347553
85.98840000195196
86.4923000044655
85.83899999939604
86.2150000029942
85.83720000024186
85.66659999632975
85.15039999474538
103.2926000043517
85.30420000170125
84.84799999860115
86.21950000087963
85.90360000380315
85.35459999984596
84.33179999701679
85.62780000647763
87.17279999837046
78.82039999822155
101.30560000106925
85.98000000347383
86.85200000036275
85.98730000085197
81.92599999892991
85.67259999836097
85.68469999590889
86.65820000169333
86.50550000311341
97.17339999770047
112.4746000059531
84.62589999544434
97.27980000025127
91.22200000274461
94.43580000515794
93.61340000032214
85.66659999632975
85.24699999543373
84.65489999798592
94.36889999778941
114.48630000086268
94.68670000205748
87.72830000089016
85.17969999957131
87.05270000064047
85.80960000108462
85.80040000379086
85.52739999868209
81.66280000295956
86.62080000067363
111.29580000124406
91.1223999937647
86.91910000197822
87.66270000342047
87.2726999950828
87.46699999755947
85.67449999827659
87.91590000328142
86.25580000079935
84.82399999775225
100.82469999906607
93.99049999774434
95.76959999685641
94.44960000109859
96.41999999439577
91.78119999705814
86.09779999824241
86.07820000179345
86.88410000468139
87.52090000052704
104.61429999850225
87.48360000026878
95.77010000066366
91.83490000577876
87.48760000162292
88.21909999824129
87.07280000089668
88.54849999625003
87.1194999999716
87.23659999668598
104.17279999819584
95.73890000319807
95.0412000020151
87.90540000336478
87.28010000049835
86.51190000091447
86.47989999735728
87.91919999930542
88.97499999875436
90.30439999332884
111.64970000390895
81.54139999533072
87.34220000042114
82.95160000125179
87.80429999751505
85.36109999840846
87.34279999771388
92.33379999932367
87.96150000125635
83.62169999600155
105.88080000161426
87.7117000054568
87.64150000206428
90.3591999958735
96.16699999605771
95.46599999885075
98.32900000037625
98.1138000061037
97.49330000340706
94.2466999986209
117.22150000423426
88.26759999647038
88.60409999761032
90.691199999128
87.52449999883538
94.73609999986365
90.09810000134166
96.10120000434108
88.13430000009248
86.85119999427116
104.56759999942733
87.22560000023805
87.42369999527
86.88819999952102
97.89460000320105
95.74720000091475
96.23120000469498
95.65019999718061
97.92249999736669
97.67740000097547
107.99340000085067
87.22770000167657
91.73110000119777
88.43920000072103
87.55929999460932
86.75049999874318
86.65090000431519
85.26700000220444
87.7150000014808
86.38809999683872
105.30560000188416
88.14189999975497
88.36120000341907
88.21630000602454
89.42240000033053
87.18859999498818
87.5746000019717
86.13499999773921
89.77109999977984
88.51449999929173
104.28890000184765
86.66930000617867
82.50400000542868
97.10419999464648
83.03419999720063
97.86039999744389
81.49659999617143
85.30919999611797
86.5888000043924
86.7660000003525
104.49330000119517
87.34330000152113
86.68559999932768
95.8877000011853
96.40789999684785
89.30690000124741
86.83320000272943
90.86570000363281
89.39410000311909
96.06930000154534
114.63119999825722
91.01889999874402
91.88159999757772
81.76499999535736
86.69150000059744
82.28119999694172
86.18950000527548
84.20399999886286
90.75210000446532
79.94180000241613
100.63799999625189
95.84629999881145
94.3184999996447
96.79640000103973
93.18859999621054
91.26100000139559
87.89949999481905
86.6015999999945
85.54719999665394
86.52040000015404
110.19849999865983
95.5272999999579
97.6026999996975
96.23600000486476
89.41229999618372
87.10729999438627
87.24420000362443
85.79630000167526
86.40989999548765
91.2361000009696
113.31549999886192
85.73969999997644
88.84770000440767
90.77629999956116
95.95139999873936
91.62539999670116
87.30519999517128
85.04350000293925
80.2798000004259
85.75730000302428
109.59970000112662
99.22789999836823
94.20170000521466
80.820399998629
85.78120000311173
85.55999999953201
85.92990000033751
86.0506999961217
86.3424000053783
85.4101000004448
104.9700000003213
86.30050000647316
91.80600000399863
87.62109999952372
84.64910000475356
87.75729999615578
89.89560000190977
86.06509999663103
87.91190000192728
86.27599999454105
104.2172000015853
88.23950000078185
89.32020000065677
96.63819999695988
87.8039000017452
95.22909999941476
89.97350000572624
96.2431999942055
89.4793000043137
89.32759999879636
102.5934999997844
85.80900000379188
86.95889999944484
86.23240000451915
87.75240000250051
81.50369999930263
86.76420000119833
84.08130000316305
88.33320000121603
89.31640000082552
116.61409999942407
90.55959999386687
97.4724999978207
90.139599997201
86.72780000051716
92.86160000192467
94.84559999691555
84.71230000577634
87.17930000420893
84.84450000105426
103.32229999767151
86.08970000204863
87.83210000547115
86.79109999502543
87.12679999734974
87.3790999976336
88.4788999974262
86.34940000047209
86.74379999865778
87.21059999516001
105.69489999761572
86.78459999646293
82.39220000541536
87.54469999985304
81.56450000387849
86.9544000015594
82.41260000067996
88.75509999779752
82.95009999710601
89.39459999965038
100.13330000219867
97.66220000165049
96.01720000500791
96.26079999725334
88.7944000060088
87.80239999759942
87.13759999955073
92.98739999940153
89.73459999833722
92.16649999871152
112.4128000010387
97.58000000147149
96.84679999918444
96.14850000070874
94.29169999930309
87.19159999600379
84.89749999716878
94.82099999877391
86.34999999776483
85.02009999938309
117.82040000252891
95.60149999742862
95.0509999966016
93.96790000027977
88.6633999980404
88.08919999864884
93.3348999969894
90.82339999440592
86.90349999960745
86.46900000167079
104.04379999818048
95.03099999710685
93.64310000091791
92.05619999556802
94.54199999890989
90.50900000147521
95.46380000392674
90.39320000010775
86.73279999493388
81.77639999485109
105.09409999940544
88.27259999816306
85.79900000040652
91.7018999971333
87.053700000979
94.84559999691555
89.58649999840418
92.73639999446459
94.63439999672119
85.64389999810373
104.22769999422599
80.83639999676961
87.3829000047408
85.38470000348752
85.64070000284119
88.40500000223983
87.74380000249948
86.37910000106785
94.54180000466295
94.9213999992935
107.04899999836925
96.3013000000501
88.79809999780264
88.89419999468373
82.44129999366123
86.05809999426128
80.76520000031451
89.04930000426248
81.56889999372652
85.9679999994114
98.89610000391258
89.24620000470895
86.55320000252686
87.3007000045618
88.43809999962104
86.62039999762783
87.30510000168579
88.48610000131885
88.11389999755193
85.85049999965122
103.22679999808315
86.58709999872372
84.9686000001384
86.8350000018836
89.41130000312114
94.91939999861643
92.39009999873815
94.1034000061336
86.73350000026403
86.46710000175517
103.63800000050105
93.6571999991429
86.40610000293236
96.26649999700021
86.42880000115838
83.58080000471091
95.6369999985327
93.01740000228165
95.28770000179065
95.69000000192318
104.78389999479987
86.20169999630889
87.0846999969217
87.0680000007269
90.16229999542702
87.78690000326606
85.87670000270009
86.28480000334093
86.17620000586612
85.88859999872511
103.77309999603312
85.40830000129063
85.73490000708262
86.1049999948591
80.89810000092257
86.88019999681273
85.54500000172993
84.84000000316883
87.10750000318512
86.27310000156285
103.3402000030037
84.95160000165924
87.03830000013113
87.1774999977788
86.85429999604821
87.01799999835202
85.65119999548187
86.29730000393465
85.9003000005032
86.58010000362992
103.5459000049741
86.49499999592081
85.91310000338126
85.22580000135349
95.17900000355439
92.37500000017462
83.18799999688054
86.0541000001831
86.59630000329344
90.37679999892134
110.93049999908544
82.79639999818755
86.72520000254735
85.40870000433642
88.07879999949364
86.72680000017863
91.2845000057132
87.73780000046827
89.39919999829726
85.89159999974072
103.47950000141282
89.69649999926332
87.2118000042974
85.03689999633934
85.73090000572847
84.61939999688184
92.5238000054378
94.74549999868032
92.9074000014225
93.03270000236807
112.6942000046256
92.94860000227345
92.09750000445638
93.74540000135312
86.94230000401149
85.43030000146246
87.90859999862732
94.30430000065826
89.11929999885615
89.29020000505261
106.00709999562241
84.28550000098767
87.66809999360703
87.24130000337027
86.07330000086222
79.9920999997994
84.90469999378547
83.45959999860497
86.52840000286233
79.971300001489
100.66280000319239
84.55829999729758
87.6399999979185
86.32860000216169
85.72499999718275
92.02209999784827
91.99139999691397
90.98570000060135
84.91369999683229
87.41709999594605
104.20000000158325
85.37339999747928
88.00789999804692
89.56729999772506
87.31009999610251
86.79400000255555
86.61949999805074
86.14330000273185
86.06570000119973
87.10369999607792
105.0942000001669
85.8176999972784
86.71500000491505
85.91530000558123
88.66539999871748
86.64400000270689
86.42679999320535
87.23830000235466
88.14620000339346
84.82530000037514
101.59679999924265
96.28800000064075
83.2966000016313
86.96460000646766
82.14140000200132
90.89849999872968
83.43469999817898
86.99409999826457
81.78729999781353
86.68279999983497
99.13860000233399
87.2767999971984
88.30270000180462
89.34000000590459
96.77279999596067
85.46950000163633
86.72030000161612
93.24309999647085
87.17320000141626
84.90480000182288
100.89989999687532
95.29489999840735
93.0819999994128
95.42510000028415
87.59220000501955
88.03310000075726
86.32560000114609
90.44410000205971
91.81430000171531
94.13530000165338
104.50319999654312
86.81250000518048
89.1300000002957
88.92860000196379
86.18489999935264
85.20660000067437
87.63149999867892
85.65790000284323
84.71840000129305
89.16380000300705
104.16030000487808
88.0576999988989
86.87989999452839
92.67759999784175
89.66130000044359
86.74379999865778
87.53650000289781
86.94430000468856
86.29120000114199
88.60650000133319
104.46270000102231
86.5817000012612
88.5227999970084
87.75790000072448
87.97069999855012
88.09589999873424
87.90310000040336
87.87350000056904
94.11970000655856
92.43689999857452
110.5639000015799
87.4617000008584
92.5680000000284
87.17489999980899
92.14719999727095
82.04839999962132
87.85119999811286
85.93800000380725
95.26529999857303
85.48699999664677
105.06319999694824
87.6533999980893
86.78430000145454
94.34390000387793
89.87899999920046
90.73089999583317
92.17999999964377
90.01559999887832
86.23179999995045
86.34960000199499
103.31169999699341
85.63829999911832
88.24150000145892
84.987899994303
85.89809999830322
90.62550000089686
86.1254999981611
87.45910000288859
93.33499999775086
90.49129999766592
103.81150000466732
84.95359999506036
85.11320000252454
87.3416000031284
86.74489999975776
86.22319999994943
87.63349999935599
87.74039999843808
85.81970000523143
83.09619999636197
104.56479999993462
85.20649999991292
88.78030000050785
86.2704000028316
86.20800000062445
86.84280000306899
87.16569999523927
86.98829999775626
89.44009999686386
87.20639999955893
104.51940000348259
86.85739999782527
88.2738000000245
87.13110000098823
87.07969999522902
87.06119999988005
88.31479999935254
88.2184000001871
87.31619999889517
87.70360000198707
104.61550000036368
88.23350000602659
85.05120000336319
86.13649999460904
87.19900000141934
87.13429999625077
88.29990000231192
87.25450000201818
90.01379999972414
88.0946999968728
104.93750000023283
86.17169999342877
88.35770000587218
89.7832999980892
87.70299999741837
94.17959999700543
87.4991000018781
87.6600999981747
88.6026000007405
87.3282000029576
105.80599999957485
87.77160000317963
86.96889999555424
88.00260000134585
87.58990000205813
87.76550000038696
92.64080000139074
90.16210000118008
92.45190000365255
92.36719999898924
102.53969999757828
86.77509999688482
81.67970000067726
85.98000000347383
81.07339999696705
85.81450000201585
80.86049999837996
86.43190000293544
81.8645999970613
84.89810000173748
101.39670000353362
87.1158000009018
87.28169999812962
95.56200000224635
88.60709999862593
87.43439999670954
88.04950000194367
88.29079999850364
82.98810000269441
85.4239999971469
106.02249999647029
89.10040000046138
87.9516999993939
95.63559999514837
97.46019999874989
93.06249999644933
97.1508000002359
92.48530000331812
87.13189999980386
99.50770000432385
101.75060000619851
86.38440000504488
86.2866000024951
87.1082999947248
94.10419999767328
93.04870000050869
98.61040000396315
90.27400000195485
91.9854999956442
85.91409999644384
107.8689000059967
92.37160000338918
92.66660000139382
90.56829999462934
90.13229999982286
90.67099999811035
90.8010000057402
91.04330000263872
91.48979999736184
91.03529999993043
110.94619999494171
88.39839999563992
95.69700000429293
88.20550000382354
93.057799997041
92.1952999997302
89.60210000077495
89.50189999450231
84.66709999629529
89.01880000485107
108.58200000075158
89.41710000362946
89.7497000041767
89.83879999868805
92.57090000028256
84.08149999740999
88.7395000027027
88.41450000181794
90.84670000447659
91.4690999998129
105.4091000041808
90.6027000019094
87.05819999886444
89.09039999707602
96.45989999989979
90.51220000401372
89.17440000368515
88.45049999945331
95.37609999824781
97.06590000132564
115.32579999766313
89.8215000052005
89.6024999965448
90.01960000023246
89.05000000231666
98.65700000227662
91.42160000192234
97.71129999717232
89.87759999581613
88.85649999865564
105.75909999897704
89.94179999717744
97.71579999505775
97.04880000208504
96.20579999318579
91.66140000161249
95.66080000513466
88.31660000578267
84.29799999430543
94.89380000013625
114.21300000074552
94.62129999883473
94.63850000611274
89.32189999904949
94.29570000065723
94.43150000151945
89.6915999983321
87.74409999750787
88.65779999905499
88.28429999994114
105.29090000636643
82.14349999616388
87.45499999349704
82.68179999868153
87.70360000198707
84.62900000449736
85.56810000300175
86.40869999362621
95.13560000050347
87.99530000396771
107.32850000204053
87.47579999908339
87.72899999894435
85.96200000465615
85.56870000029448
85.19779999915045
85.41220000188332
85.83650000218768
86.41160000115633
89.51649999653455
100.28440000314731
94.89530000428203
84.98839999811025
94.15959999751067
92.9044000004069
88.23090000078082
92.6194999992731
89.48379999492317
84.72979999351082
84.91430000140099
115.17299999832176
85.94699999957811
96.14439999859314
89.20450000005076
87.56520000315504
94.57669999392238
87.22999999736203
86.77690000331495
86.46369999769377
86.28509999834932
104.21489999862388
96.03790000255685
90.59339999657823
85.44430000620196
92.3672000062652
96.1823000034201
95.02269999939017
91.95270000054734
85.34220000001369
87.89899999828776
115.41810000198893
82.86430000589462
95.29280000424478
90.1806999972905
95.22890000516782
88.4476999999606
87.75239999522455
79.02520000061486
95.82110000337707
89.69239999714773
113.7315999949351
91.54220000345958
88.43969999725232
86.10459999908926
88.40179999970132
86.58940000168514
86.36359999945853
86.27759999944828
86.86680000391789
85.80159999837633
104.6411999996053
88.40330000384711
89.51890000025742
93.44399999827147
88.36390000215033
95.79930000472814
88.23310000298079
92.80440000293311
89.10849999665515
92.65559999766992
110.46289999649161
96.15330000087852
93.73529999720631
94.87290000106441
87.020200000552
90.46349999698577
88.98709999630228
90.66350000648526
87.15959999972256
87.15359999769134
97.41460000077495
92.67869999894174
97.92020000168122
92.78409999387804
88.30030000535771
84.73439999943366
89.78980000392767
86.67670000431826
88.29459999833489
85.29110000381479
105.5080000005546
87.64209999935701
87.62900000147056
95.89880000567064
96.17530000105035
96.02859999722568
97.31270000338554
97.53189999901224
88.08270000008633
86.79449999908684
104.82409999531228
81.94200000434648
87.28139999584528
81.64769999712007
87.6845000020694
81.68409999780124
97.95670000312384
80.80519999930402
97.48460000264458
88.08800000406336
113.78569999942556
86.37309999903664
87.18370000133291
87.39079999941168
88.26589999807766
94.72409999580123
96.14520000468474
94.08309999707853
84.01989999401849
83.54929999768501
116.86599999666214
91.25760000461014
91.28280000004452
94.25819999887608
93.33080000214977
89.92040000157431
87.6298000002862
81.69570000609383
86.01549999730196
95.80560000176774
104.68879999825731
84.3853999977
80.59749999665655
86.86360000137938
85.25060000101803
85.21849999669939
85.96969999780413
85.96340000076452
85.02820000285283
87.12519999971846
103.16719999536872
84.88200000283541
85.30869999958668
96.65489999315469
89.71050000400282
94.49450000101933
93.80569999484578
93.87319999950705
96.64579999662237
86.67379999678815
113.79699999815784
94.49199999653501
84.23040000343462
84.54460000211839
86.59440000337781
95.2194999990752
85.80710000387626
80.97929999348707
94.78329999546986
92.75280000292696
113.00719999417197
89.40589999838267
90.3459000037401
94.53139999823179
88.6871999973664
85.56620000308612
94.18070000538137
90.03449999727309
85.0025000036112
83.7351000009221
101.94139999657637
83.34969999850728
84.12300000054529
84.7323000052711
84.24680000462104
84.83169999817619
83.3760000023176
79.54109999991488
83.94769999722484
84.21130000351695
95.95400000398513
81.39159999700496
82.38540000456851
94.20719999616267
87.36550000321586
84.34019999549491
83.99769999959972
82.57189999858383
83.43829999648733
83.70920000015758
110.2238999956171
92.21510000497801
85.20350000617327
84.9951999989571
85.23109999805456
86.20539999537868
92.71649999573128
91.90970000054222
82.14280000538565
84.15119999699527
102.14260000066133
83.64350000192644
82.9301999983727
86.45900000556139
83.46640000672778
84.31540000310633
84.57210000051418
82.84400000411551
84.39679999719374
84.39129999896977
99.48960000474472
78.16319999983534
84.04580000205897
84.53120000194758
78.97020000382327
83.41160000418313
83.42460000130814
83.61589999549324
84.08780000172555
83.13540000381181
95.78499999770429
82.81269999861252
83.32289999816567
84.07969999825582
86.9548000046052
92.6437000016449
86.44749999803025
82.40079999814043
82.96400000108406
83.33980000315933
112.71559999295278
89.43329999601701
82.4715999988257
82.94820000446634
94.2025000040303
90.10139999736566
88.35820000240346
85.25759999611182
85.36820000153966
86.93199999834178
102.85010000370676
84.26260000123875
89.71910000400385
85.95919999788748
85.27529999992112
83.46960000199033
86.04580000246642
84.49749999999767
78.95909999933792
86.85170000535436
101.47460000007413
84.96659999946132
84.61360000364948
89.20629999920493
89.04140000231564
88.79629999864846
90.95700000034412
88.19049999874551
89.61039999849163
88.97399999841582
106.12579999724403
84.71840000129305
82.79420000326354
86.65280000423081
83.15520000178367
84.75259999977425
86.101900000358
86.64709999720799
81.83629999984987
85.23620000050869
102.83730000082869
85.18509999703383
84.39590000489261
79.5395999957691
83.90910000161966
86.00329999899259
84.96210000157589
83.97240000340389
88.53939999971772
85.61380000173813
102.06319999997504
84.19500000309199
84.88019999640528
84.90570000139996
84.99139999912586
85.57000000291737
81.45849999709753
82.57009999942966
76.86019999528071
89.76070000062464
106.0042999961297
85.08469999651425
85.34000000508968
81.07320000272011
84.50420000008307
83.82439999695634
85.2210999946692
89.08830000291346
88.48069999658037
90.3697000030661
105.38709999673301
86.04339999874355
85.12530000007246
84.83700000215322
85.9857000032207
84.62400000280468
87.1902999933809
87.07049999793526
85.96050000051036
87.1329000001424
100.4523999945377
86.0603999972227
85.55149999301648
85.53940000274451
86.38039999641478
80.48319999943487
85.49269999639364
84.79140000417829
88.95269999629818
88.8898999983212
101.23469999962253
84.6397999994224
90.79689999634866
90.75839999422897
87.77430000191089
85.78240000497317
86.98280000680825
85.30240000254707
85.01990000513615
85.63169999979436
106.50929999974323
89.40399999846704
85.8349000045564
84.20910000131698
85.64949999708915
85.58340000308817
85.63180000055581
79.99600000039209
85.09639999829233
85.4308999987552
104.39600000245264
85.8762999996543
82.69109999673674
86.79819999815663
87.07789999607485
86.1153000005288
88.62000000226544
86.32110000326065
86.49470000091242
86.48330000141868
104.398499999661
87.72009999665897
86.9371999942814
88.53029999590944
88.11169999535196
90.36969999579014
87.98279999609804
86.34989999700338
86.34609999717213
87.64779999910388
105.16690000076778
87.7835999999661
86.35620000131894
88.15380000305595
87.13920000445796
87.98010000464274
91.30659999937052
91.68940000381554
91.07719999883557
87.12399999785703
103.68309999466874
87.91360000032
89.07960000215098
86.66860000084853
89.04859999893233
90.93659999780357
88.64470000116853
88.32579999580048
85.866100002022
87.5164000026416
103.96089999994729
87.0543999990332
86.47539999947185
86.07879999908619
88.02920000016456
88.47420000529382
86.56619999965187
87.9279000000679
89.84110000164947
90.82940000371309
103.9223000043421
81.83279999502702
88.73110000422457
90.24180000415072
102.29209999670275
81.14480000222102
88.58740000141552
82.99009999609552
87.14580000378191
88.87819999654312
103.81890000280691
86.08530000492465
86.48720000201138
88.93479999824194
86.90260000003036
87.56849999917904
87.70679999724962
89.14759999606758
87.59120000468101
87.68789999885485
105.87479999958305
88.21159999934025
88.42880000156583
87.85699999862118
87.08640000259038
87.31149999948684
88.5266999976011
88.45669999573147
89.64689999993425
87.58230000239564
107.60270000173477
88.15739999408834
88.29210000112653
87.23319999990053
88.75970000372035
88.04840000084369
88.61619999515824
88.82219999941299
87.20400000311201
89.454900000419
107.06300000310875
89.03640000062296
87.10679999785498
87.76729999954114
94.10030000435654
93.65469999465859
87.69839999877149
87.59360000112792
87.83560000301804
86.48659999744268
107.60489999665879
87.60000000620494
88.65640000294661
94.04020000511082
87.93829999922309
88.8836000012816
84.60419999755686
87.25309999863384
81.70510000491049
87.08170000318205
98.78629999730038
86.30490000359714
86.60680000321008
88.55109999421984
86.42830000462709
87.05609999742592
88.13720000034664
84.09289999690372
89.84710000368068
86.79860000120243
103.33600000012666
87.23150000150781
86.29490000021178
86.56039999914356
88.42990000266582
87.04710000165505
86.71710000635358
87.24629999778699
86.61769999889657
82.32999999745516
104.67139999673236
87.16849999473197
86.89039999444503
87.1021999992081
86.48830000311136
87.72440000029746
86.27149999665562
88.1779000046663
85.6223000009777
84.59990000119433
103.7752000047476
84.90800000436138
84.49029999610502
83.7664999999106
82.99769999575801
92.74780000123428
90.61659999861149
91.07949999452103
86.46239999507088
86.57079999829875
107.49729999952251
86.06950000103097
85.49610000045504
83.05660000041826
87.5201000017114
85.82970000134083
85.63569999387255
85.23629999399418
86.20030000020051
86.313899999368
102.88659999787342
85.82620000379393
85.97220000228845
86.69039999949746
85.59299999615178
87.42299999721581
91.80030000425177
91.4002999998047
87.21050000167452
87.9371999981231
107.7722000045469
86.95780000562081
88.02970000397181
92.80900000157999
92.65560000494588
91.65040000516456
92.74749999894993
91.78160000010394
92.73550000216346
86.91810000163969
104.93349999887869
89.34610000142129
83.33459999994375
90.14919999754056
83.23039999959292
88.06510000431444
83.23410000593867
87.90859999862732
84.14869999978691
86.67509999941103
100.0586999944062
90.8114999983809
88.87749999848893
87.6836999959778
92.36189999501221
88.80470000440255
83.80210000177613
89.23280000453815
87.86790000158362
89.79270000418182
103.87220000120578
86.37549999548355
91.09709999756888
88.26830000180053
92.8896999976132
92.00119999877643
92.17600000556558
88.85410000220872
87.83029999904102
92.93629999592667
103.24350000155391
92.76269999827491
94.07849999843165
90.58740000182297
89.53520000068238
92.4721999981557
89.3897999994806
91.57240000058664
94.04539999377448
94.65289999934612
114.83929999667453
88.38049999758368
86.5609000029508
88.66139999736333
92.03629999683471
97.63830000156304
90.5752000035136
93.44089999649441
96.1535999958869
96.19370000291383
112.92379999940749
94.09769999911077
90.3863999992609
89.25230000022566
96.24650000478141
95.93740000127582
94.81430000596447
85.72070000082022
94.47190000355477
89.74719999969238
104.16809999878751
91.09629999875324
88.1401000006008
87.63809999800287
92.81229999760399
87.71039999555796
84.95870000479044
96.71090000483673
96.59990000363905
96.20440000435337
116.76889999944251
95.13739999965765
85.69809999607969
97.44679999857908
94.7359999991022
96.08469999511726
92.57809999689925
97.5311000001966
89.64080000441754
87.60320000146748
114.54570000205422
94.08260000054725
82.16759999777423
86.71299999696203
86.82039999985136
99.37570000329288
85.62199999869335
92.04250000038883
87.74319999793079
92.6190999962273
108.8512999995146
95.02459999930579
91.86679999402259
92.38869999535382
90.89420000236714
91.50560000125552
91.97080000012647
88.62989999761339
85.78249999845866
85.16219999728492
100.5451000019093
89.59820000018226
97.42540000297595
100.55659999488853
94.78659999876982
92.30020000541117
90.73130000615492
92.20859999913955
90.86830000160262
90.45539999351604
104.29870000371011
84.80689999851165
87.24090000032447
97.74930000276072
91.00729999772739
89.50570000160951
87.40599999873666
88.78469999763183
87.28859999973793
91.53669999795966
108.95320000417996
84.19860000140034
88.91909999510972
87.04779999970924
85.41830000467598
88.55770000081975
88.29230000264943
91.62739999737823
92.00909999344731
91.9140999976662
107.20969999965746
92.84440000192262
89.55540000170004
83.56430000276305
89.36159999575466
88.94530000543455
90.57880000182195
93.22510000492912
96.73610000027111
92.3421999978018
106.6793999998481
100.32610000052955
98.84479999891482
92.94749999389751
98.37200000038138
89.50449999974808
90.24150000186637
89.3486999993911
85.4447000019718
85.84100000007311
97.50600000552367
85.56750000570901
84.59690000017872
86.84050000010757
84.82000000367407
77.82469999801833
84.940299995651
85.13060000404948
86.52609999990091
84.9374999961583
103.71429999941029
84.2560000019148
85.22059999813791
90.48310000071069
90.9066999956849
94.14960000140127
93.55109999887645
90.49699999741279
90.89579999999842
92.9141000015079
114.39380000228994
85.20739999949001
89.22290000191424
95.14640000270447
98.39279999869177
99.52239999984158
96.97839999716962
82.99749999423511
91.48930000083055
87.78970000275876
106.38359999575187
95.97550000034971
89.90550000453368
89.30400000099326
90.36489999562036
87.56859999994049
87.10270000301534
84.58170000085374
81.51640000141924
88.51490000233753
106.26130000309786
89.58740000525722
84.32570000150008
82.4743999983184
89.77909999521216
88.68100000108825
87.82529999734834
85.02769999904558
86.98030000232393
92.79950000200188
131.9560000047204
88.25480000086827
92.61490000062622
92.59070000553038
85.28410000144504
83.9302999956999
101.46819999499712
94.2665999973542
87.61950000189245
89.60530000331346
114.22869999660179
90.36529999866616
85.50020000257064
84.75829999952111
84.94449999852804
84.7797000024002
85.29930000077002
84.63340000162134
89.5925000004354
87.50810000492493
115.01020000287099
88.25610000349116
86.10049999697367
94.75649999512825
89.081799997075
92.2844000015175
90.1808999988134
88.29079999850364
87.22689999558497
85.6257999985246
102.93280000041705
85.73230000183685
85.60830000351416
84.99550000124145
91.65980000398122
89.16070000123
85.67609999590786
86.62009999534348
86.02070000051754
85.89940000092611
102.23840000253404
84.37939999566879
84.67039999959525
85.05020000302466
86.07689999917056
85.41910000349162
80.81259999744361
84.92190000106348
84.77660000062315
84.85620000283234
107.39530000137165
89.95919999870239
91.74450000136858
90.75649999431334
85.10560000286205
84.05839999613818
85.81369999592425
85.85360000142828
84.16310000029625
85.18629999889527
102.25680000439752
89.8933999997098
86.21600000333274
91.90859999944223
86.59559999796329
84.02520000527147
84.43769999576034
84.92329999717185
84.67660000314936
84.7356000012951
102.58890000113752
84.27230000233976
78.32770000095479
85.41189999959897
84.26690000487724
79.8272999963956
84.61369999713497
93.2018999956199
80.47390000137966
85.61529999860795
107.37740000331542
91.67940000043018
91.59920000092825
92.16279999964172
92.58289999706903
85.93710000423016
84.22020000580233
87.1670999986236
91.83309999934863
84.15660000173375
99.21269999904325
94.26769999845419
91.02700000221375
84.06870000180788
85.01519999845186
88.00419999897713
83.6048999990453
84.6592999951099
83.28790000086883
83.25739999418147
99.49490000144579
81.99330000206828
84.58360000076937
81.73569999780739
93.89139999984764
86.66950000042561
87.48070000001462
84.4781999985571
79.70730000670301
86.93740000308026
101.80899999977555
80.64710000326158
81.65000000008149
95.00280000065686
89.81070000299951
89.97259999887319
91.45290000014938
90.97320000000764
94.4459000020288
88.48800000123447
111.91929999768035
91.62839999771677
93.06079999805661
84.60589999594958
85.23379999678582
84.25859999988461
83.52480000030482
84.24299999751383
83.13189999898896
93.23159999621566
101.47629999846686
93.57450000243261
83.80810000380734
84.42850000574253
84.74649999698158
84.02579999528825
85.51299999817275
84.5504000026267
83.57129999785684
83.30149999528658
101.08490000129677
84.26739999413257
79.45910000125878
84.25899999565445
84.55850000609644
79.48630000464618
85.93660000042291
83.63660000031814
80.25569999881554
84.40340000379365
102.36820000136504
83.98219999799039
83.77289999771165
84.08200000121724
83.4880999973393
83.6154999997234
84.47639999940293
83.31190000171773
84.42110000032699
84.54070000152569
101.77750000002561
85.12429999973392
84.16719999513589
79.70310000382597
86.91950000502402
82.39090000279248
79.65340000373544
84.35340000141878
84.3797000052291
78.69199999549892
101.53010000067297
84.24640000157524
83.60060000268277
86.16289999918081
93.8899999964633
86.46630000293953
83.20549999916693
84.16600000055041
86.33560000453144
85.14119999745162
101.12510000180919
84.03720000205794
84.38369999930728
87.41549999831477
85.48699999664677
85.8243000038783
85.14410000498174
84.33379999769386
84.18480000545969
84.45159999973839
100.12080000160495
83.9988000006997
85.16049999889219
83.95960000052582
83.98260000103619
85.22329999686917
85.40079999511363
83.95150000433205
85.42830000078538
83.75070000329288
102.42859999561915
84.47400000295602
85.26510000228882
83.49349999480182
89.23769999819342
88.55939999921247
86.24419999978272
88.28930000163382
83.773199999996
83.54230000259122
102.4902999997721
83.87310000398429
83.8274999987334
84.46239999466343
85.42010000383016
84.75660000112839
84.5603999987361
84.17829999962123
83.96070000162581
85.08560000336729
102.93180000007851
84.11409999825992
84.94189999328228
84.9196999988635
77.35949999914737
86.36899999692105
84.32010000251466
86.87030000146478
84.7799999974086
78.84870000270894
110.69919999863487
85.52929999859771
83.51489999768091
84.45660000143107
82.8830000027665
87.66309999919031
87.80039999692235
89.07280000130413
89.53170000313548
90.90860000287648
106.65990000416059
81.97389999986626
90.74719999625813
84.09009999741102
83.38240000011865
82.9777999970247
84.40039999550208
85.94390000507701
85.35890000348445
82.23790000192821
97.93060000083642
85.60839999699965
84.45550000033109
84.09589999791933
83.00289999897359
83.45589999953518
84.20760000444716
82.76710000063758
83.24449999781791
83.61770000192337
101.12619999563321
85.09939999930793
85.38070000213338
79.70310000382597
91.41969999473076
86.72110000043176
83.03080000041518
81.72300000296673
81.57340000616387
82.7382999996189
104.50230000424199
87.42650000203867
88.74820000346517
87.67139999690698
87.56700000230921
83.51979999861214
86.75819999916712
83.26230000238866
86.2725999977556
86.6768999985652
100.9559000012814
83.73700000083772
84.5093000025372
88.20120000018505
86.40400000149384
93.12949999730336
84.59189999848604
87.25399999821093
82.86579999548849
83.11729999695672
108.2579999929294
86.81590000196593
83.64830000209622
81.06520000001183
82.17290000175126
83.13859999907436
85.26690000144299
84.79470000020228
85.629200002586
84.53279999957886
101.42500000074506
82.54419999866514
84.89779999945313
79.51649999449728
83.98390000365907
84.37899999989895
78.66089999879478
83.16170000034617
82.3646999997436
77.61880000180099
100.3013999943505
88.77249999932246
87.8697000007378
87.46260000043549
86.8971000018064
88.03030000126455
87.68889999919338
85.54919999733102
85.28790000127628
84.92879999539582
99.11399999691639
83.03490000253078
85.57200000359444
83.54760000656825
82.5020999982371
85.53910000046017
81.50949999981094
81.13949999824399
85.12359999440378
83.9817999949446
100.0149000028614
83.44190000207163
84.79289999377215
86.30429999902844
87.21040000091307
86.0880000036559
82.9234999982873
82.38039999559987
84.59009999933187
81.75969999865629
99.81870000046911
82.86700000462588
82.76039999327622
81.85330000560498
82.31050000176765
83.1638000017847
82.15780000318773
83.86679999966873
82.76020000630524
83.62510000006296
100.20190000068396
81.75610000034794
85.14930000092136
88.04909999889787
87.78389999497449
87.43249999679392
88.85450000525452
87.82280000013998
88.57720000378322
85.00780000031227
103.47280000132741
85.79560000362108
84.41219999804161
83.56250000360887
84.6497000020463
84.53159999771742
85.77260000311071
89.5509999973001
88.01819999644067
87.37719999771798
100.5248000001302
84.36440000514267
82.26699999795528
81.50439999735681
86.98890000232495
87.17389999947045
81.88489999884041
84.93220000673318
86.81230000365758
80.23769999999786
102.66019999835407
83.90950000466546
81.5775000010035
82.42569999856642
83.6431000061566
81.879299999855
82.54260000103386
82.13439999963157
83.65190000040457
82.18850000412203
99.86890000436688
82.64100000087637
82.16379999794299
82.14100000623148
82.60610000434099
83.94689999840921
82.33650000329362
82.31079999677604
82.2513999955845
82.52540000103181
100.42300000350224
81.86249999562278
79.40469999448396
84.28550000098767
83.64030000666389
82.70120000088355
77.58610000018962
85.37369999976363
86.28100000350969
86.39549999497831
100.08850000303937
85.74319999752333
85.97229999577394
86.04180000111228
86.42130000225734
83.0019999993965
82.9714999999851
82.07669999683276
83.16999999806285
81.5121999985422
99.26030000497121
81.87879999604775
82.21190000040224
90.92689999670256
86.15509999799542
87.5914999996894
81.6354999988107
81.75240000127815
83.15410000068368
81.56560000497848
100.46159999910742
82.89369999693008
82.18679999845335
81.1487999962992
88.868699996965
83.5676999995485
82.80260000174167
83.32340000197291
83.49440000165487
89.41600000252947
103.59240000252612
90.36070000001928
87.2522999998182
88.56500000547385
88.58019999752287
87.53129999968223
88.2705000040005
88.65230000083102
87.32159999635769
86.5170000033686
105.74519999499898
88.74240000295686
88.76509999390692
87.96589999838034
87.70720000029542
87.08320000005187
85.03829999972368
80.20319999923231
90.40210000239313
83.44429999851855
99.65650000231108
75.68729999911739
83.05220000329427
82.83870000013849
81.16739999968559
80.72790000005625
89.32599999388913
80.54409999749623
89.20470000157366
87.53820000129053
100.09249999711756
88.20410000043921
87.80649999971502
84.87150000291876
82.91450000251643
83.35090000036871
82.515299996885
84.12529999623075
84.50669999729143
84.23760000005132
102.68989999894984
83.3788000018103
83.55830000073183
83.98689999739872
83.24929999798769
84.71109999663895
82.39150000008522
84.12509999470785
82.31420000083745
87.37400000245543
109.32650000177091
90.96519999729935
89.46409999771276
88.49499999632826
83.72560000134399
81.16840000002412
92.72849999979371
91.77859999908833
92.86430000065593
90.8283000026131
107.54509999969741
78.00809999753255
84.0332000007038
83.91149999806657
78.8135000038892
83.08920000126818
84.96549999836134
79.00119999976596
91.41960000124527
83.12949999526609
96.18700000282843
89.83090000401717
84.51469999999972
90.88840000185883
91.39510000386508
82.84030000504572
82.8481999997166
83.81250000093132
82.7590999979293
83.10409999830881
100.25770000356715
84.63710000069113
82.12929999717744
83.46180000080494
83.25619999959599
82.77530000486877
82.91299999837065
84.86969999648863
82.82560000225203
84.41250000032596
101.33219999988796
83.00049999525072
83.70709999871906
84.9476000003051
83.02399999956833
84.5472000000882
83.2793000008678
83.409799997753
83.54279999912251
82.87489999929676
100.00200000649784
77.64609999867389
84.05180000409018
83.0470000000787
77.68139999825507
86.0952000002726
82.94300000125077
77.64360000146553
83.07030000287341
83.70289999584202
96.10850000171922
92.94900000531925
82.97930000117049
82.47420000407146
87.86990000226069
81.18259999901056
80.5566999988514
83.80149999720743
83.55139999912353
91.89620000688592
101.69419999874663
90.70259999862174
92.23979999660514
90.04640000057407
82.20929999515647
81.54569999896921
84.19649999996182
83.73190000565955
83.21040000009816
82.66919999732636
99.93430000031367
84.13540000037756
83.51409999886528
83.24939999874914
82.13450000039302
83.85090000228956
82.38669999991544
82.91860000463203
82.96359999803826
82.48269999603508
107.81760000099894
84.90610000444576
82.8609999953187
83.47360000334447
79.15850000426872
84.31279999786057
83.54210000106832
80.82170000125188
84.80380000401055
86.33700000063982
104.93630000564735
92.62090000265744
90.96099999442231
82.26799999829382
82.87150000251131
82.63080000324408
84.25700000225333
85.90320000075735
92.17479999642819
93.93019999697572
101.83439999673283
84.69119999790564
82.77830000588438
83.48310000292258
82.90560000023106
83.53419999912148
83.73120000032941
82.93810000031954
83.33539999875939
82.84229999844683
101.81749999901513
84.01320000120904
82.6602000015555
83.15859999856912
83.03410000371514
82.89420000073733
81.73310000711353
81.29610000469256
89.52919999865117
83.32549999613548
99.63600000628503
79.40349999989849
87.05259999987902
84.0020999967237
79.60319999983767
89.56930000567809
92.45219999866094
86.35939999658149
88.64200000243727
83.51070000207983
94.66959999554092
83.8452000025427
83.25739999418147
87.33349999965867
93.12429999408778
91.6944999989937
87.7531000005547
84.46980000007898
84.35019999888027
83.28780000010738
100.80439999728696
86.4203000019188
92.93749999778811
92.62429999944288
84.61569999781204
84.42030000151135
83.54269999836106
83.94479999697069
83.36769999732496
86.26570000342326
101.30479999497766
83.6111999960849
83.97700000205077
84.0810000008787
85.17959999880986
84.79830000578659
84.38740000565303
84.66909999697236
82.94900000328198
84.46379999804776
102.82060000463389
87.72689999750583
92.23140000540297
91.58320000278763
79.47229999990668
84.54580000397982
83.60990000073798
78.45760000054725
85.00350000394974
83.75969999906374
95.01979999913601
83.95279999967897
82.93270000285702
80.46119999926304
81.52249999693595
98.88839999621268
89.95580000191694
84.26769999641692
83.67870000074618
91.88390000053914
112.08230000192998
89.8860999950557
90.87059999728808
92.92900000582449
86.83129999553785
85.74070000031497
92.3213999994914
83.81599999847822
86.09589999832679
91.53589999914402
106.17140000249492
83.44420000503305
83.77200000541052
83.63329999701818
84.9302999995416
82.20720000099391
83.35210000223015
83.05639999889536
83.21209999849088
92.62690000468865
109.87059999752091
78.44499999919208
84.83910000359174
82.666700000118
77.85020000301301
83.00859999872046
82.02539999911096
77.98770000226796
82.82150000013644
82.75730000605108
95.41990000434453
91.9869000063045
91.91329999885056
88.54620000056457
89.75720000307774
82.10459999827435
83.63310000277124
81.9195000003674
92.30060000118101
83.86060000339057
98.3914000025834
80.18179999635322
91.56770000117831
82.02370000071824
82.64609999605455
81.98450000054436
81.58430000185035
82.56979999714531
82.61050000146497
81.57219999702647
107.30659999535419
91.8385999975726
84.4171999997343
91.57360000244807
88.74610000202665
90.34709999832558
89.75839999766322
89.00230000290321
90.68610000394983
88.34000000206288
102.3468000057619
83.66050000040559
83.63760000065668
82.38300000084564
85.92599999974482
89.1708000053768
90.01439999701688
84.125800000038
83.54970000073081
81.41749999776948
100.28059999604011
82.29229999415111
83.54319999489235
83.74430000549182
83.67250000446802
82.35340000101132
83.4857000008924
83.77109999855747
84.70020000095246
83.35320000333013
99.26699999778066
81.56079999753274
77.28140000108397
84.31439999549184
83.25409999815747
77.54169999680016
83.89170000009472
83.10709999932442
81.478000000061
83.55009999650065
99.70820000307867
83.87090000178432
82.53140000306303
82.29410000058124
82.62209999520564
82.98520000244025
78.10500000050524
84.23490000132006
82.87759999802802
81.96029999817256
100.22989999561105
82.47570000094129
87.02759999869158
81.56779999990249
82.38639999763109
82.14020000013988
83.61429999786196
83.97289999993518
82.28149999922607
83.41560000553727
98.69690000050468
82.89110000623623
77.03790000232402
85.4823000045144
87.75579999928595
91.78419999807375
90.15020000515506
83.49679999810178
82.07789999869419
82.75139999750536
99.54650000145193
82.83990000199992
84.00849999452475
82.76360000309069
82.64129999588476
84.21569999336498
83.4028000026592
81.84249999612803
83.03059999889228
82.48359999561217
113.99420000088867
91.89210000477033
86.76919999561505
80.20519999990938
80.79200000065612
92.50039999460569
83.39189999969676
93.50819999963278
86.88470000197412
91.60059999703662
110.8782000010251
82.65129999927012
82.10800000233576
84.35840000311146
82.69490000384394
82.55429999553598
81.80059999722289
86.91349999571685
86.23820000502747
87.55070000188425
105.57240000343882
92.66330000536982
92.62899999885121
89.2186999990372
91.90560000570258
88.14379999967059
87.66260000265902
82.15399999608053
86.38080000673654
88.56830000149785
106.0633000015514
76.80210000398802
82.34610000363318
83.56160000403179
82.09319999878062
77.31110000167973
83.72810000582831
85.68299999751616
83.95390000077896
87.09510000335285
101.19449999911012
86.9886000000406
84.20169999590144
83.24510000238661
81.99370000511408
83.41730000393
84.43960000295192
82.99909999914235
82.7177999963169
84.07379999698605
99.84239999903366
83.14160000008997
83.10550000169314
83.60099999845261
82.30799999728333
82.60219999647234
86.42990000225836
86.73510000517126
89.52169999975013
89.53950000432087
101.96970000106376
85.07539999845903
81.11930000450229
82.11080000182847
89.82859999377979
87.31469999474939
76.4844000004814
81.90380000451114
82.68120000138879
78.86950000101933
101.09229999943636
82.29779999965103
83.32749999681255
82.23640000505839
83.48970000224654
82.27469999837922
83.59200000268174
83.0573999992339
83.78349999838974
83.16870000271592
100.70450000057463
82.96839999820804
83.24139999604085
83.43869999953313
82.93970000522677
80.1456999979564
88.3728000044357
88.97599999909289
87.78469999379013
89.26509999582777
105.4398999986006
88.40269999927841
85.44219999748748
86.22649999597343
88.81079999991925
86.33090000512311
88.20619999460177
89.71949999977369
87.85570000327425
82.13690000411589
102.12820000015199
84.76060000248253
81.32810000097379
76.05119999789167
89.0847999980906
81.90140000078827
79.78329999605194
85.87940000143135
86.99410000554053
83.11249999678694
108.06679999950575
84.16109999961918
83.43150000291644
84.25449999776902
82.90359999955399
83.5707000005641
83.0915999977151
83.89380000153324
82.65930000197841
87.84629999718163
106.1284000024898
88.65160000277683
92.03720000368776
89.41360000608256
87.72630000021309
87.58490000036545
89.00999999605119
84.25110000098357
86.61980000033509
89.85329999995884
108.65490000287537
88.08390000194777
83.51319999928819
88.30199999647448
86.71769999637036
83.94289999705506
88.5095999983605
86.42929999768967
89.32420000201091
87.42490000440739
108.65699999703793
84.24200000445126
84.12749999843072
76.62949999939883
89.55129999958444
88.22700000018813
80.29959999839775
83.0500000010943
83.56679999997141
77.56589999917196
100.00710000167601
82.72649999707937
82.54039999883389
83.06289999745786
84.42550000472693
80.32239999738522
80.66069999767933
81.69240000279387
82.97870000387775
82.50219999899855
100.62399999878835
83.68540000083158
84.35110000573331
85.48780000273837
84.2488999987836
82.8590000019176
90.48880000045756
86.80620000086492
87.85329999955138
89.66720000171335
106.63759999442846
88.23670000128914
89.197499997681
84.16199999919627
84.79809999698773
82.15339999878779
87.88560000539292
82.59159999579424
90.51580000232207
88.98129999579396
105.16380000626668
92.28620000067167
89.41799999593059
76.86679999460466
87.73749999818392
81.94809999986319
84.65230000001611
80.53300000028685
83.01740000024438
75.96159999957308
111.44449999846984
93.34749999834457
91.50949999457225
89.19349999632686
90.19940000143833
89.74120000493713
88.16549999755807
83.3545999994385
83.45679999911226
91.29610000672983
111.3820999962627
91.6852000009385
87.16260000073817
93.26090000104159
82.669999996142
82.79359999869484
88.43390000401996
84.00399999663932
83.08779999788385
91.14689999842085
104.41960000025574
86.45719999913126
83.6697999984608
83.15890000085346
83.78069999889703
83.54829999734648
83.80200000101468
86.15079999435693
83.6150999966776
87.44190000288654
101.74469999765279
83.73390000633663
83.92829999502283
78.71159999922384
84.20320000004722
83.80469999974594
78.29710000078194
83.53840000199853
83.29750000120839
80.08220000192523
100.50659999978961
84.38839999871561
84.98469999904046
83.23219999874709
83.47040000080597
82.52170000196202
84.1318999955547
85.259399995266
83.2278999951086
83.35169999918435
101.04719999799272
82.59450000332436
83.21620000060648
83.16329999797745
82.77539999835426
85.78519999718992
91.7905999958748
89.27440000115894
82.24170000175945
91.41449999879114
107.90750000160187
89.72630000062054
93.67360000032932
90.37380000518169
90.95269999670563
82.99840000108816
83.47350000258302
83.21040000009816
85.0023999955738
92.21799999795621
105.50340000190772
84.07050000096206
85.65980000275886
78.27410000027157
84.25849999912316
83.51600000605686
78.2132999956957
82.37480000389041
82.03360000334214
79.54079999763053
100.08860000380082
82.47369999298826
81.90660000400385
83.1527999980608
83.25659999536583
81.91620000434341
82.91149999422487
82.5027000028058
89.40590000565862
80.93709999957355
105.56610000639921
83.34729999478441
82.81900000292808
82.71640000020852
83.01180000125896
82.75090000097407
82.98950000607874
83.51000000402564
82.20389999769395
83.54159999726107
100.53619999962393
82.91520000057062
82.53920000424841
82.0434999986901
82.48979999916628
82.98769999964861
83.18200000212528
82.62989999639103
81.70509999763453
85.06549999583513
99.73940000054426
83.8032999963616
82.82280000275932
83.0707999994047
85.3653000012855
82.79459999903338
84.53870000084862
85.50069999910193
84.24290000402834
82.78680000512395
101.27919999649748
86.3716999956523
84.11089999572141
79.37269999820273
83.19610000035027
83.79360000253655
79.95739999751095
84.95289999700617
84.39589999761665
78.34409999486525
100.77319999982137
83.69880000100238
85.58639999682782
83.41339999606134
82.86140000564046
82.05189999716822
83.05749999999534
88.21679999527987
85.02220000082161
81.99109999986831
100.59689999616239
84.17949999420671
83.28679999976885
82.68169999792008
85.72789999743691
85.23560000321595
82.71049999893876
79.99949999793898
82.31700000033015
81.52430000336608
119.96329999965383
100.06389999762177
109.34689999703551
104.34510000050068
92.06210000411374
91.9800000046962
83.14619999873685
84.5197000016924
83.08509999915259
83.5404000026756
110.44640000181971
84.37769999727607
83.33760000095936
78.98929999646498
83.91820000542793
82.51340000424534
78.75100000092061
84.0775999968173
84.74489999935031
86.69709999958286
112.56410000351025
82.77239999733865
94.94260000064969
87.06160000292584
81.72639999975218
82.2245999952429
84.01629999571014
85.36190000450006
81.45450000301935
86.82359999511391
99.20820000115782
82.74430000165012
81.20559999952093
82.8347999995458
87.60910000273725
91.05170000111684
88.55149999726564
92.21120000438532
92.12450000632089
88.62390000285814
100.92070000246167
80.30540000618203
82.53709999553394
81.74929999950109
81.96020000468707
91.10320000036154
90.49129999766592
89.77389999927254
90.61210000072606
90.63739999692189
111.10650000046007
80.52719999977853
83.75339999474818
78.70749999710824
88.01540000422392
85.26880000135861
78.78319999872474
82.34060000540921
81.97040000231937
77.95320000150241
101.67709999950603
82.6457000002847
88.52540000225417
85.87309999711579
84.08290000079433
84.80330000020331
92.40909999789437
84.77260000654496
85.12070000142558
89.52199999475852
108.45120000158204
89.31590000429424
84.06639999884646
82.12490000005346
86.11479999672156
85.11880000150995
85.60640000359854
83.10429999983171
85.45560000493424
82.374699995853
100.30680000636494
84.3550999998115
92.60509999876376
88.704299996607
89.68219999951543
84.02779999596532
83.81370000279276
83.89660000102594
85.00500000081956
83.41920000384562
100.31429999799002
81.82189999934053
81.47160000225995
86.35729999514297
83.03649999288609
93.20309999748133
88.4035999988555
91.13510000315728
91.01840000221273
83.82080000592396
109.53159999917261
81.13450000382727
80.5986000050325
95.01089999685064
91.09619999799179
89.92359999683686
87.30190000642324
92.57609999622218
82.03430000139633
83.31770000222605
101.52959999686573
90.65209999971557
85.82010000100126
92.20320000167703
81.47900000039954
81.00439999543596
81.3717999990331
80.71420000487706
95.75390000100015
83.1538000056753
98.74549999949522
83.6020000060671
82.72199999919394
83.68779999727849
81.85309999680612
82.08190000004834
81.48600000276929
83.77650000329595
82.22419999947306
84.77149999816902
101.05320000002393
84.62180000060471
83.21530000102939
84.62380000128178
91.35029999742983
89.8146999970777
85.79460000328254
91.10629999486264
83.906299994851
79.33319999574451
100.70419999829028
83.54870000039227
83.7320999999065
84.66109999426408
84.41039999888744
88.92109999578679
90.99050000077114
83.80879999458557
83.08430000033695
84.08559999952558
99.59410000010394
82.17230000445852
85.77009999862639
83.1250999981421
82.15059999929508
83.76760000101058
83.52920000470476
84.02200000273297
83.40980000502896
83.78480000101263
99.67650000180583
89.91930000047432
93.127000000095
91.16820000053849
91.37699999700999
84.59649999713292
83.22049999696901
84.91900000080932
84.351899997273
83.4268000035081
102.69440000411123
83.38860000367276
88.89629999612225
81.90130000002682
88.45719999953872
94.04540000105044
87.61419999791542
93.46820000064326
83.98060000035912
78.59629999438766
102.0254000031855
94.63289999985136
91.79210000002058
92.52269999706186
93.62230000260752
93.11739999975543
94.62019999773474
95.48099999665283
89.845399998012
84.02110000315588
100.64839999540709
84.1288000010536
83.77330000075744
85.94790000643115
91.51260000362527
83.94489999773214
84.72450000408571
83.66660000319825
83.7175999986357
82.83620000293013
104.13229999539908
93.05319999839412
85.77529999456601
83.52559999912046
82.32760000100825
83.64679999795044
82.06209999480052
82.39789999788627
83.83100000355626
83.63140000437852
101.64600000280188
85.62369999708608
84.87109999987297
80.92910000414122
83.72830000007525
86.09040000010282
86.57410000159871
92.34039999864763
89.43319999525556
79.33609999599867
101.84239999944111
94.50959999958286
92.84009999828413
88.6188999938895
93.31370000290917
85.93670000118436
85.28880000085337
79.46290000109002
85.43970000027912
94.7846000053687
115.81899999873713
95.92419999535196
96.1265999940224
92.10819999861997
86.51280000049155
85.13799999491312
87.58990000205813
83.80870000110008
82.19109999481589
82.63829999486916
100.5765000008978
83.92910000111442
85.36460000323132
79.334200003359
84.65199999773176
85.37259999866365
78.48569999623578
84.92020000267075
83.70640000066487
79.15679999860004
101.26380000292556
84.59379999840166
83.65880000201287
84.08860000054119
84.08329999656416
86.73290000297129
83.4751000002143
85.34630000212928
84.20710000063991
85.48639999935403
109.67849999724422
86.18890000070678
82.74169999640435
82.24410000548232
82.46569999755593
85.64800000021933
84.55609999509761
83.32130000053439
85.01659999456024
85.19599999999627
103.60609999770531
83.36390000476968
83.88379999814788
88.28850000281818
93.08299999975134
85.73249999608379
84.36329999676673
84.05260000290582
85.26899999560555
84.2488999987836
100.63329999684356
84.36009999422822
79.95269999810262
85.03909999853931
83.6565000063274
79.95330000267131
85.31889999721898
84.01990000129445
79.96709999861196
84.09329999994952
101.21780000190483
85.69530000386294
83.86620000237599
84.45320000464562
79.8724000051152
84.81389999360545
83.31819999875734
85.43949999875622
84.86390000325628
85.00360000471119
102.44650000095135
86.73900000576396
92.1304000003147
87.85979999811389
83.67739999812329
84.96869999362389
84.11060000071302
85.02260000386741
84.63430000119843
81.3549000013154
103.08480000094278
84.83119999436894
79.43549999617971
84.36410000285832
84.66469999984838
83.3885999963968
84.26869999675546
83.39150000392692
83.67300000099931
85.05660000082571
100.27750000153901
77.70539999910397
81.78500000212807
82.59139999427134
84.19449999928474
82.5258999975631
78.16570000431966
82.0562999942922
82.95260000159033
83.07340000465047
114.72269999649143
84.91449999564793
96.56430000177352
96.03849999984959
96.13279999757651
94.97120000014547
90.3734000021359
90.67019999929471
87.29099999618484
87.25200000480982
104.78119999606861
87.08240000123624
87.23330000066198
85.66289999725996
85.2353000009316
86.37490000546677
86.29310000105761
87.43439999670954
81.66830000118352
85.77660000446485
102.8574000010849
86.10439999756636
84.29819999582833
78.71590000286233
95.4280000005383
93.45610000309534
89.5239000019501
93.68779999931576
89.53340000152821
93.1200999984867
104.04770000604913
86.81920000526588
91.59809999982826
83.61989999684738
84.75319999706699
82.48029999958817
82.4399999983143
91.14180000324268
86.50720000150613
95.02909999719122
101.6109000047436
83.76409999618772
88.49390000250423
94.22880000056466
92.62580000358867
85.40250000078231
93.69600000354694
90.29960000043502
83.8616999972146
84.27909999591066
99.99480000260519
83.50890000292566
85.22919999813894
86.09050000086427
85.72390000335872
85.39999999629799
85.37369999976363
84.12099999986822
83.60290000564419
88.49869999539806
103.20730000239564
86.51180000015302
85.08969999820692
84.82650000223657
85.79850000387523
84.76420000079088
83.5194000028423
83.63670000107959
85.45580000645714
84.70290000695968
100.91190000093775
84.78839999588672
84.93900000030408
84.33199999853969
86.72560000559315
84.63889999984531
84.11820000037551
94.49719999975059
88.31980000104522
83.71430000261171
107.6558999993722
92.9550000000745
93.99789999588393
91.84860000095796
94.85510000376962
92.24560000438942
93.48830000089947
93.21040000213543
92.04589999717427
87.19469999778084
107.91849999804981
82.6734000002034
88.47300000343239
86.65240000118501
85.94550000270829
80.67290000326466
88.26829999452457
96.81279999495018
91.81019999959972
83.28819999587722
103.61499999999069
87.37480000127107
87.48150000610622
87.35329999763053
88.90809999866178
88.738899998134
90.9899000034784
87.27750000252854
84.64009999443078
86.45260000048438
102.50729999825126
89.44680000422522
87.71990000241203
83.68799999880139
87.04140000190819
87.41849999933038
89.69599999545608
86.80670000467217
85.57870000367984
86.30509999784408
104.1895000016666
88.14970000094036
87.9685000036261
87.4967000054312
89.03080000163754
93.07609999814304
88.10700000321958
87.68849999614758
88.4040000019013
88.96310000272933
106.23219999979483
84.59389999916311
82.88270000048215
83.59159999963595
83.55630000005476
83.29429999866989
83.2555999950273
84.13930000097025
86.83219999511493
92.47489999688696
104.6070000011241
83.69949999905657
87.66059999470599
88.6700999981258
83.1084999954328
93.6742999983835
92.43589999823598
82.84360000106972
83.53669999632984
83.42960000300081
101.70260000450071
87.44029999797931
80.02349999878788
82.86579999548849
82.75299999513663
86.90210000349907
85.78439999837428
81.86030000069877
78.64449999760836
82.35140000033425
101.52709999965737
82.39840000169352
82.86050000606338
83.77190000464907
82.26389999617822
83.16729999933159
84.0338000052725
83.25779999722727
83.03629999863915
83.05929999914952
105.32110000349348
85.38140000018757
83.18820000567939
82.52850000280887
86.22489999834215
85.12959999643499
88.22089999739546
88.89400000043679
86.96649999910733
87.60869999969145
102.21150000143098
85.98370000254363
87.59290000307374
83.4753000017372
84.39560000260826
86.33730000292417
87.39539999805856
86.21419999690261
88.59769999980927
87.01579999615205
106.57999999966705
84.35789999930421
78.141299993149
83.29670000239275
82.07849999598693
78.26979999663308
83.96039999934146
84.82999999978347
78.5189999951399
88.99669999664184
107.59639999741921
88.51720000529895
89.49099999881582
82.67999999952735
87.85360000183573
85.94529999390943
82.41429999907268
82.31759999762289
86.2593999991077
94.94300000369549
105.76779999973951
88.32429999893066
87.61049999884563
86.18849999766098
89.74719999969238
89.6329999959562
88.77260000008391
87.1636000010767
82.78649999556364
84.79819999774918
102.13639999710722
83.74889999686275
83.05139999720268
82.74640000308864
83.09469999949215
82.11619999929098
84.96619999641553
83.24870000069495
81.28579999902286
80.45519999723183
99.94749999896158
89.73800000239862
83.69410000159405
89.19690000038827
86.16189999884227
77.35189999948489
84.00139999866951
82.40820000355598
79.38080000167247
83.91909999772906
101.10939999867696
81.55940000142436
84.80119999876479
85.97039999585832
82.32850000058534
83.35879999503959
82.53209999384126
87.01199999632081
86.8629000033252
87.86360000522109
104.8028000004706
89.28140000352869
84.52460000262363
83.79870000499068
84.51349999813829
84.22270000301069
83.45510000071954
83.83920000051148
83.22279999993043
84.68140000331914
102.78049999760697
83.96699999866541
84.09019999817247
84.68560000619618
82.7904000034323
84.1260000015609
86.04339999874355
83.43829999648733
84.76140000129817
83.94930000213208
100.65020000183722
83.29729999968549
78.1901000009384
83.73199999914505
83.52030000241939
79.89029999589548
83.62209999904735
82.74830000300426
78.95509999798378
83.81110000482295
100.60830000293208
93.34719999606023
86.57959999982268
84.43840000109049
84.25390000047628
84.79449999867938
84.52529999340186
93.93419999832986
91.46609999879729
94.08909999910975
113.2186000031652
90.79019999626325
82.35720000084257
82.38749999873107
85.84200000041164
85.3010000064387
85.09219999541529
88.44630000385223
91.07120000408031
90.48699999402743
109.86270000285003
92.86499999871012
91.44170000217855
92.25509999669157
91.7358000006061
90.3930999993463
92.0482000001357
89.0069000015501
85.05309999600286
82.63170000282116
109.75280000275234
94.43649999593617
87.14930000132881
91.70779999840306
91.07310000399593
86.40330000343965
83.37300000130199
82.41239999915706
78.03690000582719
85.46449999994365
101.97440000047209
83.75579999847105
85.23330000025453
83.5464999981923
85.8345999949961
82.45699999679346
84.8240999985137
82.15580000251066
81.96740000130376
82.28389999567298
98.62250000151107
84.61049999459647
82.97939999465598
84.55559999856632
90.41119999892544
92.70629999809898
91.10689999943133
83.0978000012692
80.96399999340065
81.4269000038621
98.11259999696631
83.70470000227215
84.24960000411374
82.72020000003977
80.95299999695271
81.9855000008829
89.51199999864912
90.32640000077663
90.09180000430206
89.0674999973271
111.49429999932181
91.29989999928512
81.13929999672109
83.72299999609822
82.73560000088764
78.31659999646945
83.14680000330554
85.88229999440955
83.687700003793
90.65520000149263
109.68290000164416
84.34329999727197
81.61640000616899
84.6125000025495
85.55599999817787
82.43600000423612
83.36799999960931
84.44189999863738
88.93009999883361
85.13419999508187
110.08519999450073
89.50120000372408
91.55399999872316
89.89609999844106
83.95569999993313
84.93360000284156
86.81999999680556
85.81499999854714
84.00809999875491
84.63920000212966
103.25190000003204
82.84130000538426
82.9197999992175
82.69080000172835
82.92310000251746
83.78419999644393
83.95580000069458
82.60819999850355
92.24190000531962
83.10280000296189
101.97449999395758
84.02370000112569
79.11809999495745
82.39730000059353
82.32990000396967
78.15009999467293
84.54280000296421
80.90900000388501
77.45100000465754
82.04809999733698
99.20389999751933
81.07489999383688
82.36659999965923
84.60650000051828
82.55120000103489
83.08309999847552
84.1498000008869
82.69389999622945
83.24390000052517
83.63419999659527
99.72069999639643
82.40400000067893
82.09119999810355
80.80920000065817
81.61429999745451
81.87500000349246
80.90719999745488
80.82599999761442
81.20839999901364
82.6664999985951
99.34580000117421
85.73460000479827
90.13700000650715
87.5917999946978
81.37810000334866
80.75719999760622
82.27730000362499
85.11819999694126
83.41250000376021
83.8140999985626
97.93160000117496
88.64429999812273
77.43810000101803
80.94179999898188
82.85670000623213
77.9668999966816
84.50680000532884
81.04850000381703
82.54000000306405
94.20659999886993
109.98960000142688
91.04579999984708
89.36079999693902
85.8208999998169
81.65049999661278
81.47959999769228
82.34409999568015
80.96459999796934
93.61019999778364
91.5307999966899
112.92810000304598
91.13530000468018
90.02620000683237
88.3006000003661
82.48330000060378
82.52519999950891
82.88650000031339
83.75669999804813
83.3067999992636
81.73119999992196
100.66400000505382
83.45299999928102
82.71229999809293
83.73249999567633
83.4686000016518
82.17030000378145
84.0258999960497
82.99960000294959
83.73720000236062
87.14480000344338
109.19170000124723
91.76460000162479
89.81019999919226
83.90079999662703
80.13090000167722
78.23340000322787
94.0998000005493
93.38479999860283
87.51130000018748
86.44529999583028
101.09169999486767
83.57650000107242
85.22019999509212
81.99219999369234
83.81589999771677
82.96100000006845
83.55899999878602
90.65859999827808
93.29760000400711
91.22600000409875
111.82869999902323
93.7800999963656
94.31210000184365
93.42689999903087
87.77840000402648
98.44539999903645
93.65289999550441
91.5649000016856
83.00279999821214
81.8991999985883
101.26060000038706
88.91740000399295
92.79499999684049
92.33600000152364
94.66009999596281
92.25200000219047
94.05859999969834
83.11659999890253
82.28580000286456
84.06010000180686
103.81500000221422
82.40440000372473
79.24739999725716
83.9544999980717
82.0021999970777
77.95769999938784
84.83659999910742
84.88550000038231
77.35260000481503
80.56539999961387
99.18050000123912
81.39810000284342
81.74850000068545
85.51290000468725
84.45339999889256
83.89879999594996
82.68990000215126
83.53880000504432
84.27379999920959
83.98940000188304
103.51490000175545
83.13369999814313
81.98740000079852
82.98300000024028
87.05170000030193
94.91600000183098
93.28370000002906
89.79879999969853
90.64309999666875
86.64819999830797
109.51590000331635
83.03950000117766
81.44960000208812
82.49980000255164
83.7933000002522
82.57589999993797
84.32280000124592
81.92160000180593
81.67240000329912
81.5428999994765
97.50440000061644
82.13989999785554
79.6487999978126
84.20280000427738
82.5269000051776
77.19840000208933
82.88769999489887
81.82010000018636
81.45190000504954
83.97600000171224
99.27149999566609
83.54650000546826
78.09439999982715
81.61629999813158
85.14999999897555
81.69310000084806
81.18300000205636
82.58899999782443
82.17980000335956
81.02510000026086
99.52640000119573
83.16329999797745
77.114799998526
82.19620000454597
83.52400000148918
81.85009999579052
84.9441000027582
80.93789999838918
81.18770000146469
80.056799997692
98.72170000016922
80.0022000039462
82.73499999631895
90.13200000481447
91.38489999895683
91.17200000036974
90.51180000096792
91.83099999791011
90.98369999992428
91.62920000380836
110.95600000408012
91.18039999884786
89.72129999892786
84.29850000538863
82.78150000114692
82.70859999902314
84.2860999982804
82.61379999748897
82.1425999965868
82.87050000217278
101.22770000452874
86.21080000011716
82.39299999695504
82.22309999837307
82.07299999776296
82.89710000099149
83.85590000398224
84.15689999674214
81.92950000375276
81.392500003858
102.08060000149999
82.07229999970878
79.43940000404837
83.3723000032478
82.98349999677157
92.05720000318252
84.19580000190763
82.08349999767961
85.72560000175145
88.50279999751365
104.16339999937918
93.29060000163736
90.72229999583215
91.24890000384767
88.1362000000081
90.05930000421358
89.62810000230093
91.59610000642715
91.08319999359082
81.83679999638116
98.27909999876283
82.81870000064373
82.26780000404688
83.78610000363551
82.41940000152681
82.34449999872595
82.39719999983208
82.3099999979604
83.18380000127945
83.46179999352898
106.24549999920418
77.23339999938617
83.91940000001341
82.59859999816399
83.14339999924414
76.58610000362387
81.72650000051362
84.74089999799617
82.22360000218032
76.97319999715546
100.40080000180751
83.85879999696044
82.82799999869894
82.1905999982846
83.81459999509389
83.5644000035245
85.21070000278996
82.69139999902109
82.06480000080774
80.83040000201436
97.4190000051749
81.3099000006332
84.56540000042878
83.17979999992531
82.68920000409707
81.42230000521522
85.24020000186283
81.22009999351576
82.02489999530371
80.56080000096699
99.53499999392079
81.69940000516362
82.45210000313818
81.8961000040872
77.08209999691462
83.18880000297213
84.27140000276268
82.9611999943154
79.57669999450445
82.67560000240337
101.2884999945527
88.94739999959711
89.03260000079172
84.29030000115745
82.99650000117254
85.81589999812422
89.78799999749754
91.69039999687811
91.34980000089854
90.58820000063861
113.44249999820022
91.14279999630526
92.22830000362592
91.54400000261376
89.29270000226097
84.49290000135079
82.17299999523675
82.39809999940917
83.04939999652561
83.00420000159647
100.09770000033313
82.02990000427235
81.64209999813465
78.3582000003662
81.77489999798127
81.95349999732571
82.22560000285739
80.69860000250628
81.65349999762839
81.69260000431677
100.82369999872753
81.52849999896716
82.88380000158213
80.81720000336645
82.13770000293152
75.98600000346778
80.09369999490445
79.80520000273827
82.2039999984554
78.28220000374131
102.65359999903012
83.37759999994887
83.49589999852469
83.66970000497531
83.30530000239378
82.31299999897601
86.65080000355374
92.25119999609888
86.81690000230446
80.91740000236314
100.57210000377381
81.34030000655912
82.23990000260528
88.47429999877932
92.07710000191582
92.22229999431875
91.90500000113389
92.33379999932367
92.91209999355488
86.4813999942271
98.00140000152169
79.8575999942841
81.06530000077328
83.68760000303155
78.13009999517817
81.11980000103358
80.97080000152346
81.75870000559371
75.80169999710051
80.9203000026173
98.9460999990115
81.94270000240067
84.16289999877336
86.08700000331737
81.04029999958584
83.75389999855543
82.40819999628002
82.6431000023149
80.7513999970979
81.26730000367388
96.09669999917969
81.46619999752147
81.081099997391
80.3375999967102
81.25860000291141
80.01250000233995
80.10709999507526
79.81049999943934
82.4473000029684
81.6354999988107
97.77290000056382
81.42180000140797
80.78530000057071
82.51210000162246
80.54840000113472
81.27889999741456
80.91090000380063
81.84690000052797
82.51279999967664
83.10450000135461
98.83650000119815
81.78140000381973
80.63969999784604
80.72670000547078
80.5188000013004
80.62539999809815
80.16350000252714
80.0595999971847
81.748399999924
85.80990000336897
104.5561000064481
86.5602999983821
85.86819999618456
88.6910999979591
86.99219999834895
88.15589999721851
88.38810000452213
85.17759999813279
83.91960000153631
90.2085999987321
103.3880999966641
82.0607999994536
82.97940000193194
81.98309999716002
82.98279999871738
82.16140000149608
82.868999998027
82.43439999932889
83.48390000173822
82.70300000003772
98.97160000400618
79.09539999673143
82.08710000326391
82.12629999616183
78.77020000159973
82.92499999515712
83.89060000627069
83.23770000424702
82.74270000401884
82.17760000115959
99.12359999725595
79.6870999984094
80.8725000024424
85.25920000101905
88.68210000218824
88.26830000180053
89.77489999961108
90.14239999669371
89.02630000375211
89.58480000001146
111.01919999782695
88.11719999357592
88.54299999802606
82.20380000420846
84.10449999792036
82.46260000305483
82.13450000039302
83.04060000227764
82.49720000458183
84.29109999997308
100.60920000250917
80.82890000514453
82.40350000414765
83.25609999883454
85.3348000018741
86.93219999986468
87.72350000072038
81.91380000062054
82.17059999878984
82.94800000294344
98.24590000062017
80.11789999727625
81.53589999710675
80.68559999810532
80.59599999978673
80.25599999382393
79.971300001489
80.90559999982361
81.91790000273613
81.92190000409028
101.27650000504218
87.74840000114636
84.16209999995772
82.59959999850253
82.7244999964023
90.18300000025192
88.15319999848725
90.45340000011493
90.06569999473868
84.08149999740999
96.9249999980093
79.631699998572
76.84460000018589
83.23999999993248
81.60550000320654
82.4955999996746
78.13090000126977
82.34059999813326
82.22670000395738
83.02810000168392
94.03339999698801
82.54440000018803
81.09159999730764
80.78150000073947
80.89250000193715
83.10910000000149
81.91709999664454
82.37129999906756
81.71240000228863
81.56580000650138
100.16330000507878
81.65430000371998
81.6463000010117
82.29920000303537
84.70169999782229
81.57609999761917
82.30080000066664
82.31010000599781
85.05219999642577
86.97969999775523
96.74310000264086
75.28869999805465
80.22429999982705
84.61340000212658
85.8488000012585
83.29799999773968
81.63330000388669
82.20630000141682
81.78939999925205
76.24990000476828
100.10889999830397
81.5535000001546
81.91800000349758
82.87769999878947
85.10789999854751
80.40400000027148
81.02879999933066
83.00040000176523
81.58279999770457
80.88730000599753
97.73270000005141
79.65039999544388
79.85710000502877
79.7007000001031
80.78139999997802
80.04789999540662
81.2207999988459
80.98710000194842
80.97409999754746
85.2251999967848
105.89429999527056
80.85080000455491
80.29369999712799
86.5812999982154
77.53500000399072
81.07439999730559
80.94419999542879
80.55420000164304
81.14509999722941
87.97749999939697
106.96070000267355
87.17340000293916
86.54200000455603
83.62340000167023
87.87009999650763
83.42370000173105
81.08309999806806
81.45209999929648
80.80899999913527
83.84179999848129
106.33909999887692
86.0398000004352
84.50779999839142
85.86350000405218
88.36120000341907
87.35190000152215
87.90900000167312
87.20660000108182
87.9618999970262
88.10459999949671
99.97769999608863
82.78299999801675
83.46060000621947
77.21560000209138
81.24110000062501
79.38500000454951
80.29429999442073
76.2481000056141
83.79899999999907
88.46510000148555
108.6488000000827
89.660499994352
90.68789999582805
90.98729999823263
89.34720000252128
82.85030000115512
80.95899999898393
81.1840000023949
81.31879999564262
81.88279999740189
100.60879999946337
80.96490000025369
82.24560000235215
81.10329999908572
82.79870000114897
81.6008999972837
81.20240000425838
81.41879999311641
88.32930000062333
89.7566999992705
109.92780000378843
89.45360000507208
84.47049999813316
82.57510000112234
91.80580000247573
89.8894999991171
85.18200000253273
90.82080000371207
89.78490000299644
88.0408000011812
105.22529999434482
89.96620000107214
90.05929999693763
90.98700000322424
89.29889999853913
81.89860000129556
81.99630000308389
82.56970000365982
82.87460000428837
80.77210000192281
98.19830000196816
82.50010000483599
81.50380000006407
81.32389999809675
81.5565000011702
90.61329999531154
86.06180000060704
82.18720000149915
80.07799999904819
80.2181000035489
96.17740000248887
74.47799999499694
79.7279000034905
79.97890000115149
81.33300000190502
74.22010000300361
90.15820000058739
91.49429999524727
90.85209999466315
82.93009999761125
110.82479999458883
90.02310000505531
88.9859000017168
88.54289999726461
83.78169999923557
80.89370000379859
81.1738000047626
81.45969999895897
91.71280000009574
90.53909999784082
109.26029999973252
89.4754999972065
89.41639999829931
81.33649999945192
85.05239999794867
81.72690000355942
82.2762999960105
81.42480000242358
81.32430000114255
81.16519999748562
98.70329999830574
80.72420000098646
82.10430000326596
83.69239999592537
75.36930000060238
81.43720000225585
81.36150000063935
81.6874000011012
76.83059999544639
80.98050000262447
99.28539999964414
87.24399999482557
90.03089999896474
90.75580000353511
90.13500000583008
89.89280000241706
91.27830000215909
87.39929999865126
80.35309999831952
81.15790000010747
96.62830000161193
80.2449000038905
80.31360000313725
81.50929999828804
80.170300003374
80.69850000174483
88.05169999686768
92.24799999356037
89.3486999993911
89.30329999566311
108.03160000068601
81.20790000248235
82.26399999693967
76.10280000517378
83.1056000024546
82.2206999946502
80.3098999967915
77.0775000055437
81.23269999487093
81.19959999748971
97.44140000111656
80.80550000158837
81.50109999405686
83.04530000168597
82.44420000119135
81.98270000139019
89.7830999965663
90.92319999763276
81.69819999602623
81.65849999932107
100.13510000135284
81.78889999544481
81.74429999780841
82.09160000114935
87.5162999946042
89.4442999997409
89.19849999801954
89.09609999682289
90.62919999996666
89.58069999789586
107.48299999977462
88.0747999981395
77.77299999725074
81.72980000381358
81.41530000284547
80.63430000038352
77.99289999820758
81.42740000039339
81.79579999705311
82.21539999794913
93.69650000007823
82.32110000244575
82.53740000509424
81.19450000231154
79.52379999915138
80.9233999971184
80.40660000551725
79.7482999987551
79.49650000227848
83.17340000212425
98.66969999711728
89.51019999949494
91.55859999737004
89.88220000173897
90.22180000465596
88.81269999983488
90.24409999983618
90.95700000034412
89.5435999991605
90.12119999533752
106.74670000298647
84.52859999670181
92.32000000338303
91.64279999822611
89.17579999979353
85.94640000228537
89.6190999992541
82.84339999954682
82.72829999623355
77.52430000255117
108.41179999988526
90.49319999758154
90.74150000378722
91.4690999998129
86.44179999828339
81.31660000071861
81.32990000012796
81.38010000402573
80.70469999802299
80.65889999852516
95.9898000000976
82.1157000027597
83.60659999743802
81.89889999630395
82.41730000008829
80.80879999761237
81.6080000004149
80.6832000016584
80.9845999974641
87.21490000607446
98.03990000364138
81.35989999573212
81.17080000374699
81.61749999999302
77.18809999641962
84.0502999999444
83.29550000053132
89.0231000012136
84.83010000054492
90.33459999773186
110.48709999886341
89.3528000015067
86.81539999815868
79.69559999764897
80.22489999711979
80.8277000032831
89.3145999943954
88.81380000093486
89.87139999953797
84.79999999690335
97.63789999851724
80.26900000550086
78.89350000186823
81.80559999891557
88.74110000033397
83.5949999964214
81.33970000199042
81.3960000014049
81.46770000166725
81.97179999842774
101.15070000028936
81.35269999911543
81.95749999867985
75.71850000385894
80.48929999495158
83.94279999629362
80.58829999936279
78.76039999973727
81.65249999728985
85.89490000304068
106.58279999915976
89.29870000429219
90.19999999873107
90.0030999982846
90.70399999473011
88.27819999714848
84.05710000079125
79.5116999943275
79.53130000532838
79.04030000645434
97.89710000040941
80.77200000116136
86.83970000129193
80.8554000032018
82.40890000161016
78.69850000133738
82.957600003283
81.08059999358375
82.64490000146907
82.55410000128904
99.90670000115642
82.34679999441141
79.93779999378603
83.85749999433756
82.99369999440387
82.83740000479156
77.78369999869028
84.23939999920549
81.80100000026869
78.06890000210842
92.72190000046976
82.39010000397684
82.3069999969448
81.40129999810597
81.24719999614172
82.24190000328235
83.33349999884376
81.43299999937881
79.99440000276081
79.5122999988962
99.35599999880651
81.80089999950724
83.35470000019995
85.95400000194786
82.66619999631075
83.10050000000047
81.90869999816641
79.86769999843091
80.96520000253804
80.51569999952335
96.58339999441523
73.65919999574544
82.08879999438068
82.45680000254652
82.76309999928344
77.99690000683768
82.06900000368478
82.46629999484867
82.15670000208775
76.20500000484753
113.11589999968419
85.58130000164965
87.25910000066506
79.0564999988419
81.2833000018145
81.92810000036843
81.56260000396287
82.23659999930533
82.02650000021094
81.7458000019542
98.23460000188788
80.38420000229962
87.40189999662107
82.71660000173142
85.46280000155093
90.07359999668552
90.6472999995458
91.45899999566609
91.46809999947436
79.46870000159834
99.24650000175461
81.71589999983553
81.0258999990765
81.56459999736398
75.34640000085346
79.55130000482313
79.77129999926547
81.23499999783235
76.6996999955154
81.82669999951031
99.3155000032857
81.07480000035139
81.64940000278875
81.09300000069197
82.59199999884004
82.9883999977028
81.75950000440935
82.27679999981774
82.43539999966742
80.38459999806946
96.10129999782657
83.54460000555264
83.09400000143796
81.28089999809163
81.23730000079377
81.24550000502495
82.05640000232961
82.0155999972485
81.40590000402881
135.21100000070874
158.22160000243457
84.60379999451106
81.03910000500036
78.9193000018713
79.56910000211792
82.39139999932377
81.37880000140285
76.40230000106385
82.77220000309171
82.64970000163885
98.48200000124052
80.55630000308156
83.01139999821316
82.84200000343844
81.36209999793209
81.59610000438988
82.50450000195997
81.20380000036675
81.9606000004569
82.63369999622228
99.43770000245422
82.701300001645
80.85739999660291
81.15009999892209
80.85289999871748
81.44589999574237
80.80019999761134
81.15840000391472
81.6904000021168
81.23399999749381
98.19989999959944
81.9954999969923
77.30609999998705
80.64019999437733
85.04610000090906
87.54529999714578
76.40379999793367
91.56499999517109
82.61720000155037
79.24800000182586
93.4105999986059
80.46190000459319
79.47550000244519
80.53150000341702
82.49520000390476
82.10539999708999
81.30569999775616
84.17629999894416
80.08469999913359
79.41410000057658
94.77670000342187
80.34659999975702
80.66949999920325
79.88789999944856
80.49889999529114
83.01309999660589
83.41910000308417
83.02920000278391
81.69300000008661
81.41230000182986
98.54600000107894
78.49410000198986
80.2999000006821
83.48239999759244
82.41960000304971
77.17509999929462
81.58569999795873
85.44740000070306
90.62290000292705
85.20949999365257
108.71240000415128
84.67219999874942
79.76570000028005
79.03490000171587
78.54149999911897
79.61929999873973
80.67529999971157
81.5398999984609
81.46080000005895
82.2245000017574
98.58340000209864
81.7834000044968
84.5229000042309
88.2493000026443
89.89799999835668
90.56330000021262
89.88110000063898
81.51820000057342
81.2861000013072
80.99629999924218
105.40739999851212
88.66519999719458
89.69489999435609
86.50169999600621
81.19299999816576
79.56669999839505
80.40780000010272
79.15720000164583
76.35739999386715
81.8135000008624
98.7712999994983
86.95340000122087
86.45760000217706
84.11500000511296
82.9922999982955
81.00049999484327
81.0702000017045
81.24149999639485
83.14470000186702
80.58770000207005
98.93980000197189
