40.0477
27.855700000000002
26.6434
25.3847
25.7007
26.0898
29.5319
28.316399999999998
28.0637
23.9092
23.5138
23.2158
23.7532
22.366600000000002
23.315700000000003
22.7308
22.0244
21.589000000000002
22.418400000000002
22.329700000000003
22.211100000000002
20.988699999999998
21.0193
21.3643
21.8292
20.660899999999998
21.5949
20.499799999999997
20.1494
20.9552
21.273899999999998
20.5396
20.7786
19.9398
20.1508
20.7768
19.7992
18.1756
18.5403
18.499499999999998
17.738500000000002
17.9231
19.1294
17.802
17.6935
19.2877
17.3687
17.298299999999998
17.8802
17.8017
17.658299999999997
17.5644
17.4231
18.254099999999998
18.073
17.436400000000003
17.3579
17.4524
16.7995
17.032700000000002
17.688599999999997
16.9062
17.123900000000003
17.0178
17.1296
17.0932
16.4961
16.2229
16.2317
15.8143
15.6595
15.544
16.502
15.759100000000002
15.4688
17.098499999999998
15.636600000000001
15.683300000000001
16.1972
15.655599999999998
15.956999999999999
15.5344
15.264899999999999
15.2287
16.1263
15.4004
15.3729
15.3409
15.7522
15.4179
16.0305
15.3485
15.655100000000001
15.319899999999999
15.650399999999998
15.2517
16.0673
15.31
15.153599999999999
15.0586
15.4572
15.3973
15.793999999999999
15.777200000000002
15.623800000000001
15.1979
15.323099999999998
15.8406
15.505700000000001
15.071100000000001
15.0459
15.1532
15.0866
15.3294
15.8728
15.0627
15.899300000000002
15.1113
14.6739
14.7281
15.7377
16.8705
14.9113
14.947500000000002
15.1757
14.91
15.3303
14.9633
15.4768
14.7729
14.6821
14.68
14.904300000000001
15.141
14.8926
14.6907
14.597000000000001
15.2354
15.308399999999999
14.972199999999999
14.691600000000001
15.3043
14.5773
14.7696
15.0444
15.177
14.7566
14.6945
14.6435
14.6465
15.6408
14.630600000000001
14.6567
14.6267
14.8714
14.6525
14.879
14.6508
14.8577
14.7644
14.598099999999999
14.543800000000001
15.3389
15.0067
14.4865
14.404
14.4694
17.6262
14.717600000000001
15.2509
14.4618
14.9006
14.3377
15.4995
14.9491
14.8831
14.6282
14.3845
14.3298
14.7813
15.2607
14.5933
14.8378
15.367199999999999
14.5262
14.5425
14.7927
15.003300000000001
14.3942
14.471400000000001
14.402800000000001
14.8581
14.7236
14.2875
14.3834
14.7841
14.661499999999998
15.4953
15.6852
15.5937
15.068299999999999
14.893099999999999
15.1295
15.1516
15.2914
13.9774
14.2616
15.308300000000001
15.378
15.008199999999999
16.014
15.1556
15.608699999999999
14.9954
14.3197
14.3496
14.8478
14.2023
14.1848
13.979099999999999
13.987400000000001
14.6683
14.4462
13.949100000000001
14.3158
14.5936
14.0597
14.5674
14.2605
13.8444
14.4698
14.786499999999998
14.792100000000001
15.0036
15.5584
14.700299999999999
14.583300000000001
14.8625
14.9862
14.431700000000001
14.2844
14.723099999999999
14.0517
14.368799999999998
14.396799999999999
14.701
15.0941
14.7326
14.8679
14.9147
14.910599999999999
15.2832
15.3873
14.6752
14.678999999999998
14.4387
15.6375
14.7141
14.6702
14.073
14.4405
13.8377
14.0061
13.7297
14.0611
14.2863
14.135299999999999
13.8271
13.737900000000002
14.417900000000001
14.314
13.9148
13.899099999999999
13.971300000000001
14.4925
14.7922
14.9497
14.5165
14.8725
14.819199999999999
14.555399999999999
14.1425
14.7476
13.8933
14.311499999999999
13.868500000000001
14.606
14.531699999999999
14.758500000000002
14.360899999999999
14.171700000000001
14.9933
14.1021
13.9022
14.2672
14.404399999999999
14.8487
14.6395
14.625
14.1444
14.282100000000002
13.8192
14.3691
14.699399999999999
14.5787
14.025599999999999
14.4842
14.4124
13.789900000000001
13.9871
13.7657
15.3468
14.3848
13.71
13.7807
14.2196
14.0113
13.8715
14.9146
14.8797
14.9521
15.2984
14.582899999999999
15.0067
14.759599999999999
14.5579
14.4409
14.7813
14.2331
14.5131
14.759599999999999
14.434000000000001
15.1958
14.4836
14.6134
14.9067
14.938099999999999
14.5258
13.7009
13.7521
14.3828
13.891499999999999
14.2375
14.179
15.107000000000001
13.5291
13.5179
13.684999999999999
14.0047
14.1414
13.6753
13.5119
13.7057
13.7927
14.6149
13.7486
13.637
13.4737
14.086599999999999
13.7232
13.975299999999999
13.621400000000001
13.6354
13.9944
13.500399999999999
13.6693
14.5883
13.7592
13.661
13.4629
13.536
13.5972
14.2698
13.597
13.9228
13.686
13.9608
14.3807
14.8926
14.382900000000001
13.894
14.7379
14.9027
14.3561
14.1152
13.5204
14.7086
14.0384
13.8561
14.485
15.2226
14.5169
14.4759
14.215800000000002
13.417200000000001
14.0273
15.944099999999999
13.387
13.542800000000002
13.9331
13.4071
13.665000000000001
13.783800000000001
14.311499999999999
14.004100000000001
13.5094
13.391200000000001
13.4825
14.056799999999999
13.4016
13.698699999999999
13.4401
13.4929
13.9292
14.0303
13.4691
13.846
13.6922
14.3027
13.2661
13.767700000000001
13.4665
14.1328
13.4576
13.3262
13.9472
14.003699999999998
14.1252
13.619
13.4716
13.1526
13.3884
14.331999999999999
13.4526
13.4465
13.6357
13.6799
13.4965
14.037600000000001
13.701
13.692599999999999
13.9082
13.245800000000001
13.5169
13.6592
13.462
13.947799999999999
13.4473
13.8254
13.7865
14.398100000000001
13.3763
13.577300000000001
13.3945
13.7125
14.5072
13.7503
13.418
13.3436
13.8557
13.3306
13.517700000000001
14.2074
14.052200000000001
13.2269
13.5044
13.4477
13.4077
14.1107
13.2378
13.2975
13.2812
13.1488
13.911200000000001
13.796299999999999
13.313699999999999
13.3635
13.9255
13.221
13.2764
13.381499999999999
13.242500000000001
13.7311
13.2688
13.132299999999999
13.4632
13.8283
13.747499999999999
13.2415
14.116999999999999
13.1614
13.0227
14.0518
13.8697
13.177
13.1711
13.7979
13.3115
13.7364
13.209
13.9253
13.1936
13.2342
13.325
13.5228
13.7066
13.0913
13.1991
13.2811
13.864899999999999
13.7355
13.073400000000001
13.3938
13.2121
13.6143
13.733600000000001
13.412500000000001
13.0714
13.2916
13.9087
13.216800000000001
13.3744
13.460899999999999
13.7917
13.733699999999999
13.2561
13.3041
13.0401
14.297600000000001
16.9467
13.4467
13.1433
13.1898
13.821399999999999
13.661
13.3268
13.4355
13.3698
14.237400000000001
12.9938
13.695799999999998
13.1967
13.6895
15.6642
13.1689
13.2616
14.1074
13.0826
13.169699999999999
13.4479
13.004399999999999
13.620000000000001
13.6148
13.1709
13.654100000000001
13.365699999999999
13.0009
13.268
13.6665
13.1763
13.4391
13.2471
12.938699999999999
13.4412
13.3668
13.4345
13.1463
13.774099999999999
16.3507
15.821600000000002
14.4549
16.2018
15.451400000000001
13.2754
13.3381
13.277199999999999
13.4582
13.061100000000001
13.5282
12.8809
14.849499999999999
15.684400000000002
14.532
16.1594
15.6658
14.8879
14.7726
15.2591
14.5526
16.7153
15.3398
15.1526
14.703199999999999
15.2112
16.4223
13.8192
13.212299999999999
13.0604
13.0068
13.075399999999998
13.3714
14.109
13.0041
13.4923
13.106
13.2294
13.6699
13.5904
12.7767
13.863800000000001
13.2473
13.2817
14.3557
12.8708
13.4542
12.9779
12.9633
13.2058
13.376000000000001
13.1465
12.893
13.639999999999999
12.9434
12.817200000000001
13.348600000000001
13.6207
14.9228
13.0536
12.7876
13.1792
13.980599999999999
13.012599999999999
12.953299999999999
12.724499999999999
13.085799999999999
15.046000000000001
13.3446
12.937199999999999
12.8681
12.8888
13.4109
13.360800000000001
13.6373
12.8049
12.8825
13.3106
12.9348
12.8645
13.266200000000001
13.4564
13.032200000000001
13.0731
12.8253
13.2131
14.047699999999999
13.1468
12.8374
12.9194
13.1551
13.3544
13.2779
12.8666
12.8966
12.9652
13.1159
13.2171
13.9004
12.7158
13.102300000000001
13.553600000000001
12.835700000000001
13.186399999999999
13.4167
13.0693
13.0393
12.8399
13.6629
13.8392
13.637
12.851899999999999
13.322000000000001
13.0241
12.9128
13.4238
14.4221
13.1162
13.2351
12.949300000000001
14.3285
13.5966
14.6892
13.7841
12.7781
13.440999999999999
12.8581
12.7741
13.5941
12.7595
13.431999999999999
12.912099999999999
12.7688
12.9862
13.5228
13.4528
13.2303
13.079699999999999
12.730699999999999
13.3508
13.2627
12.824
13.3404
12.961500000000001
13.4103
13.2526
13.3271
13.2385
13.4441
12.9407
12.886099999999999
12.9567
13.2406
13.2214
12.9586
13.059700000000001
12.7375
12.8803
14.0559
13.0938
12.9011
13.5006
13.0408
13.4975
13.133199999999999
12.8778
13.0876
12.9331
12.9454
13.0258
13.737900000000002
12.8693
12.913300000000001
12.9303
12.8136
14.4377
15.320200000000002
12.6402
12.9253
13.089699999999999
13.235999999999999
13.1477
13.504800000000001
12.7977
12.951600000000001
13.7611
12.7978
12.732800000000001
13.0615
12.9544
13.0401
13.126000000000001
12.878
13.3092
13.5514
13.2312
13.1539
13.0188
13.003
12.7033
12.9624
13.2354
12.8016
12.7374
12.658199999999999
12.969100000000001
13.8907
12.753
12.813
12.6788
12.5636
13.2835
13.1516
12.8397
12.8426
12.6603
13.1656
12.9817
13.360999999999999
12.9275
12.680800000000001
13.378599999999999
12.8148
12.5793
13.082
13.1649
12.7637
12.691799999999999
12.5808
13.048300000000001
13.7737
12.779399999999999
12.626800000000001
12.7201
13.1822
12.716
12.7765
12.9502
13.0231
13.1342
12.693100000000001
12.7958
13.493099999999998
12.7429
12.695
12.6915
12.6661
13.1606
13.02
12.7298
12.5467
12.6052
13.178799999999999
16.4646
13.3857
12.764299999999999
13.5432
12.7303
12.6054
12.8038
12.897499999999999
12.9077
13.7263
12.8303
12.6522
12.8606
13.9526
12.7891
13.1681
12.636700000000001
13.33
12.874500000000001
13.356399999999999
13.6019
12.6312
12.828600000000002
15.149700000000001
12.9363
13.704300000000002
12.5965
13.1983
12.6462
12.7175
13.0937
13.1007
12.7504
12.6704
12.7275
13.0808
13.0098
13.3371
12.6567
12.7534
13.3612
12.7038
13.7234
13.1008
12.477
13.2802
12.6837
12.982199999999999
12.961500000000001
13.546000000000001
12.764299999999999
12.686599999999999
12.7323
12.6953
12.7496
13.2842
12.6026
13.1365
12.6736
12.694600000000001
13.028
13.1608
13.2977
12.9185
12.7287
12.7582
12.494
13.1863
12.8005
12.7975
12.8404
12.6068
13.4047
13.3142
12.785
12.749099999999999
13.8722
15.971300000000001
12.764100000000001
13.2093
12.796
13.1801
12.853
12.6053
12.917
13.1673
13.937700000000001
12.9316
12.7281
12.608400000000001
12.569
13.4804
12.7417
12.839599999999999
12.845
13.4454
13.207500000000001
13.7015
12.992
12.661
13.3773
12.7652
12.7728
12.9914
12.9245
13.278099999999998
12.719100000000001
12.700899999999999
12.8448
13.782900000000001
12.8435
12.753
12.8228
12.606
13.1327
13.087299999999999
12.7046
13.430299999999999
12.8581
13.589
13.1413
13.1331
12.6099
12.9866
13.2111
12.8311
12.6661
12.836699999999999
13.1637
12.6271
12.776900000000001
12.397699999999999
12.841899999999999
13.8333
12.6897
12.5427
12.6185
12.5434
13.0988
13.1387
12.5071
12.8796
12.5736
13.256499999999999
12.709399999999999
13.282399999999999
12.7356
12.7103
13.035
12.5678
12.8505
12.9374
12.5831
17.1522
12.6576
12.8511
12.8543
13.8599
12.3894
12.6414
12.6191
12.6452
13.145900000000001
12.7644
13.098500000000001
12.8834
12.6599
12.9651
12.8404
13.0651
12.6359
13.3492
13.1555
13.1206
12.960299999999998
13.239700000000001
12.481499999999999
15.0251
12.9681
12.6851
12.6772
13.3364
13.161000000000001
12.5991
12.659500000000001
12.465800000000002
12.420499999999999
12.9011
12.7653
13.1802
12.4531
12.6185
12.6913
13.1333
13.0533
12.6678
12.9857
12.897799999999998
13.2015
12.7627
12.555800000000001
12.7014
12.745899999999999
12.9868
12.9715
13.191899999999999
12.6304
12.4193
13.0978
12.564300000000001
12.621
12.9166
12.3921
13.3093
12.6909
12.5739
12.662899999999999
13.6108
12.6791
12.540600000000001
12.956999999999999
13.0273
12.5036
12.9922
12.6525
12.6111
12.6423
12.527
12.9605
13.0319
17.1022
12.6301
12.6737
12.4796
12.521700000000001
13.3371
13.0992
12.6484
12.4915
12.804400000000001
13.2529
13.8181
12.633000000000001
12.481300000000001
12.6549
13.0043
12.526900000000001
12.9125
12.405700000000001
12.8574
13.350000000000001
12.6646
13.059899999999999
13.2576
12.735
13.0826
12.5235
12.544599999999999
12.678999999999998
12.761700000000001
13.1447
12.4131
12.535
12.6225
12.580400000000001
13.3582
12.502799999999999
12.538499999999999
12.6476
12.330499999999999
12.9765
12.8487
12.451699999999999
12.311499999999999
13.5497
12.9292
12.8575
13.0805
12.4628
13.0291
12.746
12.429300000000001
12.5673
12.7956
13.1728
12.566600000000001
12.406500000000001
12.5106
12.6278
13.5055
12.428099999999999
12.5651
12.6723
12.3888
13.026599999999998
12.655899999999999
12.522
12.612699999999998
13.069
12.3809
12.8231
13.149299999999998
13.055000000000001
12.3882
12.5092
13.0359
12.527
13.2794
12.5688
13.1753
12.728200000000001
12.5498
13.0667
12.994800000000001
12.6941
12.6564
12.650500000000001
12.4932
12.4338
12.8715
13.4006
12.864
12.573300000000001
12.4372
12.8841
13.3489
12.658199999999999
12.6736
12.652800000000001
12.412899999999999
13.5178
13.0926
12.8241
12.270100000000001
14.9027
12.8291
12.703100000000001
13.2753
12.3796
12.445400000000001
13.1428
12.5126
12.5054
12.7387
12.409999999999998
12.985
12.5065
12.3931
12.7986
12.9463
12.9384
12.5007
12.83
12.3911
12.5407
13.120899999999999
12.6827
12.6126
12.6286
12.807799999999999
12.7521
13.0183
12.5333
12.442699999999999
13.023
12.5019
12.4557
12.7109
12.431
13.0186
12.4463
12.682799999999999
12.719299999999999
13.0684
13.043000000000001
12.547600000000001
12.9152
12.4265
12.5112
12.828600000000002
12.51
12.9597
12.406
12.4576
12.7743
13.234599999999999
14.2183
12.9255
12.68
12.378
12.5323
13.2602
12.408199999999999
12.475999999999999
12.501
12.409999999999998
13.3034
12.9367
12.354199999999999
13.0205
12.5553
12.8766
12.189
12.783600000000002
12.6461
12.525400000000001
12.5115
12.629299999999999
12.9337
13.3618
12.421700000000001
13.3271
12.8997
12.7806
12.396600000000001
12.5732
13.147
12.5235
12.5796
12.2262
12.8149
13.5911
12.5022
12.3924
12.391599999999999
12.4332
12.960700000000001
12.6526
12.741900000000001
12.3918
13.7064
12.3599
12.460600000000001
12.951600000000001
12.5576
12.8971
12.3723
12.7125
12.461500000000001
12.8091
12.7837
12.431299999999998
12.486799999999999
12.447
12.5196
13.623
12.517
12.5148
12.2462
12.5419
12.9052
12.7901
12.3602
12.482800000000001
12.6009
12.979600000000001
12.596
12.8233
12.5167
12.9736
12.352699999999999
12.5087
12.327
12.840900000000001
12.902800000000001
12.7326
12.6319
12.321800000000001
12.6045
13.3649
12.5007
12.596400000000001
12.289
12.2278
13.010900000000001
12.716899999999999
12.4046
12.39
12.632900000000001
13.1565
12.7215
12.9663
12.194099999999999
12.5076
12.8591
12.5739
12.3359
12.9375
13.2419
12.7998
12.3152
14.7219
12.6877
13.6815
12.6461
12.299900000000001
12.447899999999999
12.3046
12.831199999999999
12.5609
12.4358
12.642199999999999
12.3893
12.7429
12.584100000000001
13.0311
12.4938
12.2112
12.841800000000001
13.5254
12.392
12.6966
12.8076
12.6149
12.3094
12.790799999999999
12.492899999999999
14.1445
12.4576
12.3669
12.3736
12.4008
12.8722
12.742099999999999
12.451
12.6147
12.3811
12.8389
12.3926
13.0067
12.4723
12.309099999999999
12.695599999999999
12.7407
12.4424
12.6119
12.2289
12.8764
12.3949
12.348700000000001
12.3062
13.0517
12.811100000000001
12.6195
12.6303
12.0976
12.3884
13.2583
12.3373
12.1248
12.6352
12.316
13.004800000000001
12.7564
12.2968
12.354000000000001
12.344100000000001
12.7613
12.938699999999999
12.8023
12.347800000000001
12.676
12.3463
12.2612
12.640600000000001
13.1861
12.789399999999999
12.683200000000001
12.8715
12.2035
12.630199999999999
12.6345
12.369200000000001
12.465399999999999
12.6099
12.2312
12.9985
12.8292
12.1948
12.3665
12.226799999999999
12.615400000000001
12.4651
12.6471
12.3746
12.8389
12.250499999999999
12.210500000000001
13.0545
12.855500000000001
12.7985
12.336400000000001
12.3473
12.6079
12.0661
13.1088
12.354800000000001
12.3159
12.276
12.223899999999999
12.9989
12.9418
12.4088
12.299
12.4041
12.783900000000001
12.1376
12.7966
12.208200000000001
12.3524
12.725999999999999
12.4148
12.397
13.2722
12.6919
12.4495
12.2848
12.3296
12.1449
12.5235
12.7504
12.3197
12.141499999999999
12.4384
12.914399999999999
13.3165
12.1534
12.360100000000001
12.2004
12.4558
12.6158
12.800699999999999
12.4872
12.250399999999999
12.2731
12.779300000000001
12.5243
13.7358
12.2001
12.968
12.2436
12.2804
12.122300000000001
12.6477
12.844
12.5427
12.2925
13.010900000000001
12.7225
13.5487
16.4205
13.1068
12.558200000000001
13.0431
12.2464
12.9315
12.1898
12.3094
12.771899999999999
12.2431
12.3048
12.739
12.3125
12.8976
12.1187
12.2022
12.3135
12.5831
13.2964
12.3477
12.2341
12.396
12.3235
13.369499999999999
12.430800000000001
12.3369
12.213999999999999
12.706900000000001
12.2011
12.5698
12.4268
12.344600000000002
13.0072
12.197700000000001
12.326699999999999
12.8554
12.338
12.217799999999999
12.6958
12.3746
12.309199999999999
12.5573
12.0426
12.766100000000002
12.312
12.2308
12.3838
12.8253
12.857099999999999
12.3246
12.1443
12.1896
12.2548
16.5976
12.5087
12.1558
12.2222
12.410499999999999
12.9561
12.744800000000001
12.3911
12.267999999999999
12.5562
12.6175
12.376399999999999
12.753499999999999
12.254100000000001
12.270100000000001
12.6958
12.3301
12.5324
12.6417
12.7939
12.274500000000002
12.3425
12.0299
12.3187
13.2499
12.7037
12.445400000000001
12.4052
12.5648
13.06
12.6601
12.2287
12.304300000000001
12.492700000000001
12.595699999999999
12.257
12.4755
12.296100000000001
12.0746
12.7631
12.2736
12.4836
12.89
12.3094
13.2171
12.3427
12.1293
12.1974
12.5991
12.7373
12.3199
12.4198
12.187899999999999
12.443100000000001
13.0358
12.3483
12.185599999999999
12.2845
12.247
12.7203
12.577
12.3271
12.2104
12.2004
12.8258
12.7397
12.8323
12.2974
12.2314
13.0273
12.033
12.2384
12.6334
12.4238
12.6783
12.4721
12.4459
12.384300000000001
12.6414
12.8953
12.4493
12.1974
12.309000000000001
12.4346
13.0349
12.444
12.087
12.3084
12.3944
12.9306
12.695599999999999
12.386700000000001
12.461599999999999
12.2884
12.7411
12.5814
12.6381
12.315100000000001
12.174000000000001
12.8611
12.1905
12.4924
12.730699999999999
12.5651
12.552999999999999
13.1671
12.157
14.9166
13.0477
12.452
12.286800000000001
12.1597
12.254
12.4449
12.8446
12.7413
12.4832
12.2378
12.3564
12.0341
13.1015
12.3094
12.346599999999999
12.339400000000001
12.709299999999999
12.9994
12.6777
12.139000000000001
12.3255
12.7261
12.3234
12.1239
12.6425
12.4073
12.8615
12.158499999999998
12.2563
12.357
12.777999999999999
12.584
12.432500000000001
12.2187
12.2184
12.2485
13.1369
12.2728
12.226
12.1323
12.352699999999999
13.0028
12.7341
12.1257
12.5089
12.2168
12.259
12.2685
12.686
12.3165
12.167900000000001
12.1931
12.7971
12.5496
12.8492
12.378200000000001
12.402
12.7647
12.1221
12.290199999999999
12.4935
12.326
12.7595
12.308
12.2782
12.4988
12.77
13.196100000000001
12.309099999999999
12.2809
12.0588
12.3521
12.9346
12.5246
12.1097
12.5093
12.9094
13.154
12.8872
12.034899999999999
12.3785
12.605
12.693
11.9821
12.481900000000001
12.2572
12.108
12.5456
12.221499999999999
12.849
12.5916
12.257499999999999
12.716999999999999
12.2644
12.0795
12.211400000000001
13.5246
12.3297
12.234399999999999
12.2307
12.273900000000001
12.3094
13.0451
12.3354
12.2881
12.276
12.137500000000001
12.831
12.566799999999999
12.2729
12.043899999999999
12.256599999999999
12.6807
12.386899999999999
12.733400000000001
12.182699999999999
12.4565
12.958
12.0816
12.1412
12.5219
12.5092
12.691799999999999
12.283999999999999
12.1591
12.7906
12.6411
12.7798
12.2702
12.1995
12.253200000000001
12.6208
13.3072
12.2022
12.324200000000001
12.317699999999999
12.2911
12.5342
13.0285
12.3297
12.2762
12.226600000000001
11.972399999999999
12.3646
13.089500000000001
12.3159
12.114099999999999
13.2017
12.3481
12.8782
12.6187
12.1735
12.3098
12.2769
12.4989
12.5099
12.657699999999998
12.6265
12.4514
14.2927
13.5295
12.394
12.9382
12.318900000000001
12.7724
12.262699999999999
12.1534
12.0798
12.5459
12.410900000000002
12.1925
12.554499999999999
12.152
12.9126
12.7893
12.0848
12.767000000000001
12.1837
13.0254
12.1289
12.5553
12.257499999999999
12.780100000000001
12.1013
12.215300000000001
12.347900000000001
12.7612
12.6263
12.3644
12.309199999999999
11.992700000000001
12.2495
12.988100000000001
12.2648
12.036399999999999
12.2539
12.575899999999999
12.8541
12.7289
12.1826
12.2842
12.4565
12.0635
12.142
12.7443
12.5176
12.3073
12.285
12.2014
12.438899999999999
12.4909
12.8676
12.4467
12.393899999999999
12.0656
12.1457
12.9411
12.2873
12.1083
12.1459
12.1887
13.7714
12.6376
12.2608
12.1642
12.3395
12.620299999999999
12.149999999999999
12.841899999999999
12.4978
12.0716
12.6281
12.1904
12.2732
12.538799999999998
12.2172
12.793199999999999
12.435699999999999
12.0789
12.888399999999999
12.7147
12.7988
11.9819
12.2119
12.1192
12.5176
12.4546
12.7994
12.298
12.1887
12.001100000000001
12.072
12.9226
12.3009
12.127
12.170300000000001
13.5918
12.376
12.6044
12.3231
12.2244
12.657
12.0544
12.2457
12.4341
12.2856
12.133
12.671399999999998
12.2132
12.2588
12.8888
12.1358
12.701600000000001
12.0731
12.2932
12.1032
12.5167
12.6899
12.3923
12.3465
12.1044
12.501
13.276
12.3888
12.1342
12.0576
12.3947
12.6266
12.4436
12.0299
12.5977
12.161
16.9779
12.4039
12.6035
12.2546
12.6938
12.2107
12.127600000000001
12.2644
12.908299999999999
12.6911
12.258899999999999
12.1536
12.1805
12.4099
12.9969
12.2562
12.3319
12.7268
12.0998
12.7935
12.577100000000002
12.2155
12.0894
12.1369
12.6437
12.4528
12.974
12.605500000000001
14.8651
13.0101
12.054499999999999
12.2973
12.5225
12.6975
12.1183
12.2924
12.227
12.3797
13.022499999999999
12.166
13.146899999999999
12.2264
11.9335
12.9336
13.520900000000001
12.218
12.0694
12.6601
12.1963
12.2799
12.6583
12.4
12.6473
12.075000000000001
12.0422
12.182500000000001
12.4348
12.0912
12.6319
12.192
12.2583
12.5152
12.9597
12.2122
12.2031
12.2041
11.8955
12.5774
12.6372
12.5072
12.1592
12.0961
12.5548
12.2223
12.6463
12.092600000000001
12.3312
12.4911
12.181000000000001
12.0738
12.864799999999999
12.1957
12.6356
12.1636
12.2056
12.188600000000001
12.694600000000001
12.6526
12.1138
12.0105
12.1798
12.1619
12.351600000000001
12.6636
12.239099999999999
12.1889
12.295800000000002
12.0985
13.8431
12.1773
12.2103
12.1839
12.6163
12.166400000000001
12.405299999999999
12.1744
12.3181
12.933
12.092699999999999
12.9238
13.0679
12.546800000000001
12.6326
11.9359
12.3015
12.1925
12.4402
12.0815
12.651900000000001
12.1718
11.992799999999999
12.426
12.594899999999999
12.6415
12.042
12.732999999999999
12.2438
12.1198
12.7962
12.349300000000001
12.197799999999999
12.2469
12.4068
12.4001
12.8839
12.1799
12.1853
12.1319
12.6151
12.260399999999999
12.4507
12.2246
12.2989
12.6737
12.0179
12.3708
12.6043
12.2145
12.4997
12.5153
12.3819
12.1972
12.7504
12.2742
12.276
12.0001
12.151
12.764100000000001
12.8276
12.1607
12.795499999999999
12.768
12.1013
12.1715
12.4659
12.2757
12.158900000000001
12.7036
12.2764
12.367899999999999
12.829
11.9858
12.2312
12.6729
12.1966
12.1137
12.545499999999999
12.2346
12.6886
12.1714
12.550199999999998
12.4925
12.7375
12.6803
12.1577
12.2398
12.2033
12.1331
13.0339
14.6061
12.9242
12.6319
12.0773
12.7765
12.7587
12.1946
12.0023
12.1937
12.5849
12.0426
12.6727
12.3606
12.7236
11.9883
12.186
13.3971
12.6825
12.001299999999999
13.0497
12.2934
12.134300000000001
12.2345
13.040899999999999
12.2709
12.1914
12.0985
12.373099999999999
12.9298
12.7443
11.9924
12.4645
12.6147
12.2122
11.940900000000001
12.5935
12.3526
12.6837
12.0602
12.109200000000001
12.4622
12.9946
12.08
12.1502
12.6117
12.1709
12.5025
12.591700000000001
12.1881
12.3547
12.0593
12.3196
12.8522
12.7134
12.1187
12.236199999999998
12.6639
12.1788
12.0698
12.4817
12.365900000000002
12.725999999999999
12.0451
12.1172
12.3723
12.630600000000001
12.669400000000001
12.2486
12.319
12.087499999999999
12.203999999999999
13.5427
12.2149
12.3673
12.250300000000001
12.2825
12.8744
13.0634
12.0722
12.3121
12.9174
11.997499999999999
12.788499999999999
12.593
12.4701
12.6327
11.9884
12.6554
12.3608
12.6129
12.104999999999999
12.184199999999999
12.728200000000001
12.0722
12.251
12.4991
13.500399999999999
12.0189
12.2577
12.226600000000001
12.436900000000001
13.124600000000001
12.259300000000001
12.422799999999999
12.1876
12.004900000000001
12.0694
12.8772
12.1685
12.291599999999999
12.127799999999999
12.1847
12.9109
12.5399
12.2246
12.100200000000001
12.1744
12.5819
12.405100000000001
12.420499999999999
12.1731
12.315700000000001
12.557799999999999
12.5862
15.2575
12.4549
12.4426
12.669
12.181799999999999
12.1204
12.1698
12.470500000000001
12.9138
12.0677
12.3761
12.1976
12.818
12.6769
12.1371
12.2724
12.190100000000001
12.4392
12.2269
12.5854
12.193000000000001
12.023000000000001
12.5659
12.2349
12.3158
12.5308
12.2196
12.2547
13.0823
12.1461
12.1417
12.4896
12.761899999999999
12.07
12.1067
12.4831
12.2397
14.8148
13.4086
12.2726
12.424299999999999
12.1667
14.665299999999998
16.5648
12.2939
12.1431
12.0437
12.6507
12.383099999999999
12.8439
11.9636
12.9427
12.6818
12.1914
12.0504
12.5703
12.2937
12.5152
12.173
12.4584
12.360100000000001
12.622100000000001
12.4902
12.2217
12.194099999999999
12.1125
12.002699999999999
13.1044
12.3558
12.2293
12.0465
12.6013
12.278300000000002
12.8142
12.0322
12.3723
12.6463
12.4632
12.0063
12.38
12.1499
12.6823
12.055200000000001
12.0708
12.581999999999999
12.5456
12.7884
12.783299999999999
12.180299999999999
12.077900000000001
12.0877
12.968300000000001
12.3135
12.0573
12.0854
12.326600000000001
12.9462
12.5173
12.230599999999999
12.280299999999999
12.8847
11.9017
12.133
12.507000000000001
12.3595
11.9504
12.1234
12.2225
14.1966
13.3599
12.2685
12.1732
12.0427
12.149099999999999
12.807
12.477500000000001
12.6247
11.992600000000001
12.6738
12.9041
12.4953
12.6449
12.1268
12.2674
12.6182
12.112400000000001
12.0411
12.4442
12.1441
12.4679
12.091
12.1871
12.274000000000001
13.118400000000001
12.6121
12.0962
12.172699999999999
11.9991
12.11
12.899799999999999
12.046100000000001
12.141
12.357099999999999
12.0381
12.57
12.642199999999999
12.1469
12.248
11.8941
12.5459
12.3348
12.4442
11.8937
12.184099999999999
12.5494
12.1121
12.1773
12.8964
12.671899999999999
12.2081
12.0146
12.1414
12.1573
12.1805
12.5828
12.1933
12.3251
11.8838
12.907200000000001
13.0243
12.240300000000001
11.9996
12.0687
12.0941
12.7027
12.4915
12.043899999999999
12.155199999999999
12.1613
12.4273
12.220099999999999
12.589599999999999
12.1485
12.1521
12.649000000000001
12.033900000000001
11.957699999999999
12.5651
12.1799
13.0008
12.881
12.1935
12.229800000000001
12.6518
12.6525
11.9795
12.0314
12.0697
14.349300000000001
12.814499999999999
12.484200000000001
12.454099999999999
12.349300000000001
11.996500000000001
12.759599999999999
12.644499999999999
12.072799999999999
12.134
12.135399999999999
12.6068
11.9961
12.2726
12.3409
13.118400000000001
11.9755
12.5048
12.377600000000001
12.6277
12.1207
12.0694
12.649600000000001
12.314200000000001
11.9522
12.4047
12.4612
12.2457
12.120000000000001
12.1198
12.2857
12.5776
12.5413
12.1138
12.3269
12.076
12.047199999999998
12.8591
12.1252
12.0852
11.9145
12.380600000000001
12.767000000000001
12.7038
11.9904
12.1772
12.1071
12.4359
12.0375
12.482800000000001
12.1999
13.4474
13.0652
12.0271
12.412899999999999
12.547600000000001
12.190100000000001
11.9786
12.1356
12.4717
12.1274
12.8465
12.0569
12.027700000000001
12.192599999999999
12.218
12.2059
13.0983
12.4773
12.1171
12.0368
12.0048
12.8713
12.803099999999999
12.3176
11.8956
12.3827
12.3559
12.5852
12.469600000000002
12.476299999999998
12.635499999999999
12.066500000000001
12.864600000000001
12.2888
12.612699999999998
12.058
12.1928
12.0449
12.5562
12.217799999999999
12.712
12.3414
12.034400000000002
12.4371
12.1796
13.0884
12.410400000000001
12.1459
12.653599999999999
12.2759
12.161
12.0645
12.818200000000001
12.4601
12.1838
11.9985
12.132900000000001
12.1455
13.0839
12.1073
12.3079
12.1999
11.886000000000001
12.7803
12.6436
12.4397
12.0352
12.1593
12.5913
12.1672
12.488199999999999
12.2622
12.2709
12.0448
12.1264
12.817
12.729000000000001
12.0436
11.997300000000001
12.400400000000001
14.813
13.448
12.532
12.0177
12.2576
12.5055
12.0933
12.2674
12.7111
12.312899999999999
12.5092
12.212499999999999
12.1181
12.1502
12.3027
12.052
12.666
12.1443
12.0456
12.5579
12.5647
12.613
12.149000000000001
12.6613
12.0777
12.2784
12.4012
12.3574
12.3413
12.345099999999999
12.2506
14.331999999999999
12.9976
13.1694
12.121500000000001
12.7059
12.1158
12.1574
12.7015
12.2713
12.1175
12.153
12.0612
12.9284
12.829500000000001
12.1051
13.026
12.2204
12.6247
12.133899999999999
12.1983
12.165199999999999
12.348700000000001
12.5801
11.9841
12.221400000000001
12.6698
12.1619
12.4421
12.1872
12.1813
11.9669
12.5678
12.6442
12.0721
11.9604
12.3173
12.4486
12.7671
12.4292
12.180299999999999
12.5365
12.1321
11.8589
12.4101
12.147
12.2758
12.0432
12.600399999999999
12.355599999999999
12.7336
11.9221
12.7685
12.6351
12.048100000000002
12.1929
12.340800000000002
12.1308
12.475
12.2221
12.0441
12.2827
12.4802
12.972
12.1166
12.02
12.0321
12.168800000000001
12.9145
12.0251
11.9883
12.076500000000001
12.2773
12.2193
13.2764
12.1554
12.0946
12.049199999999999
11.9689
12.5627
12.5259
12.235299999999999
12.2829
12.4175
12.9163
12.1507
13.0241
12.2172
12.7261
11.8645
12.1386
12.07
12.3985
12.390500000000001
12.1317
12.021
12.8453
12.1227
13.0837
12.2477
12.0462
11.9422
12.1282
12.6099
12.2887
12.2307
12.1389
12.1083
11.8292
12.6649
12.727799999999998
12.162299999999998
11.9583
12.1549
12.6243
12.1104
12.212499999999999
11.9956
12.161399999999999
12.5577
12.0206
12.2979
12.789200000000001
12.1487
12.349300000000001
12.011600000000001
12.101799999999999
11.9054
12.4892
12.3673
12.3418
11.9423
12.4681
12.648299999999999
12.4847
12.344100000000001
12.1081
12.057500000000001
12.1158
11.8961
12.3642
12.046899999999999
11.8307
12.255500000000001
12.470500000000001
12.2824
12.548200000000001
11.9911
12.077900000000001
12.547
11.9995
11.9754
12.4115
11.9991
12.3832
12.977300000000001
12.143899999999999
12.2187
12.430800000000001
12.6049
11.9854
12.0295
12.2943
13.474
14.0521
12.187399999999998
12.2255
12.307500000000001
12.4245
12.212499999999999
13.041799999999999
12.3056
12.229099999999999
12.087499999999999
11.8363
12.4506
12.3906
12.975499999999998
12.0459
12.2453
12.496
12.0808
12.425699999999999
12.1105
12.1209
12.3689
12.061300000000001
12.093
12.453000000000001
12.4435
11.9987
12.058
12.162700000000001
12.1351
12.4198
12.4995
12.152
12.1347
12.128
11.9461
12.5852
12.0525
12.2509
11.9658
11.9976
12.400599999999999
12.5678
11.9932
11.9448
12.5391
12.0564
11.7839
12.3196
12.6592
12.6076
11.9248
11.923599999999999
12.2323
12.5486
12.3721
11.9995
12.1947
12.2322
11.886600000000001
12.3021
12.7834
11.8346
12.0768
12.0187
12.546399999999998
12.5467
11.9659
12.149999999999999
12.0418
12.1465
12.1219
12.292000000000002
12.455
12.1689
11.9824
12.4811
12.393899999999999
12.4164
11.989700000000001
12.279200000000001
12.4901
12.2936
12.315299999999999
12.59
12.2588
12.652
12.2907
12.0297
12.2384
12.4627
12.6721
12.026
11.9119
12.042900000000001
12.4022
12.8545
11.8578
12.094000000000001
12.1011
11.8585
12.6762
12.617899999999999
12.0222
11.9093
12.1206
12.496
12.1432
12.1732
12.0436
12.510399999999999
12.177900000000001
11.744900000000001
12.1952
12.6569
12.6201
11.9468
12.0862
11.967699999999999
11.8415
12.2347
12.6394
12.2101
11.8707
12.1145
12.23
13
12.270700000000001
12.0952
11.911
12.1319
16.305699999999998
12.520399999999999
12.0308
11.9533
11.8399
12.4334
12.1859
12.4284
11.8659
12.2477
12.633000000000001
11.9074
11.8983
12.297799999999999
12.039
11.780000000000001
12.4408
12.0861
12.4394
12.405100000000001
11.9673
12.5535
12.0466
11.877699999999999
12.3306
12.9166
12.076
12.0323
12.1331
12.0354
11.936399999999999
12.852300000000001
13.7646
12.255500000000001
11.994299999999999
12.447700000000001
12.6573
12.6957
12.0152
11.939
12.0044
12.5987
12.0544
12.7215
11.9826
12.577
12.347999999999999
12.014000000000001
11.9168
12.3316
11.9516
12.606900000000001
12.020100000000001
11.8919
12.3868
12.7522
12.201699999999999
12.133
12.0001
12.0172
12.176499999999999
12.584100000000001
12.2036
11.9884
12.0597
11.8807
12.6371
12.502799999999999
12.2957
11.8039
12.0352
12.5761
11.8575
12.2325
12.2051
12.066199999999998
12.364
12.0383
12.3111
12.513200000000001
11.8087
12.770999999999999
12.132499999999999
12.0259
11.7618
12.5448
12.4638
11.9124
11.931799999999999
12.0045
12.346400000000001
12.850800000000001
12.008
12.1119
12.0151
11.844199999999999
12.100700000000002
12.6151
11.8271
12.0782
11.9963
11.892
12.6863
12.4931
12.0334
11.9043
11.9353
12.3972
12.039299999999999
12.3789
12.4549
11.9611
12.2408
11.7971
12.2307
13.0836
12.3906
12.133
12.436
12.2977
11.924199999999999
12.569500000000001
12.0611
12.0572
11.915500000000002
11.927399999999999
12.5851
13.7079
12.0285
11.7651
11.9969
12.3232
11.8111
12.193000000000001
11.9901
12.1512
12.2406
11.9064
12.249899999999998
12.519300000000001
11.8516
11.9632
12.5583
11.853499999999999
11.9542
12.2431
12.3461
11.759500000000001
11.9908
11.9385
12.142999999999999
12.7527
12.5042
11.992600000000001
11.7277
12.071200000000001
12.367700000000001
12.350399999999999
11.8019
12.002600000000001
12.050999999999998
12.4323
11.995199999999999
12.6901
12.3629
12.1134
12.245000000000001
12.0008
11.8605
12.241
11.9895
12.003
11.860000000000001
11.9463
12.133
12.956999999999999
11.998
11.955300000000001
11.9329
11.9427
11.6782
12.7488
13.474699999999999
12.137699999999999
11.8224
11.8605
12.7126
12.4614
11.960500000000001
12.2439
12.650099999999998
11.930200000000001
11.691699999999999
12.257
12.6149
12.246699999999999
13.6555
12.1938
12.8995
12.7956
12.141300000000001
12.0794
12.1409
11.937100000000001
11.7761
12.144200000000001
12.4132
11.8103
12.0394
12.455499999999999
12.3073
12.762300000000002
11.9277
11.901200000000001
11.9484
11.7917
12.485299999999999
12.1471
11.877
12.0558
11.9362
11.8307
12.4826
12.5027
11.9784
11.997300000000001
12.3646
12.241200000000001
11.851
12.1043
12.205
12.4442
11.8868
11.798
12.3667
12.6348
12.020299999999999
11.9342
11.9642
12.034400000000002
11.699
12.7163
12.1047
11.9404
11.9232
12.6059
12.5433
12.501999999999999
11.8105
11.8899
11.9672
12.3638
11.811
12.3481
12.1554
11.9161
12.5517
11.832199999999998
12.1184
12.322700000000001
11.9698
12.0333
11.935599999999999
12.1959
11.9422
12.2894
11.7943
11.8921
12.411399999999999
11.881499999999999
12.122300000000001
13.1264
12.0237
12.5457
11.8063
11.8568
12.1624
12.1298
12.5693
11.990300000000001
12.1323
11.907499999999999
12.6826
13.02
12.0559
11.8643
12.1629
11.9437
11.848600000000001
12.552000000000001
11.9421
13.1143
11.8612
12.4157
12.1184
12.533199999999999
11.8027
12.021
12.4376
11.8219
12.0988
12.167499999999999
11.9924
12.5624
11.8895
11.8902
12.1855
12.3078
12.4405
11.952300000000001
11.9864
11.854099999999999
12.1332
12.661999999999999
11.9993
11.714
11.983
12.1492
12.0544
12.4836
12.0588
12.294599999999999
12.2968
11.9494
11.8352
12.2746
12.2193
12.0899
12.617099999999999
11.8755
12.089
12.8805
11.901
11.878599999999999
11.9619
11.9338
11.827
12.7642
11.9603
12.002799999999999
11.7407
11.991999999999999
12.4834
12.471
11.750200000000001
12.1436
12.154399999999999
12.4303
11.8016
12.3737
12.092
12.0214
12.2372
11.8977
12.8251
12.5536
12.0088
12.42
12.1579
11.713700000000001
13.4883
14.0506
12.0495
12.839400000000001
11.7594
12.2383
13.0865
12.607800000000001
11.9907
11.9902
12.6463
11.7321
12.0462
13.3294
11.9707
11.767700000000001
12.3581
12.2417
12.296100000000001
12.3685
12.4837
11.9072
12.0711
11.8341
11.991399999999999
12.185400000000001
12.2502
12.142800000000001
11.9954
11.8507
12.0597
13.0241
12.027899999999999
11.9169
11.8668
12.250399999999999
12.3296
12.084299999999999
11.8598
12.2348
12.0077
11.9848
12.306299999999998
12.475399999999999
12.116
12.0618
11.884
12.423200000000001
11.7584
12.312899999999999
12.119
12.1293
12.361199999999998
12.014800000000001
12.045399999999999
12.459200000000001
11.8207
12.4464
11.860199999999999
12.1891
11.9038
12.196
12.383099999999999
11.7881
11.827
11.918099999999999
12.1697
12.7201
11.9645
12.0366
11.769699999999998
12.0561
12.1881
12.3269
11.8555
11.9908
12.9557
12.522
11.946200000000001
12.371500000000001
12.1414
11.9547
12.2226
11.8084
12.179300000000001
12.1651
12.3425
12.6433
12.5428
11.8688
12.175500000000001
12.4537
11.9016
12.361600000000001
12.1682
12.9084
11.8961
12.072700000000001
12.446499999999999
11.994299999999999
11.736
11.902899999999999
12.2965
12.8129
11.8119
11.9817
11.996500000000001
11.8504
12.266300000000001
12.2482
12.0025
11.989700000000001
12.3024
11.9139
12.1459
12.2851
11.9848
11.8523
12.386
11.932699999999999
12.1571
12.1382
11.8995
12.4799
11.953800000000001
11.8459
11.981800000000002
12.551599999999999
12.5013
11.9005
12.1087
11.8462
12.4941
12.699300000000001
11.7875
11.9913
11.9543
11.765899999999998
12.505600000000001
12.5908
12.057
11.8122
11.8473
12.3964
11.973799999999999
12.2098
11.8621
11.9604
12.2715
11.9191
12.0054
12.4704
11.799900000000001
12.6841
11.9035
11.9081
11.7727
12.3536
11.8297
12.275599999999999
12.340800000000002
11.9823
12.8062
12.3225
12.319999999999999
14.295
12.0643
12.765
12.061499999999999
12.4679
12.555200000000001
12.4259
12.094199999999999
11.9819
12.218
12.422799999999999
11.8706
13.0931
12.1096
11.767
11.8072
12.2824
12.4094
11.801499999999999
11.870099999999999
12.0383
12.1406
12.949
11.9391
11.958699999999999
11.7772
11.8361
12.3671
12.2998
11.7955
12.093100000000002
12.371500000000001
11.6794
12.161399999999999
12.4173
11.960099999999999
11.719
12.3817
12.3278
11.82
12.1084
11.983600000000001
12.375499999999999
11.7927
11.8627
12.149999999999999
12.3584
12.0595
12.826799999999999
12.992099999999999
12.3261
11.7919
12.808399999999999
11.891399999999999
12.0295
12.0772
11.9259
12.040500000000002
12.831
11.9795
11.970099999999999
11.862599999999999
12.1463
11.8925
12.8814
12.0734
11.8221
12.0158
12.2455
11.8979
12.4551
12.4727
12.3604
12.272
11.9314
11.9319
13.193
11.8422
12.5906
12.163200000000002
12.0434
12.012699999999999
12.3529
12.522200000000002
11.976600000000001
12.094199999999999
12.2422
12.3433
12.5764
12.444099999999999
12.0152
11.9001
11.930100000000001
12.5929
13.3846
11.8933
11.871
12.087
12.400400000000001
12.0484
12.004199999999999
12.042900000000001
12.0471
11.9357
12.1667
12.369200000000001
12.544
11.8282
11.8707
12.482999999999999
12.0716
11.8108
12.2227
11.9531
12.424
12.0886
11.7912
12.1425
12.322700000000001
12.55
11.8674
11.9592
11.938799999999999
11.9098
12.1195
11.745999999999999
12.427499999999998
12.0892
11.8688
12.1458
12.4052
12.6098
12.0977
11.787199999999999
12.0105
11.8242
12.5423
12.0008
11.9918
12.0031
12.2887
12.066
12.5599
11.9268
11.8498
11.869
12.505199999999999
11.7022
12.401499999999999
11.9273
12.3371
11.726500000000001
11.952
12.1176
12.4975
11.719
12.661800000000001
11.8782
11.8073
12.783900000000001
12.7021
12.265500000000001
11.7302
12.884599999999999
14.0844
12.5906
12.463999999999999
11.9176
12.2475
12.7043
12.390500000000001
11.895299999999999
12.7559
12.1336
12.278
11.8861
12.5133
12.2491
12.2007
12.4334
12.0018
12.2687
11.6975
11.9527
12.7737
11.847
11.9483
11.8555
11.9342
12.6146
12.8836
11.9685
11.8711
11.909899999999999
12.4732
11.9438
12.2079
12.0132
12.172799999999999
12.5527
11.725
12.130500000000001
12.6641
12.0024
11.7384
11.964799999999999
12.127799999999999
13.043199999999999
12.3687
12.1006
12.0337
11.834000000000001
11.863
12.821900000000001
12.725
11.9602
12.0008
11.8863
12.583300000000001
11.7826
12.286
11.8957
12.0208
12.4773
12.3058
12.2622
13.2817
12.5289
12.682
12.7326
12.4759
12.732099999999999
12.7668
12.9511
12.695400000000001
12.1821
12.8994
12.2887
13.2553
12.424100000000001
12.7501
13.2448
12.658100000000001
13.0305
12.9417
12.3292
12.776
12.702
13.2446
13.0542
13.2794
13.0952
12.1093
12.3377
12.1165
12.4748
13.4436
12.6205
12.8563
12.5914
12.4642
14.315100000000001
13.4491
12.8415
12.8492
12.5098
12.5274
12.7586
12.59
12.5986
12.258700000000001
13.6724
13.1763
12.501
13.028
12.4856
12.7814
12.900699999999999
12.5631
12.7539
12.7409
12.8204
12.8127
12.1957
12.2323
12.2912
13.0712
12.6348
12.621500000000001
12.8552
12.3125
12.786999999999999
13.0089
12.8932
12.6725
12.402399999999998
12.815399999999999
12.810699999999999
13.3168
12.1998
11.7424
11.9148
11.9866
12.2474
12.2833
12.0885
11.967699999999999
11.813799999999999
12.279
13.137599999999999
12.881699999999999
12.640500000000001
12.8478
12.6374
13.1029
12.1995
13.1577
12.7813
12.5454
14.1931
12.5772
13.097
13.2262
12.0684
14.0382
12.112400000000001
11.9331
12.1508
12.0758
12.7095
12.5398
12.2118
11.7042
14.549
14.5449
14.4247
12.0282
12.0486
11.7044
14.4385
13.4413
13.0102
19.8756
24.0386
13.014
19.0892
17.7091
13.001900000000001
12.626
12.6442
12.763200000000001
12.6497
13.655199999999999
14.422
13.737400000000001
12.8961
14.2495
14.918199999999999
13.2598
13.0863
13.3575
14.455
13.7614
13.746599999999999
13.655199999999999
13.061
13.038499999999999
12.4639
12.661900000000001
12.6418
13.2088
13.5729
13.4431
13.0481
13.062000000000001
13.0473
13.4319
13.2252
12.7096
13.5075
12.5844
12.9876
13.971
13.7229
13.0046
12.9105
13.0636
13.8225
13.9376
12.7294
12.376800000000001
13.2987
13.2784
14.222999999999999
14.1047
13.0289
13.462399999999999
12.953199999999999
13.031600000000001
13.3889
13.093
13.677399999999999
13.1805
14.3729
13.3779
13.872
12.9814
13.2082
13.132
13.6105
13.5952
13.602599999999999
13.6896
13.0451
13.1868
14.1404
12.5557
15.2446
15.0535
14.609399999999999
15.0955
14.6231
13.9228
12.2926
13.190800000000001
13.0533
12.978
12.2562
12.2738
13.601099999999999
13.407499999999999
12.9922
12.5286
13.5375
13.587399999999999
13.5304
13.457
12.681700000000001
12.6248
12.4246
12.8915
12.8155
13.2473
12.5176
13.023399999999999
12.4023
12.425
12.2251
13.0605
13.299
12.2771
12.815
12.6153
13.0307
12.6785
12.7349
12.7397
13.101099999999999
12.7073
12.4892
12.9695
13.087299999999999
12.7595
12.9277
12.416699999999999
13.23
13.4708
12.3269
13.3521
13.2253
12.5409
12.589599999999999
12.8251
13.110899999999999
14.579500000000001
12.5684
12.4914
13.183
13.3028
12.5694
12.7438
12.5021
13.0815
12.6529
13.130700000000001
12.3582
13.2187
12.403300000000002
12.2919
12.4551
12.8121
12.8771
12.262500000000001
12.601799999999999
12.9413
12.679599999999999
13.5022
13.071
12.5857
12.9686
12.5245
13.287099999999999
17.934700000000003
15.8786
15.406400000000001
14.3061
15.4219
14.719299999999999
13.980400000000001
30.1282
13.2461
13.4691
12.4031
12.7696
13.794
16.9756
17.0146
13.2975
13.2233
15.997999999999998
17.0648
14.9429
15.5669
14.561599999999999
135.9214
117.5055
68.38850000000001
96.7717
99.7073
59.1107
26.2379
39.8018
62.82260000000001
38.9377
29.8924
19.4791
16.5048
14.9873
15.342099999999999
14.8316
14.8101
13.587
12.286399999999999
13.2035
13.2592
12.8065
11.8923
12.474499999999999
12.806899999999999
12.8188
13.4177
11.8741
14.2584
13.2878
12.6912
12.3074
13.0343
13.2056
13.017900000000001
12.5
12.5855
12.936100000000001
12.5701
12.096400000000001
15.005799999999999
13.3529
12.643400000000002
12.1274
12.6897
12.381599999999999
12.1602
14.300699999999999
15.6968
23.3189
16.1939
13.1586
12.5069
14.107099999999999
17.526
14.844700000000001
13.7592
12.757900000000001
17.0801
12.6831
13.140799999999999
13.467099999999999
12.4428
14.5713
12.6835
12.944199999999999
12.0394
11.645100000000001
15.2306
25.3265
13.549900000000001
12.4947
15.679599999999999
16.9347
14.6706
14.363199999999999
14.2558
13.4787
13.7212
14.48
13.986699999999999
13.0221
12.965000000000002
12.2983
12.720699999999999
12.2363
13.596499999999999
12.273299999999999
12.6187
13.6462
14.4233
12.9701
13.0267
12.4251
12.7888
18.8675
14.8235
12.934299999999999
13.6034
13.7722
16.5471
17.5272
13.1713
12.3467
12.638
12.338999999999999
11.7714
12.5532
12.2013
12.557799999999999
12.1855
12.160300000000001
12.1905
12.1959
11.6599
12.547799999999999
13.0737
15.1202
14.3117
14.050699999999999
14.1562
13.8255
14.2067
13.6815
14.6848
12.5374
14.297799999999999
13.424
14.796800000000001
13.482
13.925
12.8995
13.407399999999999
14.0368
14.4651
13.8707
12.998600000000001
13.9198
14.6555
14.1524
13.7088
13.1865
13.7898
12.7939
13.9209
13.8383
14.2572
13.504900000000001
13.7745
13.451400000000001
12.4985
12.2231
13.4061
12.155199999999999
12.1082
12.290799999999999
12.2012
11.8391
13.2791
12.38
12.4131
11.9031
12.0075
12.6725
15.5222
11.7844
12.3596
12.1475
12.505
12.1877
12.819
12.430800000000001
12.6487
11.828
11.9707
12.299199999999999
12.706999999999999
12.176599999999999
12.0908
12.452599999999999
11.8811
12.382000000000001
12.5107
12.8188
12.055700000000002
12.078999999999999
11.9651
12.2473
12.830599999999999
12.268899999999999
12.1484
12.0213
11.7682
12.7233
15.322199999999999
23.1814
15.9329
16.641
15.1642
15.913299999999998
15.363800000000001
16.282999999999998
15.889000000000001
15.964599999999999
14.9193
18.0772
18.0105
21.1954
21.6557
20.2588
19.0183
26.5039
15.2839
19.8523
20.912799999999997
22.833699999999997
14.4753
14.950899999999999
16.0976
17.0273
13.8519
14.0627
12.7243
12.001
13.246300000000002
13.2336
13.873399999999998
12.3704
12.1509
12.6975
13.4642
12.396700000000001
12.3323
12.6763
12.322700000000001
12.2842
12.8428
12.3974
12.1991
12.2289
12.063600000000001
13.030800000000001
13.0106
12.191199999999998
12.122499999999999
12.2813
13.3405
12.0088
11.9916
11.994
12.172699999999999
11.8132
12.0759
12.1313
12.4831
11.8949
11.8899
12.754100000000001
12.607999999999999
11.771099999999999
13.0665
13.122399999999999
12.1606
12.7125
12.6338
12.355500000000001
12.534699999999999
12.144200000000001
12.6463
12.7523
12.5969
11.8658
13.1003
11.9594
12.753499999999999
11.7843
12.671999999999999
13.6948
13.004399999999999
11.716000000000001
12.057699999999999
12.0625
12.1511
11.8178
14.0631
13.2845
12.0658
11.9334
11.8443
12.2591
12.661800000000001
12.0115
11.8697
11.9432
14.2279
13.097299999999999
13.682599999999999
13.2514
13.5446
13.2376
12.474
13.305900000000001
13.7971
13.1223
13.0916
12.296700000000001
13.247
12.7187
12.3948
11.7622
12.6478
12.4161
12.120199999999999
11.850100000000001
12.5351
13.362300000000001
12.3515
11.9684
11.9454
11.842500000000001
12.229500000000002
12.1095
11.970400000000001
12.0033
12.058599999999998
12.3085
12.6003
11.858
11.8069
11.9122
12.1011
11.6458
12.5042
11.9459
12.0069
11.666599999999999
12.1096
12.7116
13.3738
12.5712
13.9391
13.7507
13.1641
14.0592
14.2819
13.1746
13.331000000000001
15.329
13.5367
13.6617
13.5044
13.538400000000001
12.9169
12.7285
13.0201
12.3395
12.5874
12.626800000000001
13.038599999999999
11.8585
12.4245
12.3524
12.4619
12.7745
12.066600000000001
12.4951
12.6824
12.406199999999998
13.4704
13.2377
15.157
15.507
13.9266
14.2134
14.6818
13.995199999999999
13.819899999999999
13.9781
14.1563
14.1271
12.7013
14.4643
14.927
14.4391
13.469
14.2622
14.6596
12.6432
14.0836
14.8179
14.1989
15.858400000000001
14.9163
16.0256
15.7928
14.5122
15.5695
15.0813
15.913900000000002
18.4554
15.2166
15.1447
14.5007
15.082099999999999
15.2574
14.1829
13.6018
11.8778
12.7867
13.4053
15.312
13.116100000000001
12.9833
12.1877
12.3857
11.9152
11.943999999999999
11.9072
11.941500000000001
12.3501
12.331399999999999
12.4335
12.7302
12.8089
12.721100000000002
12.4551
12.3323
15.1973
16.1827
13.4741
14.6752
14.3809
15.339
15.038599999999999
14.8019
14.099499999999999
14.490499999999999
13.062000000000001
13.723799999999999
14.1411
14.3376
13.9907
14.0352
14.78
13.421100000000001
14.405100000000001
15.408399999999999
13.450099999999999
12.5283
12.0433
11.8555
12.7464
12.1695
11.7467
11.8956
12.4614
11.8219
11.9734
12.3871
11.9313
11.985600000000002
12.4301
11.851
11.9492
11.9438
12.4925
11.837399999999999
11.9125
11.8636
12.082799999999999
12.3033
12.334100000000001
11.7666
11.9091
11.7903
11.8963
12.6833
12.6988
13.035400000000001
13.3399
13.6173
13.0548
13.9949
13.378900000000002
13.1713
13.663
13.7917
14.0269
14
14.2932
12.8993
13.1301
13.5046
13.6869
13.7273
11.778
14.6437
13.8674
13.0453
12.301
12.1302
12.2236
14.515
12.1581
12.443100000000001
12.1481
13.0767
12.0213
12.972100000000001
12.9619
13.1491
13.3409
13.1739
12.415600000000001
13.145999999999999
12.4708
13.1924
13.08
12.8888
13.072099999999999
12.6437
12.4098
11.6203
11.9293
12.321800000000001
12.3685
11.7768
11.94
11.8788
12.113999999999999
12.7898
11.8429
17.3157
25.9997
15.938600000000001
14.464599999999999
18.0276
25.2404
20.9234
22.900299999999998
21.433600000000002
15.8725
14.889299999999999
16.834
17.241300000000003
15.443399999999999
14.4755
13.6403
14.9991
13.3392
12.9863
13.270199999999999
13.434099999999999
14.140099999999999
12.947999999999999
12.972199999999999
12.743
13.078
12.5764
11.832
12.6226
13.008199999999999
11.769699999999998
13.504900000000001
12.7339
13.0526
13.6847
12.670499999999999
12.886
12.005500000000001
11.9295
11.6957
12.0621
12.6659
11.9243
11.7593
12.9184
12.599
13.3125
11.8396
12.312800000000001
12.136299999999999
12.0323
12.361699999999999
12.1796
12.177900000000001
11.741700000000002
12.0086
12.3454
12.3006
12.2393
11.8651
11.9821
11.759
12.149999999999999
11.8596
12.1624
11.6314
12.2728
12.3233
12.1136
11.8107
12.6446
15.3495
11.9716
11.8027
12.4012
12.945699999999999
12.6437
12.4996
12.5114
12.3993
14.5487
12.5007
12.9678
12.4423
12.7136
12.6216
11.9954
12.7407
12.3927
12.392800000000001
11.910300000000001
11.799900000000001
12.138100000000001
11.9136
12.8687
11.8987
11.9279
11.6464
11.8282
12.3405
12.1636
11.6359
12.0555
11.8623
12.1307
12.076099999999999
12.369700000000002
11.9488
11.8031
12.2986
12.126
11.6314
12.2583
11.8329
12.276
11.654599999999999
12.1455
14.274099999999999
13.276299999999999
12.4726
11.7909
12.0806
11.8115
11.8766
12.794099999999998
12.89
11.9443
11.7157
12.0986
13.1331
12.7554
11.6693
12.3604
11.8294
12.336500000000001
11.7032
12.277700000000001
11.8172
11.8571
12.3437
11.8899
12.1175
12.2724
12.0157
12.779
11.7074
11.922
11.9223
12.2309
11.796600000000002
12.356499999999999
12.0549
12.130099999999999
11.8268
12.4064
12.439499999999999
11.7972
11.804200000000002
12.1069
11.8982
12.6711
11.8534
12.5367
11.9294
11.9215
12.0021
12.5399
11.7723
11.9765
11.8148
12.3245
11.765899999999998
12.2822
12.084
12.5827
11.8169
11.8276
12.043
12.283900000000001
12.068900000000001
11.8385
11.9259
14.090200000000001
12.4822
12.1464
12.3388
11.7821
11.9177
11.8187
12.1458
12.758099999999999
12.386700000000001
11.9792
11.6768
11.9823
12.334
12.2179
11.6676
11.9281
11.832
12.7996
12.5992
12.9012
11.8356
11.9315
12.2347
11.940199999999999
11.873899999999999
12.8126
11.824100000000001
12.6867
12.1569
11.75
12.3453
12.4864
12.6304
11.9109
11.9565
11.789900000000001
12.671
12.2782
12.7652
12.2835
13.316400000000002
12.1309
12.160300000000001
12.3992
11.9104
11.8609
12.3908
11.8431
11.642700000000001
12.1735
12.2144
12.3898
11.809
11.9285
11.990499999999999
12.2457
12.717600000000001
12.7966
11.9769
11.717
12.4894
13.1606
12.3488
11.9683
12.5612
12.2491
13.0689
12.898700000000002
12.7156
12.0187
12.657
13.0216
12.0121
13.059299999999999
12.475399999999999
12.714599999999999
12.7625
12.245600000000001
12.8563
13.1355
12.5653
12.757
12.5185
12.9284
12.2886
12.5762
12.6106
12.761099999999999
12.780899999999999
12.6061
12.732800000000001
13.4529
12.6603
12.3581
11.9546
11.9147
11.635
14.5559
11.8308
13.1527
12.036
12.175
12.060599999999999
12.285499999999999
12.1678
15.2175
12.2714
13.4702
12.5228
13.838899999999999
13.615
12.8147
12.9354
12.9501
12.630799999999999
13.440900000000001
12.173399999999999
12.6716
12.394
12.5827
11.9498
12.175500000000001
11.8651
12.0253
12.410400000000001
11.8872
11.9496
12.518400000000002
12.3614
12.0318
11.9488
11.8073
12.1269
12.491900000000001
11.8973
11.8306
11.9391
11.7182
12.5897
12.2824
12.3371
11.8668
11.9891
11.8093
12.158800000000001
13.3113
11.9319
11.827499999999999
12.043899999999999
12.3186
12.0829
12.4178
11.6769
11.9695
12.361799999999999
11.818
11.8406
12.3246
11.9849
12.1928
12.0293
12.033900000000001
11.8342
12.369399999999999
12.403
12.0782
11.6665
11.9706
11.8707
12.5337
11.6559
12.140099999999999
11.8956
11.723
12.6408
12.392900000000001
11.8455
11.8925
11.908800000000001
12.3322
11.7021
12.436499999999999
12.5065
12.0621
11.6517
12.294899999999998
14.3036
12.3902
11.8502
11.9617
12.6605
12.5454
11.7434
12.402800000000001
12.4367
12.0534
11.6492
11.8464
12.1904
12.919699999999999
11.777299999999999
11.9174
11.9982
11.752600000000001
11.7816
12.6303
11.9273
11.9145
11.930200000000001
12.2645
11.9958
12.65
11.8621
12.3888
11.6632
12.3435
12.001700000000001
12.1861
11.659799999999999
11.918800000000001
13.4896
11.9073
11.835
12.996799999999999
12.4064
12.056799999999999
11.7742
11.8925
11.862400000000001
12.436300000000001
11.922600000000001
11.8362
11.968
11.8894
12.3261
12.4759
11.778
11.901200000000001
11.897599999999999
11.7903
12.3228
12.436300000000001
11.9168
11.7517
12.0267
12.3211
12.0722
12.1275
11.9517
11.960500000000001
12.1136
11.6217
12.296899999999999
12.369299999999999
11.7009
11.8074
11.9017
12.220699999999999
12.247900000000001
12.302999999999999
11.9271
13.9956
12.2224
11.8531
12.6731
12.2052
11.972800000000001
12.4202
12.878499999999999
11.9689
11.8133
12.415199999999999
12.6777
11.8909
12.0857
12.8049
12.5274
11.9484
11.9569
11.8845
11.911100000000001
11.614700000000001
12.516599999999999
12.588500000000002
11.91
11.639999999999999
12.0182
12.249899999999998
11.707600000000001
12.1097
11.9908
11.7752
12.3705
11.7409
12.2795
12.4709
11.936300000000001
11.7869
11.918899999999999
11.7127
12.033
12.1333
12.3619
11.7249
12.0327
12.2322
11.9087
12.7999
11.8847
11.9786
11.7262
11.8727
12.251700000000001
11.937
11.918800000000001
11.9096
11.8903
11.753599999999999
12.4136
12.3994
11.9017
11.6354
11.905100000000001
12.356900000000001
11.739899999999999
12.197700000000001
11.994299999999999
11.844999999999999
12.2731
11.7609
12.0372
12.2054
12.646799999999999
12.1501
12.3698
11.8496
11.848799999999999
12.217699999999999
11.7547
12.2029
11.8495
11.9612
11.7979
12.666
12.4168
11.9005
11.609
12.322899999999999
11.878400000000001
12.4925
11.608
13.0989
11.9239
11.7635
11.9412
12.9932
12.092600000000001
11.7809
12.2586
12.6572
11.9197
11.9934
11.841199999999999
11.8571
11.6623
12.3216
11.997300000000001
12.343399999999999
11.782
11.8949
12.5546
12.0106
11.861699999999999
12.2518
12.0673
11.8748
12.3171
11.7712
12.0312
12.7553
12.0672
11.9777
11.8433
11.6934
12.358600000000001
12.2098
11.6989
12.3083
12.2051
11.7674
12.288200000000002
12.3573
11.944700000000001
11.9778
11.7354
12.248800000000001
11.8271
12.0114
12.022599999999999
11.7959
12.299900000000001
11.7192
12.224499999999999
12.2757
11.715
12.347999999999999
11.9256
11.8406
11.7018
12.098700000000001
12.603
11.8339
11.729800000000001
11.735000000000001
12.0488
12.6882
11.914100000000001
11.780000000000001
12.0382
11.821299999999999
12.3117
12.066199999999998
11.700099999999999
11.867600000000001
11.8286
11.725299999999999
12.303700000000001
14.7705
11.9684
11.9306
12.252
12.242700000000001
11.7898
12.7192
11.6935
12.3748
11.9016
11.6706
12.1148
12.4131
12.123800000000001
12.2155
12.3523
12.1452
12.185
12.8389
12.320599999999999
11.903
11.907
11.587200000000001
12.0512
12.7723
11.9196
11.9367
11.960099999999999
11.812899999999999
12.225299999999999
12.134300000000001
11.8546
11.8713
12.3223
12.1454
12.0777
12.1136
11.9331
11.7889
12.4414
11.592099999999999
11.8559
12.120000000000001
12.300699999999999
12.1318
11.8901
11.756300000000001
11.8783
12.85
11.9083
11.741100000000001
11.952499999999999
11.881499999999999
12.2767
11.848799999999999
11.8694
11.8668
11.8184
11.566999999999998
12.4717
12.494
11.8041
11.8759
12.281500000000001
11.762699999999999
11.6718
12.128
11.819700000000001
12.4609
11.9258
11.9275
12.0161
12.0883
12.2264
12.0437
11.8631
11.5747
12.0108
12.6229
11.6853
11.9165
11.8568
11.7182
12.361699999999999
12.373000000000001
12.016
11.7875
12.2529
12.2293
12.7517
11.998099999999999
11.7681
11.8955
12.3386
11.8385
12.3398
12.766100000000002
11.9059
12.5788
11.9931
12.039100000000001
11.7727
12.3147
12.3225
11.8878
11.5998
11.8493
12.031
12.813400000000001
11.617799999999999
11.981800000000002
12.0038
11.684
12.2702
12.1608
11.9924
11.677
11.7548
12.3389
12.005500000000001
12.4825
11.8652
12.255
11.593499999999999
11.9679
11.726
12.411
12.4223
11.930299999999999
11.764800000000001
11.686300000000001
12.8404
12.8127
11.9097
11.6157
11.9781
11.9186
12.293
12.0016
11.8408
11.8728
11.611099999999999
12.2761
11.9875
12.4341
11.7766
12.344100000000001
11.8407
11.5727
11.826400000000001
12.196200000000001
11.7668
12.22
12.178700000000001
11.8756
11.894
12.9801
11.8229
11.7672
11.6934
11.815900000000001
11.8315
12.3999
11.695300000000001
11.9794
11.8816
13.4971
12.583499999999999
12.2547
12.3443
11.9299
12.4052
13.0504
11.9171
12.0234
11.8072
12.405100000000001
12.1531
12.0061
12.4185
13.4735
11.9505
11.7479
12.007
11.865499999999999
11.5743
12.5653
11.994299999999999
11.8782
11.5947
11.82
12.408900000000001
12.2922
11.6972
12.0696
11.905100000000001
12.126299999999999
11.8139
12.347800000000001
11.827
12.201500000000001
11.722399999999999
12.1697
11.7662
12.5718
11.7575
12.3093
11.6817
12.0285
12.1248
12.0225
12.3041
12.0303
11.7243
11.6729
12.0392
12.8081
11.7696
11.700999999999999
11.863999999999999
11.871599999999999
11.6916
12.4837
11.877
11.847800000000001
11.5817
11.826
12.422600000000001
12.2309
12.2612
11.856300000000001
11.7606
12.244
11.720899999999999
12.115300000000001
11.6694
11.9699
11.9185
12.3948
11.7654
12.4996
11.8316
11.8452
11.6005
13.1303
11.757
12.0791
11.8675
12.2986
11.8164
11.6999
11.9984
12.739
12.1244
11.825099999999999
12.9597
11.8144
11.77
12.1221
12.3233
11.7842
11.7755
12.109399999999999
12.4537
13.3062
11.9123
12.041
11.908999999999999
11.7515
12.3192
12.056600000000001
11.8473
11.8558
11.843
12.234
12.1204
12.1797
11.879000000000001
11.7737
12.295
11.9898
12.0621
12.164
12.1095
11.7889
12.093
11.6799
12.0782
12.3313
12.416699999999999
11.7396
11.756499999999999
12.2652
11.896
12.4816
11.8385
11.8546
11.777700000000001
11.8265
12.5109
12.360899999999999
11.6997
11.8972
11.7269
12.0582
11.821299999999999
12.2975
11.766399999999999
11.726
12.3132
11.8489
11.8605
12.498199999999999
11.7722
12.451
11.6619
11.8494
11.6922
12.196
12.1158
11.9357
11.712800000000001
11.8571
12.1061
12.613600000000002
11.9223
11.6928
11.8983
11.8354
11.572600000000001
12.679499999999999
12.0721
12.1149
13.173300000000001
11.8467
12.727799999999998
12.3593
11.680299999999999
12.413799999999998
11.895
12.294400000000001
11.7271
12.1326
11.7486
11.8994
12.6068
12.2224
12.570500000000001
12.2772
12.1859
12.424
11.852400000000001
11.578800000000001
11.9294
12.1469
12.372
11.9281
12.747100000000001
12.122000000000002
11.8689
12.7923
11.907900000000001
11.769699999999998
12.082799999999999
11.7398
12.4788
12.0455
12.0573
11.7946
11.8566
12.1361
12.118200000000002
12.28
11.985199999999999
12.3187
12.388100000000001
11.734
11.7493
12.3003
11.892399999999999
11.7834
12.1753
11.9954
12.0422
12.3114
11.6112
12.2372
11.833400000000001
11.5794
11.8717
12.3385
12.3534
11.6098
11.9627
11.8747
11.8987
12.2534
12.3651
11.9495
11.7423
11.8354
11.8758
12.4233
11.877199999999998
11.7816
12.121099999999998
11.671600000000002
12.7703
12.3823
11.8593
11.7056
12.2648
11.7926
11.574900000000001
12.2179
11.804
12.0135
11.9802
12.2556
12.217
13.1203
11.9299
12.4354
11.9186
11.8522
11.758899999999999
12.8793
11.9527
11.807
12.254100000000001
12.005999999999998
12.688400000000001
12.248999999999999
11.938799999999999
11.8996
11.8074
12.272699999999999
11.741700000000002
12.1356
11.692900000000002
11.8861
11.9423
12.1893
12.0928
12.352699999999999
11.753400000000001
12.5143
11.8939
11.756
11.8718
12.4139
12.112
12.0259
11.820300000000001
11.9212
12.0502
12.8301
11.7912
12.4212
11.9932
11.8612
12.3604
12.0758
11.963
11.7082
11.8309
11.7538
12.5869
12.1976
12.7716
11.8368
11.8177
12.1266
11.856200000000001
12.036399999999999
11.863
11.9186
12.2677
11.8556
11.8674
12.2872
12.193900000000001
12.359399999999999
11.712
11.8961
11.7958
11.9632
13.0693
11.8254
11.8931
11.6368
12.5261
13.3793
12.232
12.591
12.3459
12.7538
12.5623
13.4948
12.221400000000001
12.310400000000001
13.068299999999999
12.5045
13.502500000000001
13.4745
12.3003
12.8123
12.151800000000001
12.4387
12.4187
12.4292
12.2925
12.848
12.1805
11.6014
12.068900000000001
12.9227
12.0289
12.2251
12.5075
12.9506
12.3044
13.4819
12.5863
12.6211
12.9541
12.287799999999999
12.8339
13.3736
12.1958
12.6949
12.065100000000001
11.978900000000001
12.074
12.1083
12.1647
11.9793
11.910300000000001
12.278
12.2945
12.8515
12.8193
12.0271
12.7973
12.5171
12.900500000000001
12.3924
12.2784
12.6851
12.9337
12.488100000000001
12.3647
13.3536
13.0579
13.2342
12.5618
12.6945
13.2464
13.6019
12.0971
12.864
12.6636
13.234900000000001
13.4843
12.6226
13.0516
12.7356
12.599
13.3013
12.610700000000001
13.0643
12.8372
12.824
12.989600000000001
12.6575
12.8827
13.3709
12.291599999999999
13.6614
12.8841
13.215599999999998
13.6273
13.5216
12.8499
13.0505
12.844700000000001
12.5247
13.0856
14.3367
12.9245
13.0419
13.484
12.3199
12.8851
12.7878
13.1328
12.8787
12.800799999999999
12.3906
12.4239
12.2264
12.680800000000001
12.7523
11.9945
11.6807
15.839099999999998
15.7077
14.6849
14.5479
12.5649
17.8184
16.8176
12.9125
13.005799999999999
16.6152
11.7284
12.097999999999999
12.1335
12.2012
12.2735
12.065199999999999
12.0386
11.5873
12.5576
12.416699999999999
12.076699999999999
11.641200000000001
12.8121
12.352500000000001
12.790700000000001
13.8472
13.2214
13.1038
12.7664
12.3004
13.1544
12.7405
12.3786
11.7284
11.9069
11.9182
12.0791
12.0053
12.101600000000001
12.0082
12.5053
11.6715
12.6805
12.4368
11.7168
13.0997
12.609300000000001
13.029300000000001
12.3205
14.418500000000002
13.1288
12.676
12.568
12.0576
15.0757
13.3371
12.9452
12.3498
12.6812
12.4359
12.5034
12.7777
12.7364
13.0165
12.1906
12.266300000000001
11.854800000000001
12.963000000000001
11.8021
12.2922
11.834000000000001
11.9682
11.723600000000001
13.9183
12.0247
12.373999999999999
11.8631
11.7457
14.209
13.4076
12.6669
12.7157
12.9867
12.960899999999999
13.2176
12.962299999999999
12.9733
12.9707
17.163999999999998
12.876800000000001
13.4077
13.4684
12.591
13.2235
13.2323
13.1665
13.1018
13.4895
12.4921
13.7386
13.099
13.079600000000001
13.0349
13.2713
13.1441
13.5028
12.713000000000001
12.9376
13.1673
13.3204
12.6637
11.936499999999999
11.9034
12.1867
12.4573
12.0839
12.2677
11.967699999999999
11.9661
11.742799999999999
11.8593
13.4316
12.137699999999999
12.7829
12.4373
12.931899999999999
12.793000000000001
12.827399999999999
12.209
12.235
13.2511
12.2776
14.0112
13.193399999999999
13.502
12.970799999999999
12.680800000000001
12.6149
13.4975
13.493
12.488900000000001
12.8789
13.889999999999999
12.9593
12.8359
12.317
12.1908
11.7967
15.7548
11.9832
12.3772
13.1682
12.1389
12.156500000000001
12.275599999999999
11.988900000000001
12.065100000000001
12.4225
12.1444
11.9138
12.0095
11.814
12.3987
13.0984
12.043099999999999
11.6203
12.1672
12.6599
11.7195
12.2309
11.870800000000001
11.7564
12.1639
11.8034
12.0129
12.2149
11.878100000000002
12.3212
11.8717
11.678600000000001
11.8164
12.0333
12.4078
11.6875
12.0016
11.7493
11.8749
13.106
11.830200000000001
11.9026
11.6965
11.7246
12.270700000000001
12.1638
11.841199999999999
11.7853
12.314
11.5833
12.2188
12.3733
11.9253
11.792399999999999
12.4111
11.748800000000001
11.7354
12.1306
12.392
11.7778
11.7106
13.988999999999999
12.27
12.7197
11.6271
13.6846
12.3471
11.905000000000001
12.136
12.2282
12.0939
11.743
11.931000000000001
12.3082
12.0172
12.174000000000001
12.1464
12.106300000000001
12.9304
11.601
12.091299999999999
12.1581
11.7949
11.7682
12.2796
11.8343
11.8438
12.5009
12.405100000000001
11.7683
12.040099999999999
11.7742
11.8494
13.743500000000001
11.8362
12.0693
11.9
11.7968
12.5151
12.3296
11.9299
11.6182
12.348899999999999
11.752600000000001
12.3174
12.158499999999998
11.9048
11.7738
11.7012
12.2863
12.0045
12.3
11.764999999999999
11.8569
12.1729
11.5879
11.8803
12.1523
11.7974
12.3109
11.871400000000001
11.9522
11.980599999999999
12.3281
12.5717
11.8872
11.6701
11.7368
11.839
12.6032
11.8435
11.754900000000001
12.0208
11.667300000000001
12.4735
12.3722
11.7486
11.6892
11.9824
11.7561
12.2464
12.1019
11.8045
11.7334
11.812899999999999
12.2509
12.1436
12.101600000000001
14.2583
12.3532
12.3144
12.4324
11.5976
12.2838
11.7674
12.2472
11.8566
11.9556
12.100100000000001
12.205499999999999
13.0469
12.0319
11.9433
11.8817
11.822799999999999
12.3136
11.6823
11.870800000000001
11.7059
11.682500000000001
12.4649
12.437999999999999
11.9825
11.9215
12.001299999999999
12.075600000000001
11.9069
11.9566
11.9468
11.7766
12.3505
11.8923
12.035
12.2621
12.339899999999998
12.3027
12.0251
11.8253
11.6614
12.1671
12.2769
11.6885
11.858699999999999
11.7366
12.0141
12.6452
11.8909
11.901399999999999
11.6957
11.8516
12.1244
12.2975
11.6823
11.9028
11.906699999999999
11.5754
12.5725
12.359200000000001
11.9868
11.620099999999999
11.867799999999999
12.288200000000002
11.8293
11.8751
12.0113
12.0657
11.9385
12.0001
12.1617
12.263100000000001
11.7345
12.3319
11.882
11.7371
11.93
12.1209
12.368799999999998
13.853900000000001
11.889800000000001
11.8173
12.545
12.818200000000001
12.3251
11.9924
11.7751
12.0197
12.101600000000001
12.2927
11.6017
12.233
12.33
12.4095
11.8064
12.6199
12.4458
12.5075
11.6078
11.934800000000001
11.9124
12.129
12.180299999999999
11.8604
11.8308
11.691500000000001
12.062399999999998
12.7808
12.2005
11.737300000000001
11.7662
11.8291
12.082600000000001
12.247
11.8778
11.9407
11.6127
12.49
12.107700000000001
12.5436
11.981399999999999
12.4549
11.7655
11.6922
11.8494
12.319500000000001
11.7756
12.1792
11.862
11.8149
11.7732
12.4137
12.2806
11.9196
11.7567
11.82
11.8341
12.5072
11.757
11.867
11.7281
11.7856
12.6334
12.3468
11.8643
11.6975
11.7577
11.848700000000001
11.6822
12.3567
11.7661
12.0716
12.1047
11.8477
11.908800000000001
12.2009
11.8405
12.343399999999999
11.757399999999999
11.691
12.047600000000001
12.1943
11.608
12.2687
11.8293
12.651000000000002
11.7819
12.3628
12.889
12.0994
11.8648
11.8476
11.8598
12.4083
11.8335
11.7851
12.0948
11.9195
12.538799999999998
12.7707
12.213999999999999
11.7277
11.8719
11.7141
12.123099999999999
12.295300000000001
11.8231
11.7723
11.7112
12.283900000000001
12.0238
12.5577
11.679200000000002
11.9585
12.308
11.6642
11.8737
12.083
12.2674
11.721499999999999
11.8946
11.8981
14.1494
14.5429
11.8945
12.0293
11.8437
12.164
11.7284
12.153
11.8308
11.9068
12.262500000000001
11.8668
11.7669
12.356499999999999
11.882399999999999
12.1386
11.7822
12.1604
11.7645
11.983600000000001
12.2773
11.878599999999999
11.6083
11.9503
12.1084
12.915700000000001
11.6317
12.0197
11.8381
11.8455
11.585099999999999
12.706900000000001
11.9645
11.6935
11.8891
12.3287
11.925
12.2037
11.885
11.8857
12.1288
11.9256
11.9005
14.2206
11.6799
12.289
12.4063
11.7844
11.866
12.7362
12.419400000000001
11.9513
11.9727
11.852400000000001
11.7456
12.399099999999999
11.8692
11.8765
11.7554
12.2746
12.7501
12.5884
12.354099999999999
11.6365
13.117
12.2772
11.9162
12.0838
12.0091
11.9786
12.1379
12.0525
12.042900000000001
12.3351
12.1849
11.808499999999999
12.027899999999999
11.817
11.936499999999999
12.056600000000001
12.5054
11.703399999999998
14.366800000000001
13.686300000000001
12.0781
12.8981
11.7115
12.0058
11.8356
11.6758
12.296899999999999
12.162700000000001
11.7629
11.955
11.8791
12.2599
11.7949
12.468200000000001
11.888
11.8987
11.6364
12.084299999999999
12.3202
12.2361
11.7389
12.0644
11.8074
12.2173
12.214300000000001
12.4415
11.9763
11.7942
12.6189
12.0971
11.9411
11.9471
11.8955
12.3758
11.875399999999999
11.9414
12.063600000000001
12.3346
12.209100000000001
12.0526
11.8887
11.7132
12.233799999999999
12.3078
12.4649
11.7254
11.8774
11.7637
13.023399999999999
12.3015
11.9505
11.9992
12.5
11.6177
11.8186
12.1935
11.802800000000001
12.5808
12.1861
12.3856
12.015400000000001
12.926699999999999
12.0199
11.918899999999999
11.724
11.8679
12.3181
12.1256
12.026200000000001
12.062800000000001
11.7556
12.1113
12.0114
12.391900000000001
11.7781
12.361699999999999
11.8735
12.1113
11.696700000000002
12.196
12.5276
11.9998
11.604700000000001
11.8394
12.138
13.0643
11.7368
11.9681
11.8475
12.179300000000001
11.7472
12.144200000000001
11.7202
11.9986
11.7468
12.308100000000001
12.0418
12.3824
11.7932
11.8333
12.146799999999999
11.845400000000001
11.8477
11.9572
11.8911
12.349
11.7682
11.6713
12.1399
12.3801
11.7974
12.3044
12.0267
11.7732
11.6006
12.154
12.8615
11.8935
11.690000000000001
11.9708
11.9534
12.6588
11.8688
11.93
11.742799999999999
13.766300000000001
12.385
13.207
11.9634
11.622399999999999
11.7714
12.6415
12.1194
12.101
12.0204
12.2755
11.7348
11.9613
11.818800000000001
12.315299999999999
11.6751
12.5136
12.4347
11.9148
12.239
12.282599999999999
12.3107
11.7089
11.8516
11.7407
11.7945
12.5916
12.074
11.915000000000001
11.6942
11.833400000000001
12.3663
12.3834
11.7438
11.8883
12.2005
11.901200000000001
12.1547
12.5925
12.0997
11.630400000000002
11.8692
12.3185
12.3954
12.103900000000001
12.0592
11.869100000000001
12.3534
11.6177
11.8494
12.1183
11.6935
11.776399999999999
12.388100000000001
11.8986
11.839
12.2551
11.8362
12.2132
11.8683
11.731300000000001
11.8231
12.1421
12.339599999999999
11.7579
11.7067
11.8375
12.1609
12.2691
12.293099999999999
12.0019
11.856399999999999
11.5894
11.8195
12.646799999999999
11.8482
11.6206
11.827300000000001
11.817
12.599
12.0988
11.8361
11.925099999999999
11.7022
11.7306
12.7675
12.2621
11.8622
11.8007
11.828800000000001
12.252799999999999
12.599300000000001
12.290000000000001
11.9761
11.6791
12.2935
12.0077
11.7624
11.880999999999998
12.5971
12.5991
11.7624
12.1109
12.222999999999999
13.228
11.5954
11.906099999999999
11.822600000000001
11.8247
11.5627
12.4216
12.0206
11.7497
11.8528
11.8643
12.5266
12.1762
11.758299999999998
11.8439
12.076
12.0329
12.1655
16.3749
11.8523
11.813600000000001
12.133899999999999
11.8057
12.216299999999999
12.299900000000001
12.008
11.731399999999999
12.1602
11.8684
11.8613
12.0207
11.6659
12.2872
11.8891
11.708
11.996400000000001
12.330300000000001
12.1712
11.692499999999999
11.739700000000001
11.771500000000001
11.5571
12.4666
12.3118
11.851
11.667
11.7328
12.081700000000001
12.4058
11.863800000000001
11.7864
12.1289
12.4175
11.8468
12.055700000000002
11.8415
11.7121
11.7349
12.2894
11.8352
12.4926
12.0121
13.4942
12.158199999999999
12.7004
11.8291
12.0374
11.7392
12.471400000000001
12.394
11.5687
12.1676
12.7586
11.8881
11.5903
11.8142
12.031
12.0128
11.937899999999999
12.1128
12.5635
11.687700000000001
11.93
12.5006
12.3072
11.9015
11.767700000000001
11.8613
12.3205
11.876100000000001
11.9974
11.799199999999999
11.6625
11.9668
11.7438
12.4284
12.1698
12.3133
11.7684
11.6804
12.325199999999999
11.9879
12.1769
11.682400000000001
11.9457
12.2361
11.567499999999999
12.072899999999999
12.3988
11.9432
11.7516
12.1169
11.789900000000001
11.6585
11.9759
11.809099999999999
12.2688
11.7118
11.6889
12.1242
12.316600000000001
12.125800000000002
11.7468
11.8183
11.6424
11.965
11.9922
12.3084
11.8254
11.856
11.7188
12.0659
12.9417
11.834000000000001
11.7495
11.8348
11.9799
12.1537
11.967
11.854099999999999
11.8381
11.7965
11.5606
12.4425
12.2556
11.9369
11.7868
12.7604
12.253
11.6625
12.0204
11.7915
11.8954
12.3247
12.102500000000001
12.0523
12.201500000000001
11.844999999999999
11.7284
12.2662
11.6458
11.7877
12.3378
12.2595
11.8305
12.933200000000001
11.9572
11.869299999999999
12.8041
12.167000000000002
11.9535
11.6553
11.9185
12.4064
12.035499999999999
11.6685
11.8277
11.8301
11.5683
12.566
12.3456
12.260399999999999
11.6108
11.8732
15.333400000000001
12.4468
12.0541
11.9191
11.8767
12.4581
11.7666
11.951500000000001
12.586699999999999
11.6948
12.6902
11.952300000000001
11.85
11.6464
12.1872
11.748899999999999
12.092699999999999
11.8408
11.8095
11.8855
12.3449
12.2735
11.8717
11.6661
11.7434
11.8925
12.4501
11.5913
12.040099999999999
11.8308
12.0671
11.761199999999999
12.8048
11.8452
11.8154
11.9948
12.3194
11.8807
12.0162
11.850299999999999
12.3173
11.5996
12.248099999999999
12.0747
13.868
13.562899999999999
11.6643
12.2654
11.861099999999999
11.6753
12.0354
11.8823
12.484
11.756499999999999
12.5214
12.0668
12.302999999999999
11.699599999999998
11.8494
11.9566
11.9192
11.9559
12.5465
12.1283
11.898499999999999
12.286
12.0579
11.896
12.2732
11.8634
12.2934
12.0809
11.9114
11.8382
12.151
12.116800000000001
11.7782
11.8766
11.674
12.1887
12.2706
12.4901
12.1187
12.1478
11.7745
11.6807
12.5747
11.9158
11.9332
11.7112
11.9148
12.5989
12.4049
11.688600000000001
11.7611
12.0448
12.2548
11.8329
12.0654
11.982700000000001
11.743699999999999
12.305399999999999
11.7421
11.8821
12.4007
12.034899999999999
11.8099
12.148000000000001
11.9343
11.8304
12.081
11.7255
12.310500000000001
12.1967
11.598
12.047
12.3506
12.3849
11.641300000000001
11.995099999999999
11.82
11.643799999999999
12.6986
11.854099999999999
11.7611
11.6745
11.9475
12.5034
12.1723
12.7156
11.9929
11.8592
11.5894
12.1571
12.1692
11.9004
11.7029
12.331399999999999
12.3334
11.9833
12.3333
11.8168
11.8497
12.1563
11.7546
12.3767
12.2972
11.9311
12.8615
11.958
11.6943
12.035499999999999
12.2963
11.709999999999999
12.2267
11.852599999999999
11.9653
11.610199999999999
12.0587
12.341
11.864700000000001
11.5878
11.811399999999999
12.05
12.7151
12.1224
11.8392
11.8216
11.6594
11.736999999999998
12.6433
11.8555
11.7794
11.8633
11.914900000000001
12.333200000000001
12.423200000000001
11.8651
11.9443
11.584000000000001
12.2294
11.978000000000002
12.161399999999999
11.589699999999999
11.838
12.307699999999999
11.6566
11.9267
12.3745
11.803299999999998
12.3299
11.8072
12.0077
11.570799999999998
12.1128
12.2835
11.990499999999999
11.5943
11.9863
11.9855
12.646799999999999
11.8105
11.8818
11.7857
11.7743
11.8063
12.5969
12.028
11.8073
11.7604
11.9744
14.005
13.6758
11.886199999999999
11.817599999999999
11.8206
12.3431
11.7586
12.1948
12.014800000000001
12.3701
12.1445
11.9761
11.884
12.494399999999999
11.9271
11.6724
12.304300000000001
12.2731
12.0633
11.922699999999999
12.5635
12.750499999999999
12.040500000000002
11.6984
12.0637
12.2715
12.3803
11.9695
11.8236
11.9018
11.6983
12.5901
11.9873
11.6281
11.845400000000001
11.8006
12.443299999999999
12.4565
12.048100000000002
11.918399999999998
11.877199999999998
11.597299999999999
12.3156
12.1572
11.762699999999999
11.802200000000001
12.737200000000001
11.7402
11.898499999999999
12.377
11.953800000000001
11.631
12.4148
11.8417
11.8265
12.142
11.9422
12.3432
11.8775
11.5779
12.1037
12.2533
11.7154
11.8622
12.5902
11.748700000000001
11.8052
12.0333
12.151399999999999
12.1298
11.8331
11.7246
12.182500000000001
12.347800000000001
12.301400000000001
11.827
11.6805
11.738
11.8204
12.7962
11.6813
11.9522
11.8834
11.980599999999999
12.8854
12.3652
11.772400000000001
11.6867
11.832
12.042900000000001
12.0679
12.072
12.367899999999999
11.908800000000001
11.761199999999999
12.187800000000001
11.9084
12.3317
11.8379
12.3783
12.2529
12.0328
11.9222
12.344600000000002
12.456999999999999
11.8657
11.8432
11.878100000000002
11.902299999999999
12.7597
11.93
11.895199999999999
11.7279
11.664900000000001
11.815000000000001
12.261
11.581
12.3787
11.7322
12.301400000000001
12.2952
12.9077
11.7653
12.031500000000001
11.771500000000001
11.842500000000001
11.7153
12.4391
11.940299999999999
11.8741
12.087900000000001
12.0956
12.0833
12.3474
11.6768
11.9603
12.3743
11.9655
11.5694
12.1274
11.9459
12.3217
11.5902
11.8325
11.9963
12.164100000000001
11.768
12.3832
11.851199999999999
11.7909
11.6931
12.845799999999999
11.586300000000001
11.8544
11.8337
11.9239
11.7415
12.9252
12.2965
12.729199999999999
11.5909
11.8287
12.191699999999999
11.9623
11.7478
11.9893
11.9588
15.692000000000002
11.9693
12.3071
11.859
11.5896
12.2719
11.911700000000002
12.0418
12.283000000000001
12.2875
11.7742
11.7554
11.7852
11.9843
12.2422
12.496
12.0283
12.13
11.851799999999999
12.0762
12.790799999999999
11.824
11.6014
11.8984
12.025599999999999
12.647
12.0619
11.8192
11.8357
11.654599999999999
11.7239
12.2222
12.3112
11.73
11.742600000000001
12.1867
12.1555
12.292300000000001
12.2368
11.8543
11.690000000000001
12.4119
11.7356
12.007
11.9513
11.8238
11.762500000000001
12.106399999999999
11.8139
12.1712
12.2607
11.6625
12.2807
12.0529
11.5794
11.8319
12.054799999999998
11.815100000000001
11.749799999999999
11.817499999999999
12.248800000000001
12.0325
12.2519
11.8381
11.8867
12.0839
11.693
12.1781
11.951500000000001
11.8181
11.7387
12.291599999999999
11.6557
11.9906
12.2235
11.989899999999999
12.220699999999999
11.8381
11.7243
11.6516
12.189200000000001
12.2385
11.9987
12.2272
11.862599999999999
11.997499999999999
12.5617
11.863800000000001
11.770100000000001
11.7911
11.7681
12.7371
12.23
11.7335
11.7658
11.9258
12.2696
11.8333
12.2142
11.822
12.416699999999999
12.3337
12.0236
12.3846
11.872900000000001
12.107800000000001
11.7944
12.2267
11.9123
12.2377
12.270100000000001
11.8505
12.1782
11.8528
11.7293
11.6504
12.0747
12.2423
11.893799999999999
15.746199999999998
11.802800000000001
11.8818
12.8124
11.666400000000001
11.8508
11.7201
11.9383
12.1242
12.168999999999999
11.7431
11.981800000000002
11.721300000000001
12.2396
11.928700000000001
12.2861
11.7519
11.7874
12.2156
11.8495
11.8458
12.1161
11.5496
12.216899999999999
11.9698
11.6298
11.976199999999999
12.702
11.7178
11.6844
12.0692
11.7917
11.5335
12.5974
11.8111
13.7981
20.7342
14.4012
11.9872
12.123999999999999
12.012500000000001
11.7222
12.1006
11.806799999999999
11.895
11.9991
16.0425
12.3033
11.866
11.8134
11.8467
12.7751
11.8695
11.9873
11.733
12.294400000000001
12.0436
12.224499999999999
11.6509
11.9306
11.713700000000001
12.1166
12.4132
12.5139
12.0247
12.235
12.3952
12.0857
11.7268
11.9552
11.902700000000001
12.3969
11.573699999999999
11.8262
12.0419
12.425500000000001
11.5839
12.2767
11.806199999999999
11.634200000000002
11.709999999999999
12.1913
12.2322
11.9109
11.8379
11.8441
11.8324
12.776900000000001
11.7972
11.8869
11.6729
11.908
11.707600000000001
12.382900000000001
11.851
11.8312
11.703800000000001
11.633299999999998
12.3914
12.5105
11.6415
11.776200000000001
11.8849
11.807099999999998
12.1385
12.134
11.7308
11.6955
12.457899999999999
11.8477
11.9216
12.1814
11.9971
11.8756
12.1053
11.641300000000001
11.9635
12.0814
11.6112
12.3254
11.803799999999999
11.720899999999999
11.8234
12.2672
12.174900000000001
11.741
11.8232
11.816699999999999
13.7115
12.387799999999999
11.7196
11.8343
11.7826
11.8473
12.451699999999999
12.3385
11.598
11.948
12.179499999999999
12.2715
11.6395
12.171899999999999
11.8949
12.279399999999999
11.602
11.8595
11.9747
12.509599999999999
11.998800000000001
12.548200000000001
12.4989
11.6857
12.0449
12.1356
12.359200000000001
11.7581
11.7212
11.8817
11.822600000000001
12.935500000000001
11.758700000000001
11.9907
11.562
11.8233
14.614
12.4136
12.436300000000001
11.8956
11.8267
12.089
11.997900000000001
12.3048
11.883
11.6154
12.1561
11.9501
11.8435
11.947
12.2439
12.253
11.6441
11.6946
11.974
12.319999999999999
12.4058
11.7599
11.7864
11.841000000000001
11.8171
12.0328
11.9256
11.5839
11.8224
12.419599999999999
11.8566
12.2288
12.010200000000001
11.871
11.9228
11.878400000000001
11.8979
12.0759
11.8397
11.7674
12.299100000000001
11.618500000000001
12.0031
12.231300000000001
11.7338
12.027700000000001
11.9702
13.7381
12.5675
13.134500000000001
12.3036
11.790999999999999
11.6948
11.6959
12.8387
12.3298
11.7623
12.236500000000001
11.8597
12.2705
11.6391
12.0124
11.8058
11.8107
12.2065
11.6831
12.6745
12.194
12.077900000000001
12.2574
12.2583
12.1656
11.985000000000001
11.9977
11.659600000000001
12.291500000000001
11.8069
11.6837
11.847399999999999
12.3406
12.0297
11.5677
12.1653
12.166500000000001
11.9803
11.84
12.1838
12.312800000000001
11.8047
11.7049
12.0012
12.261899999999999
12.099499999999999
11.7216
11.8932
11.6097
11.7767
12.1452
12.2468
11.672500000000001
11.8016
11.6697
11.8305
12.679599999999999
11.8545
11.84
11.6325
11.7564
12.3147
11.9203
11.7506
11.8582
11.9241
12.1288
12.297799999999999
12.289299999999999
11.843599999999999
11.6468
12.261899999999999
11.709000000000001
11.604700000000001
12.1134
12.0347
11.7161
12.0547
11.774
11.9517
12.037600000000001
11.8607
12.2195
12.0732
12.3215
11.8026
12.0597
11.931000000000001
11.8495
11.8686
11.777700000000001
11.8186
12.19
12.601899999999999
11.721300000000001
12.132499999999999
11.8306
12.072
12.0145
11.7748
11.7644
11.8804
11.5654
12.5236
12.6512
11.7351
12.2449
11.983799999999999
13.0537
11.8363
12.1771
11.786299999999999
11.967500000000001
12.099
11.7011
12.092699999999999
12.0395
11.8092
12.2377
11.8764
12.0155
11.781099999999999
12.5763
12.1045
11.7469
11.815100000000001
11.7339
11.9931
12.2233
12.3779
11.5638
11.905000000000001
11.8056
11.771099999999999
12.3602
12.2001
11.8205
11.7316
11.5685
12.4607
12.3937
11.6532
11.7047
11.805299999999999
12.3159
11.6435
12.0005
11.890400000000001
11.684899999999999
12.248
11.724
12.2331
12.1868
11.9407
12.267800000000001
11.6533
11.6633
11.763900000000001
12.2322
11.8623
11.951099999999999
11.9457
11.629000000000001
11.940900000000001
12.2352
12.242799999999999
11.7068
13.686
13.7889
12.3954
11.964799999999999
11.692499999999999
11.8514
11.8578
12.0715
12.0334
12.207600000000001
11.6495
12.4338
12.5369
11.7387
11.6198
12.098899999999999
11.957799999999999
11.5816
12.3261
12.015400000000001
12.1501
12.136600000000001
12.398
12.2981
12.0075
11.5426
12.0295
12.1738
12.246699999999999
11.752
11.9002
11.6904
11.8239
12.709399999999999
11.8529
11.5696
12.5212
11.7772
12.3357
11.922500000000001
11.8104
11.895
12.258899999999999
11.5343
12.0037
12.5959
11.6936
12.2218
11.8239
11.672699999999999
11.7347
12.0182
12.176599999999999
11.8054
11.8388
11.702300000000001
11.971499999999999
12.6037
11.7995
11.717500000000001
11.6402
11.7806
12.3125
12.0233
11.8232
11.826
11.7528
12.071
11.9996
12.1805
11.998
11.682400000000001
12.2899
11.6912
11.6145
12.1494
11.770199999999999
11.725
12.090399999999999
11.923599999999999
11.978000000000002
12.107
11.877
13.1403
11.8715
11.5402
11.8097
12.2132
12.1151
11.697600000000001
11.8469
11.815900000000001
11.817
12.2493
12.2594
12.2772
11.8528
11.8122
12.068999999999999
12.1015
11.902700000000001
11.7287
11.8162
12.0235
11.987599999999999
12.652
12.117799999999999
11.7228
12.8364
11.8971
11.7035
12.086
11.7651
11.8721
12.0967
11.758299999999998
11.9595
12.0498
11.8391
12.342600000000001
12.0286
11.668700000000001
11.923
12.0023
12.2322
11.682
11.8593
11.6975
11.832699999999999
12.7774
12.079899999999999
11.748800000000001
11.6597
11.7609
11.889000000000001
12.121
11.9604
11.7366
11.8354
12.2311
11.9835
12.2496
11.682599999999999
11.8986
11.726099999999999
12.2446
11.633799999999999
12.277899999999999
11.9057
12.1034
11.7105
11.9547
11.9351
12.1248
12.2684
11.8694
11.7176
11.885200000000001
11.7678
12.558200000000001
11.5579
11.8157
11.7608
11.6594
12.5665
12.3561
11.7157
12.7338
13.872
12.3049
11.873399999999998
11.8646
11.7929
11.9866
12.3422
11.6509
11.909899999999999
12.3633
11.6644
12.7577
11.7943
11.7596
11.621599999999999
12.241800000000001
11.693800000000001
12.224300000000001
11.796600000000002
11.8697
12.1148
12.229000000000001
13.134500000000001
11.998
12.2647
11.5532
11.748899999999999
12.4572
11.7064
11.7927
12.0959
11.681199999999999
12.2685
12.3308
11.8674
12.1256
12.404200000000001
11.700500000000002
11.8102
12.0775
11.8069
11.7112
12.2939
11.7614
12.0361
12.3496
11.9239
12.1053
11.8173
11.6815
11.627699999999999
12.5633
11.9094
11.5814
11.809999999999999
11.7817
12.0901
12.5535
12.5553
11.912799999999999
11.772599999999999
12.0798
12.290799999999999
12.133700000000001
11.8768
12.0106
11.8103
11.6577
12.2536
12.283199999999999
12.0854
11.569899999999999
12.447
12.006400000000001
11.7652
11.9281
11.7797
11.7159
11.6515
11.7859
12.8721
13.169
11.6785
11.8017
11.8064
11.6884
12.162600000000001
12.168800000000001
11.8618
11.568399999999999
12.1455
12.2341
11.9846
12.121599999999999
11.8154
12.228
11.6662
11.786
12.1418
11.9953
13.282499999999999
11.8026
11.8396
11.8204
12.4031
12.436499999999999
12.2099
12.8049
11.763900000000001
12.266900000000001
12.614099999999999
12.3038
11.8266
11.823
11.6968
11.8384
12.000300000000001
12.4061
12.0331
12.3186
11.9071
11.847999999999999
11.5294
12.0771
12.4333
11.7559
11.555
11.813799999999999
11.9993
12.7289
11.8296
11.7794
11.870000000000001
11.6226
12.1517
12.2246
11.7524
11.752500000000001
11.8234
12.1984
11.8201
12.543800000000001
11.7562
11.5717
12.1198
12.0019
11.776299999999999
11.9083
12.5147
11.858600000000001
11.6332
11.7501
11.9679
12.189
12.1189
11.9144
11.8128
11.5244
12.0649
12.439499999999999
11.7465
11.56
11.7886
11.852
13.100999999999999
12.1134
13.517700000000001
12.5451
11.7167
12.1008
11.808000000000002
12.2314
11.5407
11.8835
12.2142
11.879199999999999
11.7231
12.3582
11.902700000000001
12.107
12.3118
12.4931
11.993
12.0863
12.3021
11.924900000000001
11.7345
11.6991
12.1925
13.0139
11.8979
12.2956
12.2773
11.8329
11.526200000000001
12.6198
11.8909
11.796199999999999
11.6157
12.2749
12.0797
12.7835
12.229000000000001
11.8394
11.6764
12.1963
11.681199999999999
12.1112
11.655199999999999
12.4466
11.7141
11.75
11.8332
12.536
11.7984
11.6914
11.634699999999999
11.9638
12.1871
11.9215
11.8001
11.8574
11.5818
12.2432
11.9633
12.3813
11.750200000000001
11.8591
12.2612
11.7796
11.611099999999999
12.071800000000001
12.0093
12.2244
11.7146
11.9436
12.1085
12.113499999999998
11.7045
12.2609
11.6472
11.793899999999999
11.814699999999998
12.5859
11.5463
11.831
11.9142
12.326699999999999
12.4649
12.2653
11.7457
11.673
12.0631
12.2836
11.6067
12.1344
11.827
11.8572
11.554699999999999
12.2186
12.1186
12.3383
11.5769
12.8603
11.726099999999999
11.6364
11.7798
12.0793
12.2679
11.8267
11.7255
11.8912
11.894699999999998
13.2154
11.9216
12.2104
11.8274
12.2866
11.7263
12.536200000000001
11.745099999999999
11.871
11.7003
11.7767
12.5527
12.6487
11.9375
11.6701
11.940600000000002
12.2432
11.723700000000001
12.0635
11.8726
12.2259
11.700199999999999
11.857299999999999
11.9795
12.3179
12.0885
11.920200000000001
11.6988
11.6177
11.8283
12.804499999999999
11.8066
11.657499999999999
11.8131
12.219000000000001
11.7218
12.3874
11.903
12.0384
11.5537
12.363000000000001
11.6533
12.1747
11.8184
12.2675
11.687299999999999
11.727400000000001
12.2378
12.3069
11.5668
12.2681
11.796
11.7486
11.6211
12.4831
12.0329
11.972
11.631300000000001
12.3593
11.896500000000001
14.9091
11.6906
11.8248
11.8056
11.7981
12.207600000000001
12.1142
11.814
11.5746
11.732700000000001
12.1521
11.722700000000001
12.443100000000001
11.8256
12.3184
12.1071
11.770199999999999
11.825000000000001
11.8589
11.814
12.2507
11.9659
11.5279
12.7348
12.6414
12.325600000000001
11.986
12.1274
11.9712
12.4372
11.9735
11.8929
11.6805
11.641
12.2056
12.536999999999999
12.1982
11.6857
12.006499999999999
12.3083
11.548900000000001
11.8704
12.041400000000001
11.773900000000001
11.5792
12.2554
11.9636
11.921100000000001
12.2435
11.8348
12.3147
11.678799999999999
11.807099999999998
11.8254
11.827300000000001
12.453000000000001
11.8092
11.783800000000001
11.5429
12.0386
12.5929
11.7053
11.7335
12.026399999999999
11.712399999999999
12.268899999999999
11.9877
11.8194
11.7941
11.8537
12.2349
11.989700000000001
12.310599999999999
11.862400000000001
11.7423
12.2416
11.7146
11.7252
12.109399999999999
11.6489
12.4422
12.5948
11.7212
11.8239
12.3176
12.1867
11.6296
11.848799999999999
11.7864
11.932
11.8439
12.2674
11.7599
11.561200000000001
11.784899999999999
12.004000000000001
12.8617
11.6836
12.466899999999999
11.8018
11.723600000000001
12.014199999999999
12.118200000000002
11.817599999999999
11.674
11.700099999999999
12.3663
12.4584
12.2519
12.0209
12.2671
12.2224
11.9986
11.8277
11.955300000000001
11.9268
12.2578
11.8642
12.030000000000001
12.1762
12.290199999999999
12.2643
11.567400000000001
11.9465
11.8778
11.7407
12.3324
11.795200000000001
11.7143
11.691500000000001
11.775300000000001
12.5267
12.4014
11.677
11.881499999999999
12.273900000000001
11.5343
12.2103
12.049900000000001
11.981399999999999
11.8084
12.238000000000001
11.831700000000001
11.9808
12.205499999999999
11.925099999999999
12.2028
11.7093
11.9774
12.0772
11.997499999999999
11.6504
11.9004
12.189200000000001
11.6632
12.095
12.3013
11.9745
11.5829
12.2203
11.7491
11.7483
11.9725
11.9667
12.6502
11.860000000000001
11.9022
14.1516
12.7974
11.6363
11.7499
12.0716
11.6922
12.027700000000001
12.1881
11.8011
11.5731
11.7737
12.2238
11.864899999999999
12.088099999999999
11.816699999999999
12.27
11.8484
12.3193
11.786200000000001
12.147
11.5911
11.7912
12.1984
11.9275
12.4742
12.525500000000001
12.4161
12.1541
11.9985
11.713899999999999
11.941
12.0137
11.863800000000001
11.8712
12.371699999999999
12.1849
12.0045
12.2388
11.682
12.2829
11.9183
11.865499999999999
11.633
12.0517
12.2951
11.571100000000001
11.8246
11.714
11.8472
12.140400000000001
12.3931
11.8414
11.740799999999998
11.7105
12.007200000000001
12.3041
11.6496
11.9118
11.978900000000001
11.5443
12.4804
12.3469
11.9556
11.5745
11.745000000000001
12.2296
11.5414
12.283999999999999
11.788699999999999
11.9891
11.559
12.2319
12.1089
12.1434
11.744299999999999
11.8194
12.3433
11.766499999999999
11.6983
12.1471
11.626900000000001
12.8185
11.734
11.8445
11.950000000000001
12.3425
11.7537
12.3414
11.6707
11.7866
11.6997
11.9883
12.2905
11.9916
11.692499999999999
11.6448
12.0482
12.6515
11.5692
12.385200000000001
11.898499999999999
11.9581
11.547500000000001
12.7028
11.693999999999999
11.8077
12.3711
12.2608
12.224300000000001
12.0981
12.4545
12.0524
12.477200000000002
11.5524
11.949
12.1219
11.6572
11.7409
12.430800000000001
12.1096
11.8245
12.2184
12.001700000000001
12.2084
11.6663
11.6721
11.7893
12.081
11.8728
12.0785
11.7794
11.640899999999998
11.8911
12.3173
12.0738
11.9463
11.7131
11.8751
11.8652
12.659500000000001
11.688600000000001
11.6625
11.8787
11.7562
12.042900000000001
12.64
11.8443
11.7728
11.5947
11.918
12.2045
12.1068
11.862499999999999
11.8119
11.723700000000001
12.107800000000001
12.071399999999999
12.3158
11.7214
11.691999999999998
12.2021
11.9954
11.5442
12.058599999999998
13.8194
12.3482
11.8963
13.4398
12.0209
12.4075
12.1285
11.8597
11.7058
11.8272
11.634500000000001
12.597199999999999
11.722700000000001
11.6604
11.9359
11.9313
11.8759
12.591
11.8333
12.254199999999999
11.645199999999999
11.7006
12.2674
12.0328
11.561
11.9475
12.051900000000002
12.518899999999999
11.7984
12.5599
12.3245
11.8493
12.1477
12.1945
11.9344
12.0073
11.808000000000002
12.216899999999999
12.2971
11.768600000000001
11.9869
12.177900000000001
11.7152
12.2932
11.818900000000001
11.700199999999999
11.642299999999999
12.113999999999999
11.9725
11.9726
11.8246
11.9535
11.903
12.132900000000001
12.3955
11.7818
11.701400000000001
11.8415
11.7926
12.6129
11.5503
11.918899999999999
11.8833
11.6527
11.9009
12.950700000000001
11.8282
11.892700000000001
11.7304
11.777899999999999
12.1311
12.0831
11.735199999999999
11.8316
11.8154
12.1801
11.9123
12.381599999999999
11.6914
11.8018
11.7143
12.1302
11.9438
12.6801
11.822799999999999
12.1674
11.7294
11.7855
11.8393
12.411
11.7889
12.4049
11.5777
11.8044
11.7667
12.3797
11.7168
11.854099999999999
11.8536
11.8834
11.8831
12.7339
11.6781
11.8499
12.0785
11.8341
12.1331
12.1345
11.911200000000001
12.1274
11.6604
12.3141
12.1137
12.228100000000001
12.320599999999999
12.0248
12.08
12.1108
11.956700000000001
12.4209
12.124899999999998
11.5786
12.1535
11.796600000000002
11.7427
12.4985
11.8698
12.2624
11.632399999999999
11.6875
11.7485
11.9255
11.7348
12.483899999999998
11.8674
11.7322
11.915000000000001
12.3262
12.0709
11.8303
11.707
11.776
11.8826
12.5583
11.7555
11.7304
11.9411
11.8249
11.894
12.6411
11.9895
12.0595
11.6969
11.6709
12.2147
12.0234
11.5634
11.8163
11.8009
12.418800000000001
11.736
12.3405
11.9191
11.8096
11.7438
12.2294
12.4518
12.8099
11.7617
11.828999999999999
14.8624
11.7074
12.0567
12.327599999999999
11.964
12.0948
11.966
11.694700000000001
11.6426
12.1272
12.2943
11.774099999999999
11.692499999999999
11.760100000000001
12.182500000000001
12.110299999999999
12.311300000000001
12.191
11.834000000000001
11.682599999999999
12.266499999999999
12.0824
11.977
11.8534
11.848600000000001
12.4703
11.9237
12.5889
12.3608
12.0324
12.213999999999999
11.956700000000001
12.1411
12.269
11.7737
12.1859
12.113199999999999
11.5473
12.058599999999998
12.3807
12.4013
11.6679
11.715
11.7594
11.6492
12.4807
11.8069
11.7258
11.9783
11.7946
12.436900000000001
12.0921
11.828800000000001
11.802399999999999
11.8764
11.5555
12.2672
12.497100000000001
11.6697
11.7491
11.8183
12.420499999999999
11.869
12.2174
12.0284
11.964799999999999
12.0976
11.6312
11.8245
11.9547
11.849200000000002
11.7742
12.237599999999999
11.638900000000001
12.125800000000002
12.273
11.7727
12.277899999999999
11.8333
11.6811
12.5726
12.0863
12.416699999999999
11.585099999999999
11.7846
11.863800000000001
12.080499999999999
12.057
12.3217
11.9294
11.7263
11.795399999999999
11.764800000000001
12.5382
11.8236
11.7543
11.781099999999999
11.629999999999999
12.3773
12.2668
11.9624
11.7758
12.1488
11.7176
12.3031
12.1735
11.823699999999999
11.7454
11.8608
12.241999999999999
12.1154
12.515
11.7366
12.5708
12.0358
11.8103
12.3132
12.2373
12.2889
11.5972
11.8477
12.3143
12.05
12.6258
11.861699999999999
11.9861
11.7147
11.803799999999999
12.1156
12.1035
11.6961
11.750200000000001
11.918399999999998
12.2343
11.9846
12.3418
11.7444
11.6798
12.203000000000001
11.7221
12.005099999999999
11.858600000000001
11.956700000000001
12.227500000000001
11.6783
11.721
14.7004
12.5653
12.0645
11.8959
11.85
11.8299
11.5409
12.445
11.8108
11.6548
11.7183
11.8145
12.4054
12.3938
11.766
11.907900000000001
11.682599999999999
12.7849
11.6941
12.082600000000001
11.6394
14.036200000000001
12.1815
11.8291
11.8386
12.280299999999999
11.7382
12.225200000000001
11.7415
11.782300000000001
11.8857
12.060400000000001
12.196399999999999
11.8093
11.7119
11.724699999999999
11.9808
12.6649
11.9641
12.3351
11.9136
11.7912
11.5431
12.9363
11.7919
11.783999999999999
11.5928
12.1812
12.6835
12.338
12.1327
12.0101
11.9646
13.9929
13.9413
12.242799999999999
12.1634
11.5816
12.1323
11.7645
12.006499999999999
12.0754
11.8088
12.2194
11.8439
11.7012
11.8665
11.9687
12.0778
11.8498
11.8173
11.584999999999999
12.1745
12.866999999999999
11.883
11.571100000000001
11.789900000000001
11.8544
12.152800000000001
11.844199999999999
11.856200000000001
11.9537
11.6431
11.6717
12.555399999999999
12.3491
11.767299999999999
11.7311
11.8146
12.225
11.8149
12.0108
11.8496
11.631300000000001
11.6644
12.1829
11.8912
12.349
12.1464
11.7142
14.125499999999999
11.8064
11.8009
11.993699999999999
11.657300000000001
12.297799999999999
12.0024
11.5605
11.968
12.2807
12.1348
11.574
12.1213
11.7758
11.7093
12.6575
11.928799999999999
11.764800000000001
11.6556
11.762099999999998
12.4443
12.2212
12.1817
12.0359
11.8323
11.5435
12.3725
12.041500000000001
11.7945
11.7438
12.486600000000001
12.0012
12.4817
12.4939
11.9993
12.3015
12.2659
11.8039
11.837800000000001
12.0054
12.2621
12.2719
11.8591
11.5546
11.977500000000001
12.6702
11.8971
11.5884
11.8216
12.0088
12.1294
11.9816
12.163200000000002
11.7223
11.6735
12.2392
12.0596
12.6588
11.6745
11.7494
12.2775
12.0101
11.8102
12.0637
11.8741
12.0874
12.1815
11.6948
11.8371
12.3393
12.2124
11.875
11.6605
11.7993
11.9222
11.8414
12.222
11.819700000000001
11.9245
11.5454
12.0048
12.7516
11.6691
12.449200000000001
11.860199999999999
11.789000000000001
12.0909
11.9609
14.479000000000001
11.837200000000001
11.795
12.4055
12.001100000000001
12.2341
11.6743
11.8352
12.2468
11.5519
11.8413
12.184199999999999
11.9148
11.5678
12.2662
11.7569
11.975
12.611600000000001
11.8756
12.3181
12.0634
11.7307
11.8018
12.0795
12.2014
12.009
12.0398
12.0005
12.769300000000001
13.0594
11.9021
12.2601
11.8014
11.8392
11.7017
12.3536
12.0419
12.5572
11.599
12.4461
11.9498
12.33
11.764999999999999
11.8618
11.6893
12.236699999999999
11.809999999999999
12.120199999999999
11.6944
12.1999
11.7453
11.8133
11.9458
12.2459
11.914
12.277800000000001
11.7059
11.7998
11.708
12.1406
12.1091
11.996400000000001
11.7129
11.7865
12.0052
12.6082
11.891
11.6659
11.8382
11.770100000000001
11.5519
12.4854
12.041500000000001
11.7196
11.6603
11.8059
12.3844
12.0348
12.750499999999999
11.8356
12.0587
11.721300000000001
11.9483
12.115
11.8515
11.5819
11.8103
12.2158
11.8194
12.488000000000001
11.732899999999999
11.9168
12.128699999999998
11.676499999999999
11.7505
11.9372
11.948200000000002
11.875
12.2171
11.647599999999999
12.540799999999999
12.3604
11.5859
12.417
11.815199999999999
11.7078
11.7936
12.084100000000001
12.323
11.646099999999999
12.1271
12.543500000000002
12.224499999999999
12.5723
11.9466
12.3846
11.849
11.6682
11.6838
12.5789
11.7282
12.145100000000001
11.8932
12.3781
11.7239
12.4169
11.7897
11.8406
11.548599999999999
12.2538
11.758799999999999
12.0847
11.7406
11.914299999999999
12.2459
11.6545
12.1165
12.3703
11.616
12.298
12.148900000000001
11.7994
11.548599999999999
12.0531
12.2014
11.997499999999999
11.741200000000001
11.7556
12.150400000000001
12.4721
11.8606
11.928700000000001
11.727
11.782
11.668700000000001
12.2124
11.6549
11.861500000000001
11.8194
12.097999999999999
11.9718
13.0588
11.762500000000001
11.657
12.4212
11.942599999999999
11.7147
14.1461
11.9315
12.28
11.7499
11.6496
11.9727
12.376800000000001
11.7363
12.3807
11.8087
11.8007
11.5385
12.1364
12.2981
11.8375
11.9049
11.8246
12.4428
12.6995
12.0206
11.8684
11.693
11.7206
11.6798
12.4125
12.179
12.0432
12.0141
12.273900000000001
11.8347
15.9668
12.4037
11.8958
11.7805
11.8231
12.247900000000001
12.0564
12.046899999999999
11.8329
11.8925
11.5518
12.6419
12.359200000000001
11.7759
11.6677
12.2743
11.6764
11.7529
11.9007
11.930299999999999
11.7585
12.2254
11.6979
11.9857
12.283900000000001
12.0937
11.774
11.8094
11.7885
11.790000000000001
11.942599999999999
12.3638
11.642299999999999
11.811300000000001
11.6793
11.8191
12.8412
11.748700000000001
11.7245
11.637500000000001
11.866399999999999
12.399500000000002
11.8452
11.850100000000001
11.8142
12.5027
11.548
12.978200000000001
12.267800000000001
11.8845
11.583400000000001
12.2886
11.8522
11.8221
11.987400000000001
11.7683
12.271600000000001
11.6554
11.6769
12.0748
12.167000000000002
12.305200000000001
11.8741
11.7562
11.640899999999998
11.794799999999999
12.0389
12.1484
11.8652
11.9253
11.8211
11.9229
13.2082
11.921899999999999
11.5595
11.7759
11.757200000000001
12.082799999999999
11.962800000000001
11.9314
11.872499999999999
11.7011
11.9222
13.123299999999999
16.6464
11.85
11.7744
11.8711
12.2704
11.9554
12.0996
11.707
11.8559
12.0609
11.8707
11.8666
12.6762
11.6625
12.368799999999998
11.7656
11.6265
11.6729
12.135200000000001
12.2633
11.875
11.8253
11.7883
11.7222
12.8199
11.8294
11.9547
11.606200000000001
11.7294
12.2668
12.3194
11.543
11.803799999999999
11.7438
11.7897
12.2392
12.274999999999999
11.9755
11.661
11.7141
12.279399999999999
11.711400000000001
12.182
11.6897
11.8281
12.1073
12.4709
11.8873
12.2199
11.9566
12.138
11.883
12.2349
14.1794
12.6085
11.7003
11.632200000000001
11.7949
11.8054
11.7385
12.747
11.818999999999999
11.808900000000001
11.7087
11.7997
12.2235
11.946399999999999
11.617199999999999
11.963
11.7997
11.608500000000001
13.026100000000001
12.5457
11.8578
11.6259
11.6865
12.1891
11.7056
12.0079
12.0585
12.3222
12.062899999999999
12.3337
12.9351
12.3506
11.5741
12.3141
11.8263
11.936499999999999
11.706
12.177900000000001
12.1999
11.6549
11.7033
11.7738
11.9228
12.6856
11.9087
11.8304
11.7376
11.7548
11.671000000000001
12.3376
11.7983
11.9135
11.7869
11.6538
12.357899999999999
12.3165
11.5738
11.854
11.793800000000001
11.7214
12.0516
12.4739
11.8079
11.5542
11.7468
12.1326
11.9506
12.0261
11.771099999999999
11.7942
12.3251
11.5383
11.751199999999999
12.1082
11.7107
11.698500000000001
12.811
11.7695
11.983
12.201699999999999
11.9142
12.058
11.822799999999999
11.6605
11.783999999999999
12.0144
12.2032
11.890400000000001
11.6761
11.818999999999999
12.0015
12.2264
12.0962
11.8059
11.823699999999999
11.6795
11.8072
12.4698
11.8666
11.5687
11.8073
12.2264
12.4569
12.2965
11.9873
11.709999999999999
11.6483
12.2948
11.8823
11.8396
11.893600000000001
12.0269
14.212499999999999
13.808300000000001
11.7277
12.6602
11.7508
12.276499999999999
11.6609
12.0456
11.6859
12.0052
12.1919
11.8831
11.7123
11.646
11.9992
12.9173
11.6242
11.9948
11.7155
11.952300000000001
11.5379
12.522699999999999
11.7972
11.8477
11.7013
11.7737
12.5211
12.161
11.734100000000002
12.059099999999999
11.6565
12.2791
11.7647
12.208
11.8122
11.7857
11.6971
12.1073
11.9773
12.3335
11.7333
11.6633
12.270299999999999
11.9046
11.5353
12.0798
11.775
11.7183
14.3357
11.844000000000001
11.9396
12.414200000000001
11.5668
12.2325
13.578700000000001
11.8248
11.608
12.461699999999999
11.916599999999999
11.674199999999999
11.9877
11.8283
11.8835
12.6001
11.808900000000001
11.8187
11.5457
11.7634
12.2874
12.163699999999999
11.569700000000001
11.8375
12.187
11.5501
12.561
12.344100000000001
11.8513
11.839
11.7087
12.257
12.013
11.976
11.9864
12.2396
15.6973
11.7719
12.0361
12.1817
11.9077
12.1277
11.926
11.8846
11.6279
12.2634
11.7053
12.2763
11.6236
11.8403
11.8547
12.1129
12.4087
11.8034
11.9465
11.6419
11.7943
12.6387
11.6553
11.8342
11.7098
11.7537
11.8183
12.4721
11.7264
12.0594
11.9722
11.826400000000001
11.6898
11.9837
12.2322
11.9412
11.5605
11.789900000000001
11.9608
12.6066
11.5651
11.866200000000001
11.7547
11.6334
11.812
12.5741
11.7869
12.2325
11.715
12.5243
11.8634
12.1654
11.9802
11.8206
11.5806
12.18
11.6982
12.0446
11.5327
11.9583
12.1732
11.755099999999999
11.872
12.31
11.762599999999999
11.9583
11.8406
11.7387
11.700000000000001
12.2998
11.7216
12.2635
11.895299999999999
12.219100000000001
11.9081
12.1884
11.8122
11.968599999999999
11.88
11.6466
12.2722
12.3431
11.5643
12.8651
11.9627
12.4408
11.8661
12.5062
11.883
11.817599999999999
11.5511
12.1971
11.770100000000001
11.9349
11.677
11.9331
12.3069
11.6481
11.857899999999999
12.2966
11.625200000000001
12.092500000000001
12.0899
11.750399999999999
11.664000000000001
12.0892
12.170300000000001
11.6655
11.698500000000001
11.7839
11.9778
12.0276
12.3811
11.9119
11.8168
11.7013
11.8395
12.4952
11.6209
11.6919
11.799199999999999
11.748800000000001
12.4153
12.184199999999999
11.776299999999999
11.7784
11.756
11.6928
12.062899999999999
12.1758
12.7154
11.7031
11.6065
12.2062
12.0941
12.1938
11.683
13.8456
12.3307
11.745999999999999
11.6212
11.9649
11.7723
11.6595
11.8532
11.6861
12.0227
12.6564
11.7932
11.736999999999998
11.6093
11.757200000000001
12.0305
12.0786
11.6382
11.9493
12.5243
12.2325
12.210500000000001
12.1933
11.872499999999999
11.7346
13.003499999999999
11.8414
11.9162
12.0247
12.215399999999999
12.3287
12.0585
12.038
12.0549
12.3169
12.2358
11.6843
12.1414
11.7176
11.6268
12.0054
12.2259
11.6458
12.0045
11.710999999999999
11.8707
12.6394
11.8297
11.7214
11.688
11.8307
11.969000000000001
12.1517
11.750200000000001
12.368799999999998
11.7853
11.5221
12.0152
12.2951
12.1851
11.7054
11.9721
11.848700000000001
11.6493
12.0006
12.3535
11.7576
11.6218
11.7586
12.568
12.0573
11.8932
11.8041
11.753599999999999
11.521
12.187999999999999
12.9354
11.6231
11.8897
11.7903
12.1889
11.8202
12.3681
11.884
11.610199999999999
12.2722
11.8295
11.809
11.8834
12.2433
11.7988
11.820300000000001
11.8759
11.9581
12.1776
12.191699999999999
11.795
11.8124
11.6876
11.6582
12.4911
11.77
11.8603
12.4055
11.8134
12.080300000000001
12.2744
11.826
11.8636
11.632399999999999
11.6816
12.360100000000001
12.441799999999999
11.6659
12.4511
12.8795
11.873999999999999
11.9932
12.193000000000001
11.8156
12.3097
11.8077
11.6659
11.7316
11.9032
12.135399999999999
11.7547
11.6466
11.8023
12.1214
12.236699999999999
12.1083
11.777700000000001
11.785
11.527199999999999
11.8413
12.5235
11.9862
11.571100000000001
11.7919
11.8621
12.218100000000002
12.2265
11.7404
12.082
11.6219
12.420499999999999
11.6975
11.920399999999999
11.738
11.8084
11.6968
12.0764
11.9584
12.2726
12.0609
12.1021
11.6966
11.7691
11.592500000000001
12.6433
11.7003
12.281699999999999
11.7729
11.7877
11.8684
12.2742
14.0009
11.976600000000001
11.7973
11.519
11.7768
12.6612
11.9703
11.563600000000001
11.782499999999999
12.0324
14.8674
13.1593
12.8187
13.2485
11.9337
12.0955
11.7401
12.168
12.3942
12.215399999999999
12.168999999999999
11.902299999999999
11.9465
12.5492
11.7242
11.8143
11.6095
12.3246
11.9008
16.9413
12.2004
11.7448
12.4425
11.688799999999999
11.7855
12.716399999999998
11.765899999999998
11.7922
12.1344
11.7964
11.7559
11.8314
11.8619
12.217
11.786200000000001
11.5268
12.0812
12.2572
12.107700000000001
11.7981
11.7748
11.8669
12.1294
11.9999
11.823
11.7884
11.7641
12.299900000000001
11.9657
12.0331
12.2052
11.806000000000001
12.1397
11.750399999999999
11.8688
11.9855
11.638900000000001
12.2387
11.7614
11.552299999999999
11.9922
12.2852
12.4182
11.565000000000001
11.7755
12.699300000000001
11.758700000000001
11.7978
12.281600000000001
11.858799999999999
11.640899999999998
11.9334
12.4307
12.1832
11.627699999999999
11.7981
11.884799999999998
12.0475
11.806799999999999
12.1143
11.8261
11.654599999999999
12.2282
11.7057
12.0783
12.2859
11.8027
11.7283
12.2871
11.794
11.7718
12.1104
12.2411
12.197799999999999
11.8644
11.6119
12.1877
12.199200000000001
12.238900000000001
11.636199999999999
11.7984
11.7521
12.3156
12.4238
12.1573
12.415600000000001
11.7462
12.4137
11.9733
12.515699999999999
11.6498
11.750399999999999
12.1811
11.7705
11.7662
12.1629
12.2086
11.5575
11.7586
11.727
11.8117
12.7947
12.041500000000001
11.7409
11.804200000000002
11.801499999999999
12.421
11.8058
11.758899999999999
11.809
12.017399999999999
11.5231
12.6599
12.206399999999999
11.8173
11.91
11.7889
11.6842
11.6346
12.3057
12.2726
11.5514
11.7936
11.7611
11.9512
12.0483
12.399500000000002
11.870199999999999
12.1909
11.8634
12.2269
11.9754
11.6401
11.7921
11.7577
11.627
13.0825
14.411999999999999
11.811200000000001
11.737300000000001
12.075600000000001
11.8295
11.835099999999999
11.8103
11.9438
12.1505
11.8567
11.5195
11.9393
12.3567
12.0471
11.8892
11.8019
11.8483
11.910799999999998
11.9794
12.212
11.7745
12.1393
11.684899999999999
11.9971
12.3006
12.2197
11.727599999999999
11.658399999999999
12.794099999999998
12.112
12.3178
12.3614
12.106
12.2249
11.8023
12.2074
12.790700000000001
11.9209
11.7882
11.5426
11.7339
12.290199999999999
11.884799999999998
11.7398
11.8006
11.763
11.5228
12.5197
12.202599999999999
11.623
11.969999999999999
11.8429
12.1554
11.6332
11.9283
11.8935
11.643
12.2094
11.6779
12.3228
12.2888
11.9252
12.2316
11.637599999999999
11.7808
11.7356
11.9635
12.1692
11.8115
11.802200000000001
11.5244
11.980899999999998
12.7087
11.8202
11.5518
12.744200000000001
11.9296
12.2133
11.956299999999999
11.7828
11.7308
11.619000000000002
12.1756
11.9306
12.344000000000001
11.638900000000001
11.7974
12.1714
11.5269
11.9661
12.0138
11.6744
12.601799999999999
12.0724
11.7307
11.922600000000001
12.2379
12.509400000000001
11.7108
11.6243
11.742799999999999
12.0792
13.6696
12.265699999999999
13.5359
11.8735
