318.19999998807907
21.900000005960464
20.599999994039536
22.5
25.700000002980232
22.400000005960464
22.099999994039536
29.600000008940697
20.69999998807907
19.600000008940697
21.599999994039536
20
19.100000008940697
20.899999991059303
19.100000008940697
28
20
21.69999998807907
23.900000005960464
20.799999997019768
22.900000005960464
30.399999991059303
28.600000008940697
26.799999997019768
22.400000005960464
20.899999991059303
24.600000008940697
25.19999998807907
25.200000002980232
29.200000002980232
20.5
19.299999997019768
18.600000008940697
24.099999994039536
20.200000002980232
19.899999991059303
18.600000008940697
26.799999997019768
52.79999999701977
34
21.299999997019768
20.80000001192093
21.69999998807907
19.80000001192093
23.599999994039536
20.200000002980232
23.099999994039536
27.100000008940697
31.5
29.19999998807907
24.900000005960464
25.799999997019768
21.799999997019768
19.5
23.80000001192093
26.099999994039536
30.299999997019768
28.700000002980232
23.200000002980232
19.200000002980232
33.3999999910593
29.400000005960464
72
34.599999994039536
24.900000005960464
24.299999997019768
18.900000005960464
25.299999997019768
20.899999991059303
23
17.80000001192093
17.599999994039536
26.700000002980232
23.899999991059303
19.100000008940697
23.700000002980232
18.5
25.799999997019768
20.200000002980232
19
19.69999998807907
17.600000008940697
25.299999997019768
25.299999997019768
23
17.900000005960464
16.5
17.700000002980232
16.69999998807907
26
22.30000001192093
21.099999994039536
19.5
19.200000002980232
18.299999997019768
20.599999994039536
19.80000001192093
18.899999991059303
23.5
18.799999997019768
17.700000002980232
17.5
16.799999997019768
15.800000011920929
15.5
18.099999994039536
16.099999994039536
17.200000002980232
18.200000002980232
16.599999994039536
15.600000008940697
15.399999991059303
15.100000008940697
16.5
18.399999991059303
15.5
17.100000008940697
16.099999994039536
16.5
16
15.299999997019768
15.900000005960464
16.700000002980232
15.200000002980232
23.399999991059303
23.299999997019768
15.700000002980232
15.5
16
16.200000002980232
15.900000005960464
15.799999997019768
15.700000002980232
15.299999997019768
15.399999991059303
15.200000002980232
15.5
15.400000005960464
15.5
15.599999994039536
15.299999997019768
16.100000008940697
16.200000002980232
16.399999991059303
15.5
15.900000005960464
15.399999991059303
15.300000011920929
15.299999997019768
15.5
15
15.299999997019768
15.099999994039536
16.200000002980232
15.400000005960464
15.5
15.799999997019768
15.599999994039536
15.700000002980232
23.900000005960464
17.299999997019768
15.5
15.599999994039536
15.5
15.5
15.100000008940697
21.599999994039536
21.200000002980232
16.700000002980232
16.700000002980232
18
17.299999997019768
15.299999997019768
15.200000002980232
15
15.799999997019768
17.599999994039536
16.400000005960464
15.599999994039536
15
15.300000011920929
15.099999994039536
15.200000002980232
15.399999991059303
16.400000005960464
15.299999997019768
18.700000002980232
15.799999997019768
15.700000002980232
16.200000002980232
17.200000002980232
16.299999997019768
15.700000002980232
15.199999988079071
15.200000002980232
15.299999997019768
14.800000011920929
15
15.099999994039536
15.299999997019768
15.100000008940697
14.899999991059303
15.700000002980232
15.400000005960464
15.599999994039536
15.599999994039536
15.600000008940697
20.799999997019768
18.200000002980232
15
15.399999991059303
15.5
15
14.700000002980232
16.100000008940697
15.299999997019768
15.099999994039536
15.100000008940697
15
16.099999994039536
15.099999994039536
15.300000011920929
16.899999991059303
16.400000005960464
15.399999991059303
15.600000008940697
15.5
15
14.899999991059303
15.400000005960464
14.599999994039536
15.100000008940697
15.099999994039536
15.400000005960464
15.399999991059303
16.200000002980232
18.299999997019768
15.400000005960464
16.299999997019768
15.5
15.299999997019768
17.30000001192093
17.19999998807907
15.800000011920929
15.5
15.099999994039536
15
15
19.200000002980232
20
17.099999994039536
16.400000005960464
16.200000002980232
15.699999988079071
15.700000002980232
15.299999997019768
16.100000008940697
16.200000002980232
15.799999997019768
15
15.299999997019768
15.099999994039536
16
15.600000008940697
15.399999991059303
15.5
14.700000002980232
15.200000002980232
15.299999997019768
14.799999997019768
14.800000011920929
14.899999991059303
15.299999997019768
15.100000008940697
15
14.799999997019768
15
15.299999997019768
15
14.900000005960464
15.700000002980232
15.699999988079071
16.5
15.800000011920929
15.099999994039536
24.5
15.900000005960464
16.299999997019768
15
15
17.299999997019768
18
15.200000002980232
15.200000002980232
14.899999991059303
15
15.200000002980232
15.299999997019768
15.400000005960464
15.799999997019768
17.599999994039536
15.200000002980232
17.400000005960464
15.299999997019768
15.5
15.799999997019768
18.299999997019768
14.900000005960464
14.799999997019768
14.600000008940697
15.899999991059303
15.299999997019768
14.900000005960464
15
18.099999994039536
15.300000011920929
15.5
15.799999997019768
15.099999994039536
15.799999997019768
15.5
14.800000011920929
14.899999991059303
15.100000008940697
15.199999988079071
15.600000008940697
15.700000002980232
15
15.099999994039536
15.700000002980232
15.299999997019768
19.099999994039536
19.400000005960464
15
15.099999994039536
17.400000005960464
14.900000005960464
14.699999988079071
15.200000002980232
14.900000005960464
15.099999994039536
15.100000008940697
15.299999997019768
14.599999994039536
15.100000008940697
15
15.5
15.299999997019768
18
18.200000002980232
14.899999991059303
15.200000002980232
16.400000005960464
15.299999997019768
14.899999991059303
15.400000005960464
15.099999994039536
15.800000011920929
16.299999997019768
17.5
15.5
14.899999991059303
15
16
15.700000002980232
17.700000002980232
15.400000005960464
15.299999997019768
14.700000002980232
14.799999997019768
15.799999997019768
17.599999994039536
14.900000005960464
14.799999997019768
14.900000005960464
16.099999994039536
15.400000005960464
14.700000002980232
17.799999997019768
15.299999997019768
15.900000005960464
15.099999994039536
15.799999997019768
15.400000005960464
15.299999997019768
14.900000005960464
14.899999991059303
14.700000002980232
14.799999997019768
14.900000005960464
14.700000002980232
14.899999991059303
15.400000005960464
15.700000002980232
15.699999988079071
15.400000005960464
15.900000005960464
16.299999997019768
15
15
19.299999997019768
18.200000002980232
15.299999997019768
14.799999997019768
15.299999997019768
15.5
19.30000001192093
16.099999994039536
15.900000005960464
15.599999994039536
15.900000005960464
15.699999988079071
16.30000001192093
15.299999997019768
15.399999991059303
15.100000008940697
14.899999991059303
15.700000002980232
15.400000005960464
14.899999991059303
15.100000008940697
15
15.099999994039536
14.600000008940697
15
15.199999988079071
15.800000011920929
15.399999991059303
15.900000005960464
16.099999994039536
18.799999997019768
16
15.400000005960464
15.700000002980232
15.700000002980232
16.19999998807907
17.30000001192093
15.699999988079071
14.900000005960464
14.700000002980232
15
15.099999994039536
21.900000005960464
18.5
15.299999997019768
14.5
14.5
14.5
14.900000005960464
14.599999994039536
16.099999994039536
15
15
15.400000005960464
16
15.599999994039536
15.100000008940697
15
14.799999997019768
14.900000005960464
15
15.299999997019768
15.099999994039536
16.900000005960464
15.200000002980232
15.699999988079071
14.800000011920929
14.699999988079071
14.5
14.800000011920929
14.799999997019768
15.399999991059303
15.100000008940697
15
15.599999994039536
15.700000002980232
21.200000002980232
17.5
15.200000002980232
15.199999988079071
14.800000011920929
15
15.599999994039536
16.400000005960464
19
20.099999994039536
15.400000005960464
14.899999991059303
14.700000002980232
14.900000005960464
14.599999994039536
15.099999994039536
14.5
15.200000002980232
16.100000008940697
18.399999991059303
15.5
14.900000005960464
14.700000002980232
15.599999994039536
15.299999997019768
15.600000008940697
18.599999994039536
16.099999994039536
15
14.5
15.800000011920929
17.099999994039536
16.5
14.900000005960464
15.299999997019768
15.399999991059303
14.600000008940697
14.599999994039536
14.700000002980232
15.400000005960464
14.699999988079071
14.600000008940697
14.899999991059303
14.900000005960464
14.799999997019768
14.600000008940697
15.399999991059303
14.900000005960464
15
14.700000002980232
19.899999991059303
18.700000002980232
15.299999997019768
15.400000005960464
14.899999991059303
14.800000011920929
14.899999991059303
14.5
14.5
15.299999997019768
14.700000002980232
14.600000008940697
15.099999994039536
14.900000005960464
17.299999997019768
19
14.700000002980232
14.699999988079071
14.600000008940697
15
14.599999994039536
15.600000008940697
15.099999994039536
16.5
15.200000002980232
15.299999997019768
14.700000002980232
15.200000002980232
14.799999997019768
14.599999994039536
14.799999997019768
14.900000005960464
14.599999994039536
14.5
14.800000011920929
15.299999997019768
17
18.599999994039536
15.400000005960464
15.599999994039536
14.799999997019768
15.200000002980232
23.799999997019768
20.600000008940697
14.799999997019768
17.400000005960464
16.899999991059303
16.299999997019768
15.700000002980232
14.700000002980232
15.799999997019768
15.200000002980232
14.599999994039536
14.600000008940697
15.099999994039536
14.900000005960464
14.399999991059303
14.800000011920929
14.899999991059303
14.700000002980232
15.099999994039536
15.300000011920929
15.199999988079071
15.100000008940697
14.5
14.700000002980232
15.199999988079071
16.900000005960464
14.700000002980232
14.700000002980232
15.799999997019768
15.099999994039536
15.5
15
15
14.600000008940697
15.199999988079071
14.700000002980232
15
15.200000002980232
14.599999994039536
14.700000002980232
15.100000008940697
14.599999994039536
18.799999997019768
20.900000005960464
15.099999994039536
15.299999997019768
14.600000008940697
14.599999994039536
16.200000002980232
14.700000002980232
14.700000002980232
14.299999997019768
14.899999991059303
14.700000002980232
14.600000008940697
15.199999988079071
15.200000002980232
14.799999997019768
16
16
16
17
17.200000002980232
15.5
15.100000008940697
14.5
15.799999997019768
17.599999994039536
16.100000008940697
15.599999994039536
15.5
15.299999997019768
14.700000002980232
14.599999994039536
14.5
15
14.5
14.600000008940697
14.899999991059303
15
14.800000011920929
15.299999997019768
14.799999997019768
14.400000005960464
19
20.19999998807907
14.900000005960464
14.400000005960464
15.199999988079071
14.600000008940697
14.599999994039536
14.299999997019768
15
14.600000008940697
14.700000002980232
14.899999991059303
15.100000008940697
15.5
15.199999988079071
16.600000008940697
15.899999991059303
15.300000011920929
21.19999998807907
14.600000008940697
15.200000002980232
14.5
14.899999991059303
14.900000005960464
16.299999997019768
15
15.200000002980232
15
14.899999991059303
15
14.800000011920929
14.799999997019768
15.099999994039536
14.700000002980232
14.400000005960464
14.699999988079071
14.800000011920929
15
14.599999994039536
14.599999994039536
14.300000011920929
14.899999991059303
19
19.299999997019768
17.200000002980232
14.799999997019768
14.400000005960464
15
16.299999997019768
18.100000008940697
17.399999991059303
16.5
16.100000008940697
14.899999991059303
14.600000008940697
14.5
14.799999997019768
14.599999994039536
14.700000002980232
14.900000005960464
14.899999991059303
14.400000005960464
14.799999997019768
14.5
14.900000005960464
14.5
15.899999991059303
14.5
14.299999997019768
14.700000002980232
14.600000008940697
16.299999997019768
14.5
14.700000002980232
15.899999991059303
15.400000005960464
14.599999994039536
14.799999997019768
14.5
14.5
14.5
14.800000011920929
15
18.299999997019768
17.599999994039536
21.799999997019768
14.300000011920929
14.5
14.599999994039536
15.099999994039536
15
15.200000002980232
15.799999997019768
15.5
14.600000008940697
14.799999997019768
14.599999994039536
14.800000011920929
14.5
14.5
14.399999991059303
14.700000002980232
14.5
14.700000002980232
14.299999997019768
15
14.799999997019768
14.600000008940697
14.699999988079071
15
15
16.600000008940697
16.200000002980232
15.399999991059303
14.400000005960464
14.5
14.799999997019768
19.200000002980232
19
14.700000002980232
15.199999988079071
14.600000008940697
14.799999997019768
14.700000002980232
15.099999994039536
15
17.299999997019768
20.100000008940697
15
15.299999997019768
14.900000005960464
15.299999997019768
14.899999991059303
14
14.700000002980232
14.600000008940697
14.699999988079071
14.800000011920929
14.899999991059303
14.700000002980232
14.5
14.400000005960464
15.299999997019768
14.700000002980232
15
14.399999991059303
15
14.5
16
22.100000008940697
15.5
14.799999997019768
15.5
14.799999997019768
14.700000002980232
15.299999997019768
14.900000005960464
14.199999988079071
14.5
15.100000008940697
14.5
14.899999991059303
14.5
14.600000008940697
14.200000002980232
14.699999988079071
14.600000008940697
14.399999991059303
16.900000005960464
18.900000005960464
15.5
15.199999988079071
14.600000008940697
14.700000002980232
15.599999994039536
15.299999997019768
14.400000005960464
15.200000002980232
16.399999991059303
16.299999997019768
14.600000008940697
15
14.5
18.200000002980232
17.099999994039536
16.299999997019768
15.100000008940697
15.199999988079071
14.800000011920929
14.699999988079071
14.400000005960464
14.5
14.099999994039536
14.5
14.800000011920929
14.899999991059303
15.100000008940697
14.599999994039536
14.900000005960464
14.099999994039536
15.700000002980232
14.799999997019768
17
14.599999994039536
14.5
14.300000011920929
14.699999988079071
14.800000011920929
14.299999997019768
14.799999997019768
20.400000005960464
20.099999994039536
16.099999994039536
17.80000001192093
18.899999991059303
15.299999997019768
14.700000002980232
14.5
14.5
15.600000008940697
15.5
16.399999991059303
16.200000002980232
15.900000005960464
16.5
16.19999998807907
16
15.700000002980232
16
15.799999997019768
15.700000002980232
15.700000002980232
15.5
21.299999997019768
17.200000002980232
16.799999997019768
20.100000008940697
19.399999991059303
15.600000008940697
15.5
15.099999994039536
15.400000005960464
16
18.399999991059303
15.100000008940697
15.199999988079071
17.700000002980232
16.100000008940697
15.799999997019768
16.899999991059303
16.30000001192093
16.099999994039536
19.799999997019768
19.5
15.200000002980232
15.400000005960464
15.099999994039536
15
15
15
15.5
15.299999997019768
15.299999997019768
15.100000008940697
15.099999994039536
14.900000005960464
15
14.599999994039536
14.400000005960464
14.200000002980232
14.399999991059303
14.700000002980232
14.5
14.200000002980232
15.799999997019768
15.299999997019768
17.799999997019768
20.600000008940697
14.200000002980232
14.799999997019768
14.299999997019768
14.299999997019768
14.5
14.600000008940697
14.799999997019768
14.799999997019768
14.700000002980232
14.5
15.299999997019768
14.5
15.599999994039536
14.700000002980232
14.5
14.400000005960464
18.299999997019768
18.599999994039536
15
15.200000002980232
15
15
15
15.200000002980232
15.400000005960464
14.799999997019768
15.099999994039536
15.200000002980232
15.099999994039536
15
15.200000002980232
15.600000008940697
17.19999998807907
17.30000001192093
15.899999991059303
15.400000005960464
15.299999997019768
15.099999994039536
16
17.600000008940697
15.899999991059303
15.100000008940697
14.599999994039536
14.299999997019768
14.600000008940697
14.299999997019768
15.400000005960464
14.5
14.5
14.599999994039536
14.299999997019768
14.799999997019768
22.100000008940697
18
16.899999991059303
17.100000008940697
14.799999997019768
14.299999997019768
18.600000008940697
18.5
14.699999988079071
14.400000005960464
14.599999994039536
21.200000002980232
14.400000005960464
14.899999991059303
16.100000008940697
15.299999997019768
14.900000005960464
14.599999994039536
14.200000002980232
14.099999994039536
15.100000008940697
14.199999988079071
14.200000002980232
15.400000005960464
14.799999997019768
14.900000005960464
14.199999988079071
14.300000011920929
14.599999994039536
14.400000005960464
14.299999997019768
14.299999997019768
14.299999997019768
14
14.200000002980232
14.200000002980232
14.200000002980232
14.699999988079071
14.400000005960464
14.200000002980232
14.700000002980232
15.199999988079071
14.400000005960464
14.200000002980232
15.299999997019768
15.5
14.299999997019768
17.900000005960464
19.899999991059303
19.30000001192093
14.799999997019768
14.200000002980232
15.099999994039536
17.099999994039536
15.5
14.5
14.300000011920929
14.399999991059303
14.5
14.100000008940697
14.199999988079071
14.400000005960464
14.599999994039536
14.300000011920929
14.399999991059303
14.200000002980232
14.700000002980232
14.799999997019768
14.599999994039536
14.600000008940697
14.700000002980232
14.699999988079071
14.600000008940697
14.200000002980232
14.199999988079071
14.700000002980232
14.600000008940697
23.899999991059303
14.900000005960464
14.399999991059303
16.100000008940697
15
15
14.399999991059303
14.300000011920929
14.5
14.599999994039536
14.799999997019768
14.299999997019768
14.300000011920929
20.19999998807907
17.80000001192093
14.899999991059303
14.5
15.700000002980232
14.799999997019768
14.200000002980232
14.599999994039536
16.600000008940697
15.099999994039536
14.900000005960464
14.299999997019768
15.200000002980232
15.399999991059303
14.800000011920929
14.399999991059303
14.5
14.700000002980232
14.299999997019768
14.299999997019768
14.400000005960464
14.700000002980232
14.399999991059303
17
15
15.300000011920929
14.799999997019768
17
16.5
14.700000002980232
14.699999988079071
16.600000008940697
16
14.5
14.099999994039536
14.900000005960464
14.700000002980232
14.599999994039536
14.5
14.5
14.5
14.400000005960464
18.5
20.899999991059303
14.900000005960464
14.200000002980232
18.899999991059303
18.200000002980232
16.5
16.599999994039536
14.900000005960464
15.200000002980232
16.599999994039536
16
15.700000002980232
15.799999997019768
15.200000002980232
15.599999994039536
15.400000005960464
14.299999997019768
15.100000008940697
14.299999997019768
15.299999997019768
14.200000002980232
14.799999997019768
14.299999997019768
14.200000002980232
14.799999997019768
14.400000005960464
14.799999997019768
14.400000005960464
14.399999991059303
14.299999997019768
14.400000005960464
14.700000002980232
14.200000002980232
14.299999997019768
14.200000002980232
14.199999988079071
14.400000005960464
14.799999997019768
14.200000002980232
14.299999997019768
14.700000002980232
18.5
20.299999997019768
14.700000002980232
14.099999994039536
14.600000008940697
17.599999994039536
15
15.100000008940697
14.199999988079071
15.5
17.5
14.800000011920929
14.299999997019768
15.899999991059303
17.200000002980232
14.700000002980232
14.200000002980232
14.200000002980232
14.399999991059303
14.600000008940697
15
14.299999997019768
14.299999997019768
14.200000002980232
14.700000002980232
14.199999988079071
14.200000002980232
14.5
14.700000002980232
14.599999994039536
14.200000002980232
14.200000002980232
15.099999994039536
14.5
17.100000008940697
20.700000002980232
14.699999988079071
14.700000002980232
15.600000008940697
15.199999988079071
15.400000005960464
14.299999997019768
18.5
18.600000008940697
14.699999988079071
14.900000005960464
14.099999994039536
14.600000008940697
14.399999991059303
14.200000002980232
15.200000002980232
14.400000005960464
14.299999997019768
14.399999991059303
14.300000011920929
15.899999991059303
14.299999997019768
14.5
14.100000008940697
14
14.599999994039536
14.299999997019768
14.200000002980232
14.200000002980232
14.299999997019768
14.200000002980232
15
14.099999994039536
14.300000011920929
14.099999994039536
15.700000002980232
14.599999994039536
18.200000002980232
15
15.099999994039536
14.900000005960464
14
15.5
18
14.400000005960464
14.099999994039536
14.299999997019768
15.100000008940697
17.599999994039536
18.599999994039536
20.100000008940697
15.700000002980232
14.799999997019768
14.700000002980232
14.399999991059303
15.299999997019768
16
14.900000005960464
14.200000002980232
13.899999991059303
15.200000002980232
14.799999997019768
15.300000011920929
18.799999997019768
19.299999997019768
21.599999994039536
19.30000001192093
19.899999991059303
24.5
18.5
20.200000002980232
19.200000002980232
15.399999991059303
15.800000011920929
15.5
18.099999994039536
19.200000002980232
15.899999991059303
17.400000005960464
19.799999997019768
16.200000002980232
15.299999997019768
15.100000008940697
15.099999994039536
15.700000002980232
15.799999997019768
15.299999997019768
14.299999997019768
15.100000008940697
15.299999997019768
15.299999997019768
19.200000002980232
18.5
16.5
15.099999994039536
15
14.900000005960464
15
17.700000002980232
16.299999997019768
15.400000005960464
15.099999994039536
15.299999997019768
15.799999997019768
17
16.80000001192093
15.199999988079071
14.800000011920929
17.799999997019768
17
17
14.299999997019768
14.700000002980232
14.099999994039536
14
14.299999997019768
14
14.700000002980232
14.200000002980232
14.5
15.299999997019768
16.299999997019768
15.400000005960464
15
14.400000005960464
14.299999997019768
20.899999991059303
17.400000005960464
14.400000005960464
15.099999994039536
14.200000002980232
14.099999994039536
14.5
16.799999997019768
19.5
15.400000005960464
14.799999997019768
15.200000002980232
14.900000005960464
14.699999988079071
15.100000008940697
15.399999991059303
14.700000002980232
15.700000002980232
15
15.099999994039536
15.300000011920929
14.899999991059303
15.299999997019768
14.600000008940697
15.099999994039536
14.900000005960464
15.099999994039536
15.799999997019768
15
15.200000002980232
14.900000005960464
15.599999994039536
15.299999997019768
14.800000011920929
14.699999988079071
14.5
15.200000002980232
15.200000002980232
18.900000005960464
15.599999994039536
15.200000002980232
15.299999997019768
15.099999994039536
15.400000005960464
15.5
15.900000005960464
16.69999998807907
16.200000002980232
15.600000008940697
19.19999998807907
18.100000008940697
17.200000002980232
15.299999997019768
15.200000002980232
15.299999997019768
15.599999994039536
14.200000002980232
14.400000005960464
14.899999991059303
15.299999997019768
15.100000008940697
14.099999994039536
14.700000002980232
14.5
14.700000002980232
19.700000002980232
18.099999994039536
17.900000005960464
17.399999991059303
18.900000005960464
18
15.099999994039536
14.799999997019768
14.700000002980232
14.200000002980232
14
14.5
14.299999997019768
14.299999997019768
14.300000011920929
14.699999988079071
14.400000005960464
15.200000002980232
14.5
15.099999994039536
14.400000005960464
14.399999991059303
14.200000002980232
14.299999997019768
14.200000002980232
14.200000002980232
19.099999994039536
17.5
15
14.400000005960464
14.099999994039536
14.700000002980232
14.200000002980232
14.299999997019768
14.200000002980232
14.700000002980232
14.099999994039536
14.400000005960464
19.200000002980232
15.599999994039536
15.299999997019768
15.700000002980232
15
15.599999994039536
15.300000011920929
15.199999988079071
14.100000008940697
14.299999997019768
14.5
15.700000002980232
16.899999991059303
14.700000002980232
14.5
15.400000005960464
17.599999994039536
14.600000008940697
14.299999997019768
14.200000002980232
14.299999997019768
14.799999997019768
14.599999994039536
14.700000002980232
14.299999997019768
14.400000005960464
15.700000002980232
23.899999991059303
14.5
14.800000011920929
19.399999991059303
20
15.200000002980232
14.799999997019768
15.200000002980232
14.900000005960464
14.399999991059303
14.200000002980232
14.700000002980232
14.399999991059303
14.200000002980232
14.200000002980232
14
14.599999994039536
14.200000002980232
14.400000005960464
15.200000002980232
14.799999997019768
14.700000002980232
14.399999991059303
14.5
14.700000002980232
14.299999997019768
14.100000008940697
15.399999991059303
14.600000008940697
15.299999997019768
14.599999994039536
14.200000002980232
14.599999994039536
14.100000008940697
14.299999997019768
14.900000005960464
14.399999991059303
14.100000008940697
14.5
14.699999988079071
18
14.700000002980232
15.200000002980232
14.599999994039536
14.400000005960464
18.5
17.5
15
15.400000005960464
15.099999994039536
15.200000002980232
15.200000002980232
16.899999991059303
16.5
14.799999997019768
15.400000005960464
18.299999997019768
16.799999997019768
14.800000011920929
15
15.099999994039536
14.5
14.900000005960464
15
14.899999991059303
15
16.100000008940697
16.5
15.399999991059303
15.299999997019768
14.800000011920929
15.199999988079071
15.800000011920929
19.599999994039536
18.799999997019768
17.200000002980232
17.299999997019768
15.200000002980232
15.099999994039536
16
15.700000002980232
14.100000008940697
14.199999988079071
14.400000005960464
15.400000005960464
15.5
15.199999988079071
19.5
18.900000005960464
15.200000002980232
14.700000002980232
14.199999988079071
14.400000005960464
14.200000002980232
14.599999994039536
14.100000008940697
14.699999988079071
14.300000011920929
14.199999988079071
14.800000011920929
14.399999991059303
14.200000002980232
14.400000005960464
14.099999994039536
14.200000002980232
17.200000002980232
16.19999998807907
15.200000002980232
14.700000002980232
15
14.700000002980232
15.200000002980232
14.299999997019768
14
14.799999997019768
14.799999997019768
15.200000002980232
15
15.299999997019768
16
18.100000008940697
14.599999994039536
15.400000005960464
17.099999994039536
16.5
14.799999997019768
14.900000005960464
15.399999991059303
15.100000008940697
20.5
26.200000002980232
15.299999997019768
14.899999991059303
15.200000002980232
15.400000005960464
14.799999997019768
15.200000002980232
15.599999994039536
15.400000005960464
14.799999997019768
14.299999997019768
13.900000005960464
14.200000002980232
14.599999994039536
14.5
14.200000002980232
14.299999997019768
14.599999994039536
14.100000008940697
15.200000002980232
15.199999988079071
15.900000005960464
15
15.099999994039536
15.100000008940697
14.700000002980232
15
15.299999997019768
15.399999991059303
15.200000002980232
15.100000008940697
15.399999991059303
15.100000008940697
15.299999997019768
14.099999994039536
14.200000002980232
14.5
14.299999997019768
14
14.200000002980232
14.400000005960464
21.5
22.19999998807907
14.800000011920929
15.299999997019768
14.799999997019768
15.200000002980232
15.200000002980232
15.099999994039536
16.200000002980232
15.799999997019768
14.900000005960464
15.199999988079071
15.300000011920929
14.799999997019768
14.799999997019768
16.799999997019768
16.900000005960464
15.099999994039536
14.900000005960464
15.799999997019768
17.400000005960464
15
14.699999988079071
15
22.900000005960464
14.400000005960464
14.299999997019768
15
14.700000002980232
16
15.099999994039536
15.799999997019768
15
17.900000005960464
15.599999994039536
18.700000002980232
18.299999997019768
16.900000005960464
20.099999994039536
16.600000008940697
20.099999994039536
17.900000005960464
21.5
23
17.799999997019768
17.299999997019768
16.299999997019768
17.900000005960464
18.5
17.599999994039536
16.200000002980232
15.200000002980232
15.099999994039536
15
14.700000002980232
15.299999997019768
15.100000008940697
15
16.099999994039536
15.299999997019768
15.100000008940697
16.899999991059303
16.299999997019768
15.200000002980232
15.100000008940697
15
14.699999988079071
14.200000002980232
14
15.600000008940697
14.5
14.399999991059303
14.200000002980232
14.599999994039536
15.300000011920929
14.199999988079071
15.100000008940697
19.099999994039536
17.299999997019768
21.400000005960464
20
15.799999997019768
16
17.900000005960464
22.5
24.399999991059303
23.700000002980232
14.600000008940697
16.399999991059303
15.100000008940697
15.199999988079071
15.5
15.100000008940697
15.200000002980232
15.299999997019768
15.700000002980232
15.099999994039536
15.5
14.900000005960464
15.199999988079071
14.700000002980232
14.5
15.200000002980232
15.200000002980232
14.799999997019768
15.400000005960464
14.5
13.899999991059303
15
15
14.200000002980232
14.400000005960464
14.199999988079071
14.600000008940697
14.599999994039536
14.200000002980232
14.099999994039536
14.800000011920929
14.5
14.399999991059303
15
15.200000002980232
15.299999997019768
21.5
14.700000002980232
19.299999997019768
20.200000002980232
22.700000002980232
15.200000002980232
15.399999991059303
14.299999997019768
14.400000005960464
14
14.599999994039536
14
15
14.300000011920929
14.099999994039536
14.799999997019768
15.799999997019768
14.700000002980232
14.600000008940697
14.599999994039536
14.200000002980232
14.200000002980232
15.299999997019768
18.700000002980232
15.199999988079071
17.200000002980232
19.299999997019768
14.200000002980232
14.700000002980232
14.799999997019768
14.400000005960464
14.5
14.799999997019768
14.099999994039536
14
15.600000008940697
15.799999997019768
14.799999997019768
14.700000002980232
14.599999994039536
18.400000005960464
14.700000002980232
14.200000002980232
14.099999994039536
14.299999997019768
18.400000005960464
20.099999994039536
14.900000005960464
14.299999997019768
15.099999994039536
14.600000008940697
14.299999997019768
14.099999994039536
14.200000002980232
14.5
14.299999997019768
14.5
14.600000008940697
14.700000002980232
14
14.099999994039536
14
14.299999997019768
14.100000008940697
14.299999997019768
14.099999994039536
14.700000002980232
14.5
16.599999994039536
15.700000002980232
15.100000008940697
15.399999991059303
14.799999997019768
14
14.800000011920929
14.899999991059303
14.100000008940697
14.099999994039536
14.200000002980232
14.200000002980232
14.299999997019768
14.200000002980232
14.199999988079071
14.900000005960464
14.700000002980232
15.399999991059303
14.700000002980232
19.400000005960464
17.5
14.399999991059303
14.100000008940697
15.099999994039536
20.799999997019768
16.30000001192093
18
14.299999997019768
14.599999994039536
14.100000008940697
14.199999988079071
14.100000008940697
14.700000002980232
15.5
14.799999997019768
15
14.599999994039536
14.400000005960464
14.200000002980232
14.199999988079071
14.600000008940697
15
14.399999991059303
14.200000002980232
14.299999997019768
14.700000002980232
14.200000002980232
14.099999994039536
14.300000011920929
15.099999994039536
14.400000005960464
14.199999988079071
14.300000011920929
14.5
14.099999994039536
14.099999994039536
13.900000005960464
14.599999994039536
20.400000005960464
14.5
13.900000005960464
19
18
14.199999988079071
14.400000005960464
14.599999994039536
14.300000011920929
19
15.399999991059303
15
14.900000005960464
14
14.5
14
14.399999991059303
14
14.100000008940697
13.899999991059303
14.400000005960464
14.900000005960464
14.299999997019768
14.200000002980232
17
14.199999988079071
15
14.100000008940697
14.099999994039536
14.700000002980232
14.299999997019768
14.900000005960464
14.299999997019768
23.900000005960464
17.19999998807907
14.700000002980232
15.700000002980232
17.400000005960464
14.399999991059303
13.900000005960464
13.799999997019768
14.400000005960464
14
15
14.899999991059303
17
17.700000002980232
16
14.5
14.5
14.299999997019768
16.100000008940697
17
14.5
14.099999994039536
14.200000002980232
14.099999994039536
14.600000008940697
15.599999994039536
15.5
14.599999994039536
14.600000008940697
14.099999994039536
13.900000005960464
14.200000002980232
14.099999994039536
14.5
14.299999997019768
14.799999997019768
14.200000002980232
14.5
14.100000008940697
14.099999994039536
14.400000005960464
14.599999994039536
14
16.700000002980232
14.700000002980232
15.299999997019768
14
14.399999991059303
14.5
14
14.900000005960464
14.099999994039536
14.100000008940697
14.099999994039536
18.700000002980232
17.700000002980232
15.799999997019768
14.200000002980232
14.5
14.200000002980232
14.099999994039536
14.5
14.5
14.200000002980232
13.899999991059303
14.100000008940697
15.599999994039536
21
14.299999997019768
15.700000002980232
17.299999997019768
14.400000005960464
14.900000005960464
15.299999997019768
17.700000002980232
14.5
16
15.299999997019768
15.099999994039536
14.799999997019768
14
14.100000008940697
14.5
14.700000002980232
14.299999997019768
14.399999991059303
14.200000002980232
14.799999997019768
14.100000008940697
14.099999994039536
14.400000005960464
14.099999994039536
13.900000005960464
14.200000002980232
15
14.899999991059303
18.400000005960464
20.299999997019768
14.700000002980232
14
13.799999997019768
14.200000002980232
14.099999994039536
14.5
14.200000002980232
14.299999997019768
14.100000008940697
14.5
14.299999997019768
15
17.399999991059303
15.700000002980232
15.200000002980232
15.299999997019768
14.799999997019768
14.800000011920929
15
14.899999991059303
14.600000008940697
14
14.399999991059303
14.100000008940697
14.399999991059303
13.900000005960464
14.700000002980232
15.799999997019768
15.599999994039536
15
14.600000008940697
15
14.899999991059303
14.700000002980232
14.700000002980232
19.299999997019768
20.599999994039536
14.700000002980232
15
15.900000005960464
19.399999991059303
18.100000008940697
14.799999997019768
14.599999994039536
16.100000008940697
18.5
14.899999991059303
14.800000011920929
14.299999997019768
15.099999994039536
14.799999997019768
14.5
14.200000002980232
14.400000005960464
15.200000002980232
15
15.199999988079071
14.5
15.300000011920929
14.899999991059303
14.900000005960464
14.799999997019768
16
15.299999997019768
15.400000005960464
14.700000002980232
14.599999994039536
14.200000002980232
14
14.299999997019768
14.099999994039536
14.5
14.800000011920929
14.199999988079071
14.100000008940697
14.700000002980232
14.199999988079071
14.100000008940697
23
15.700000002980232
14.799999997019768
14.700000002980232
18.399999991059303
17.400000005960464
15.200000002980232
15
14.399999991059303
14.299999997019768
14.800000011920929
13.899999991059303
14.200000002980232
14
14.099999994039536
14.900000005960464
15.400000005960464
14.899999991059303
14.799999997019768
14.700000002980232
14.799999997019768
15.5
14.800000011920929
21
13.899999991059303
14.100000008940697
14
14.299999997019768
14.599999994039536
15.200000002980232
17.099999994039536
14.200000002980232
14.799999997019768
15.900000005960464
15.299999997019768
15.600000008940697
17.399999991059303
14.400000005960464
14.200000002980232
14.099999994039536
14.700000002980232
14.099999994039536
14.200000002980232
14.099999994039536
14.400000005960464
14
18.700000002980232
18
15.299999997019768
14.799999997019768
16.600000008940697
16.399999991059303
15.100000008940697
14.799999997019768
15
15.099999994039536
15
14.900000005960464
14.599999994039536
14
14.5
14.799999997019768
14.200000002980232
14.100000008940697
14.199999988079071
14.600000008940697
16.799999997019768
14.900000005960464
14.899999991059303
14.799999997019768
14.300000011920929
14.299999997019768
14.899999991059303
14.400000005960464
14.5
14.200000002980232
14
14.299999997019768
14.099999994039536
14.200000002980232
14.100000008940697
16.19999998807907
14.600000008940697
14.099999994039536
14.400000005960464
14.399999991059303
14
14.100000008940697
17.799999997019768
23
17.799999997019768
14.200000002980232
14.299999997019768
14.600000008940697
14.299999997019768
14.200000002980232
14.299999997019768
16.299999997019768
16.200000002980232
15.200000002980232
16.19999998807907
15.5
15.5
16.600000008940697
15.5
14.599999994039536
14.200000002980232
14.099999994039536
14.200000002980232
14.100000008940697
14.299999997019768
14.200000002980232
14.099999994039536
14.5
14.599999994039536
14.100000008940697
14.299999997019768
14.299999997019768
14.600000008940697
14.799999997019768
14.599999994039536
13.900000005960464
14.099999994039536
14.5
14.299999997019768
15
14.300000011920929
14.699999988079071
14
14.200000002980232
18.299999997019768
20.100000008940697
14.700000002980232
18.799999997019768
18
15.099999994039536
14.5
14.400000005960464
14.700000002980232
14.099999994039536
14
14.200000002980232
14.099999994039536
14.600000008940697
14
14.399999991059303
14.200000002980232
14.900000005960464
14.399999991059303
15
16.100000008940697
15.899999991059303
15.299999997019768
14.900000005960464
15.200000002980232
15
15.099999994039536
16.5
14.900000005960464
14.099999994039536
14
14.200000002980232
14.700000002980232
14.299999997019768
14.200000002980232
15.5
28.5
16.399999991059303
15.900000005960464
14.799999997019768
15
16.200000002980232
21
19.700000002980232
15
15
14.599999994039536
14.600000008940697
14.099999994039536
14.099999994039536
14.100000008940697
14.399999991059303
14
14
14.100000008940697
14.700000002980232
15.899999991059303
14.799999997019768
14.600000008940697
14.899999991059303
14.800000011920929
15
15.299999997019768
15.099999994039536
15
14.200000002980232
14.099999994039536
14.300000011920929
14.599999994039536
17.700000002980232
16.899999991059303
15.600000008940697
15
14.899999991059303
15
15.200000002980232
15.200000002980232
21.400000005960464
15
14.899999991059303
14.299999997019768
14.800000011920929
14.199999988079071
14.100000008940697
19.399999991059303
18.700000002980232
14.600000008940697
14.299999997019768
14.899999991059303
14.400000005960464
15.900000005960464
20.19999998807907
15.300000011920929
14.399999991059303
14
14.200000002980232
14.599999994039536
14.600000008940697
14
14
14.200000002980232
14.199999988079071
14.400000005960464
15.5
17.200000002980232
15.099999994039536
14.5
14.700000002980232
15.5
17
15.900000005960464
14.699999988079071
14.900000005960464
15
14.700000002980232
15.399999991059303
15.100000008940697
14.099999994039536
14.100000008940697
14.199999988079071
15.700000002980232
14.400000005960464
15.899999991059303
15.400000005960464
14.599999994039536
14
18.400000005960464
19
14.5
14.700000002980232
13.899999991059303
13.900000005960464
14.099999994039536
14
14.5
16.700000002980232
15.100000008940697
15.199999988079071
14.900000005960464
13.799999997019768
14
14
14.5
14.100000008940697
14.099999994039536
14
14.5
14.099999994039536
14
13.700000002980232
14.299999997019768
14.300000011920929
14.099999994039536
14.299999997019768
14
14.400000005960464
15.299999997019768
14.200000002980232
18.200000002980232
19.399999991059303
14.100000008940697
14.099999994039536
14.599999994039536
15.200000002980232
15
14.700000002980232
14.700000002980232
15
18.899999991059303
19.100000008940697
17
15.899999991059303
15.200000002980232
16.600000008940697
15.799999997019768
14.099999994039536
14.200000002980232
14.599999994039536
15.700000002980232
16.799999997019768
14.200000002980232
14
14.100000008940697
14.099999994039536
14.200000002980232
14.399999991059303
14.200000002980232
14
14.200000002980232
14.599999994039536
16
14.900000005960464
14.900000005960464
15.099999994039536
15
14.700000002980232
14.599999994039536
14.700000002980232
14.200000002980232
14.099999994039536
14.200000002980232
14.700000002980232
14.099999994039536
17.5
16
14.900000005960464
15.399999991059303
14.5
14.100000008940697
14.099999994039536
16.400000005960464
20.599999994039536
14.799999997019768
14.700000002980232
14.700000002980232
14.900000005960464
15.699999988079071
15.600000008940697
15
15
16.099999994039536
16.400000005960464
14.899999991059303
18.30000001192093
20.099999994039536
15
14.799999997019768
14.200000002980232
14.5
14.099999994039536
14.300000011920929
14.599999994039536
14.599999994039536
14.5
13.900000005960464
14.099999994039536
14.200000002980232
15.200000002980232
16.099999994039536
14.600000008940697
15.299999997019768
17
15
14.700000002980232
15
15.700000002980232
17.5
15.199999988079071
14.900000005960464
14.799999997019768
15.200000002980232
14.200000002980232
18.5
20.599999994039536
15.299999997019768
14.5
14.5
15
14.600000008940697
14.899999991059303
14.900000005960464
14.700000002980232
14.899999991059303
14.600000008940697
14.799999997019768
14.599999994039536
14.600000008940697
14.599999994039536
15
17.200000002980232
17.799999997019768
16.100000008940697
14.699999988079071
14.5
14.200000002980232
14.299999997019768
13.800000011920929
14.299999997019768
14
14.399999991059303
14.700000002980232
15.200000002980232
14.900000005960464
14.399999991059303
14.600000008940697
14.5
14.599999994039536
15.5
14.200000002980232
14.799999997019768
15.099999994039536
14.700000002980232
13.900000005960464
14.099999994039536
18.5
19.900000005960464
14.5
14.899999991059303
14.5
14.700000002980232
13.700000002980232
14.099999994039536
14.5
15.100000008940697
14.899999991059303
15.100000008940697
14.599999994039536
15.299999997019768
17.100000008940697
14.700000002980232
14.199999988079071
14.400000005960464
14.400000005960464
14.599999994039536
16.700000002980232
15.200000002980232
14.599999994039536
14.099999994039536
14.600000008940697
14.299999997019768
14.700000002980232
14
13.799999997019768
14.400000005960464
14
15
14.299999997019768
14.399999991059303
14.100000008940697
14.099999994039536
14
14.600000008940697
13.899999991059303
14.200000002980232
14.099999994039536
14.100000008940697
18.399999991059303
24.5
15
15
14.300000011920929
14
13.899999991059303
14
14.299999997019768
14.100000008940697
14.200000002980232
14.099999994039536
14.299999997019768
16.200000002980232
14.299999997019768
14.100000008940697
14.599999994039536
14.400000005960464
14.099999994039536
14.200000002980232
14.200000002980232
20.899999991059303
14.299999997019768
13.800000011920929
14.399999991059303
14.200000002980232
14.099999994039536
14.200000002980232
15.200000002980232
15.900000005960464
14.899999991059303
14.799999997019768
14.300000011920929
15.099999994039536
15.900000005960464
15.899999991059303
15.5
15.799999997019768
16.200000002980232
18.200000002980232
17.400000005960464
15.699999988079071
16.700000002980232
18.5
15.200000002980232
16.5
17.5
15
14.599999994039536
13.900000005960464
14.200000002980232
14.399999991059303
14.5
14.900000005960464
14.700000002980232
14.700000002980232
15.5
15.099999994039536
14.799999997019768
14.799999997019768
15
15.200000002980232
14.900000005960464
15.200000002980232
14.799999997019768
15.799999997019768
15
17.599999994039536
16
15.5
15.900000005960464
14.900000005960464
14.699999988079071
14.800000011920929
14.199999988079071
13.800000011920929
14.099999994039536
14
14.700000002980232
14
14
14.299999997019768
14.099999994039536
14.300000011920929
20.099999994039536
19.700000002980232
24
15.099999994039536
14.5
14.700000002980232
14.700000002980232
14.5
14.899999991059303
15.300000011920929
14.799999997019768
14.599999994039536
14.900000005960464
14.899999991059303
15.300000011920929
15
15.899999991059303
15.100000008940697
14.899999991059303
14.700000002980232
15.400000005960464
15.199999988079071
15.600000008940697
17.299999997019768
15.5
14.599999994039536
14.800000011920929
14.699999988079071
15.100000008940697
16.700000002980232
15.899999991059303
14.799999997019768
14.900000005960464
14.900000005960464
14.099999994039536
14.099999994039536
14.200000002980232
14.400000005960464
14.899999991059303
15.300000011920929
14.899999991059303
15.100000008940697
16.599999994039536
19.299999997019768
14.400000005960464
14.200000002980232
14.099999994039536
14.5
14.299999997019768
15.400000005960464
17
15.5
14.700000002980232
14.599999994039536
14.099999994039536
14.800000011920929
14.599999994039536
15.299999997019768
15.900000005960464
14.799999997019768
15.900000005960464
15.299999997019768
14.599999994039536
14.100000008940697
14.5
14.599999994039536
16
14.900000005960464
16
14.799999997019768
14
14.099999994039536
14.200000002980232
14
14.299999997019768
14.400000005960464
14.200000002980232
14.5
14
13.899999991059303
14
14.100000008940697
14.5
14.799999997019768
19.399999991059303
17.900000005960464
14.799999997019768
14.799999997019768
14.800000011920929
14.699999988079071
14.600000008940697
16
17
14.200000002980232
14
14.5
14
15
16.399999991059303
15
16
15.299999997019768
14.600000008940697
14.700000002980232
14.5
14
15
14.399999991059303
14.100000008940697
14
14.299999997019768
14.299999997019768
14.099999994039536
13.900000005960464
14.400000005960464
14.899999991059303
14.200000002980232
17.599999994039536
25.100000008940697
14.700000002980232
14.5
14.199999988079071
14.5
14.300000011920929
14.5
14.399999991059303
19
19.400000005960464
14.5
14
14.399999991059303
14.100000008940697
14.200000002980232
14
15.599999994039536
19.5
14.099999994039536
14
14.400000005960464
13.900000005960464
13.899999991059303
14.100000008940697
14.799999997019768
14.5
14.099999994039536
14.600000008940697
14.099999994039536
14.299999997019768
14.200000002980232
13.900000005960464
15.299999997019768
15.5
14.899999991059303
14.800000011920929
14.799999997019768
14.200000002980232
14
14
14.199999988079071
15
16.80000001192093
14.399999991059303
14.200000002980232
14.700000002980232
13.899999991059303
14.800000011920929
16.599999994039536
16.099999994039536
17.700000002980232
17.900000005960464
14.399999991059303
14.5
14.5
14
15.400000005960464
15
14.799999997019768
14
14.700000002980232
14.5
14.900000005960464
14.899999991059303
15
14.799999997019768
17.600000008940697
15.299999997019768
14.900000005960464
14.699999988079071
14.100000008940697
14
14.399999991059303
14.100000008940697
14
14.099999994039536
15.600000008940697
15.299999997019768
14.099999994039536
14.200000002980232
14
14.400000005960464
14.599999994039536
14
21.400000005960464
13.899999991059303
14.200000002980232
14.099999994039536
14
14.700000002980232
14.100000008940697
14.099999994039536
18.200000002980232
16.899999991059303
14.400000005960464
14.200000002980232
14.299999997019768
14.299999997019768
14.200000002980232
14.599999994039536
14.600000008940697
14.899999991059303
14.900000005960464
14.5
14
14
14.400000005960464
14.199999988079071
14
14.800000011920929
17
15.299999997019768
14.099999994039536
14.100000008940697
14.399999991059303
14.5
16.100000008940697
16
14.699999988079071
14.200000002980232
13.799999997019768
14.100000008940697
13.899999991059303
14.400000005960464
14.200000002980232
15
14.700000002980232
14.599999994039536
14.099999994039536
13.900000005960464
14.200000002980232
14
14.5
14.700000002980232
18
29.299999997019768
16.200000002980232
15
15.599999994039536
14.299999997019768
14.400000005960464
14.299999997019768
14
13.900000005960464
14.5
13.899999991059303
13.900000005960464
14.299999997019768
14.400000005960464
14.799999997019768
14.299999997019768
21.299999997019768
13.799999997019768
14.5
14
14.100000008940697
14.399999991059303
14
14.200000002980232
14.100000008940697
14.5
14.099999994039536
14.099999994039536
13.900000005960464
14.099999994039536
14.400000005960464
14.099999994039536
13.900000005960464
14
14.5
14.5
14.799999997019768
14.799999997019768
15.100000008940697
14.399999991059303
13.900000005960464
19.400000005960464
20.69999998807907
16.80000001192093
14.699999988079071
14.200000002980232
14.700000002980232
15.099999994039536
15.400000005960464
16.599999994039536
16.100000008940697
14.299999997019768
14.299999997019768
14.600000008940697
14.699999988079071
14.300000011920929
13.799999997019768
13.899999991059303
14.900000005960464
14.5
14.099999994039536
14
14.400000005960464
14.400000005960464
14.199999988079071
13.900000005960464
14.299999997019768
17.400000005960464
15.700000002980232
14.699999988079071
14.600000008940697
13.899999991059303
14
14.100000008940697
14.099999994039536
14.600000008940697
16.099999994039536
14.200000002980232
14.299999997019768
14.5
14.200000002980232
14.299999997019768
14.700000002980232
25.399999991059303
19.900000005960464
14.099999994039536
14
14.5
14.300000011920929
14.099999994039536
14
14.400000005960464
14.299999997019768
14
14.200000002980232
14.099999994039536
14.5
15.5
14
14.099999994039536
14.300000011920929
15
14.699999988079071
14.900000005960464
14.299999997019768
14.200000002980232
14.799999997019768
14
14.100000008940697
13.899999991059303
13.900000005960464
14.599999994039536
15.400000005960464
16.599999994039536
14.200000002980232
14.400000005960464
13.899999991059303
14.200000002980232
14.900000005960464
17.299999997019768
15
14.099999994039536
14.200000002980232
14.299999997019768
14.200000002980232
18.200000002980232
20.299999997019768
14.700000002980232
13.899999991059303
14.300000011920929
14.099999994039536
14.599999994039536
14.400000005960464
14.299999997019768
14.100000008940697
17.5
15.899999991059303
14.600000008940697
14.299999997019768
14.099999994039536
14.200000002980232
14.400000005960464
14.099999994039536
14
14.799999997019768
14.600000008940697
14.199999988079071
14.600000008940697
14.099999994039536
14.100000008940697
14.299999997019768
23.5
14
14.299999997019768
14
13.799999997019768
14.100000008940697
14
14.5
14.599999994039536
14
14.200000002980232
14.5
14.099999994039536
14.100000008940697
15
14.199999988079071
18.600000008940697
19.399999991059303
15
14.700000002980232
14.600000008940697
14.799999997019768
14.200000002980232
13.899999991059303
13.799999997019768
14.100000008940697
14.299999997019768
14
14.099999994039536
14.800000011920929
16.799999997019768
14.799999997019768
14.099999994039536
14.200000002980232
14.299999997019768
15
15.900000005960464
17.5
15.200000002980232
14.399999991059303
14.200000002980232
14.600000008940697
14.099999994039536
13.799999997019768
14.900000005960464
14.200000002980232
15.699999988079071
14.5
14
14.100000008940697
14.399999991059303
14.200000002980232
16.900000005960464
14.700000002980232
14.699999988079071
14.300000011920929
14.399999991059303
14
16.299999997019768
19.700000002980232
15.400000005960464
14.299999997019768
14.099999994039536
14.100000008940697
13.799999997019768
14.400000005960464
14.199999988079071
23.900000005960464
14.599999994039536
14.100000008940697
14.099999994039536
13.799999997019768
13.700000002980232
14.400000005960464
14.099999994039536
13.900000005960464
14.099999994039536
14.5
15.600000008940697
14.399999991059303
14
14.200000002980232
13.700000002980232
14.200000002980232
14
14
14.599999994039536
14.700000002980232
14.5
14.700000002980232
14.399999991059303
14.100000008940697
13.899999991059303
14
14.600000008940697
14.099999994039536
14.700000002980232
14.299999997019768
14.599999994039536
14.900000005960464
18.5
21.5
14
14.099999994039536
14
15.100000008940697
17
14
14.099999994039536
14.100000008940697
14.599999994039536
14.299999997019768
15
14.799999997019768
14.200000002980232
14.400000005960464
14
13.899999991059303
14.200000002980232
14.400000005960464
16.700000002980232
14.799999997019768
14.599999994039536
14.200000002980232
14.299999997019768
14.100000008940697
14.199999988079071
13.900000005960464
14.400000005960464
13.799999997019768
13.799999997019768
14
14.099999994039536
14.200000002980232
14
23.600000008940697
13.899999991059303
14.5
14
14.400000005960464
14.5
14.5
18.399999991059303
17.400000005960464
14.400000005960464
14.5
14.5
14.599999994039536
14.200000002980232
14.399999991059303
14
14
14.100000008940697
13.899999991059303
14.700000002980232
14.799999997019768
14.700000002980232
14.299999997019768
14.100000008940697
14
14.399999991059303
14
14.300000011920929
14.799999997019768
14.599999994039536
13.799999997019768
14.100000008940697
14.099999994039536
14
14.400000005960464
14.899999991059303
17.30000001192093
14.899999991059303
14.400000005960464
14.099999994039536
14.700000002980232
16.400000005960464
15.799999997019768
14.200000002980232
14
14
15.699999988079071
14.200000002980232
13.799999997019768
18.5
20.200000002980232
14.200000002980232
14.200000002980232
25.399999991059303
15.300000011920929
15.899999991059303
14.600000008940697
14.799999997019768
14.899999991059303
14.800000011920929
17.099999994039536
16.099999994039536
14.600000008940697
14.200000002980232
14.399999991059303
14.700000002980232
17.400000005960464
17.599999994039536
14.400000005960464
14.599999994039536
14.099999994039536
14
14.200000002980232
14.900000005960464
14.599999994039536
14.600000008940697
14.5
14.699999988079071
14.900000005960464
15.200000002980232
14.700000002980232
15.599999994039536
14.799999997019768
15
14
14
14.400000005960464
14.700000002980232
14.699999988079071
15
15.900000005960464
18.5
19.700000002980232
14.299999997019768
14
14.400000005960464
13.899999991059303
14.299999997019768
14.5
15.300000011920929
14.899999991059303
14.799999997019768
15.700000002980232
17.299999997019768
15.100000008940697
14.599999994039536
14.600000008940697
15.299999997019768
16.5
14.200000002980232
14.399999991059303
15.5
16.100000008940697
14.099999994039536
13.900000005960464
14
13.899999991059303
14.299999997019768
14.400000005960464
17.200000002980232
16.299999997019768
15.700000002980232
15.299999997019768
15.099999994039536
14.800000011920929
14.699999988079071
14.600000008940697
15.299999997019768
15.200000002980232
14.700000002980232
15.399999991059303
15.100000008940697
15.299999997019768
23.099999994039536
18.100000008940697
15.299999997019768
14.700000002980232
14.399999991059303
14.900000005960464
14.5
14.099999994039536
14.299999997019768
14
14.5
14.900000005960464
14.700000002980232
15.200000002980232
14.899999991059303
15.100000008940697
14.399999991059303
14.700000002980232
15.400000005960464
15.5
15.099999994039536
15.400000005960464
15.5
14.299999997019768
14.799999997019768
14.900000005960464
15
14.899999991059303
16
15.600000008940697
15.299999997019768
14.799999997019768
15.099999994039536
15
14.600000008940697
14.599999994039536
15
15.700000002980232
17.5
15.099999994039536
15
14.600000008940697
20.5
23.200000002980232
15
15.799999997019768
15
14.700000002980232
14.299999997019768
14
14.5
18.200000002980232
15.599999994039536
15.299999997019768
15.299999997019768
14.800000011920929
14.599999994039536
15.200000002980232
14.899999991059303
15.400000005960464
14
14.400000005960464
14.399999991059303
14.700000002980232
15.400000005960464
23.899999991059303
15.100000008940697
14.5
15.099999994039536
14.799999997019768
15.100000008940697
14.699999988079071
14.900000005960464
14.700000002980232
14.599999994039536
14.600000008940697
14.899999991059303
15
15.5
14.700000002980232
14.900000005960464
14.399999991059303
15
15
20.299999997019768
17.900000005960464
15.299999997019768
14.400000005960464
14.399999991059303
15.100000008940697
14.200000002980232
14.199999988079071
14.900000005960464
14.799999997019768
14.600000008940697
14.5
15
14.799999997019768
14.299999997019768
14.400000005960464
14.299999997019768
14
14.5
14.599999994039536
14.299999997019768
15.900000005960464
17.599999994039536
14.900000005960464
14.799999997019768
14.299999997019768
15.200000002980232
17.100000008940697
14.599999994039536
14.099999994039536
14.200000002980232
14.600000008940697
13.799999997019768
14.099999994039536
17.5
15
14.900000005960464
14.899999991059303
14.200000002980232
13.799999997019768
14.5
14.200000002980232
18.600000008940697
20.299999997019768
17.299999997019768
14.799999997019768
17.799999997019768
18.80000001192093
15.199999988079071
14.400000005960464
14.299999997019768
14.100000008940697
14.5
14.5
14.099999994039536
14
14.700000002980232
14.700000002980232
15
14.599999994039536
14.5
14.099999994039536
14.600000008940697
14.399999991059303
14.400000005960464
14
14.700000002980232
14.5
14.399999991059303
14.100000008940697
14.399999991059303
14.300000011920929
13.899999991059303
13.900000005960464
14
14.399999991059303
14.100000008940697
13.899999991059303
15
14.5
14.100000008940697
14.200000002980232
14.5
15
18.899999991059303
18
14.299999997019768
13.800000011920929
14.199999988079071
14
15.200000002980232
17.200000002980232
14.200000002980232
14.599999994039536
15.100000008940697
15.799999997019768
17.099999994039536
14.700000002980232
14
14.5
14
16.200000002980232
14.899999991059303
14.600000008940697
14.5
14.200000002980232
14
14
13.699999988079071
16.200000002980232
13.900000005960464
14.099999994039536
14.200000002980232
14.5
20.900000005960464
19.19999998807907
14.300000011920929
14.099999994039536
13.900000005960464
14.299999997019768
14.5
14.399999991059303
13.900000005960464
14.299999997019768
13.900000005960464
14.5
18.299999997019768
17.900000005960464
14.099999994039536
14.5
14
13.900000005960464
14
14.199999988079071
14
14.900000005960464
14.799999997019768
14.700000002980232
14.200000002980232
14.099999994039536
14.100000008940697
14.299999997019768
14
14
15.599999994039536
14.600000008940697
13.799999997019768
14
13.899999991059303
14.600000008940697
14.200000002980232
14
14.099999994039536
14.400000005960464
14.099999994039536
14
13.700000002980232
14.099999994039536
14.200000002980232
15.400000005960464
17.5
14.599999994039536
14.299999997019768
14.200000002980232
15.200000002980232
16.299999997019768
16.099999994039536
14.400000005960464
18.599999994039536
22.900000005960464
15.200000002980232
15.5
14.700000002980232
13.899999991059303
14.100000008940697
14.199999988079071
14.200000002980232
14
14
14.5
13.900000005960464
18.700000002980232
19.399999991059303
14.700000002980232
14.200000002980232
14.299999997019768
14.299999997019768
14.700000002980232
14.599999994039536
14
13.900000005960464
13.799999997019768
14.299999997019768
14.300000011920929
15.399999991059303
14.600000008940697
14.099999994039536
14.299999997019768
14.100000008940697
13.899999991059303
14.100000008940697
14.5
14.199999988079071
16.200000002980232
15
15.100000008940697
13.799999997019768
14
14
14.099999994039536
18.200000002980232
18.400000005960464
14.199999988079071
14.5
14.400000005960464
14.200000002980232
14
14
14.599999994039536
14.200000002980232
14.099999994039536
14
14.400000005960464
13.900000005960464
14.099999994039536
13.900000005960464
14.199999988079071
15.100000008940697
16.700000002980232
14.599999994039536
14.099999994039536
14.200000002980232
14.799999997019768
14.600000008940697
16.5
15.799999997019768
14.099999994039536
16
14.5
15
15.100000008940697
13.799999997019768
14.299999997019768
14.299999997019768
17
14.400000005960464
14
14.400000005960464
14
23.399999991059303
14
14.299999997019768
18.5
19.700000002980232
14.600000008940697
14
14.099999994039536
13.900000005960464
14
14.299999997019768
13.899999991059303
14.200000002980232
14.100000008940697
14.099999994039536
14.400000005960464
14.099999994039536
14.099999994039536
14.300000011920929
14.399999991059303
13.900000005960464
14
14.799999997019768
15.200000002980232
14.5
14.5
14
14.399999991059303
14.100000008940697
14.399999991059303
13.800000011920929
13.899999991059303
14.200000002980232
14
13.900000005960464
13.899999991059303
14.200000002980232
14.299999997019768
13.900000005960464
14.099999994039536
13.799999997019768
13.900000005960464
14.200000002980232
14.099999994039536
14.299999997019768
19.200000002980232
17.900000005960464
15.700000002980232
17.69999998807907
14.200000002980232
14.5
14.900000005960464
14.200000002980232
14.699999988079071
16.80000001192093
15
15.699999988079071
18.80000001192093
16
16.099999994039536
14.200000002980232
14.899999991059303
14.400000005960464
15.099999994039536
14.5
14.300000011920929
14.399999991059303
23.700000002980232
14.099999994039536
14.5
14.200000002980232
14.600000008940697
14.199999988079071
14
14.5
14
13.900000005960464
14.200000002980232
14.299999997019768
13.900000005960464
14.199999988079071
14.5
14.200000002980232
14.600000008940697
14.899999991059303
14.100000008940697
14.299999997019768
16.700000002980232
17.69999998807907
15.100000008940697
15
14.700000002980232
14.5
14.199999988079071
14.300000011920929
15.299999997019768
14.299999997019768
14.700000002980232
14.700000002980232
14.399999991059303
14.5
14.200000002980232
14.400000005960464
15
14.099999994039536
14.299999997019768
14.900000005960464
13.899999991059303
14.600000008940697
14.200000002980232
14.799999997019768
14.5
14
14.099999994039536
14.100000008940697
14.5
14.899999991059303
17
14.900000005960464
15.099999994039536
14.200000002980232
14
14.5
16.599999994039536
16.700000002980232
15
14.900000005960464
14.899999991059303
14
20.200000002980232
19.400000005960464
14.599999994039536
14.200000002980232
14.400000005960464
14.299999997019768
15.599999994039536
14.100000008940697
15
14.199999988079071
14.200000002980232
13.799999997019768
14.300000011920929
14.199999988079071
14
14.400000005960464
15.400000005960464
15.199999988079071
14.200000002980232
13.900000005960464
14.099999994039536
14.299999997019768
14
13.900000005960464
14.099999994039536
13.900000005960464
14.5
14.099999994039536
14.100000008940697
14.899999991059303
15
14.700000002980232
14.5
14.200000002980232
14.5
14.400000005960464
14
14
14.199999988079071
14.5
13.900000005960464
14
16.5
17.700000002980232
14.700000002980232
14.199999988079071
13.900000005960464
14
14.5
14
13.900000005960464
13.899999991059303
14.100000008940697
14.599999994039536
14.099999994039536
13.900000005960464
14.5
16.400000005960464
16.69999998807907
14.700000002980232
13.900000005960464
14.5
14.399999991059303
13.900000005960464
17.700000002980232
17.899999991059303
16
14.800000011920929
14.099999994039536
14.400000005960464
14.799999997019768
13.899999991059303
14.100000008940697
14.099999994039536
20.900000005960464
13.799999997019768
13.900000005960464
14
14.799999997019768
14.200000002980232
14.199999988079071
13.900000005960464
14.700000002980232
14.299999997019768
18.400000005960464
18.099999994039536
14.400000005960464
14.099999994039536
13.900000005960464
14
14.299999997019768
14.099999994039536
14.100000008940697
14
13.899999991059303
14.5
14.299999997019768
14.200000002980232
14.200000002980232
14.400000005960464
14.199999988079071
14.100000008940697
13.899999991059303
14.400000005960464
14
13.799999997019768
14.5
14
14.400000005960464
14
14
13.899999991059303
14.5
14.400000005960464
15.400000005960464
14.899999991059303
16.5
14.600000008940697
13.799999997019768
13.899999991059303
14
14.400000005960464
14.099999994039536
14.400000005960464
14
14.400000005960464
19
22.5
14.799999997019768
14.200000002980232
14
14
17
15.599999994039536
15.5
16.900000005960464
16.599999994039536
15.299999997019768
15.5
14.600000008940697
24.69999998807907
14.200000002980232
14.299999997019768
14.800000011920929
14.099999994039536
14.799999997019768
14
14.400000005960464
14.399999991059303
14.200000002980232
14.100000008940697
14.399999991059303
14.100000008940697
13.699999988079071
14.100000008940697
14
14.599999994039536
14
14
14.100000008940697
14.299999997019768
14.099999994039536
14.200000002980232
14.299999997019768
14.200000002980232
14.799999997019768
16.5
15.299999997019768
16.5
19.700000002980232
14.299999997019768
13.900000005960464
13.900000005960464
14.399999991059303
14.200000002980232
13.900000005960464
14.199999988079071
14.400000005960464
14
13.799999997019768
14.100000008940697
14.299999997019768
13.899999991059303
13.900000005960464
14
13.900000005960464
14.5
13.899999991059303
14.200000002980232
14
14.299999997019768
14.5
14.100000008940697
14
14.199999988079071
14.900000005960464
15
16.700000002980232
14.799999997019768
14
15.200000002980232
15
15.099999994039536
14.5
15.299999997019768
16.700000002980232
15.400000005960464
14.200000002980232
20.399999991059303
16.799999997019768
18
20.200000002980232
14.299999997019768
13.800000011920929
14.399999991059303
13.799999997019768
16.30000001192093
14.5
14.599999994039536
14.099999994039536
13.900000005960464
14.5
14.299999997019768
14
13.900000005960464
14.299999997019768
13.900000005960464
14.099999994039536
14
13.900000005960464
14.099999994039536
14.799999997019768
14.5
14.600000008940697
15.199999988079071
15.400000005960464
14.299999997019768
14.200000002980232
14
14.099999994039536
14.300000011920929
13.899999991059303
14.100000008940697
14
14.299999997019768
13.799999997019768
14.200000002980232
13.899999991059303
14.400000005960464
14.099999994039536
14
13.800000011920929
16.19999998807907
17.700000002980232
14.299999997019768
13.900000005960464
14.400000005960464
14.599999994039536
14.700000002980232
14
14.200000002980232
14.399999991059303
14
14.799999997019768
14.300000011920929
13.799999997019768
16.799999997019768
17.200000002980232
16.099999994039536
14.900000005960464
15.299999997019768
13.700000002980232
14.399999991059303
15.800000011920929
15.699999988079071
17
14
20.900000005960464
14.200000002980232
14
13.799999997019768
14.299999997019768
14
14
14
14.200000002980232
14.299999997019768
14
14.100000008940697
14.399999991059303
14.100000008940697
14.599999994039536
14
14.599999994039536
18.400000005960464
20.299999997019768
14.100000008940697
14.099999994039536
14.400000005960464
13.899999991059303
14
14.100000008940697
14.699999988079071
14.700000002980232
14.600000008940697
14.699999988079071
14.300000011920929
13.799999997019768
14.099999994039536
13.799999997019768
14
14
13.900000005960464
14.400000005960464
14.5
14
15.399999991059303
14.5
14.400000005960464
14.099999994039536
13.900000005960464
13.899999991059303
14
14.700000002980232
14.400000005960464
14.099999994039536
13.799999997019768
14.400000005960464
14
14
14
14
14.099999994039536
15.5
14.200000002980232
14.799999997019768
18.5
23.5
14.800000011920929
15.899999991059303
14.600000008940697
13.899999991059303
13.900000005960464
14.899999991059303
23.900000005960464
14.200000002980232
14
14.299999997019768
14.099999994039536
13.800000011920929
14.5
14
14.399999991059303
14.799999997019768
14
14.5
14.400000005960464
14.400000005960464
13.899999991059303
14.299999997019768
14.5
14.200000002980232
13.799999997019768
14.100000008940697
14.399999991059303
14
15.100000008940697
14.599999994039536
14.200000002980232
13.799999997019768
14.200000002980232
15
14.599999994039536
14.5
13.700000002980232
14.100000008940697
14.5
14
18.099999994039536
18.5
14.400000005960464
14
14.199999988079071
14.200000002980232
14.299999997019768
14.400000005960464
14.5
14.200000002980232
14.399999991059303
13.900000005960464
13.799999997019768
16.100000008940697
14.299999997019768
14.299999997019768
13.799999997019768
14
13.799999997019768
14.300000011920929
14.399999991059303
14.200000002980232
13.900000005960464
14.299999997019768
14.899999991059303
13.800000011920929
14
14
22.5
17.399999991059303
15
17.100000008940697
15.099999994039536
14
24.299999997019768
17.400000005960464
14.399999991059303
14.100000008940697
14.799999997019768
14.200000002980232
14.399999991059303
14.100000008940697
18.599999994039536
18.600000008940697
14.5
14.199999988079071
14.200000002980232
14.200000002980232
14
13.900000005960464
13.799999997019768
14.099999994039536
14
14
14.100000008940697
14.699999988079071
14.5
14.200000002980232
14.100000008940697
14.199999988079071
13.800000011920929
14.099999994039536
15
14.599999994039536
14.600000008940697
14.5
14.099999994039536
14
14.100000008940697
14.5
14.299999997019768
14.099999994039536
13.900000005960464
14.099999994039536
14.299999997019768
13.900000005960464
14.200000002980232
13.899999991059303
14.400000005960464
13.900000005960464
14.099999994039536
14.099999994039536
14.400000005960464
14.900000005960464
18.69999998807907
17.600000008940697
14.599999994039536
13.799999997019768
15.100000008940697
14.5
13.899999991059303
15.5
14.200000002980232
13.900000005960464
14.200000002980232
15.5
15.399999991059303
15.900000005960464
15.700000002980232
17.399999991059303
14.700000002980232
23.400000005960464
13.799999997019768
15.399999991059303
16.700000002980232
14.600000008940697
14.299999997019768
14.099999994039536
14.100000008940697
14.399999991059303
14.5
14.200000002980232
13.900000005960464
14.299999997019768
14.399999991059303
13.900000005960464
14
14
14
14.599999994039536
14
14.100000008940697
14.200000002980232
14.399999991059303
14
14
18.600000008940697
20.099999994039536
15.099999994039536
14.600000008940697
15
14.700000002980232
14
14
13.899999991059303
14.600000008940697
14.199999988079071
14
15.300000011920929
14.5
14.5
13.899999991059303
14
13.799999997019768
14.600000008940697
14.899999991059303
14
14.600000008940697
14
14.099999994039536
14.100000008940697
14
14
14.399999991059303
13.900000005960464
14.299999997019768
13.900000005960464
14.299999997019768
13.899999991059303
13.800000011920929
15
14
14.5
15
15.799999997019768
15.099999994039536
14.700000002980232
15.900000005960464
19.099999994039536
25.400000005960464
15.199999988079071
14.800000011920929
15.5
16.599999994039536
16.299999997019768
14.200000002980232
14.5
13.900000005960464
15.399999991059303
15.799999997019768
16.30000001192093
16
15.599999994039536
15.099999994039536
14.800000011920929
14.899999991059303
14.900000005960464
14.799999997019768
16.799999997019768
15.200000002980232
14.400000005960464
14.599999994039536
14.900000005960464
14.799999997019768
14.5
15.700000002980232
15.199999988079071
15.100000008940697
14.799999997019768
15
14.900000005960464
15
14.899999991059303
13.900000005960464
14.099999994039536
14
14.5
14.299999997019768
13.900000005960464
14
18.599999994039536
21.80000001192093
14.299999997019768
14.200000002980232
14.599999994039536
13.799999997019768
14.100000008940697
13.899999991059303
13.900000005960464
14.299999997019768
14.099999994039536
13.900000005960464
14.099999994039536
14.900000005960464
14.599999994039536
14.700000002980232
15.700000002980232
14.799999997019768
15.400000005960464
27.299999997019768
18
15.599999994039536
14.700000002980232
14.900000005960464
22
16.599999994039536
16.299999997019768
14.300000011920929
15.399999991059303
15.200000002980232
16
17.200000002980232
14.700000002980232
15
14.199999988079071
14.600000008940697
15.200000002980232
15
14.599999994039536
14.599999994039536
14.700000002980232
14.600000008940697
19.799999997019768
21.200000002980232
15.099999994039536
15.099999994039536
14.700000002980232
14.5
14.5
14.700000002980232
14.400000005960464
15
14.399999991059303
14.799999997019768
14.200000002980232
14
14.900000005960464
14.700000002980232
15.099999994039536
14.599999994039536
14.700000002980232
14.400000005960464
14.899999991059303
14.800000011920929
15.299999997019768
15.399999991059303
14.800000011920929
14.5
15.099999994039536
14
14.299999997019768
14.299999997019768
14.100000008940697
14.399999991059303
14.100000008940697
14
14
14.099999994039536
15.200000002980232
14.799999997019768
14
13.900000005960464
13.899999991059303
15.600000008940697
16.099999994039536
22.299999997019768
14.600000008940697
14.5
14.200000002980232
15.899999991059303
23.600000008940697
14.299999997019768
15
16.799999997019768
17.200000002980232
15
14.599999994039536
14.600000008940697
15.299999997019768
16.599999994039536
16.799999997019768
14.600000008940697
14.200000002980232
14.799999997019768
14.099999994039536
14.299999997019768
13.900000005960464
13.900000005960464
14
14
14.399999991059303
13.900000005960464
14
14.200000002980232
14.399999991059303
14.5
14
14
16.600000008940697
15
15.099999994039536
14.799999997019768
15
14.900000005960464
14.299999997019768
14.299999997019768
16
19.900000005960464
15.200000002980232
14.199999988079071
13.900000005960464
15
14.599999994039536
15.200000002980232
14.5
14.799999997019768
15
14.300000011920929
14.699999988079071
14.5
14.900000005960464
14.599999994039536
14.700000002980232
14.5
15.100000008940697
14.899999991059303
14.900000005960464
14.399999991059303
15
14.600000008940697
15.5
14.799999997019768
17.400000005960464
15.599999994039536
16
14.799999997019768
14.900000005960464
14.399999991059303
14.100000008940697
14
13.899999991059303
15.100000008940697
17
14
14.299999997019768
14.400000005960464
14
14
19.799999997019768
23
15.200000002980232
15.399999991059303
15
14.700000002980232
13.799999997019768
14
14.799999997019768
14
15.200000002980232
14.700000002980232
14.799999997019768
14.700000002980232
14.5
14.700000002980232
14.899999991059303
14.400000005960464
15
15.200000002980232
15.200000002980232
14.799999997019768
15
14.899999991059303
14.5
14.400000005960464
14.799999997019768
15
14.700000002980232
15.599999994039536
15.100000008940697
14.700000002980232
14.699999988079071
15.100000008940697
14.899999991059303
14.700000002980232
14.900000005960464
15.099999994039536
14.700000002980232
14.200000002980232
14.399999991059303
14.400000005960464
18.599999994039536
18.100000008940697
15.299999997019768
15.299999997019768
14.5
14.100000008940697
15.099999994039536
14.700000002980232
14.5
17.700000002980232
16.099999994039536
15.799999997019768
15
17.200000002980232
15.299999997019768
14.600000008940697
14.899999991059303
14.900000005960464
16.5
17.200000002980232
15.699999988079071
14.600000008940697
14.899999991059303
14.800000011920929
14.699999988079071
14.600000008940697
15.399999991059303
15.900000005960464
17.900000005960464
14.399999991059303
14.299999997019768
13.900000005960464
14.5
13.900000005960464
14
14.5
14.399999991059303
16.600000008940697
14.299999997019768
14.5
14.899999991059303
14.600000008940697
19.200000002980232
18.5
15.5
14.899999991059303
14.900000005960464
14.599999994039536
15.400000005960464
15.299999997019768
14.799999997019768
14.200000002980232
14.099999994039536
14.300000011920929
14
13.899999991059303
14.600000008940697
14.299999997019768
15.200000002980232
14.799999997019768
15.399999991059303
14.300000011920929
14
14.599999994039536
14.5
14.400000005960464
14.099999994039536
14.400000005960464
16.19999998807907
15.400000005960464
14.5
14.400000005960464
14
14.199999988079071
14.5
14.400000005960464
15.5
15.400000005960464
15
14.699999988079071
14
14.600000008940697
14.299999997019768
15
18.900000005960464
20.19999998807907
15.600000008940697
17.5
14.799999997019768
15.099999994039536
14.100000008940697
14.799999997019768
14
14.200000002980232
14.399999991059303
14.600000008940697
16.200000002980232
16.099999994039536
14.799999997019768
15.200000002980232
14.400000005960464
15
15.599999994039536
15.900000005960464
15
14.599999994039536
14.400000005960464
14.5
14.299999997019768
14.799999997019768
14.799999997019768
14.700000002980232
14.599999994039536
14.100000008940697
15.099999994039536
14.799999997019768
15.300000011920929
14.699999988079071
15.200000002980232
15.100000008940697
15
14.599999994039536
14.700000002980232
14.899999991059303
14.100000008940697
14.599999994039536
18.900000005960464
20.200000002980232
14.599999994039536
13.900000005960464
14
13.799999997019768
13.899999991059303
14
14.100000008940697
14.200000002980232
13.899999991059303
14.600000008940697
14.399999991059303
15
15.400000005960464
15
14.299999997019768
16.400000005960464
15.899999991059303
17.200000002980232
17.299999997019768
14.100000008940697
14.299999997019768
14.099999994039536
13.700000002980232
14.099999994039536
14
14.200000002980232
16.100000008940697
17
14.5
14.299999997019768
14.399999991059303
14.300000011920929
14.299999997019768
14.200000002980232
14.799999997019768
15.099999994039536
16
16.700000002980232
14.799999997019768
14.200000002980232
19.900000005960464
20.799999997019768
14.399999991059303
14
14.400000005960464
14
14.299999997019768
13.799999997019768
14.600000008940697
14.899999991059303
14.600000008940697
14.5
14.200000002980232
13.899999991059303
14.100000008940697
14.299999997019768
14.399999991059303
14.300000011920929
14
14.299999997019768
14.399999991059303
14.100000008940697
14
14.299999997019768
14.299999997019768
14
14.100000008940697
14.299999997019768
14.599999994039536
14
14
14.100000008940697
14.399999991059303
14.299999997019768
13.900000005960464
14
14.099999994039536
14
14
14.300000011920929
14.5
15.199999988079071
18.100000008940697
22.299999997019768
16
15.599999994039536
14.800000011920929
14.5
14
14
15.399999991059303
15.100000008940697
14
14.099999994039536
14.200000002980232
15.5
17.399999991059303
14.400000005960464
13.799999997019768
14.200000002980232
14.200000002980232
14.299999997019768
14.099999994039536
13.900000005960464
14
14.5
16.5
16.099999994039536
14.100000008940697
13.899999991059303
14.100000008940697
13.799999997019768
14.299999997019768
14
14.100000008940697
14.699999988079071
14.600000008940697
15.099999994039536
14.600000008940697
14.599999994039536
14.400000005960464
14.599999994039536
14.200000002980232
13.899999991059303
18.80000001192093
17.899999991059303
14.400000005960464
14.200000002980232
13.899999991059303
14.100000008940697
14
13.799999997019768
15.5
14
14
14
14.299999997019768
14
14.099999994039536
14.100000008940697
15.5
14.5
14.200000002980232
14.099999994039536
14.099999994039536
14.100000008940697
14
14.200000002980232
13.899999991059303
15
14.100000008940697
14.199999988079071
17.200000002980232
15.700000002980232
17
15
14.5
14.099999994039536
14
13.900000005960464
13.799999997019768
14.200000002980232
14
14.299999997019768
14.5
14.5
18.700000002980232
20.099999994039536
14.600000008940697
14.200000002980232
14.399999991059303
15.299999997019768
14
14.100000008940697
14.099999994039536
15
16.600000008940697
14.799999997019768
14.200000002980232
14.399999991059303
14
14.200000002980232
14.799999997019768
14.200000002980232
14.200000002980232
14.299999997019768
13.900000005960464
14.199999988079071
14.300000011920929
14
14.599999994039536
14.299999997019768
14.299999997019768
14.200000002980232
13.900000005960464
13.799999997019768
14.099999994039536
14.400000005960464
14
14.099999994039536
14.200000002980232
14.900000005960464
14.599999994039536
14.700000002980232
14.700000002980232
13.700000002980232
14.699999988079071
14.900000005960464
18.5
21.099999994039536
14.200000002980232
14.100000008940697
14.099999994039536
13.799999997019768
14.400000005960464
13.799999997019768
14
14
15.099999994039536
14.200000002980232
17.600000008940697
15.299999997019768
14.5
14.5
13.899999991059303
13.900000005960464
14
14
14.400000005960464
14.099999994039536
14
13.900000005960464
14.599999994039536
14.099999994039536
14.5
14
13.700000002980232
15.5
17.900000005960464
14.299999997019768
15.099999994039536
14.800000011920929
13.899999991059303
14
14.100000008940697
15
16.899999991059303
15
14
14.400000005960464
18.200000002980232
17.299999997019768
14.099999994039536
14.400000005960464
15
14.799999997019768
14.5
14.700000002980232
14.099999994039536
14.100000008940697
14.5
14.099999994039536
14.099999994039536
14
14
14
14.400000005960464
14
14.099999994039536
14
14.600000008940697
14.099999994039536
13.700000002980232
15
14.200000002980232
14.5
14
14
14
14.700000002980232
13.899999991059303
14.100000008940697
14
13.799999997019768
14.099999994039536
13.799999997019768
14.100000008940697
14.799999997019768
14.799999997019768
16.400000005960464
17.200000002980232
16.899999991059303
17
20
14.100000008940697
14.299999997019768
14.099999994039536
14.200000002980232
14
14.599999994039536
14
13.800000011920929
14.199999988079071
14.5
13.900000005960464
14.400000005960464
14
14.899999991059303
17.100000008940697
14.299999997019768
14.099999994039536
14.100000008940697
14.899999991059303
14.799999997019768
14.700000002980232
16.5
15.5
14.299999997019768
13.900000005960464
14.200000002980232
14.200000002980232
14
14.099999994039536
15.5
14.799999997019768
15.400000005960464
14.099999994039536
14.200000002980232
14.099999994039536
14.200000002980232
14.100000008940697
14
13.899999991059303
14
18.5
18.100000008940697
14.699999988079071
14.100000008940697
14.099999994039536
14.100000008940697
15.5
14.5
14.199999988079071
13.900000005960464
14.400000005960464
13.899999991059303
14
13.900000005960464
14.099999994039536
14.600000008940697
14.099999994039536
13.900000005960464
14
14.299999997019768
14
13.700000002980232
14.299999997019768
26.899999991059303
20.700000002980232
14.799999997019768
14.700000002980232
14
14
14.400000005960464
14
14.5
14.200000002980232
14.399999991059303
14.200000002980232
14.400000005960464
14.299999997019768
14
14.200000002980232
14.399999991059303
14.5
14.299999997019768
18.900000005960464
21.799999997019768
15.700000002980232
14
14.099999994039536
14.5
14
14.300000011920929
16.19999998807907
16.200000002980232
14.299999997019768
14
13.900000005960464
14.099999994039536
16.600000008940697
15.200000002980232
14.399999991059303
14.200000002980232
14.299999997019768
14
14.5
14.100000008940697
14.399999991059303
13.799999997019768
14.300000011920929
13.899999991059303
13.900000005960464
14.399999991059303
14.100000008940697
14
14
14.700000002980232
14.199999988079071
14
14.100000008940697
13.899999991059303
13.700000002980232
14.400000005960464
14.099999994039536
14
14
14.5
18.299999997019768
17.5
13.900000005960464
14.099999994039536
14.400000005960464
14.200000002980232
15.099999994039536
21.400000005960464
15.700000002980232
15.899999991059303
14.299999997019768
14.400000005960464
14.299999997019768
14.200000002980232
14.400000005960464
14.599999994039536
14.299999997019768
14.299999997019768
13.800000011920929
14
14.099999994039536
14.099999994039536
15.700000002980232
14.400000005960464
14.5
14
13.899999991059303
14
14.300000011920929
14
15.099999994039536
17.599999994039536
14.5
14
14.200000002980232
14
15
17.5
14.700000002980232
14.400000005960464
14.099999994039536
14.700000002980232
19.899999991059303
20.700000002980232
15.700000002980232
14
14.299999997019768
14
14.200000002980232
14.299999997019768
14.100000008940697
14.099999994039536
13.900000005960464
14.199999988079071
14
14.400000005960464
13.900000005960464
13.799999997019768
14
14.399999991059303
13.900000005960464
13.900000005960464
13.899999991059303
14
14.299999997019768
14.400000005960464
14
14.299999997019768
14.600000008940697
14.799999997019768
14
13.700000002980232
15.299999997019768
14.799999997019768
14.099999994039536
25.200000002980232
15.200000002980232
13.700000002980232
14.099999994039536
14.400000005960464
14.5
14.099999994039536
14
14
18.900000005960464
17.899999991059303
14.600000008940697
14.200000002980232
14.5
14
14
13.899999991059303
14.400000005960464
13.899999991059303
14.100000008940697
14.5
14.299999997019768
14.599999994039536
13.800000011920929
15
16.899999991059303
15.5
14.200000002980232
14.099999994039536
14
14.400000005960464
16.400000005960464
16.099999994039536
14.400000005960464
14.799999997019768
14.899999991059303
14.200000002980232
14.100000008940697
14.099999994039536
13.900000005960464
14.5
13.899999991059303
14.200000002980232
14
14.299999997019768
13.900000005960464
14.099999994039536
15.299999997019768
14.400000005960464
14.200000002980232
13.899999991059303
18.30000001192093
20.19999998807907
14.200000002980232
13.799999997019768
14.100000008940697
13.899999991059303
14.5
13.900000005960464
14.200000002980232
14
14.5
14
14
13.799999997019768
13.799999997019768
14.299999997019768
15.400000005960464
17.400000005960464
15
16.599999994039536
14.900000005960464
14.299999997019768
14.299999997019768
15
13.900000005960464
14.099999994039536
14
14.200000002980232
13.899999991059303
13.900000005960464
14.200000002980232
14.200000002980232
14.199999988079071
14
14.100000008940697
14.599999994039536
14.100000008940697
14.099999994039536
13.900000005960464
13.699999988079071
14.100000008940697
13.899999991059303
18.200000002980232
21.200000002980232
17
14.299999997019768
15.400000005960464
14.399999991059303
14
15.200000002980232
18.5
15.100000008940697
14.899999991059303
14.799999997019768
14.100000008940697
13.899999991059303
13.800000011920929
14.199999988079071
13.900000005960464
14.5
13.799999997019768
14.100000008940697
14.599999994039536
14.700000002980232
14
14.299999997019768
13.900000005960464
14.399999991059303
13.900000005960464
14
13.799999997019768
14
14.200000002980232
14.099999994039536
14.200000002980232
14
14.400000005960464
14
14
14.099999994039536
13.700000002980232
14.299999997019768
14
14.200000002980232
18.299999997019768
24.5
16.200000002980232
16.099999994039536
15.200000002980232
15.700000002980232
14.099999994039536
14.100000008940697
14.5
14
13.899999991059303
14.100000008940697
15.799999997019768
14.599999994039536
13.900000005960464
14.200000002980232
13.899999991059303
15.400000005960464
14.899999991059303
14.100000008940697
13.899999991059303
14.400000005960464
14.099999994039536
14.100000008940697
14.200000002980232
14.599999994039536
14
13.900000005960464
14
14.699999988079071
15.5
17.80000001192093
14.299999997019768
14.299999997019768
13.900000005960464
13.899999991059303
15.100000008940697
17
14.599999994039536
13.900000005960464
14
14.199999988079071
18.200000002980232
17.100000008940697
14.099999994039536
14.299999997019768
14.400000005960464
14.299999997019768
14
14.200000002980232
14.5
14.200000002980232
14.699999988079071
14.300000011920929
14.599999994039536
14.400000005960464
14.099999994039536
14.200000002980232
14.599999994039536
14.600000008940697
13.899999991059303
13.900000005960464
15.200000002980232
14.699999988079071
14
14
14.100000008940697
14
14.599999994039536
24.299999997019768
18.80000001192093
15.399999991059303
14.900000005960464
14.399999991059303
13.800000011920929
13.799999997019768
14.399999991059303
14
14.300000011920929
14
14.299999997019768
14.099999994039536
14
13.900000005960464
19.200000002980232
18.299999997019768
14.5
14.5
14.399999991059303
13.900000005960464
13.799999997019768
14.100000008940697
13.899999991059303
14.400000005960464
14
14.099999994039536
14.200000002980232
14.400000005960464
14.099999994039536
14.5
16
16.900000005960464
14
14.099999994039536
13.799999997019768
16.799999997019768
17.700000002980232
14.600000008940697
13.799999997019768
14.599999994039536
14.200000002980232
14.099999994039536
15.300000011920929
14.599999994039536
14.299999997019768
14.299999997019768
13.900000005960464
14
13.700000002980232
14.700000002980232
14.099999994039536
14
13.900000005960464
14.299999997019768
13.899999991059303
14
18.30000001192093
17.69999998807907
14.200000002980232
14.700000002980232
14.299999997019768
14.200000002980232
13.799999997019768
14
14.100000008940697
14.399999991059303
14.600000008940697
15.699999988079071
17.600000008940697
14.899999991059303
14.800000011920929
13.699999988079071
14
14.200000002980232
14.100000008940697
14.199999988079071
13.900000005960464
14.700000002980232
13.799999997019768
14.200000002980232
13.799999997019768
13.799999997019768
14.400000005960464
14
14
14.299999997019768
14.400000005960464
14
14.099999994039536
13.799999997019768
14.400000005960464
13.599999994039536
15.200000002980232
14.599999994039536
13.900000005960464
14.400000005960464
14
14.099999994039536
18.200000002980232
19.5
15.5
16.700000002980232
14
14.699999988079071
15.100000008940697
15
15.599999994039536
17.600000008940697
14.5
14.199999988079071
14
14.300000011920929
13.899999991059303
14.200000002980232
14
14.299999997019768
13.799999997019768
14
14
14.100000008940697
14.5
14
13.899999991059303
13.900000005960464
14.299999997019768
14.100000008940697
13.699999988079071
14
14
14.5
14
14
14.100000008940697
14.5
14.700000002980232
17
20.19999998807907
20.600000008940697
15.299999997019768
14.599999994039536
17
17.5
15.200000002980232
14.5
14.400000005960464
14.599999994039536
14
14.299999997019768
14.5
14.100000008940697
13.799999997019768
14
13.700000002980232
14.299999997019768
14.200000002980232
14
14
14.399999991059303
13.900000005960464
13.900000005960464
14.199999988079071
15
14.200000002980232
13.900000005960464
14
14.099999994039536
14.700000002980232
14.099999994039536
14
14.600000008940697
16.799999997019768
15.799999997019768
14.799999997019768
14.900000005960464
14.799999997019768
14.900000005960464
16.599999994039536
15.600000008940697
14.5
14.199999988079071
13.900000005960464
14.099999994039536
18.30000001192093
19.899999991059303
14.200000002980232
13.799999997019768
14
14.799999997019768
14.900000005960464
14.099999994039536
13.900000005960464
14.299999997019768
15.100000008940697
14.599999994039536
14
14.5
14.099999994039536
13.700000002980232
14.100000008940697
13.799999997019768
14.5
14.099999994039536
19.400000005960464
15.5
14.399999991059303
24.600000008940697
16.5
14.5
14.5
14.399999991059303
14
14.100000008940697
13.799999997019768
14.099999994039536
14.200000002980232
14.5
14.100000008940697
14
14.299999997019768
13.899999991059303
13.900000005960464
14.299999997019768
14.299999997019768
14.200000002980232
18.5
19.900000005960464
14.700000002980232
14.099999994039536
13.900000005960464
14.299999997019768
14.399999991059303
14.100000008940697
13.899999991059303
14
14
14.5
14
14.100000008940697
14.5
17.099999994039536
16.100000008940697
14.699999988079071
15.600000008940697
14.899999991059303
14.700000002980232
16.700000002980232
15.400000005960464
14.099999994039536
14.099999994039536
14
13.900000005960464
13.900000005960464
14.099999994039536
14.200000002980232
13.799999997019768
14
14.400000005960464
14.099999994039536
14
14
13.799999997019768
14.299999997019768
14
13.800000011920929
14
14.5
16.399999991059303
19.600000008940697
15.199999988079071
14.600000008940697
14.799999997019768
15.200000002980232
14.399999991059303
17.600000008940697
15.099999994039536
15
14.700000002980232
14.5
14.099999994039536
13.900000005960464
14
14.599999994039536
13.900000005960464
14.299999997019768
13.900000005960464
14
14.399999991059303
13.900000005960464
13.900000005960464
14.199999988079071
14.100000008940697
14
15.399999991059303
14.700000002980232
13.900000005960464
15.5
13.899999991059303
14.100000008940697
14
13.899999991059303
14
14.100000008940697
13.899999991059303
14.300000011920929
13.799999997019768
14
14
14.599999994039536
19.400000005960464
20.5
16.799999997019768
15.799999997019768
14.100000008940697
14
14.299999997019768
15.5
17.399999991059303
14
14
13.800000011920929
14.699999988079071
14.600000008940697
14
13.899999991059303
14.400000005960464
13.900000005960464
14
14
14.199999988079071
14.700000002980232
14.200000002980232
13.799999997019768
14.200000002980232
15.799999997019768
14.600000008940697
14.899999991059303
14.200000002980232
14.299999997019768
21
13.900000005960464
13.899999991059303
14.600000008940697
18.5
16.200000002980232
14.599999994039536
15
14.5
14
14.299999997019768
13.799999997019768
18.900000005960464
17.299999997019768
14.100000008940697
14.099999994039536
13.799999997019768
14
14.100000008940697
14.5
14.599999994039536
14
14
14
14.099999994039536
14.100000008940697
14
13.799999997019768
14.099999994039536
14.100000008940697
13.899999991059303
14.600000008940697
14.299999997019768
14.099999994039536
14
14
14.100000008940697
13.700000002980232
14.399999991059303
14
14.799999997019768
15.900000005960464
18.200000002980232
14.299999997019768
14
14.299999997019768
15
16.900000005960464
14.5
14.299999997019768
13.799999997019768
14
14
14.299999997019768
19.400000005960464
18.200000002980232
14.099999994039536
14.100000008940697
13.899999991059303
14.200000002980232
14
13.700000002980232
14.399999991059303
13.800000011920929
14.199999988079071
14
14.100000008940697
14.200000002980232
16.899999991059303
18
14.200000002980232
16
16.900000005960464
15.599999994039536
15.299999997019768
15
14.299999997019768
13.900000005960464
14
14.200000002980232
13.899999991059303
14
14
14.100000008940697
14.099999994039536
14
14.100000008940697
14.199999988079071
14.100000008940697
13.899999991059303
13.800000011920929
13.899999991059303
14
14.200000002980232
14.099999994039536
14
18.200000002980232
17.400000005960464
14.599999994039536
14
14.100000008940697
14.199999988079071
14.100000008940697
14
15.399999991059303
14.600000008940697
13.799999997019768
15.799999997019768
14.900000005960464
14.099999994039536
14.100000008940697
15.5
17.799999997019768
14.200000002980232
14
14.299999997019768
13.799999997019768
15.400000005960464
17.099999994039536
14.099999994039536
14.300000011920929
14
13.799999997019768
14.200000002980232
14.599999994039536
14.200000002980232
14.099999994039536
14.200000002980232
14
14.299999997019768
13.900000005960464
14.299999997019768
14
13.700000002980232
14.099999994039536
14
21
13.900000005960464
18.299999997019768
19.599999994039536
16.5
15.400000005960464
14.700000002980232
14.799999997019768
14.299999997019768
13.900000005960464
14.399999991059303
14
13.900000005960464
14.099999994039536
14.200000002980232
15
14
14
15.299999997019768
14.900000005960464
14.299999997019768
14
14
14.400000005960464
14
13.799999997019768
15.099999994039536
14
14.400000005960464
13.900000005960464
14
14
14.199999988079071
13.900000005960464
14
13.799999997019768
15.100000008940697
14.399999991059303
13.900000005960464
14.899999991059303
14.800000011920929
15.199999988079071
14.400000005960464
14
16.900000005960464
20.5
14.799999997019768
14.099999994039536
14
14.600000008940697
14
14.799999997019768
16.599999994039536
15.400000005960464
14
14.299999997019768
13.900000005960464
14.399999991059303
13.900000005960464
13.799999997019768
13.900000005960464
14
13.899999991059303
14.200000002980232
13.900000005960464
14.5
14.199999988079071
14.200000002980232
15.200000002980232
17
14.200000002980232
13.700000002980232
13.899999991059303
20.900000005960464
15.299999997019768
14.5
14.900000005960464
13.899999991059303
14.100000008940697
13.899999991059303
13.900000005960464
14.299999997019768
14.099999994039536
14.100000008940697
13.899999991059303
13.900000005960464
16.799999997019768
19.799999997019768
14.100000008940697
14.099999994039536
14.100000008940697
13.799999997019768
13.799999997019768
14.099999994039536
14.5
14.400000005960464
14.299999997019768
14.100000008940697
14.399999991059303
14
13.900000005960464
14
13.700000002980232
14.099999994039536
14
14.099999994039536
13.900000005960464
14.599999994039536
14.600000008940697
14.700000002980232
14.599999994039536
14.599999994039536
14.200000002980232
13.700000002980232
13.900000005960464
15.799999997019768
17.099999994039536
14.700000002980232
15
14.799999997019768
14
14.600000008940697
16.69999998807907
15.300000011920929
14.099999994039536
14
14.099999994039536
14.300000011920929
18.299999997019768
17.299999997019768
14.5
14.400000005960464
14.099999994039536
13.900000005960464
13.899999991059303
14.600000008940697
14.799999997019768
15.299999997019768
14.799999997019768
13.900000005960464
14.5
13.899999991059303
16
14.700000002980232
14.799999997019768
14.400000005960464
14.200000002980232
13.899999991059303
14.400000005960464
14.099999994039536
13.900000005960464
13.900000005960464
13.899999991059303
14.600000008940697
13.899999991059303
14
13.900000005960464
14.5
14.200000002980232
14.199999988079071
13.900000005960464
14.599999994039536
14.600000008940697
14.200000002980232
13.899999991059303
14
14.299999997019768
14.100000008940697
15.299999997019768
14.400000005960464
18.799999997019768
19.599999994039536
14.200000002980232
14
14.5
14.099999994039536
14.600000008940697
15
15.200000002980232
14.599999994039536
13.900000005960464
13.799999997019768
14
14.5
14.299999997019768
14.900000005960464
17.099999994039536
15.099999994039536
14.800000011920929
14
14.099999994039536
14.799999997019768
16.5
15.200000002980232
14
14.099999994039536
13.800000011920929
13.799999997019768
14.200000002980232
14.099999994039536
14.099999994039536
13.900000005960464
13.900000005960464
14.399999991059303
14
18.600000008940697
18.799999997019768
14.299999997019768
14
15.700000002980232
15.399999991059303
16.600000008940697
17.099999994039536
18.600000008940697
14.299999997019768
14.700000002980232
14.599999994039536
14.099999994039536
15.300000011920929
14.699999988079071
14.300000011920929
14
14
13.899999991059303
14.100000008940697
14.299999997019768
14
14.5
13.899999991059303
14.400000005960464
14.200000002980232
14
14.099999994039536
14.299999997019768
13.800000011920929
14.199999988079071
13.800000011920929
14.299999997019768
14.5
14
14
14.599999994039536
14.5
14
14.100000008940697
13.899999991059303
13.799999997019768
14.800000011920929
14.599999994039536
14.700000002980232
14.399999991059303
14.5
14.200000002980232
13.900000005960464
18.299999997019768
20.099999994039536
16.900000005960464
15.299999997019768
14.400000005960464
14.5
14.200000002980232
16.19999998807907
15.800000011920929
14.099999994039536
13.799999997019768
14
14.100000008940697
14.099999994039536
15.200000002980232
14.599999994039536
14.400000005960464
14.099999994039536
21.600000008940697
15.599999994039536
14.200000002980232
14
14.099999994039536
13.900000005960464
15.099999994039536
16.200000002980232
15.400000005960464
15.099999994039536
14.799999997019768
14.200000002980232
14
14.299999997019768
14.700000002980232
14.200000002980232
14
13.799999997019768
13.900000005960464
14.199999988079071
14
14.300000011920929
14.399999991059303
14.799999997019768
18.600000008940697
17
14.200000002980232
14.699999988079071
14
14.100000008940697
14.099999994039536
14.200000002980232
14
13.799999997019768
14.299999997019768
13.900000005960464
14.5
14.599999994039536
13.900000005960464
14
14.5
14.799999997019768
15
14.700000002980232
14.599999994039536
14.300000011920929
15
14.599999994039536
13.900000005960464
14.299999997019768
13.799999997019768
14.200000002980232
14.099999994039536
14.799999997019768
16.80000001192093
14.599999994039536
14.200000002980232
14.5
14.399999991059303
16.100000008940697
15.899999991059303
14.400000005960464
14.299999997019768
14.200000002980232
13.900000005960464
14
18.099999994039536
18.5
14.400000005960464
16.299999997019768
14
13.700000002980232
13.899999991059303
16
14.400000005960464
14.799999997019768
16.299999997019768
15.400000005960464
14.899999991059303
15.100000008940697
14.399999991059303
14.100000008940697
14.099999994039536
14
13.799999997019768
13.900000005960464
13.900000005960464
14.199999988079071
14
14.100000008940697
14.5
14.099999994039536
13.900000005960464
14.200000002980232
13.699999988079071
14.200000002980232
15.299999997019768
14.5
14
13.900000005960464
14.099999994039536
13.900000005960464
14
14.099999994039536
14.100000008940697
14
13.899999991059303
13.900000005960464
18
17.200000002980232
14.099999994039536
14.100000008940697
15
14.799999997019768
14.700000002980232
14.899999991059303
14.5
14.200000002980232
13.900000005960464
14.099999994039536
14.099999994039536
14
13.900000005960464
15.299999997019768
17.600000008940697
14
14.099999994039536
14.200000002980232
14.799999997019768
17.099999994039536
14.400000005960464
14
13.900000005960464
14.299999997019768
14.299999997019768
14.200000002980232
15.099999994039536
19.799999997019768
13.900000005960464
14.099999994039536
13.900000005960464
14.200000002980232
14.599999994039536
13.900000005960464
14.099999994039536
17.200000002980232
15.799999997019768
14.799999997019768
13.900000005960464
14.200000002980232
16.299999997019768
19.900000005960464
13.699999988079071
14.200000002980232
14.299999997019768
14.100000008940697
13.899999991059303
13.900000005960464
14.400000005960464
14.299999997019768
14
13.899999991059303
13.900000005960464
14.299999997019768
14.100000008940697
14
13.899999991059303
14
14.200000002980232
14.5
14.299999997019768
14.100000008940697
13.799999997019768
13.799999997019768
14
14.599999994039536
14
13.800000011920929
14
14.899999991059303
14.700000002980232
14.5
14.5
13.799999997019768
14.400000005960464
13.799999997019768
14
14.599999994039536
14.200000002980232
14.100000008940697
13.899999991059303
14
19
17.799999997019768
16.600000008940697
14.700000002980232
15.599999994039536
14.5
14.599999994039536
16.80000001192093
15.299999997019768
14.200000002980232
13.899999991059303
14
14.400000005960464
13.799999997019768
20.900000005960464
14.5
14.299999997019768
14.5
15
13.700000002980232
13.899999991059303
14.100000008940697
16.099999994039536
15.299999997019768
14.900000005960464
15.099999994039536
14.5
13.900000005960464
14
14.399999991059303
14
14.400000005960464
14.200000002980232
13.899999991059303
14.5
13.900000005960464
13.900000005960464
13.899999991059303
14.700000002980232
14.200000002980232
13.899999991059303
13.800000011920929
18.799999997019768
19.899999991059303
14.100000008940697
14.200000002980232
14.199999988079071
13.900000005960464
13.799999997019768
13.900000005960464
14.099999994039536
14.299999997019768
14.200000002980232
13.900000005960464
14.5
14.599999994039536
14
13.799999997019768
13.700000002980232
15.100000008940697
14.699999988079071
14.700000002980232
14.299999997019768
13.800000011920929
14.199999988079071
13.800000011920929
14
14
14.399999991059303
14.200000002980232
14
14.5
17
15.700000002980232
13.899999991059303
14
13.800000011920929
15.199999988079071
17.700000002980232
14
14.400000005960464
14
23.5
13.899999991059303
18.400000005960464
20.099999994039536
14.300000011920929
13.899999991059303
14
14.5
17.100000008940697
15.099999994039536
15
14.299999997019768
14.400000005960464
14
14.5
13.899999991059303
14.200000002980232
15
14.5
13.900000005960464
14
13.799999997019768
15.400000005960464
14.699999988079071
13.900000005960464
14
14
14.200000002980232
13.899999991059303
14
13.900000005960464
13.799999997019768
14.100000008940697
14
13.899999991059303
13.900000005960464
14.5
13.899999991059303
14
14
14.300000011920929
13.799999997019768
14.099999994039536
14.400000005960464
17.5
20.399999991059303
14.800000011920929
14.5
13.799999997019768
13.700000002980232
14
13.899999991059303
14.400000005960464
14
14.200000002980232
13.799999997019768
14.299999997019768
14
13.799999997019768
15.200000002980232
17.700000002980232
14.5
14.299999997019768
13.900000005960464
15.099999994039536
17
14.5
21
14.299999997019768
13.799999997019768
15
14
16.900000005960464
14.400000005960464
14.299999997019768
13.899999991059303
14.100000008940697
16.399999991059303
15.800000011920929
15.099999994039536
14.799999997019768
14.5
14.400000005960464
13.899999991059303
13.900000005960464
13.799999997019768
16.299999997019768
20.30000001192093
14.5
14.099999994039536
13.599999994039536
14.400000005960464
14
13.900000005960464
14
14.599999994039536
14.200000002980232
14.299999997019768
14.200000002980232
13.899999991059303
13.800000011920929
14.199999988079071
14
14.100000008940697
13.899999991059303
14.400000005960464
13.900000005960464
13.899999991059303
14
14.299999997019768
13.900000005960464
13.700000002980232
15.399999991059303
15.100000008940697
14.200000002980232
14.299999997019768
14.099999994039536
13.900000005960464
14.399999991059303
14.100000008940697
13.700000002980232
14.099999994039536
15.599999994039536
14.5
14
13.700000002980232
14.100000008940697
14.399999991059303
18.200000002980232
18.599999994039536
17
14.5
13.800000011920929
13.899999991059303
15
23.900000005960464
14.099999994039536
14.5
14.400000005960464
13.700000002980232
14
13.899999991059303
13.900000005960464
14.399999991059303
14
14.800000011920929
16.399999991059303
14.700000002980232
15
14.900000005960464
14.399999991059303
14.100000008940697
13.799999997019768
13.899999991059303
13.900000005960464
14.299999997019768
14
13.900000005960464
14.399999991059303
14.5
14.100000008940697
13.899999991059303
13.800000011920929
14
14.699999988079071
14.100000008940697
14.200000002980232
14
14.199999988079071
14
18.30000001192093
17.299999997019768
15.799999997019768
14.599999994039536
13.700000002980232
14
14.299999997019768
14
13.700000002980232
14
14
14.299999997019768
14.800000011920929
14.699999988079071
14.400000005960464
14.5
14
14
14
14
14.799999997019768
14
13.900000005960464
14
14.399999991059303
13.900000005960464
14.200000002980232
13.799999997019768
14.299999997019768
13.799999997019768
15.200000002980232
17.600000008940697
14.199999988079071
14.300000011920929
21.299999997019768
16.200000002980232
16
14.099999994039536
15
14.799999997019768
13.799999997019768
14.300000011920929
18.299999997019768
17.399999991059303
15
16.400000005960464
14.799999997019768
15.200000002980232
14.400000005960464
13.699999988079071
13.900000005960464
14.099999994039536
15.100000008940697
14.799999997019768
13.799999997019768
14.100000008940697
13.899999991059303
14.400000005960464
14.099999994039536
13.900000005960464
13.700000002980232
14.099999994039536
13.799999997019768
14.100000008940697
14.199999988079071
14.100000008940697
14.299999997019768
14
13.900000005960464
14.099999994039536
13.799999997019768
14.200000002980232
14.099999994039536
14.400000005960464
14.5
14.5
13.900000005960464
14
14
14.299999997019768
14.200000002980232
14.799999997019768
14.299999997019768
14.700000002980232
18.099999994039536
20.200000002980232
14.599999994039536
14.700000002980232
14.200000002980232
13.799999997019768
13.799999997019768
14
14.400000005960464
13.900000005960464
14.099999994039536
13.799999997019768
14.400000005960464
13.899999991059303
13.800000011920929
13.899999991059303
15.400000005960464
16.899999991059303
15.900000005960464
13.900000005960464
14.099999994039536
15.599999994039536
17.100000008940697
14.399999991059303
13.900000005960464
14.5
13.900000005960464
13.899999991059303
13.900000005960464
14.399999991059303
15.800000011920929
14.799999997019768
14.599999994039536
13.700000002980232
14.5
13.900000005960464
13.899999991059303
13.799999997019768
14.400000005960464
14
13.900000005960464
14
18.799999997019768
20
14.599999994039536
14.5
14.5
13.900000005960464
14.099999994039536
14
14.100000008940697
14
13.899999991059303
14
13.900000005960464
14.399999991059303
14.100000008940697
13.799999997019768
14
14.299999997019768
14
13.700000002980232
13.900000005960464
13.899999991059303
14.400000005960464
15.299999997019768
15.099999994039536
14.800000011920929
16
14.5
13.899999991059303
14.100000008940697
14.399999991059303
13.900000005960464
14
13.799999997019768
14.099999994039536
14.300000011920929
13.899999991059303
14.100000008940697
14.099999994039536
14.299999997019768
13.900000005960464
13.799999997019768
18.400000005960464
18
15.5
16.399999991059303
14
14.400000005960464
14.099999994039536
15.100000008940697
18.299999997019768
15.200000002980232
14.299999997019768
13.799999997019768
13.900000005960464
13.899999991059303
14.299999997019768
15.700000002980232
15.200000002980232
15.099999994039536
15
14.200000002980232
14.100000008940697
14.099999994039536
13.900000005960464
13.799999997019768
13.899999991059303
14
14.300000011920929
14.099999994039536
13.799999997019768
14.100000008940697
14.099999994039536
14.299999997019768
14
13.799999997019768
15
14.5
14
14.300000011920929
14
14.099999994039536
14.099999994039536
14.300000011920929
16.099999994039536
19.299999997019768
14.600000008940697
14.399999991059303
13.900000005960464
14
14.099999994039536
14.100000008940697
15.799999997019768
14.700000002980232
14.399999991059303
13.900000005960464
14.299999997019768
14.200000002980232
13.799999997019768
14.099999994039536
14.400000005960464
14.099999994039536
13.900000005960464
14
13.700000002980232
14
13.899999991059303
14
14
14.400000005960464
13.900000005960464
14.199999988079071
14
13.900000005960464
21.599999994039536
16.700000002980232
15.299999997019768
14.600000008940697
14.599999994039536
16.5
15.700000002980232
14.5
13.900000005960464
14
13.899999991059303
13.900000005960464
20.200000002980232
18.799999997019768
14.700000002980232
14.5
13.899999991059303
13.600000008940697
13.899999991059303
14.100000008940697
14.299999997019768
13.899999991059303
14.200000002980232
14.200000002980232
14
13.900000005960464
13.899999991059303
13.700000002980232
14.400000005960464
14
14
13.799999997019768
14.200000002980232
14.099999994039536
13.900000005960464
13.899999991059303
14.299999997019768
13.700000002980232
14
14.400000005960464
14.099999994039536
14.299999997019768
14
14.300000011920929
13.899999991059303
14.200000002980232
14.200000002980232
15.099999994039536
15
14.900000005960464
13.899999991059303
14.700000002980232
14.100000008940697
14
18.19999998807907
17.700000002980232
14.5
14.200000002980232
14.299999997019768
14
13.799999997019768
14
15.5
14.600000008940697
14
14
13.799999997019768
14.200000002980232
20.799999997019768
13.900000005960464
13.699999988079071
15.5
16.700000002980232
14.100000008940697
13.899999991059303
16.100000008940697
15
16.899999991059303
14.5
14.900000005960464
14.399999991059303
15.800000011920929
15.099999994039536
14.900000005960464
14.599999994039536
14.5
14
14.200000002980232
13.700000002980232
13.899999991059303
14
14
14.200000002980232
14
13.900000005960464
14.299999997019768
18.5
19.399999991059303
15.600000008940697
14
14.200000002980232
14
14.299999997019768
14
14.099999994039536
14
14.400000005960464
14.099999994039536
13.900000005960464
14
14.299999997019768
13.799999997019768
15.100000008940697
14.799999997019768
14
14
13.700000002980232
15.599999994039536
15.099999994039536
14.5
14.100000008940697
14.399999991059303
14.400000005960464
13.799999997019768
14
14.299999997019768
13.800000011920929
14.099999994039536
13.900000005960464
13.699999988079071
14.100000008940697
13.700000002980232
14
14.399999991059303
14.299999997019768
13.900000005960464
16.200000002980232
18.599999994039536
18.200000002980232
17.099999994039536
15.300000011920929
16.899999991059303
14.5
14
14.100000008940697
14.699999988079071
17
14.900000005960464
14.299999997019768
14.900000005960464
15.899999991059303
14.5
14.600000008940697
14.299999997019768
14.099999994039536
14
13.700000002980232
14
14.900000005960464
14.099999994039536
14.5
14.200000002980232
15.400000005960464
14.5
14.099999994039536
14
14.299999997019768
14.200000002980232
13.700000002980232
14.099999994039536
14.700000002980232
14.400000005960464
14.099999994039536
14
13.900000005960464
14.299999997019768
14.099999994039536
14
13.900000005960464
13.799999997019768
16.200000002980232
18.200000002980232
14.599999994039536
14
14.200000002980232
15
15.200000002980232
14.599999994039536
14.400000005960464
14
14.199999988079071
14.100000008940697
14.200000002980232
14
13.799999997019768
14
13.799999997019768
14.599999994039536
13.800000011920929
14
14.099999994039536
14.299999997019768
14.100000008940697
14
13.699999988079071
21.5
14.100000008940697
14.399999991059303
13.900000005960464
13.799999997019768
14.100000008940697
15.099999994039536
19
14.599999994039536
14.300000011920929
13.899999991059303
15
16.900000005960464
14.700000002980232
15.799999997019768
15.099999994039536
14.400000005960464
17.399999991059303
17
14.600000008940697
14
14.299999997019768
14
14.5
14.099999994039536
14.200000002980232
14.400000005960464
14.599999994039536
13.900000005960464
14.5
14.200000002980232
13.799999997019768
14
14.099999994039536
14.400000005960464
14
13.899999991059303
14
13.600000008940697
14.200000002980232
14
13.899999991059303
14
14.400000005960464
14
14
14.200000002980232
14.299999997019768
14
15
14.299999997019768
14.599999994039536
14.200000002980232
14
14
14.200000002980232
15.099999994039536
15.200000002980232
14.400000005960464
16.200000002980232
19.899999991059303
14
14.299999997019768
14
14.300000011920929
14.699999988079071
14.900000005960464
13.700000002980232
23.700000002980232
14.099999994039536
14
13.900000005960464
14.299999997019768
13.799999997019768
13.799999997019768
15.100000008940697
16.899999991059303
14.400000005960464
13.899999991059303
14
15
17.30000001192093
16.19999998807907
27.400000005960464
15
14.599999994039536
14.700000002980232
14.400000005960464
13.700000002980232
14.299999997019768
14.200000002980232
14.199999988079071
14.100000008940697
14.299999997019768
13.900000005960464
13.799999997019768
14.200000002980232
14.5
14
14
13.799999997019768
18.099999994039536
20.400000005960464
13.899999991059303
14.100000008940697
13.700000002980232
14.299999997019768
15.099999994039536
14.5
14
14.5
13.900000005960464
14
14.099999994039536
13.900000005960464
13.799999997019768
13.799999997019768
14
14.700000002980232
14.400000005960464
14.599999994039536
14.5
14.900000005960464
14.199999988079071
14.100000008940697
13.799999997019768
14
13.700000002980232
13.799999997019768
14.099999994039536
13.900000005960464
14.400000005960464
13.899999991059303
14
14
15.100000008940697
19.69999998807907
14
15
14.5
14
13.800000011920929
13.799999997019768
18.200000002980232
25.099999994039536
16.5
14
14.5
14.700000002980232
17.299999997019768
16.099999994039536
15.200000002980232
16.5
14.600000008940697
14.599999994039536
14.299999997019768
14.400000005960464
14.799999997019768
14.200000002980232
13.799999997019768
14
14.099999994039536
14
14
13.900000005960464
14.299999997019768
14
13.900000005960464
13.899999991059303
13.800000011920929
14.299999997019768
14
14.099999994039536
14.200000002980232
14.400000005960464
14.699999988079071
14
13.800000011920929
14.299999997019768
14
13.899999991059303
14
14.200000002980232
13.700000002980232
14.299999997019768
16.200000002980232
20.700000002980232
14.899999991059303
13.800000011920929
13.799999997019768
13.899999991059303
13.900000005960464
14.5
14.400000005960464
14
14.099999994039536
14.299999997019768
13.900000005960464
14.299999997019768
14.299999997019768
14.200000002980232
14.799999997019768
22.100000008940697
15.5
13.799999997019768
14.299999997019768
13.799999997019768
15.299999997019768
14.300000011920929
14.299999997019768
14
13.899999991059303
13.900000005960464
14.5
14.400000005960464
15.299999997019768
17.099999994039536
14.600000008940697
13.799999997019768
26
18.099999994039536
14.799999997019768
14.100000008940697
13.899999991059303
14
14.400000005960464
14.200000002980232
18.700000002980232
18.19999998807907
15
14
14
14
14.300000011920929
13.899999991059303
14.200000002980232
13.799999997019768
13.900000005960464
14.299999997019768
14.099999994039536
13.900000005960464
14.099999994039536
14.200000002980232
14
13.700000002980232
14
13.900000005960464
14.399999991059303
13.900000005960464
14.200000002980232
14
14.299999997019768
14
14.099999994039536
15
15
15.299999997019768
14.900000005960464
14.5
13.799999997019768
14.5
13.900000005960464
14.099999994039536
14
14.700000002980232
13.900000005960464
13.899999991059303
14
13.700000002980232
18.900000005960464
23.5
16.799999997019768
14.399999991059303
13.900000005960464
13.900000005960464
13.899999991059303
14.400000005960464
14.200000002980232
13.899999991059303
16
13.799999997019768
14.200000002980232
14.299999997019768
15.5
17
14.800000011920929
13.899999991059303
18
16.5
16.200000002980232
17.700000002980232
14.299999997019768
14
14.099999994039536
14
13.900000005960464
14.099999994039536
14.200000002980232
14.5
14.100000008940697
13.699999988079071
14.100000008940697
13.899999991059303
14
14
14
14
15.100000008940697
14.5
14
13.700000002980232
18.899999991059303
19.700000002980232
14.299999997019768
14
14
14.100000008940697
13.899999991059303
14.400000005960464
14
13.799999997019768
14.099999994039536
17
14.900000005960464
14.400000005960464
14.099999994039536
13.799999997019768
14.400000005960464
13.700000002980232
14.099999994039536
13.700000002980232
13.899999991059303
14.200000002980232
13.900000005960464
14
13.899999991059303
14.200000002980232
13.900000005960464
15.599999994039536
19.299999997019768
14.300000011920929
13.899999991059303
13.900000005960464
14
13.799999997019768
14.400000005960464
14
14
14
14.899999991059303
14
14.200000002980232
14.299999997019768
17.299999997019768
23
17.80000001192093
14.399999991059303
16.5
14.5
15.100000008940697
16.799999997019768
14.5
13.899999991059303
14.400000005960464
13.799999997019768
14.299999997019768
14.200000002980232
14.200000002980232
13.900000005960464
14
13.699999988079071
13.900000005960464
14.299999997019768
14
14.200000002980232
14.599999994039536
14.5
13.900000005960464
13.799999997019768
14
13.799999997019768
14.400000005960464
14.099999994039536
13.900000005960464
14.5
14.5
14
13.900000005960464
14.099999994039536
14.200000002980232
14.899999991059303
14.700000002980232
14.200000002980232
14
14.400000005960464
17.899999991059303
20.100000008940697
14.399999991059303
13.799999997019768
13.900000005960464
13.900000005960464
14.299999997019768
15.200000002980232
13.899999991059303
14.200000002980232
14
19
18.599999994039536
14.5
13.900000005960464
14.299999997019768
14.600000008940697
14.099999994039536
13.799999997019768
14.799999997019768
15.700000002980232
14
13.799999997019768
13.800000011920929
14.299999997019768
13.899999991059303
13.900000005960464
13.900000005960464
15
16.799999997019768
19.599999994039536
14.400000005960464
14.700000002980232
14.599999994039536
16.400000005960464
15.699999988079071
13.900000005960464
14.099999994039536
14.100000008940697
14.200000002980232
13.699999988079071
14
16.30000001192093
20.799999997019768
15.299999997019768
14.099999994039536
13.900000005960464
14
14.5
13.900000005960464
13.899999991059303
13.900000005960464
14.200000002980232
14.299999997019768
14
14.099999994039536
13.900000005960464
14.299999997019768
13.799999997019768
13.900000005960464
13.899999991059303
13.800000011920929
15.699999988079071
14.5
13.900000005960464
13.900000005960464
14.399999991059303
13.900000005960464
13.799999997019768
14.099999994039536
14.300000011920929
14
13.799999997019768
13.899999991059303
14.300000011920929
14
13.899999991059303
14.100000008940697
14.799999997019768
15.200000002980232
14.899999991059303
13.799999997019768
14.100000008940697
14
18.799999997019768
17.799999997019768
14.400000005960464
14.099999994039536
13.799999997019768
13.900000005960464
14.400000005960464
14
14.199999988079071
14
14.200000002980232
13.900000005960464
13.799999997019768
13.900000005960464
16.399999991059303
15.600000008940697
15.699999988079071
17
14.200000002980232
14.400000005960464
14.700000002980232
17
14.799999997019768
14.5
14
13.899999991059303
14.100000008940697
15
15.299999997019768
14.5
13.700000002980232
13.899999991059303
14.300000011920929
14
14
14.099999994039536
14.200000002980232
14
13.899999991059303
13.900000005960464
13.700000002980232
14.200000002980232
17.899999991059303
17.5
14
14.299999997019768
13.900000005960464
13.900000005960464
14.5
15
14.5
14.199999988079071
14.200000002980232
14.799999997019768
14.300000011920929
13.899999991059303
14
13.700000002980232
14.400000005960464
14
14.199999988079071
13.800000011920929
14.199999988079071
14
15.700000002980232
19.299999997019768
14.5
14
13.900000005960464
14
13.700000002980232
14.5
13.899999991059303
16
14
14.300000011920929
14.099999994039536
14.299999997019768
15.200000002980232
15
13.900000005960464
13.899999991059303
14.100000008940697
17
19.5
17.5
15.099999994039536
16.400000005960464
15
14.199999988079071
14.900000005960464
16.299999997019768
15.5
14.700000002980232
14.099999994039536
14.100000008940697
13.899999991059303
14.200000002980232
14.299999997019768
13.800000011920929
13.899999991059303
14.299999997019768
14.300000011920929
14.299999997019768
14.200000002980232
14
14.199999988079071
13.800000011920929
13.799999997019768
13.899999991059303
14
14.400000005960464
13.900000005960464
14.299999997019768
13.799999997019768
14.200000002980232
14.099999994039536
14.900000005960464
15
14.299999997019768
14.700000002980232
14.200000002980232
13.899999991059303
14.400000005960464
14
13.899999991059303
18.600000008940697
17.599999994039536
15.600000008940697
14.699999988079071
14.200000002980232
14.299999997019768
17.5
17.600000008940697
14.299999997019768
14.5
14.200000002980232
14
13.700000002980232
14.299999997019768
13.700000002980232
14.399999991059303
14
13.900000005960464
14.099999994039536
14.299999997019768
13.900000005960464
13.900000005960464
14
14.299999997019768
13.799999997019768
14
15.799999997019768
14.799999997019768
15.300000011920929
15.299999997019768
15.599999994039536
17
14.799999997019768
13.900000005960464
14.799999997019768
16.700000002980232
15
14.200000002980232
14
14
14.200000002980232
14
18.19999998807907
16.900000005960464
14.5
13.900000005960464
13.699999988079071
14
14.100000008940697
14.299999997019768
13.900000005960464
14.099999994039536
14.5
14.400000005960464
14
14
14.099999994039536
13.700000002980232
14.200000002980232
13.799999997019768
14
14.599999994039536
15
14.5
14.400000005960464
14
14.299999997019768
13.900000005960464
13.699999988079071
14.100000008940697
14.799999997019768
14.5
14
13.900000005960464
13.899999991059303
19.900000005960464
17.299999997019768
13.700000002980232
14.5
14.399999991059303
14
14
13.900000005960464
14.400000005960464
19.5
19.599999994039536
14.099999994039536
14.400000005960464
14
13.900000005960464
14
13.799999997019768
14.299999997019768
13.799999997019768
17.400000005960464
15.599999994039536
15.200000002980232
15.5
14.099999994039536
14.900000005960464
16.799999997019768
14.400000005960464
14.700000002980232
14.899999991059303
16.799999997019768
14.900000005960464
14.400000005960464
14.199999988079071
14.600000008940697
13.899999991059303
14
13.900000005960464
13.900000005960464
14
14
14
14
14.399999991059303
14.100000008940697
14.599999994039536
14.099999994039536
13.700000002980232
14.5
13.900000005960464
13.799999997019768
14.299999997019768
18.400000005960464
19.399999991059303
15.400000005960464
14.900000005960464
14.399999991059303
13.700000002980232
18.099999994039536
16.5
16
15.100000008940697
14.799999997019768
14.299999997019768
14.600000008940697
14.399999991059303
14.700000002980232
14.5
21.5
14.200000002980232
14.299999997019768
14.599999994039536
14.900000005960464
14.5
14.299999997019768
14.5
14.299999997019768
15.5
18.5
17.100000008940697
17.599999994039536
16.100000008940697
14.199999988079071
14.200000002980232
14.100000008940697
13.899999991059303
14.100000008940697
17.599999994039536
15.400000005960464
14.699999988079071
15.600000008940697
14.399999991059303
14.5
15.600000008940697
21.399999991059303
17.600000008940697
15.099999994039536
16.799999997019768
14.600000008940697
14
13.899999991059303
14.400000005960464
14
13.900000005960464
13.699999988079071
14.100000008940697
14.200000002980232
15.099999994039536
13.799999997019768
14.100000008940697
14.399999991059303
14
14.100000008940697
14.099999994039536
14.400000005960464
13.699999988079071
14
13.900000005960464
13.900000005960464
14.099999994039536
14.099999994039536
15.300000011920929
15.099999994039536
14.900000005960464
14.599999994039536
14
14.200000002980232
13.899999991059303
15.5
15.300000011920929
13.899999991059303
14
13.799999997019768
14.200000002980232
14.200000002980232
19.200000002980232
20
19.799999997019768
14.200000002980232
14
14
13.700000002980232
14.099999994039536
14.099999994039536
15.700000002980232
13.900000005960464
14.299999997019768
14.200000002980232
13.899999991059303
14
14.300000011920929
14
13.799999997019768
13.799999997019768
14.099999994039536
16
16
15.300000011920929
15
15.199999988079071
14.300000011920929
14.099999994039536
14.400000005960464
16.19999998807907
16.400000005960464
14.5
15.900000005960464
16.399999991059303
14.5
14
13.900000005960464
13.899999991059303
14.200000002980232
14.5
14.100000008940697
14
14
14.299999997019768
19.299999997019768
20
14.700000002980232
14.599999994039536
13.900000005960464
13.899999991059303
14.100000008940697
14.299999997019768
13.900000005960464
13.799999997019768
14.099999994039536
15.799999997019768
14.300000011920929
14.599999994039536
13.700000002980232
14.099999994039536
14.600000008940697
14.399999991059303
14.5
14
14.299999997019768
13.900000005960464
14
14
13.799999997019768
23.5
13.900000005960464
13.899999991059303
14.400000005960464
13.799999997019768
13.700000002980232
14.099999994039536
13.900000005960464
14.400000005960464
14
13.899999991059303
14
14.400000005960464
14.099999994039536
14
13.799999997019768
13.900000005960464
18.099999994039536
17.5
14.400000005960464
18.200000002980232
14.5
14.700000002980232
13.699999988079071
14.200000002980232
15
14.600000008940697
14.099999994039536
14.299999997019768
14.900000005960464
16.399999991059303
14.600000008940697
14.899999991059303
16.400000005960464
15.099999994039536
14
14.200000002980232
13.799999997019768
14.100000008940697
13.700000002980232
13.799999997019768
14.299999997019768
14
14
13.900000005960464
14.399999991059303
14.799999997019768
14.100000008940697
14
13.799999997019768
14.400000005960464
14
14
14
14.199999988079071
14.700000002980232
14.600000008940697
14.399999991059303
14.600000008940697
18.599999994039536
19.5
14.5
14.700000002980232
14
13.799999997019768
14
14.099999994039536
13.900000005960464
21
14
14.299999997019768
13.799999997019768
14
14.5
14.400000005960464
15.5
14.599999994039536
16
14
14.300000011920929
14.199999988079071
13.800000011920929
14
14.399999991059303
13.700000002980232
13.900000005960464
13.799999997019768
14
14.299999997019768
16.799999997019768
16.200000002980232
14.900000005960464
15
14.299999997019768
14
14
14.200000002980232
13.899999991059303
13.700000002980232
15.099999994039536
17.400000005960464
18.799999997019768
21.100000008940697
16.299999997019768
14.200000002980232
14
13.899999991059303
14.100000008940697
14
14
14
14
14.099999994039536
14
14.299999997019768
13.900000005960464
14
13.599999994039536
14.100000008940697
14.099999994039536
14.099999994039536
14
15.800000011920929
14.699999988079071
14.5
15.800000011920929
14.799999997019768
14
14
14.099999994039536
14
13.799999997019768
13.900000005960464
14
14.200000002980232
14.099999994039536
23.700000002980232
14
14
14.099999994039536
14.300000011920929
14.099999994039536
14
18.200000002980232
18.200000002980232
14.799999997019768
14.200000002980232
14
14.199999988079071
14.100000008940697
13.899999991059303
14
14.100000008940697
14.200000002980232
13.699999988079071
14
14
24.30000001192093
18.099999994039536
15.099999994039536
14.600000008940697
14.299999997019768
13.900000005960464
13.699999988079071
14.100000008940697
13.899999991059303
14.300000011920929
15.599999994039536
16.900000005960464
14.5
14.199999988079071
14.800000011920929
16.599999994039536
14.799999997019768
14
15.200000002980232
14.700000002980232
14
14
13.799999997019768
13.900000005960464
14
14.199999988079071
13.800000011920929
14
18.299999997019768
19.099999994039536
14.100000008940697
14.099999994039536
13.900000005960464
15.099999994039536
15
15
15.5
14.400000005960464
13.799999997019768
14
14
14.200000002980232
13.699999988079071
14
14.100000008940697
14.399999991059303
20.30000001192093
14
13.799999997019768
14.099999994039536
14.200000002980232
13.900000005960464
14
15.199999988079071
14.400000005960464
15
14.400000005960464
13.799999997019768
14.200000002980232
14.099999994039536
14.099999994039536
13.900000005960464
14.200000002980232
14.700000002980232
14
14
14.099999994039536
14.299999997019768
18.200000002980232
15.400000005960464
19.19999998807907
19.600000008940697
15
14.099999994039536
14.100000008940697
14.099999994039536
13.900000005960464
14.099999994039536
14.099999994039536
13.700000002980232
15.299999997019768
18.100000008940697
14.200000002980232
13.799999997019768
15
16.799999997019768
14.099999994039536
14.300000011920929
14.199999988079071
13.900000005960464
14.200000002980232
13.899999991059303
14
13.900000005960464
14.200000002980232
13.799999997019768
14.099999994039536
13.900000005960464
14.099999994039536
14.5
14.100000008940697
13.899999991059303
15.200000002980232
14.600000008940697
14.5
13.899999991059303
13.799999997019768
14
14.300000011920929
13.899999991059303
15.799999997019768
14
16.30000001192093
17.599999994039536
21.099999994039536
13.700000002980232
14.200000002980232
13.900000005960464
15.099999994039536
14.5
14.5
13.900000005960464
13.899999991059303
13.900000005960464
14.200000002980232
14
13.799999997019768
14.200000002980232
13.899999991059303
14.400000005960464
14.399999991059303
13.800000011920929
14
14.399999991059303
14.100000008940697
14
13.599999994039536
24.799999997019768
16.600000008940697
15.299999997019768
14.899999991059303
14.400000005960464
14
14.299999997019768
13.799999997019768
13.900000005960464
13.900000005960464
14
14.5
14.699999988079071
16.80000001192093
15.199999988079071
14.600000008940697
14
19.099999994039536
23.299999997019768
14.200000002980232
14
14
13.700000002980232
14.5
14.400000005960464
14.299999997019768
13.899999991059303
14.300000011920929
14
14.199999988079071
14
15.5
14.400000005960464
14
13.599999994039536
14.200000002980232
14.200000002980232
13.900000005960464
14
14.199999988079071
14.300000011920929
14
15.199999988079071
14
13.700000002980232
16.200000002980232
13.900000005960464
13.799999997019768
13.899999991059303
14.900000005960464
14.599999994039536
14.5
14.400000005960464
14.400000005960464
14.699999988079071
14.5
15.300000011920929
13.699999988079071
15.900000005960464
18.599999994039536
17.5
14.600000008940697
14
13.700000002980232
13.899999991059303
13.900000005960464
14.399999991059303
14
16.700000002980232
15.299999997019768
15
14.800000011920929
14.199999988079071
14
13.700000002980232
14.400000005960464
14
14.599999994039536
14.100000008940697
14.399999991059303
14.100000008940697
15.799999997019768
17
15.099999994039536
13.900000005960464
14
13.899999991059303
14.5
15.100000008940697
17.299999997019768
14
13.700000002980232
14.599999994039536
14
13.900000005960464
13.899999991059303
14.300000011920929
13.799999997019768
14
14.399999991059303
13.900000005960464
19.099999994039536
20.600000008940697
14.899999991059303
14.900000005960464
14.5
14.099999994039536
14.5
14.600000008940697
14
13.899999991059303
13.900000005960464
13.900000005960464
23.399999991059303
14.200000002980232
14
14
13.700000002980232
14.399999991059303
13.800000011920929
14.399999991059303
14
14.5
14
14
14.100000008940697
14.299999997019768
13.700000002980232
14
14
14
15.5
14.399999991059303
13.900000005960464
13.899999991059303
14.400000005960464
15.099999994039536
16
15.700000002980232
15.100000008940697
14.399999991059303
13.700000002980232
14.299999997019768
19.200000002980232
17.299999997019768
14.5
14.900000005960464
14.299999997019768
13.799999997019768
13.799999997019768
14.100000008940697
16.299999997019768
18.299999997019768
14.600000008940697
13.699999988079071
14.300000011920929
13.799999997019768
14.099999994039536
15
16.799999997019768
14.5
13.900000005960464
14.400000005960464
14.399999991059303
14.100000008940697
13.899999991059303
13.799999997019768
13.800000011920929
14.299999997019768
14
14
14.099999994039536
14.5
14.799999997019768
14
13.900000005960464
14.200000002980232
14
13.899999991059303
14
14
21.700000002980232
14
13.900000005960464
13.899999991059303
16.400000005960464
21
14.799999997019768
14.600000008940697
14.299999997019768
14
15.599999994039536
14.200000002980232
14.200000002980232
14
13.899999991059303
13.900000005960464
14.599999994039536
14.400000005960464
14.099999994039536
13.900000005960464
13.799999997019768
14.400000005960464
14
14
16.700000002980232
15.899999991059303
14.900000005960464
14.700000002980232
14.599999994039536
13.799999997019768
14
13.900000005960464
14.099999994039536
14.100000008940697
14.399999991059303
13.900000005960464
13.899999991059303
14.100000008940697
14.399999991059303
14.100000008940697
13.799999997019768
15.200000002980232
17.399999991059303
14.5
14.5
14.800000011920929
18.099999994039536
21.200000002980232
17.299999997019768
14
14.900000005960464
14.099999994039536
14
13.700000002980232
14.200000002980232
14.099999994039536
14.099999994039536
13.800000011920929
14.799999997019768
14.899999991059303
14.600000008940697
14.200000002980232
14
14.399999991059303
14
14
14.200000002980232
14.599999994039536
15.200000002980232
13.900000005960464
14
13.899999991059303
14.100000008940697
13.899999991059303
14.300000011920929
14
13.699999988079071
14.300000011920929
13.799999997019768
14
13.899999991059303
14.200000002980232
14
14
13.900000005960464
14.200000002980232
13.799999997019768
13.899999991059303
18.30000001192093
19.19999998807907
14
14
13.700000002980232
23.600000008940697
16.399999991059303
14.5
14.700000002980232
13.900000005960464
13.899999991059303
13.799999997019768
15
14.600000008940697
14.299999997019768
14
14.799999997019768
14
14.400000005960464
13.899999991059303
14.100000008940697
14.200000002980232
15.099999994039536
17.099999994039536
14.100000008940697
13.700000002980232
13.899999991059303
14.299999997019768
13.900000005960464
15.099999994039536
16.600000008940697
14.5
14
14.399999991059303
14.200000002980232
14.100000008940697
13.799999997019768
13.899999991059303
14.200000002980232
13.799999997019768
15.100000008940697
14.5
17
20.599999994039536
14
13.799999997019768
14
23.700000002980232
14
13.900000005960464
13.700000002980232
14.299999997019768
13.899999991059303
14.100000008940697
14
14.5
14.099999994039536
14
15.100000008940697
14.899999991059303
14.100000008940697
13.799999997019768
15.099999994039536
14.5
14.200000002980232
14
13.799999997019768
14
14.200000002980232
13.900000005960464
14.099999994039536
13.900000005960464
13.599999994039536
17.900000005960464
15.899999991059303
14.799999997019768
14.400000005960464
14.299999997019768
13.900000005960464
13.899999991059303
13.900000005960464
14
14.099999994039536
14.900000005960464
18.299999997019768
17.100000008940697
13.899999991059303
14.299999997019768
13.900000005960464
14
14
13.900000005960464
15.099999994039536
16.900000005960464
14
14
14.199999988079071
14
14.600000008940697
16.399999991059303
16
14.100000008940697
13.899999991059303
13.900000005960464
13.900000005960464
14.399999991059303
14
15.100000008940697
14.899999991059303
14.400000005960464
14.299999997019768
14.200000002980232
15.299999997019768
14.799999997019768
14.100000008940697
14.099999994039536
22
17.5
14.099999994039536
14
14.100000008940697
14.299999997019768
14
14
14
14.5
18.400000005960464
19.599999994039536
14.700000002980232
14.399999991059303
13.900000005960464
14.099999994039536
14
14.300000011920929
13.799999997019768
14.099999994039536
14.700000002980232
14
14.400000005960464
13.899999991059303
14
16.799999997019768
15.300000011920929
14.5
14.299999997019768
14.399999991059303
13.900000005960464
13.700000002980232
14.099999994039536
13.799999997019768
14.300000011920929
14.199999988079071
13.800000011920929
14.299999997019768
14.399999991059303
14
14
13.700000002980232
14
13.900000005960464
14.099999994039536
14
16
17.799999997019768
14.300000011920929
14
14
14.5
18.799999997019768
22
14.599999994039536
14.100000008940697
13.899999991059303
14.200000002980232
13.900000005960464
14.699999988079071
15.100000008940697
14.700000002980232
14.599999994039536
14.299999997019768
14
13.799999997019768
14.100000008940697
21.399999991059303
14
13.800000011920929
14.099999994039536
14
14.099999994039536
13.800000011920929
13.899999991059303
13.900000005960464
14.099999994039536
14.600000008940697
14
13.699999988079071
16.700000002980232
13.799999997019768
14.200000002980232
13.799999997019768
14
14
14.5
14.800000011920929
13.799999997019768
14.099999994039536
14.100000008940697
13.899999991059303
14
13.900000005960464
24.299999997019768
19.799999997019768
15.700000002980232
15.299999997019768
13.900000005960464
14.099999994039536
13.799999997019768
13.700000002980232
14
14.299999997019768
13.800000011920929
14
14
14.299999997019768
14
14.099999994039536
14
13.900000005960464
14.5
14.5
14.399999991059303
15.100000008940697
16.700000002980232
14.099999994039536
14
14.400000005960464
14.599999994039536
13.900000005960464
14.5
16.299999997019768
15.599999994039536
14.100000008940697
14
14.299999997019768
15.099999994039536
14.600000008940697
14.199999988079071
13.900000005960464
14.400000005960464
14
14.099999994039536
19.5
17.799999997019768
19.900000005960464
14.200000002980232
14
15.099999994039536
14.200000002980232
14.200000002980232
14.199999988079071
14.5
13.900000005960464
15.200000002980232
14.5
14.200000002980232
14.099999994039536
13.799999997019768
13.700000002980232
14.099999994039536
14.100000008940697
14.299999997019768
14.099999994039536
14
14.400000005960464
13.900000005960464
13.899999991059303
14
13.799999997019768
17.5
27
15.300000011920929
14.799999997019768
13.899999991059303
14.5
14
14.200000002980232
13.900000005960464
14
13.700000002980232
13.799999997019768
14.200000002980232
14.099999994039536
14
13.900000005960464
18.299999997019768
16.899999991059303
14.200000002980232
14.200000002980232
14.400000005960464
13.899999991059303
14.400000005960464
16.299999997019768
16.599999994039536
14.200000002980232
14
14
13.700000002980232
15.599999994039536
18.30000001192093
14
14.299999997019768
14.200000002980232
17
15.099999994039536
14.299999997019768
14.100000008940697
14.099999994039536
14.099999994039536
23.600000008940697
14.099999994039536
13.900000005960464
14.200000002980232
13.899999991059303
14.299999997019768
13.900000005960464
13.900000005960464
14
14.299999997019768
13.899999991059303
13.900000005960464
13.799999997019768
15.700000002980232
14.299999997019768
14.200000002980232
14
14
19.299999997019768
17.299999997019768
14.200000002980232
13.900000005960464
14.200000002980232
14
13.899999991059303
14.200000002980232
14.299999997019768
17.900000005960464
15.899999991059303
14.700000002980232
15.100000008940697
14.099999994039536
14.099999994039536
13.900000005960464
14.099999994039536
14.5
13.800000011920929
13.899999991059303
13.900000005960464
14.299999997019768
14
13.700000002980232
14
14
15.700000002980232
14.399999991059303
13.900000005960464
14.200000002980232
14.599999994039536
13.799999997019768
13.900000005960464
13.799999997019768
14.299999997019768
15
17.700000002980232
14.099999994039536
13.800000011920929
14.599999994039536
14.599999994039536
15
20.80000001192093
21
15
14.799999997019768
14.899999991059303
14.200000002980232
14.100000008940697
13.899999991059303
21.299999997019768
14.200000002980232
13.900000005960464
14
13.799999997019768
14.099999994039536
14
13.900000005960464
13.900000005960464
14.399999991059303
13.900000005960464
14
14.200000002980232
13.699999988079071
14.300000011920929
13.899999991059303
14.299999997019768
14.600000008940697
14.399999991059303
14.200000002980232
13.900000005960464
14
14.299999997019768
13.799999997019768
13.900000005960464
14.299999997019768
14.5
14.400000005960464
16.69999998807907
15
14.800000011920929
15
14.5
13.899999991059303
18.5
17.200000002980232
14.099999994039536
14.100000008940697
14.099999994039536
14.400000005960464
14.299999997019768
13.900000005960464
13.799999997019768
14.5
14.700000002980232
14.299999997019768
14.399999991059303
14.300000011920929
14.299999997019768
14
14
14
14.299999997019768
13.799999997019768
14.100000008940697
15.199999988079071
16.700000002980232
14.600000008940697
14
14.099999994039536
13.900000005960464
14.699999988079071
17.200000002980232
15.600000008940697
14.5
14.899999991059303
13.900000005960464
14.200000002980232
20.19999998807907
17.5
14.5
14
14.100000008940697
14.299999997019768
13.900000005960464
14
19.599999994039536
18.299999997019768
14.200000002980232
14
15.5
14.400000005960464
14.399999991059303
14.299999997019768
14.100000008940697
13.799999997019768
14.299999997019768
13.900000005960464
14
13.899999991059303
14.300000011920929
14
14
13.899999991059303
14
13.900000005960464
17.399999991059303
16
14.700000002980232
14.200000002980232
14.5
13.900000005960464
13.799999997019768
13.899999991059303
13.900000005960464
14.5
13.900000005960464
14
13.799999997019768
15
14.099999994039536
13.900000005960464
14
13.899999991059303
14.600000008940697
14
14
13.899999991059303
18.400000005960464
19.700000002980232
14.200000002980232
14.299999997019768
14
14.399999991059303
14.700000002980232
16.700000002980232
18.5
14.900000005960464
14.099999994039536
13.900000005960464
14.299999997019768
16.399999991059303
18
15.400000005960464
14.700000002980232
14.399999991059303
20.5
14
13.900000005960464
13.900000005960464
13.799999997019768
13.899999991059303
14.400000005960464
13.900000005960464
14
13.899999991059303
14.400000005960464
13.700000002980232
14.599999994039536
14
13.700000002980232
14.200000002980232
13.799999997019768
14.099999994039536
13.799999997019768
14.300000011920929
14.099999994039536
14.200000002980232
13.899999991059303
14.200000002980232
19
17.5
14.100000008940697
14.099999994039536
16.700000002980232
14.599999994039536
14.700000002980232
14.400000005960464
13.699999988079071
14.100000008940697
13.799999997019768
14.200000002980232
14.299999997019768
14.099999994039536
13.900000005960464
13.799999997019768
15.700000002980232
14.5
13.700000002980232
13.799999997019768
13.900000005960464
14.099999994039536
14
14.099999994039536
13.900000005960464
14.299999997019768
13.900000005960464
14
14.099999994039536
13.700000002980232
14.200000002980232
14
13.799999997019768
14.599999994039536
14.300000011920929
14.799999997019768
16.5
15
14.5
14.599999994039536
15.200000002980232
14.700000002980232
19.399999991059303
22.200000002980232
24.100000008940697
14.399999991059303
14
13.900000005960464
13.799999997019768
13.799999997019768
14.299999997019768
14
13.900000005960464
14.099999994039536
14.300000011920929
13.899999991059303
15.100000008940697
14.599999994039536
14.200000002980232
14
13.799999997019768
13.900000005960464
14
14.299999997019768
14
14.099999994039536
15.200000002980232
14.900000005960464
13.799999997019768
13.899999991059303
13.900000005960464
13.799999997019768
14.600000008940697
16.599999994039536
15.599999994039536
15.700000002980232
14.700000002980232
14.200000002980232
14
14.200000002980232
14.899999991059303
14.100000008940697
13.899999991059303
13.799999997019768
16.80000001192093
17.899999991059303
14.100000008940697
13.799999997019768
13.899999991059303
14.200000002980232
13.900000005960464
14.099999994039536
14.100000008940697
14.399999991059303
13.900000005960464
14
13.799999997019768
14.599999994039536
14.100000008940697
13.799999997019768
14
14
14.5
13.900000005960464
14.099999994039536
15.099999994039536
17.100000008940697
15.5
15.299999997019768
14.700000002980232
14.799999997019768
14.599999994039536
14.300000011920929
16.299999997019768
16.899999991059303
14.400000005960464
15.700000002980232
14.899999991059303
14.200000002980232
14.400000005960464
13.799999997019768
14.099999994039536
13.800000011920929
14.399999991059303
15.299999997019768
14.300000011920929
15.899999991059303
17
14.200000002980232
14
14
14.299999997019768
13.900000005960464
14
14
13.899999991059303
14.5
13.900000005960464
14.299999997019768
13.900000005960464
14.299999997019768
15.099999994039536
15.800000011920929
15.099999994039536
14.799999997019768
14.100000008940697
13.699999988079071
13.900000005960464
14.200000002980232
14
14.099999994039536
13.900000005960464
14.399999991059303
13.900000005960464
14
13.799999997019768
13.799999997019768
14.400000005960464
13.799999997019768
14
14.100000008940697
14
14
14
14.199999988079071
14
15.600000008940697
14.200000002980232
16
18.299999997019768
14.399999991059303
14.200000002980232
14
14
14.5
14.900000005960464
17
15
14.599999994039536
15
14.299999997019768
21.900000005960464
15.700000002980232
14.700000002980232
15.199999988079071
16.900000005960464
14.5
14.700000002980232
14.099999994039536
13.900000005960464
14.099999994039536
14.400000005960464
14
14.799999997019768
14.5
13.700000002980232
14.299999997019768
13.900000005960464
14.099999994039536
13.799999997019768
14.5
14.100000008940697
13.899999991059303
14
14.400000005960464
13.799999997019768
14.099999994039536
13.700000002980232
14
14.400000005960464
18.700000002980232
19.69999998807907
14.600000008940697
14.599999994039536
14.299999997019768
14
15.300000011920929
14.899999991059303
14
13.900000005960464
14
14.399999991059303
13.900000005960464
14
13.799999997019768
13.799999997019768
14.5
13.900000005960464
14.099999994039536
14.100000008940697
14.5
13.899999991059303
13.900000005960464
14
14.5
14.200000002980232
14.399999991059303
14.300000011920929
13.899999991059303
14.299999997019768
14
14
13.800000011920929
14.5
14
14.199999988079071
15.200000002980232
18.400000005960464
15.099999994039536
14.299999997019768
14.800000011920929
14.299999997019768
18
17.5
15.700000002980232
17.599999994039536
14.099999994039536
13.800000011920929
13.899999991059303
14.400000005960464
14
14.299999997019768
14.400000005960464
14.899999991059303
14
14
14.900000005960464
14.799999997019768
13.700000002980232
14.399999991059303
14
13.900000005960464
14.299999997019768
13.900000005960464
13.899999991059303
13.900000005960464
14.299999997019768
13.900000005960464
13.700000002980232
14.399999991059303
17.299999997019768
15.100000008940697
14.399999991059303
14.200000002980232
14
14.400000005960464
14
13.799999997019768
14.200000002980232
14.799999997019768
14.900000005960464
13.799999997019768
14.099999994039536
13.700000002980232
18.900000005960464
19.5
14.799999997019768
14.299999997019768
14.099999994039536
13.900000005960464
13.700000002980232
14
14.299999997019768
13.900000005960464
14
13.899999991059303
14.400000005960464
13.899999991059303
14
13.900000005960464
13.799999997019768
14.400000005960464
14.299999997019768
13.900000005960464
14
14.799999997019768
16.5
18.099999994039536
15.400000005960464
14.5
14.099999994039536
14
13.799999997019768
14.300000011920929
13.899999991059303
15.200000002980232
17.700000002980232
14.5
14.099999994039536
13.900000005960464
14.099999994039536
15.799999997019768
14.5
13.900000005960464
14
13.900000005960464
18.399999991059303
17.200000002980232
14.299999997019768
14
14.299999997019768
13.800000011920929
13.899999991059303
14.700000002980232
14
14.299999997019768
14
13.900000005960464
14
16.599999994039536
15.100000008940697
15
14.599999994039536
14.299999997019768
14.100000008940697
14
13.799999997019768
13.799999997019768
14.200000002980232
13.799999997019768
14.200000002980232
13.899999991059303
14.400000005960464
13.900000005960464
14
14.199999988079071
15.400000005960464
14.400000005960464
14.199999988079071
13.900000005960464
14
13.900000005960464
13.899999991059303
13.900000005960464
14
14.299999997019768
15.099999994039536
14
16
20.200000002980232
14.100000008940697
14
14.099999994039536
17.299999997019768
15.100000008940697
15
15.199999988079071
16.30000001192093
15.799999997019768
14.200000002980232
14
14.199999988079071
14
13.900000005960464
13.900000005960464
14.599999994039536
14.700000002980232
16.399999991059303
15
14.5
14.100000008940697
13.799999997019768
14.099999994039536
13.800000011920929
14.299999997019768
14
14
13.899999991059303
14.400000005960464
14.200000002980232
14.399999991059303
14.100000008940697
14
14
13.700000002980232
14
15.199999988079071
15
16.5
15.300000011920929
19.799999997019768
19.700000002980232
14.399999991059303
13.700000002980232
14.099999994039536
14.400000005960464
14.200000002980232
14.200000002980232
13.899999991059303
14.299999997019768
13.900000005960464
14
13.900000005960464
13.799999997019768
14.299999997019768
13.900000005960464
13.899999991059303
14.600000008940697
14.399999991059303
13.799999997019768
13.900000005960464
14.099999994039536
14.300000011920929
14
13.799999997019768
13.899999991059303
13.900000005960464
14.400000005960464
13.799999997019768
13.899999991059303
14.200000002980232
14.299999997019768
14.300000011920929
14.799999997019768
14.599999994039536
14.799999997019768
13.800000011920929
15.199999988079071
16.80000001192093
14.099999994039536
14.299999997019768
14
16
19.700000002980232
15
14.200000002980232
15.299999997019768
15.900000005960464
16.799999997019768
15.799999997019768
13.799999997019768
14
14.100000008940697
13.899999991059303
14.299999997019768
14
13.900000005960464
13.799999997019768
13.799999997019768
14.400000005960464
14.299999997019768
14
13.900000005960464
14.299999997019768
14.299999997019768
14
14.799999997019768
16.30000001192093
14.799999997019768
14.799999997019768
15
14
13.799999997019768
13.900000005960464
14
14.399999991059303
14
13.900000005960464
14
14.299999997019768
14
13.900000005960464
13.799999997019768
14
18.200000002980232
19.899999991059303
14.5
14.400000005960464
13.799999997019768
14
13.799999997019768
14
14
14.200000002980232
14.200000002980232
14
15.599999994039536
14.400000005960464
14
14
13.900000005960464
13.799999997019768
16.5
15.399999991059303
14.300000011920929
14.099999994039536
15
17
14.700000002980232
14.599999994039536
14.600000008940697
14
14.099999994039536
13.799999997019768
14.5
13.799999997019768
13.900000005960464
15.099999994039536
16.900000005960464
14.5
13.900000005960464
14.099999994039536
13.799999997019768
14.400000005960464
14
13.899999991059303
18.30000001192093
20.099999994039536
14.5
14.200000002980232
14
14.399999991059303
13.900000005960464
13.900000005960464
13.699999988079071
14.400000005960464
18.900000005960464
14.599999994039536
14.200000002980232
14
14.200000002980232
13.899999991059303
14.200000002980232
14
14.099999994039536
13.900000005960464
15.200000002980232
14.599999994039536
13.600000008940697
14.399999991059303
14.299999997019768
14.100000008940697
13.899999991059303
14.300000011920929
13.899999991059303
13.900000005960464
14
14.299999997019768
13.900000005960464
13.899999991059303
14.100000008940697
14
14.399999991059303
14.5
13.900000005960464
14.299999997019768
14.299999997019768
14.200000002980232
18.400000005960464
19.69999998807907
15.300000011920929
14.899999991059303
14.799999997019768
14.300000011920929
14.399999991059303
14.299999997019768
16.200000002980232
15.799999997019768
14.5
14.300000011920929
13.699999988079071
13.900000005960464
13.900000005960464
14.399999991059303
14
14.100000008940697
15.799999997019768
16.799999997019768
15.200000002980232
14.200000002980232
14.199999988079071
14.400000005960464
14
14
13.599999994039536
13.900000005960464
15.400000005960464
14.5
14
13.799999997019768
14.5
14.099999994039536
14.100000008940697
13.799999997019768
14.099999994039536
16.200000002980232
14.5
14.5
13.900000005960464
14.099999994039536
18.099999994039536
17.400000005960464
14.200000002980232
14.200000002980232
14.599999994039536
13.900000005960464
14.599999994039536
14.5
14
14.099999994039536
14.100000008940697
14.299999997019768
13.900000005960464
13.799999997019768
14
13.700000002980232
14.199999988079071
13.700000002980232
14.100000008940697
13.799999997019768
14.299999997019768
14
14.099999994039536
14.100000008940697
14.099999994039536
14.100000008940697
15.699999988079071
13.900000005960464
13.900000005960464
14.399999991059303
16.700000002980232
15.200000002980232
15.099999994039536
14.799999997019768
14
14
17.100000008940697
16.5
13.899999991059303
14.100000008940697
13.799999997019768
14.099999994039536
16.30000001192093
20.399999991059303
14.799999997019768
14.300000011920929
13.699999988079071
16.30000001192093
17.69999998807907
14.100000008940697
14
13.799999997019768
14
14.400000005960464
13.899999991059303
14
13.900000005960464
14.399999991059303
14.100000008940697
14.399999991059303
14
14.100000008940697
14.399999991059303
13.900000005960464
15.900000005960464
14.699999988079071
14.900000005960464
14.400000005960464
14.399999991059303
13.900000005960464
14.399999991059303
13.800000011920929
13.799999997019768
14
14
14.399999991059303
13.900000005960464
14
14.400000005960464
14.399999991059303
14.5
14.799999997019768
13.700000002980232
14.299999997019768
18.600000008940697
17.599999994039536
15.600000008940697
14.399999991059303
14.700000002980232
13.799999997019768
14.700000002980232
14.099999994039536
13.900000005960464
14.5
13.900000005960464
14.099999994039536
13.799999997019768
14.400000005960464
14.200000002980232
17.299999997019768
18.799999997019768
14.700000002980232
14.099999994039536
14
14
15.100000008940697
16.5
13.899999991059303
14
14
14.5
14.100000008940697
14.299999997019768
16.299999997019768
14.700000002980232
13.899999991059303
14.700000002980232
16.200000002980232
15.700000002980232
13.899999991059303
14
13.800000011920929
13.599999994039536
14.299999997019768
13.799999997019768
14.100000008940697
18.200000002980232
18
14.199999988079071
14
13.900000005960464
14.400000005960464
14.799999997019768
16.5
14.700000002980232
14.5
15.5
14.299999997019768
14.200000002980232
14.299999997019768
13.700000002980232
13.899999991059303
13.900000005960464
14.200000002980232
14.399999991059303
13.900000005960464
14.200000002980232
14
14.299999997019768
13.799999997019768
13.799999997019768
14.200000002980232
14.400000005960464
15.099999994039536
14.099999994039536
13.800000011920929
14
14.099999994039536
14
13.900000005960464
14
14.5
14.099999994039536
13.900000005960464
13.899999991059303
13.900000005960464
14.399999991059303
14.100000008940697
18.899999991059303
20.5
15
14
14
14.5
14.800000011920929
16.5
14.699999988079071
14.400000005960464
13.799999997019768
14.200000002980232
14.799999997019768
14.5
13.799999997019768
13.900000005960464
13.700000002980232
14
16.599999994039536
18.100000008940697
14.099999994039536
14
14.299999997019768
13.900000005960464
13.899999991059303
14.200000002980232
14.200000002980232
14
13.799999997019768
14.299999997019768
13.900000005960464
14.299999997019768
14.100000008940697
14
16
14.899999991059303
14.5
14.200000002980232
14.400000005960464
14.5
13.899999991059303
13.700000002980232
18.700000002980232
17.399999991059303
14.100000008940697
14
13.899999991059303
14.300000011920929
13.899999991059303
13.900000005960464
14.299999997019768
14.099999994039536
13.900000005960464
14.200000002980232
14.299999997019768
13.799999997019768
13.799999997019768
13.800000011920929
14.099999994039536
14.299999997019768
14.200000002980232
13.799999997019768
14
14.600000008940697
13.899999991059303
14
14.100000008940697
14.299999997019768
15.200000002980232
23.69999998807907
14.600000008940697
14.399999991059303
14
14
14
13.900000005960464
15
17.700000002980232
14.5
14
13.899999991059303
14.400000005960464
15.599999994039536
14.100000008940697
18.5
17.799999997019768
14.5
15
16.799999997019768
14.900000005960464
14
14.099999994039536
14.900000005960464
14.5
13.899999991059303
14
13.700000002980232
14
14.299999997019768
13.900000005960464
13.900000005960464
14.099999994039536
14.900000005960464
16.099999994039536
14.799999997019768
14.600000008940697
14.599999994039536
13.799999997019768
13.900000005960464
13.899999991059303
13.900000005960464
14.200000002980232
14.099999994039536
13.700000002980232
14.5
14.400000005960464
14
14
15
14.799999997019768
14
13.899999991059303
14.100000008940697
14.299999997019768
14
14
17.799999997019768
20.700000002980232
14.400000005960464
13.899999991059303
14.100000008940697
13.799999997019768
14.899999991059303
14.100000008940697
14
14.200000002980232
23.599999994039536
13.700000002980232
15.200000002980232
14.799999997019768
14.399999991059303
13.900000005960464
13.900000005960464
13.799999997019768
14.299999997019768
15.099999994039536
16.700000002980232
14.100000008940697
14.299999997019768
14.099999994039536
14.299999997019768
13.800000011920929
14.199999988079071
14
14
13.800000011920929
13.899999991059303
15.100000008940697
17.69999998807907
14.900000005960464
13.799999997019768
14.299999997019768
13.900000005960464
14
13.900000005960464
14.399999991059303
13.900000005960464
14.200000002980232
19.399999991059303
20.400000005960464
14.200000002980232
25.19999998807907
33.900000005960464
14.599999994039536
14.300000011920929
13.899999991059303
14.200000002980232
14
13.799999997019768
14.600000008940697
13.799999997019768
14.099999994039536
13.900000005960464
14.200000002980232
14
14.599999994039536
13.900000005960464
13.899999991059303
14.299999997019768
13.800000011920929
14
14.099999994039536
14.299999997019768